lat,lon,satelite,data
-4.649600,-48.743000,GOES-19,2026-10-08 18:40:00
-11.828300,-48.106200,GOES-19,2026-10-08 13:20:00
-11.828300,-48.106200,GOES-19,2026-10-08 14:00:00
-11.847400,-48.103700,GOES-19,2026-10-08 13:20:00
-11.828700,-48.084100,GOES-19,2026-10-08 13:20:00
-11.828700,-48.084100,GOES-19,2026-10-08 14:00:00
-11.847800,-48.081600,GOES-19,2026-10-08 13:20:00
-6.756500,-48.160800,GOES-19,2026-10-08 18:00:00
-9.838800,-47.858500,GOES-19,2026-10-08 18:10:00
-9.838800,-47.858500,GOES-19,2026-10-08 18:20:00
-9.857700,-47.856500,GOES-19,2026-10-08 15:40:00
-9.857700,-47.856500,GOES-19,2026-10-08 18:20:00
-9.857700,-47.856500,GOES-19,2026-10-08 18:40:00
-9.801200,-47.840600,GOES-19,2026-10-08 18:20:00
-10.332000,-47.759300,GOES-19,2026-10-08 13:20:00
-10.332000,-47.759300,GOES-19,2026-10-08 13:40:00
-11.417700,-47.561000,GOES-19,2026-10-08 14:20:00
-11.858800,-47.414100,GOES-19,2026-10-08 15:00:00
-11.859200,-47.391700,GOES-19,2026-10-08 13:30:00
-11.859200,-47.391700,GOES-19,2026-10-08 13:40:00
-11.859200,-47.391700,GOES-19,2026-10-08 14:00:00
-11.859200,-47.391700,GOES-19,2026-10-08 14:10:00
-11.859200,-47.391700,GOES-19,2026-10-08 14:20:00
-11.859200,-47.391700,GOES-19,2026-10-08 14:30:00
-11.859200,-47.391700,GOES-19,2026-10-08 14:40:00
-11.859200,-47.391700,GOES-19,2026-10-08 14:50:00
-11.859200,-47.391700,GOES-19,2026-10-08 15:00:00
-11.859200,-47.391700,GOES-19,2026-10-08 15:10:00
-6.161500,-47.941900,GOES-19,2026-10-08 18:20:00
-6.161500,-47.941900,GOES-19,2026-10-08 18:40:00
-6.161700,-47.920100,GOES-19,2026-10-08 18:10:00
-6.161700,-47.920100,GOES-19,2026-10-08 18:20:00
-6.161700,-47.920100,GOES-19,2026-10-08 18:30:00
-6.161700,-47.920100,GOES-19,2026-10-08 18:40:00
-6.161700,-47.920100,GOES-19,2026-10-08 18:50:00
-11.859900,-47.347000,GOES-19,2026-10-08 14:30:00
-8.352900,-47.678800,GOES-19,2026-10-08 18:20:00
-8.975100,-47.552600,GOES-19,2026-10-08 14:50:00
-8.748900,-47.575000,GOES-19,2026-10-08 15:00:00
-10.793300,-47.350200,GOES-19,2026-10-08 17:50:00
-10.793300,-47.350200,GOES-19,2026-10-08 18:20:00
-10.812300,-47.347900,GOES-19,2026-10-08 17:50:00
-10.831300,-47.345600,GOES-19,2026-10-08 18:00:00
-10.812700,-47.325600,GOES-19,2026-10-08 12:30:00
-10.812700,-47.325600,GOES-19,2026-10-08 17:40:00
-10.812700,-47.325600,GOES-19,2026-10-08 17:50:00
-10.812700,-47.325600,GOES-19,2026-10-08 18:00:00
-10.812700,-47.325600,GOES-19,2026-10-08 18:20:00
-6.985100,-47.685800,GOES-19,2026-10-08 18:20:00
-6.985100,-47.685800,GOES-19,2026-10-08 18:30:00
-6.966600,-47.665300,GOES-19,2026-10-08 14:10:00
-6.966600,-47.665300,GOES-19,2026-10-08 14:20:00
-6.966600,-47.665300,GOES-19,2026-10-08 14:30:00
-6.966600,-47.665300,GOES-19,2026-10-08 14:40:00
-6.966600,-47.665300,GOES-19,2026-10-08 14:50:00
-6.966600,-47.665300,GOES-19,2026-10-08 15:00:00
-6.966600,-47.665300,GOES-19,2026-10-08 18:10:00
-6.966600,-47.665300,GOES-19,2026-10-08 18:20:00
-6.985300,-47.663900,GOES-19,2026-10-08 14:40:00
-6.985300,-47.663900,GOES-19,2026-10-08 14:50:00
-6.985300,-47.663900,GOES-19,2026-10-08 18:20:00
-6.985300,-47.663900,GOES-19,2026-10-08 18:30:00
-9.277800,-47.455400,GOES-19,2026-10-08 18:10:00
-9.277800,-47.455400,GOES-19,2026-10-08 18:20:00
-10.490100,-47.320100,GOES-19,2026-10-08 18:20:00
-10.509100,-47.317900,GOES-19,2026-10-08 14:30:00
-10.509100,-47.317900,GOES-19,2026-10-08 15:00:00
-10.509100,-47.317900,GOES-19,2026-10-08 18:20:00
-12.342700,-47.078800,GOES-19,2026-10-08 14:20:00
-10.433400,-47.304600,GOES-19,2026-10-08 12:40:00
-10.433400,-47.304600,GOES-19,2026-10-08 12:50:00
-10.433400,-47.304600,GOES-19,2026-10-08 13:00:00
-10.433400,-47.304600,GOES-19,2026-10-08 13:10:00
-10.433400,-47.304600,GOES-19,2026-10-08 13:20:00
-10.433400,-47.304600,GOES-19,2026-10-08 13:30:00
-10.433400,-47.304600,GOES-19,2026-10-08 13:40:00
-10.452400,-47.302400,GOES-19,2026-10-08 12:40:00
-10.452400,-47.302400,GOES-19,2026-10-08 12:50:00
-10.452400,-47.302400,GOES-19,2026-10-08 13:00:00
-13.124500,-46.352000,GOES-19,2026-10-08 17:30:00
-10.452400,-47.302400,GOES-19,2026-10-08 13:10:00
-10.452400,-47.302400,GOES-19,2026-10-08 13:20:00
-10.452400,-47.302400,GOES-19,2026-10-08 13:30:00
-10.452400,-47.302400,GOES-19,2026-10-08 13:40:00
-10.452400,-47.302400,GOES-19,2026-10-08 13:50:00
-10.452400,-47.302400,GOES-19,2026-10-08 14:00:00
-10.452400,-47.302400,GOES-19,2026-10-08 14:10:00
-10.452400,-47.302400,GOES-19,2026-10-08 14:20:00
-10.452400,-47.302400,GOES-19,2026-10-08 14:50:00
-17.152400,-46.128600,GOES-19,2026-10-08 18:00:00
-17.152400,-46.128600,GOES-19,2026-10-08 18:20:00
-17.152400,-46.128600,GOES-19,2026-10-08 18:30:00
-17.152400,-46.128600,GOES-19,2026-10-08 18:40:00
-17.152400,-46.128600,GOES-19,2026-10-08 19:10:00
-17.172300,-46.124500,GOES-19,2026-10-08 18:20:00
-10.454000,-47.191000,GOES-19,2026-10-08 14:20:00
-7.512600,-47.335800,GOES-19,2026-10-08 18:50:00
-9.584400,-47.112500,GOES-19,2026-10-08 18:40:00
-9.395900,-47.088500,GOES-19,2026-10-08 13:30:00
-9.395900,-47.088500,GOES-19,2026-10-08 13:40:00
-9.395900,-47.088500,GOES-19,2026-10-08 13:50:00
-9.395900,-47.088500,GOES-19,2026-10-08 14:00:00
-9.395900,-47.088500,GOES-19,2026-10-08 14:10:00
-9.395900,-47.088500,GOES-19,2026-10-08 14:20:00
-9.395900,-47.088500,GOES-19,2026-10-08 14:30:00
-9.395900,-47.088500,GOES-19,2026-10-08 14:40:00
-9.395900,-47.088500,GOES-19,2026-10-08 14:50:00
-8.717000,-47.114400,GOES-19,2026-10-08 18:40:00
-8.717000,-47.114400,GOES-19,2026-10-08 18:50:00
-8.020900,-47.158700,GOES-19,2026-10-08 13:40:00
-8.020900,-47.158700,GOES-19,2026-10-08 14:10:00
-9.718800,-46.964200,GOES-19,2026-10-08 18:30:00
-9.737700,-46.962100,GOES-19,2026-10-08 18:10:00
-9.756600,-46.959900,GOES-19,2026-10-08 13:50:00
-9.756600,-46.959900,GOES-19,2026-10-08 14:00:00
-9.719100,-46.941900,GOES-19,2026-10-08 18:30:00
-9.738000,-46.939800,GOES-19,2026-10-08 12:20:00
-9.738000,-46.939800,GOES-19,2026-10-08 13:40:00
-9.757000,-46.937600,GOES-19,2026-10-08 13:40:00
-9.757000,-46.937600,GOES-19,2026-10-08 13:50:00
-11.354700,-46.742400,GOES-19,2026-10-08 13:30:00
-11.336000,-46.722400,GOES-19,2026-10-08 11:50:00
-11.336000,-46.722400,GOES-19,2026-10-08 12:00:00
-11.336000,-46.722400,GOES-19,2026-10-08 12:10:00
-11.336000,-46.722400,GOES-19,2026-10-08 12:30:00
-11.336000,-46.722400,GOES-19,2026-10-08 12:40:00
-11.336000,-46.722400,GOES-19,2026-10-08 12:50:00
-11.336000,-46.722400,GOES-19,2026-10-08 13:10:00
-11.336000,-46.722400,GOES-19,2026-10-08 13:20:00
-11.336000,-46.722400,GOES-19,2026-10-08 13:30:00
-11.336000,-46.722400,GOES-19,2026-10-08 13:40:00
-11.336000,-46.722400,GOES-19,2026-10-08 13:50:00
-11.336000,-46.722400,GOES-19,2026-10-08 14:00:00
-11.336000,-46.722400,GOES-19,2026-10-08 14:10:00
-11.336000,-46.722400,GOES-19,2026-10-08 14:20:00
-11.336000,-46.722400,GOES-19,2026-10-08 14:30:00
-11.355100,-46.719800,GOES-19,2026-10-08 13:20:00
-11.355100,-46.719800,GOES-19,2026-10-08 13:30:00
-11.355100,-46.719800,GOES-19,2026-10-08 14:00:00
-11.355100,-46.719800,GOES-19,2026-10-08 14:10:00
-11.355100,-46.719800,GOES-19,2026-10-08 14:40:00
-9.833400,-46.884400,GOES-19,2026-10-08 18:00:00
-9.833400,-46.884400,GOES-19,2026-10-08 18:20:00
-9.833400,-46.884400,GOES-19,2026-10-08 18:30:00
-11.298100,-46.704900,GOES-19,2026-10-08 15:00:00
-11.317200,-46.702400,GOES-19,2026-10-08 11:30:00
-11.317200,-46.702400,GOES-19,2026-10-08 11:40:00
-11.317200,-46.702400,GOES-19,2026-10-08 11:50:00
-11.317200,-46.702400,GOES-19,2026-10-08 12:00:00
-11.317200,-46.702400,GOES-19,2026-10-08 12:10:00
-11.317200,-46.702400,GOES-19,2026-10-08 12:20:00
-11.317200,-46.702400,GOES-19,2026-10-08 13:30:00
-11.317200,-46.702400,GOES-19,2026-10-08 13:50:00
-11.317200,-46.702400,GOES-19,2026-10-08 14:00:00
-12.298700,-45.264900,GOES-19,2026-10-08 17:40:00
-11.317200,-46.702400,GOES-19,2026-10-08 14:10:00
-11.317200,-46.702400,GOES-19,2026-10-08 14:40:00
-11.317200,-46.702400,GOES-19,2026-10-08 14:50:00
-11.317200,-46.702400,GOES-19,2026-10-08 15:00:00
-11.336300,-46.699800,GOES-19,2026-10-08 11:30:00
-11.336300,-46.699800,GOES-19,2026-10-08 11:40:00
-11.336300,-46.699800,GOES-19,2026-10-08 11:50:00
-11.336300,-46.699800,GOES-19,2026-10-08 12:00:00
-11.336300,-46.699800,GOES-19,2026-10-08 12:10:00
-11.336300,-46.699800,GOES-19,2026-10-08 12:20:00
-11.336300,-46.699800,GOES-19,2026-10-08 12:30:00
-11.336300,-46.699800,GOES-19,2026-10-08 12:40:00
-11.336300,-46.699800,GOES-19,2026-10-08 12:50:00
-11.336300,-46.699800,GOES-19,2026-10-08 13:00:00
-11.336300,-46.699800,GOES-19,2026-10-08 13:10:00
-11.336300,-46.699800,GOES-19,2026-10-08 13:20:00
-11.336300,-46.699800,GOES-19,2026-10-08 13:30:00
-11.336300,-46.699800,GOES-19,2026-10-08 13:40:00
-11.336300,-46.699800,GOES-19,2026-10-08 13:50:00
-11.336300,-46.699800,GOES-19,2026-10-08 14:00:00
-11.336300,-46.699800,GOES-19,2026-10-08 14:10:00
-11.336300,-46.699800,GOES-19,2026-10-08 14:40:00
-11.336300,-46.699800,GOES-19,2026-10-08 14:50:00
-11.355400,-46.697300,GOES-19,2026-10-08 13:30:00
-11.412800,-46.689700,GOES-19,2026-10-08 13:00:00
-11.412800,-46.689700,GOES-19,2026-10-08 13:40:00
-11.412800,-46.689700,GOES-19,2026-10-08 14:00:00
-11.412800,-46.689700,GOES-19,2026-10-08 14:10:00
-11.412800,-46.689700,GOES-19,2026-10-08 14:20:00
-9.833700,-46.862100,GOES-19,2026-10-08 18:30:00
-11.298500,-46.682300,GOES-19,2026-10-08 15:00:00
-1.581400,-47.354700,GOES-19,2026-10-08 14:50:00
-1.599900,-47.354400,GOES-19,2026-10-08 14:50:00
-7.590800,-47.042300,GOES-19,2026-10-08 18:40:00
-7.590800,-47.042300,GOES-19,2026-10-08 18:50:00
-7.590800,-47.042300,GOES-19,2026-10-08 19:00:00
-7.590800,-47.042300,GOES-19,2026-10-08 19:10:00
-7.590800,-47.042300,GOES-19,2026-10-08 19:20:00
-9.588100,-46.845000,GOES-19,2026-10-08 13:40:00
-9.588100,-46.845000,GOES-19,2026-10-08 13:50:00
-8.549800,-46.931300,GOES-19,2026-10-08 14:50:00
-8.549800,-46.931300,GOES-19,2026-10-08 15:00:00
-13.124500,-46.352000,GOES-19,2026-10-08 12:50:00
-13.124500,-46.352000,GOES-19,2026-10-08 13:00:00
-13.124500,-46.352000,GOES-19,2026-10-08 13:10:00
-13.124500,-46.352000,GOES-19,2026-10-08 13:20:00
-13.124500,-46.352000,GOES-19,2026-10-08 13:30:00
-13.124500,-46.352000,GOES-19,2026-10-08 13:40:00
-13.124500,-46.352000,GOES-19,2026-10-08 13:50:00
-13.143800,-46.349000,GOES-19,2026-10-08 12:50:00
-13.143800,-46.349000,GOES-19,2026-10-08 13:10:00
-13.143800,-46.349000,GOES-19,2026-10-08 13:20:00
-8.550100,-46.909100,GOES-19,2026-10-08 13:50:00
-8.550100,-46.909100,GOES-19,2026-10-08 14:10:00
-8.550100,-46.909100,GOES-19,2026-10-08 14:40:00
-8.550100,-46.909100,GOES-19,2026-10-08 14:50:00
-8.550100,-46.909100,GOES-19,2026-10-08 15:00:00
-12.411700,-46.437100,GOES-19,2026-10-08 12:50:00
-13.124900,-46.329100,GOES-19,2026-10-08 12:30:00
-13.124900,-46.329100,GOES-19,2026-10-08 12:50:00
-13.124900,-46.329100,GOES-19,2026-10-08 13:00:00
-13.124900,-46.329100,GOES-19,2026-10-08 13:10:00
-13.124900,-46.329100,GOES-19,2026-10-08 13:20:00
-13.124900,-46.329100,GOES-19,2026-10-08 13:30:00
-13.124900,-46.329100,GOES-19,2026-10-08 13:40:00
-13.124900,-46.329100,GOES-19,2026-10-08 13:50:00
-13.124900,-46.329100,GOES-19,2026-10-08 14:00:00
-13.124900,-46.329100,GOES-19,2026-10-08 14:10:00
-13.124900,-46.329100,GOES-19,2026-10-08 14:20:00
-13.124900,-46.329100,GOES-19,2026-10-08 14:30:00
-13.124900,-46.329100,GOES-19,2026-10-08 14:40:00
-13.124900,-46.329100,GOES-19,2026-10-08 14:50:00
-13.124900,-46.329100,GOES-19,2026-10-08 15:00:00
-13.144300,-46.326100,GOES-19,2026-10-08 13:00:00
-13.144300,-46.326100,GOES-19,2026-10-08 13:10:00
-13.144300,-46.326100,GOES-19,2026-10-08 13:20:00
-13.144300,-46.326100,GOES-19,2026-10-08 13:30:00
-13.144300,-46.326100,GOES-19,2026-10-08 13:40:00
-13.144300,-46.326100,GOES-19,2026-10-08 13:50:00
-13.144300,-46.326100,GOES-19,2026-10-08 14:00:00
-13.144300,-46.326100,GOES-19,2026-10-08 14:10:00
-13.144300,-46.326100,GOES-19,2026-10-08 14:20:00
-13.144300,-46.326100,GOES-19,2026-10-08 14:30:00
-13.144300,-46.326100,GOES-19,2026-10-08 14:40:00
-4.530600,-47.033700,GOES-19,2026-10-08 18:50:00
-11.247800,-46.283100,GOES-19,2026-10-08 17:50:00
-11.247800,-46.283100,GOES-19,2026-10-08 18:00:00
-11.247800,-46.283100,GOES-19,2026-10-08 18:50:00
-10.619800,-46.274200,GOES-19,2026-10-08 13:50:00
-10.619800,-46.274200,GOES-19,2026-10-08 14:00:00
-10.619800,-46.274200,GOES-19,2026-10-08 14:20:00
-10.619800,-46.274200,GOES-19,2026-10-08 14:30:00
-10.619800,-46.274200,GOES-19,2026-10-08 14:40:00
-10.316100,-46.266800,GOES-19,2026-10-08 17:30:00
-6.490900,-46.600000,GOES-19,2026-10-08 18:20:00
-6.490900,-46.600000,GOES-19,2026-10-08 18:50:00
-6.490900,-46.600000,GOES-19,2026-10-08 19:00:00
-6.490900,-46.600000,GOES-19,2026-10-08 19:10:00
-6.490900,-46.600000,GOES-19,2026-10-08 19:30:00
-6.509600,-46.598600,GOES-19,2026-10-08 18:50:00
-6.509600,-46.598600,GOES-19,2026-10-08 19:00:00
-8.198500,-46.431000,GOES-19,2026-10-08 18:30:00
-8.198500,-46.431000,GOES-19,2026-10-08 18:50:00
-8.180500,-46.365700,GOES-19,2026-10-08 14:00:00
-8.180500,-46.365700,GOES-19,2026-10-08 14:10:00
-8.180500,-46.365700,GOES-19,2026-10-08 14:20:00
-8.180500,-46.365700,GOES-19,2026-10-08 14:30:00
-8.180500,-46.365700,GOES-19,2026-10-08 14:40:00
-8.180500,-46.365700,GOES-19,2026-10-08 14:50:00
-2.083300,-46.598600,GOES-19,2026-10-08 18:20:00
-2.064900,-46.577000,GOES-19,2026-10-08 18:50:00
-2.083400,-46.576500,GOES-19,2026-10-08 18:10:00
-2.083400,-46.576500,GOES-19,2026-10-08 18:30:00
-2.083400,-46.576500,GOES-19,2026-10-08 18:50:00
-2.101900,-46.576100,GOES-19,2026-10-08 18:50:00
-10.073400,-46.002800,GOES-19,2026-10-08 15:40:00
-10.092400,-46.000500,GOES-19,2026-10-08 18:00:00
-2.083500,-46.554500,GOES-19,2026-10-08 18:50:00
-9.979400,-45.946200,GOES-19,2026-10-08 18:10:00
-9.979400,-45.946200,GOES-19,2026-10-08 19:00:00
-9.410900,-45.989800,GOES-19,2026-10-08 18:30:00
-9.410900,-45.989800,GOES-19,2026-10-08 18:40:00
-9.410900,-45.989800,GOES-19,2026-10-08 18:50:00
-9.979800,-45.923600,GOES-19,2026-10-08 17:40:00
-9.979800,-45.923600,GOES-19,2026-10-08 17:50:00
-9.979800,-45.923600,GOES-19,2026-10-08 18:00:00
-9.979800,-45.923600,GOES-19,2026-10-08 18:10:00
-9.979800,-45.923600,GOES-19,2026-10-08 18:20:00
-9.979800,-45.923600,GOES-19,2026-10-08 18:30:00
-9.979800,-45.923600,GOES-19,2026-10-08 18:50:00
-9.979800,-45.923600,GOES-19,2026-10-08 19:00:00
-9.979800,-45.923600,GOES-19,2026-10-08 19:30:00
-9.411200,-45.967200,GOES-19,2026-10-08 18:30:00
-9.411200,-45.967200,GOES-19,2026-10-08 18:40:00
-9.809900,-45.875900,GOES-19,2026-10-08 17:40:00
-9.809900,-45.875900,GOES-19,2026-10-08 18:00:00
-9.809900,-45.875900,GOES-19,2026-10-08 18:10:00
-9.828900,-45.873700,GOES-19,2026-10-08 18:10:00
-9.829200,-45.851000,GOES-19,2026-10-08 18:10:00
-11.124200,-45.686500,GOES-19,2026-10-08 13:30:00
-15.998500,-44.863600,GOES-19,2026-10-08 19:00:00
-15.998500,-44.863600,GOES-19,2026-10-08 19:10:00
-15.998500,-44.863600,GOES-19,2026-10-08 19:20:00
-11.775600,-45.572500,GOES-19,2026-10-08 13:50:00
-11.775600,-45.572500,GOES-19,2026-10-08 14:00:00
-11.775600,-45.572500,GOES-19,2026-10-08 14:10:00
-11.775600,-45.572500,GOES-19,2026-10-08 14:20:00
-11.775600,-45.572500,GOES-19,2026-10-08 14:30:00
-11.775600,-45.572500,GOES-19,2026-10-08 14:50:00
-11.775600,-45.572500,GOES-19,2026-10-08 17:40:00
-15.999100,-44.839800,GOES-19,2026-10-08 19:00:00
-15.999100,-44.839800,GOES-19,2026-10-08 19:10:00
-11.776000,-45.549500,GOES-19,2026-10-08 12:40:00
-11.776000,-45.549500,GOES-19,2026-10-08 13:10:00
-11.776000,-45.549500,GOES-19,2026-10-08 13:20:00
-11.776000,-45.549500,GOES-19,2026-10-08 13:30:00
-11.776000,-45.549500,GOES-19,2026-10-08 13:50:00
-11.776000,-45.549500,GOES-19,2026-10-08 14:00:00
-11.776000,-45.549500,GOES-19,2026-10-08 14:10:00
-11.776000,-45.549500,GOES-19,2026-10-08 14:20:00
-11.776000,-45.549500,GOES-19,2026-10-08 14:30:00
-11.776000,-45.549500,GOES-19,2026-10-08 14:40:00
-11.776000,-45.549500,GOES-19,2026-10-08 14:50:00
-11.776000,-45.549500,GOES-19,2026-10-08 15:00:00
-11.776000,-45.549500,GOES-19,2026-10-08 15:10:00
-11.776000,-45.549500,GOES-19,2026-10-08 15:20:00
-5.057500,-46.185900,GOES-19,2026-10-08 18:10:00
-5.057500,-46.185900,GOES-19,2026-10-08 18:20:00
-5.057500,-46.185900,GOES-19,2026-10-08 18:30:00
-5.057500,-46.185900,GOES-19,2026-10-08 18:50:00
-5.076100,-46.184800,GOES-19,2026-10-08 18:10:00
-5.076100,-46.184800,GOES-19,2026-10-08 18:30:00
-5.076100,-46.184800,GOES-19,2026-10-08 18:40:00
-9.129400,-45.840500,GOES-19,2026-10-08 14:50:00
-9.129400,-45.840500,GOES-19,2026-10-08 17:20:00
-9.129400,-45.840500,GOES-19,2026-10-08 17:40:00
-9.129700,-45.817900,GOES-19,2026-10-08 18:10:00
-9.129700,-45.817900,GOES-19,2026-10-08 18:20:00
-9.129700,-45.817900,GOES-19,2026-10-08 18:30:00
-9.129700,-45.817900,GOES-19,2026-10-08 18:40:00
-10.077800,-45.707600,GOES-19,2026-10-08 18:20:00
-10.078100,-45.684800,GOES-19,2026-10-08 17:50:00
-10.078100,-45.684800,GOES-19,2026-10-08 18:20:00
-9.698700,-45.707700,GOES-19,2026-10-08 17:30:00
-10.859400,-45.562200,GOES-19,2026-10-08 17:30:00
-10.859400,-45.562200,GOES-19,2026-10-08 17:40:00
-10.859400,-45.562200,GOES-19,2026-10-08 17:50:00
-10.859400,-45.562200,GOES-19,2026-10-08 18:00:00
-10.859400,-45.562200,GOES-19,2026-10-08 18:30:00
-6.440400,-46.002000,GOES-19,2026-10-08 14:40:00
-6.459100,-46.000500,GOES-19,2026-10-08 14:40:00
-6.459100,-46.000500,GOES-19,2026-10-08 14:50:00
-10.859800,-45.539400,GOES-19,2026-10-08 18:00:00
-16.320700,-44.583700,GOES-19,2026-10-08 18:50:00
-16.320700,-44.583700,GOES-19,2026-10-08 19:00:00
-16.320700,-44.583700,GOES-19,2026-10-08 19:10:00
-16.320700,-44.583700,GOES-19,2026-10-08 19:20:00
-6.384900,-45.939100,GOES-19,2026-10-08 18:20:00
-6.384900,-45.939100,GOES-19,2026-10-08 18:30:00
-6.384900,-45.939100,GOES-19,2026-10-08 18:40:00
-6.384900,-45.939100,GOES-19,2026-10-08 18:50:00
-6.441100,-45.934700,GOES-19,2026-10-08 18:10:00
-6.441100,-45.934700,GOES-19,2026-10-08 18:20:00
-12.298700,-45.264900,GOES-19,2026-10-08 17:30:00
-9.529600,-45.614000,GOES-19,2026-10-08 13:00:00
-9.529600,-45.614000,GOES-19,2026-10-08 14:20:00
-9.529600,-45.614000,GOES-19,2026-10-08 14:50:00
-9.643400,-45.600700,GOES-19,2026-10-08 18:30:00
-9.662400,-45.598500,GOES-19,2026-10-08 18:30:00
-8.282300,-45.726400,GOES-19,2026-10-08 13:40:00
-8.282300,-45.726400,GOES-19,2026-10-08 14:20:00
-8.282300,-45.726400,GOES-19,2026-10-08 14:40:00
-8.282300,-45.726400,GOES-19,2026-10-08 17:40:00
-8.282300,-45.726400,GOES-19,2026-10-08 17:50:00
-8.282300,-45.726400,GOES-19,2026-10-08 18:00:00
-8.282300,-45.726400,GOES-19,2026-10-08 18:10:00
-8.282300,-45.726400,GOES-19,2026-10-08 18:20:00
-8.282300,-45.726400,GOES-19,2026-10-08 18:30:00
-8.282300,-45.726400,GOES-19,2026-10-08 18:50:00
-8.301100,-45.724500,GOES-19,2026-10-08 14:20:00
-8.301100,-45.724500,GOES-19,2026-10-08 17:30:00
-8.301100,-45.724500,GOES-19,2026-10-08 17:50:00
-8.301100,-45.724500,GOES-19,2026-10-08 18:00:00
-8.301100,-45.724500,GOES-19,2026-10-08 18:20:00
-8.301100,-45.724500,GOES-19,2026-10-08 18:40:00
-8.301100,-45.724500,GOES-19,2026-10-08 18:50:00
-10.919300,-45.394200,GOES-19,2026-10-08 15:20:00
-10.919300,-45.394200,GOES-19,2026-10-08 18:10:00
-10.919300,-45.394200,GOES-19,2026-10-08 18:30:00
-10.919300,-45.394200,GOES-19,2026-10-08 18:50:00
-5.395300,-45.897000,GOES-19,2026-10-08 17:40:00
-5.376800,-45.875800,GOES-19,2026-10-08 18:20:00
-5.376800,-45.875800,GOES-19,2026-10-08 18:30:00
-13.966800,-44.850700,GOES-19,2026-10-08 14:30:00
-8.057500,-45.635700,GOES-19,2026-10-08 14:50:00
-8.057500,-45.635700,GOES-19,2026-10-08 18:30:00
-8.076400,-45.633900,GOES-19,2026-10-08 14:50:00
-8.076400,-45.633900,GOES-19,2026-10-08 18:30:00
-8.076400,-45.633900,GOES-19,2026-10-08 18:40:00
-11.207500,-45.263000,GOES-19,2026-10-08 19:20:00
-11.207500,-45.263000,GOES-19,2026-10-08 19:30:00
-11.226700,-45.260400,GOES-19,2026-10-08 19:20:00
-8.076600,-45.611200,GOES-19,2026-10-08 13:10:00
-8.076600,-45.611200,GOES-19,2026-10-08 13:20:00
-8.076600,-45.611200,GOES-19,2026-10-08 13:50:00
-8.076600,-45.611200,GOES-19,2026-10-08 14:00:00
-8.076600,-45.611200,GOES-19,2026-10-08 14:10:00
-8.076600,-45.611200,GOES-19,2026-10-08 14:30:00
-8.076600,-45.611200,GOES-19,2026-10-08 14:50:00
-11.189200,-45.219600,GOES-19,2026-10-08 14:50:00
-5.284200,-45.792200,GOES-19,2026-10-08 18:30:00
-5.284200,-45.792200,GOES-19,2026-10-08 19:20:00
-5.284200,-45.792200,GOES-19,2026-10-08 19:30:00
-5.284200,-45.792200,GOES-19,2026-10-08 19:40:00
-8.851500,-45.440400,GOES-19,2026-10-08 14:50:00
-6.669100,-45.579500,GOES-19,2026-10-08 18:00:00
-15.382300,-44.348500,GOES-19,2026-10-08 13:00:00
-15.402000,-44.344600,GOES-19,2026-10-08 12:30:00
-15.402000,-44.344600,GOES-19,2026-10-08 12:40:00
-15.402000,-44.344600,GOES-19,2026-10-08 13:00:00
-15.402000,-44.344600,GOES-19,2026-10-08 13:20:00
-2.865500,-45.754300,GOES-19,2026-10-08 14:30:00
-2.865500,-45.754300,GOES-19,2026-10-08 14:50:00
-5.659000,-45.610200,GOES-19,2026-10-08 19:10:00
-15.402600,-44.320700,GOES-19,2026-10-08 12:30:00
-15.402600,-44.320700,GOES-19,2026-10-08 12:40:00
-15.402600,-44.320700,GOES-19,2026-10-08 12:50:00
-15.402600,-44.320700,GOES-19,2026-10-08 13:00:00
-15.402600,-44.320700,GOES-19,2026-10-08 13:10:00
-15.402600,-44.320700,GOES-19,2026-10-08 13:20:00
-15.402600,-44.320700,GOES-19,2026-10-08 13:50:00
-7.702700,-45.420900,GOES-19,2026-10-08 13:30:00
-4.875300,-45.615400,GOES-19,2026-10-08 18:40:00
-4.875300,-45.615400,GOES-19,2026-10-08 18:50:00
-7.045200,-45.457700,GOES-19,2026-10-08 14:00:00
-12.191300,-44.841900,GOES-19,2026-10-08 14:40:00
-12.210600,-44.838900,GOES-19,2026-10-08 19:10:00
-7.665600,-45.379100,GOES-19,2026-10-08 14:20:00
-7.665600,-45.379100,GOES-19,2026-10-08 14:40:00
-12.172500,-44.821600,GOES-19,2026-10-08 14:10:00
-12.172500,-44.821600,GOES-19,2026-10-08 14:20:00
-12.191700,-44.818600,GOES-19,2026-10-08 14:00:00
-12.191700,-44.818600,GOES-19,2026-10-08 14:10:00
-12.191700,-44.818600,GOES-19,2026-10-08 14:20:00
-12.191700,-44.818600,GOES-19,2026-10-08 14:30:00
-12.211000,-44.815600,GOES-19,2026-10-08 14:10:00
-12.211000,-44.815600,GOES-19,2026-10-08 14:30:00
-12.211000,-44.815600,GOES-19,2026-10-08 14:40:00
-12.211000,-44.815600,GOES-19,2026-10-08 14:50:00
-12.172900,-44.798300,GOES-19,2026-10-08 14:10:00
-12.172900,-44.798300,GOES-19,2026-10-08 14:30:00
-12.172900,-44.798300,GOES-19,2026-10-08 14:40:00
-12.192200,-44.795300,GOES-19,2026-10-08 14:10:00
-12.192200,-44.795300,GOES-19,2026-10-08 14:30:00
-12.192200,-44.795300,GOES-19,2026-10-08 14:40:00
-12.211400,-44.792300,GOES-19,2026-10-08 13:20:00
-12.211400,-44.792300,GOES-19,2026-10-08 14:10:00
-12.211400,-44.792300,GOES-19,2026-10-08 14:30:00
-12.211400,-44.792300,GOES-19,2026-10-08 14:40:00
-12.211400,-44.792300,GOES-19,2026-10-08 17:50:00
-12.211400,-44.792300,GOES-19,2026-10-08 19:30:00
-12.211400,-44.792300,GOES-19,2026-10-08 19:40:00
-12.230700,-44.789400,GOES-19,2026-10-08 18:40:00
-12.230700,-44.789400,GOES-19,2026-10-08 19:00:00
-12.230700,-44.789400,GOES-19,2026-10-08 19:10:00
-12.230700,-44.789400,GOES-19,2026-10-08 19:20:00
-12.230700,-44.789400,GOES-19,2026-10-08 19:30:00
-12.230700,-44.789400,GOES-19,2026-10-08 19:40:00
-8.930200,-45.204100,GOES-19,2026-10-08 16:00:00
-8.930200,-45.204100,GOES-19,2026-10-08 18:10:00
-8.930200,-45.204100,GOES-19,2026-10-08 18:20:00
-8.930200,-45.204100,GOES-19,2026-10-08 19:10:00
-8.930200,-45.204100,GOES-19,2026-10-08 19:20:00
-8.930200,-45.204100,GOES-19,2026-10-08 19:40:00
-8.930200,-45.204100,GOES-19,2026-10-08 20:00:00
-8.949100,-45.202000,GOES-19,2026-10-08 15:40:00
-12.154100,-44.778000,GOES-19,2026-10-08 13:50:00
-12.154100,-44.778000,GOES-19,2026-10-08 14:00:00
-12.154100,-44.778000,GOES-19,2026-10-08 14:10:00
-12.154100,-44.778000,GOES-19,2026-10-08 17:00:00
-12.154100,-44.778000,GOES-19,2026-10-08 17:30:00
-12.154100,-44.778000,GOES-19,2026-10-08 18:00:00
-12.173300,-44.775000,GOES-19,2026-10-08 14:10:00
-12.173300,-44.775000,GOES-19,2026-10-08 14:30:00
-12.173300,-44.775000,GOES-19,2026-10-08 14:40:00
-12.231100,-44.766100,GOES-19,2026-10-08 17:40:00
-6.521000,-45.410900,GOES-19,2026-10-08 18:20:00
-6.670900,-45.398800,GOES-19,2026-10-08 16:30:00
-6.670900,-45.398800,GOES-19,2026-10-08 18:00:00
-6.670900,-45.398800,GOES-19,2026-10-08 18:20:00
-6.670900,-45.398800,GOES-19,2026-10-08 18:40:00
-6.670900,-45.398800,GOES-19,2026-10-08 18:50:00
-6.670900,-45.398800,GOES-19,2026-10-08 19:00:00
-8.703600,-45.206100,GOES-19,2026-10-08 00:10:00
-8.722500,-45.204000,GOES-19,2026-10-08 00:10:00
-8.722500,-45.204000,GOES-19,2026-10-08 02:00:00
-8.930500,-45.181200,GOES-19,2026-10-08 17:30:00
-8.930500,-45.181200,GOES-19,2026-10-08 17:40:00
-8.930500,-45.181200,GOES-19,2026-10-08 17:50:00
-8.930500,-45.181200,GOES-19,2026-10-08 18:10:00
-8.930500,-45.181200,GOES-19,2026-10-08 18:20:00
-8.930500,-45.181200,GOES-19,2026-10-08 18:50:00
-8.930500,-45.181200,GOES-19,2026-10-08 19:10:00
-8.930500,-45.181200,GOES-19,2026-10-08 19:20:00
-8.930500,-45.181200,GOES-19,2026-10-08 19:40:00
-8.930500,-45.181200,GOES-19,2026-10-08 20:00:00
-8.930500,-45.181200,GOES-19,2026-10-08 22:10:00
-8.949400,-45.179100,GOES-19,2026-10-08 14:40:00
-8.949400,-45.179100,GOES-19,2026-10-08 15:40:00
-8.949400,-45.179100,GOES-19,2026-10-08 17:30:00
-8.949400,-45.179100,GOES-19,2026-10-08 17:40:00
-8.949400,-45.179100,GOES-19,2026-10-08 17:50:00
-8.949400,-45.179100,GOES-19,2026-10-08 18:10:00
-8.949400,-45.179100,GOES-19,2026-10-08 18:20:00
-8.949400,-45.179100,GOES-19,2026-10-08 18:50:00
-8.949400,-45.179100,GOES-19,2026-10-08 19:10:00
-8.968400,-45.177000,GOES-19,2026-10-08 15:00:00
-8.968400,-45.177000,GOES-19,2026-10-08 16:00:00
-8.968400,-45.177000,GOES-19,2026-10-08 18:10:00
-8.968400,-45.177000,GOES-19,2026-10-08 18:20:00
-12.154500,-44.754700,GOES-19,2026-10-08 14:10:00
-12.154500,-44.754700,GOES-19,2026-10-08 14:30:00
-12.154500,-44.754700,GOES-19,2026-10-08 14:40:00
-12.250800,-44.739700,GOES-19,2026-10-08 14:50:00
-12.250800,-44.739700,GOES-19,2026-10-08 15:10:00
-12.250800,-44.739700,GOES-19,2026-10-08 17:50:00
-6.671100,-45.376100,GOES-19,2026-10-08 14:20:00
-6.671100,-45.376100,GOES-19,2026-10-08 14:30:00
-6.671100,-45.376100,GOES-19,2026-10-08 14:40:00
-6.671100,-45.376100,GOES-19,2026-10-08 14:50:00
-6.671100,-45.376100,GOES-19,2026-10-08 15:00:00
-6.671100,-45.376100,GOES-19,2026-10-08 17:10:00
-6.671100,-45.376100,GOES-19,2026-10-08 17:40:00
-6.671100,-45.376100,GOES-19,2026-10-08 17:50:00
-6.521200,-45.388300,GOES-19,2026-10-08 14:40:00
-6.521200,-45.388300,GOES-19,2026-10-08 17:00:00
-6.539900,-45.386800,GOES-19,2026-10-08 14:40:00
-6.539900,-45.386800,GOES-19,2026-10-08 15:00:00
-6.539900,-45.386800,GOES-19,2026-10-08 15:10:00
-6.539900,-45.386800,GOES-19,2026-10-08 15:40:00
-6.539900,-45.386800,GOES-19,2026-10-08 16:10:00
-6.539900,-45.386800,GOES-19,2026-10-08 16:30:00
-6.539900,-45.386800,GOES-19,2026-10-08 16:40:00
-6.539900,-45.386800,GOES-19,2026-10-08 16:50:00
-6.539900,-45.386800,GOES-19,2026-10-08 17:00:00
-6.539900,-45.386800,GOES-19,2026-10-08 17:20:00
-6.539900,-45.386800,GOES-19,2026-10-08 17:40:00
-8.722800,-45.181200,GOES-19,2026-10-08 00:10:00
-8.722800,-45.181200,GOES-19,2026-10-08 02:00:00
-8.741700,-45.179100,GOES-19,2026-10-08 00:10:00
-8.741700,-45.179100,GOES-19,2026-10-08 02:00:00
-8.930800,-45.158400,GOES-19,2026-10-08 14:00:00
-8.930800,-45.158400,GOES-19,2026-10-08 14:30:00
-8.930800,-45.158400,GOES-19,2026-10-08 14:50:00
-8.930800,-45.158400,GOES-19,2026-10-08 17:00:00
-8.930800,-45.158400,GOES-19,2026-10-08 17:20:00
-8.930800,-45.158400,GOES-19,2026-10-08 17:30:00
-8.930800,-45.158400,GOES-19,2026-10-08 17:50:00
-8.930800,-45.158400,GOES-19,2026-10-08 18:10:00
-8.930800,-45.158400,GOES-19,2026-10-08 18:20:00
-8.930800,-45.158400,GOES-19,2026-10-08 18:50:00
-8.930800,-45.158400,GOES-19,2026-10-08 19:10:00
-8.930800,-45.158400,GOES-19,2026-10-08 19:20:00
-8.930800,-45.158400,GOES-19,2026-10-08 19:40:00
-8.930800,-45.158400,GOES-19,2026-10-08 22:10:00
-8.949700,-45.156300,GOES-19,2026-10-08 13:30:00
-8.949700,-45.156300,GOES-19,2026-10-08 13:50:00
-8.949700,-45.156300,GOES-19,2026-10-08 14:00:00
-8.949700,-45.156300,GOES-19,2026-10-08 14:10:00
-8.949700,-45.156300,GOES-19,2026-10-08 14:30:00
-8.949700,-45.156300,GOES-19,2026-10-08 14:40:00
-8.949700,-45.156300,GOES-19,2026-10-08 14:50:00
-8.949700,-45.156300,GOES-19,2026-10-08 15:30:00
-8.949700,-45.156300,GOES-19,2026-10-08 16:00:00
-8.949700,-45.156300,GOES-19,2026-10-08 16:50:00
-8.949700,-45.156300,GOES-19,2026-10-08 17:00:00
-8.949700,-45.156300,GOES-19,2026-10-08 17:20:00
-8.949700,-45.156300,GOES-19,2026-10-08 17:30:00
-8.949700,-45.156300,GOES-19,2026-10-08 17:40:00
-8.949700,-45.156300,GOES-19,2026-10-08 17:50:00
-8.949700,-45.156300,GOES-19,2026-10-08 18:10:00
-8.949700,-45.156300,GOES-19,2026-10-08 18:20:00
-8.949700,-45.156300,GOES-19,2026-10-08 18:50:00
-8.949700,-45.156300,GOES-19,2026-10-08 19:10:00
-8.968700,-45.154200,GOES-19,2026-10-08 14:00:00
-8.968700,-45.154200,GOES-19,2026-10-08 14:10:00
-8.968700,-45.154200,GOES-19,2026-10-08 14:20:00
-8.968700,-45.154200,GOES-19,2026-10-08 14:30:00
-8.968700,-45.154200,GOES-19,2026-10-08 14:50:00
-8.968700,-45.154200,GOES-19,2026-10-08 15:00:00
-8.968700,-45.154200,GOES-19,2026-10-08 17:20:00
-8.968700,-45.154200,GOES-19,2026-10-08 17:30:00
-8.968700,-45.154200,GOES-19,2026-10-08 17:40:00
-8.968700,-45.154200,GOES-19,2026-10-08 17:50:00
-8.968700,-45.154200,GOES-19,2026-10-08 18:10:00
-8.968700,-45.154200,GOES-19,2026-10-08 18:20:00
-9.006500,-45.150000,GOES-19,2026-10-08 18:10:00
-9.025400,-45.147800,GOES-19,2026-10-08 18:10:00
-12.154900,-44.731400,GOES-19,2026-10-08 14:40:00
-12.579100,-44.664600,GOES-19,2026-10-08 11:10:00
-12.579100,-44.664600,GOES-19,2026-10-08 11:20:00
-12.579100,-44.664600,GOES-19,2026-10-08 11:30:00
-12.579100,-44.664600,GOES-19,2026-10-08 11:40:00
-12.579100,-44.664600,GOES-19,2026-10-08 11:50:00
-12.579100,-44.664600,GOES-19,2026-10-08 12:00:00
-12.579100,-44.664600,GOES-19,2026-10-08 12:10:00
-12.811000,-44.627000,GOES-19,2026-10-08 17:40:00
-12.811000,-44.627000,GOES-19,2026-10-08 18:30:00
-6.671400,-45.353500,GOES-19,2026-10-08 14:20:00
-6.671400,-45.353500,GOES-19,2026-10-08 14:30:00
-6.671400,-45.353500,GOES-19,2026-10-08 14:40:00
-6.671400,-45.353500,GOES-19,2026-10-08 14:50:00
-6.671400,-45.353500,GOES-19,2026-10-08 15:00:00
-6.671400,-45.353500,GOES-19,2026-10-08 15:10:00
-6.671400,-45.353500,GOES-19,2026-10-08 15:20:00
-6.671400,-45.353500,GOES-19,2026-10-08 15:30:00
-6.671400,-45.353500,GOES-19,2026-10-08 15:40:00
-6.671400,-45.353500,GOES-19,2026-10-08 15:50:00
-6.671400,-45.353500,GOES-19,2026-10-08 16:00:00
-6.671400,-45.353500,GOES-19,2026-10-08 16:10:00
-6.671400,-45.353500,GOES-19,2026-10-08 16:30:00
-6.671400,-45.353500,GOES-19,2026-10-08 16:50:00
-6.671400,-45.353500,GOES-19,2026-10-08 17:00:00
-6.671400,-45.353500,GOES-19,2026-10-08 17:10:00
-6.521400,-45.365600,GOES-19,2026-10-08 14:30:00
-6.521400,-45.365600,GOES-19,2026-10-08 14:40:00
-6.521400,-45.365600,GOES-19,2026-10-08 19:10:00
-6.540200,-45.364100,GOES-19,2026-10-08 14:30:00
-6.540200,-45.364100,GOES-19,2026-10-08 14:40:00
-6.540200,-45.364100,GOES-19,2026-10-08 14:50:00
-6.540200,-45.364100,GOES-19,2026-10-08 15:00:00
-6.540200,-45.364100,GOES-19,2026-10-08 15:10:00
-6.540200,-45.364100,GOES-19,2026-10-08 15:20:00
-6.540200,-45.364100,GOES-19,2026-10-08 15:30:00
-6.540200,-45.364100,GOES-19,2026-10-08 15:40:00
-6.540200,-45.364100,GOES-19,2026-10-08 15:50:00
-6.540200,-45.364100,GOES-19,2026-10-08 16:00:00
-6.540200,-45.364100,GOES-19,2026-10-08 16:10:00
-6.540200,-45.364100,GOES-19,2026-10-08 16:20:00
-6.540200,-45.364100,GOES-19,2026-10-08 16:50:00
-6.540200,-45.364100,GOES-19,2026-10-08 17:00:00
-6.540200,-45.364100,GOES-19,2026-10-08 17:20:00
-6.558900,-45.362600,GOES-19,2026-10-08 14:30:00
-6.558900,-45.362600,GOES-19,2026-10-08 14:40:00
-7.328400,-45.296900,GOES-19,2026-10-08 18:00:00
-7.328400,-45.296900,GOES-19,2026-10-08 18:20:00
-8.723100,-45.158300,GOES-19,2026-10-08 00:10:00
-8.723100,-45.158300,GOES-19,2026-10-08 02:00:00
-8.742000,-45.156300,GOES-19,2026-10-08 02:00:00
-8.931100,-45.135500,GOES-19,2026-10-08 14:00:00
-8.931100,-45.135500,GOES-19,2026-10-08 14:10:00
-8.931100,-45.135500,GOES-19,2026-10-08 14:30:00
-8.931100,-45.135500,GOES-19,2026-10-08 14:50:00
-8.931100,-45.135500,GOES-19,2026-10-08 15:00:00
-8.931100,-45.135500,GOES-19,2026-10-08 18:10:00
-8.931100,-45.135500,GOES-19,2026-10-08 18:50:00
-8.931100,-45.135500,GOES-19,2026-10-08 19:10:00
-8.931100,-45.135500,GOES-19,2026-10-08 22:10:00
-8.950100,-45.133400,GOES-19,2026-10-08 14:30:00
-8.950100,-45.133400,GOES-19,2026-10-08 17:30:00
-8.950100,-45.133400,GOES-19,2026-10-08 18:10:00
-8.950100,-45.133400,GOES-19,2026-10-08 18:50:00
-8.950100,-45.133400,GOES-19,2026-10-08 19:10:00
-8.969000,-45.131300,GOES-19,2026-10-08 14:30:00
-8.969000,-45.131300,GOES-19,2026-10-08 17:30:00
-8.969000,-45.131300,GOES-19,2026-10-08 18:10:00
-9.006800,-45.127100,GOES-19,2026-10-08 17:30:00
-9.006800,-45.127100,GOES-19,2026-10-08 18:10:00
-11.291200,-44.836500,GOES-19,2026-10-08 13:00:00
-11.291200,-44.836500,GOES-19,2026-10-08 13:10:00
-11.291200,-44.836500,GOES-19,2026-10-08 13:20:00
-11.291200,-44.836500,GOES-19,2026-10-08 13:30:00
-11.291200,-44.836500,GOES-19,2026-10-08 13:40:00
-11.291200,-44.836500,GOES-19,2026-10-08 14:30:00
-11.291200,-44.836500,GOES-19,2026-10-08 14:50:00
-17.515100,-43.669400,GOES-19,2026-10-08 17:40:00
-17.515100,-43.669400,GOES-19,2026-10-08 17:50:00
-17.515100,-43.669400,GOES-19,2026-10-08 18:10:00
-17.515100,-43.669400,GOES-19,2026-10-08 18:30:00
-5.231200,-45.413500,GOES-19,2026-10-08 18:40:00
-5.231200,-45.413500,GOES-19,2026-10-08 18:50:00
-5.231200,-45.413500,GOES-19,2026-10-08 19:10:00
-5.231200,-45.413500,GOES-19,2026-10-08 19:40:00
-5.791800,-45.375600,GOES-19,2026-10-08 18:20:00
-12.175500,-44.658400,GOES-19,2026-10-08 15:10:00
-6.690800,-45.284000,GOES-19,2026-10-08 14:30:00
-6.690800,-45.284000,GOES-19,2026-10-08 17:40:00
-7.837400,-45.158200,GOES-19,2026-10-08 17:50:00
-7.856300,-45.156400,GOES-19,2026-10-08 17:50:00
-10.871800,-44.802700,GOES-19,2026-10-08 18:10:00
-10.871800,-44.802700,GOES-19,2026-10-08 18:20:00
-10.871800,-44.802700,GOES-19,2026-10-08 18:30:00
-10.871800,-44.802700,GOES-19,2026-10-08 18:40:00
-10.871800,-44.802700,GOES-19,2026-10-08 18:50:00
-10.871800,-44.802700,GOES-19,2026-10-08 19:00:00
-10.871800,-44.802700,GOES-19,2026-10-08 19:10:00
-10.871800,-44.802700,GOES-19,2026-10-08 19:30:00
-10.871800,-44.802700,GOES-19,2026-10-08 19:40:00
-10.890900,-44.800100,GOES-19,2026-10-08 17:30:00
-10.890900,-44.800100,GOES-19,2026-10-08 17:40:00
-10.890900,-44.800100,GOES-19,2026-10-08 17:50:00
-10.890900,-44.800100,GOES-19,2026-10-08 18:00:00
-10.890900,-44.800100,GOES-19,2026-10-08 18:10:00
-10.890900,-44.800100,GOES-19,2026-10-08 18:20:00
-10.890900,-44.800100,GOES-19,2026-10-08 18:30:00
-10.890900,-44.800100,GOES-19,2026-10-08 18:40:00
-10.890900,-44.800100,GOES-19,2026-10-08 18:50:00
-12.600700,-44.544500,GOES-19,2026-10-08 15:40:00
-12.600700,-44.544500,GOES-19,2026-10-08 18:40:00
-12.620000,-44.541400,GOES-19,2026-10-08 14:50:00
-7.856500,-45.133600,GOES-19,2026-10-08 15:30:00
-9.881400,-44.886200,GOES-19,2026-10-08 18:30:00
-9.881400,-44.886200,GOES-19,2026-10-08 18:50:00
-9.881400,-44.886200,GOES-19,2026-10-08 19:00:00
-9.881400,-44.886200,GOES-19,2026-10-08 19:10:00
-9.900400,-44.883900,GOES-19,2026-10-08 18:00:00
-9.900400,-44.883900,GOES-19,2026-10-08 18:50:00
-9.900400,-44.883900,GOES-19,2026-10-08 19:20:00
-9.900400,-44.883900,GOES-19,2026-10-08 19:30:00
-9.900400,-44.883900,GOES-19,2026-10-08 19:40:00
-9.919400,-44.881500,GOES-19,2026-10-08 19:00:00
-9.919400,-44.881500,GOES-19,2026-10-08 19:10:00
-9.919400,-44.881500,GOES-19,2026-10-08 19:30:00
-9.919400,-44.881500,GOES-19,2026-10-08 19:40:00
-9.862700,-44.865600,GOES-19,2026-10-08 18:20:00
-9.862700,-44.865600,GOES-19,2026-10-08 18:30:00
-9.862700,-44.865600,GOES-19,2026-10-08 18:40:00
-9.862700,-44.865600,GOES-19,2026-10-08 18:50:00
-9.881700,-44.863200,GOES-19,2026-10-08 17:40:00
-9.881700,-44.863200,GOES-19,2026-10-08 18:20:00
-9.881700,-44.863200,GOES-19,2026-10-08 18:30:00
-9.881700,-44.863200,GOES-19,2026-10-08 18:50:00
-9.881700,-44.863200,GOES-19,2026-10-08 19:00:00
-9.881700,-44.863200,GOES-19,2026-10-08 19:10:00
-9.900700,-44.860800,GOES-19,2026-10-08 14:50:00
-9.900700,-44.860800,GOES-19,2026-10-08 18:20:00
-9.900700,-44.860800,GOES-19,2026-10-08 18:30:00
-9.900700,-44.860800,GOES-19,2026-10-08 18:50:00
-9.900700,-44.860800,GOES-19,2026-10-08 19:00:00
-9.900700,-44.860800,GOES-19,2026-10-08 19:10:00
-9.919800,-44.858500,GOES-19,2026-10-08 18:20:00
-9.919800,-44.858500,GOES-19,2026-10-08 18:30:00
-9.919800,-44.858500,GOES-19,2026-10-08 18:40:00
-9.919800,-44.858500,GOES-19,2026-10-08 18:50:00
-9.919800,-44.858500,GOES-19,2026-10-08 19:00:00
-9.919800,-44.858500,GOES-19,2026-10-08 19:10:00
-9.919800,-44.858500,GOES-19,2026-10-08 19:20:00
-9.919800,-44.858500,GOES-19,2026-10-08 19:30:00
-9.919800,-44.858500,GOES-19,2026-10-08 19:40:00
-8.328800,-45.017600,GOES-19,2026-10-08 12:50:00
-8.328800,-45.017600,GOES-19,2026-10-08 18:00:00
-9.882100,-44.840200,GOES-19,2026-10-08 18:20:00
-9.882100,-44.840200,GOES-19,2026-10-08 18:30:00
-9.901100,-44.837800,GOES-19,2026-10-08 14:40:00
-9.901100,-44.837800,GOES-19,2026-10-08 17:20:00
-9.901100,-44.837800,GOES-19,2026-10-08 17:30:00
-9.901100,-44.837800,GOES-19,2026-10-08 17:40:00
-9.901100,-44.837800,GOES-19,2026-10-08 17:50:00
-9.901100,-44.837800,GOES-19,2026-10-08 18:20:00
-9.901100,-44.837800,GOES-19,2026-10-08 18:30:00
-9.901100,-44.837800,GOES-19,2026-10-08 18:50:00
-9.901100,-44.837800,GOES-19,2026-10-08 19:00:00
-9.901100,-44.837800,GOES-19,2026-10-08 19:10:00
-9.920100,-44.835400,GOES-19,2026-10-08 18:10:00
-9.920100,-44.835400,GOES-19,2026-10-08 18:20:00
-9.920100,-44.835400,GOES-19,2026-10-08 18:30:00
-9.920100,-44.835400,GOES-19,2026-10-08 18:40:00
-9.920100,-44.835400,GOES-19,2026-10-08 18:50:00
-9.920100,-44.835400,GOES-19,2026-10-08 19:00:00
-9.920100,-44.835400,GOES-19,2026-10-08 19:10:00
-9.920100,-44.835400,GOES-19,2026-10-08 19:20:00
-6.767200,-45.141600,GOES-19,2026-10-08 18:10:00
-6.786000,-45.140000,GOES-19,2026-10-08 18:10:00
-6.786000,-45.140000,GOES-19,2026-10-08 18:20:00
-6.786000,-45.140000,GOES-19,2026-10-08 18:30:00
-6.786000,-45.140000,GOES-19,2026-10-08 18:50:00
-6.786000,-45.140000,GOES-19,2026-10-08 19:20:00
-9.901400,-44.814700,GOES-19,2026-10-08 18:20:00
-9.901400,-44.814700,GOES-19,2026-10-08 18:30:00
-9.920500,-44.812400,GOES-19,2026-10-08 18:20:00
-14.547700,-44.084300,GOES-19,2026-10-08 15:00:00
-6.786200,-45.117300,GOES-19,2026-10-08 17:50:00
-6.786200,-45.117300,GOES-19,2026-10-08 18:00:00
-6.786200,-45.117300,GOES-19,2026-10-08 18:10:00
-6.786200,-45.117300,GOES-19,2026-10-08 18:20:00
-6.786200,-45.117300,GOES-19,2026-10-08 18:30:00
-6.786200,-45.117300,GOES-19,2026-10-08 18:40:00
-6.786200,-45.117300,GOES-19,2026-10-08 18:50:00
-13.884400,-44.160200,GOES-19,2026-10-08 18:50:00
-13.884400,-44.160200,GOES-19,2026-10-08 19:00:00
-14.433900,-43.939600,GOES-19,2026-10-08 18:20:00
-14.433900,-43.939600,GOES-19,2026-10-08 18:50:00
-14.453500,-43.935900,GOES-19,2026-10-08 18:20:00
-14.453500,-43.935900,GOES-19,2026-10-08 18:30:00
-14.453500,-43.935900,GOES-19,2026-10-08 18:40:00
-14.453500,-43.935900,GOES-19,2026-10-08 18:50:00
-14.454100,-43.912000,GOES-19,2026-10-08 18:20:00
-14.454100,-43.912000,GOES-19,2026-10-08 18:40:00
-14.454100,-43.912000,GOES-19,2026-10-08 18:50:00
-18.213900,-43.010100,GOES-19,2026-10-08 19:10:00
-6.638700,-44.879400,GOES-19,2026-10-08 14:30:00
-14.046700,-43.846000,GOES-19,2026-10-08 19:10:00
-14.046700,-43.846000,GOES-19,2026-10-08 19:20:00
-14.066200,-43.842400,GOES-19,2026-10-08 18:10:00
-14.066200,-43.842400,GOES-19,2026-10-08 18:20:00
-7.409700,-44.742700,GOES-19,2026-10-08 18:10:00
-7.409700,-44.742700,GOES-19,2026-10-08 18:20:00
-13.366600,-43.897900,GOES-19,2026-10-08 18:30:00
-9.017000,-44.390700,GOES-19,2026-10-08 18:30:00
-9.017000,-44.390700,GOES-19,2026-10-08 18:40:00
-9.017000,-44.390700,GOES-19,2026-10-08 19:00:00
-9.035900,-44.388500,GOES-19,2026-10-08 18:30:00
-9.035900,-44.388500,GOES-19,2026-10-08 18:50:00
-9.035900,-44.388500,GOES-19,2026-10-08 19:00:00
-12.227300,-43.948100,GOES-19,2026-10-08 18:50:00
-6.078900,-44.650400,GOES-19,2026-10-08 18:20:00
-6.078900,-44.650400,GOES-19,2026-10-08 18:30:00
-9.017300,-44.367600,GOES-19,2026-10-08 18:10:00
-9.017300,-44.367600,GOES-19,2026-10-08 18:20:00
-9.017300,-44.367600,GOES-19,2026-10-08 18:30:00
-9.017300,-44.367600,GOES-19,2026-10-08 18:40:00
-9.017300,-44.367600,GOES-19,2026-10-08 19:00:00
-9.036200,-44.365400,GOES-19,2026-10-08 19:00:00
-7.299400,-44.523800,GOES-19,2026-10-08 13:50:00
-6.942200,-44.556200,GOES-19,2026-10-08 14:20:00
-11.075000,-44.076800,GOES-19,2026-10-08 17:40:00
-11.075000,-44.076800,GOES-19,2026-10-08 18:20:00
-11.075000,-44.076800,GOES-19,2026-10-08 18:30:00
-11.075000,-44.076800,GOES-19,2026-10-08 18:40:00
-11.075000,-44.076800,GOES-19,2026-10-08 18:50:00
-11.075000,-44.076800,GOES-19,2026-10-08 19:00:00
-11.075000,-44.076800,GOES-19,2026-10-08 19:20:00
-11.075000,-44.076800,GOES-19,2026-10-08 19:30:00
-11.075000,-44.076800,GOES-19,2026-10-08 19:40:00
-11.094100,-44.074100,GOES-19,2026-10-08 18:40:00
-11.056200,-44.056100,GOES-19,2026-10-08 17:30:00
-11.056200,-44.056100,GOES-19,2026-10-08 17:50:00
-11.056200,-44.056100,GOES-19,2026-10-08 18:00:00
-11.056200,-44.056100,GOES-19,2026-10-08 18:10:00
-11.056200,-44.056100,GOES-19,2026-10-08 18:20:00
-11.056200,-44.056100,GOES-19,2026-10-08 18:30:00
-11.056200,-44.056100,GOES-19,2026-10-08 18:40:00
-11.056200,-44.056100,GOES-19,2026-10-08 18:50:00
-11.056200,-44.056100,GOES-19,2026-10-08 19:00:00
-11.056200,-44.056100,GOES-19,2026-10-08 19:10:00
-11.056200,-44.056100,GOES-19,2026-10-08 19:20:00
-11.056200,-44.056100,GOES-19,2026-10-08 19:30:00
-11.056200,-44.056100,GOES-19,2026-10-08 19:40:00
-11.075400,-44.053400,GOES-19,2026-10-08 17:30:00
-11.075400,-44.053400,GOES-19,2026-10-08 17:40:00
-11.075400,-44.053400,GOES-19,2026-10-08 17:50:00
-11.075400,-44.053400,GOES-19,2026-10-08 18:20:00
-11.075400,-44.053400,GOES-19,2026-10-08 18:30:00
-11.075400,-44.053400,GOES-19,2026-10-08 18:40:00
-11.075400,-44.053400,GOES-19,2026-10-08 18:50:00
-11.075400,-44.053400,GOES-19,2026-10-08 19:00:00
-11.094500,-44.050600,GOES-19,2026-10-08 18:10:00
-11.094500,-44.050600,GOES-19,2026-10-08 18:20:00
-11.094500,-44.050600,GOES-19,2026-10-08 18:30:00
-11.094500,-44.050600,GOES-19,2026-10-08 18:50:00
-11.094500,-44.050600,GOES-19,2026-10-08 19:00:00
-11.056600,-44.032700,GOES-19,2026-10-08 16:50:00
-11.056600,-44.032700,GOES-19,2026-10-08 17:30:00
-11.056600,-44.032700,GOES-19,2026-10-08 17:40:00
-11.056600,-44.032700,GOES-19,2026-10-08 17:50:00
-11.056600,-44.032700,GOES-19,2026-10-08 18:10:00
-11.056600,-44.032700,GOES-19,2026-10-08 18:20:00
-11.056600,-44.032700,GOES-19,2026-10-08 18:30:00
-11.056600,-44.032700,GOES-19,2026-10-08 18:40:00
-11.056600,-44.032700,GOES-19,2026-10-08 18:50:00
-11.056600,-44.032700,GOES-19,2026-10-08 19:10:00
-11.056600,-44.032700,GOES-19,2026-10-08 19:20:00
-11.056600,-44.032700,GOES-19,2026-10-08 19:30:00
-11.075800,-44.029900,GOES-19,2026-10-08 17:20:00
-11.075800,-44.029900,GOES-19,2026-10-08 17:30:00
-11.075800,-44.029900,GOES-19,2026-10-08 17:40:00
-11.075800,-44.029900,GOES-19,2026-10-08 17:50:00
-11.075800,-44.029900,GOES-19,2026-10-08 18:10:00
-11.075800,-44.029900,GOES-19,2026-10-08 18:20:00
-11.075800,-44.029900,GOES-19,2026-10-08 18:30:00
-11.075800,-44.029900,GOES-19,2026-10-08 18:40:00
-11.075800,-44.029900,GOES-19,2026-10-08 18:50:00
-11.075800,-44.029900,GOES-19,2026-10-08 19:00:00
-11.094900,-44.027100,GOES-19,2026-10-08 12:30:00
-11.094900,-44.027100,GOES-19,2026-10-08 17:20:00
-11.094900,-44.027100,GOES-19,2026-10-08 17:30:00
-11.094900,-44.027100,GOES-19,2026-10-08 17:40:00
-11.094900,-44.027100,GOES-19,2026-10-08 18:10:00
-11.094900,-44.027100,GOES-19,2026-10-08 18:20:00
-11.094900,-44.027100,GOES-19,2026-10-08 18:30:00
-11.094900,-44.027100,GOES-19,2026-10-08 18:50:00
-11.094900,-44.027100,GOES-19,2026-10-08 19:00:00
-11.114100,-44.024400,GOES-19,2026-10-08 18:00:00
-11.114100,-44.024400,GOES-19,2026-10-08 18:10:00
-11.114100,-44.024400,GOES-19,2026-10-08 18:20:00
-11.114100,-44.024400,GOES-19,2026-10-08 18:40:00
-11.114100,-44.024400,GOES-19,2026-10-08 18:50:00
-11.114100,-44.024400,GOES-19,2026-10-08 19:10:00
-11.114100,-44.024400,GOES-19,2026-10-08 19:20:00
-11.114100,-44.024400,GOES-19,2026-10-08 19:30:00
-11.076200,-44.006500,GOES-19,2026-10-08 17:40:00
-11.076200,-44.006500,GOES-19,2026-10-08 17:50:00
-11.076200,-44.006500,GOES-19,2026-10-08 18:10:00
-11.076200,-44.006500,GOES-19,2026-10-08 18:20:00
-11.076200,-44.006500,GOES-19,2026-10-08 18:50:00
-11.095300,-44.003700,GOES-19,2026-10-08 17:40:00
-11.095300,-44.003700,GOES-19,2026-10-08 18:10:00
-11.095300,-44.003700,GOES-19,2026-10-08 18:20:00
-11.095300,-44.003700,GOES-19,2026-10-08 18:50:00
-11.114500,-44.000900,GOES-19,2026-10-08 17:40:00
-11.114500,-44.000900,GOES-19,2026-10-08 18:10:00
-11.114500,-44.000900,GOES-19,2026-10-08 18:20:00
-11.114500,-44.000900,GOES-19,2026-10-08 18:50:00
-15.428700,-43.237300,GOES-19,2026-10-08 18:40:00
-4.322800,-44.651900,GOES-19,2026-10-08 18:50:00
-3.819700,-44.632300,GOES-19,2026-10-08 14:40:00
-3.819700,-44.632300,GOES-19,2026-10-08 14:50:00
-3.782600,-44.611300,GOES-19,2026-10-08 18:40:00
-3.559400,-44.553300,GOES-19,2026-10-08 14:20:00
-3.559400,-44.553300,GOES-19,2026-10-08 14:40:00
-3.559400,-44.553300,GOES-19,2026-10-08 18:10:00
-4.043900,-44.530000,GOES-19,2026-10-08 18:30:00
-8.263800,-44.197100,GOES-19,2026-10-08 18:30:00
-13.375600,-43.468700,GOES-19,2026-10-08 18:20:00
-13.375600,-43.468700,GOES-19,2026-10-08 19:10:00
-11.616800,-43.737900,GOES-19,2026-10-08 18:40:00
-11.616800,-43.737900,GOES-19,2026-10-08 18:50:00
-11.616800,-43.737900,GOES-19,2026-10-08 19:00:00
-5.613400,-44.387600,GOES-19,2026-10-08 18:30:00
-5.613400,-44.387600,GOES-19,2026-10-08 18:40:00
-5.613400,-44.387600,GOES-19,2026-10-08 19:00:00
-5.613400,-44.387600,GOES-19,2026-10-08 19:10:00
-5.613400,-44.387600,GOES-19,2026-10-08 19:20:00
-5.613400,-44.387600,GOES-19,2026-10-08 19:30:00
-7.189600,-44.258000,GOES-19,2026-10-08 18:20:00
-11.617300,-43.714200,GOES-19,2026-10-08 18:30:00
-11.617300,-43.714200,GOES-19,2026-10-08 18:50:00
-11.617300,-43.714200,GOES-19,2026-10-08 19:00:00
-11.617300,-43.714200,GOES-19,2026-10-08 19:10:00
-11.617300,-43.714200,GOES-19,2026-10-08 19:20:00
-11.617300,-43.714200,GOES-19,2026-10-08 19:30:00
-11.617300,-43.714200,GOES-19,2026-10-08 19:40:00
-11.617300,-43.714200,GOES-19,2026-10-08 19:50:00
-11.617300,-43.714200,GOES-19,2026-10-08 20:00:00
-11.617300,-43.714200,GOES-19,2026-10-08 22:50:00
-11.617300,-43.714200,GOES-19,2026-10-08 23:10:00
-11.617300,-43.714200,GOES-19,2026-10-08 23:40:00
-11.636500,-43.711300,GOES-19,2026-10-08 12:40:00
-11.636500,-43.711300,GOES-19,2026-10-08 13:20:00
-11.636500,-43.711300,GOES-19,2026-10-08 18:30:00
-11.636500,-43.711300,GOES-19,2026-10-08 18:50:00
-11.636500,-43.711300,GOES-19,2026-10-08 19:00:00
-11.636500,-43.711300,GOES-19,2026-10-08 19:10:00
-11.636500,-43.711300,GOES-19,2026-10-08 19:20:00
-11.636500,-43.711300,GOES-19,2026-10-08 19:30:00
-11.636500,-43.711300,GOES-19,2026-10-08 19:40:00
-11.636500,-43.711300,GOES-19,2026-10-08 19:50:00
-11.636500,-43.711300,GOES-19,2026-10-08 20:00:00
-11.636500,-43.711300,GOES-19,2026-10-08 22:50:00
-11.636500,-43.711300,GOES-19,2026-10-08 23:10:00
-11.636500,-43.711300,GOES-19,2026-10-08 23:40:00
-11.579300,-43.696500,GOES-19,2026-10-08 18:30:00
-11.598500,-43.693500,GOES-19,2026-10-08 18:20:00
-11.598500,-43.693500,GOES-19,2026-10-08 18:30:00
-11.598500,-43.693500,GOES-19,2026-10-08 18:50:00
-11.598500,-43.693500,GOES-19,2026-10-08 19:00:00
-11.598500,-43.693500,GOES-19,2026-10-08 19:10:00
-11.598500,-43.693500,GOES-19,2026-10-08 19:20:00
-11.598500,-43.693500,GOES-19,2026-10-08 19:30:00
-11.598500,-43.693500,GOES-19,2026-10-08 19:40:00
-11.598500,-43.693500,GOES-19,2026-10-08 19:50:00
-11.598500,-43.693500,GOES-19,2026-10-08 20:00:00
-11.598500,-43.693500,GOES-19,2026-10-08 22:50:00
-11.598500,-43.693500,GOES-19,2026-10-08 23:10:00
-11.617700,-43.690600,GOES-19,2026-10-08 12:40:00
-11.617700,-43.690600,GOES-19,2026-10-08 13:20:00
-11.617700,-43.690600,GOES-19,2026-10-08 13:50:00
-11.617700,-43.690600,GOES-19,2026-10-08 14:10:00
-11.617700,-43.690600,GOES-19,2026-10-08 14:20:00
-11.617700,-43.690600,GOES-19,2026-10-08 14:30:00
-11.617700,-43.690600,GOES-19,2026-10-08 18:20:00
-11.617700,-43.690600,GOES-19,2026-10-08 18:30:00
-11.617700,-43.690600,GOES-19,2026-10-08 18:50:00
-11.617700,-43.690600,GOES-19,2026-10-08 19:00:00
-11.617700,-43.690600,GOES-19,2026-10-08 19:10:00
-11.617700,-43.690600,GOES-19,2026-10-08 19:20:00
-11.617700,-43.690600,GOES-19,2026-10-08 19:30:00
-11.617700,-43.690600,GOES-19,2026-10-08 19:40:00
-11.617700,-43.690600,GOES-19,2026-10-08 19:50:00
-11.617700,-43.690600,GOES-19,2026-10-08 20:00:00
-11.617700,-43.690600,GOES-19,2026-10-08 22:50:00
-11.617700,-43.690600,GOES-19,2026-10-08 23:10:00
-11.617700,-43.690600,GOES-19,2026-10-08 23:40:00
-11.636900,-43.687600,GOES-19,2026-10-08 12:40:00
-11.636900,-43.687600,GOES-19,2026-10-08 13:20:00
-11.636900,-43.687600,GOES-19,2026-10-08 13:50:00
-11.636900,-43.687600,GOES-19,2026-10-08 14:10:00
-11.636900,-43.687600,GOES-19,2026-10-08 14:20:00
-11.636900,-43.687600,GOES-19,2026-10-08 14:30:00
-11.636900,-43.687600,GOES-19,2026-10-08 18:20:00
-11.636900,-43.687600,GOES-19,2026-10-08 18:30:00
-11.636900,-43.687600,GOES-19,2026-10-08 18:50:00
-11.636900,-43.687600,GOES-19,2026-10-08 19:00:00
-11.636900,-43.687600,GOES-19,2026-10-08 19:10:00
-11.636900,-43.687600,GOES-19,2026-10-08 19:20:00
-11.636900,-43.687600,GOES-19,2026-10-08 19:30:00
-11.636900,-43.687600,GOES-19,2026-10-08 19:40:00
-11.636900,-43.687600,GOES-19,2026-10-08 19:50:00
-11.636900,-43.687600,GOES-19,2026-10-08 20:00:00
-11.636900,-43.687600,GOES-19,2026-10-08 22:50:00
-11.636900,-43.687600,GOES-19,2026-10-08 23:10:00
-11.636900,-43.687600,GOES-19,2026-10-08 23:40:00
-11.656200,-43.684600,GOES-19,2026-10-08 14:10:00
-11.656200,-43.684600,GOES-19,2026-10-08 14:20:00
-11.656200,-43.684600,GOES-19,2026-10-08 14:30:00
-11.656200,-43.684600,GOES-19,2026-10-08 14:50:00
-11.656200,-43.684600,GOES-19,2026-10-08 18:20:00
-11.656200,-43.684600,GOES-19,2026-10-08 18:50:00
-11.656200,-43.684600,GOES-19,2026-10-08 22:50:00
-11.656200,-43.684600,GOES-19,2026-10-08 23:10:00
-11.656200,-43.684600,GOES-19,2026-10-08 23:40:00
-11.675400,-43.681700,GOES-19,2026-10-08 23:40:00
-7.755300,-44.157300,GOES-19,2026-10-08 13:50:00
-11.579700,-43.672800,GOES-19,2026-10-08 19:10:00
-11.579700,-43.672800,GOES-19,2026-10-08 19:20:00
-11.598900,-43.669900,GOES-19,2026-10-08 13:20:00
-11.598900,-43.669900,GOES-19,2026-10-08 13:40:00
-11.598900,-43.669900,GOES-19,2026-10-08 14:20:00
-11.598900,-43.669900,GOES-19,2026-10-08 14:30:00
-11.598900,-43.669900,GOES-19,2026-10-08 18:20:00
-11.598900,-43.669900,GOES-19,2026-10-08 18:50:00
-11.598900,-43.669900,GOES-19,2026-10-08 19:00:00
-11.598900,-43.669900,GOES-19,2026-10-08 19:10:00
-11.598900,-43.669900,GOES-19,2026-10-08 19:20:00
-11.598900,-43.669900,GOES-19,2026-10-08 19:30:00
-11.598900,-43.669900,GOES-19,2026-10-08 19:40:00
-11.598900,-43.669900,GOES-19,2026-10-08 19:50:00
-11.598900,-43.669900,GOES-19,2026-10-08 20:00:00
-11.618100,-43.666900,GOES-19,2026-10-08 12:40:00
-11.618100,-43.666900,GOES-19,2026-10-08 13:20:00
-11.618100,-43.666900,GOES-19,2026-10-08 13:50:00
-11.618100,-43.666900,GOES-19,2026-10-08 14:10:00
-11.618100,-43.666900,GOES-19,2026-10-08 14:20:00
-11.618100,-43.666900,GOES-19,2026-10-08 14:50:00
-11.618100,-43.666900,GOES-19,2026-10-08 18:20:00
-11.618100,-43.666900,GOES-19,2026-10-08 18:30:00
-11.618100,-43.666900,GOES-19,2026-10-08 18:50:00
-11.618100,-43.666900,GOES-19,2026-10-08 19:10:00
-11.618100,-43.666900,GOES-19,2026-10-08 19:30:00
-11.618100,-43.666900,GOES-19,2026-10-08 19:40:00
-11.618100,-43.666900,GOES-19,2026-10-08 19:50:00
-11.618100,-43.666900,GOES-19,2026-10-08 20:00:00
-11.618600,-43.643300,GOES-19,2026-10-08 12:40:00
-11.618600,-43.643300,GOES-19,2026-10-08 13:20:00
-11.618600,-43.643300,GOES-19,2026-10-08 13:50:00
-11.618600,-43.643300,GOES-19,2026-10-08 14:10:00
-11.618600,-43.643300,GOES-19,2026-10-08 14:20:00
-11.618600,-43.643300,GOES-19,2026-10-08 14:30:00
-11.618600,-43.643300,GOES-19,2026-10-08 14:50:00
-11.618600,-43.643300,GOES-19,2026-10-08 18:40:00
-11.849500,-43.607200,GOES-19,2026-10-08 18:30:00
-11.849500,-43.607200,GOES-19,2026-10-08 19:00:00
-11.849500,-43.607200,GOES-19,2026-10-08 19:10:00
-11.849500,-43.607200,GOES-19,2026-10-08 19:20:00
-11.849500,-43.607200,GOES-19,2026-10-08 19:30:00
-11.849500,-43.607200,GOES-19,2026-10-08 19:40:00
-11.580100,-43.649200,GOES-19,2026-10-08 14:30:00
-11.580100,-43.649200,GOES-19,2026-10-08 18:00:00
-11.580100,-43.649200,GOES-19,2026-10-08 18:20:00
-11.580100,-43.649200,GOES-19,2026-10-08 19:00:00
-11.580100,-43.649200,GOES-19,2026-10-08 19:10:00
-11.599300,-43.646200,GOES-19,2026-10-08 13:10:00
-11.599300,-43.646200,GOES-19,2026-10-08 13:20:00
-11.599300,-43.646200,GOES-19,2026-10-08 13:40:00
-11.599300,-43.646200,GOES-19,2026-10-08 14:00:00
-11.599300,-43.646200,GOES-19,2026-10-08 14:10:00
-11.599300,-43.646200,GOES-19,2026-10-08 14:20:00
-11.599300,-43.646200,GOES-19,2026-10-08 18:20:00
-11.599300,-43.646200,GOES-19,2026-10-08 18:50:00
-11.599300,-43.646200,GOES-19,2026-10-08 19:00:00
-11.599300,-43.646200,GOES-19,2026-10-08 19:10:00
-11.599300,-43.646200,GOES-19,2026-10-08 19:30:00
-11.599300,-43.646200,GOES-19,2026-10-08 19:40:00
-3.914300,-44.399500,GOES-19,2026-10-08 14:30:00
-3.914300,-44.399500,GOES-19,2026-10-08 14:40:00
-11.599800,-43.622600,GOES-19,2026-10-08 14:50:00
-11.599800,-43.622600,GOES-19,2026-10-08 15:20:00
-11.599800,-43.622600,GOES-19,2026-10-08 18:20:00
-11.599800,-43.622600,GOES-19,2026-10-08 18:40:00
-11.599800,-43.622600,GOES-19,2026-10-08 18:50:00
-11.599800,-43.622600,GOES-19,2026-10-08 19:00:00
-11.599800,-43.622600,GOES-19,2026-10-08 19:30:00
-11.619000,-43.619600,GOES-19,2026-10-08 13:50:00
-11.619000,-43.619600,GOES-19,2026-10-08 14:30:00
-11.619000,-43.619600,GOES-19,2026-10-08 14:50:00
-11.619000,-43.619600,GOES-19,2026-10-08 18:40:00
-11.638200,-43.616600,GOES-19,2026-10-08 14:50:00
-11.638200,-43.616600,GOES-19,2026-10-08 18:40:00
-11.830700,-43.586600,GOES-19,2026-10-08 17:50:00
-11.830700,-43.586600,GOES-19,2026-10-08 18:10:00
-11.830700,-43.586600,GOES-19,2026-10-08 18:20:00
-11.830700,-43.586600,GOES-19,2026-10-08 18:30:00
-11.830700,-43.586600,GOES-19,2026-10-08 18:40:00
-11.830700,-43.586600,GOES-19,2026-10-08 19:00:00
-11.830700,-43.586600,GOES-19,2026-10-08 19:10:00
-11.830700,-43.586600,GOES-19,2026-10-08 19:20:00
-11.830700,-43.586600,GOES-19,2026-10-08 19:40:00
-11.849900,-43.583500,GOES-19,2026-10-08 18:20:00
-11.849900,-43.583500,GOES-19,2026-10-08 18:30:00
-11.849900,-43.583500,GOES-19,2026-10-08 18:40:00
-11.849900,-43.583500,GOES-19,2026-10-08 18:50:00
-11.849900,-43.583500,GOES-19,2026-10-08 19:00:00
-11.849900,-43.583500,GOES-19,2026-10-08 19:10:00
-11.849900,-43.583500,GOES-19,2026-10-08 19:20:00
-11.849900,-43.583500,GOES-19,2026-10-08 19:30:00
-11.849900,-43.583500,GOES-19,2026-10-08 19:40:00
-11.869200,-43.580500,GOES-19,2026-10-08 17:50:00
-11.869200,-43.580500,GOES-19,2026-10-08 18:20:00
-11.869200,-43.580500,GOES-19,2026-10-08 18:30:00
-11.869200,-43.580500,GOES-19,2026-10-08 18:50:00
-11.869200,-43.580500,GOES-19,2026-10-08 19:00:00
-11.869200,-43.580500,GOES-19,2026-10-08 19:10:00
-11.869200,-43.580500,GOES-19,2026-10-08 19:20:00
-11.869200,-43.580500,GOES-19,2026-10-08 19:30:00
-11.869200,-43.580500,GOES-19,2026-10-08 19:40:00
-15.574800,-42.891000,GOES-19,2026-10-08 13:10:00
-3.914400,-44.376700,GOES-19,2026-10-08 14:30:00
-3.914400,-44.376700,GOES-19,2026-10-08 14:40:00
-11.619400,-43.595900,GOES-19,2026-10-08 14:20:00
-11.619400,-43.595900,GOES-19,2026-10-08 14:50:00
-11.619400,-43.595900,GOES-19,2026-10-08 17:40:00
-11.619400,-43.595900,GOES-19,2026-10-08 17:50:00
-11.619400,-43.595900,GOES-19,2026-10-08 18:00:00
-11.619400,-43.595900,GOES-19,2026-10-08 18:20:00
-11.619400,-43.595900,GOES-19,2026-10-08 18:30:00
-11.619400,-43.595900,GOES-19,2026-10-08 18:40:00
-11.619400,-43.595900,GOES-19,2026-10-08 18:50:00
-11.619400,-43.595900,GOES-19,2026-10-08 19:00:00
-11.619400,-43.595900,GOES-19,2026-10-08 19:10:00
-11.619400,-43.595900,GOES-19,2026-10-08 19:20:00
-11.619400,-43.595900,GOES-19,2026-10-08 19:30:00
-11.619400,-43.595900,GOES-19,2026-10-08 19:40:00
-11.638700,-43.592900,GOES-19,2026-10-08 14:50:00
-11.638700,-43.592900,GOES-19,2026-10-08 18:40:00
-11.831100,-43.562800,GOES-19,2026-10-08 18:30:00
-11.831100,-43.562800,GOES-19,2026-10-08 19:00:00
-11.831100,-43.562800,GOES-19,2026-10-08 19:10:00
-11.831100,-43.562800,GOES-19,2026-10-08 19:20:00
-11.831100,-43.562800,GOES-19,2026-10-08 19:40:00
-11.850300,-43.559800,GOES-19,2026-10-08 18:30:00
-11.850300,-43.559800,GOES-19,2026-10-08 19:00:00
-11.850300,-43.559800,GOES-19,2026-10-08 19:10:00
-11.850300,-43.559800,GOES-19,2026-10-08 19:20:00
-11.850300,-43.559800,GOES-19,2026-10-08 19:40:00
-11.869600,-43.556800,GOES-19,2026-10-08 18:30:00
-11.869600,-43.556800,GOES-19,2026-10-08 19:00:00
-11.869600,-43.556800,GOES-19,2026-10-08 19:10:00
-11.869600,-43.556800,GOES-19,2026-10-08 19:20:00
-4.157000,-44.341300,GOES-19,2026-10-08 18:50:00
-4.157000,-44.341300,GOES-19,2026-10-08 19:10:00
-4.157000,-44.341300,GOES-19,2026-10-08 19:30:00
-4.157000,-44.341300,GOES-19,2026-10-08 19:40:00
-12.024200,-43.508400,GOES-19,2026-10-08 19:20:00
-4.119800,-44.320400,GOES-19,2026-10-08 18:40:00
-4.119800,-44.320400,GOES-19,2026-10-08 19:20:00
-4.287700,-44.311300,GOES-19,2026-10-08 18:40:00
-11.986100,-43.490800,GOES-19,2026-10-08 19:00:00
-11.986100,-43.490800,GOES-19,2026-10-08 19:10:00
-11.986100,-43.490800,GOES-19,2026-10-08 19:20:00
-11.986100,-43.490800,GOES-19,2026-10-08 19:30:00
-11.986100,-43.490800,GOES-19,2026-10-08 19:40:00
-11.986100,-43.490800,GOES-19,2026-10-08 19:50:00
-11.986100,-43.490800,GOES-19,2026-10-08 20:00:00
-11.986100,-43.490800,GOES-19,2026-10-08 20:10:00
-11.986100,-43.490800,GOES-19,2026-10-08 20:30:00
-11.986100,-43.490800,GOES-19,2026-10-08 20:40:00
-12.005400,-43.487800,GOES-19,2026-10-08 18:50:00
-12.005400,-43.487800,GOES-19,2026-10-08 19:00:00
-12.005400,-43.487800,GOES-19,2026-10-08 19:20:00
-12.005400,-43.487800,GOES-19,2026-10-08 19:30:00
-12.005400,-43.487800,GOES-19,2026-10-08 19:40:00
-12.005400,-43.487800,GOES-19,2026-10-08 19:50:00
-12.005400,-43.487800,GOES-19,2026-10-08 20:00:00
-12.005400,-43.487800,GOES-19,2026-10-08 20:10:00
-12.005400,-43.487800,GOES-19,2026-10-08 20:30:00
-12.005400,-43.487800,GOES-19,2026-10-08 20:40:00
-12.024600,-43.484700,GOES-19,2026-10-08 18:40:00
-12.024600,-43.484700,GOES-19,2026-10-08 18:50:00
-12.024600,-43.484700,GOES-19,2026-10-08 19:00:00
-12.024600,-43.484700,GOES-19,2026-10-08 19:20:00
-12.024600,-43.484700,GOES-19,2026-10-08 19:30:00
-12.024600,-43.484700,GOES-19,2026-10-08 19:40:00
-12.024600,-43.484700,GOES-19,2026-10-08 19:50:00
-12.024600,-43.484700,GOES-19,2026-10-08 20:00:00
-12.024600,-43.484700,GOES-19,2026-10-08 20:10:00
-12.024600,-43.484700,GOES-19,2026-10-08 20:30:00
-12.024600,-43.484700,GOES-19,2026-10-08 20:40:00
-4.120000,-44.297500,GOES-19,2026-10-08 19:00:00
-4.120000,-44.297500,GOES-19,2026-10-08 19:10:00
-4.120000,-44.297500,GOES-19,2026-10-08 19:20:00
-3.523400,-44.326700,GOES-19,2026-10-08 14:20:00
-3.523400,-44.326700,GOES-19,2026-10-08 14:30:00
-3.523400,-44.326700,GOES-19,2026-10-08 15:00:00
-5.371600,-44.221100,GOES-19,2026-10-08 18:30:00
-5.390300,-44.219800,GOES-19,2026-10-08 18:30:00
-5.390300,-44.219800,GOES-19,2026-10-08 18:40:00
-5.390300,-44.219800,GOES-19,2026-10-08 18:50:00
-5.390300,-44.219800,GOES-19,2026-10-08 19:00:00
-5.390300,-44.219800,GOES-19,2026-10-08 19:20:00
-5.390300,-44.219800,GOES-19,2026-10-08 19:30:00
-5.390300,-44.219800,GOES-19,2026-10-08 19:40:00
-11.986500,-43.467100,GOES-19,2026-10-08 18:00:00
-11.986500,-43.467100,GOES-19,2026-10-08 18:20:00
-11.986500,-43.467100,GOES-19,2026-10-08 18:30:00
-11.986500,-43.467100,GOES-19,2026-10-08 18:50:00
-11.986500,-43.467100,GOES-19,2026-10-08 19:00:00
-11.986500,-43.467100,GOES-19,2026-10-08 19:10:00
-11.986500,-43.467100,GOES-19,2026-10-08 19:20:00
-11.986500,-43.467100,GOES-19,2026-10-08 19:30:00
-11.986500,-43.467100,GOES-19,2026-10-08 19:40:00
-11.986500,-43.467100,GOES-19,2026-10-08 19:50:00
-11.986500,-43.467100,GOES-19,2026-10-08 20:00:00
-11.986500,-43.467100,GOES-19,2026-10-08 20:10:00
-11.986500,-43.467100,GOES-19,2026-10-08 20:30:00
-11.986500,-43.467100,GOES-19,2026-10-08 20:40:00
-12.005800,-43.464000,GOES-19,2026-10-08 18:10:00
-12.005800,-43.464000,GOES-19,2026-10-08 18:30:00
-12.005800,-43.464000,GOES-19,2026-10-08 18:40:00
-12.005800,-43.464000,GOES-19,2026-10-08 18:50:00
-12.005800,-43.464000,GOES-19,2026-10-08 19:00:00
-12.005800,-43.464000,GOES-19,2026-10-08 19:10:00
-12.005800,-43.464000,GOES-19,2026-10-08 19:20:00
-12.005800,-43.464000,GOES-19,2026-10-08 19:30:00
-12.005800,-43.464000,GOES-19,2026-10-08 19:40:00
-12.005800,-43.464000,GOES-19,2026-10-08 19:50:00
-12.005800,-43.464000,GOES-19,2026-10-08 20:00:00
-12.005800,-43.464000,GOES-19,2026-10-08 20:10:00
-12.005800,-43.464000,GOES-19,2026-10-08 20:30:00
-12.005800,-43.464000,GOES-19,2026-10-08 20:40:00
-12.025100,-43.460900,GOES-19,2026-10-08 18:10:00
-12.025100,-43.460900,GOES-19,2026-10-08 18:20:00
-12.025100,-43.460900,GOES-19,2026-10-08 18:30:00
-12.025100,-43.460900,GOES-19,2026-10-08 18:40:00
-12.025100,-43.460900,GOES-19,2026-10-08 18:50:00
-12.025100,-43.460900,GOES-19,2026-10-08 19:00:00
-12.025100,-43.460900,GOES-19,2026-10-08 19:10:00
-12.025100,-43.460900,GOES-19,2026-10-08 19:20:00
-12.025100,-43.460900,GOES-19,2026-10-08 19:30:00
-12.025100,-43.460900,GOES-19,2026-10-08 19:40:00
-12.025100,-43.460900,GOES-19,2026-10-08 19:50:00
-12.025100,-43.460900,GOES-19,2026-10-08 20:00:00
-12.025100,-43.460900,GOES-19,2026-10-08 20:10:00
-12.025100,-43.460900,GOES-19,2026-10-08 20:30:00
-12.025100,-43.460900,GOES-19,2026-10-08 20:40:00
-12.044400,-43.457800,GOES-19,2026-10-08 18:40:00
-12.044400,-43.457800,GOES-19,2026-10-08 18:50:00
-12.044400,-43.457800,GOES-19,2026-10-08 19:00:00
-12.044400,-43.457800,GOES-19,2026-10-08 19:10:00
-3.523500,-44.303800,GOES-19,2026-10-08 14:20:00
-3.523500,-44.303800,GOES-19,2026-10-08 14:40:00
-3.523500,-44.303800,GOES-19,2026-10-08 14:50:00
-3.523500,-44.303800,GOES-19,2026-10-08 15:00:00
-3.542100,-44.303000,GOES-19,2026-10-08 14:40:00
-5.371800,-44.198100,GOES-19,2026-10-08 17:30:00
-5.371800,-44.198100,GOES-19,2026-10-08 17:50:00
-5.390500,-44.196800,GOES-19,2026-10-08 14:40:00
-5.390500,-44.196800,GOES-19,2026-10-08 17:50:00
-3.989500,-44.281300,GOES-19,2026-10-08 19:10:00
-3.989500,-44.281300,GOES-19,2026-10-08 19:20:00
-12.006300,-43.440200,GOES-19,2026-10-08 17:40:00
-12.006300,-43.440200,GOES-19,2026-10-08 17:50:00
-12.006300,-43.440200,GOES-19,2026-10-08 18:00:00
-12.006300,-43.440200,GOES-19,2026-10-08 18:10:00
-12.006300,-43.440200,GOES-19,2026-10-08 18:20:00
-12.006300,-43.440200,GOES-19,2026-10-08 18:30:00
-12.006300,-43.440200,GOES-19,2026-10-08 18:40:00
-12.006300,-43.440200,GOES-19,2026-10-08 18:50:00
-12.006300,-43.440200,GOES-19,2026-10-08 19:00:00
-12.006300,-43.440200,GOES-19,2026-10-08 19:10:00
-12.006300,-43.440200,GOES-19,2026-10-08 19:20:00
-12.006300,-43.440200,GOES-19,2026-10-08 19:30:00
-12.006300,-43.440200,GOES-19,2026-10-08 19:40:00
-12.006300,-43.440200,GOES-19,2026-10-08 19:50:00
-12.006300,-43.440200,GOES-19,2026-10-08 20:00:00
-12.006300,-43.440200,GOES-19,2026-10-08 20:10:00
-12.006300,-43.440200,GOES-19,2026-10-08 20:30:00
-12.006300,-43.440200,GOES-19,2026-10-08 20:40:00
-12.025600,-43.437100,GOES-19,2026-10-08 17:50:00
-12.025600,-43.437100,GOES-19,2026-10-08 18:40:00
-12.025600,-43.437100,GOES-19,2026-10-08 18:50:00
-12.025600,-43.437100,GOES-19,2026-10-08 19:00:00
-12.025600,-43.437100,GOES-19,2026-10-08 19:10:00
-12.025600,-43.437100,GOES-19,2026-10-08 19:20:00
-12.025600,-43.437100,GOES-19,2026-10-08 19:30:00
-12.025600,-43.437100,GOES-19,2026-10-08 19:40:00
-12.025600,-43.437100,GOES-19,2026-10-08 19:50:00
-12.025600,-43.437100,GOES-19,2026-10-08 20:00:00
-12.025600,-43.437100,GOES-19,2026-10-08 20:10:00
-12.025600,-43.437100,GOES-19,2026-10-08 20:30:00
-12.025600,-43.437100,GOES-19,2026-10-08 20:40:00
-12.044800,-43.434000,GOES-19,2026-10-08 18:40:00
-12.044800,-43.434000,GOES-19,2026-10-08 18:50:00
-12.044800,-43.434000,GOES-19,2026-10-08 19:00:00
-12.044800,-43.434000,GOES-19,2026-10-08 19:10:00
-3.505000,-44.281800,GOES-19,2026-10-08 14:20:00
-7.305200,-44.016300,GOES-19,2026-10-08 14:10:00
-7.305200,-44.016300,GOES-19,2026-10-08 17:30:00
-3.505100,-44.258900,GOES-19,2026-10-08 14:20:00
-3.505100,-44.258900,GOES-19,2026-10-08 14:30:00
-3.505100,-44.258900,GOES-19,2026-10-08 14:40:00
-7.324300,-43.991300,GOES-19,2026-10-08 14:10:00
-11.699400,-43.417800,GOES-19,2026-10-08 18:00:00
-11.699400,-43.417800,GOES-19,2026-10-08 18:40:00
-11.699400,-43.417800,GOES-19,2026-10-08 19:50:00
-6.516100,-44.017900,GOES-19,2026-10-08 19:00:00
-3.281900,-44.199900,GOES-19,2026-10-08 14:30:00
-3.281900,-44.199900,GOES-19,2026-10-08 14:40:00
-3.281900,-44.199900,GOES-19,2026-10-08 14:50:00
-6.516300,-43.994700,GOES-19,2026-10-08 18:50:00
-6.516300,-43.994700,GOES-19,2026-10-08 19:00:00
-15.501800,-42.663000,GOES-19,2026-10-08 14:00:00
-15.501800,-42.663000,GOES-19,2026-10-08 14:10:00
-3.841200,-44.151300,GOES-19,2026-10-08 18:40:00
-3.841200,-44.151300,GOES-19,2026-10-08 19:20:00
-3.841200,-44.151300,GOES-19,2026-10-08 19:30:00
-3.841200,-44.151300,GOES-19,2026-10-08 19:40:00
-4.849300,-44.094700,GOES-19,2026-10-08 14:40:00
-3.841300,-44.128300,GOES-19,2026-10-08 18:20:00
-3.841300,-44.128300,GOES-19,2026-10-08 18:30:00
-3.841300,-44.128300,GOES-19,2026-10-08 18:40:00
-3.841300,-44.128300,GOES-19,2026-10-08 18:50:00
-4.102500,-44.114900,GOES-19,2026-10-08 14:30:00
-6.498000,-43.950100,GOES-19,2026-10-08 18:50:00
-6.498000,-43.950100,GOES-19,2026-10-08 19:00:00
-9.939400,-43.577700,GOES-19,2026-10-08 12:10:00
-9.939400,-43.577700,GOES-19,2026-10-08 12:20:00
-9.939400,-43.577700,GOES-19,2026-10-08 12:30:00
-9.939400,-43.577700,GOES-19,2026-10-08 13:10:00
-9.939400,-43.577700,GOES-19,2026-10-08 13:30:00
-3.860100,-44.104400,GOES-19,2026-10-08 14:40:00
-4.084000,-44.092900,GOES-19,2026-10-08 14:30:00
-4.102600,-44.092000,GOES-19,2026-10-08 14:40:00
-5.242500,-43.999900,GOES-19,2026-10-08 21:40:00
-5.242500,-43.999900,GOES-19,2026-10-08 21:50:00
-5.224000,-43.978100,GOES-19,2026-10-08 21:40:00
-5.224000,-43.978100,GOES-19,2026-10-08 21:50:00
-5.242900,-43.953700,GOES-19,2026-10-08 21:40:00
-5.242900,-43.953700,GOES-19,2026-10-08 21:50:00
-4.383400,-43.961500,GOES-19,2026-10-08 14:50:00
-5.805200,-43.867000,GOES-19,2026-10-08 17:20:00
-5.805200,-43.867000,GOES-19,2026-10-08 18:10:00
-5.805200,-43.867000,GOES-19,2026-10-08 18:30:00
-5.805200,-43.867000,GOES-19,2026-10-08 18:50:00
-5.805400,-43.843800,GOES-19,2026-10-08 18:10:00
-6.631500,-43.753300,GOES-19,2026-10-08 02:50:00
-6.631500,-43.753300,GOES-19,2026-10-08 03:00:00
-6.631500,-43.753300,GOES-19,2026-10-08 03:10:00
-6.631500,-43.753300,GOES-19,2026-10-08 03:20:00
-6.631700,-43.730000,GOES-19,2026-10-08 02:50:00
-6.631700,-43.730000,GOES-19,2026-10-08 03:00:00
-6.631700,-43.730000,GOES-19,2026-10-08 03:10:00
-6.631700,-43.730000,GOES-19,2026-10-08 03:20:00
-15.054300,-42.489900,GOES-19,2026-10-08 18:10:00
-15.054300,-42.489900,GOES-19,2026-10-08 18:40:00
-15.054300,-42.489900,GOES-19,2026-10-08 19:10:00
-5.899800,-43.767200,GOES-19,2026-10-08 18:20:00
-5.899800,-43.767200,GOES-19,2026-10-08 18:30:00
-13.742400,-42.656100,GOES-19,2026-10-08 14:20:00
-15.254100,-42.349500,GOES-19,2026-10-08 17:40:00
-15.431900,-42.311000,GOES-19,2026-10-08 13:10:00
-12.054500,-42.932200,GOES-19,2026-10-08 18:40:00
-4.497700,-43.631500,GOES-19,2026-10-08 18:50:00
-4.497700,-43.631500,GOES-19,2026-10-08 19:00:00
-4.516400,-43.630400,GOES-19,2026-10-08 18:50:00
-4.497900,-43.608300,GOES-19,2026-10-08 18:40:00
-4.497900,-43.608300,GOES-19,2026-10-08 18:50:00
-5.884200,-43.419900,GOES-19,2026-10-08 18:40:00
-5.884200,-43.419900,GOES-19,2026-10-08 18:50:00
-6.109700,-43.378600,GOES-19,2026-10-08 18:20:00
-5.771900,-43.405300,GOES-19,2026-10-08 18:10:00
-5.771900,-43.405300,GOES-19,2026-10-08 18:20:00
-5.884500,-43.396600,GOES-19,2026-10-08 18:20:00
-5.884500,-43.396600,GOES-19,2026-10-08 18:30:00
-5.884500,-43.396600,GOES-19,2026-10-08 18:40:00
-5.884500,-43.396600,GOES-19,2026-10-08 18:50:00
-5.884500,-43.396600,GOES-19,2026-10-08 19:00:00
-5.884500,-43.396600,GOES-19,2026-10-08 19:10:00
-5.884500,-43.396600,GOES-19,2026-10-08 19:20:00
-5.884500,-43.396600,GOES-19,2026-10-08 19:30:00
-5.884500,-43.396600,GOES-19,2026-10-08 19:40:00
-5.361300,-43.226000,GOES-19,2026-10-08 18:20:00
-5.361300,-43.226000,GOES-19,2026-10-08 19:10:00
-5.380000,-43.224700,GOES-19,2026-10-08 18:20:00
-5.380000,-43.224700,GOES-19,2026-10-08 19:10:00
-6.920700,-43.073500,GOES-19,2026-10-08 14:40:00
-14.540100,-41.886600,GOES-19,2026-10-08 17:50:00
-14.540100,-41.886600,GOES-19,2026-10-08 18:00:00
-14.540100,-41.886600,GOES-19,2026-10-08 18:10:00
-14.540100,-41.886600,GOES-19,2026-10-08 18:20:00
-14.540100,-41.886600,GOES-19,2026-10-08 18:30:00
-14.540100,-41.886600,GOES-19,2026-10-08 18:40:00
-14.559700,-41.882500,GOES-19,2026-10-08 17:50:00
-14.559700,-41.882500,GOES-19,2026-10-08 18:00:00
-14.559700,-41.882500,GOES-19,2026-10-08 18:10:00
-7.488300,-42.853200,GOES-19,2026-10-08 18:20:00
-7.488300,-42.853200,GOES-19,2026-10-08 18:30:00
-7.488300,-42.853200,GOES-19,2026-10-08 18:40:00
-14.209200,-41.831800,GOES-19,2026-10-08 11:00:00
-14.209200,-41.831800,GOES-19,2026-10-08 11:10:00
-14.209200,-41.831800,GOES-19,2026-10-08 11:20:00
-14.209200,-41.831800,GOES-19,2026-10-08 11:30:00
-17.006600,-41.169300,GOES-19,2026-10-08 19:30:00
-17.006600,-41.169300,GOES-19,2026-10-08 19:40:00
-14.742800,-41.596800,GOES-19,2026-10-08 18:10:00
-5.514400,-42.863400,GOES-19,2026-10-08 18:50:00
-14.568100,-41.534900,GOES-19,2026-10-08 12:40:00
-15.240700,-41.313700,GOES-19,2026-10-08 17:50:00
-5.854200,-42.625000,GOES-19,2026-10-08 17:40:00
-13.301200,-41.519800,GOES-19,2026-10-08 14:10:00
-13.301200,-41.519800,GOES-19,2026-10-08 14:30:00
-2.841900,-42.687200,GOES-19,2026-10-08 18:40:00
-2.841900,-42.687200,GOES-19,2026-10-08 18:50:00
-13.301800,-41.495100,GOES-19,2026-10-08 13:40:00
-13.301800,-41.495100,GOES-19,2026-10-08 13:50:00
-13.301800,-41.495100,GOES-19,2026-10-08 14:10:00
-13.301800,-41.495100,GOES-19,2026-10-08 14:40:00
-14.417900,-41.268800,GOES-19,2026-10-08 14:40:00
-14.417900,-41.268800,GOES-19,2026-10-08 14:50:00
-2.842000,-42.663700,GOES-19,2026-10-08 18:50:00
-14.457900,-41.235500,GOES-19,2026-10-08 14:10:00
-14.459100,-41.185400,GOES-19,2026-10-08 18:50:00
-6.552300,-42.351900,GOES-19,2026-10-08 17:40:00
-6.552300,-42.351900,GOES-19,2026-10-08 17:50:00
-14.420900,-41.143700,GOES-19,2026-10-08 13:40:00
-11.911000,-41.405800,GOES-19,2026-10-08 18:20:00
-11.911000,-41.405800,GOES-19,2026-10-08 18:30:00
-11.911000,-41.405800,GOES-19,2026-10-08 18:40:00
-11.911000,-41.405800,GOES-19,2026-10-08 18:50:00
-11.911000,-41.405800,GOES-19,2026-10-08 19:00:00
-11.911000,-41.405800,GOES-19,2026-10-08 19:10:00
-11.911000,-41.405800,GOES-19,2026-10-08 19:20:00
-11.911000,-41.405800,GOES-19,2026-10-08 19:30:00
-11.911500,-41.381200,GOES-19,2026-10-08 18:00:00
-11.911500,-41.381200,GOES-19,2026-10-08 18:10:00
-11.911500,-41.381200,GOES-19,2026-10-08 18:20:00
-11.911500,-41.381200,GOES-19,2026-10-08 18:30:00
-11.911500,-41.381200,GOES-19,2026-10-08 18:40:00
-11.911500,-41.381200,GOES-19,2026-10-08 18:50:00
-11.911500,-41.381200,GOES-19,2026-10-08 19:00:00
-11.911500,-41.381200,GOES-19,2026-10-08 19:10:00
-11.911500,-41.381200,GOES-19,2026-10-08 19:20:00
-11.911500,-41.381200,GOES-19,2026-10-08 19:30:00
-14.487300,-40.829300,GOES-19,2026-10-08 14:10:00
-14.507000,-40.825100,GOES-19,2026-10-08 14:10:00
-14.470100,-40.732700,GOES-19,2026-10-08 14:50:00
-3.891100,-42.118700,GOES-19,2026-10-08 18:00:00
-3.891100,-42.118700,GOES-19,2026-10-08 18:10:00
-3.891100,-42.118700,GOES-19,2026-10-08 18:20:00
-3.891100,-42.118700,GOES-19,2026-10-08 18:30:00
-3.891100,-42.118700,GOES-19,2026-10-08 18:40:00
-3.891100,-42.118700,GOES-19,2026-10-08 18:50:00
-14.470700,-40.707400,GOES-19,2026-10-08 14:20:00
-14.255500,-40.703700,GOES-19,2026-10-08 13:30:00
-6.841400,-41.751300,GOES-19,2026-10-08 14:10:00
-6.841400,-41.751300,GOES-19,2026-10-08 14:30:00
-11.281200,-41.144100,GOES-19,2026-10-08 18:20:00
-11.281200,-41.144100,GOES-19,2026-10-08 18:30:00
-11.300900,-41.116200,GOES-19,2026-10-08 18:00:00
-11.300900,-41.116200,GOES-19,2026-10-08 18:10:00
-3.781700,-41.671800,GOES-19,2026-10-08 14:10:00
-3.800400,-41.670800,GOES-19,2026-10-08 14:10:00
-3.800400,-41.670800,GOES-19,2026-10-08 14:30:00
-3.800500,-41.646800,GOES-19,2026-10-08 14:10:00
-3.800500,-41.646800,GOES-19,2026-10-08 14:30:00
-3.800500,-41.646800,GOES-19,2026-10-08 18:00:00
-17.234400,-39.518900,GOES-19,2026-10-08 18:50:00
-17.234400,-39.518900,GOES-19,2026-10-08 19:00:00
-17.234400,-39.518900,GOES-19,2026-10-08 19:30:00
-17.234400,-39.518900,GOES-19,2026-10-08 19:40:00
-10.161300,-40.532600,GOES-19,2026-10-08 13:00:00
-10.161300,-40.532600,GOES-19,2026-10-08 13:10:00
-10.161300,-40.532600,GOES-19,2026-10-08 13:20:00
-10.161300,-40.532600,GOES-19,2026-10-08 13:30:00
-5.983000,-40.985400,GOES-19,2026-10-08 19:20:00
-5.983000,-40.985400,GOES-19,2026-10-08 19:30:00
-6.001900,-40.983700,GOES-19,2026-10-08 19:30:00
-5.945800,-40.940000,GOES-19,2026-10-08 18:00:00
-5.945800,-40.940000,GOES-19,2026-10-08 18:10:00
-5.945800,-40.940000,GOES-19,2026-10-08 18:30:00
-6.002400,-40.935000,GOES-19,2026-10-08 18:20:00
-6.002400,-40.935000,GOES-19,2026-10-08 18:40:00
-6.002400,-40.935000,GOES-19,2026-10-08 18:50:00
-6.833600,-40.782900,GOES-19,2026-10-08 18:40:00
-4.746300,-40.498500,GOES-19,2026-10-08 14:20:00
-4.789000,-39.880000,GOES-19,2026-10-08 18:00:00
-6.831900,-39.321300,GOES-19,2026-10-08 18:50:00
-6.853000,-39.142800,GOES-19,2026-10-08 14:00:00
-6.478100,-38.828800,GOES-19,2026-10-08 17:50:00
-6.478100,-38.828800,GOES-19,2026-10-08 18:00:00
-6.478100,-38.828800,GOES-19,2026-10-08 18:10:00
-4.872600,-38.898800,GOES-19,2026-10-08 18:40:00
-4.872600,-38.898800,GOES-19,2026-10-08 19:30:00
-8.915400,-37.279000,GOES-19,2026-10-08 19:00:00
-8.915400,-37.279000,GOES-19,2026-10-08 19:20:00
-8.934600,-37.276100,GOES-19,2026-10-08 18:40:00
-8.934600,-37.276100,GOES-19,2026-10-08 18:50:00
-8.934600,-37.276100,GOES-19,2026-10-08 19:00:00
-8.934600,-37.276100,GOES-19,2026-10-08 19:10:00
-9.033100,-67.834400,GOES-19,2026-10-08 18:30:00
-9.181500,-67.756800,GOES-19,2026-10-08 17:30:00
-9.181500,-67.756800,GOES-19,2026-10-08 17:40:00
-9.089000,-67.722000,GOES-19,2026-10-08 18:00:00
-9.089000,-67.722000,GOES-19,2026-10-08 18:20:00
-9.089000,-67.722000,GOES-19,2026-10-08 18:30:00
-9.089000,-67.722000,GOES-19,2026-10-08 18:50:00
-9.089100,-67.703500,GOES-19,2026-10-08 17:40:00
-9.089100,-67.703500,GOES-19,2026-10-08 18:40:00
-9.089100,-67.703500,GOES-19,2026-10-08 18:50:00
-9.089100,-67.703500,GOES-19,2026-10-08 19:00:00
-9.385900,-67.584800,GOES-19,2026-10-08 18:20:00
-8.590700,-67.456500,GOES-19,2026-10-08 18:40:00
-8.590700,-67.456500,GOES-19,2026-10-08 18:50:00
-8.590700,-67.456500,GOES-19,2026-10-08 19:40:00
-8.129700,-67.300900,GOES-19,2026-10-08 15:40:00
-9.220800,-67.162500,GOES-19,2026-10-08 18:10:00
-8.592100,-67.049100,GOES-19,2026-10-08 14:10:00
-8.592100,-67.049100,GOES-19,2026-10-08 15:10:00
-8.592100,-67.049100,GOES-19,2026-10-08 15:20:00
-8.610600,-67.048600,GOES-19,2026-10-08 14:10:00
-8.610600,-67.048600,GOES-19,2026-10-08 15:10:00
-8.610600,-67.048600,GOES-19,2026-10-08 15:20:00
-8.629100,-67.048200,GOES-19,2026-10-08 14:10:00
-8.518300,-67.032500,GOES-19,2026-10-08 18:40:00
-8.518300,-67.032500,GOES-19,2026-10-08 18:50:00
-8.518300,-67.032500,GOES-19,2026-10-08 19:00:00
-8.518300,-67.032500,GOES-19,2026-10-08 19:50:00
-8.518300,-67.032500,GOES-19,2026-10-08 20:10:00
-8.518300,-67.032500,GOES-19,2026-10-08 20:20:00
-8.518300,-67.032500,GOES-19,2026-10-08 20:30:00
-8.518300,-67.032500,GOES-19,2026-10-08 20:40:00
-8.536700,-67.032000,GOES-19,2026-10-08 18:50:00
-8.536700,-67.032000,GOES-19,2026-10-08 20:40:00
-8.610700,-67.030100,GOES-19,2026-10-08 14:10:00
-8.610700,-67.030100,GOES-19,2026-10-08 15:10:00
-8.610700,-67.030100,GOES-19,2026-10-08 15:20:00
-8.518300,-67.013900,GOES-19,2026-10-08 18:50:00
-8.518300,-67.013900,GOES-19,2026-10-08 20:10:00
-8.518300,-67.013900,GOES-19,2026-10-08 20:20:00
-8.518300,-67.013900,GOES-19,2026-10-08 20:30:00
-8.518300,-67.013900,GOES-19,2026-10-08 20:40:00
-8.536800,-67.013500,GOES-19,2026-10-08 18:50:00
-8.610700,-67.011600,GOES-19,2026-10-08 14:10:00
-8.610700,-67.011600,GOES-19,2026-10-08 15:10:00
-8.629200,-67.011100,GOES-19,2026-10-08 14:10:00
-8.629200,-67.011100,GOES-19,2026-10-08 15:10:00
-8.629200,-67.011100,GOES-19,2026-10-08 15:20:00
-8.518400,-66.995400,GOES-19,2026-10-08 18:50:00
-8.518400,-66.995400,GOES-19,2026-10-08 20:10:00
-8.518400,-66.995400,GOES-19,2026-10-08 20:20:00
-8.518400,-66.995400,GOES-19,2026-10-08 20:30:00
-8.536900,-66.994900,GOES-19,2026-10-08 18:50:00
-8.536900,-66.994900,GOES-19,2026-10-08 20:10:00
-8.536900,-66.994900,GOES-19,2026-10-08 20:20:00
-8.536900,-66.994900,GOES-19,2026-10-08 20:30:00
-8.536900,-66.994900,GOES-19,2026-10-08 20:40:00
-8.629300,-66.992600,GOES-19,2026-10-08 15:10:00
-8.629300,-66.992600,GOES-19,2026-10-08 15:20:00
-8.537000,-66.976400,GOES-19,2026-10-08 18:50:00
-8.537000,-66.976400,GOES-19,2026-10-08 20:10:00
-8.537000,-66.976400,GOES-19,2026-10-08 20:20:00
-8.537000,-66.976400,GOES-19,2026-10-08 20:30:00
-8.537000,-66.976400,GOES-19,2026-10-08 20:40:00
-8.555400,-66.975900,GOES-19,2026-10-08 20:10:00
-8.555400,-66.975900,GOES-19,2026-10-08 20:20:00
-8.555400,-66.975900,GOES-19,2026-10-08 20:30:00
-8.555400,-66.975900,GOES-19,2026-10-08 20:40:00
-8.592400,-66.975000,GOES-19,2026-10-08 15:20:00
-9.301600,-65.614600,GOES-19,2026-10-08 18:40:00
-9.301600,-65.614600,GOES-19,2026-10-08 19:00:00
-9.301600,-65.614600,GOES-19,2026-10-08 19:10:00
-9.301600,-65.614600,GOES-19,2026-10-08 19:20:00
-9.301600,-65.614600,GOES-19,2026-10-08 19:30:00
-9.320100,-65.614000,GOES-19,2026-10-08 19:10:00
-9.320100,-65.614000,GOES-19,2026-10-08 19:20:00
-9.320100,-65.614000,GOES-19,2026-10-08 19:30:00
-9.320200,-65.595300,GOES-19,2026-10-08 19:10:00
-9.320200,-65.595300,GOES-19,2026-10-08 19:20:00
-9.320200,-65.595300,GOES-19,2026-10-08 19:30:00
-9.320200,-65.595300,GOES-19,2026-10-08 20:00:00
-9.320300,-65.576600,GOES-19,2026-10-08 18:10:00
-9.320300,-65.576600,GOES-19,2026-10-08 18:20:00
-9.320300,-65.576600,GOES-19,2026-10-08 18:30:00
-9.320300,-65.576600,GOES-19,2026-10-08 18:40:00
-9.320300,-65.576600,GOES-19,2026-10-08 18:50:00
-9.320300,-65.576600,GOES-19,2026-10-08 19:00:00
-9.320300,-65.576600,GOES-19,2026-10-08 19:10:00
-9.320300,-65.576600,GOES-19,2026-10-08 19:20:00
-9.320300,-65.576600,GOES-19,2026-10-08 19:30:00
-9.320300,-65.576600,GOES-19,2026-10-08 20:00:00
-9.338800,-65.576000,GOES-19,2026-10-08 18:10:00
-9.338800,-65.576000,GOES-19,2026-10-08 18:40:00
-9.338800,-65.576000,GOES-19,2026-10-08 18:50:00
-9.338800,-65.576000,GOES-19,2026-10-08 19:00:00
-9.338800,-65.576000,GOES-19,2026-10-08 19:50:00
-9.301800,-65.558500,GOES-19,2026-10-08 18:20:00
-9.301800,-65.558500,GOES-19,2026-10-08 18:30:00
-9.301800,-65.558500,GOES-19,2026-10-08 18:40:00
-9.301800,-65.558500,GOES-19,2026-10-08 18:50:00
-9.301800,-65.558500,GOES-19,2026-10-08 19:00:00
-9.301800,-65.558500,GOES-19,2026-10-08 19:10:00
-9.301800,-65.558500,GOES-19,2026-10-08 19:20:00
-9.301800,-65.558500,GOES-19,2026-10-08 19:50:00
-9.301800,-65.558500,GOES-19,2026-10-08 20:00:00
-9.320400,-65.557900,GOES-19,2026-10-08 18:20:00
-9.320400,-65.557900,GOES-19,2026-10-08 18:30:00
-9.320400,-65.557900,GOES-19,2026-10-08 18:40:00
-9.320400,-65.557900,GOES-19,2026-10-08 18:50:00
-9.320400,-65.557900,GOES-19,2026-10-08 19:00:00
-9.320400,-65.557900,GOES-19,2026-10-08 19:10:00
-9.320400,-65.557900,GOES-19,2026-10-08 19:20:00
-9.320400,-65.557900,GOES-19,2026-10-08 19:40:00
-9.320400,-65.557900,GOES-19,2026-10-08 19:50:00
-9.320400,-65.557900,GOES-19,2026-10-08 20:00:00
-9.338900,-65.557300,GOES-19,2026-10-08 18:20:00
-9.338900,-65.557300,GOES-19,2026-10-08 18:30:00
-9.338900,-65.557300,GOES-19,2026-10-08 18:40:00
-9.338900,-65.557300,GOES-19,2026-10-08 19:20:00
-9.338900,-65.557300,GOES-19,2026-10-08 19:30:00
-9.338900,-65.557300,GOES-19,2026-10-08 19:40:00
-9.338900,-65.557300,GOES-19,2026-10-08 19:50:00
-9.283500,-65.503100,GOES-19,2026-10-08 19:30:00
-9.357900,-65.463200,GOES-19,2026-10-08 18:10:00
-9.357900,-65.463200,GOES-19,2026-10-08 18:20:00
-9.357900,-65.463200,GOES-19,2026-10-08 18:30:00
-9.357900,-65.463200,GOES-19,2026-10-08 18:40:00
-9.357900,-65.463200,GOES-19,2026-10-08 18:50:00
-9.357900,-65.463200,GOES-19,2026-10-08 19:00:00
-9.358000,-65.444500,GOES-19,2026-10-08 18:20:00
-9.358000,-65.444500,GOES-19,2026-10-08 18:40:00
-11.598500,-65.114900,GOES-19,2026-10-08 17:40:00
-11.768900,-64.880600,GOES-19,2026-10-08 18:50:00
-9.732200,-64.906700,GOES-19,2026-10-08 18:20:00
-9.732200,-64.906700,GOES-19,2026-10-08 18:30:00
-9.732200,-64.906700,GOES-19,2026-10-08 18:50:00
-9.732200,-64.906700,GOES-19,2026-10-08 19:00:00
-9.732200,-64.906700,GOES-19,2026-10-08 19:10:00
-9.141100,-64.308400,GOES-19,2026-10-08 15:40:00
-9.141100,-64.308400,GOES-19,2026-10-08 15:50:00
-9.141100,-64.308400,GOES-19,2026-10-08 16:00:00
-11.929400,-63.428300,GOES-19,2026-10-08 15:30:00
-11.929400,-63.428300,GOES-19,2026-10-08 15:40:00
-11.929400,-63.428300,GOES-19,2026-10-08 15:50:00
-11.929400,-63.428300,GOES-19,2026-10-08 19:00:00
-9.254800,-60.905500,GOES-19,2026-10-08 22:50:00
-9.254800,-60.905500,GOES-19,2026-10-08 23:00:00
-9.254800,-60.905500,GOES-19,2026-10-08 23:10:00
-9.236300,-60.887200,GOES-19,2026-10-08 22:50:00
-9.236300,-60.887200,GOES-19,2026-10-08 23:00:00
-9.236300,-60.887200,GOES-19,2026-10-08 23:10:00
-9.254900,-60.886300,GOES-19,2026-10-08 22:50:00
-9.254900,-60.886300,GOES-19,2026-10-08 23:00:00
-9.254900,-60.886300,GOES-19,2026-10-08 23:10:00
-9.199200,-60.869800,GOES-19,2026-10-08 23:00:00
-9.199200,-60.869800,GOES-19,2026-10-08 23:10:00
-9.217800,-60.868900,GOES-19,2026-10-08 22:50:00
-9.217800,-60.868900,GOES-19,2026-10-08 23:00:00
-9.217800,-60.868900,GOES-19,2026-10-08 23:10:00
-9.255000,-60.867100,GOES-19,2026-10-08 22:50:00
-9.255000,-60.867100,GOES-19,2026-10-08 23:00:00
-9.255000,-60.867100,GOES-19,2026-10-08 23:10:00
-1.703900,-60.991100,GOES-19,2026-10-08 15:40:00
-1.703900,-60.991100,GOES-19,2026-10-08 15:50:00
-1.703900,-60.991100,GOES-19,2026-10-08 16:00:00
4.224200,-60.856900,GOES-19,2026-10-08 14:30:00
4.224200,-60.856900,GOES-19,2026-10-08 14:40:00
4.224300,-60.838000,GOES-19,2026-10-08 13:30:00
4.224300,-60.838000,GOES-19,2026-10-08 14:40:00
2.764000,-60.048700,GOES-19,2026-10-08 15:30:00
-6.633000,-59.945700,GOES-19,2026-10-08 15:20:00
2.745700,-60.029900,GOES-19,2026-10-08 15:00:00
2.745700,-60.029900,GOES-19,2026-10-08 15:10:00
2.745700,-60.029900,GOES-19,2026-10-08 15:20:00
2.745700,-60.029900,GOES-19,2026-10-08 15:30:00
-6.857200,-59.398600,GOES-19,2026-10-08 15:40:00
-6.857400,-59.360000,GOES-19,2026-10-08 15:10:00
-6.857400,-59.360000,GOES-19,2026-10-08 15:20:00
-6.857600,-59.340700,GOES-19,2026-10-08 15:00:00
-6.857600,-59.340700,GOES-19,2026-10-08 15:10:00
-6.857600,-59.340700,GOES-19,2026-10-08 15:20:00
-3.332200,-59.389400,GOES-19,2026-10-08 15:40:00
-3.478600,-59.386500,GOES-19,2026-10-08 15:30:00
-3.460700,-59.252700,GOES-19,2026-10-08 15:50:00
-2.912100,-59.224800,GOES-19,2026-10-08 15:50:00
-3.187400,-58.855000,GOES-19,2026-10-08 18:10:00
-3.169100,-58.836100,GOES-19,2026-10-08 17:30:00
-3.169100,-58.836100,GOES-19,2026-10-08 17:40:00
-3.169100,-58.836100,GOES-19,2026-10-08 18:00:00
-3.169100,-58.836100,GOES-19,2026-10-08 18:20:00
-3.169100,-58.836100,GOES-19,2026-10-08 18:40:00
-3.169100,-58.836100,GOES-19,2026-10-08 18:50:00
-3.169100,-58.836100,GOES-19,2026-10-08 19:00:00
-3.169100,-58.836100,GOES-19,2026-10-08 19:10:00
-3.169100,-58.836100,GOES-19,2026-10-08 19:20:00
-3.169100,-58.836100,GOES-19,2026-10-08 19:30:00
-3.169100,-58.836100,GOES-19,2026-10-08 19:40:00
-3.169600,-58.662900,GOES-19,2026-10-08 15:20:00
-3.169600,-58.662900,GOES-19,2026-10-08 15:30:00
-3.169600,-58.662900,GOES-19,2026-10-08 15:40:00
-3.169600,-58.662900,GOES-19,2026-10-08 15:50:00
-3.169600,-58.662900,GOES-19,2026-10-08 18:30:00
-3.572500,-58.577400,GOES-19,2026-10-08 18:40:00
-3.572500,-58.577400,GOES-19,2026-10-08 19:10:00
-3.572500,-58.577400,GOES-19,2026-10-08 19:20:00
-3.572500,-58.577400,GOES-19,2026-10-08 19:30:00
-3.590800,-58.577000,GOES-19,2026-10-08 18:30:00
-3.590800,-58.577000,GOES-19,2026-10-08 18:50:00
-3.590800,-58.577000,GOES-19,2026-10-08 19:00:00
-3.590800,-58.577000,GOES-19,2026-10-08 19:20:00
-2.310300,-58.581300,GOES-19,2026-10-08 18:10:00
-3.590900,-58.557700,GOES-19,2026-10-08 18:30:00
-3.590900,-58.557700,GOES-19,2026-10-08 18:40:00
-3.590900,-58.557700,GOES-19,2026-10-08 18:50:00
-3.590900,-58.557700,GOES-19,2026-10-08 19:00:00
-3.590900,-58.557700,GOES-19,2026-10-08 19:10:00
-3.590900,-58.557700,GOES-19,2026-10-08 19:20:00
-3.462800,-58.541300,GOES-19,2026-10-08 15:20:00
-3.610500,-58.151700,GOES-19,2026-10-08 17:50:00
-3.610500,-58.151700,GOES-19,2026-10-08 18:00:00
-2.201500,-58.139200,GOES-19,2026-10-08 18:20:00
-2.512500,-58.076500,GOES-19,2026-10-08 18:00:00
-2.512500,-58.076500,GOES-19,2026-10-08 18:10:00
-2.512500,-58.076500,GOES-19,2026-10-08 18:20:00
-2.512500,-58.076500,GOES-19,2026-10-08 18:30:00
-2.512500,-58.076500,GOES-19,2026-10-08 18:40:00
-2.512500,-58.076500,GOES-19,2026-10-08 18:50:00
-3.409400,-58.040100,GOES-19,2026-10-08 17:10:00
-3.409400,-58.040100,GOES-19,2026-10-08 17:20:00
-3.409400,-58.040100,GOES-19,2026-10-08 17:40:00
-3.409400,-58.040100,GOES-19,2026-10-08 18:10:00
-3.409400,-58.040100,GOES-19,2026-10-08 18:20:00
-2.567500,-58.037000,GOES-19,2026-10-08 18:10:00
-2.567500,-58.037000,GOES-19,2026-10-08 18:20:00
-2.567500,-58.037000,GOES-19,2026-10-08 18:30:00
-2.567500,-58.037000,GOES-19,2026-10-08 18:40:00
-2.567500,-58.037000,GOES-19,2026-10-08 18:50:00
-2.549200,-58.017900,GOES-19,2026-10-08 18:00:00
-2.549200,-58.017900,GOES-19,2026-10-08 18:10:00
-2.549200,-58.017900,GOES-19,2026-10-08 18:40:00
-2.549200,-58.017900,GOES-19,2026-10-08 19:00:00
-2.549200,-58.017900,GOES-19,2026-10-08 19:10:00
-2.549200,-58.017900,GOES-19,2026-10-08 19:20:00
-2.549200,-58.017900,GOES-19,2026-10-08 19:30:00
-3.391200,-57.982400,GOES-19,2026-10-08 19:30:00
-3.391200,-57.982400,GOES-19,2026-10-08 19:40:00
-3.391200,-57.982400,GOES-19,2026-10-08 19:50:00
-2.293200,-57.983200,GOES-19,2026-10-08 15:10:00
-3.794400,-57.953600,GOES-19,2026-10-08 17:30:00
-2.604300,-57.920200,GOES-19,2026-10-08 18:20:00
-2.604300,-57.920200,GOES-19,2026-10-08 18:30:00
-2.604300,-57.920200,GOES-19,2026-10-08 18:40:00
-2.604300,-57.920200,GOES-19,2026-10-08 18:50:00
-3.281600,-57.907200,GOES-19,2026-10-08 15:30:00
-3.281600,-57.907200,GOES-19,2026-10-08 15:40:00
-3.464800,-57.903200,GOES-19,2026-10-08 17:30:00
-3.025400,-57.873800,GOES-19,2026-10-08 15:20:00
-3.025400,-57.873800,GOES-19,2026-10-08 15:30:00
-3.025400,-57.873800,GOES-19,2026-10-08 15:40:00
-3.208500,-57.850600,GOES-19,2026-10-08 15:20:00
-3.208500,-57.850600,GOES-19,2026-10-08 15:30:00
-3.208500,-57.850600,GOES-19,2026-10-08 15:40:00
-3.208500,-57.850600,GOES-19,2026-10-08 15:50:00
-3.208500,-57.850600,GOES-19,2026-10-08 16:20:00
-3.208500,-57.850600,GOES-19,2026-10-08 18:00:00
-3.208500,-57.850600,GOES-19,2026-10-08 19:10:00
-2.494900,-57.786400,GOES-19,2026-10-08 18:10:00
-3.025600,-57.776800,GOES-19,2026-10-08 18:50:00
-3.154100,-57.677200,GOES-19,2026-10-08 15:20:00
-3.154100,-57.677200,GOES-19,2026-10-08 15:30:00
-3.154100,-57.677200,GOES-19,2026-10-08 15:40:00
-3.154100,-57.677200,GOES-19,2026-10-08 15:50:00
-3.154100,-57.677200,GOES-19,2026-10-08 16:20:00
-3.154100,-57.677200,GOES-19,2026-10-08 16:30:00
-3.154100,-57.677200,GOES-19,2026-10-08 17:40:00
-3.154100,-57.677200,GOES-19,2026-10-08 18:00:00
-3.154100,-57.677200,GOES-19,2026-10-08 18:30:00
-3.154100,-57.677200,GOES-19,2026-10-08 18:50:00
-2.733100,-57.627100,GOES-19,2026-10-08 15:40:00
-2.861700,-57.469300,GOES-19,2026-10-08 15:40:00
-2.899000,-57.215500,GOES-19,2026-10-08 19:00:00
-2.899000,-57.215500,GOES-19,2026-10-08 19:10:00
-2.899000,-57.215500,GOES-19,2026-10-08 19:20:00
-2.899000,-57.215500,GOES-19,2026-10-08 19:30:00
-2.899000,-57.215500,GOES-19,2026-10-08 19:40:00
-2.899000,-57.215500,GOES-19,2026-10-08 19:50:00
-15.556000,-56.396300,GOES-19,2026-10-08 18:30:00
-15.556000,-56.396300,GOES-19,2026-10-08 19:00:00
-3.705600,-57.119300,GOES-19,2026-10-08 18:10:00
-3.705600,-57.119300,GOES-19,2026-10-08 18:30:00
-2.203900,-56.935000,GOES-19,2026-10-08 15:10:00
-2.203900,-56.935000,GOES-19,2026-10-08 15:20:00
-2.203900,-56.935000,GOES-19,2026-10-08 15:30:00
-2.203900,-56.935000,GOES-19,2026-10-08 15:40:00
-2.075900,-56.878400,GOES-19,2026-10-08 17:40:00
-2.075900,-56.878400,GOES-19,2026-10-08 18:00:00
-2.075900,-56.878400,GOES-19,2026-10-08 18:10:00
-2.075900,-56.878400,GOES-19,2026-10-08 18:20:00
-2.075900,-56.878400,GOES-19,2026-10-08 18:30:00
-2.075900,-56.878400,GOES-19,2026-10-08 18:40:00
-2.075900,-56.878400,GOES-19,2026-10-08 18:50:00
-16.145400,-55.958000,GOES-19,2026-10-08 15:20:00
-21.664700,-55.114600,GOES-19,2026-10-08 18:50:00
-21.664700,-55.114600,GOES-19,2026-10-08 19:50:00
-2.113100,-56.623600,GOES-19,2026-10-08 15:10:00
-2.113100,-56.623600,GOES-19,2026-10-08 15:20:00
-2.113100,-56.623600,GOES-19,2026-10-08 15:30:00
-2.113100,-56.623600,GOES-19,2026-10-08 15:40:00
-2.113100,-56.623600,GOES-19,2026-10-08 15:50:00
-2.113100,-56.623600,GOES-19,2026-10-08 16:00:00
-2.113100,-56.623600,GOES-19,2026-10-08 18:00:00
-2.626100,-56.497400,GOES-19,2026-10-08 15:10:00
-2.626100,-56.497400,GOES-19,2026-10-08 15:20:00
-2.626100,-56.497400,GOES-19,2026-10-08 15:30:00
-2.626100,-56.497400,GOES-19,2026-10-08 19:30:00
-2.626100,-56.497400,GOES-19,2026-10-08 19:40:00
-2.626200,-56.477800,GOES-19,2026-10-08 15:00:00
-2.626200,-56.477800,GOES-19,2026-10-08 15:10:00
-2.626200,-56.477800,GOES-19,2026-10-08 15:20:00
-2.626200,-56.477800,GOES-19,2026-10-08 15:30:00
-2.626200,-56.477800,GOES-19,2026-10-08 15:40:00
-1.894000,-56.313000,GOES-19,2026-10-08 18:30:00
-4.682500,-56.227400,GOES-19,2026-10-08 19:10:00
-4.682500,-56.227400,GOES-19,2026-10-08 19:30:00
-4.682500,-56.227400,GOES-19,2026-10-08 19:40:00
-4.682500,-56.227400,GOES-19,2026-10-08 19:50:00
-4.700900,-56.226800,GOES-19,2026-10-08 18:30:00
-4.700900,-56.226800,GOES-19,2026-10-08 18:40:00
-5.087500,-56.193400,GOES-19,2026-10-08 18:30:00
-5.087500,-56.193400,GOES-19,2026-10-08 19:10:00
-5.087500,-56.193400,GOES-19,2026-10-08 19:20:00
-5.087500,-56.193400,GOES-19,2026-10-08 19:30:00
-5.087500,-56.193400,GOES-19,2026-10-08 19:40:00
-5.087500,-56.193400,GOES-19,2026-10-08 19:50:00
-2.498700,-56.185600,GOES-19,2026-10-08 00:00:00
-2.498700,-56.185600,GOES-19,2026-10-08 00:10:00
-2.498700,-56.185600,GOES-19,2026-10-08 00:20:00
-2.498700,-56.185600,GOES-19,2026-10-08 00:30:00
-2.498700,-56.185600,GOES-19,2026-10-08 19:10:00
-2.498700,-56.185600,GOES-19,2026-10-08 19:20:00
-2.517000,-56.185200,GOES-19,2026-10-08 00:00:00
-2.517000,-56.185200,GOES-19,2026-10-08 00:10:00
-6.545400,-56.052800,GOES-19,2026-10-08 18:30:00
-2.480400,-56.166200,GOES-19,2026-10-08 19:00:00
-2.480400,-56.166200,GOES-19,2026-10-08 19:10:00
-2.480400,-56.166200,GOES-19,2026-10-08 19:20:00
-2.498700,-56.165900,GOES-19,2026-10-08 00:00:00
-2.498700,-56.165900,GOES-19,2026-10-08 00:10:00
-2.498700,-56.165900,GOES-19,2026-10-08 00:20:00
-2.498700,-56.165900,GOES-19,2026-10-08 00:30:00
-2.498700,-56.165900,GOES-19,2026-10-08 00:40:00
-2.498700,-56.165900,GOES-19,2026-10-08 00:50:00
-2.498700,-56.165900,GOES-19,2026-10-08 01:10:00
-2.498700,-56.165900,GOES-19,2026-10-08 19:00:00
-2.498700,-56.165900,GOES-19,2026-10-08 19:20:00
-2.517000,-56.165600,GOES-19,2026-10-08 00:00:00
-2.517000,-56.165600,GOES-19,2026-10-08 00:10:00
-2.517000,-56.165600,GOES-19,2026-10-08 00:20:00
-2.517000,-56.165600,GOES-19,2026-10-08 00:30:00
-2.517000,-56.165600,GOES-19,2026-10-08 00:40:00
-2.517000,-56.165600,GOES-19,2026-10-08 00:50:00
-2.517000,-56.165600,GOES-19,2026-10-08 01:10:00
-2.517000,-56.165600,GOES-19,2026-10-08 19:20:00
-2.480400,-56.146600,GOES-19,2026-10-08 00:00:00
-2.480400,-56.146600,GOES-19,2026-10-08 00:10:00
-2.480400,-56.146600,GOES-19,2026-10-08 00:20:00
-2.480400,-56.146600,GOES-19,2026-10-08 00:30:00
-2.498800,-56.146200,GOES-19,2026-10-08 00:00:00
-2.498800,-56.146200,GOES-19,2026-10-08 00:10:00
-2.498800,-56.146200,GOES-19,2026-10-08 00:20:00
-2.498800,-56.146200,GOES-19,2026-10-08 00:30:00
-2.498800,-56.146200,GOES-19,2026-10-08 00:40:00
-2.498800,-56.146200,GOES-19,2026-10-08 00:50:00
-2.498800,-56.146200,GOES-19,2026-10-08 01:10:00
-2.498800,-56.146200,GOES-19,2026-10-08 19:10:00
-2.498800,-56.146200,GOES-19,2026-10-08 19:20:00
-2.517100,-56.145900,GOES-19,2026-10-08 00:00:00
-2.517100,-56.145900,GOES-19,2026-10-08 19:00:00
-2.480500,-56.126900,GOES-19,2026-10-08 00:00:00
-2.480500,-56.126900,GOES-19,2026-10-08 00:10:00
-2.480500,-56.126900,GOES-19,2026-10-08 00:20:00
-2.480500,-56.126900,GOES-19,2026-10-08 00:30:00
-2.480500,-56.126900,GOES-19,2026-10-08 00:40:00
-2.480500,-56.126900,GOES-19,2026-10-08 00:50:00
-2.480500,-56.126900,GOES-19,2026-10-08 01:10:00
-2.498800,-56.126600,GOES-19,2026-10-08 00:00:00
-2.498800,-56.126600,GOES-19,2026-10-08 00:10:00
-2.498800,-56.126600,GOES-19,2026-10-08 00:20:00
-2.498800,-56.126600,GOES-19,2026-10-08 00:30:00
-2.498800,-56.126600,GOES-19,2026-10-08 00:40:00
-2.498800,-56.126600,GOES-19,2026-10-08 00:50:00
-2.498800,-56.126600,GOES-19,2026-10-08 01:10:00
-2.498800,-56.126600,GOES-19,2026-10-08 18:30:00
-2.498800,-56.126600,GOES-19,2026-10-08 18:50:00
-2.498800,-56.126600,GOES-19,2026-10-08 19:00:00
-2.498800,-56.126600,GOES-19,2026-10-08 19:10:00
-2.498800,-56.126600,GOES-19,2026-10-08 19:20:00
-2.517100,-56.126200,GOES-19,2026-10-08 17:50:00
-2.517100,-56.126200,GOES-19,2026-10-08 18:00:00
-2.517100,-56.126200,GOES-19,2026-10-08 18:10:00
-2.517100,-56.126200,GOES-19,2026-10-08 18:40:00
-2.517100,-56.126200,GOES-19,2026-10-08 18:50:00
-2.480500,-56.107200,GOES-19,2026-10-08 00:00:00
-2.480500,-56.107200,GOES-19,2026-10-08 00:10:00
-2.480500,-56.107200,GOES-19,2026-10-08 00:20:00
-2.480500,-56.107200,GOES-19,2026-10-08 00:30:00
-2.480500,-56.107200,GOES-19,2026-10-08 00:40:00
-2.480500,-56.107200,GOES-19,2026-10-08 00:50:00
-2.480500,-56.107200,GOES-19,2026-10-08 01:10:00
-2.480500,-56.107200,GOES-19,2026-10-08 18:30:00
-2.480500,-56.107200,GOES-19,2026-10-08 18:40:00
-2.480500,-56.107200,GOES-19,2026-10-08 18:50:00
-2.480500,-56.107200,GOES-19,2026-10-08 19:00:00
-2.480500,-56.107200,GOES-19,2026-10-08 19:10:00
-2.480500,-56.107200,GOES-19,2026-10-08 19:20:00
-2.498900,-56.106900,GOES-19,2026-10-08 00:00:00
-2.498900,-56.106900,GOES-19,2026-10-08 00:10:00
-2.498900,-56.106900,GOES-19,2026-10-08 00:20:00
-2.498900,-56.106900,GOES-19,2026-10-08 00:30:00
-2.498900,-56.106900,GOES-19,2026-10-08 00:40:00
-2.498900,-56.106900,GOES-19,2026-10-08 18:30:00
-2.498900,-56.106900,GOES-19,2026-10-08 18:40:00
-2.498900,-56.106900,GOES-19,2026-10-08 18:50:00
-2.498900,-56.106900,GOES-19,2026-10-08 19:00:00
-2.498900,-56.106900,GOES-19,2026-10-08 19:10:00
-2.462300,-56.087900,GOES-19,2026-10-08 00:00:00
-2.462300,-56.087900,GOES-19,2026-10-08 00:10:00
-2.462300,-56.087900,GOES-19,2026-10-08 00:20:00
-2.462300,-56.087900,GOES-19,2026-10-08 00:50:00
-2.462300,-56.087900,GOES-19,2026-10-08 18:30:00
-2.462300,-56.087900,GOES-19,2026-10-08 18:40:00
-2.462300,-56.087900,GOES-19,2026-10-08 18:50:00
-2.462300,-56.087900,GOES-19,2026-10-08 19:00:00
-2.462300,-56.087900,GOES-19,2026-10-08 19:10:00
-2.462300,-56.087900,GOES-19,2026-10-08 19:20:00
-2.480600,-56.087500,GOES-19,2026-10-08 00:00:00
-2.480600,-56.087500,GOES-19,2026-10-08 00:10:00
-2.480600,-56.087500,GOES-19,2026-10-08 00:20:00
-2.480600,-56.087500,GOES-19,2026-10-08 00:30:00
-2.480600,-56.087500,GOES-19,2026-10-08 00:40:00
-2.480600,-56.087500,GOES-19,2026-10-08 00:50:00
-2.480600,-56.087500,GOES-19,2026-10-08 01:10:00
-2.480600,-56.087500,GOES-19,2026-10-08 18:30:00
-2.480600,-56.087500,GOES-19,2026-10-08 18:40:00
-2.480600,-56.087500,GOES-19,2026-10-08 18:50:00
-2.480600,-56.087500,GOES-19,2026-10-08 19:00:00
-2.480600,-56.087500,GOES-19,2026-10-08 19:10:00
-2.480600,-56.087500,GOES-19,2026-10-08 19:20:00
-4.389200,-56.039800,GOES-19,2026-10-08 18:40:00
-6.490500,-55.956300,GOES-19,2026-10-08 19:40:00
-6.509000,-55.955400,GOES-19,2026-10-08 19:40:00
-2.462300,-56.068200,GOES-19,2026-10-08 18:30:00
-2.462300,-56.068200,GOES-19,2026-10-08 18:40:00
-2.462300,-56.068200,GOES-19,2026-10-08 18:50:00
-2.462300,-56.068200,GOES-19,2026-10-08 19:00:00
-2.462300,-56.068200,GOES-19,2026-10-08 19:10:00
-2.462300,-56.068200,GOES-19,2026-10-08 19:20:00
-2.480600,-56.067800,GOES-19,2026-10-08 18:30:00
-2.480600,-56.067800,GOES-19,2026-10-08 18:40:00
-2.480600,-56.067800,GOES-19,2026-10-08 18:50:00
-2.480600,-56.067800,GOES-19,2026-10-08 19:00:00
-2.480600,-56.067800,GOES-19,2026-10-08 19:10:00
-2.480600,-56.067800,GOES-19,2026-10-08 19:20:00
-2.499000,-56.067500,GOES-19,2026-10-08 00:00:00
-2.499000,-56.067500,GOES-19,2026-10-08 00:10:00
-2.499000,-56.067500,GOES-19,2026-10-08 00:20:00
-2.499000,-56.067500,GOES-19,2026-10-08 00:30:00
-2.499000,-56.067500,GOES-19,2026-10-08 00:40:00
-2.499000,-56.067500,GOES-19,2026-10-08 00:50:00
-2.499000,-56.067500,GOES-19,2026-10-08 01:10:00
-2.499000,-56.067500,GOES-19,2026-10-08 18:50:00
-2.499000,-56.067500,GOES-19,2026-10-08 19:00:00
-2.499000,-56.067500,GOES-19,2026-10-08 19:10:00
-2.499000,-56.067500,GOES-19,2026-10-08 19:20:00
-3.929900,-56.034000,GOES-19,2026-10-08 15:30:00
-3.929900,-56.034000,GOES-19,2026-10-08 18:50:00
-6.490700,-55.936400,GOES-19,2026-10-08 15:20:00
-6.490700,-55.936400,GOES-19,2026-10-08 18:30:00
-6.490700,-55.936400,GOES-19,2026-10-08 18:40:00
-6.490700,-55.936400,GOES-19,2026-10-08 18:50:00
-6.490700,-55.936400,GOES-19,2026-10-08 19:00:00
-6.490700,-55.936400,GOES-19,2026-10-08 19:10:00
-6.490700,-55.936400,GOES-19,2026-10-08 19:20:00
-6.490700,-55.936400,GOES-19,2026-10-08 19:30:00
-6.490700,-55.936400,GOES-19,2026-10-08 19:40:00
-6.490700,-55.936400,GOES-19,2026-10-08 19:50:00
-3.930000,-56.014300,GOES-19,2026-10-08 15:20:00
-3.930000,-56.014300,GOES-19,2026-10-08 15:30:00
2.224300,-55.973800,GOES-19,2026-10-08 18:40:00
2.224300,-55.973800,GOES-19,2026-10-08 19:00:00
2.224300,-55.973800,GOES-19,2026-10-08 19:10:00
1.528400,-55.963600,GOES-19,2026-10-08 15:20:00
1.528400,-55.963600,GOES-19,2026-10-08 15:30:00
2.261200,-55.874600,GOES-19,2026-10-08 17:40:00
2.261200,-55.874600,GOES-19,2026-10-08 17:50:00
-6.085700,-55.717100,GOES-19,2026-10-08 19:20:00
-6.104100,-55.716200,GOES-19,2026-10-08 19:20:00
-6.122600,-55.715400,GOES-19,2026-10-08 19:20:00
-6.104200,-55.696400,GOES-19,2026-10-08 19:20:00
-6.122700,-55.695500,GOES-19,2026-10-08 19:20:00
1.675100,-55.804200,GOES-19,2026-10-08 15:10:00
1.675100,-55.804200,GOES-19,2026-10-08 15:20:00
1.675100,-55.804200,GOES-19,2026-10-08 15:40:00
-6.122800,-55.675700,GOES-19,2026-10-08 19:20:00
-6.122800,-55.675700,GOES-19,2026-10-08 19:50:00
-4.574500,-55.717400,GOES-19,2026-10-08 19:20:00
-4.372500,-55.664700,GOES-19,2026-10-08 18:30:00
-4.372500,-55.664700,GOES-19,2026-10-08 18:40:00
1.693700,-55.646100,GOES-19,2026-10-08 15:10:00
1.693700,-55.646100,GOES-19,2026-10-08 15:20:00
1.693700,-55.646100,GOES-19,2026-10-08 15:30:00
1.693700,-55.646100,GOES-19,2026-10-08 15:50:00
1.693700,-55.646100,GOES-19,2026-10-08 16:00:00
1.693700,-55.646100,GOES-19,2026-10-08 16:10:00
1.693700,-55.646100,GOES-19,2026-10-08 16:20:00
1.693700,-55.646100,GOES-19,2026-10-08 16:40:00
1.675400,-55.646300,GOES-19,2026-10-08 14:20:00
1.675400,-55.646300,GOES-19,2026-10-08 15:30:00
-6.456600,-55.500800,GOES-19,2026-10-08 18:20:00
-6.456600,-55.500800,GOES-19,2026-10-08 18:30:00
-6.456600,-55.500800,GOES-19,2026-10-08 18:40:00
-6.456600,-55.500800,GOES-19,2026-10-08 18:50:00
-6.456600,-55.500800,GOES-19,2026-10-08 19:00:00
-6.456600,-55.500800,GOES-19,2026-10-08 19:10:00
-6.456600,-55.500800,GOES-19,2026-10-08 19:20:00
-6.456600,-55.500800,GOES-19,2026-10-08 19:30:00
-6.456600,-55.500800,GOES-19,2026-10-08 19:50:00
1.693700,-55.626300,GOES-19,2026-10-08 15:10:00
1.693700,-55.626300,GOES-19,2026-10-08 15:20:00
1.693700,-55.626300,GOES-19,2026-10-08 15:30:00
1.693700,-55.626300,GOES-19,2026-10-08 15:50:00
1.693700,-55.626300,GOES-19,2026-10-08 16:00:00
1.693700,-55.626300,GOES-19,2026-10-08 16:10:00
1.693700,-55.626300,GOES-19,2026-10-08 16:40:00
1.675400,-55.626600,GOES-19,2026-10-08 15:50:00
1.675400,-55.626600,GOES-19,2026-10-08 16:00:00
1.675400,-55.626600,GOES-19,2026-10-08 16:10:00
1.675400,-55.626600,GOES-19,2026-10-08 16:20:00
1.712100,-55.606300,GOES-19,2026-10-08 15:10:00
1.712100,-55.606300,GOES-19,2026-10-08 15:20:00
1.712100,-55.606300,GOES-19,2026-10-08 15:30:00
1.712100,-55.606300,GOES-19,2026-10-08 15:50:00
1.712100,-55.606300,GOES-19,2026-10-08 16:00:00
1.712100,-55.606300,GOES-19,2026-10-08 16:10:00
1.712100,-55.606300,GOES-19,2026-10-08 16:20:00
1.712100,-55.606300,GOES-19,2026-10-08 16:40:00
1.693800,-55.606600,GOES-19,2026-10-08 16:00:00
1.693800,-55.606600,GOES-19,2026-10-08 16:40:00
1.748800,-55.586100,GOES-19,2026-10-08 15:10:00
1.748800,-55.586100,GOES-19,2026-10-08 15:20:00
1.748800,-55.586100,GOES-19,2026-10-08 15:30:00
1.748800,-55.586100,GOES-19,2026-10-08 15:50:00
1.748800,-55.586100,GOES-19,2026-10-08 16:00:00
1.748800,-55.586100,GOES-19,2026-10-08 16:10:00
1.748800,-55.586100,GOES-19,2026-10-08 16:20:00
1.748800,-55.586100,GOES-19,2026-10-08 16:40:00
1.730400,-55.586300,GOES-19,2026-10-08 15:10:00
1.730400,-55.586300,GOES-19,2026-10-08 15:20:00
1.730400,-55.586300,GOES-19,2026-10-08 15:30:00
1.730400,-55.586300,GOES-19,2026-10-08 15:50:00
1.730400,-55.586300,GOES-19,2026-10-08 16:00:00
1.730400,-55.586300,GOES-19,2026-10-08 16:20:00
1.730400,-55.586300,GOES-19,2026-10-08 16:40:00
-2.555200,-55.573100,GOES-19,2026-10-08 18:30:00
1.785500,-55.546100,GOES-19,2026-10-08 15:10:00
1.785500,-55.546100,GOES-19,2026-10-08 16:10:00
1.767200,-55.546300,GOES-19,2026-10-08 15:10:00
1.767200,-55.546300,GOES-19,2026-10-08 15:20:00
1.767200,-55.546300,GOES-19,2026-10-08 16:10:00
-6.494400,-55.379400,GOES-19,2026-10-08 19:40:00
-3.528200,-55.432100,GOES-19,2026-10-08 15:10:00
-3.528200,-55.432100,GOES-19,2026-10-08 15:20:00
-6.309800,-55.328500,GOES-19,2026-10-08 17:50:00
-6.494800,-55.319500,GOES-19,2026-10-08 18:20:00
-6.494800,-55.319500,GOES-19,2026-10-08 18:50:00
-6.494800,-55.319500,GOES-19,2026-10-08 19:00:00
-6.494800,-55.319500,GOES-19,2026-10-08 19:10:00
-6.494800,-55.319500,GOES-19,2026-10-08 19:30:00
-6.494800,-55.319500,GOES-19,2026-10-08 19:40:00
-6.494800,-55.319500,GOES-19,2026-10-08 19:50:00
-1.382600,-55.452000,GOES-19,2026-10-08 15:10:00
-1.382600,-55.452000,GOES-19,2026-10-08 15:30:00
-1.382600,-55.452000,GOES-19,2026-10-08 15:40:00
-1.382600,-55.452000,GOES-19,2026-10-08 17:50:00
-1.382600,-55.452000,GOES-19,2026-10-08 18:00:00
-6.476400,-55.300400,GOES-19,2026-10-08 19:30:00
-6.476400,-55.300400,GOES-19,2026-10-08 19:40:00
-6.494900,-55.299500,GOES-19,2026-10-08 18:50:00
-6.494900,-55.299500,GOES-19,2026-10-08 19:30:00
-6.494900,-55.299500,GOES-19,2026-10-08 19:40:00
-1.309400,-55.432900,GOES-19,2026-10-08 14:30:00
-1.309400,-55.432900,GOES-19,2026-10-08 14:40:00
-1.309400,-55.432900,GOES-19,2026-10-08 14:50:00
-1.309400,-55.432900,GOES-19,2026-10-08 15:00:00
-6.384200,-55.265000,GOES-19,2026-10-08 18:20:00
-6.384200,-55.265000,GOES-19,2026-10-08 18:30:00
-6.384200,-55.265000,GOES-19,2026-10-08 18:50:00
-6.384200,-55.265000,GOES-19,2026-10-08 19:00:00
-6.384200,-55.265000,GOES-19,2026-10-08 19:20:00
-6.384200,-55.265000,GOES-19,2026-10-08 19:30:00
-6.384200,-55.265000,GOES-19,2026-10-08 19:40:00
-6.384200,-55.265000,GOES-19,2026-10-08 19:50:00
-6.402700,-55.264100,GOES-19,2026-10-08 18:10:00
-6.402700,-55.264100,GOES-19,2026-10-08 18:20:00
-6.402700,-55.264100,GOES-19,2026-10-08 18:50:00
-6.402700,-55.264100,GOES-19,2026-10-08 19:20:00
-6.402700,-55.264100,GOES-19,2026-10-08 19:40:00
-6.402700,-55.264100,GOES-19,2026-10-08 19:50:00
-7.199200,-55.202700,GOES-19,2026-10-08 15:10:00
-7.199200,-55.202700,GOES-19,2026-10-08 15:20:00
-7.199400,-55.182700,GOES-19,2026-10-08 15:00:00
-7.199400,-55.182700,GOES-19,2026-10-08 15:10:00
-7.199400,-55.182700,GOES-19,2026-10-08 23:30:00
-7.217900,-55.181700,GOES-19,2026-10-08 14:50:00
-7.217900,-55.181700,GOES-19,2026-10-08 19:30:00
-7.217900,-55.181700,GOES-19,2026-10-08 19:40:00
-7.217900,-55.181700,GOES-19,2026-10-08 23:30:00
-7.236600,-55.160600,GOES-19,2026-10-08 15:20:00
-7.236600,-55.160600,GOES-19,2026-10-08 19:30:00
-7.236600,-55.160600,GOES-19,2026-10-08 19:40:00
-7.236600,-55.160600,GOES-19,2026-10-08 23:30:00
-7.236600,-55.160600,GOES-19,2026-10-08 23:40:00
-6.421600,-55.203300,GOES-19,2026-10-08 19:00:00
-6.421600,-55.203300,GOES-19,2026-10-08 19:10:00
-6.421600,-55.203300,GOES-19,2026-10-08 19:20:00
-6.421600,-55.203300,GOES-19,2026-10-08 19:30:00
-6.421600,-55.203300,GOES-19,2026-10-08 19:40:00
-6.421600,-55.203300,GOES-19,2026-10-08 19:50:00
-7.218000,-55.161700,GOES-19,2026-10-08 14:30:00
-7.218000,-55.161700,GOES-19,2026-10-08 14:50:00
-7.218000,-55.161700,GOES-19,2026-10-08 19:20:00
-7.218000,-55.161700,GOES-19,2026-10-08 19:30:00
-7.218000,-55.161700,GOES-19,2026-10-08 19:40:00
-7.218000,-55.161700,GOES-19,2026-10-08 20:00:00
-7.218000,-55.161700,GOES-19,2026-10-08 23:30:00
-7.218000,-55.161700,GOES-19,2026-10-08 23:40:00
-6.421700,-55.183300,GOES-19,2026-10-08 19:00:00
-6.421700,-55.183300,GOES-19,2026-10-08 19:10:00
-6.421700,-55.183300,GOES-19,2026-10-08 19:20:00
-6.421700,-55.183300,GOES-19,2026-10-08 19:30:00
-6.421700,-55.183300,GOES-19,2026-10-08 19:40:00
-6.421700,-55.183300,GOES-19,2026-10-08 19:50:00
-7.199700,-55.142700,GOES-19,2026-10-08 18:10:00
-7.199700,-55.142700,GOES-19,2026-10-08 18:40:00
-7.199700,-55.142700,GOES-19,2026-10-08 18:50:00
-7.199700,-55.142700,GOES-19,2026-10-08 19:10:00
-7.199700,-55.142700,GOES-19,2026-10-08 19:20:00
-7.199700,-55.142700,GOES-19,2026-10-08 19:30:00
-7.199700,-55.142700,GOES-19,2026-10-08 19:40:00
-7.199700,-55.142700,GOES-19,2026-10-08 19:50:00
-7.199700,-55.142700,GOES-19,2026-10-08 20:00:00
-7.199700,-55.142700,GOES-19,2026-10-08 23:30:00
-7.199700,-55.142700,GOES-19,2026-10-08 23:40:00
-7.236700,-55.140600,GOES-19,2026-10-08 14:30:00
-7.236700,-55.140600,GOES-19,2026-10-08 15:10:00
-7.236700,-55.140600,GOES-19,2026-10-08 15:20:00
-7.236700,-55.140600,GOES-19,2026-10-08 19:20:00
-7.236700,-55.140600,GOES-19,2026-10-08 19:30:00
-7.236700,-55.140600,GOES-19,2026-10-08 20:00:00
-7.236700,-55.140600,GOES-19,2026-10-08 23:30:00
-7.236700,-55.140600,GOES-19,2026-10-08 23:40:00
-6.736500,-55.147400,GOES-19,2026-10-08 13:50:00
-6.736500,-55.147400,GOES-19,2026-10-08 14:00:00
-6.736500,-55.147400,GOES-19,2026-10-08 14:10:00
-6.736500,-55.147400,GOES-19,2026-10-08 14:20:00
-6.736500,-55.147400,GOES-19,2026-10-08 14:30:00
-6.736500,-55.147400,GOES-19,2026-10-08 14:40:00
-6.736500,-55.147400,GOES-19,2026-10-08 14:50:00
-6.736500,-55.147400,GOES-19,2026-10-08 18:20:00
-6.736500,-55.147400,GOES-19,2026-10-08 18:40:00
-6.736500,-55.147400,GOES-19,2026-10-08 19:00:00
-6.736500,-55.147400,GOES-19,2026-10-08 19:10:00
-6.736500,-55.147400,GOES-19,2026-10-08 19:20:00
-6.736500,-55.147400,GOES-19,2026-10-08 19:30:00
-6.736500,-55.147400,GOES-19,2026-10-08 19:40:00
-6.736500,-55.147400,GOES-19,2026-10-08 20:00:00
-6.736500,-55.147400,GOES-19,2026-10-08 20:10:00
-6.736500,-55.147400,GOES-19,2026-10-08 20:30:00
-6.755000,-55.146500,GOES-19,2026-10-08 18:50:00
-6.755000,-55.146500,GOES-19,2026-10-08 19:00:00
-6.755000,-55.146500,GOES-19,2026-10-08 19:10:00
-6.755000,-55.146500,GOES-19,2026-10-08 19:20:00
-6.755000,-55.146500,GOES-19,2026-10-08 19:30:00
-6.755000,-55.146500,GOES-19,2026-10-08 19:40:00
-6.755000,-55.146500,GOES-19,2026-10-08 20:00:00
-6.755000,-55.146500,GOES-19,2026-10-08 20:10:00
-6.755000,-55.146500,GOES-19,2026-10-08 20:30:00
-7.236900,-55.120600,GOES-19,2026-10-08 14:30:00
-7.236900,-55.120600,GOES-19,2026-10-08 14:50:00
-7.236900,-55.120600,GOES-19,2026-10-08 15:10:00
-7.236900,-55.120600,GOES-19,2026-10-08 18:40:00
-7.236900,-55.120600,GOES-19,2026-10-08 19:10:00
-7.236900,-55.120600,GOES-19,2026-10-08 19:50:00
-7.236900,-55.120600,GOES-19,2026-10-08 20:00:00
-7.236900,-55.120600,GOES-19,2026-10-08 23:30:00
-7.236900,-55.120600,GOES-19,2026-10-08 23:40:00
-7.162700,-55.124700,GOES-19,2026-10-08 18:30:00
-7.162700,-55.124700,GOES-19,2026-10-08 18:50:00
-7.162700,-55.124700,GOES-19,2026-10-08 19:30:00
-7.162700,-55.124700,GOES-19,2026-10-08 19:40:00
-7.162700,-55.124700,GOES-19,2026-10-08 19:50:00
-7.181300,-55.123700,GOES-19,2026-10-08 15:10:00
-7.181300,-55.123700,GOES-19,2026-10-08 15:20:00
-7.181300,-55.123700,GOES-19,2026-10-08 18:10:00
-7.181300,-55.123700,GOES-19,2026-10-08 18:30:00
-7.181300,-55.123700,GOES-19,2026-10-08 18:40:00
-7.181300,-55.123700,GOES-19,2026-10-08 18:50:00
-7.181300,-55.123700,GOES-19,2026-10-08 19:30:00
-7.181300,-55.123700,GOES-19,2026-10-08 19:40:00
-7.181300,-55.123700,GOES-19,2026-10-08 19:50:00
-7.199800,-55.122600,GOES-19,2026-10-08 14:50:00
-7.199800,-55.122600,GOES-19,2026-10-08 15:10:00
-7.199800,-55.122600,GOES-19,2026-10-08 15:20:00
-7.199800,-55.122600,GOES-19,2026-10-08 18:30:00
-7.199800,-55.122600,GOES-19,2026-10-08 18:40:00
-7.199800,-55.122600,GOES-19,2026-10-08 18:50:00
-7.199800,-55.122600,GOES-19,2026-10-08 19:10:00
-7.199800,-55.122600,GOES-19,2026-10-08 19:20:00
-7.199800,-55.122600,GOES-19,2026-10-08 19:30:00
-7.199800,-55.122600,GOES-19,2026-10-08 19:40:00
-7.199800,-55.122600,GOES-19,2026-10-08 19:50:00
-7.199800,-55.122600,GOES-19,2026-10-08 20:00:00
-7.218400,-55.121600,GOES-19,2026-10-08 14:30:00
-7.218400,-55.121600,GOES-19,2026-10-08 14:50:00
-7.218400,-55.121600,GOES-19,2026-10-08 15:10:00
-7.218400,-55.121600,GOES-19,2026-10-08 15:20:00
-7.218400,-55.121600,GOES-19,2026-10-08 18:10:00
-7.218400,-55.121600,GOES-19,2026-10-08 18:30:00
-7.218400,-55.121600,GOES-19,2026-10-08 18:40:00
-7.218400,-55.121600,GOES-19,2026-10-08 18:50:00
-7.218400,-55.121600,GOES-19,2026-10-08 19:10:00
-7.218400,-55.121600,GOES-19,2026-10-08 19:20:00
-7.218400,-55.121600,GOES-19,2026-10-08 19:30:00
-7.218400,-55.121600,GOES-19,2026-10-08 19:40:00
-7.218400,-55.121600,GOES-19,2026-10-08 19:50:00
-7.218400,-55.121600,GOES-19,2026-10-08 20:00:00
-7.218400,-55.121600,GOES-19,2026-10-08 23:30:00
-7.200000,-55.102600,GOES-19,2026-10-08 14:30:00
-7.200000,-55.102600,GOES-19,2026-10-08 14:50:00
-7.200000,-55.102600,GOES-19,2026-10-08 15:10:00
-7.200000,-55.102600,GOES-19,2026-10-08 15:20:00
-7.200000,-55.102600,GOES-19,2026-10-08 18:10:00
-7.218500,-55.101600,GOES-19,2026-10-08 14:30:00
-7.218500,-55.101600,GOES-19,2026-10-08 14:50:00
-7.218500,-55.101600,GOES-19,2026-10-08 15:10:00
-7.218500,-55.101600,GOES-19,2026-10-08 18:10:00
-7.218500,-55.101600,GOES-19,2026-10-08 18:30:00
-7.218500,-55.101600,GOES-19,2026-10-08 18:40:00
-7.218500,-55.101600,GOES-19,2026-10-08 18:50:00
-7.218500,-55.101600,GOES-19,2026-10-08 19:10:00
-7.218500,-55.101600,GOES-19,2026-10-08 19:20:00
-7.218500,-55.101600,GOES-19,2026-10-08 19:40:00
-7.218500,-55.101600,GOES-19,2026-10-08 19:50:00
-7.218500,-55.101600,GOES-19,2026-10-08 20:00:00
-7.218500,-55.101600,GOES-19,2026-10-08 23:30:00
-7.237100,-55.100500,GOES-19,2026-10-08 11:40:00
-7.237100,-55.100500,GOES-19,2026-10-08 11:50:00
-7.237100,-55.100500,GOES-19,2026-10-08 12:00:00
-7.237100,-55.100500,GOES-19,2026-10-08 12:10:00
-7.237100,-55.100500,GOES-19,2026-10-08 12:20:00
-7.237100,-55.100500,GOES-19,2026-10-08 12:30:00
-7.237100,-55.100500,GOES-19,2026-10-08 12:40:00
-7.237100,-55.100500,GOES-19,2026-10-08 13:00:00
-7.237100,-55.100500,GOES-19,2026-10-08 13:20:00
-7.237100,-55.100500,GOES-19,2026-10-08 13:30:00
-7.237100,-55.100500,GOES-19,2026-10-08 13:40:00
-7.237100,-55.100500,GOES-19,2026-10-08 14:30:00
-7.237100,-55.100500,GOES-19,2026-10-08 14:50:00
-7.237100,-55.100500,GOES-19,2026-10-08 18:40:00
-7.237100,-55.100500,GOES-19,2026-10-08 18:50:00
-7.237100,-55.100500,GOES-19,2026-10-08 19:10:00
-7.237100,-55.100500,GOES-19,2026-10-08 19:20:00
-7.237100,-55.100500,GOES-19,2026-10-08 19:50:00
-6.718100,-55.128400,GOES-19,2026-10-08 19:00:00
-6.718100,-55.128400,GOES-19,2026-10-08 19:20:00
-6.718100,-55.128400,GOES-19,2026-10-08 19:40:00
-6.736600,-55.127400,GOES-19,2026-10-08 18:20:00
-6.736600,-55.127400,GOES-19,2026-10-08 18:40:00
-6.736600,-55.127400,GOES-19,2026-10-08 18:50:00
-6.736600,-55.127400,GOES-19,2026-10-08 19:00:00
-6.736600,-55.127400,GOES-19,2026-10-08 19:10:00
-6.736600,-55.127400,GOES-19,2026-10-08 19:20:00
-6.736600,-55.127400,GOES-19,2026-10-08 19:30:00
-6.736600,-55.127400,GOES-19,2026-10-08 19:40:00
-6.736600,-55.127400,GOES-19,2026-10-08 20:00:00
-6.736600,-55.127400,GOES-19,2026-10-08 20:10:00
-6.736600,-55.127400,GOES-19,2026-10-08 20:30:00
-6.755100,-55.126500,GOES-19,2026-10-08 18:30:00
-6.755100,-55.126500,GOES-19,2026-10-08 18:40:00
-6.755100,-55.126500,GOES-19,2026-10-08 18:50:00
-6.755100,-55.126500,GOES-19,2026-10-08 19:00:00
-6.755100,-55.126500,GOES-19,2026-10-08 19:10:00
-6.755100,-55.126500,GOES-19,2026-10-08 19:20:00
-6.755100,-55.126500,GOES-19,2026-10-08 19:30:00
-6.755100,-55.126500,GOES-19,2026-10-08 19:40:00
-6.755100,-55.126500,GOES-19,2026-10-08 20:00:00
-6.755100,-55.126500,GOES-19,2026-10-08 20:10:00
-6.736800,-55.107400,GOES-19,2026-10-08 18:20:00
-6.736800,-55.107400,GOES-19,2026-10-08 18:40:00
-6.736800,-55.107400,GOES-19,2026-10-08 18:50:00
-6.736800,-55.107400,GOES-19,2026-10-08 19:00:00
-6.736800,-55.107400,GOES-19,2026-10-08 19:10:00
-6.736800,-55.107400,GOES-19,2026-10-08 19:20:00
-6.736800,-55.107400,GOES-19,2026-10-08 19:30:00
-6.736800,-55.107400,GOES-19,2026-10-08 19:40:00
-6.736800,-55.107400,GOES-19,2026-10-08 20:00:00
-6.736800,-55.107400,GOES-19,2026-10-08 20:10:00
-6.736800,-55.107400,GOES-19,2026-10-08 20:30:00
-6.755300,-55.106500,GOES-19,2026-10-08 18:20:00
-6.755300,-55.106500,GOES-19,2026-10-08 18:40:00
-6.755300,-55.106500,GOES-19,2026-10-08 18:50:00
-6.755300,-55.106500,GOES-19,2026-10-08 19:10:00
-7.218700,-55.081500,GOES-19,2026-10-08 15:20:00
-7.218700,-55.081500,GOES-19,2026-10-08 18:10:00
-7.218700,-55.081500,GOES-19,2026-10-08 18:30:00
-7.218700,-55.081500,GOES-19,2026-10-08 18:40:00
-7.218700,-55.081500,GOES-19,2026-10-08 18:50:00
-7.218700,-55.081500,GOES-19,2026-10-08 19:10:00
-7.218700,-55.081500,GOES-19,2026-10-08 19:40:00
-7.218700,-55.081500,GOES-19,2026-10-08 19:50:00
-7.218700,-55.081500,GOES-19,2026-10-08 20:00:00
-7.218700,-55.081500,GOES-19,2026-10-08 23:30:00
-7.237200,-55.080500,GOES-19,2026-10-08 18:10:00
-7.237200,-55.080500,GOES-19,2026-10-08 18:30:00
-7.237200,-55.080500,GOES-19,2026-10-08 18:40:00
-7.237200,-55.080500,GOES-19,2026-10-08 18:50:00
-7.237200,-55.080500,GOES-19,2026-10-08 19:10:00
-7.237200,-55.080500,GOES-19,2026-10-08 19:40:00
-6.755400,-55.086400,GOES-19,2026-10-08 18:20:00
-6.755400,-55.086400,GOES-19,2026-10-08 18:40:00
-6.755400,-55.086400,GOES-19,2026-10-08 18:50:00
-6.755400,-55.086400,GOES-19,2026-10-08 19:00:00
-6.755400,-55.086400,GOES-19,2026-10-08 19:10:00
-6.755400,-55.086400,GOES-19,2026-10-08 19:20:00
-6.755400,-55.086400,GOES-19,2026-10-08 19:30:00
-6.755400,-55.086400,GOES-19,2026-10-08 19:40:00
-6.663000,-55.071200,GOES-19,2026-10-08 14:40:00
-6.663000,-55.071200,GOES-19,2026-10-08 15:10:00
-6.718500,-55.068400,GOES-19,2026-10-08 18:20:00
-6.737000,-55.067400,GOES-19,2026-10-08 18:20:00
-6.737000,-55.067400,GOES-19,2026-10-08 18:40:00
-6.737000,-55.067400,GOES-19,2026-10-08 18:50:00
-6.737000,-55.067400,GOES-19,2026-10-08 19:00:00
-6.737000,-55.067400,GOES-19,2026-10-08 19:10:00
-6.737000,-55.067400,GOES-19,2026-10-08 19:20:00
-6.737000,-55.067400,GOES-19,2026-10-08 19:40:00
-6.755600,-55.066400,GOES-19,2026-10-08 18:50:00
-6.755600,-55.066400,GOES-19,2026-10-08 19:30:00
-7.311900,-55.016200,GOES-19,2026-10-08 13:40:00
-7.311900,-55.016200,GOES-19,2026-10-08 13:50:00
-7.311900,-55.016200,GOES-19,2026-10-08 14:20:00
-7.311900,-55.016200,GOES-19,2026-10-08 14:30:00
-7.312000,-54.996100,GOES-19,2026-10-08 13:10:00
-7.312000,-54.996100,GOES-19,2026-10-08 13:40:00
-7.312000,-54.996100,GOES-19,2026-10-08 13:50:00
-7.312000,-54.996100,GOES-19,2026-10-08 14:00:00
-7.312000,-54.996100,GOES-19,2026-10-08 14:10:00
-7.312000,-54.996100,GOES-19,2026-10-08 14:20:00
-7.312000,-54.996100,GOES-19,2026-10-08 14:30:00
-7.312000,-54.996100,GOES-19,2026-10-08 14:40:00
-7.312000,-54.996100,GOES-19,2026-10-08 14:50:00
-7.349200,-54.994000,GOES-19,2026-10-08 18:30:00
-4.320200,-55.010700,GOES-19,2026-10-08 19:50:00
-4.338600,-55.010100,GOES-19,2026-10-08 19:20:00
-13.201800,-54.355100,GOES-19,2026-10-08 18:40:00
-13.201800,-54.355100,GOES-19,2026-10-08 19:00:00
-13.201800,-54.355100,GOES-19,2026-10-08 19:10:00
-13.201800,-54.355100,GOES-19,2026-10-08 20:10:00
-13.201800,-54.355100,GOES-19,2026-10-08 20:20:00
-13.201800,-54.355100,GOES-19,2026-10-08 20:30:00
-13.201800,-54.355100,GOES-19,2026-10-08 20:40:00
-13.201800,-54.355100,GOES-19,2026-10-08 20:50:00
-13.201800,-54.355100,GOES-19,2026-10-08 21:00:00
-13.201800,-54.355100,GOES-19,2026-10-08 21:10:00
-13.201800,-54.355100,GOES-19,2026-10-08 21:20:00
-13.201800,-54.355100,GOES-19,2026-10-08 21:30:00
-13.201800,-54.355100,GOES-19,2026-10-08 22:10:00
-13.201800,-54.355100,GOES-19,2026-10-08 22:20:00
-13.201800,-54.355100,GOES-19,2026-10-08 22:30:00
-13.201800,-54.355100,GOES-19,2026-10-08 22:40:00
-13.201800,-54.355100,GOES-19,2026-10-08 22:50:00
-13.201800,-54.355100,GOES-19,2026-10-08 23:00:00
-13.201800,-54.355100,GOES-19,2026-10-08 23:10:00
-13.201800,-54.355100,GOES-19,2026-10-08 23:20:00
-13.201800,-54.355100,GOES-19,2026-10-08 23:30:00
-13.201800,-54.355100,GOES-19,2026-10-08 23:40:00
-13.201800,-54.355100,GOES-19,2026-10-08 23:50:00
-13.163900,-54.338500,GOES-19,2026-10-08 15:00:00
-13.163900,-54.338500,GOES-19,2026-10-08 18:20:00
-13.163900,-54.338500,GOES-19,2026-10-08 18:30:00
-13.163900,-54.338500,GOES-19,2026-10-08 18:40:00
-13.163900,-54.338500,GOES-19,2026-10-08 18:50:00
-13.163900,-54.338500,GOES-19,2026-10-08 19:00:00
-13.163900,-54.338500,GOES-19,2026-10-08 19:10:00
-13.163900,-54.338500,GOES-19,2026-10-08 19:20:00
-13.163900,-54.338500,GOES-19,2026-10-08 19:30:00
-13.163900,-54.338500,GOES-19,2026-10-08 19:40:00
-13.163900,-54.338500,GOES-19,2026-10-08 19:50:00
-13.163900,-54.338500,GOES-19,2026-10-08 20:00:00
-13.163900,-54.338500,GOES-19,2026-10-08 20:10:00
-13.163900,-54.338500,GOES-19,2026-10-08 20:20:00
-13.163900,-54.338500,GOES-19,2026-10-08 20:30:00
-13.163900,-54.338500,GOES-19,2026-10-08 20:40:00
-13.163900,-54.338500,GOES-19,2026-10-08 20:50:00
-13.163900,-54.338500,GOES-19,2026-10-08 21:00:00
-13.163900,-54.338500,GOES-19,2026-10-08 21:10:00
-13.163900,-54.338500,GOES-19,2026-10-08 21:20:00
-13.163900,-54.338500,GOES-19,2026-10-08 21:30:00
-13.163900,-54.338500,GOES-19,2026-10-08 22:10:00
-13.163900,-54.338500,GOES-19,2026-10-08 22:20:00
-13.163900,-54.338500,GOES-19,2026-10-08 22:30:00
-13.163900,-54.338500,GOES-19,2026-10-08 22:40:00
-13.163900,-54.338500,GOES-19,2026-10-08 22:50:00
-13.163900,-54.338500,GOES-19,2026-10-08 23:00:00
-13.163900,-54.338500,GOES-19,2026-10-08 23:10:00
-13.163900,-54.338500,GOES-19,2026-10-08 23:20:00
-13.163900,-54.338500,GOES-19,2026-10-08 23:30:00
-13.163900,-54.338500,GOES-19,2026-10-08 23:40:00
-13.163900,-54.338500,GOES-19,2026-10-08 23:50:00
-13.183000,-54.336500,GOES-19,2026-10-08 13:30:00
-13.183000,-54.336500,GOES-19,2026-10-08 13:40:00
-13.183000,-54.336500,GOES-19,2026-10-08 13:50:00
-13.183000,-54.336500,GOES-19,2026-10-08 14:00:00
-13.183000,-54.336500,GOES-19,2026-10-08 14:10:00
-13.183000,-54.336500,GOES-19,2026-10-08 14:20:00
-13.183000,-54.336500,GOES-19,2026-10-08 14:30:00
-13.183000,-54.336500,GOES-19,2026-10-08 14:40:00
-13.183000,-54.336500,GOES-19,2026-10-08 14:50:00
-13.183000,-54.336500,GOES-19,2026-10-08 15:00:00
-13.183000,-54.336500,GOES-19,2026-10-08 15:10:00
-13.183000,-54.336500,GOES-19,2026-10-08 18:20:00
-13.183000,-54.336500,GOES-19,2026-10-08 18:30:00
-13.183000,-54.336500,GOES-19,2026-10-08 18:40:00
-13.183000,-54.336500,GOES-19,2026-10-08 18:50:00
-13.183000,-54.336500,GOES-19,2026-10-08 19:00:00
-13.183000,-54.336500,GOES-19,2026-10-08 19:10:00
-13.183000,-54.336500,GOES-19,2026-10-08 19:20:00
-13.183000,-54.336500,GOES-19,2026-10-08 19:30:00
-13.183000,-54.336500,GOES-19,2026-10-08 19:40:00
-13.183000,-54.336500,GOES-19,2026-10-08 20:00:00
-13.183000,-54.336500,GOES-19,2026-10-08 20:10:00
-13.183000,-54.336500,GOES-19,2026-10-08 20:20:00
-13.183000,-54.336500,GOES-19,2026-10-08 20:30:00
-13.183000,-54.336500,GOES-19,2026-10-08 20:40:00
-13.183000,-54.336500,GOES-19,2026-10-08 20:50:00
-13.183000,-54.336500,GOES-19,2026-10-08 21:00:00
-13.183000,-54.336500,GOES-19,2026-10-08 21:10:00
-13.183000,-54.336500,GOES-19,2026-10-08 21:20:00
-13.183000,-54.336500,GOES-19,2026-10-08 21:30:00
-13.183000,-54.336500,GOES-19,2026-10-08 22:10:00
-13.183000,-54.336500,GOES-19,2026-10-08 22:20:00
-13.183000,-54.336500,GOES-19,2026-10-08 22:30:00
-13.183000,-54.336500,GOES-19,2026-10-08 22:40:00
-13.183000,-54.336500,GOES-19,2026-10-08 22:50:00
-13.183000,-54.336500,GOES-19,2026-10-08 23:00:00
-13.183000,-54.336500,GOES-19,2026-10-08 23:10:00
-13.183000,-54.336500,GOES-19,2026-10-08 23:20:00
-13.183000,-54.336500,GOES-19,2026-10-08 23:30:00
-13.183000,-54.336500,GOES-19,2026-10-08 23:40:00
-13.183000,-54.336500,GOES-19,2026-10-08 23:50:00
-13.164100,-54.317800,GOES-19,2026-10-08 15:00:00
-13.164100,-54.317800,GOES-19,2026-10-08 18:20:00
-13.164100,-54.317800,GOES-19,2026-10-08 18:30:00
-13.164100,-54.317800,GOES-19,2026-10-08 18:40:00
-13.164100,-54.317800,GOES-19,2026-10-08 18:50:00
-13.164100,-54.317800,GOES-19,2026-10-08 19:00:00
-13.164100,-54.317800,GOES-19,2026-10-08 19:10:00
-13.164100,-54.317800,GOES-19,2026-10-08 19:20:00
-13.164100,-54.317800,GOES-19,2026-10-08 19:30:00
-13.164100,-54.317800,GOES-19,2026-10-08 19:40:00
-13.164100,-54.317800,GOES-19,2026-10-08 19:50:00
-13.164100,-54.317800,GOES-19,2026-10-08 20:00:00
-13.164100,-54.317800,GOES-19,2026-10-08 20:10:00
-13.164100,-54.317800,GOES-19,2026-10-08 20:20:00
-13.164100,-54.317800,GOES-19,2026-10-08 20:30:00
-13.164100,-54.317800,GOES-19,2026-10-08 20:40:00
-13.164100,-54.317800,GOES-19,2026-10-08 20:50:00
-13.164100,-54.317800,GOES-19,2026-10-08 21:00:00
-13.164100,-54.317800,GOES-19,2026-10-08 21:10:00
-13.164100,-54.317800,GOES-19,2026-10-08 21:20:00
-13.164100,-54.317800,GOES-19,2026-10-08 21:30:00
-13.164100,-54.317800,GOES-19,2026-10-08 22:10:00
-13.164100,-54.317800,GOES-19,2026-10-08 22:20:00
-13.164100,-54.317800,GOES-19,2026-10-08 22:30:00
-13.164100,-54.317800,GOES-19,2026-10-08 22:40:00
-13.164100,-54.317800,GOES-19,2026-10-08 23:10:00
-13.164100,-54.317800,GOES-19,2026-10-08 23:20:00
-13.164100,-54.317800,GOES-19,2026-10-08 23:30:00
-13.183300,-54.315800,GOES-19,2026-10-08 15:00:00
-13.183300,-54.315800,GOES-19,2026-10-08 18:20:00
-13.183300,-54.315800,GOES-19,2026-10-08 18:30:00
-13.183300,-54.315800,GOES-19,2026-10-08 18:40:00
-13.183300,-54.315800,GOES-19,2026-10-08 18:50:00
-13.183300,-54.315800,GOES-19,2026-10-08 19:00:00
-13.183300,-54.315800,GOES-19,2026-10-08 19:10:00
-13.183300,-54.315800,GOES-19,2026-10-08 19:20:00
-13.183300,-54.315800,GOES-19,2026-10-08 19:30:00
-13.183300,-54.315800,GOES-19,2026-10-08 19:40:00
-13.183300,-54.315800,GOES-19,2026-10-08 19:50:00
-13.183300,-54.315800,GOES-19,2026-10-08 20:00:00
-13.183300,-54.315800,GOES-19,2026-10-08 20:10:00
-13.183300,-54.315800,GOES-19,2026-10-08 20:20:00
-13.183300,-54.315800,GOES-19,2026-10-08 20:30:00
-13.183300,-54.315800,GOES-19,2026-10-08 20:40:00
-13.183300,-54.315800,GOES-19,2026-10-08 20:50:00
-1.694900,-54.972200,GOES-19,2026-10-08 15:20:00
-8.243500,-54.718300,GOES-19,2026-10-08 15:10:00
-8.243500,-54.718300,GOES-19,2026-10-08 15:20:00
-4.523400,-54.864100,GOES-19,2026-10-08 18:40:00
-4.523400,-54.864100,GOES-19,2026-10-08 19:10:00
-4.523400,-54.864100,GOES-19,2026-10-08 19:20:00
-4.523400,-54.864100,GOES-19,2026-10-08 19:30:00
-4.523400,-54.864100,GOES-19,2026-10-08 19:40:00
-4.523400,-54.864100,GOES-19,2026-10-08 19:50:00
-1.511800,-54.835200,GOES-19,2026-10-08 15:00:00
-1.530100,-54.835000,GOES-19,2026-10-08 15:00:00
-1.493500,-54.835400,GOES-19,2026-10-08 15:00:00
-1.511800,-54.815300,GOES-19,2026-10-08 15:00:00
-1.530200,-54.815100,GOES-19,2026-10-08 15:00:00
-3.181700,-54.724800,GOES-19,2026-10-08 15:20:00
-3.181700,-54.724800,GOES-19,2026-10-08 15:30:00
-3.549300,-54.695100,GOES-19,2026-10-08 22:10:00
-3.549300,-54.695100,GOES-19,2026-10-08 22:20:00
-3.549300,-54.695100,GOES-19,2026-10-08 22:30:00
-3.549300,-54.695100,GOES-19,2026-10-08 22:40:00
-3.549300,-54.695100,GOES-19,2026-10-08 22:50:00
-3.567600,-54.694600,GOES-19,2026-10-08 22:10:00
-3.567600,-54.694600,GOES-19,2026-10-08 22:20:00
-3.567600,-54.694600,GOES-19,2026-10-08 22:30:00
-3.567600,-54.694600,GOES-19,2026-10-08 22:40:00
-3.567600,-54.694600,GOES-19,2026-10-08 22:50:00
-3.586000,-54.694100,GOES-19,2026-10-08 00:00:00
-3.586000,-54.694100,GOES-19,2026-10-08 00:10:00
-3.586000,-54.694100,GOES-19,2026-10-08 00:20:00
-3.586000,-54.694100,GOES-19,2026-10-08 00:30:00
-3.586000,-54.694100,GOES-19,2026-10-08 00:40:00
-3.586000,-54.694100,GOES-19,2026-10-08 00:50:00
-3.586000,-54.694100,GOES-19,2026-10-08 01:00:00
-3.586000,-54.694100,GOES-19,2026-10-08 01:10:00
-3.586000,-54.694100,GOES-19,2026-10-08 01:20:00
-3.586000,-54.694100,GOES-19,2026-10-08 01:30:00
-3.586000,-54.694100,GOES-19,2026-10-08 02:10:00
-3.586000,-54.694100,GOES-19,2026-10-08 02:20:00
-3.586000,-54.694100,GOES-19,2026-10-08 03:00:00
-3.586000,-54.694100,GOES-19,2026-10-08 03:10:00
-3.586000,-54.694100,GOES-19,2026-10-08 03:20:00
-3.586000,-54.694100,GOES-19,2026-10-08 22:10:00
-3.586000,-54.694100,GOES-19,2026-10-08 22:20:00
-3.586000,-54.694100,GOES-19,2026-10-08 22:30:00
-3.586000,-54.694100,GOES-19,2026-10-08 22:40:00
-15.988800,-53.706600,GOES-19,2026-10-08 14:00:00
-15.988800,-53.706600,GOES-19,2026-10-08 15:00:00
-15.988800,-53.706600,GOES-19,2026-10-08 17:50:00
-3.531000,-54.675700,GOES-19,2026-10-08 00:00:00
-3.531000,-54.675700,GOES-19,2026-10-08 00:10:00
-3.531000,-54.675700,GOES-19,2026-10-08 00:20:00
-3.531000,-54.675700,GOES-19,2026-10-08 00:30:00
-3.531000,-54.675700,GOES-19,2026-10-08 00:40:00
-3.531000,-54.675700,GOES-19,2026-10-08 00:50:00
-3.531000,-54.675700,GOES-19,2026-10-08 01:00:00
-3.531000,-54.675700,GOES-19,2026-10-08 01:10:00
-3.531000,-54.675700,GOES-19,2026-10-08 01:20:00
-3.531000,-54.675700,GOES-19,2026-10-08 01:30:00
-3.531000,-54.675700,GOES-19,2026-10-08 02:10:00
-3.531000,-54.675700,GOES-19,2026-10-08 02:20:00
-3.531000,-54.675700,GOES-19,2026-10-08 03:00:00
-3.531000,-54.675700,GOES-19,2026-10-08 03:10:00
-3.531000,-54.675700,GOES-19,2026-10-08 03:20:00
-3.531000,-54.675700,GOES-19,2026-10-08 22:10:00
-3.531000,-54.675700,GOES-19,2026-10-08 22:20:00
-3.531000,-54.675700,GOES-19,2026-10-08 22:40:00
-3.549300,-54.675200,GOES-19,2026-10-08 00:00:00
-3.549300,-54.675200,GOES-19,2026-10-08 00:10:00
-3.549300,-54.675200,GOES-19,2026-10-08 00:20:00
-3.549300,-54.675200,GOES-19,2026-10-08 00:30:00
-3.549300,-54.675200,GOES-19,2026-10-08 00:40:00
-3.549300,-54.675200,GOES-19,2026-10-08 00:50:00
-3.549300,-54.675200,GOES-19,2026-10-08 01:00:00
-3.549300,-54.675200,GOES-19,2026-10-08 01:10:00
-3.549300,-54.675200,GOES-19,2026-10-08 01:20:00
-3.549300,-54.675200,GOES-19,2026-10-08 01:30:00
-3.549300,-54.675200,GOES-19,2026-10-08 02:10:00
-3.549300,-54.675200,GOES-19,2026-10-08 02:20:00
-3.549300,-54.675200,GOES-19,2026-10-08 03:00:00
-3.549300,-54.675200,GOES-19,2026-10-08 03:10:00
-3.549300,-54.675200,GOES-19,2026-10-08 03:20:00
-3.549300,-54.675200,GOES-19,2026-10-08 22:10:00
-3.549300,-54.675200,GOES-19,2026-10-08 22:20:00
-3.549300,-54.675200,GOES-19,2026-10-08 22:30:00
-3.549300,-54.675200,GOES-19,2026-10-08 22:40:00
-3.549300,-54.675200,GOES-19,2026-10-08 22:50:00
-3.567700,-54.674600,GOES-19,2026-10-08 00:00:00
-3.567700,-54.674600,GOES-19,2026-10-08 00:10:00
-3.567700,-54.674600,GOES-19,2026-10-08 00:20:00
-3.567700,-54.674600,GOES-19,2026-10-08 00:30:00
-3.567700,-54.674600,GOES-19,2026-10-08 00:40:00
-3.567700,-54.674600,GOES-19,2026-10-08 00:50:00
-3.567700,-54.674600,GOES-19,2026-10-08 01:00:00
-3.567700,-54.674600,GOES-19,2026-10-08 01:10:00
-3.567700,-54.674600,GOES-19,2026-10-08 01:20:00
-3.567700,-54.674600,GOES-19,2026-10-08 01:30:00
-3.567700,-54.674600,GOES-19,2026-10-08 02:10:00
-3.567700,-54.674600,GOES-19,2026-10-08 02:20:00
-3.567700,-54.674600,GOES-19,2026-10-08 03:00:00
-3.567700,-54.674600,GOES-19,2026-10-08 03:10:00
-3.567700,-54.674600,GOES-19,2026-10-08 03:20:00
-3.567700,-54.674600,GOES-19,2026-10-08 22:10:00
-3.567700,-54.674600,GOES-19,2026-10-08 22:20:00
-3.567700,-54.674600,GOES-19,2026-10-08 22:30:00
-3.567700,-54.674600,GOES-19,2026-10-08 22:40:00
-3.567700,-54.674600,GOES-19,2026-10-08 22:50:00
-3.586100,-54.674100,GOES-19,2026-10-08 00:00:00
-3.586100,-54.674100,GOES-19,2026-10-08 00:10:00
-3.586100,-54.674100,GOES-19,2026-10-08 00:20:00
-3.586100,-54.674100,GOES-19,2026-10-08 00:30:00
-3.586100,-54.674100,GOES-19,2026-10-08 00:40:00
-3.586100,-54.674100,GOES-19,2026-10-08 00:50:00
-3.586100,-54.674100,GOES-19,2026-10-08 01:00:00
-3.586100,-54.674100,GOES-19,2026-10-08 01:10:00
-3.586100,-54.674100,GOES-19,2026-10-08 01:20:00
-3.586100,-54.674100,GOES-19,2026-10-08 01:30:00
-3.586100,-54.674100,GOES-19,2026-10-08 02:10:00
-3.586100,-54.674100,GOES-19,2026-10-08 02:20:00
-3.586100,-54.674100,GOES-19,2026-10-08 03:00:00
-3.586100,-54.674100,GOES-19,2026-10-08 03:10:00
-3.586100,-54.674100,GOES-19,2026-10-08 03:20:00
-3.586100,-54.674100,GOES-19,2026-10-08 22:10:00
-3.586100,-54.674100,GOES-19,2026-10-08 22:20:00
-3.586100,-54.674100,GOES-19,2026-10-08 22:30:00
-3.586100,-54.674100,GOES-19,2026-10-08 22:40:00
-3.586100,-54.674100,GOES-19,2026-10-08 22:50:00
-3.604500,-54.673600,GOES-19,2026-10-08 00:00:00
-3.604500,-54.673600,GOES-19,2026-10-08 00:10:00
-3.604500,-54.673600,GOES-19,2026-10-08 00:20:00
-3.604500,-54.673600,GOES-19,2026-10-08 00:30:00
-3.604500,-54.673600,GOES-19,2026-10-08 00:40:00
-3.604500,-54.673600,GOES-19,2026-10-08 00:50:00
-3.604500,-54.673600,GOES-19,2026-10-08 01:10:00
-3.604500,-54.673600,GOES-19,2026-10-08 01:20:00
-3.604500,-54.673600,GOES-19,2026-10-08 01:30:00
-3.604500,-54.673600,GOES-19,2026-10-08 02:10:00
-3.604500,-54.673600,GOES-19,2026-10-08 03:00:00
-3.604500,-54.673600,GOES-19,2026-10-08 03:10:00
-3.604500,-54.673600,GOES-19,2026-10-08 22:30:00
-3.604500,-54.673600,GOES-19,2026-10-08 22:40:00
-3.604500,-54.673600,GOES-19,2026-10-08 22:50:00
-15.989100,-53.685500,GOES-19,2026-10-08 14:00:00
-3.512700,-54.656200,GOES-19,2026-10-08 00:00:00
-3.512700,-54.656200,GOES-19,2026-10-08 00:10:00
-3.512700,-54.656200,GOES-19,2026-10-08 00:30:00
-3.512700,-54.656200,GOES-19,2026-10-08 00:50:00
-3.531000,-54.655700,GOES-19,2026-10-08 00:00:00
-3.531000,-54.655700,GOES-19,2026-10-08 00:10:00
-3.531000,-54.655700,GOES-19,2026-10-08 00:20:00
-3.531000,-54.655700,GOES-19,2026-10-08 00:30:00
-3.531000,-54.655700,GOES-19,2026-10-08 00:40:00
-3.531000,-54.655700,GOES-19,2026-10-08 00:50:00
-3.531000,-54.655700,GOES-19,2026-10-08 01:00:00
-3.531000,-54.655700,GOES-19,2026-10-08 01:10:00
-3.531000,-54.655700,GOES-19,2026-10-08 01:20:00
-3.531000,-54.655700,GOES-19,2026-10-08 01:30:00
-3.531000,-54.655700,GOES-19,2026-10-08 02:10:00
-3.531000,-54.655700,GOES-19,2026-10-08 02:20:00
-3.531000,-54.655700,GOES-19,2026-10-08 03:00:00
-3.531000,-54.655700,GOES-19,2026-10-08 03:10:00
-3.531000,-54.655700,GOES-19,2026-10-08 03:20:00
-3.531000,-54.655700,GOES-19,2026-10-08 22:10:00
-3.531000,-54.655700,GOES-19,2026-10-08 22:20:00
-3.531000,-54.655700,GOES-19,2026-10-08 22:30:00
-3.531000,-54.655700,GOES-19,2026-10-08 22:40:00
-3.549400,-54.655200,GOES-19,2026-10-08 00:00:00
-3.549400,-54.655200,GOES-19,2026-10-08 00:10:00
-3.549400,-54.655200,GOES-19,2026-10-08 00:20:00
-3.549400,-54.655200,GOES-19,2026-10-08 00:30:00
-3.549400,-54.655200,GOES-19,2026-10-08 00:40:00
-3.549400,-54.655200,GOES-19,2026-10-08 00:50:00
-3.549400,-54.655200,GOES-19,2026-10-08 01:00:00
-3.549400,-54.655200,GOES-19,2026-10-08 01:10:00
-3.549400,-54.655200,GOES-19,2026-10-08 01:20:00
-3.549400,-54.655200,GOES-19,2026-10-08 01:30:00
-3.549400,-54.655200,GOES-19,2026-10-08 02:10:00
-3.549400,-54.655200,GOES-19,2026-10-08 02:20:00
-3.549400,-54.655200,GOES-19,2026-10-08 03:00:00
-3.549400,-54.655200,GOES-19,2026-10-08 03:10:00
-3.549400,-54.655200,GOES-19,2026-10-08 03:20:00
-3.549400,-54.655200,GOES-19,2026-10-08 22:20:00
-3.567800,-54.654700,GOES-19,2026-10-08 00:00:00
-3.567800,-54.654700,GOES-19,2026-10-08 00:10:00
-3.567800,-54.654700,GOES-19,2026-10-08 00:20:00
-3.567800,-54.654700,GOES-19,2026-10-08 00:30:00
-3.567800,-54.654700,GOES-19,2026-10-08 00:40:00
-3.567800,-54.654700,GOES-19,2026-10-08 00:50:00
-3.567800,-54.654700,GOES-19,2026-10-08 01:10:00
-3.567800,-54.654700,GOES-19,2026-10-08 22:20:00
-3.567800,-54.654700,GOES-19,2026-10-08 22:30:00
-3.567800,-54.654700,GOES-19,2026-10-08 22:50:00
-3.586200,-54.654100,GOES-19,2026-10-08 00:00:00
-3.586200,-54.654100,GOES-19,2026-10-08 00:10:00
-3.586200,-54.654100,GOES-19,2026-10-08 00:20:00
-3.586200,-54.654100,GOES-19,2026-10-08 00:30:00
-3.586200,-54.654100,GOES-19,2026-10-08 00:40:00
-3.586200,-54.654100,GOES-19,2026-10-08 00:50:00
-3.586200,-54.654100,GOES-19,2026-10-08 01:00:00
-3.586200,-54.654100,GOES-19,2026-10-08 01:10:00
-3.586200,-54.654100,GOES-19,2026-10-08 01:20:00
-3.586200,-54.654100,GOES-19,2026-10-08 01:30:00
-3.586200,-54.654100,GOES-19,2026-10-08 02:10:00
-3.586200,-54.654100,GOES-19,2026-10-08 03:00:00
-3.586200,-54.654100,GOES-19,2026-10-08 03:10:00
-3.586200,-54.654100,GOES-19,2026-10-08 03:20:00
-4.745600,-54.616100,GOES-19,2026-10-08 17:20:00
-1.530600,-54.575800,GOES-19,2026-10-08 15:00:00
-1.530600,-54.575800,GOES-19,2026-10-08 15:10:00
-1.493900,-54.556300,GOES-19,2026-10-08 14:40:00
-1.493900,-54.556300,GOES-19,2026-10-08 18:30:00
-1.549000,-54.535600,GOES-19,2026-10-08 15:20:00
-1.549000,-54.535600,GOES-19,2026-10-08 15:30:00
-1.549000,-54.535600,GOES-19,2026-10-08 15:40:00
-1.549000,-54.535600,GOES-19,2026-10-08 15:50:00
-1.549000,-54.535600,GOES-19,2026-10-08 18:00:00
-1.549000,-54.535600,GOES-19,2026-10-08 18:20:00
-1.549000,-54.535600,GOES-19,2026-10-08 18:30:00
-1.549000,-54.535600,GOES-19,2026-10-08 18:40:00
-1.512300,-54.536100,GOES-19,2026-10-08 14:50:00
-1.512300,-54.536100,GOES-19,2026-10-08 15:00:00
-1.512300,-54.536100,GOES-19,2026-10-08 15:20:00
-1.971300,-54.329700,GOES-19,2026-10-08 18:20:00
-1.971300,-54.329700,GOES-19,2026-10-08 18:30:00
-2.063000,-54.308200,GOES-19,2026-10-08 14:50:00
-2.063000,-54.308200,GOES-19,2026-10-08 15:00:00
-2.063000,-54.308200,GOES-19,2026-10-08 15:10:00
-2.063000,-54.308200,GOES-19,2026-10-08 15:20:00
-2.063000,-54.308200,GOES-19,2026-10-08 15:30:00
-3.073000,-54.287400,GOES-19,2026-10-08 01:30:00
-3.091300,-54.287000,GOES-19,2026-10-08 01:30:00
-3.109700,-54.286500,GOES-19,2026-10-08 01:30:00
-2.063100,-54.288200,GOES-19,2026-10-08 15:30:00
-2.063100,-54.288200,GOES-19,2026-10-08 15:40:00
-3.054600,-54.267800,GOES-19,2026-10-08 01:30:00
-3.073000,-54.267400,GOES-19,2026-10-08 01:30:00
-3.091400,-54.266900,GOES-19,2026-10-08 01:30:00
-3.109800,-54.266500,GOES-19,2026-10-08 01:30:00
-3.054700,-54.247800,GOES-19,2026-10-08 01:30:00
-3.073100,-54.247300,GOES-19,2026-10-08 01:30:00
-1.164300,-54.219700,GOES-19,2026-10-08 18:20:00
-2.871200,-54.171900,GOES-19,2026-10-08 15:00:00
-2.871200,-54.171900,GOES-19,2026-10-08 18:40:00
-2.944700,-54.170200,GOES-19,2026-10-08 19:10:00
-2.944700,-54.170200,GOES-19,2026-10-08 19:20:00
-2.944700,-54.170200,GOES-19,2026-10-08 19:30:00
-2.944700,-54.170200,GOES-19,2026-10-08 19:40:00
-2.944700,-54.170200,GOES-19,2026-10-08 20:00:00
-2.944700,-54.170200,GOES-19,2026-10-08 20:10:00
-2.999900,-54.148800,GOES-19,2026-10-08 01:40:00
-2.999900,-54.148800,GOES-19,2026-10-08 19:30:00
-2.999900,-54.148800,GOES-19,2026-10-08 19:50:00
-2.999900,-54.148800,GOES-19,2026-10-08 20:00:00
-2.999900,-54.148800,GOES-19,2026-10-08 20:30:00
-3.018300,-54.148300,GOES-19,2026-10-08 01:40:00
-3.055000,-54.147400,GOES-19,2026-10-08 01:50:00
-2.871300,-54.151800,GOES-19,2026-10-08 15:00:00
-2.871300,-54.151800,GOES-19,2026-10-08 18:20:00
-2.871300,-54.151800,GOES-19,2026-10-08 18:40:00
-2.889700,-54.151400,GOES-19,2026-10-08 15:00:00
-2.889700,-54.151400,GOES-19,2026-10-08 18:20:00
-2.889700,-54.151400,GOES-19,2026-10-08 18:40:00
-2.926400,-54.150500,GOES-19,2026-10-08 15:30:00
-2.944800,-54.150100,GOES-19,2026-10-08 18:50:00
-2.944800,-54.150100,GOES-19,2026-10-08 19:10:00
-2.944800,-54.150100,GOES-19,2026-10-08 19:20:00
-2.944800,-54.150100,GOES-19,2026-10-08 19:30:00
-2.944800,-54.150100,GOES-19,2026-10-08 19:40:00
-2.944800,-54.150100,GOES-19,2026-10-08 20:00:00
-2.944800,-54.150100,GOES-19,2026-10-08 20:10:00
-2.981500,-54.149200,GOES-19,2026-10-08 19:30:00
-2.981500,-54.149200,GOES-19,2026-10-08 19:40:00
-2.981500,-54.149200,GOES-19,2026-10-08 19:50:00
-2.981500,-54.149200,GOES-19,2026-10-08 20:00:00
-2.742800,-54.134700,GOES-19,2026-10-08 18:40:00
-2.742800,-54.134700,GOES-19,2026-10-08 19:50:00
-2.742800,-54.134700,GOES-19,2026-10-08 21:00:00
-2.742800,-54.134700,GOES-19,2026-10-08 21:10:00
-2.834600,-54.132600,GOES-19,2026-10-08 15:00:00
-2.834600,-54.132600,GOES-19,2026-10-08 18:20:00
-2.834600,-54.132600,GOES-19,2026-10-08 18:40:00
-2.853000,-54.132200,GOES-19,2026-10-08 15:00:00
-2.853000,-54.132200,GOES-19,2026-10-08 18:20:00
-2.853000,-54.132200,GOES-19,2026-10-08 18:40:00
-2.926500,-54.130500,GOES-19,2026-10-08 15:10:00
-2.926500,-54.130500,GOES-19,2026-10-08 15:30:00
-2.926500,-54.130500,GOES-19,2026-10-08 18:50:00
-2.926500,-54.130500,GOES-19,2026-10-08 19:10:00
-2.926500,-54.130500,GOES-19,2026-10-08 19:20:00
-2.926500,-54.130500,GOES-19,2026-10-08 19:30:00
-2.926500,-54.130500,GOES-19,2026-10-08 19:40:00
-2.926500,-54.130500,GOES-19,2026-10-08 20:00:00
-2.926500,-54.130500,GOES-19,2026-10-08 20:10:00
-2.944900,-54.130000,GOES-19,2026-10-08 15:00:00
-2.944900,-54.130000,GOES-19,2026-10-08 15:10:00
-2.944900,-54.130000,GOES-19,2026-10-08 15:30:00
-2.944900,-54.130000,GOES-19,2026-10-08 18:50:00
-2.944900,-54.130000,GOES-19,2026-10-08 19:10:00
-2.944900,-54.130000,GOES-19,2026-10-08 19:20:00
-2.963200,-54.129600,GOES-19,2026-10-08 18:50:00
-2.963200,-54.129600,GOES-19,2026-10-08 19:10:00
-2.963200,-54.129600,GOES-19,2026-10-08 19:30:00
-2.963200,-54.129600,GOES-19,2026-10-08 19:40:00
-2.963200,-54.129600,GOES-19,2026-10-08 20:00:00
-2.963200,-54.129600,GOES-19,2026-10-08 20:10:00
-2.963200,-54.129600,GOES-19,2026-10-08 20:20:00
-2.981600,-54.129100,GOES-19,2026-10-08 00:10:00
-2.981600,-54.129100,GOES-19,2026-10-08 01:30:00
-2.981600,-54.129100,GOES-19,2026-10-08 01:40:00
-2.981600,-54.129100,GOES-19,2026-10-08 01:50:00
-2.981600,-54.129100,GOES-19,2026-10-08 03:10:00
-2.981600,-54.129100,GOES-19,2026-10-08 03:50:00
-2.981600,-54.129100,GOES-19,2026-10-08 04:10:00
-2.981600,-54.129100,GOES-19,2026-10-08 19:20:00
-2.981600,-54.129100,GOES-19,2026-10-08 19:30:00
-2.981600,-54.129100,GOES-19,2026-10-08 19:40:00
-2.981600,-54.129100,GOES-19,2026-10-08 19:50:00
-2.981600,-54.129100,GOES-19,2026-10-08 20:00:00
-2.981600,-54.129100,GOES-19,2026-10-08 20:10:00
-2.981600,-54.129100,GOES-19,2026-10-08 20:20:00
-2.981600,-54.129100,GOES-19,2026-10-08 20:30:00
-2.981600,-54.129100,GOES-19,2026-10-08 20:40:00
-2.981600,-54.129100,GOES-19,2026-10-08 20:50:00
-2.981600,-54.129100,GOES-19,2026-10-08 21:00:00
-2.981600,-54.129100,GOES-19,2026-10-08 21:10:00
-3.000000,-54.128700,GOES-19,2026-10-08 00:00:00
-3.000000,-54.128700,GOES-19,2026-10-08 00:10:00
-3.000000,-54.128700,GOES-19,2026-10-08 00:20:00
-3.000000,-54.128700,GOES-19,2026-10-08 00:30:00
-3.000000,-54.128700,GOES-19,2026-10-08 00:40:00
-3.000000,-54.128700,GOES-19,2026-10-08 00:50:00
-3.000000,-54.128700,GOES-19,2026-10-08 01:00:00
-3.000000,-54.128700,GOES-19,2026-10-08 01:10:00
-3.000000,-54.128700,GOES-19,2026-10-08 01:20:00
-3.000000,-54.128700,GOES-19,2026-10-08 01:30:00
-3.000000,-54.128700,GOES-19,2026-10-08 01:40:00
-3.000000,-54.128700,GOES-19,2026-10-08 01:50:00
-3.000000,-54.128700,GOES-19,2026-10-08 02:00:00
-3.000000,-54.128700,GOES-19,2026-10-08 02:10:00
-3.000000,-54.128700,GOES-19,2026-10-08 02:20:00
-3.000000,-54.128700,GOES-19,2026-10-08 02:30:00
-3.000000,-54.128700,GOES-19,2026-10-08 02:40:00
-3.000000,-54.128700,GOES-19,2026-10-08 02:50:00
-3.000000,-54.128700,GOES-19,2026-10-08 03:00:00
-3.000000,-54.128700,GOES-19,2026-10-08 03:10:00
-3.000000,-54.128700,GOES-19,2026-10-08 03:20:00
-3.000000,-54.128700,GOES-19,2026-10-08 03:30:00
-3.000000,-54.128700,GOES-19,2026-10-08 03:40:00
-3.000000,-54.128700,GOES-19,2026-10-08 03:50:00
-3.000000,-54.128700,GOES-19,2026-10-08 04:00:00
-3.000000,-54.128700,GOES-19,2026-10-08 04:10:00
-3.000000,-54.128700,GOES-19,2026-10-08 04:20:00
-3.000000,-54.128700,GOES-19,2026-10-08 04:30:00
-3.000000,-54.128700,GOES-19,2026-10-08 04:40:00
-3.000000,-54.128700,GOES-19,2026-10-08 04:50:00
-3.000000,-54.128700,GOES-19,2026-10-08 19:30:00
-3.000000,-54.128700,GOES-19,2026-10-08 19:40:00
-3.000000,-54.128700,GOES-19,2026-10-08 19:50:00
-3.000000,-54.128700,GOES-19,2026-10-08 20:00:00
-3.000000,-54.128700,GOES-19,2026-10-08 20:10:00
-3.000000,-54.128700,GOES-19,2026-10-08 20:20:00
-3.000000,-54.128700,GOES-19,2026-10-08 20:30:00
-3.000000,-54.128700,GOES-19,2026-10-08 20:40:00
-3.018400,-54.128200,GOES-19,2026-10-08 00:00:00
-3.018400,-54.128200,GOES-19,2026-10-08 00:10:00
-3.018400,-54.128200,GOES-19,2026-10-08 00:20:00
-3.018400,-54.128200,GOES-19,2026-10-08 00:30:00
-3.018400,-54.128200,GOES-19,2026-10-08 00:40:00
-3.018400,-54.128200,GOES-19,2026-10-08 00:50:00
-3.018400,-54.128200,GOES-19,2026-10-08 01:00:00
-3.018400,-54.128200,GOES-19,2026-10-08 01:10:00
-3.018400,-54.128200,GOES-19,2026-10-08 01:20:00
-3.018400,-54.128200,GOES-19,2026-10-08 01:30:00
-3.018400,-54.128200,GOES-19,2026-10-08 01:40:00
-3.018400,-54.128200,GOES-19,2026-10-08 01:50:00
-3.018400,-54.128200,GOES-19,2026-10-08 02:00:00
-3.018400,-54.128200,GOES-19,2026-10-08 02:10:00
-3.018400,-54.128200,GOES-19,2026-10-08 02:20:00
-3.018400,-54.128200,GOES-19,2026-10-08 02:30:00
-3.018400,-54.128200,GOES-19,2026-10-08 02:40:00
-3.018400,-54.128200,GOES-19,2026-10-08 02:50:00
-3.018400,-54.128200,GOES-19,2026-10-08 03:00:00
-3.018400,-54.128200,GOES-19,2026-10-08 03:10:00
-3.018400,-54.128200,GOES-19,2026-10-08 03:20:00
-3.018400,-54.128200,GOES-19,2026-10-08 03:30:00
-3.018400,-54.128200,GOES-19,2026-10-08 03:40:00
-3.018400,-54.128200,GOES-19,2026-10-08 03:50:00
-3.018400,-54.128200,GOES-19,2026-10-08 04:00:00
-3.018400,-54.128200,GOES-19,2026-10-08 04:10:00
-3.018400,-54.128200,GOES-19,2026-10-08 04:20:00
-3.018400,-54.128200,GOES-19,2026-10-08 04:30:00
-3.018400,-54.128200,GOES-19,2026-10-08 04:40:00
-3.018400,-54.128200,GOES-19,2026-10-08 04:50:00
-2.742800,-54.114600,GOES-19,2026-10-08 18:20:00
-2.742800,-54.114600,GOES-19,2026-10-08 18:30:00
-2.742800,-54.114600,GOES-19,2026-10-08 18:40:00
-2.742800,-54.114600,GOES-19,2026-10-08 18:50:00
-2.742800,-54.114600,GOES-19,2026-10-08 19:50:00
-2.742800,-54.114600,GOES-19,2026-10-08 21:00:00
-2.742800,-54.114600,GOES-19,2026-10-08 21:10:00
-2.761200,-54.114200,GOES-19,2026-10-08 19:50:00
-2.761200,-54.114200,GOES-19,2026-10-08 21:00:00
-2.761200,-54.114200,GOES-19,2026-10-08 21:10:00
-2.816300,-54.112900,GOES-19,2026-10-08 15:00:00
-2.834700,-54.112500,GOES-19,2026-10-08 15:00:00
-2.834700,-54.112500,GOES-19,2026-10-08 18:20:00
-2.834700,-54.112500,GOES-19,2026-10-08 18:40:00
-2.853100,-54.112100,GOES-19,2026-10-08 18:20:00
-2.853100,-54.112100,GOES-19,2026-10-08 18:40:00
-2.926500,-54.110400,GOES-19,2026-10-08 15:00:00
-2.926500,-54.110400,GOES-19,2026-10-08 15:20:00
-2.926500,-54.110400,GOES-19,2026-10-08 18:50:00
-2.926500,-54.110400,GOES-19,2026-10-08 19:10:00
-2.926500,-54.110400,GOES-19,2026-10-08 19:20:00
-2.926500,-54.110400,GOES-19,2026-10-08 19:30:00
-2.926500,-54.110400,GOES-19,2026-10-08 19:40:00
-2.926500,-54.110400,GOES-19,2026-10-08 20:00:00
-2.926500,-54.110400,GOES-19,2026-10-08 20:10:00
-2.944900,-54.109900,GOES-19,2026-10-08 15:00:00
-2.944900,-54.109900,GOES-19,2026-10-08 15:10:00
-2.944900,-54.109900,GOES-19,2026-10-08 15:20:00
-2.944900,-54.109900,GOES-19,2026-10-08 15:30:00
-2.944900,-54.109900,GOES-19,2026-10-08 18:50:00
-2.944900,-54.109900,GOES-19,2026-10-08 19:10:00
-2.944900,-54.109900,GOES-19,2026-10-08 19:20:00
-2.944900,-54.109900,GOES-19,2026-10-08 20:00:00
-2.963300,-54.109500,GOES-19,2026-10-08 15:10:00
-2.963300,-54.109500,GOES-19,2026-10-08 18:50:00
-2.963300,-54.109500,GOES-19,2026-10-08 19:10:00
-2.963300,-54.109500,GOES-19,2026-10-08 19:20:00
-2.963300,-54.109500,GOES-19,2026-10-08 19:30:00
-2.963300,-54.109500,GOES-19,2026-10-08 19:40:00
-2.963300,-54.109500,GOES-19,2026-10-08 19:50:00
-2.963300,-54.109500,GOES-19,2026-10-08 20:00:00
-2.963300,-54.109500,GOES-19,2026-10-08 20:10:00
-2.963300,-54.109500,GOES-19,2026-10-08 20:20:00
-2.963300,-54.109500,GOES-19,2026-10-08 20:30:00
-2.963300,-54.109500,GOES-19,2026-10-08 20:50:00
-2.981700,-54.109100,GOES-19,2026-10-08 00:00:00
-2.981700,-54.109100,GOES-19,2026-10-08 00:10:00
-2.981700,-54.109100,GOES-19,2026-10-08 00:20:00
-2.981700,-54.109100,GOES-19,2026-10-08 00:30:00
-2.981700,-54.109100,GOES-19,2026-10-08 00:40:00
-2.981700,-54.109100,GOES-19,2026-10-08 00:50:00
-2.981700,-54.109100,GOES-19,2026-10-08 01:00:00
-2.981700,-54.109100,GOES-19,2026-10-08 01:10:00
-2.981700,-54.109100,GOES-19,2026-10-08 01:20:00
-2.981700,-54.109100,GOES-19,2026-10-08 01:30:00
-2.981700,-54.109100,GOES-19,2026-10-08 01:40:00
-2.981700,-54.109100,GOES-19,2026-10-08 01:50:00
-2.981700,-54.109100,GOES-19,2026-10-08 02:00:00
-2.981700,-54.109100,GOES-19,2026-10-08 02:30:00
-2.981700,-54.109100,GOES-19,2026-10-08 03:10:00
-2.981700,-54.109100,GOES-19,2026-10-08 03:20:00
-2.981700,-54.109100,GOES-19,2026-10-08 03:30:00
-2.981700,-54.109100,GOES-19,2026-10-08 03:40:00
-2.981700,-54.109100,GOES-19,2026-10-08 03:50:00
-2.981700,-54.109100,GOES-19,2026-10-08 04:00:00
-2.981700,-54.109100,GOES-19,2026-10-08 04:10:00
-2.981700,-54.109100,GOES-19,2026-10-08 04:20:00
-2.981700,-54.109100,GOES-19,2026-10-08 04:30:00
-2.981700,-54.109100,GOES-19,2026-10-08 04:40:00
-2.981700,-54.109100,GOES-19,2026-10-08 04:50:00
-2.981700,-54.109100,GOES-19,2026-10-08 19:20:00
-2.981700,-54.109100,GOES-19,2026-10-08 19:30:00
-2.981700,-54.109100,GOES-19,2026-10-08 19:40:00
-2.981700,-54.109100,GOES-19,2026-10-08 19:50:00
-2.981700,-54.109100,GOES-19,2026-10-08 20:00:00
-2.981700,-54.109100,GOES-19,2026-10-08 20:10:00
-2.981700,-54.109100,GOES-19,2026-10-08 20:20:00
-2.981700,-54.109100,GOES-19,2026-10-08 20:30:00
-2.981700,-54.109100,GOES-19,2026-10-08 20:40:00
-2.981700,-54.109100,GOES-19,2026-10-08 20:50:00
-2.981700,-54.109100,GOES-19,2026-10-08 21:00:00
-2.981700,-54.109100,GOES-19,2026-10-08 21:10:00
-2.981700,-54.109100,GOES-19,2026-10-08 21:20:00
-2.981700,-54.109100,GOES-19,2026-10-08 22:10:00
-2.981700,-54.109100,GOES-19,2026-10-08 22:20:00
-2.981700,-54.109100,GOES-19,2026-10-08 23:00:00
-3.000100,-54.108600,GOES-19,2026-10-08 00:00:00
-3.000100,-54.108600,GOES-19,2026-10-08 00:10:00
-3.000100,-54.108600,GOES-19,2026-10-08 00:20:00
-3.000100,-54.108600,GOES-19,2026-10-08 00:30:00
-3.000100,-54.108600,GOES-19,2026-10-08 00:40:00
-3.000100,-54.108600,GOES-19,2026-10-08 00:50:00
-3.000100,-54.108600,GOES-19,2026-10-08 01:00:00
-3.000100,-54.108600,GOES-19,2026-10-08 01:10:00
-3.000100,-54.108600,GOES-19,2026-10-08 01:20:00
-3.000100,-54.108600,GOES-19,2026-10-08 01:30:00
-3.000100,-54.108600,GOES-19,2026-10-08 01:40:00
-3.000100,-54.108600,GOES-19,2026-10-08 01:50:00
-3.000100,-54.108600,GOES-19,2026-10-08 02:00:00
-3.000100,-54.108600,GOES-19,2026-10-08 02:10:00
-3.000100,-54.108600,GOES-19,2026-10-08 02:20:00
-3.000100,-54.108600,GOES-19,2026-10-08 02:30:00
-3.000100,-54.108600,GOES-19,2026-10-08 02:40:00
-3.000100,-54.108600,GOES-19,2026-10-08 02:50:00
-3.000100,-54.108600,GOES-19,2026-10-08 03:00:00
-3.000100,-54.108600,GOES-19,2026-10-08 03:10:00
-3.000100,-54.108600,GOES-19,2026-10-08 03:20:00
-3.000100,-54.108600,GOES-19,2026-10-08 03:30:00
-3.000100,-54.108600,GOES-19,2026-10-08 03:40:00
-3.000100,-54.108600,GOES-19,2026-10-08 03:50:00
-3.000100,-54.108600,GOES-19,2026-10-08 04:00:00
-3.000100,-54.108600,GOES-19,2026-10-08 04:10:00
-3.000100,-54.108600,GOES-19,2026-10-08 04:20:00
-3.000100,-54.108600,GOES-19,2026-10-08 04:30:00
-3.000100,-54.108600,GOES-19,2026-10-08 04:40:00
-3.000100,-54.108600,GOES-19,2026-10-08 04:50:00
-3.000100,-54.108600,GOES-19,2026-10-08 19:20:00
-3.000100,-54.108600,GOES-19,2026-10-08 19:40:00
-3.000100,-54.108600,GOES-19,2026-10-08 19:50:00
-3.000100,-54.108600,GOES-19,2026-10-08 20:00:00
-3.000100,-54.108600,GOES-19,2026-10-08 20:10:00
-3.000100,-54.108600,GOES-19,2026-10-08 20:20:00
-3.000100,-54.108600,GOES-19,2026-10-08 20:30:00
-3.000100,-54.108600,GOES-19,2026-10-08 20:40:00
-3.000100,-54.108600,GOES-19,2026-10-08 20:50:00
-3.000100,-54.108600,GOES-19,2026-10-08 21:00:00
-3.000100,-54.108600,GOES-19,2026-10-08 21:20:00
-3.000100,-54.108600,GOES-19,2026-10-08 22:10:00
-3.018400,-54.108200,GOES-19,2026-10-08 00:00:00
-3.018400,-54.108200,GOES-19,2026-10-08 00:10:00
-3.018400,-54.108200,GOES-19,2026-10-08 00:20:00
-3.018400,-54.108200,GOES-19,2026-10-08 00:30:00
-3.018400,-54.108200,GOES-19,2026-10-08 00:40:00
-3.018400,-54.108200,GOES-19,2026-10-08 00:50:00
-3.018400,-54.108200,GOES-19,2026-10-08 01:00:00
-3.018400,-54.108200,GOES-19,2026-10-08 01:10:00
-3.018400,-54.108200,GOES-19,2026-10-08 01:20:00
-3.018400,-54.108200,GOES-19,2026-10-08 01:30:00
-3.018400,-54.108200,GOES-19,2026-10-08 01:40:00
-3.018400,-54.108200,GOES-19,2026-10-08 01:50:00
-3.018400,-54.108200,GOES-19,2026-10-08 02:00:00
-3.018400,-54.108200,GOES-19,2026-10-08 02:10:00
-3.018400,-54.108200,GOES-19,2026-10-08 02:20:00
-3.018400,-54.108200,GOES-19,2026-10-08 02:30:00
-3.018400,-54.108200,GOES-19,2026-10-08 02:40:00
-3.018400,-54.108200,GOES-19,2026-10-08 02:50:00
-3.018400,-54.108200,GOES-19,2026-10-08 03:00:00
-3.018400,-54.108200,GOES-19,2026-10-08 03:10:00
-3.018400,-54.108200,GOES-19,2026-10-08 03:20:00
-3.018400,-54.108200,GOES-19,2026-10-08 03:30:00
-3.018400,-54.108200,GOES-19,2026-10-08 03:40:00
-3.018400,-54.108200,GOES-19,2026-10-08 03:50:00
-3.018400,-54.108200,GOES-19,2026-10-08 04:00:00
-3.018400,-54.108200,GOES-19,2026-10-08 04:10:00
-3.018400,-54.108200,GOES-19,2026-10-08 04:20:00
-3.018400,-54.108200,GOES-19,2026-10-08 04:30:00
-3.018400,-54.108200,GOES-19,2026-10-08 04:40:00
-3.018400,-54.108200,GOES-19,2026-10-08 04:50:00
-3.018400,-54.108200,GOES-19,2026-10-08 19:40:00
-3.018400,-54.108200,GOES-19,2026-10-08 19:50:00
-3.018400,-54.108200,GOES-19,2026-10-08 20:00:00
-3.018400,-54.108200,GOES-19,2026-10-08 20:10:00
-3.018400,-54.108200,GOES-19,2026-10-08 20:20:00
-3.018400,-54.108200,GOES-19,2026-10-08 20:30:00
-3.018400,-54.108200,GOES-19,2026-10-08 20:40:00
-3.036800,-54.107700,GOES-19,2026-10-08 00:00:00
-3.036800,-54.107700,GOES-19,2026-10-08 00:10:00
-3.036800,-54.107700,GOES-19,2026-10-08 00:20:00
-3.036800,-54.107700,GOES-19,2026-10-08 00:30:00
-3.036800,-54.107700,GOES-19,2026-10-08 00:40:00
-3.036800,-54.107700,GOES-19,2026-10-08 00:50:00
-3.036800,-54.107700,GOES-19,2026-10-08 01:00:00
-3.036800,-54.107700,GOES-19,2026-10-08 01:10:00
-3.036800,-54.107700,GOES-19,2026-10-08 01:20:00
-3.036800,-54.107700,GOES-19,2026-10-08 01:30:00
-3.036800,-54.107700,GOES-19,2026-10-08 01:40:00
-3.036800,-54.107700,GOES-19,2026-10-08 01:50:00
-3.036800,-54.107700,GOES-19,2026-10-08 02:00:00
-3.036800,-54.107700,GOES-19,2026-10-08 02:10:00
-3.036800,-54.107700,GOES-19,2026-10-08 02:20:00
-3.036800,-54.107700,GOES-19,2026-10-08 02:30:00
-3.036800,-54.107700,GOES-19,2026-10-08 02:40:00
-3.036800,-54.107700,GOES-19,2026-10-08 02:50:00
-3.036800,-54.107700,GOES-19,2026-10-08 03:00:00
-3.036800,-54.107700,GOES-19,2026-10-08 03:10:00
-3.036800,-54.107700,GOES-19,2026-10-08 03:20:00
-3.036800,-54.107700,GOES-19,2026-10-08 03:30:00
-3.036800,-54.107700,GOES-19,2026-10-08 03:40:00
-3.036800,-54.107700,GOES-19,2026-10-08 03:50:00
-3.036800,-54.107700,GOES-19,2026-10-08 04:00:00
-3.036800,-54.107700,GOES-19,2026-10-08 04:10:00
-3.036800,-54.107700,GOES-19,2026-10-08 04:30:00
-3.036800,-54.107700,GOES-19,2026-10-08 04:40:00
-3.036800,-54.107700,GOES-19,2026-10-08 04:50:00
-2.724500,-54.115000,GOES-19,2026-10-08 14:50:00
-2.724500,-54.115000,GOES-19,2026-10-08 15:00:00
-2.724500,-54.115000,GOES-19,2026-10-08 15:10:00
-2.724500,-54.115000,GOES-19,2026-10-08 15:20:00
-2.724500,-54.115000,GOES-19,2026-10-08 15:30:00
-2.724500,-54.115000,GOES-19,2026-10-08 18:30:00
-2.724500,-54.115000,GOES-19,2026-10-08 18:40:00
-2.724500,-54.115000,GOES-19,2026-10-08 18:50:00
-2.724500,-54.115000,GOES-19,2026-10-08 19:00:00
-2.724500,-54.115000,GOES-19,2026-10-08 19:10:00
-2.724500,-54.115000,GOES-19,2026-10-08 19:20:00
-2.724500,-54.115000,GOES-19,2026-10-08 19:30:00
-2.724500,-54.115000,GOES-19,2026-10-08 19:40:00
-2.724500,-54.115000,GOES-19,2026-10-08 19:50:00
-2.724500,-54.115000,GOES-19,2026-10-08 21:00:00
-2.724500,-54.115000,GOES-19,2026-10-08 21:10:00
-2.742900,-54.094500,GOES-19,2026-10-08 14:50:00
-2.742900,-54.094500,GOES-19,2026-10-08 15:00:00
-2.742900,-54.094500,GOES-19,2026-10-08 15:10:00
-2.742900,-54.094500,GOES-19,2026-10-08 15:20:00
-2.742900,-54.094500,GOES-19,2026-10-08 15:30:00
-2.742900,-54.094500,GOES-19,2026-10-08 18:30:00
-2.742900,-54.094500,GOES-19,2026-10-08 18:40:00
-2.742900,-54.094500,GOES-19,2026-10-08 18:50:00
-2.742900,-54.094500,GOES-19,2026-10-08 19:50:00
-2.742900,-54.094500,GOES-19,2026-10-08 21:00:00
-2.742900,-54.094500,GOES-19,2026-10-08 21:10:00
-2.761300,-54.094100,GOES-19,2026-10-08 15:00:00
-2.761300,-54.094100,GOES-19,2026-10-08 15:10:00
-2.761300,-54.094100,GOES-19,2026-10-08 15:20:00
-2.761300,-54.094100,GOES-19,2026-10-08 18:40:00
-2.761300,-54.094100,GOES-19,2026-10-08 19:50:00
-2.761300,-54.094100,GOES-19,2026-10-08 21:00:00
-2.761300,-54.094100,GOES-19,2026-10-08 21:10:00
-2.779600,-54.093700,GOES-19,2026-10-08 15:10:00
-2.779600,-54.093700,GOES-19,2026-10-08 18:40:00
-2.798000,-54.093300,GOES-19,2026-10-08 15:00:00
-2.798000,-54.093300,GOES-19,2026-10-08 15:20:00
-2.963400,-54.089400,GOES-19,2026-10-08 15:00:00
-2.963400,-54.089400,GOES-19,2026-10-08 15:10:00
-2.963400,-54.089400,GOES-19,2026-10-08 15:20:00
-2.963400,-54.089400,GOES-19,2026-10-08 15:30:00
-2.981700,-54.089000,GOES-19,2026-10-08 00:00:00
-2.981700,-54.089000,GOES-19,2026-10-08 00:10:00
-2.981700,-54.089000,GOES-19,2026-10-08 00:20:00
-2.981700,-54.089000,GOES-19,2026-10-08 00:30:00
-2.981700,-54.089000,GOES-19,2026-10-08 00:40:00
-2.981700,-54.089000,GOES-19,2026-10-08 00:50:00
-2.981700,-54.089000,GOES-19,2026-10-08 01:00:00
-2.981700,-54.089000,GOES-19,2026-10-08 01:10:00
-2.981700,-54.089000,GOES-19,2026-10-08 01:20:00
-2.981700,-54.089000,GOES-19,2026-10-08 01:30:00
-2.981700,-54.089000,GOES-19,2026-10-08 01:40:00
-2.981700,-54.089000,GOES-19,2026-10-08 01:50:00
-2.981700,-54.089000,GOES-19,2026-10-08 02:00:00
-2.981700,-54.089000,GOES-19,2026-10-08 02:10:00
-2.981700,-54.089000,GOES-19,2026-10-08 02:20:00
-2.981700,-54.089000,GOES-19,2026-10-08 02:30:00
-2.981700,-54.089000,GOES-19,2026-10-08 02:40:00
-2.981700,-54.089000,GOES-19,2026-10-08 02:50:00
-2.981700,-54.089000,GOES-19,2026-10-08 03:00:00
-2.981700,-54.089000,GOES-19,2026-10-08 03:10:00
-2.981700,-54.089000,GOES-19,2026-10-08 03:20:00
-2.981700,-54.089000,GOES-19,2026-10-08 03:30:00
-2.981700,-54.089000,GOES-19,2026-10-08 03:40:00
-2.981700,-54.089000,GOES-19,2026-10-08 03:50:00
-2.981700,-54.089000,GOES-19,2026-10-08 04:00:00
-2.981700,-54.089000,GOES-19,2026-10-08 04:10:00
-2.981700,-54.089000,GOES-19,2026-10-08 04:20:00
-2.981700,-54.089000,GOES-19,2026-10-08 04:30:00
-2.981700,-54.089000,GOES-19,2026-10-08 04:40:00
-2.981700,-54.089000,GOES-19,2026-10-08 04:50:00
-2.981700,-54.089000,GOES-19,2026-10-08 19:10:00
-2.981700,-54.089000,GOES-19,2026-10-08 19:30:00
-2.981700,-54.089000,GOES-19,2026-10-08 19:40:00
-2.981700,-54.089000,GOES-19,2026-10-08 19:50:00
-2.981700,-54.089000,GOES-19,2026-10-08 20:00:00
-2.981700,-54.089000,GOES-19,2026-10-08 20:10:00
-2.981700,-54.089000,GOES-19,2026-10-08 20:20:00
-2.981700,-54.089000,GOES-19,2026-10-08 20:30:00
-2.981700,-54.089000,GOES-19,2026-10-08 20:40:00
-2.981700,-54.089000,GOES-19,2026-10-08 20:50:00
-2.981700,-54.089000,GOES-19,2026-10-08 21:00:00
-3.000100,-54.088500,GOES-19,2026-10-08 00:00:00
-3.000100,-54.088500,GOES-19,2026-10-08 00:10:00
-3.000100,-54.088500,GOES-19,2026-10-08 00:20:00
-3.000100,-54.088500,GOES-19,2026-10-08 00:30:00
-3.000100,-54.088500,GOES-19,2026-10-08 00:40:00
-3.000100,-54.088500,GOES-19,2026-10-08 00:50:00
-3.000100,-54.088500,GOES-19,2026-10-08 01:00:00
-3.000100,-54.088500,GOES-19,2026-10-08 01:10:00
-3.000100,-54.088500,GOES-19,2026-10-08 01:20:00
-3.000100,-54.088500,GOES-19,2026-10-08 01:30:00
-3.000100,-54.088500,GOES-19,2026-10-08 01:40:00
-3.000100,-54.088500,GOES-19,2026-10-08 01:50:00
-3.000100,-54.088500,GOES-19,2026-10-08 02:00:00
-3.000100,-54.088500,GOES-19,2026-10-08 02:10:00
-3.000100,-54.088500,GOES-19,2026-10-08 02:20:00
-3.000100,-54.088500,GOES-19,2026-10-08 02:30:00
-3.000100,-54.088500,GOES-19,2026-10-08 02:40:00
-3.000100,-54.088500,GOES-19,2026-10-08 02:50:00
-3.000100,-54.088500,GOES-19,2026-10-08 03:00:00
-3.000100,-54.088500,GOES-19,2026-10-08 03:10:00
-3.000100,-54.088500,GOES-19,2026-10-08 03:20:00
-3.000100,-54.088500,GOES-19,2026-10-08 03:30:00
-3.000100,-54.088500,GOES-19,2026-10-08 03:40:00
-3.000100,-54.088500,GOES-19,2026-10-08 03:50:00
-3.000100,-54.088500,GOES-19,2026-10-08 04:00:00
-3.000100,-54.088500,GOES-19,2026-10-08 04:10:00
-3.000100,-54.088500,GOES-19,2026-10-08 04:20:00
-3.000100,-54.088500,GOES-19,2026-10-08 04:30:00
-3.000100,-54.088500,GOES-19,2026-10-08 04:40:00
-3.000100,-54.088500,GOES-19,2026-10-08 04:50:00
-3.000100,-54.088500,GOES-19,2026-10-08 19:20:00
-3.000100,-54.088500,GOES-19,2026-10-08 19:40:00
-3.000100,-54.088500,GOES-19,2026-10-08 19:50:00
-3.000100,-54.088500,GOES-19,2026-10-08 20:00:00
-3.000100,-54.088500,GOES-19,2026-10-08 20:10:00
-3.000100,-54.088500,GOES-19,2026-10-08 20:20:00
-3.000100,-54.088500,GOES-19,2026-10-08 20:30:00
-3.000100,-54.088500,GOES-19,2026-10-08 20:40:00
-3.000100,-54.088500,GOES-19,2026-10-08 20:50:00
-3.000100,-54.088500,GOES-19,2026-10-08 21:00:00
-3.000100,-54.088500,GOES-19,2026-10-08 21:10:00
-3.000100,-54.088500,GOES-19,2026-10-08 21:20:00
-3.000100,-54.088500,GOES-19,2026-10-08 22:10:00
-3.000100,-54.088500,GOES-19,2026-10-08 22:20:00
-3.000100,-54.088500,GOES-19,2026-10-08 22:30:00
-3.000100,-54.088500,GOES-19,2026-10-08 23:00:00
-3.018500,-54.088100,GOES-19,2026-10-08 00:00:00
-3.018500,-54.088100,GOES-19,2026-10-08 00:10:00
-3.018500,-54.088100,GOES-19,2026-10-08 00:20:00
-3.018500,-54.088100,GOES-19,2026-10-08 00:30:00
-3.018500,-54.088100,GOES-19,2026-10-08 00:40:00
-3.018500,-54.088100,GOES-19,2026-10-08 00:50:00
-3.018500,-54.088100,GOES-19,2026-10-08 01:00:00
-3.018500,-54.088100,GOES-19,2026-10-08 01:10:00
-3.018500,-54.088100,GOES-19,2026-10-08 01:20:00
-3.018500,-54.088100,GOES-19,2026-10-08 01:30:00
-3.018500,-54.088100,GOES-19,2026-10-08 01:40:00
-3.018500,-54.088100,GOES-19,2026-10-08 01:50:00
-3.018500,-54.088100,GOES-19,2026-10-08 02:00:00
-3.018500,-54.088100,GOES-19,2026-10-08 02:10:00
-3.018500,-54.088100,GOES-19,2026-10-08 02:20:00
-3.018500,-54.088100,GOES-19,2026-10-08 02:30:00
-3.018500,-54.088100,GOES-19,2026-10-08 02:40:00
-3.018500,-54.088100,GOES-19,2026-10-08 02:50:00
-3.018500,-54.088100,GOES-19,2026-10-08 03:00:00
-3.018500,-54.088100,GOES-19,2026-10-08 03:10:00
-3.018500,-54.088100,GOES-19,2026-10-08 03:20:00
-3.018500,-54.088100,GOES-19,2026-10-08 03:30:00
-3.018500,-54.088100,GOES-19,2026-10-08 03:40:00
-3.018500,-54.088100,GOES-19,2026-10-08 03:50:00
-3.018500,-54.088100,GOES-19,2026-10-08 04:00:00
-3.018500,-54.088100,GOES-19,2026-10-08 04:10:00
-3.018500,-54.088100,GOES-19,2026-10-08 04:20:00
-3.018500,-54.088100,GOES-19,2026-10-08 04:30:00
-3.018500,-54.088100,GOES-19,2026-10-08 04:40:00
-3.018500,-54.088100,GOES-19,2026-10-08 04:50:00
-3.018500,-54.088100,GOES-19,2026-10-08 19:30:00
-3.018500,-54.088100,GOES-19,2026-10-08 19:40:00
-3.018500,-54.088100,GOES-19,2026-10-08 19:50:00
-3.018500,-54.088100,GOES-19,2026-10-08 20:00:00
-3.018500,-54.088100,GOES-19,2026-10-08 20:10:00
-3.018500,-54.088100,GOES-19,2026-10-08 20:20:00
-3.018500,-54.088100,GOES-19,2026-10-08 20:30:00
-3.018500,-54.088100,GOES-19,2026-10-08 20:40:00
-3.018500,-54.088100,GOES-19,2026-10-08 20:50:00
-3.018500,-54.088100,GOES-19,2026-10-08 21:00:00
-3.018500,-54.088100,GOES-19,2026-10-08 21:10:00
-3.018500,-54.088100,GOES-19,2026-10-08 21:20:00
-3.018500,-54.088100,GOES-19,2026-10-08 22:10:00
-3.018500,-54.088100,GOES-19,2026-10-08 22:20:00
-3.018500,-54.088100,GOES-19,2026-10-08 22:30:00
-3.018500,-54.088100,GOES-19,2026-10-08 23:00:00
-3.036900,-54.087600,GOES-19,2026-10-08 00:00:00
-3.036900,-54.087600,GOES-19,2026-10-08 00:10:00
-3.036900,-54.087600,GOES-19,2026-10-08 00:20:00
-3.036900,-54.087600,GOES-19,2026-10-08 00:30:00
-3.036900,-54.087600,GOES-19,2026-10-08 00:40:00
-3.036900,-54.087600,GOES-19,2026-10-08 00:50:00
-3.036900,-54.087600,GOES-19,2026-10-08 01:00:00
-3.036900,-54.087600,GOES-19,2026-10-08 01:10:00
-3.036900,-54.087600,GOES-19,2026-10-08 01:20:00
-3.036900,-54.087600,GOES-19,2026-10-08 01:30:00
-3.036900,-54.087600,GOES-19,2026-10-08 01:40:00
-3.036900,-54.087600,GOES-19,2026-10-08 01:50:00
-3.036900,-54.087600,GOES-19,2026-10-08 02:00:00
-3.036900,-54.087600,GOES-19,2026-10-08 02:10:00
-3.036900,-54.087600,GOES-19,2026-10-08 02:20:00
-3.036900,-54.087600,GOES-19,2026-10-08 02:30:00
-3.036900,-54.087600,GOES-19,2026-10-08 02:40:00
-3.036900,-54.087600,GOES-19,2026-10-08 02:50:00
-3.036900,-54.087600,GOES-19,2026-10-08 03:00:00
-3.036900,-54.087600,GOES-19,2026-10-08 03:10:00
-3.036900,-54.087600,GOES-19,2026-10-08 03:20:00
-3.036900,-54.087600,GOES-19,2026-10-08 03:30:00
-3.036900,-54.087600,GOES-19,2026-10-08 03:40:00
-3.036900,-54.087600,GOES-19,2026-10-08 03:50:00
-3.036900,-54.087600,GOES-19,2026-10-08 04:00:00
-3.036900,-54.087600,GOES-19,2026-10-08 04:10:00
-3.036900,-54.087600,GOES-19,2026-10-08 04:20:00
-3.036900,-54.087600,GOES-19,2026-10-08 04:30:00
-3.036900,-54.087600,GOES-19,2026-10-08 04:40:00
-3.036900,-54.087600,GOES-19,2026-10-08 04:50:00
-3.036900,-54.087600,GOES-19,2026-10-08 19:40:00
-3.036900,-54.087600,GOES-19,2026-10-08 19:50:00
-3.036900,-54.087600,GOES-19,2026-10-08 20:00:00
-3.036900,-54.087600,GOES-19,2026-10-08 20:10:00
-3.275800,-54.081500,GOES-19,2026-10-08 00:10:00
-3.275800,-54.081500,GOES-19,2026-10-08 22:50:00
-3.294200,-54.081000,GOES-19,2026-10-08 00:00:00
-3.294200,-54.081000,GOES-19,2026-10-08 00:10:00
-3.294200,-54.081000,GOES-19,2026-10-08 00:20:00
-3.294200,-54.081000,GOES-19,2026-10-08 00:30:00
-3.294200,-54.081000,GOES-19,2026-10-08 00:40:00
-3.294200,-54.081000,GOES-19,2026-10-08 00:50:00
-3.294200,-54.081000,GOES-19,2026-10-08 01:00:00
-3.294200,-54.081000,GOES-19,2026-10-08 01:10:00
-3.294200,-54.081000,GOES-19,2026-10-08 01:20:00
-3.294200,-54.081000,GOES-19,2026-10-08 01:30:00
-3.294200,-54.081000,GOES-19,2026-10-08 01:40:00
-3.294200,-54.081000,GOES-19,2026-10-08 01:50:00
-3.294200,-54.081000,GOES-19,2026-10-08 02:00:00
-3.294200,-54.081000,GOES-19,2026-10-08 02:10:00
-3.294200,-54.081000,GOES-19,2026-10-08 02:30:00
-3.294200,-54.081000,GOES-19,2026-10-08 22:50:00
-3.294200,-54.081000,GOES-19,2026-10-08 23:00:00
-3.294200,-54.081000,GOES-19,2026-10-08 23:10:00
-3.294200,-54.081000,GOES-19,2026-10-08 23:20:00
-3.294200,-54.081000,GOES-19,2026-10-08 23:50:00
-3.257500,-54.061900,GOES-19,2026-10-08 00:00:00
-3.257500,-54.061900,GOES-19,2026-10-08 00:10:00
-3.257500,-54.061900,GOES-19,2026-10-08 00:30:00
-3.257500,-54.061900,GOES-19,2026-10-08 00:40:00
-3.257500,-54.061900,GOES-19,2026-10-08 00:50:00
-3.257500,-54.061900,GOES-19,2026-10-08 01:10:00
-3.257500,-54.061900,GOES-19,2026-10-08 01:20:00
-3.257500,-54.061900,GOES-19,2026-10-08 01:30:00
-3.257500,-54.061900,GOES-19,2026-10-08 02:00:00
-3.257500,-54.061900,GOES-19,2026-10-08 02:10:00
-3.257500,-54.061900,GOES-19,2026-10-08 02:20:00
-3.257500,-54.061900,GOES-19,2026-10-08 02:30:00
-3.257500,-54.061900,GOES-19,2026-10-08 02:40:00
-3.257500,-54.061900,GOES-19,2026-10-08 22:50:00
-3.257500,-54.061900,GOES-19,2026-10-08 23:00:00
-3.257500,-54.061900,GOES-19,2026-10-08 23:10:00
-3.275900,-54.061400,GOES-19,2026-10-08 00:00:00
-3.275900,-54.061400,GOES-19,2026-10-08 00:10:00
-3.275900,-54.061400,GOES-19,2026-10-08 00:20:00
-3.275900,-54.061400,GOES-19,2026-10-08 00:30:00
-3.275900,-54.061400,GOES-19,2026-10-08 00:40:00
-3.275900,-54.061400,GOES-19,2026-10-08 00:50:00
-3.275900,-54.061400,GOES-19,2026-10-08 01:00:00
-3.275900,-54.061400,GOES-19,2026-10-08 01:10:00
-3.275900,-54.061400,GOES-19,2026-10-08 01:20:00
-3.275900,-54.061400,GOES-19,2026-10-08 01:30:00
-3.275900,-54.061400,GOES-19,2026-10-08 01:40:00
-3.275900,-54.061400,GOES-19,2026-10-08 01:50:00
-3.275900,-54.061400,GOES-19,2026-10-08 02:00:00
-3.275900,-54.061400,GOES-19,2026-10-08 02:10:00
-3.275900,-54.061400,GOES-19,2026-10-08 02:20:00
-3.275900,-54.061400,GOES-19,2026-10-08 02:30:00
-3.275900,-54.061400,GOES-19,2026-10-08 02:40:00
-3.275900,-54.061400,GOES-19,2026-10-08 02:50:00
-3.275900,-54.061400,GOES-19,2026-10-08 03:00:00
-3.275900,-54.061400,GOES-19,2026-10-08 03:10:00
-3.275900,-54.061400,GOES-19,2026-10-08 03:20:00
-3.275900,-54.061400,GOES-19,2026-10-08 03:30:00
-3.275900,-54.061400,GOES-19,2026-10-08 03:40:00
-3.275900,-54.061400,GOES-19,2026-10-08 03:50:00
-3.275900,-54.061400,GOES-19,2026-10-08 04:00:00
-3.275900,-54.061400,GOES-19,2026-10-08 04:10:00
-3.275900,-54.061400,GOES-19,2026-10-08 04:30:00
-3.275900,-54.061400,GOES-19,2026-10-08 04:40:00
-3.275900,-54.061400,GOES-19,2026-10-08 19:30:00
-3.275900,-54.061400,GOES-19,2026-10-08 19:40:00
-3.275900,-54.061400,GOES-19,2026-10-08 22:50:00
-3.275900,-54.061400,GOES-19,2026-10-08 23:00:00
-3.275900,-54.061400,GOES-19,2026-10-08 23:10:00
-3.275900,-54.061400,GOES-19,2026-10-08 23:20:00
-3.275900,-54.061400,GOES-19,2026-10-08 23:30:00
-3.275900,-54.061400,GOES-19,2026-10-08 23:50:00
-2.761300,-54.074000,GOES-19,2026-10-08 15:00:00
-2.761300,-54.074000,GOES-19,2026-10-08 15:10:00
-2.761300,-54.074000,GOES-19,2026-10-08 15:20:00
-2.779700,-54.073600,GOES-19,2026-10-08 15:00:00
-2.779700,-54.073600,GOES-19,2026-10-08 15:10:00
-2.779700,-54.073600,GOES-19,2026-10-08 15:20:00
-2.779700,-54.073600,GOES-19,2026-10-08 18:40:00
-2.798100,-54.073200,GOES-19,2026-10-08 15:00:00
-2.798100,-54.073200,GOES-19,2026-10-08 15:10:00
-2.798100,-54.073200,GOES-19,2026-10-08 15:20:00
-3.294300,-54.060900,GOES-19,2026-10-08 00:00:00
-3.294300,-54.060900,GOES-19,2026-10-08 00:10:00
-3.294300,-54.060900,GOES-19,2026-10-08 00:20:00
-3.294300,-54.060900,GOES-19,2026-10-08 00:30:00
-3.294300,-54.060900,GOES-19,2026-10-08 00:40:00
-3.294300,-54.060900,GOES-19,2026-10-08 00:50:00
-3.294300,-54.060900,GOES-19,2026-10-08 01:00:00
-3.294300,-54.060900,GOES-19,2026-10-08 01:10:00
-3.294300,-54.060900,GOES-19,2026-10-08 01:20:00
-3.294300,-54.060900,GOES-19,2026-10-08 01:30:00
-3.294300,-54.060900,GOES-19,2026-10-08 01:40:00
-3.294300,-54.060900,GOES-19,2026-10-08 01:50:00
-3.294300,-54.060900,GOES-19,2026-10-08 02:00:00
-3.294300,-54.060900,GOES-19,2026-10-08 02:10:00
-3.294300,-54.060900,GOES-19,2026-10-08 02:20:00
-3.294300,-54.060900,GOES-19,2026-10-08 02:30:00
-3.294300,-54.060900,GOES-19,2026-10-08 02:40:00
-3.294300,-54.060900,GOES-19,2026-10-08 02:50:00
-3.294300,-54.060900,GOES-19,2026-10-08 03:00:00
-3.294300,-54.060900,GOES-19,2026-10-08 03:10:00
-3.294300,-54.060900,GOES-19,2026-10-08 03:20:00
-3.294300,-54.060900,GOES-19,2026-10-08 03:30:00
-3.294300,-54.060900,GOES-19,2026-10-08 03:40:00
-3.294300,-54.060900,GOES-19,2026-10-08 03:50:00
-3.294300,-54.060900,GOES-19,2026-10-08 04:00:00
-3.294300,-54.060900,GOES-19,2026-10-08 04:10:00
-3.294300,-54.060900,GOES-19,2026-10-08 04:30:00
-3.294300,-54.060900,GOES-19,2026-10-08 04:40:00
-3.294300,-54.060900,GOES-19,2026-10-08 19:40:00
-3.294300,-54.060900,GOES-19,2026-10-08 19:50:00
-3.294300,-54.060900,GOES-19,2026-10-08 22:50:00
-3.294300,-54.060900,GOES-19,2026-10-08 23:10:00
-3.294300,-54.060900,GOES-19,2026-10-08 23:20:00
-3.294300,-54.060900,GOES-19,2026-10-08 23:50:00
-3.312700,-54.060400,GOES-19,2026-10-08 00:00:00
-3.312700,-54.060400,GOES-19,2026-10-08 00:10:00
-3.312700,-54.060400,GOES-19,2026-10-08 00:20:00
-3.312700,-54.060400,GOES-19,2026-10-08 00:30:00
-3.312700,-54.060400,GOES-19,2026-10-08 00:40:00
-3.312700,-54.060400,GOES-19,2026-10-08 00:50:00
-3.312700,-54.060400,GOES-19,2026-10-08 01:00:00
-3.312700,-54.060400,GOES-19,2026-10-08 01:10:00
-3.312700,-54.060400,GOES-19,2026-10-08 01:20:00
-3.312700,-54.060400,GOES-19,2026-10-08 01:30:00
-3.312700,-54.060400,GOES-19,2026-10-08 01:40:00
-3.312700,-54.060400,GOES-19,2026-10-08 01:50:00
-3.312700,-54.060400,GOES-19,2026-10-08 02:00:00
-3.312700,-54.060400,GOES-19,2026-10-08 02:10:00
-3.312700,-54.060400,GOES-19,2026-10-08 02:20:00
-3.312700,-54.060400,GOES-19,2026-10-08 02:30:00
-3.312700,-54.060400,GOES-19,2026-10-08 02:40:00
-3.312700,-54.060400,GOES-19,2026-10-08 02:50:00
-3.312700,-54.060400,GOES-19,2026-10-08 03:00:00
-3.312700,-54.060400,GOES-19,2026-10-08 03:10:00
-3.312700,-54.060400,GOES-19,2026-10-08 03:20:00
-3.312700,-54.060400,GOES-19,2026-10-08 03:30:00
-3.312700,-54.060400,GOES-19,2026-10-08 03:40:00
-3.312700,-54.060400,GOES-19,2026-10-08 03:50:00
-3.312700,-54.060400,GOES-19,2026-10-08 04:00:00
-3.312700,-54.060400,GOES-19,2026-10-08 04:10:00
-3.312700,-54.060400,GOES-19,2026-10-08 22:50:00
-2.926700,-54.070200,GOES-19,2026-10-08 18:30:00
-2.926700,-54.070200,GOES-19,2026-10-08 19:00:00
-2.945100,-54.069800,GOES-19,2026-10-08 18:50:00
-2.945100,-54.069800,GOES-19,2026-10-08 19:00:00
-2.981800,-54.068900,GOES-19,2026-10-08 00:00:00
-2.981800,-54.068900,GOES-19,2026-10-08 00:10:00
-2.981800,-54.068900,GOES-19,2026-10-08 00:20:00
-2.981800,-54.068900,GOES-19,2026-10-08 00:30:00
-2.981800,-54.068900,GOES-19,2026-10-08 00:40:00
-2.981800,-54.068900,GOES-19,2026-10-08 00:50:00
-2.981800,-54.068900,GOES-19,2026-10-08 01:00:00
-2.981800,-54.068900,GOES-19,2026-10-08 01:10:00
-2.981800,-54.068900,GOES-19,2026-10-08 01:20:00
-2.981800,-54.068900,GOES-19,2026-10-08 01:30:00
-2.981800,-54.068900,GOES-19,2026-10-08 01:40:00
-2.981800,-54.068900,GOES-19,2026-10-08 01:50:00
-2.981800,-54.068900,GOES-19,2026-10-08 02:00:00
-2.981800,-54.068900,GOES-19,2026-10-08 02:10:00
-2.981800,-54.068900,GOES-19,2026-10-08 02:20:00
-2.981800,-54.068900,GOES-19,2026-10-08 02:30:00
-2.981800,-54.068900,GOES-19,2026-10-08 02:40:00
-2.981800,-54.068900,GOES-19,2026-10-08 02:50:00
-2.981800,-54.068900,GOES-19,2026-10-08 03:00:00
-2.981800,-54.068900,GOES-19,2026-10-08 03:10:00
-2.981800,-54.068900,GOES-19,2026-10-08 03:20:00
-2.981800,-54.068900,GOES-19,2026-10-08 03:30:00
-2.981800,-54.068900,GOES-19,2026-10-08 03:40:00
-2.981800,-54.068900,GOES-19,2026-10-08 03:50:00
-2.981800,-54.068900,GOES-19,2026-10-08 04:00:00
-2.981800,-54.068900,GOES-19,2026-10-08 04:10:00
-2.981800,-54.068900,GOES-19,2026-10-08 04:20:00
-2.981800,-54.068900,GOES-19,2026-10-08 04:30:00
-2.981800,-54.068900,GOES-19,2026-10-08 04:40:00
-2.981800,-54.068900,GOES-19,2026-10-08 04:50:00
-2.981800,-54.068900,GOES-19,2026-10-08 15:00:00
-2.981800,-54.068900,GOES-19,2026-10-08 18:30:00
-2.981800,-54.068900,GOES-19,2026-10-08 18:50:00
-2.981800,-54.068900,GOES-19,2026-10-08 19:00:00
-2.981800,-54.068900,GOES-19,2026-10-08 19:10:00
-2.981800,-54.068900,GOES-19,2026-10-08 19:20:00
-2.981800,-54.068900,GOES-19,2026-10-08 19:30:00
-2.981800,-54.068900,GOES-19,2026-10-08 19:40:00
-2.981800,-54.068900,GOES-19,2026-10-08 19:50:00
-2.981800,-54.068900,GOES-19,2026-10-08 20:00:00
-2.981800,-54.068900,GOES-19,2026-10-08 20:10:00
-2.981800,-54.068900,GOES-19,2026-10-08 20:20:00
-2.981800,-54.068900,GOES-19,2026-10-08 20:30:00
-2.981800,-54.068900,GOES-19,2026-10-08 20:40:00
-2.981800,-54.068900,GOES-19,2026-10-08 20:50:00
-2.981800,-54.068900,GOES-19,2026-10-08 21:00:00
-2.981800,-54.068900,GOES-19,2026-10-08 21:10:00
-2.981800,-54.068900,GOES-19,2026-10-08 21:20:00
-2.981800,-54.068900,GOES-19,2026-10-08 22:10:00
-2.981800,-54.068900,GOES-19,2026-10-08 22:20:00
-2.981800,-54.068900,GOES-19,2026-10-08 22:30:00
-2.981800,-54.068900,GOES-19,2026-10-08 23:00:00
-3.000200,-54.068400,GOES-19,2026-10-08 00:00:00
-3.000200,-54.068400,GOES-19,2026-10-08 00:10:00
-3.000200,-54.068400,GOES-19,2026-10-08 00:20:00
-3.000200,-54.068400,GOES-19,2026-10-08 00:30:00
-3.000200,-54.068400,GOES-19,2026-10-08 00:40:00
-3.000200,-54.068400,GOES-19,2026-10-08 00:50:00
-3.000200,-54.068400,GOES-19,2026-10-08 01:00:00
-3.000200,-54.068400,GOES-19,2026-10-08 01:10:00
-3.000200,-54.068400,GOES-19,2026-10-08 01:20:00
-3.000200,-54.068400,GOES-19,2026-10-08 01:30:00
-3.000200,-54.068400,GOES-19,2026-10-08 01:40:00
-3.000200,-54.068400,GOES-19,2026-10-08 01:50:00
-3.000200,-54.068400,GOES-19,2026-10-08 02:00:00
-3.000200,-54.068400,GOES-19,2026-10-08 02:10:00
-3.000200,-54.068400,GOES-19,2026-10-08 02:20:00
-3.000200,-54.068400,GOES-19,2026-10-08 02:30:00
-3.000200,-54.068400,GOES-19,2026-10-08 02:40:00
-3.000200,-54.068400,GOES-19,2026-10-08 02:50:00
-3.000200,-54.068400,GOES-19,2026-10-08 03:00:00
-3.000200,-54.068400,GOES-19,2026-10-08 03:10:00
-3.000200,-54.068400,GOES-19,2026-10-08 03:20:00
-3.000200,-54.068400,GOES-19,2026-10-08 03:30:00
-3.000200,-54.068400,GOES-19,2026-10-08 03:40:00
-3.000200,-54.068400,GOES-19,2026-10-08 03:50:00
-3.000200,-54.068400,GOES-19,2026-10-08 04:00:00
-3.000200,-54.068400,GOES-19,2026-10-08 04:10:00
-3.000200,-54.068400,GOES-19,2026-10-08 04:20:00
-3.000200,-54.068400,GOES-19,2026-10-08 04:30:00
-3.000200,-54.068400,GOES-19,2026-10-08 04:40:00
-3.000200,-54.068400,GOES-19,2026-10-08 04:50:00
-3.000200,-54.068400,GOES-19,2026-10-08 19:10:00
-3.000200,-54.068400,GOES-19,2026-10-08 19:20:00
-3.000200,-54.068400,GOES-19,2026-10-08 19:30:00
-3.000200,-54.068400,GOES-19,2026-10-08 19:40:00
-3.000200,-54.068400,GOES-19,2026-10-08 19:50:00
-3.000200,-54.068400,GOES-19,2026-10-08 20:00:00
-3.000200,-54.068400,GOES-19,2026-10-08 20:10:00
-3.000200,-54.068400,GOES-19,2026-10-08 20:20:00
-3.000200,-54.068400,GOES-19,2026-10-08 20:30:00
-3.000200,-54.068400,GOES-19,2026-10-08 20:40:00
-3.000200,-54.068400,GOES-19,2026-10-08 20:50:00
-3.000200,-54.068400,GOES-19,2026-10-08 21:00:00
-3.000200,-54.068400,GOES-19,2026-10-08 21:10:00
-3.000200,-54.068400,GOES-19,2026-10-08 21:20:00
-3.000200,-54.068400,GOES-19,2026-10-08 22:10:00
-3.000200,-54.068400,GOES-19,2026-10-08 22:20:00
-3.000200,-54.068400,GOES-19,2026-10-08 22:30:00
-3.000200,-54.068400,GOES-19,2026-10-08 23:00:00
-3.018600,-54.068000,GOES-19,2026-10-08 00:00:00
-3.018600,-54.068000,GOES-19,2026-10-08 00:10:00
-3.018600,-54.068000,GOES-19,2026-10-08 00:20:00
-3.018600,-54.068000,GOES-19,2026-10-08 00:30:00
-3.018600,-54.068000,GOES-19,2026-10-08 00:40:00
-3.018600,-54.068000,GOES-19,2026-10-08 00:50:00
-3.018600,-54.068000,GOES-19,2026-10-08 01:00:00
-3.018600,-54.068000,GOES-19,2026-10-08 01:10:00
-3.018600,-54.068000,GOES-19,2026-10-08 01:20:00
-3.018600,-54.068000,GOES-19,2026-10-08 01:30:00
-3.018600,-54.068000,GOES-19,2026-10-08 01:40:00
-3.018600,-54.068000,GOES-19,2026-10-08 01:50:00
-3.018600,-54.068000,GOES-19,2026-10-08 02:00:00
-3.018600,-54.068000,GOES-19,2026-10-08 02:10:00
-3.018600,-54.068000,GOES-19,2026-10-08 02:20:00
-3.018600,-54.068000,GOES-19,2026-10-08 02:30:00
-3.018600,-54.068000,GOES-19,2026-10-08 02:40:00
-3.018600,-54.068000,GOES-19,2026-10-08 02:50:00
-3.018600,-54.068000,GOES-19,2026-10-08 03:00:00
-3.018600,-54.068000,GOES-19,2026-10-08 03:10:00
-3.018600,-54.068000,GOES-19,2026-10-08 03:20:00
-3.018600,-54.068000,GOES-19,2026-10-08 03:30:00
-3.018600,-54.068000,GOES-19,2026-10-08 03:40:00
-3.018600,-54.068000,GOES-19,2026-10-08 03:50:00
-3.018600,-54.068000,GOES-19,2026-10-08 04:00:00
-3.018600,-54.068000,GOES-19,2026-10-08 04:10:00
-3.018600,-54.068000,GOES-19,2026-10-08 04:20:00
-3.018600,-54.068000,GOES-19,2026-10-08 04:30:00
-3.018600,-54.068000,GOES-19,2026-10-08 04:40:00
-3.018600,-54.068000,GOES-19,2026-10-08 04:50:00
-3.018600,-54.068000,GOES-19,2026-10-08 19:20:00
-3.018600,-54.068000,GOES-19,2026-10-08 19:30:00
-3.018600,-54.068000,GOES-19,2026-10-08 19:40:00
-3.018600,-54.068000,GOES-19,2026-10-08 19:50:00
-3.018600,-54.068000,GOES-19,2026-10-08 20:00:00
-3.018600,-54.068000,GOES-19,2026-10-08 20:10:00
-3.018600,-54.068000,GOES-19,2026-10-08 20:20:00
-3.018600,-54.068000,GOES-19,2026-10-08 20:30:00
-3.018600,-54.068000,GOES-19,2026-10-08 20:40:00
-3.018600,-54.068000,GOES-19,2026-10-08 20:50:00
-3.018600,-54.068000,GOES-19,2026-10-08 21:00:00
-3.018600,-54.068000,GOES-19,2026-10-08 21:10:00
-3.018600,-54.068000,GOES-19,2026-10-08 21:20:00
-3.018600,-54.068000,GOES-19,2026-10-08 22:10:00
-3.018600,-54.068000,GOES-19,2026-10-08 22:20:00
-3.018600,-54.068000,GOES-19,2026-10-08 22:30:00
-3.018600,-54.068000,GOES-19,2026-10-08 23:00:00
-3.036900,-54.067500,GOES-19,2026-10-08 00:00:00
-3.036900,-54.067500,GOES-19,2026-10-08 00:10:00
-3.036900,-54.067500,GOES-19,2026-10-08 00:20:00
-3.036900,-54.067500,GOES-19,2026-10-08 00:30:00
-3.036900,-54.067500,GOES-19,2026-10-08 00:40:00
-3.036900,-54.067500,GOES-19,2026-10-08 00:50:00
-3.036900,-54.067500,GOES-19,2026-10-08 01:00:00
-3.036900,-54.067500,GOES-19,2026-10-08 01:10:00
-3.036900,-54.067500,GOES-19,2026-10-08 01:20:00
-3.036900,-54.067500,GOES-19,2026-10-08 01:30:00
-3.036900,-54.067500,GOES-19,2026-10-08 01:40:00
-3.036900,-54.067500,GOES-19,2026-10-08 01:50:00
-3.036900,-54.067500,GOES-19,2026-10-08 02:00:00
-3.036900,-54.067500,GOES-19,2026-10-08 02:10:00
-3.036900,-54.067500,GOES-19,2026-10-08 02:20:00
-3.036900,-54.067500,GOES-19,2026-10-08 02:30:00
-3.036900,-54.067500,GOES-19,2026-10-08 03:20:00
-3.036900,-54.067500,GOES-19,2026-10-08 03:30:00
-16.098700,-53.014700,GOES-19,2026-10-08 15:10:00
-2.926700,-54.050100,GOES-19,2026-10-08 18:30:00
-2.926700,-54.050100,GOES-19,2026-10-08 18:50:00
-2.926700,-54.050100,GOES-19,2026-10-08 19:00:00
-2.945100,-54.049700,GOES-19,2026-10-08 18:30:00
-2.945100,-54.049700,GOES-19,2026-10-08 18:50:00
-2.945100,-54.049700,GOES-19,2026-10-08 19:00:00
-2.981900,-54.048800,GOES-19,2026-10-08 00:00:00
-2.981900,-54.048800,GOES-19,2026-10-08 00:10:00
-2.981900,-54.048800,GOES-19,2026-10-08 00:20:00
-2.981900,-54.048800,GOES-19,2026-10-08 00:30:00
-2.981900,-54.048800,GOES-19,2026-10-08 00:40:00
-2.981900,-54.048800,GOES-19,2026-10-08 00:50:00
-2.981900,-54.048800,GOES-19,2026-10-08 01:00:00
-2.981900,-54.048800,GOES-19,2026-10-08 01:20:00
-2.981900,-54.048800,GOES-19,2026-10-08 01:30:00
-2.981900,-54.048800,GOES-19,2026-10-08 01:40:00
-2.981900,-54.048800,GOES-19,2026-10-08 01:50:00
-2.981900,-54.048800,GOES-19,2026-10-08 02:00:00
-2.981900,-54.048800,GOES-19,2026-10-08 04:20:00
-2.981900,-54.048800,GOES-19,2026-10-08 15:00:00
-2.981900,-54.048800,GOES-19,2026-10-08 15:10:00
-2.981900,-54.048800,GOES-19,2026-10-08 15:20:00
-2.981900,-54.048800,GOES-19,2026-10-08 15:30:00
-2.981900,-54.048800,GOES-19,2026-10-08 18:30:00
-2.981900,-54.048800,GOES-19,2026-10-08 18:50:00
-2.981900,-54.048800,GOES-19,2026-10-08 19:00:00
-2.981900,-54.048800,GOES-19,2026-10-08 19:10:00
-2.981900,-54.048800,GOES-19,2026-10-08 19:20:00
-2.981900,-54.048800,GOES-19,2026-10-08 19:30:00
-2.981900,-54.048800,GOES-19,2026-10-08 19:40:00
-2.981900,-54.048800,GOES-19,2026-10-08 19:50:00
-2.981900,-54.048800,GOES-19,2026-10-08 20:00:00
-2.981900,-54.048800,GOES-19,2026-10-08 20:10:00
-2.981900,-54.048800,GOES-19,2026-10-08 20:20:00
-2.981900,-54.048800,GOES-19,2026-10-08 20:30:00
-2.981900,-54.048800,GOES-19,2026-10-08 20:40:00
-2.981900,-54.048800,GOES-19,2026-10-08 20:50:00
-2.981900,-54.048800,GOES-19,2026-10-08 21:00:00
-2.981900,-54.048800,GOES-19,2026-10-08 21:10:00
-3.000200,-54.048300,GOES-19,2026-10-08 00:00:00
-3.000200,-54.048300,GOES-19,2026-10-08 00:10:00
-3.000200,-54.048300,GOES-19,2026-10-08 00:20:00
-3.000200,-54.048300,GOES-19,2026-10-08 00:30:00
-3.000200,-54.048300,GOES-19,2026-10-08 00:40:00
-3.000200,-54.048300,GOES-19,2026-10-08 00:50:00
-3.000200,-54.048300,GOES-19,2026-10-08 01:00:00
-3.000200,-54.048300,GOES-19,2026-10-08 01:10:00
-3.000200,-54.048300,GOES-19,2026-10-08 01:20:00
-3.000200,-54.048300,GOES-19,2026-10-08 01:30:00
-3.000200,-54.048300,GOES-19,2026-10-08 01:40:00
-3.000200,-54.048300,GOES-19,2026-10-08 01:50:00
-3.000200,-54.048300,GOES-19,2026-10-08 02:00:00
-3.000200,-54.048300,GOES-19,2026-10-08 02:10:00
-3.000200,-54.048300,GOES-19,2026-10-08 02:20:00
-3.000200,-54.048300,GOES-19,2026-10-08 02:30:00
-3.000200,-54.048300,GOES-19,2026-10-08 02:40:00
-3.000200,-54.048300,GOES-19,2026-10-08 02:50:00
-3.000200,-54.048300,GOES-19,2026-10-08 03:00:00
-3.000200,-54.048300,GOES-19,2026-10-08 03:10:00
-3.000200,-54.048300,GOES-19,2026-10-08 03:20:00
-3.000200,-54.048300,GOES-19,2026-10-08 03:30:00
-3.000200,-54.048300,GOES-19,2026-10-08 03:40:00
-3.000200,-54.048300,GOES-19,2026-10-08 03:50:00
-3.000200,-54.048300,GOES-19,2026-10-08 04:00:00
-3.000200,-54.048300,GOES-19,2026-10-08 04:10:00
-3.000200,-54.048300,GOES-19,2026-10-08 04:20:00
-3.000200,-54.048300,GOES-19,2026-10-08 04:30:00
-3.000200,-54.048300,GOES-19,2026-10-08 04:40:00
-3.000200,-54.048300,GOES-19,2026-10-08 04:50:00
-3.000200,-54.048300,GOES-19,2026-10-08 15:20:00
-3.000200,-54.048300,GOES-19,2026-10-08 15:30:00
-3.000200,-54.048300,GOES-19,2026-10-08 18:50:00
-3.000200,-54.048300,GOES-19,2026-10-08 19:00:00
-3.000200,-54.048300,GOES-19,2026-10-08 19:10:00
-3.000200,-54.048300,GOES-19,2026-10-08 19:20:00
-3.000200,-54.048300,GOES-19,2026-10-08 19:30:00
-3.000200,-54.048300,GOES-19,2026-10-08 19:40:00
-3.000200,-54.048300,GOES-19,2026-10-08 19:50:00
-3.000200,-54.048300,GOES-19,2026-10-08 20:00:00
-3.000200,-54.048300,GOES-19,2026-10-08 20:10:00
-3.000200,-54.048300,GOES-19,2026-10-08 20:20:00
-3.000200,-54.048300,GOES-19,2026-10-08 20:30:00
-3.000200,-54.048300,GOES-19,2026-10-08 20:40:00
-3.000200,-54.048300,GOES-19,2026-10-08 20:50:00
-3.000200,-54.048300,GOES-19,2026-10-08 21:00:00
-3.000200,-54.048300,GOES-19,2026-10-08 21:10:00
-3.000200,-54.048300,GOES-19,2026-10-08 21:20:00
-3.000200,-54.048300,GOES-19,2026-10-08 22:10:00
-3.000200,-54.048300,GOES-19,2026-10-08 22:20:00
-3.000200,-54.048300,GOES-19,2026-10-08 22:30:00
-3.000200,-54.048300,GOES-19,2026-10-08 23:00:00
-3.018600,-54.047900,GOES-19,2026-10-08 00:00:00
-3.018600,-54.047900,GOES-19,2026-10-08 00:10:00
-3.018600,-54.047900,GOES-19,2026-10-08 00:20:00
-3.018600,-54.047900,GOES-19,2026-10-08 00:30:00
-3.018600,-54.047900,GOES-19,2026-10-08 00:40:00
-3.018600,-54.047900,GOES-19,2026-10-08 00:50:00
-3.018600,-54.047900,GOES-19,2026-10-08 01:00:00
-3.018600,-54.047900,GOES-19,2026-10-08 01:10:00
-3.018600,-54.047900,GOES-19,2026-10-08 01:20:00
-3.018600,-54.047900,GOES-19,2026-10-08 01:30:00
-3.018600,-54.047900,GOES-19,2026-10-08 01:40:00
-3.018600,-54.047900,GOES-19,2026-10-08 01:50:00
-3.018600,-54.047900,GOES-19,2026-10-08 02:00:00
-3.018600,-54.047900,GOES-19,2026-10-08 02:10:00
-3.018600,-54.047900,GOES-19,2026-10-08 02:20:00
-3.018600,-54.047900,GOES-19,2026-10-08 02:30:00
-3.018600,-54.047900,GOES-19,2026-10-08 02:40:00
-3.018600,-54.047900,GOES-19,2026-10-08 02:50:00
-3.018600,-54.047900,GOES-19,2026-10-08 03:00:00
-3.018600,-54.047900,GOES-19,2026-10-08 03:10:00
-3.018600,-54.047900,GOES-19,2026-10-08 03:20:00
-3.018600,-54.047900,GOES-19,2026-10-08 03:30:00
-3.018600,-54.047900,GOES-19,2026-10-08 03:40:00
-3.018600,-54.047900,GOES-19,2026-10-08 03:50:00
-3.018600,-54.047900,GOES-19,2026-10-08 04:00:00
-3.018600,-54.047900,GOES-19,2026-10-08 04:10:00
-3.018600,-54.047900,GOES-19,2026-10-08 04:20:00
-3.018600,-54.047900,GOES-19,2026-10-08 04:30:00
-3.018600,-54.047900,GOES-19,2026-10-08 04:40:00
-3.018600,-54.047900,GOES-19,2026-10-08 04:50:00
-3.018600,-54.047900,GOES-19,2026-10-08 19:10:00
-3.018600,-54.047900,GOES-19,2026-10-08 19:20:00
-3.018600,-54.047900,GOES-19,2026-10-08 19:30:00
-3.018600,-54.047900,GOES-19,2026-10-08 19:40:00
-3.018600,-54.047900,GOES-19,2026-10-08 19:50:00
-3.018600,-54.047900,GOES-19,2026-10-08 20:00:00
-3.018600,-54.047900,GOES-19,2026-10-08 20:10:00
-3.018600,-54.047900,GOES-19,2026-10-08 20:20:00
-3.018600,-54.047900,GOES-19,2026-10-08 20:30:00
-3.018600,-54.047900,GOES-19,2026-10-08 20:40:00
-3.018600,-54.047900,GOES-19,2026-10-08 20:50:00
-3.018600,-54.047900,GOES-19,2026-10-08 21:00:00
-3.018600,-54.047900,GOES-19,2026-10-08 21:10:00
-3.018600,-54.047900,GOES-19,2026-10-08 21:20:00
-3.018600,-54.047900,GOES-19,2026-10-08 22:10:00
-3.018600,-54.047900,GOES-19,2026-10-08 22:20:00
-3.018600,-54.047900,GOES-19,2026-10-08 22:30:00
-3.018600,-54.047900,GOES-19,2026-10-08 23:00:00
-3.257600,-54.041800,GOES-19,2026-10-08 00:00:00
-3.257600,-54.041800,GOES-19,2026-10-08 00:10:00
-3.257600,-54.041800,GOES-19,2026-10-08 00:20:00
-3.257600,-54.041800,GOES-19,2026-10-08 00:30:00
-3.257600,-54.041800,GOES-19,2026-10-08 00:40:00
-3.257600,-54.041800,GOES-19,2026-10-08 00:50:00
-3.257600,-54.041800,GOES-19,2026-10-08 01:00:00
-3.257600,-54.041800,GOES-19,2026-10-08 01:10:00
-3.257600,-54.041800,GOES-19,2026-10-08 01:20:00
-3.257600,-54.041800,GOES-19,2026-10-08 01:30:00
-3.257600,-54.041800,GOES-19,2026-10-08 01:40:00
-3.257600,-54.041800,GOES-19,2026-10-08 01:50:00
-3.257600,-54.041800,GOES-19,2026-10-08 02:00:00
-3.257600,-54.041800,GOES-19,2026-10-08 02:10:00
-3.257600,-54.041800,GOES-19,2026-10-08 02:20:00
-3.257600,-54.041800,GOES-19,2026-10-08 02:30:00
-3.257600,-54.041800,GOES-19,2026-10-08 02:40:00
-3.257600,-54.041800,GOES-19,2026-10-08 02:50:00
-3.257600,-54.041800,GOES-19,2026-10-08 03:00:00
-3.257600,-54.041800,GOES-19,2026-10-08 03:10:00
-3.257600,-54.041800,GOES-19,2026-10-08 03:20:00
-3.257600,-54.041800,GOES-19,2026-10-08 03:30:00
-3.257600,-54.041800,GOES-19,2026-10-08 03:40:00
-3.257600,-54.041800,GOES-19,2026-10-08 03:50:00
-3.257600,-54.041800,GOES-19,2026-10-08 04:00:00
-3.257600,-54.041800,GOES-19,2026-10-08 04:10:00
-3.257600,-54.041800,GOES-19,2026-10-08 04:20:00
-3.257600,-54.041800,GOES-19,2026-10-08 04:30:00
-3.257600,-54.041800,GOES-19,2026-10-08 04:40:00
-3.257600,-54.041800,GOES-19,2026-10-08 19:10:00
-3.257600,-54.041800,GOES-19,2026-10-08 19:20:00
-3.257600,-54.041800,GOES-19,2026-10-08 19:30:00
-3.257600,-54.041800,GOES-19,2026-10-08 19:40:00
-3.257600,-54.041800,GOES-19,2026-10-08 19:50:00
-3.257600,-54.041800,GOES-19,2026-10-08 20:20:00
-3.257600,-54.041800,GOES-19,2026-10-08 22:50:00
-3.257600,-54.041800,GOES-19,2026-10-08 23:00:00
-3.257600,-54.041800,GOES-19,2026-10-08 23:10:00
-3.257600,-54.041800,GOES-19,2026-10-08 23:20:00
-3.257600,-54.041800,GOES-19,2026-10-08 23:30:00
-3.257600,-54.041800,GOES-19,2026-10-08 23:50:00
-3.276000,-54.041300,GOES-19,2026-10-08 00:00:00
-3.276000,-54.041300,GOES-19,2026-10-08 00:10:00
-3.276000,-54.041300,GOES-19,2026-10-08 00:20:00
-3.276000,-54.041300,GOES-19,2026-10-08 00:30:00
-3.276000,-54.041300,GOES-19,2026-10-08 00:40:00
-3.276000,-54.041300,GOES-19,2026-10-08 00:50:00
-3.276000,-54.041300,GOES-19,2026-10-08 01:00:00
-3.276000,-54.041300,GOES-19,2026-10-08 01:10:00
-3.276000,-54.041300,GOES-19,2026-10-08 01:20:00
-3.276000,-54.041300,GOES-19,2026-10-08 01:30:00
-3.276000,-54.041300,GOES-19,2026-10-08 01:40:00
-3.276000,-54.041300,GOES-19,2026-10-08 01:50:00
-3.276000,-54.041300,GOES-19,2026-10-08 02:00:00
-3.276000,-54.041300,GOES-19,2026-10-08 02:10:00
-3.276000,-54.041300,GOES-19,2026-10-08 02:20:00
-3.276000,-54.041300,GOES-19,2026-10-08 02:30:00
-3.276000,-54.041300,GOES-19,2026-10-08 02:40:00
-3.276000,-54.041300,GOES-19,2026-10-08 02:50:00
-3.276000,-54.041300,GOES-19,2026-10-08 03:00:00
-3.276000,-54.041300,GOES-19,2026-10-08 03:10:00
-3.276000,-54.041300,GOES-19,2026-10-08 03:20:00
-3.276000,-54.041300,GOES-19,2026-10-08 03:30:00
-3.276000,-54.041300,GOES-19,2026-10-08 03:40:00
-3.276000,-54.041300,GOES-19,2026-10-08 03:50:00
-3.276000,-54.041300,GOES-19,2026-10-08 04:00:00
-3.276000,-54.041300,GOES-19,2026-10-08 04:10:00
-3.276000,-54.041300,GOES-19,2026-10-08 04:20:00
-3.276000,-54.041300,GOES-19,2026-10-08 04:30:00
-3.276000,-54.041300,GOES-19,2026-10-08 04:40:00
-3.276000,-54.041300,GOES-19,2026-10-08 19:30:00
-3.276000,-54.041300,GOES-19,2026-10-08 22:50:00
-3.276000,-54.041300,GOES-19,2026-10-08 23:00:00
-3.276000,-54.041300,GOES-19,2026-10-08 23:10:00
-3.276000,-54.041300,GOES-19,2026-10-08 23:20:00
-3.276000,-54.041300,GOES-19,2026-10-08 23:30:00
-3.276000,-54.041300,GOES-19,2026-10-08 23:50:00
-3.294400,-54.040800,GOES-19,2026-10-08 00:00:00
-3.294400,-54.040800,GOES-19,2026-10-08 00:10:00
-3.294400,-54.040800,GOES-19,2026-10-08 00:20:00
-3.294400,-54.040800,GOES-19,2026-10-08 00:30:00
-3.294400,-54.040800,GOES-19,2026-10-08 00:40:00
-3.294400,-54.040800,GOES-19,2026-10-08 00:50:00
-3.294400,-54.040800,GOES-19,2026-10-08 01:00:00
-3.294400,-54.040800,GOES-19,2026-10-08 01:10:00
-3.294400,-54.040800,GOES-19,2026-10-08 01:20:00
-3.294400,-54.040800,GOES-19,2026-10-08 01:30:00
-3.294400,-54.040800,GOES-19,2026-10-08 01:40:00
-3.294400,-54.040800,GOES-19,2026-10-08 01:50:00
-3.294400,-54.040800,GOES-19,2026-10-08 02:00:00
-3.294400,-54.040800,GOES-19,2026-10-08 02:10:00
-3.294400,-54.040800,GOES-19,2026-10-08 02:20:00
-3.294400,-54.040800,GOES-19,2026-10-08 02:30:00
-3.294400,-54.040800,GOES-19,2026-10-08 02:40:00
-3.294400,-54.040800,GOES-19,2026-10-08 02:50:00
-3.294400,-54.040800,GOES-19,2026-10-08 03:00:00
-3.294400,-54.040800,GOES-19,2026-10-08 03:10:00
-3.294400,-54.040800,GOES-19,2026-10-08 03:20:00
-3.294400,-54.040800,GOES-19,2026-10-08 03:30:00
-3.294400,-54.040800,GOES-19,2026-10-08 03:40:00
-3.294400,-54.040800,GOES-19,2026-10-08 03:50:00
-3.294400,-54.040800,GOES-19,2026-10-08 04:00:00
-3.294400,-54.040800,GOES-19,2026-10-08 04:10:00
-3.294400,-54.040800,GOES-19,2026-10-08 04:20:00
-3.294400,-54.040800,GOES-19,2026-10-08 04:30:00
-3.294400,-54.040800,GOES-19,2026-10-08 04:40:00
-3.294400,-54.040800,GOES-19,2026-10-08 19:40:00
-3.294400,-54.040800,GOES-19,2026-10-08 23:00:00
-3.294400,-54.040800,GOES-19,2026-10-08 23:10:00
-3.294400,-54.040800,GOES-19,2026-10-08 23:20:00
-3.294400,-54.040800,GOES-19,2026-10-08 23:30:00
-3.312700,-54.040300,GOES-19,2026-10-08 00:00:00
-3.312700,-54.040300,GOES-19,2026-10-08 00:10:00
-3.312700,-54.040300,GOES-19,2026-10-08 00:20:00
-3.312700,-54.040300,GOES-19,2026-10-08 00:30:00
-3.312700,-54.040300,GOES-19,2026-10-08 00:40:00
-3.312700,-54.040300,GOES-19,2026-10-08 00:50:00
-3.312700,-54.040300,GOES-19,2026-10-08 01:00:00
-3.312700,-54.040300,GOES-19,2026-10-08 01:10:00
-3.312700,-54.040300,GOES-19,2026-10-08 01:20:00
-3.312700,-54.040300,GOES-19,2026-10-08 01:30:00
-3.312700,-54.040300,GOES-19,2026-10-08 01:40:00
-3.312700,-54.040300,GOES-19,2026-10-08 01:50:00
-3.312700,-54.040300,GOES-19,2026-10-08 02:00:00
-3.312700,-54.040300,GOES-19,2026-10-08 02:10:00
-3.312700,-54.040300,GOES-19,2026-10-08 02:20:00
-3.312700,-54.040300,GOES-19,2026-10-08 02:30:00
-3.312700,-54.040300,GOES-19,2026-10-08 02:40:00
-3.312700,-54.040300,GOES-19,2026-10-08 02:50:00
-3.312700,-54.040300,GOES-19,2026-10-08 03:00:00
-3.312700,-54.040300,GOES-19,2026-10-08 03:10:00
-3.312700,-54.040300,GOES-19,2026-10-08 03:20:00
-3.312700,-54.040300,GOES-19,2026-10-08 03:30:00
-3.312700,-54.040300,GOES-19,2026-10-08 03:40:00
-3.312700,-54.040300,GOES-19,2026-10-08 03:50:00
-3.312700,-54.040300,GOES-19,2026-10-08 04:00:00
-3.312700,-54.040300,GOES-19,2026-10-08 04:10:00
-3.312700,-54.040300,GOES-19,2026-10-08 04:20:00
-3.312700,-54.040300,GOES-19,2026-10-08 04:30:00
-3.312700,-54.040300,GOES-19,2026-10-08 04:40:00
-3.312700,-54.040300,GOES-19,2026-10-08 19:30:00
-3.312700,-54.040300,GOES-19,2026-10-08 19:40:00
-3.312700,-54.040300,GOES-19,2026-10-08 19:50:00
-3.312700,-54.040300,GOES-19,2026-10-08 20:00:00
-3.312700,-54.040300,GOES-19,2026-10-08 20:20:00
-3.312700,-54.040300,GOES-19,2026-10-08 22:50:00
-3.312700,-54.040300,GOES-19,2026-10-08 23:00:00
-3.312700,-54.040300,GOES-19,2026-10-08 23:10:00
-3.312700,-54.040300,GOES-19,2026-10-08 23:20:00
-3.312700,-54.040300,GOES-19,2026-10-08 23:30:00
-3.312700,-54.040300,GOES-19,2026-10-08 23:50:00
-3.257700,-54.021700,GOES-19,2026-10-08 00:00:00
-3.257700,-54.021700,GOES-19,2026-10-08 00:10:00
-3.257700,-54.021700,GOES-19,2026-10-08 00:20:00
-3.257700,-54.021700,GOES-19,2026-10-08 00:30:00
-3.257700,-54.021700,GOES-19,2026-10-08 00:40:00
-3.257700,-54.021700,GOES-19,2026-10-08 00:50:00
-3.257700,-54.021700,GOES-19,2026-10-08 01:00:00
-3.257700,-54.021700,GOES-19,2026-10-08 01:10:00
-3.257700,-54.021700,GOES-19,2026-10-08 01:20:00
-3.257700,-54.021700,GOES-19,2026-10-08 01:30:00
-3.257700,-54.021700,GOES-19,2026-10-08 01:40:00
-3.257700,-54.021700,GOES-19,2026-10-08 01:50:00
-3.257700,-54.021700,GOES-19,2026-10-08 02:00:00
-3.257700,-54.021700,GOES-19,2026-10-08 02:10:00
-3.257700,-54.021700,GOES-19,2026-10-08 02:20:00
-3.257700,-54.021700,GOES-19,2026-10-08 02:30:00
-3.257700,-54.021700,GOES-19,2026-10-08 02:40:00
-3.257700,-54.021700,GOES-19,2026-10-08 02:50:00
-3.257700,-54.021700,GOES-19,2026-10-08 03:00:00
-3.257700,-54.021700,GOES-19,2026-10-08 03:10:00
-3.257700,-54.021700,GOES-19,2026-10-08 03:20:00
-3.257700,-54.021700,GOES-19,2026-10-08 03:30:00
-3.257700,-54.021700,GOES-19,2026-10-08 03:40:00
-3.257700,-54.021700,GOES-19,2026-10-08 03:50:00
-3.257700,-54.021700,GOES-19,2026-10-08 04:00:00
-3.257700,-54.021700,GOES-19,2026-10-08 04:10:00
-3.257700,-54.021700,GOES-19,2026-10-08 04:20:00
-3.257700,-54.021700,GOES-19,2026-10-08 04:30:00
-3.257700,-54.021700,GOES-19,2026-10-08 04:40:00
-3.257700,-54.021700,GOES-19,2026-10-08 19:10:00
-3.257700,-54.021700,GOES-19,2026-10-08 19:20:00
-3.257700,-54.021700,GOES-19,2026-10-08 19:30:00
-3.257700,-54.021700,GOES-19,2026-10-08 19:40:00
-3.257700,-54.021700,GOES-19,2026-10-08 19:50:00
-3.257700,-54.021700,GOES-19,2026-10-08 20:00:00
-3.257700,-54.021700,GOES-19,2026-10-08 20:20:00
-3.257700,-54.021700,GOES-19,2026-10-08 22:50:00
-3.257700,-54.021700,GOES-19,2026-10-08 23:00:00
-3.257700,-54.021700,GOES-19,2026-10-08 23:10:00
-3.257700,-54.021700,GOES-19,2026-10-08 23:20:00
-3.257700,-54.021700,GOES-19,2026-10-08 23:30:00
-3.257700,-54.021700,GOES-19,2026-10-08 23:50:00
-3.276000,-54.021200,GOES-19,2026-10-08 00:00:00
-3.276000,-54.021200,GOES-19,2026-10-08 00:10:00
-3.276000,-54.021200,GOES-19,2026-10-08 00:20:00
-3.276000,-54.021200,GOES-19,2026-10-08 00:30:00
-3.276000,-54.021200,GOES-19,2026-10-08 00:40:00
-3.276000,-54.021200,GOES-19,2026-10-08 00:50:00
-3.276000,-54.021200,GOES-19,2026-10-08 01:00:00
-3.276000,-54.021200,GOES-19,2026-10-08 01:10:00
-3.276000,-54.021200,GOES-19,2026-10-08 01:20:00
-3.276000,-54.021200,GOES-19,2026-10-08 01:30:00
-3.276000,-54.021200,GOES-19,2026-10-08 01:40:00
-3.276000,-54.021200,GOES-19,2026-10-08 01:50:00
-3.276000,-54.021200,GOES-19,2026-10-08 02:00:00
-3.276000,-54.021200,GOES-19,2026-10-08 02:10:00
-3.276000,-54.021200,GOES-19,2026-10-08 02:20:00
-3.276000,-54.021200,GOES-19,2026-10-08 02:30:00
-3.276000,-54.021200,GOES-19,2026-10-08 02:40:00
-3.276000,-54.021200,GOES-19,2026-10-08 02:50:00
-3.276000,-54.021200,GOES-19,2026-10-08 03:00:00
-3.276000,-54.021200,GOES-19,2026-10-08 03:10:00
-3.276000,-54.021200,GOES-19,2026-10-08 03:20:00
-3.276000,-54.021200,GOES-19,2026-10-08 03:30:00
-3.276000,-54.021200,GOES-19,2026-10-08 03:40:00
-3.276000,-54.021200,GOES-19,2026-10-08 03:50:00
-3.276000,-54.021200,GOES-19,2026-10-08 04:00:00
-3.276000,-54.021200,GOES-19,2026-10-08 04:10:00
-3.276000,-54.021200,GOES-19,2026-10-08 04:20:00
-3.276000,-54.021200,GOES-19,2026-10-08 04:30:00
-3.276000,-54.021200,GOES-19,2026-10-08 04:40:00
-3.276000,-54.021200,GOES-19,2026-10-08 19:10:00
-3.276000,-54.021200,GOES-19,2026-10-08 19:20:00
-3.276000,-54.021200,GOES-19,2026-10-08 19:40:00
-3.276000,-54.021200,GOES-19,2026-10-08 19:50:00
-3.276000,-54.021200,GOES-19,2026-10-08 20:00:00
-3.276000,-54.021200,GOES-19,2026-10-08 20:20:00
-3.276000,-54.021200,GOES-19,2026-10-08 23:00:00
-3.276000,-54.021200,GOES-19,2026-10-08 23:10:00
-3.276000,-54.021200,GOES-19,2026-10-08 23:20:00
-3.276000,-54.021200,GOES-19,2026-10-08 23:30:00
-3.276000,-54.021200,GOES-19,2026-10-08 23:50:00
-3.294400,-54.020700,GOES-19,2026-10-08 00:00:00
-3.294400,-54.020700,GOES-19,2026-10-08 00:10:00
-3.294400,-54.020700,GOES-19,2026-10-08 00:20:00
-3.294400,-54.020700,GOES-19,2026-10-08 00:30:00
-3.294400,-54.020700,GOES-19,2026-10-08 00:40:00
-3.294400,-54.020700,GOES-19,2026-10-08 00:50:00
-3.294400,-54.020700,GOES-19,2026-10-08 01:00:00
-3.294400,-54.020700,GOES-19,2026-10-08 01:10:00
-3.294400,-54.020700,GOES-19,2026-10-08 01:20:00
-3.294400,-54.020700,GOES-19,2026-10-08 01:30:00
-3.294400,-54.020700,GOES-19,2026-10-08 01:40:00
-3.294400,-54.020700,GOES-19,2026-10-08 01:50:00
-3.294400,-54.020700,GOES-19,2026-10-08 02:00:00
-3.294400,-54.020700,GOES-19,2026-10-08 02:10:00
-3.294400,-54.020700,GOES-19,2026-10-08 02:20:00
-3.294400,-54.020700,GOES-19,2026-10-08 02:30:00
-3.294400,-54.020700,GOES-19,2026-10-08 02:40:00
-3.294400,-54.020700,GOES-19,2026-10-08 02:50:00
-3.294400,-54.020700,GOES-19,2026-10-08 03:00:00
-3.294400,-54.020700,GOES-19,2026-10-08 03:10:00
-3.294400,-54.020700,GOES-19,2026-10-08 03:20:00
-3.294400,-54.020700,GOES-19,2026-10-08 03:30:00
-3.294400,-54.020700,GOES-19,2026-10-08 03:40:00
-3.294400,-54.020700,GOES-19,2026-10-08 03:50:00
-3.294400,-54.020700,GOES-19,2026-10-08 04:00:00
-3.294400,-54.020700,GOES-19,2026-10-08 04:10:00
-3.294400,-54.020700,GOES-19,2026-10-08 04:20:00
-3.294400,-54.020700,GOES-19,2026-10-08 04:30:00
-3.294400,-54.020700,GOES-19,2026-10-08 04:40:00
-3.294400,-54.020700,GOES-19,2026-10-08 19:20:00
-3.294400,-54.020700,GOES-19,2026-10-08 19:30:00
-3.294400,-54.020700,GOES-19,2026-10-08 19:40:00
-3.294400,-54.020700,GOES-19,2026-10-08 19:50:00
-3.294400,-54.020700,GOES-19,2026-10-08 20:00:00
-3.294400,-54.020700,GOES-19,2026-10-08 20:20:00
-3.294400,-54.020700,GOES-19,2026-10-08 22:50:00
-3.294400,-54.020700,GOES-19,2026-10-08 23:00:00
-3.294400,-54.020700,GOES-19,2026-10-08 23:10:00
-3.294400,-54.020700,GOES-19,2026-10-08 23:20:00
-3.294400,-54.020700,GOES-19,2026-10-08 23:30:00
-3.294400,-54.020700,GOES-19,2026-10-08 23:50:00
-3.312800,-54.020200,GOES-19,2026-10-08 00:00:00
-3.312800,-54.020200,GOES-19,2026-10-08 00:10:00
-3.312800,-54.020200,GOES-19,2026-10-08 00:20:00
-3.312800,-54.020200,GOES-19,2026-10-08 00:30:00
-3.312800,-54.020200,GOES-19,2026-10-08 00:40:00
-3.312800,-54.020200,GOES-19,2026-10-08 00:50:00
-3.312800,-54.020200,GOES-19,2026-10-08 01:00:00
-3.312800,-54.020200,GOES-19,2026-10-08 01:10:00
-3.312800,-54.020200,GOES-19,2026-10-08 01:20:00
-3.312800,-54.020200,GOES-19,2026-10-08 01:30:00
-3.312800,-54.020200,GOES-19,2026-10-08 01:40:00
-3.312800,-54.020200,GOES-19,2026-10-08 01:50:00
-3.312800,-54.020200,GOES-19,2026-10-08 02:00:00
-3.312800,-54.020200,GOES-19,2026-10-08 02:10:00
-3.312800,-54.020200,GOES-19,2026-10-08 02:20:00
-3.312800,-54.020200,GOES-19,2026-10-08 02:30:00
-3.312800,-54.020200,GOES-19,2026-10-08 19:10:00
-3.312800,-54.020200,GOES-19,2026-10-08 19:20:00
-3.312800,-54.020200,GOES-19,2026-10-08 19:30:00
-3.312800,-54.020200,GOES-19,2026-10-08 22:50:00
-3.312800,-54.020200,GOES-19,2026-10-08 23:00:00
-3.312800,-54.020200,GOES-19,2026-10-08 23:10:00
-3.312800,-54.020200,GOES-19,2026-10-08 23:20:00
-3.312800,-54.020200,GOES-19,2026-10-08 23:30:00
-3.312800,-54.020200,GOES-19,2026-10-08 23:50:00
-2.981900,-54.028700,GOES-19,2026-10-08 15:10:00
-2.981900,-54.028700,GOES-19,2026-10-08 15:20:00
-2.981900,-54.028700,GOES-19,2026-10-08 15:30:00
-2.981900,-54.028700,GOES-19,2026-10-08 18:30:00
-2.981900,-54.028700,GOES-19,2026-10-08 18:50:00
-2.981900,-54.028700,GOES-19,2026-10-08 19:00:00
-3.000300,-54.028200,GOES-19,2026-10-08 15:20:00
-3.000300,-54.028200,GOES-19,2026-10-08 15:30:00
-3.000300,-54.028200,GOES-19,2026-10-08 18:50:00
-3.000300,-54.028200,GOES-19,2026-10-08 19:00:00
-3.000300,-54.028200,GOES-19,2026-10-08 19:10:00
-3.257700,-54.001600,GOES-19,2026-10-08 02:30:00
-3.257700,-54.001600,GOES-19,2026-10-08 04:20:00
-3.257700,-54.001600,GOES-19,2026-10-08 19:10:00
-3.257700,-54.001600,GOES-19,2026-10-08 19:20:00
-3.257700,-54.001600,GOES-19,2026-10-08 20:00:00
-3.276100,-54.001100,GOES-19,2026-10-08 00:10:00
-3.276100,-54.001100,GOES-19,2026-10-08 00:20:00
-3.276100,-54.001100,GOES-19,2026-10-08 01:00:00
-3.276100,-54.001100,GOES-19,2026-10-08 02:30:00
-3.276100,-54.001100,GOES-19,2026-10-08 04:20:00
-3.276100,-54.001100,GOES-19,2026-10-08 19:10:00
-3.276100,-54.001100,GOES-19,2026-10-08 19:20:00
-3.276100,-54.001100,GOES-19,2026-10-08 19:30:00
-3.276100,-54.001100,GOES-19,2026-10-08 19:40:00
-3.276100,-54.001100,GOES-19,2026-10-08 19:50:00
-3.276100,-54.001100,GOES-19,2026-10-08 20:00:00
-3.276100,-54.001100,GOES-19,2026-10-08 23:00:00
-3.276100,-54.001100,GOES-19,2026-10-08 23:30:00
-3.294500,-54.000600,GOES-19,2026-10-08 00:00:00
-3.294500,-54.000600,GOES-19,2026-10-08 00:10:00
-3.294500,-54.000600,GOES-19,2026-10-08 00:20:00
-3.294500,-54.000600,GOES-19,2026-10-08 00:30:00
-3.294500,-54.000600,GOES-19,2026-10-08 00:40:00
-3.294500,-54.000600,GOES-19,2026-10-08 00:50:00
-3.294500,-54.000600,GOES-19,2026-10-08 01:00:00
-3.294500,-54.000600,GOES-19,2026-10-08 01:10:00
-3.294500,-54.000600,GOES-19,2026-10-08 01:20:00
-3.294500,-54.000600,GOES-19,2026-10-08 01:40:00
-3.294500,-54.000600,GOES-19,2026-10-08 02:30:00
-3.294500,-54.000600,GOES-19,2026-10-08 19:10:00
-3.294500,-54.000600,GOES-19,2026-10-08 19:20:00
-3.294500,-54.000600,GOES-19,2026-10-08 19:30:00
-3.294500,-54.000600,GOES-19,2026-10-08 19:40:00
-3.294500,-54.000600,GOES-19,2026-10-08 19:50:00
-3.294500,-54.000600,GOES-19,2026-10-08 20:00:00
-3.294500,-54.000600,GOES-19,2026-10-08 20:20:00
-3.294500,-54.000600,GOES-19,2026-10-08 22:50:00
-3.294500,-54.000600,GOES-19,2026-10-08 23:00:00
-3.294500,-54.000600,GOES-19,2026-10-08 23:10:00
-3.294500,-54.000600,GOES-19,2026-10-08 23:20:00
-3.294500,-54.000600,GOES-19,2026-10-08 23:30:00
-3.294500,-54.000600,GOES-19,2026-10-08 23:50:00
-3.037300,-53.967000,GOES-19,2026-10-08 03:50:00
-3.037300,-53.967000,GOES-19,2026-10-08 04:00:00
-3.037300,-53.967000,GOES-19,2026-10-08 04:10:00
-3.037300,-53.967000,GOES-19,2026-10-08 04:30:00
-3.037300,-53.967000,GOES-19,2026-10-08 04:40:00
-3.037300,-53.967000,GOES-19,2026-10-08 04:50:00
-3.055700,-53.966500,GOES-19,2026-10-08 03:40:00
-3.055700,-53.966500,GOES-19,2026-10-08 03:50:00
-3.055700,-53.966500,GOES-19,2026-10-08 04:00:00
-3.055700,-53.966500,GOES-19,2026-10-08 04:10:00
-3.055700,-53.966500,GOES-19,2026-10-08 04:30:00
-3.055700,-53.966500,GOES-19,2026-10-08 04:40:00
-3.055700,-53.966500,GOES-19,2026-10-08 04:50:00
-3.074000,-53.966100,GOES-19,2026-10-08 03:40:00
-3.074000,-53.966100,GOES-19,2026-10-08 03:50:00
-3.074000,-53.966100,GOES-19,2026-10-08 04:00:00
-3.074000,-53.966100,GOES-19,2026-10-08 04:10:00
-3.074000,-53.966100,GOES-19,2026-10-08 04:20:00
-3.074000,-53.966100,GOES-19,2026-10-08 04:30:00
-3.074000,-53.966100,GOES-19,2026-10-08 04:40:00
-3.074000,-53.966100,GOES-19,2026-10-08 04:50:00
-3.074000,-53.966100,GOES-19,2026-10-08 19:10:00
-3.074000,-53.966100,GOES-19,2026-10-08 19:20:00
-3.074000,-53.966100,GOES-19,2026-10-08 19:30:00
-3.074000,-53.966100,GOES-19,2026-10-08 19:40:00
-3.074000,-53.966100,GOES-19,2026-10-08 19:50:00
-3.074000,-53.966100,GOES-19,2026-10-08 20:00:00
-3.074000,-53.966100,GOES-19,2026-10-08 20:10:00
-3.074000,-53.966100,GOES-19,2026-10-08 20:20:00
-3.074000,-53.966100,GOES-19,2026-10-08 20:30:00
-3.092400,-53.965600,GOES-19,2026-10-08 03:40:00
-3.092400,-53.965600,GOES-19,2026-10-08 03:50:00
-3.092400,-53.965600,GOES-19,2026-10-08 04:00:00
-3.092400,-53.965600,GOES-19,2026-10-08 04:10:00
-3.092400,-53.965600,GOES-19,2026-10-08 04:40:00
-3.092400,-53.965600,GOES-19,2026-10-08 04:50:00
-3.092400,-53.965600,GOES-19,2026-10-08 19:10:00
-3.092400,-53.965600,GOES-19,2026-10-08 19:20:00
-3.092400,-53.965600,GOES-19,2026-10-08 19:30:00
-3.092400,-53.965600,GOES-19,2026-10-08 19:40:00
-3.092400,-53.965600,GOES-19,2026-10-08 19:50:00
-3.092400,-53.965600,GOES-19,2026-10-08 20:00:00
-3.092400,-53.965600,GOES-19,2026-10-08 20:10:00
-3.092400,-53.965600,GOES-19,2026-10-08 20:20:00
-3.092400,-53.965600,GOES-19,2026-10-08 20:30:00
-3.092400,-53.965600,GOES-19,2026-10-08 20:40:00
-3.092400,-53.965600,GOES-19,2026-10-08 20:50:00
-3.092400,-53.965600,GOES-19,2026-10-08 21:00:00
-3.092400,-53.965600,GOES-19,2026-10-08 21:10:00
-3.092400,-53.965600,GOES-19,2026-10-08 21:20:00
-3.110800,-53.965200,GOES-19,2026-10-08 19:20:00
-3.110800,-53.965200,GOES-19,2026-10-08 19:40:00
-3.110800,-53.965200,GOES-19,2026-10-08 20:00:00
-3.110800,-53.965200,GOES-19,2026-10-08 20:10:00
-3.110800,-53.965200,GOES-19,2026-10-08 20:20:00
-3.110800,-53.965200,GOES-19,2026-10-08 20:30:00
-3.110800,-53.965200,GOES-19,2026-10-08 20:40:00
-3.110800,-53.965200,GOES-19,2026-10-08 21:00:00
-3.110800,-53.965200,GOES-19,2026-10-08 21:10:00
-3.110800,-53.965200,GOES-19,2026-10-08 21:20:00
-3.019000,-53.947300,GOES-19,2026-10-08 00:00:00
-3.019000,-53.947300,GOES-19,2026-10-08 00:10:00
-3.019000,-53.947300,GOES-19,2026-10-08 00:30:00
-3.019000,-53.947300,GOES-19,2026-10-08 00:40:00
-3.037300,-53.946900,GOES-19,2026-10-08 00:00:00
-3.037300,-53.946900,GOES-19,2026-10-08 00:10:00
-3.037300,-53.946900,GOES-19,2026-10-08 00:20:00
-3.037300,-53.946900,GOES-19,2026-10-08 00:30:00
-3.037300,-53.946900,GOES-19,2026-10-08 00:40:00
-3.037300,-53.946900,GOES-19,2026-10-08 03:40:00
-3.037300,-53.946900,GOES-19,2026-10-08 03:50:00
-3.037300,-53.946900,GOES-19,2026-10-08 04:00:00
-3.037300,-53.946900,GOES-19,2026-10-08 04:10:00
-3.037300,-53.946900,GOES-19,2026-10-08 04:20:00
-3.037300,-53.946900,GOES-19,2026-10-08 04:30:00
-3.037300,-53.946900,GOES-19,2026-10-08 04:40:00
-3.037300,-53.946900,GOES-19,2026-10-08 04:50:00
-3.037300,-53.946900,GOES-19,2026-10-08 19:20:00
-3.055700,-53.946400,GOES-19,2026-10-08 03:40:00
-3.055700,-53.946400,GOES-19,2026-10-08 03:50:00
-3.055700,-53.946400,GOES-19,2026-10-08 04:00:00
-3.055700,-53.946400,GOES-19,2026-10-08 04:10:00
-3.055700,-53.946400,GOES-19,2026-10-08 04:20:00
-3.055700,-53.946400,GOES-19,2026-10-08 04:30:00
-3.055700,-53.946400,GOES-19,2026-10-08 04:40:00
-3.055700,-53.946400,GOES-19,2026-10-08 04:50:00
-3.055700,-53.946400,GOES-19,2026-10-08 15:30:00
-3.055700,-53.946400,GOES-19,2026-10-08 18:40:00
-3.055700,-53.946400,GOES-19,2026-10-08 18:50:00
-3.055700,-53.946400,GOES-19,2026-10-08 19:00:00
-3.055700,-53.946400,GOES-19,2026-10-08 19:10:00
-3.055700,-53.946400,GOES-19,2026-10-08 19:20:00
-3.055700,-53.946400,GOES-19,2026-10-08 19:30:00
-3.055700,-53.946400,GOES-19,2026-10-08 19:40:00
-3.055700,-53.946400,GOES-19,2026-10-08 19:50:00
-3.055700,-53.946400,GOES-19,2026-10-08 20:00:00
-3.055700,-53.946400,GOES-19,2026-10-08 20:10:00
-3.055700,-53.946400,GOES-19,2026-10-08 20:20:00
-3.074100,-53.946000,GOES-19,2026-10-08 03:40:00
-3.074100,-53.946000,GOES-19,2026-10-08 03:50:00
-3.074100,-53.946000,GOES-19,2026-10-08 04:00:00
-3.074100,-53.946000,GOES-19,2026-10-08 04:10:00
-3.074100,-53.946000,GOES-19,2026-10-08 04:20:00
-3.074100,-53.946000,GOES-19,2026-10-08 04:30:00
-3.074100,-53.946000,GOES-19,2026-10-08 04:40:00
-3.074100,-53.946000,GOES-19,2026-10-08 04:50:00
-3.074100,-53.946000,GOES-19,2026-10-08 15:30:00
-3.074100,-53.946000,GOES-19,2026-10-08 18:40:00
-3.074100,-53.946000,GOES-19,2026-10-08 18:50:00
-3.074100,-53.946000,GOES-19,2026-10-08 19:00:00
-3.074100,-53.946000,GOES-19,2026-10-08 19:10:00
-3.074100,-53.946000,GOES-19,2026-10-08 19:20:00
-3.074100,-53.946000,GOES-19,2026-10-08 19:30:00
-3.074100,-53.946000,GOES-19,2026-10-08 19:40:00
-3.074100,-53.946000,GOES-19,2026-10-08 19:50:00
-3.074100,-53.946000,GOES-19,2026-10-08 20:00:00
-3.074100,-53.946000,GOES-19,2026-10-08 20:10:00
-3.074100,-53.946000,GOES-19,2026-10-08 20:20:00
-3.074100,-53.946000,GOES-19,2026-10-08 20:30:00
-3.074100,-53.946000,GOES-19,2026-10-08 20:40:00
-3.074100,-53.946000,GOES-19,2026-10-08 20:50:00
-3.074100,-53.946000,GOES-19,2026-10-08 21:00:00
-3.074100,-53.946000,GOES-19,2026-10-08 21:10:00
-3.074100,-53.946000,GOES-19,2026-10-08 21:20:00
-3.092500,-53.945500,GOES-19,2026-10-08 03:40:00
-3.092500,-53.945500,GOES-19,2026-10-08 03:50:00
-3.092500,-53.945500,GOES-19,2026-10-08 04:00:00
-3.092500,-53.945500,GOES-19,2026-10-08 04:10:00
-3.092500,-53.945500,GOES-19,2026-10-08 04:20:00
-3.092500,-53.945500,GOES-19,2026-10-08 04:30:00
-3.092500,-53.945500,GOES-19,2026-10-08 04:40:00
-3.092500,-53.945500,GOES-19,2026-10-08 04:50:00
-3.092500,-53.945500,GOES-19,2026-10-08 18:30:00
-3.092500,-53.945500,GOES-19,2026-10-08 18:40:00
-3.092500,-53.945500,GOES-19,2026-10-08 18:50:00
-3.092500,-53.945500,GOES-19,2026-10-08 19:00:00
-3.092500,-53.945500,GOES-19,2026-10-08 19:10:00
-3.092500,-53.945500,GOES-19,2026-10-08 19:20:00
-3.092500,-53.945500,GOES-19,2026-10-08 19:30:00
-3.092500,-53.945500,GOES-19,2026-10-08 19:40:00
-3.092500,-53.945500,GOES-19,2026-10-08 19:50:00
-3.092500,-53.945500,GOES-19,2026-10-08 20:00:00
-3.092500,-53.945500,GOES-19,2026-10-08 20:10:00
-3.092500,-53.945500,GOES-19,2026-10-08 20:20:00
-3.092500,-53.945500,GOES-19,2026-10-08 20:30:00
-3.092500,-53.945500,GOES-19,2026-10-08 20:40:00
-3.092500,-53.945500,GOES-19,2026-10-08 20:50:00
-3.092500,-53.945500,GOES-19,2026-10-08 21:00:00
-3.092500,-53.945500,GOES-19,2026-10-08 21:10:00
-3.092500,-53.945500,GOES-19,2026-10-08 21:20:00
-3.110900,-53.945000,GOES-19,2026-10-08 15:30:00
-3.110900,-53.945000,GOES-19,2026-10-08 18:30:00
-3.110900,-53.945000,GOES-19,2026-10-08 18:40:00
-3.110900,-53.945000,GOES-19,2026-10-08 18:50:00
-3.110900,-53.945000,GOES-19,2026-10-08 19:00:00
-3.110900,-53.945000,GOES-19,2026-10-08 19:10:00
-3.110900,-53.945000,GOES-19,2026-10-08 19:20:00
-3.110900,-53.945000,GOES-19,2026-10-08 19:30:00
-3.110900,-53.945000,GOES-19,2026-10-08 19:40:00
-3.110900,-53.945000,GOES-19,2026-10-08 19:50:00
-3.110900,-53.945000,GOES-19,2026-10-08 20:00:00
-3.110900,-53.945000,GOES-19,2026-10-08 20:10:00
-3.110900,-53.945000,GOES-19,2026-10-08 20:20:00
-3.110900,-53.945000,GOES-19,2026-10-08 20:30:00
-3.110900,-53.945000,GOES-19,2026-10-08 20:40:00
-3.110900,-53.945000,GOES-19,2026-10-08 20:50:00
-3.110900,-53.945000,GOES-19,2026-10-08 21:00:00
-3.110900,-53.945000,GOES-19,2026-10-08 21:10:00
-3.110900,-53.945000,GOES-19,2026-10-08 21:20:00
-3.019000,-53.927200,GOES-19,2026-10-08 00:00:00
-3.019000,-53.927200,GOES-19,2026-10-08 00:10:00
-3.019000,-53.927200,GOES-19,2026-10-08 00:20:00
-3.019000,-53.927200,GOES-19,2026-10-08 00:30:00
-3.019000,-53.927200,GOES-19,2026-10-08 00:40:00
-3.037400,-53.926800,GOES-19,2026-10-08 00:00:00
-3.037400,-53.926800,GOES-19,2026-10-08 00:10:00
-3.037400,-53.926800,GOES-19,2026-10-08 00:20:00
-3.037400,-53.926800,GOES-19,2026-10-08 00:30:00
-3.037400,-53.926800,GOES-19,2026-10-08 00:40:00
-3.037400,-53.926800,GOES-19,2026-10-08 03:50:00
-3.037400,-53.926800,GOES-19,2026-10-08 04:20:00
-3.037400,-53.926800,GOES-19,2026-10-08 18:40:00
-3.037400,-53.926800,GOES-19,2026-10-08 18:50:00
-3.037400,-53.926800,GOES-19,2026-10-08 19:00:00
-3.055800,-53.926300,GOES-19,2026-10-08 00:00:00
-3.055800,-53.926300,GOES-19,2026-10-08 00:10:00
-3.055800,-53.926300,GOES-19,2026-10-08 00:20:00
-3.055800,-53.926300,GOES-19,2026-10-08 00:30:00
-3.055800,-53.926300,GOES-19,2026-10-08 00:40:00
-3.055800,-53.926300,GOES-19,2026-10-08 04:20:00
-3.055800,-53.926300,GOES-19,2026-10-08 18:30:00
-3.055800,-53.926300,GOES-19,2026-10-08 18:40:00
-3.055800,-53.926300,GOES-19,2026-10-08 18:50:00
-3.055800,-53.926300,GOES-19,2026-10-08 19:00:00
-3.055800,-53.926300,GOES-19,2026-10-08 19:10:00
-3.055800,-53.926300,GOES-19,2026-10-08 19:20:00
-3.055800,-53.926300,GOES-19,2026-10-08 19:30:00
-3.055800,-53.926300,GOES-19,2026-10-08 19:40:00
-3.055800,-53.926300,GOES-19,2026-10-08 19:50:00
-3.055800,-53.926300,GOES-19,2026-10-08 20:00:00
-3.055800,-53.926300,GOES-19,2026-10-08 20:10:00
-3.055800,-53.926300,GOES-19,2026-10-08 20:20:00
-3.055800,-53.926300,GOES-19,2026-10-08 20:30:00
-3.055800,-53.926300,GOES-19,2026-10-08 20:40:00
-3.055800,-53.926300,GOES-19,2026-10-08 20:50:00
-3.055800,-53.926300,GOES-19,2026-10-08 21:00:00
-3.055800,-53.926300,GOES-19,2026-10-08 21:10:00
-3.092600,-53.925400,GOES-19,2026-10-08 15:30:00
-3.092600,-53.925400,GOES-19,2026-10-08 18:40:00
-3.092600,-53.925400,GOES-19,2026-10-08 18:50:00
-3.092600,-53.925400,GOES-19,2026-10-08 19:00:00
-3.092600,-53.925400,GOES-19,2026-10-08 19:10:00
-3.092600,-53.925400,GOES-19,2026-10-08 19:20:00
-3.092600,-53.925400,GOES-19,2026-10-08 19:30:00
-3.092600,-53.925400,GOES-19,2026-10-08 19:40:00
-3.092600,-53.925400,GOES-19,2026-10-08 19:50:00
-3.092600,-53.925400,GOES-19,2026-10-08 20:00:00
-3.092600,-53.925400,GOES-19,2026-10-08 20:10:00
-3.092600,-53.925400,GOES-19,2026-10-08 20:20:00
-3.092600,-53.925400,GOES-19,2026-10-08 20:30:00
-3.092600,-53.925400,GOES-19,2026-10-08 20:40:00
-3.092600,-53.925400,GOES-19,2026-10-08 20:50:00
-3.092600,-53.925400,GOES-19,2026-10-08 21:00:00
-3.092600,-53.925400,GOES-19,2026-10-08 21:10:00
-3.092600,-53.925400,GOES-19,2026-10-08 21:20:00
-3.110900,-53.924900,GOES-19,2026-10-08 18:30:00
-3.110900,-53.924900,GOES-19,2026-10-08 18:40:00
-3.110900,-53.924900,GOES-19,2026-10-08 18:50:00
-3.110900,-53.924900,GOES-19,2026-10-08 19:00:00
-3.110900,-53.924900,GOES-19,2026-10-08 19:10:00
-3.110900,-53.924900,GOES-19,2026-10-08 19:20:00
-3.110900,-53.924900,GOES-19,2026-10-08 19:30:00
-3.110900,-53.924900,GOES-19,2026-10-08 19:40:00
-3.110900,-53.924900,GOES-19,2026-10-08 19:50:00
-3.110900,-53.924900,GOES-19,2026-10-08 20:00:00
-3.110900,-53.924900,GOES-19,2026-10-08 20:10:00
-3.110900,-53.924900,GOES-19,2026-10-08 20:20:00
-3.110900,-53.924900,GOES-19,2026-10-08 20:30:00
-3.110900,-53.924900,GOES-19,2026-10-08 20:40:00
-3.110900,-53.924900,GOES-19,2026-10-08 20:50:00
-3.110900,-53.924900,GOES-19,2026-10-08 21:00:00
-3.110900,-53.924900,GOES-19,2026-10-08 21:10:00
-3.110900,-53.924900,GOES-19,2026-10-08 21:20:00
-3.000700,-53.907500,GOES-19,2026-10-08 18:40:00
-3.000700,-53.907500,GOES-19,2026-10-08 18:50:00
-3.000700,-53.907500,GOES-19,2026-10-08 19:00:00
-3.000700,-53.907500,GOES-19,2026-10-08 19:10:00
-3.000700,-53.907500,GOES-19,2026-10-08 19:20:00
-3.000700,-53.907500,GOES-19,2026-10-08 19:30:00
-3.000700,-53.907500,GOES-19,2026-10-08 19:40:00
-3.000700,-53.907500,GOES-19,2026-10-08 19:50:00
-3.000700,-53.907500,GOES-19,2026-10-08 20:00:00
-3.000700,-53.907500,GOES-19,2026-10-08 20:10:00
-3.019100,-53.907100,GOES-19,2026-10-08 00:00:00
-3.019100,-53.907100,GOES-19,2026-10-08 00:10:00
-3.019100,-53.907100,GOES-19,2026-10-08 00:20:00
-3.019100,-53.907100,GOES-19,2026-10-08 00:30:00
-3.019100,-53.907100,GOES-19,2026-10-08 00:40:00
-3.019100,-53.907100,GOES-19,2026-10-08 18:30:00
-3.019100,-53.907100,GOES-19,2026-10-08 18:50:00
-3.019100,-53.907100,GOES-19,2026-10-08 19:00:00
-3.019100,-53.907100,GOES-19,2026-10-08 19:10:00
-3.019100,-53.907100,GOES-19,2026-10-08 19:20:00
-3.019100,-53.907100,GOES-19,2026-10-08 19:30:00
-3.019100,-53.907100,GOES-19,2026-10-08 19:40:00
-3.037500,-53.906600,GOES-19,2026-10-08 00:00:00
-3.037500,-53.906600,GOES-19,2026-10-08 00:10:00
-3.037500,-53.906600,GOES-19,2026-10-08 00:20:00
-3.037500,-53.906600,GOES-19,2026-10-08 00:30:00
-3.037500,-53.906600,GOES-19,2026-10-08 00:40:00
-3.037500,-53.906600,GOES-19,2026-10-08 15:30:00
-3.037500,-53.906600,GOES-19,2026-10-08 18:30:00
-3.037500,-53.906600,GOES-19,2026-10-08 18:40:00
-3.037500,-53.906600,GOES-19,2026-10-08 18:50:00
-3.037500,-53.906600,GOES-19,2026-10-08 19:00:00
-3.037500,-53.906600,GOES-19,2026-10-08 19:10:00
-3.037500,-53.906600,GOES-19,2026-10-08 19:20:00
-3.037500,-53.906600,GOES-19,2026-10-08 19:40:00
-3.055900,-53.906200,GOES-19,2026-10-08 00:00:00
-3.055900,-53.906200,GOES-19,2026-10-08 00:10:00
-3.055900,-53.906200,GOES-19,2026-10-08 00:20:00
-3.055900,-53.906200,GOES-19,2026-10-08 15:30:00
-3.055900,-53.906200,GOES-19,2026-10-08 18:30:00
-3.055900,-53.906200,GOES-19,2026-10-08 18:40:00
-3.055900,-53.906200,GOES-19,2026-10-08 18:50:00
-3.055900,-53.906200,GOES-19,2026-10-08 19:00:00
-3.055900,-53.906200,GOES-19,2026-10-08 19:10:00
-3.055900,-53.906200,GOES-19,2026-10-08 19:20:00
-2.982400,-53.887900,GOES-19,2026-10-08 18:50:00
-2.982400,-53.887900,GOES-19,2026-10-08 19:00:00
-2.982400,-53.887900,GOES-19,2026-10-08 19:10:00
-2.982400,-53.887900,GOES-19,2026-10-08 19:20:00
-2.982400,-53.887900,GOES-19,2026-10-08 19:50:00
-2.982400,-53.887900,GOES-19,2026-10-08 20:00:00
-3.000800,-53.887400,GOES-19,2026-10-08 18:30:00
-3.000800,-53.887400,GOES-19,2026-10-08 18:40:00
-3.000800,-53.887400,GOES-19,2026-10-08 18:50:00
-3.000800,-53.887400,GOES-19,2026-10-08 19:00:00
-3.000800,-53.887400,GOES-19,2026-10-08 19:10:00
-3.000800,-53.887400,GOES-19,2026-10-08 19:20:00
-3.000800,-53.887400,GOES-19,2026-10-08 19:30:00
-3.000800,-53.887400,GOES-19,2026-10-08 19:40:00
-3.000800,-53.887400,GOES-19,2026-10-08 19:50:00
-3.000800,-53.887400,GOES-19,2026-10-08 20:00:00
-3.000800,-53.887400,GOES-19,2026-10-08 20:10:00
-3.019200,-53.887000,GOES-19,2026-10-08 18:30:00
-3.019200,-53.887000,GOES-19,2026-10-08 18:40:00
-3.019200,-53.887000,GOES-19,2026-10-08 19:10:00
-2.982500,-53.847600,GOES-19,2026-10-08 18:40:00
-2.982500,-53.847600,GOES-19,2026-10-08 18:50:00
-2.982500,-53.847600,GOES-19,2026-10-08 19:00:00
-2.982500,-53.847600,GOES-19,2026-10-08 19:10:00
-2.982500,-53.847600,GOES-19,2026-10-08 19:20:00
-2.982500,-53.847600,GOES-19,2026-10-08 19:30:00
-2.982500,-53.847600,GOES-19,2026-10-08 19:40:00
-2.982500,-53.847600,GOES-19,2026-10-08 19:50:00
-2.982500,-53.847600,GOES-19,2026-10-08 20:00:00
-2.982500,-53.847600,GOES-19,2026-10-08 20:10:00
-3.000900,-53.847100,GOES-19,2026-10-08 15:30:00
-3.000900,-53.847100,GOES-19,2026-10-08 18:00:00
-3.000900,-53.847100,GOES-19,2026-10-08 18:10:00
-3.000900,-53.847100,GOES-19,2026-10-08 18:20:00
-3.000900,-53.847100,GOES-19,2026-10-08 18:30:00
-3.000900,-53.847100,GOES-19,2026-10-08 18:40:00
-3.000900,-53.847100,GOES-19,2026-10-08 18:50:00
-3.000900,-53.847100,GOES-19,2026-10-08 19:00:00
-3.000900,-53.847100,GOES-19,2026-10-08 19:10:00
-3.000900,-53.847100,GOES-19,2026-10-08 19:20:00
-3.000900,-53.847100,GOES-19,2026-10-08 19:30:00
-3.000900,-53.847100,GOES-19,2026-10-08 19:40:00
-3.000900,-53.847100,GOES-19,2026-10-08 19:50:00
-3.000900,-53.847100,GOES-19,2026-10-08 20:00:00
-3.000900,-53.847100,GOES-19,2026-10-08 20:10:00
-3.295500,-53.718500,GOES-19,2026-10-08 18:50:00
-3.295600,-53.698400,GOES-19,2026-10-08 15:10:00
-3.295600,-53.698400,GOES-19,2026-10-08 18:20:00
-3.295600,-53.698400,GOES-19,2026-10-08 18:30:00
-3.295600,-53.698400,GOES-19,2026-10-08 18:40:00
-3.295600,-53.698400,GOES-19,2026-10-08 18:50:00
-3.314000,-53.697900,GOES-19,2026-10-08 15:20:00
-3.314000,-53.697900,GOES-19,2026-10-08 17:50:00
-3.314000,-53.697900,GOES-19,2026-10-08 18:20:00
-3.314000,-53.697900,GOES-19,2026-10-08 18:30:00
-3.314000,-53.697900,GOES-19,2026-10-08 18:40:00
-3.314000,-53.697900,GOES-19,2026-10-08 18:50:00
-6.118600,-53.506600,GOES-19,2026-10-08 18:30:00
-6.137100,-53.505600,GOES-19,2026-10-08 18:30:00
-6.137100,-53.505600,GOES-19,2026-10-08 18:40:00
-6.322300,-53.495900,GOES-19,2026-10-08 14:50:00
-5.693100,-53.507300,GOES-19,2026-10-08 22:50:00
-5.693100,-53.507300,GOES-19,2026-10-08 23:00:00
-5.693100,-53.507300,GOES-19,2026-10-08 23:10:00
-5.693100,-53.507300,GOES-19,2026-10-08 23:20:00
-5.711600,-53.506500,GOES-19,2026-10-08 19:40:00
-5.711600,-53.506500,GOES-19,2026-10-08 19:50:00
-5.711600,-53.506500,GOES-19,2026-10-08 20:00:00
-5.711600,-53.506500,GOES-19,2026-10-08 21:10:00
-5.711600,-53.506500,GOES-19,2026-10-08 21:20:00
-5.711600,-53.506500,GOES-19,2026-10-08 22:40:00
-5.711600,-53.506500,GOES-19,2026-10-08 22:50:00
-5.711600,-53.506500,GOES-19,2026-10-08 23:00:00
-5.711600,-53.506500,GOES-19,2026-10-08 23:10:00
-5.711600,-53.506500,GOES-19,2026-10-08 23:20:00
-5.711600,-53.506500,GOES-19,2026-10-08 23:30:00
-5.711600,-53.506500,GOES-19,2026-10-08 23:40:00
-5.711600,-53.506500,GOES-19,2026-10-08 23:50:00
-5.841100,-53.500200,GOES-19,2026-10-08 15:20:00
-5.674800,-53.487900,GOES-19,2026-10-08 19:00:00
-5.693200,-53.487000,GOES-19,2026-10-08 19:00:00
-5.693200,-53.487000,GOES-19,2026-10-08 19:40:00
-5.693200,-53.487000,GOES-19,2026-10-08 19:50:00
-5.693200,-53.487000,GOES-19,2026-10-08 20:00:00
-5.693200,-53.487000,GOES-19,2026-10-08 20:20:00
-5.693200,-53.487000,GOES-19,2026-10-08 21:10:00
-5.693200,-53.487000,GOES-19,2026-10-08 21:20:00
-5.693200,-53.487000,GOES-19,2026-10-08 22:40:00
-5.693200,-53.487000,GOES-19,2026-10-08 22:50:00
-5.693200,-53.487000,GOES-19,2026-10-08 23:00:00
-5.693200,-53.487000,GOES-19,2026-10-08 23:10:00
-5.693200,-53.487000,GOES-19,2026-10-08 23:20:00
-5.693200,-53.487000,GOES-19,2026-10-08 23:30:00
-5.693200,-53.487000,GOES-19,2026-10-08 23:40:00
-5.693200,-53.487000,GOES-19,2026-10-08 23:50:00
-5.711700,-53.486200,GOES-19,2026-10-08 19:40:00
-5.711700,-53.486200,GOES-19,2026-10-08 19:50:00
-5.711700,-53.486200,GOES-19,2026-10-08 20:00:00
-5.711700,-53.486200,GOES-19,2026-10-08 20:20:00
-5.711700,-53.486200,GOES-19,2026-10-08 21:10:00
-5.711700,-53.486200,GOES-19,2026-10-08 21:20:00
-5.711700,-53.486200,GOES-19,2026-10-08 22:40:00
-5.711700,-53.486200,GOES-19,2026-10-08 22:50:00
-5.711700,-53.486200,GOES-19,2026-10-08 23:00:00
-5.711700,-53.486200,GOES-19,2026-10-08 23:10:00
-5.711700,-53.486200,GOES-19,2026-10-08 23:20:00
-5.711700,-53.486200,GOES-19,2026-10-08 23:30:00
-5.711700,-53.486200,GOES-19,2026-10-08 23:40:00
-5.711700,-53.486200,GOES-19,2026-10-08 23:50:00
-5.693400,-53.466700,GOES-19,2026-10-08 19:00:00
-5.693400,-53.466700,GOES-19,2026-10-08 19:40:00
-5.693400,-53.466700,GOES-19,2026-10-08 19:50:00
-5.693400,-53.466700,GOES-19,2026-10-08 20:00:00
-5.693400,-53.466700,GOES-19,2026-10-08 20:20:00
-5.693400,-53.466700,GOES-19,2026-10-08 21:10:00
-5.693400,-53.466700,GOES-19,2026-10-08 21:20:00
-5.693400,-53.466700,GOES-19,2026-10-08 22:40:00
-5.693400,-53.466700,GOES-19,2026-10-08 22:50:00
-5.693400,-53.466700,GOES-19,2026-10-08 23:00:00
-5.693400,-53.466700,GOES-19,2026-10-08 23:10:00
-5.693400,-53.466700,GOES-19,2026-10-08 23:20:00
-5.693400,-53.466700,GOES-19,2026-10-08 23:30:00
-5.693400,-53.466700,GOES-19,2026-10-08 23:40:00
-5.693400,-53.466700,GOES-19,2026-10-08 23:50:00
-5.711900,-53.465800,GOES-19,2026-10-08 18:20:00
-5.711900,-53.465800,GOES-19,2026-10-08 18:30:00
-5.711900,-53.465800,GOES-19,2026-10-08 18:40:00
-5.711900,-53.465800,GOES-19,2026-10-08 18:50:00
-5.711900,-53.465800,GOES-19,2026-10-08 19:00:00
-5.711900,-53.465800,GOES-19,2026-10-08 19:40:00
-5.711900,-53.465800,GOES-19,2026-10-08 19:50:00
-5.711900,-53.465800,GOES-19,2026-10-08 20:00:00
-5.711900,-53.465800,GOES-19,2026-10-08 20:20:00
-5.711900,-53.465800,GOES-19,2026-10-08 21:10:00
-5.711900,-53.465800,GOES-19,2026-10-08 21:20:00
-5.711900,-53.465800,GOES-19,2026-10-08 22:40:00
-5.711900,-53.465800,GOES-19,2026-10-08 22:50:00
-5.711900,-53.465800,GOES-19,2026-10-08 23:00:00
-5.711900,-53.465800,GOES-19,2026-10-08 23:10:00
-5.711900,-53.465800,GOES-19,2026-10-08 23:20:00
-5.711900,-53.465800,GOES-19,2026-10-08 23:30:00
-5.711900,-53.465800,GOES-19,2026-10-08 23:40:00
-5.711900,-53.465800,GOES-19,2026-10-08 23:50:00
-5.730400,-53.465000,GOES-19,2026-10-08 20:20:00
-5.730400,-53.465000,GOES-19,2026-10-08 22:40:00
-5.693500,-53.446400,GOES-19,2026-10-08 19:00:00
-5.693500,-53.446400,GOES-19,2026-10-08 19:40:00
-5.693500,-53.446400,GOES-19,2026-10-08 19:50:00
-5.693500,-53.446400,GOES-19,2026-10-08 20:00:00
-5.693500,-53.446400,GOES-19,2026-10-08 20:20:00
-5.693500,-53.446400,GOES-19,2026-10-08 21:10:00
-5.693500,-53.446400,GOES-19,2026-10-08 21:20:00
-5.693500,-53.446400,GOES-19,2026-10-08 22:50:00
-5.693500,-53.446400,GOES-19,2026-10-08 23:00:00
-5.693500,-53.446400,GOES-19,2026-10-08 23:10:00
-5.693500,-53.446400,GOES-19,2026-10-08 23:20:00
-5.693500,-53.446400,GOES-19,2026-10-08 23:30:00
-5.693500,-53.446400,GOES-19,2026-10-08 23:50:00
-5.712000,-53.445500,GOES-19,2026-10-08 18:10:00
-5.712000,-53.445500,GOES-19,2026-10-08 18:20:00
-5.712000,-53.445500,GOES-19,2026-10-08 18:30:00
-5.712000,-53.445500,GOES-19,2026-10-08 18:40:00
-5.712000,-53.445500,GOES-19,2026-10-08 18:50:00
-5.712000,-53.445500,GOES-19,2026-10-08 19:00:00
-5.712000,-53.445500,GOES-19,2026-10-08 19:40:00
-5.712000,-53.445500,GOES-19,2026-10-08 19:50:00
-5.712000,-53.445500,GOES-19,2026-10-08 20:00:00
-5.712000,-53.445500,GOES-19,2026-10-08 20:20:00
-5.712000,-53.445500,GOES-19,2026-10-08 21:10:00
-5.712000,-53.445500,GOES-19,2026-10-08 21:20:00
-5.712000,-53.445500,GOES-19,2026-10-08 22:40:00
-5.712000,-53.445500,GOES-19,2026-10-08 22:50:00
-5.712000,-53.445500,GOES-19,2026-10-08 23:00:00
-5.712000,-53.445500,GOES-19,2026-10-08 23:10:00
-5.712000,-53.445500,GOES-19,2026-10-08 23:20:00
-5.712000,-53.445500,GOES-19,2026-10-08 23:40:00
-5.712000,-53.445500,GOES-19,2026-10-08 23:50:00
-1.404300,-53.230300,GOES-19,2026-10-08 18:30:00
-1.404300,-53.230300,GOES-19,2026-10-08 18:40:00
-1.404300,-53.230300,GOES-19,2026-10-08 18:50:00
-6.215500,-52.889900,GOES-19,2026-10-08 19:00:00
-6.215500,-52.889900,GOES-19,2026-10-08 19:20:00
-6.215500,-52.889900,GOES-19,2026-10-08 19:50:00
-6.215500,-52.889900,GOES-19,2026-10-08 20:00:00
-6.215500,-52.889900,GOES-19,2026-10-08 20:10:00
-6.215500,-52.889900,GOES-19,2026-10-08 20:20:00
-6.215500,-52.889900,GOES-19,2026-10-08 20:30:00
-6.234000,-52.888900,GOES-19,2026-10-08 15:00:00
-6.234000,-52.888900,GOES-19,2026-10-08 19:20:00
-6.234000,-52.888900,GOES-19,2026-10-08 20:00:00
-6.234000,-52.888900,GOES-19,2026-10-08 20:10:00
-6.234000,-52.888900,GOES-19,2026-10-08 20:20:00
-6.234000,-52.888900,GOES-19,2026-10-08 20:30:00
-6.252600,-52.887900,GOES-19,2026-10-08 19:00:00
-6.252600,-52.887900,GOES-19,2026-10-08 20:00:00
-6.252600,-52.887900,GOES-19,2026-10-08 20:10:00
-6.252600,-52.887900,GOES-19,2026-10-08 20:20:00
-6.252600,-52.887900,GOES-19,2026-10-08 20:30:00
-6.197100,-52.870500,GOES-19,2026-10-08 15:00:00
-6.197100,-52.870500,GOES-19,2026-10-08 15:10:00
-6.197100,-52.870500,GOES-19,2026-10-08 19:00:00
-6.197100,-52.870500,GOES-19,2026-10-08 19:10:00
-6.197100,-52.870500,GOES-19,2026-10-08 19:20:00
-6.197100,-52.870500,GOES-19,2026-10-08 19:50:00
-6.197100,-52.870500,GOES-19,2026-10-08 20:00:00
-6.197100,-52.870500,GOES-19,2026-10-08 20:10:00
-6.197100,-52.870500,GOES-19,2026-10-08 20:30:00
-6.215700,-52.869500,GOES-19,2026-10-08 15:10:00
-6.215700,-52.869500,GOES-19,2026-10-08 18:40:00
-6.215700,-52.869500,GOES-19,2026-10-08 19:00:00
-6.215700,-52.869500,GOES-19,2026-10-08 19:10:00
-6.215700,-52.869500,GOES-19,2026-10-08 19:20:00
-6.215700,-52.869500,GOES-19,2026-10-08 19:50:00
-6.215700,-52.869500,GOES-19,2026-10-08 20:00:00
-6.215700,-52.869500,GOES-19,2026-10-08 20:10:00
-6.215700,-52.869500,GOES-19,2026-10-08 20:20:00
-6.234200,-52.868500,GOES-19,2026-10-08 18:40:00
-6.234200,-52.868500,GOES-19,2026-10-08 19:00:00
-6.234200,-52.868500,GOES-19,2026-10-08 19:10:00
-6.234200,-52.868500,GOES-19,2026-10-08 19:20:00
-6.234200,-52.868500,GOES-19,2026-10-08 19:50:00
-6.234200,-52.868500,GOES-19,2026-10-08 20:00:00
-6.234200,-52.868500,GOES-19,2026-10-08 20:10:00
-6.234200,-52.868500,GOES-19,2026-10-08 20:20:00
-6.252700,-52.867500,GOES-19,2026-10-08 19:00:00
-6.252700,-52.867500,GOES-19,2026-10-08 19:10:00
-6.252700,-52.867500,GOES-19,2026-10-08 19:20:00
-6.252700,-52.867500,GOES-19,2026-10-08 19:50:00
-6.252700,-52.867500,GOES-19,2026-10-08 20:00:00
-6.252700,-52.867500,GOES-19,2026-10-08 20:10:00
-6.252700,-52.867500,GOES-19,2026-10-08 20:20:00
-6.141500,-52.873400,GOES-19,2026-10-08 18:40:00
-6.160100,-52.872500,GOES-19,2026-10-08 18:20:00
-6.160100,-52.872500,GOES-19,2026-10-08 20:30:00
-6.178600,-52.871500,GOES-19,2026-10-08 18:40:00
-6.178600,-52.871500,GOES-19,2026-10-08 18:50:00
-6.178600,-52.871500,GOES-19,2026-10-08 19:00:00
-6.178600,-52.871500,GOES-19,2026-10-08 19:20:00
-6.178600,-52.871500,GOES-19,2026-10-08 19:50:00
-6.178600,-52.871500,GOES-19,2026-10-08 20:00:00
-6.178600,-52.871500,GOES-19,2026-10-08 20:10:00
-6.178600,-52.871500,GOES-19,2026-10-08 20:30:00
-6.160200,-52.852000,GOES-19,2026-10-08 18:10:00
-6.160200,-52.852000,GOES-19,2026-10-08 18:20:00
-6.160200,-52.852000,GOES-19,2026-10-08 18:30:00
-6.160200,-52.852000,GOES-19,2026-10-08 18:40:00
-6.160200,-52.852000,GOES-19,2026-10-08 19:00:00
-6.160200,-52.852000,GOES-19,2026-10-08 20:00:00
-6.160200,-52.852000,GOES-19,2026-10-08 20:30:00
-6.178700,-52.851000,GOES-19,2026-10-08 18:10:00
-6.178700,-52.851000,GOES-19,2026-10-08 18:20:00
-6.178700,-52.851000,GOES-19,2026-10-08 18:30:00
-6.178700,-52.851000,GOES-19,2026-10-08 18:40:00
-6.178700,-52.851000,GOES-19,2026-10-08 18:50:00
-6.178700,-52.851000,GOES-19,2026-10-08 19:00:00
-6.178700,-52.851000,GOES-19,2026-10-08 19:10:00
-6.178700,-52.851000,GOES-19,2026-10-08 19:20:00
-6.178700,-52.851000,GOES-19,2026-10-08 19:30:00
-6.178700,-52.851000,GOES-19,2026-10-08 19:40:00
-6.178700,-52.851000,GOES-19,2026-10-08 19:50:00
-6.178700,-52.851000,GOES-19,2026-10-08 20:00:00
-6.178700,-52.851000,GOES-19,2026-10-08 20:10:00
-6.178700,-52.851000,GOES-19,2026-10-08 20:30:00
-6.197300,-52.850000,GOES-19,2026-10-08 15:00:00
-6.197300,-52.850000,GOES-19,2026-10-08 15:10:00
-6.197300,-52.850000,GOES-19,2026-10-08 18:40:00
-6.197300,-52.850000,GOES-19,2026-10-08 19:10:00
-6.197300,-52.850000,GOES-19,2026-10-08 19:20:00
-6.197300,-52.850000,GOES-19,2026-10-08 20:10:00
-6.197300,-52.850000,GOES-19,2026-10-08 20:30:00
-6.215800,-52.849000,GOES-19,2026-10-08 15:00:00
-6.215800,-52.849000,GOES-19,2026-10-08 15:10:00
-6.215800,-52.849000,GOES-19,2026-10-08 19:00:00
-6.215800,-52.849000,GOES-19,2026-10-08 19:10:00
-6.234300,-52.848000,GOES-19,2026-10-08 15:00:00
-6.234300,-52.848000,GOES-19,2026-10-08 18:40:00
-6.234300,-52.848000,GOES-19,2026-10-08 19:00:00
-6.252900,-52.847000,GOES-19,2026-10-08 19:00:00
-6.178900,-52.830500,GOES-19,2026-10-08 15:00:00
-6.178900,-52.830500,GOES-19,2026-10-08 15:10:00
-6.178900,-52.830500,GOES-19,2026-10-08 18:20:00
-6.197400,-52.829500,GOES-19,2026-10-08 15:00:00
-6.197400,-52.829500,GOES-19,2026-10-08 15:10:00
-6.197400,-52.829500,GOES-19,2026-10-08 18:40:00
-6.215900,-52.828500,GOES-19,2026-10-08 15:10:00
-14.331000,-52.086300,GOES-19,2026-10-08 15:40:00
-14.331300,-52.065000,GOES-19,2026-10-08 15:10:00
-6.234800,-52.786600,GOES-19,2026-10-08 14:50:00
-6.234800,-52.786600,GOES-19,2026-10-08 15:00:00
-6.234800,-52.786600,GOES-19,2026-10-08 15:10:00
-6.234800,-52.786600,GOES-19,2026-10-08 18:10:00
-6.234800,-52.786600,GOES-19,2026-10-08 18:20:00
-6.234800,-52.786600,GOES-19,2026-10-08 18:30:00
-6.234800,-52.786600,GOES-19,2026-10-08 18:50:00
-6.216400,-52.767100,GOES-19,2026-10-08 14:50:00
-6.216400,-52.767100,GOES-19,2026-10-08 15:00:00
-6.216400,-52.767100,GOES-19,2026-10-08 18:20:00
-6.216400,-52.767100,GOES-19,2026-10-08 18:40:00
-6.216400,-52.767100,GOES-19,2026-10-08 18:50:00
-7.089000,-52.695800,GOES-19,2026-10-08 15:10:00
-7.089000,-52.695800,GOES-19,2026-10-08 18:30:00
-7.089000,-52.695800,GOES-19,2026-10-08 18:50:00
-6.457800,-52.712700,GOES-19,2026-10-08 14:40:00
-6.457800,-52.712700,GOES-19,2026-10-08 15:10:00
-6.457900,-52.692200,GOES-19,2026-10-08 14:40:00
-6.457900,-52.692200,GOES-19,2026-10-08 14:50:00
-6.457900,-52.692200,GOES-19,2026-10-08 15:00:00
-6.457900,-52.692200,GOES-19,2026-10-08 15:10:00
-6.254200,-52.662500,GOES-19,2026-10-08 18:30:00
-6.254200,-52.662500,GOES-19,2026-10-08 18:40:00
-10.764100,-52.134500,GOES-19,2026-10-08 14:00:00
-10.764100,-52.134500,GOES-19,2026-10-08 14:10:00
-10.764100,-52.134500,GOES-19,2026-10-08 14:20:00
-10.764100,-52.134500,GOES-19,2026-10-08 14:30:00
-14.650700,-51.467000,GOES-19,2026-10-08 13:00:00
-14.650700,-51.467000,GOES-19,2026-10-08 13:10:00
-14.650700,-51.467000,GOES-19,2026-10-08 13:20:00
-14.670500,-51.442800,GOES-19,2026-10-08 15:00:00
-6.407900,-51.953600,GOES-19,2026-10-08 14:50:00
-6.408000,-51.932900,GOES-19,2026-10-08 14:50:00
-6.166900,-51.926000,GOES-19,2026-10-08 18:20:00
-6.166900,-51.926000,GOES-19,2026-10-08 18:30:00
-6.166900,-51.926000,GOES-19,2026-10-08 18:40:00
-6.130000,-51.907400,GOES-19,2026-10-08 18:30:00
-6.130000,-51.907400,GOES-19,2026-10-08 18:40:00
-5.926600,-51.835800,GOES-19,2026-10-08 18:30:00
-5.926600,-51.835800,GOES-19,2026-10-08 18:40:00
-5.926600,-51.835800,GOES-19,2026-10-08 18:50:00
-5.945100,-51.834800,GOES-19,2026-10-08 18:30:00
-5.945100,-51.834800,GOES-19,2026-10-08 18:40:00
-5.945100,-51.834800,GOES-19,2026-10-08 18:50:00
-5.945100,-51.834800,GOES-19,2026-10-08 19:00:00
-5.945100,-51.834800,GOES-19,2026-10-08 19:10:00
-5.945100,-51.834800,GOES-19,2026-10-08 19:20:00
-5.945100,-51.834800,GOES-19,2026-10-08 19:30:00
-5.945100,-51.834800,GOES-19,2026-10-08 19:40:00
-5.945100,-51.834800,GOES-19,2026-10-08 19:50:00
-5.926700,-51.815100,GOES-19,2026-10-08 18:40:00
-5.926700,-51.815100,GOES-19,2026-10-08 18:50:00
-5.945300,-51.814100,GOES-19,2026-10-08 18:40:00
-6.131000,-51.762400,GOES-19,2026-10-08 18:20:00
-6.131000,-51.762400,GOES-19,2026-10-08 18:30:00
-6.057100,-51.725100,GOES-19,2026-10-08 18:40:00
-0.395300,-51.789200,GOES-19,2026-10-08 17:40:00
-0.395300,-51.789200,GOES-19,2026-10-08 18:30:00
-0.395300,-51.789200,GOES-19,2026-10-08 18:40:00
-0.395300,-51.789200,GOES-19,2026-10-08 19:20:00
-0.395300,-51.789200,GOES-19,2026-10-08 19:30:00
-0.395300,-51.789200,GOES-19,2026-10-08 19:40:00
-0.395300,-51.789200,GOES-19,2026-10-08 19:50:00
-5.983800,-51.604700,GOES-19,2026-10-08 18:30:00
-0.395300,-51.727400,GOES-19,2026-10-08 18:00:00
3.746100,-51.643000,GOES-19,2026-10-08 17:50:00
3.727600,-51.643700,GOES-19,2026-10-08 18:10:00
3.727600,-51.643700,GOES-19,2026-10-08 18:20:00
3.727600,-51.643700,GOES-19,2026-10-08 18:30:00
3.727600,-51.643700,GOES-19,2026-10-08 18:50:00
3.727700,-51.623000,GOES-19,2026-10-08 17:30:00
3.727700,-51.623000,GOES-19,2026-10-08 17:40:00
3.727700,-51.623000,GOES-19,2026-10-08 17:50:00
3.727700,-51.623000,GOES-19,2026-10-08 18:00:00
3.727700,-51.623000,GOES-19,2026-10-08 18:10:00
3.727700,-51.623000,GOES-19,2026-10-08 18:20:00
3.727700,-51.623000,GOES-19,2026-10-08 18:30:00
-2.825600,-51.277900,GOES-19,2026-10-08 18:30:00
-10.026100,-50.838300,GOES-19,2026-10-08 13:00:00
-10.026100,-50.838300,GOES-19,2026-10-08 13:10:00
-10.026100,-50.838300,GOES-19,2026-10-08 14:20:00
-10.026100,-50.838300,GOES-19,2026-10-08 15:00:00
0.395600,-51.169600,GOES-19,2026-10-08 17:50:00
-4.636400,-50.943700,GOES-19,2026-10-08 18:10:00
-4.636400,-50.943700,GOES-19,2026-10-08 18:40:00
-4.636400,-50.943700,GOES-19,2026-10-08 18:50:00
1.316200,-50.871300,GOES-19,2026-10-08 18:20:00
-3.160100,-50.602100,GOES-19,2026-10-08 19:10:00
-3.178600,-50.601600,GOES-19,2026-10-08 19:10:00
-3.160200,-50.581200,GOES-19,2026-10-08 19:10:00
-3.178700,-50.580700,GOES-19,2026-10-08 19:10:00
-3.197100,-50.580100,GOES-19,2026-10-08 19:10:00
-3.178700,-50.559700,GOES-19,2026-10-08 19:10:00
-3.197200,-50.559200,GOES-19,2026-10-08 19:10:00
-7.800900,-50.226900,GOES-19,2026-10-08 18:20:00
-19.083700,-48.655200,GOES-19,2026-10-08 15:40:00
-11.821400,-49.745700,GOES-19,2026-10-08 12:30:00
-11.821400,-49.745700,GOES-19,2026-10-08 12:40:00
-11.821400,-49.745700,GOES-19,2026-10-08 12:50:00
-11.821400,-49.745700,GOES-19,2026-10-08 13:00:00
-11.821400,-49.745700,GOES-19,2026-10-08 13:20:00
-11.821400,-49.745700,GOES-19,2026-10-08 13:30:00
-5.808900,-50.170700,GOES-19,2026-10-08 18:40:00
-5.808900,-50.170700,GOES-19,2026-10-08 19:00:00
-5.808900,-50.170700,GOES-19,2026-10-08 19:10:00
-7.504500,-49.973600,GOES-19,2026-10-08 18:40:00
-7.504500,-49.973600,GOES-19,2026-10-08 18:50:00
-7.504500,-49.973600,GOES-19,2026-10-08 19:00:00
-7.504500,-49.973600,GOES-19,2026-10-08 19:10:00
-7.504500,-49.973600,GOES-19,2026-10-08 19:20:00
-5.717900,-49.922200,GOES-19,2026-10-08 18:40:00
-5.717900,-49.922200,GOES-19,2026-10-08 18:50:00
-5.717900,-49.922200,GOES-19,2026-10-08 19:00:00
-11.217900,-49.427500,GOES-19,2026-10-08 18:20:00
-11.218200,-49.405800,GOES-19,2026-10-08 18:20:00
-11.218200,-49.405800,GOES-19,2026-10-08 18:40:00
-7.732500,-49.594000,GOES-19,2026-10-08 18:30:00
-7.732500,-49.594000,GOES-19,2026-10-08 18:40:00
-4.532800,-49.665700,GOES-19,2026-10-08 19:10:00
-8.052300,-49.418400,GOES-19,2026-10-08 18:10:00
-8.033800,-49.398500,GOES-19,2026-10-08 13:50:00
-8.033800,-49.398500,GOES-19,2026-10-08 14:40:00
-8.033800,-49.398500,GOES-19,2026-10-08 18:50:00
-8.052500,-49.396900,GOES-19,2026-10-08 14:50:00
-13.027000,-48.518400,GOES-19,2026-10-08 14:00:00
-13.027000,-48.518400,GOES-19,2026-10-08 14:10:00
-13.027000,-48.518400,GOES-19,2026-10-08 14:50:00
-13.027000,-48.518400,GOES-19,2026-10-08 15:00:00
-14.984900,-48.197800,GOES-19,2026-10-08 14:20:00
-1.226600,-49.338600,GOES-19,2026-10-08 15:00:00
-1.226600,-49.338600,GOES-19,2026-10-08 17:40:00
-3.314200,-49.119500,GOES-19,2026-10-08 18:30:00
-3.314200,-49.119500,GOES-19,2026-10-08 18:50:00
-15.225000,-47.888300,GOES-19,2026-10-08 18:20:00
-1.393300,-48.953400,GOES-19,2026-10-08 15:00:00
-1.393300,-48.953400,GOES-19,2026-10-08 15:10:00
-1.393300,-48.953400,GOES-19,2026-10-08 15:20:00
-1.411800,-48.931800,GOES-19,2026-10-08 15:10:00
-2.353900,-48.870500,GOES-19,2026-10-08 14:50:00
-2.353900,-48.870500,GOES-19,2026-10-08 15:20:00
-13.290900,-63.295600,GOES-19,2026-10-09 03:20:00
-13.309900,-63.294500,GOES-19,2026-10-09 03:20:00
-15.793000,-61.920200,GOES-19,2026-10-09 03:20:00
-15.852400,-61.797600,GOES-19,2026-10-09 03:20:00
-15.988600,-61.727600,GOES-19,2026-10-09 03:20:00
-16.007800,-61.745700,GOES-19,2026-10-09 03:20:00
-17.130100,-60.636400,GOES-19,2026-10-09 03:20:00
-18.480800,-62.605600,GOES-19,2026-10-09 03:20:00
-18.481000,-62.585700,GOES-19,2026-10-09 03:20:00
-8.742000,-45.156300,GOES-19,2026-10-09 03:20:00
-6.001900,-40.983700,GOES-19,2026-10-09 03:20:00
-6.002100,-40.959400,GOES-19,2026-10-09 03:20:00
-6.002400,-40.935000,GOES-19,2026-10-09 03:20:00
-6.020700,-40.982000,GOES-19,2026-10-09 03:20:00
-6.021000,-40.957700,GOES-19,2026-10-09 03:20:00
-8.723100,-45.158300,GOES-19,2026-10-09 03:20:00
-8.723400,-45.135500,GOES-19,2026-10-09 03:20:00
-8.742300,-45.133400,GOES-19,2026-10-09 03:20:00
-11.014000,-45.427200,GOES-19,2026-10-09 03:20:00
-11.014400,-45.404200,GOES-19,2026-10-09 03:20:00
-11.310300,-44.833700,GOES-19,2026-10-09 03:20:00
-13.246200,-42.264500,GOES-19,2026-10-09 03:20:00
-13.246700,-42.240100,GOES-19,2026-10-09 03:20:00
-13.265700,-42.260900,GOES-19,2026-10-09 03:20:00
-13.266200,-42.236500,GOES-19,2026-10-09 03:20:00
-2.499000,-56.067500,GOES-19,2026-10-09 03:20:00
-2.742800,-54.114600,GOES-19,2026-10-09 03:20:00
-2.823000,-58.283800,GOES-19,2026-10-09 03:20:00
-3.000700,-53.907500,GOES-19,2026-10-09 03:20:00
-3.092500,-53.945500,GOES-19,2026-10-09 03:20:00
-3.110000,-54.186200,GOES-19,2026-10-09 03:20:00
-3.110100,-54.166100,GOES-19,2026-10-09 03:20:00
-3.110900,-53.945000,GOES-19,2026-10-09 03:20:00
-3.111400,-53.783900,GOES-19,2026-10-09 03:20:00
-3.128400,-54.185700,GOES-19,2026-10-09 03:20:00
-3.128500,-54.165700,GOES-19,2026-10-09 03:20:00
-3.178700,-50.580700,GOES-19,2026-10-09 03:20:00
-3.549300,-54.695100,GOES-19,2026-10-09 03:20:00
-3.549300,-54.675200,GOES-19,2026-10-09 03:20:00
-3.567600,-54.694600,GOES-19,2026-10-09 03:20:00
-3.567700,-54.674600,GOES-19,2026-10-09 03:20:00
-4.103900,-54.016400,GOES-19,2026-10-09 03:20:00
-5.693400,-53.466700,GOES-19,2026-10-09 03:20:00
-5.711700,-53.486200,GOES-19,2026-10-09 03:20:00
-6.148500,-47.287100,GOES-19,2026-10-09 03:20:00
-6.148700,-47.265100,GOES-19,2026-10-09 03:20:00
-6.167200,-47.285800,GOES-19,2026-10-09 03:20:00
-6.167400,-47.263800,GOES-19,2026-10-09 03:20:00
-6.871900,-45.900300,GOES-19,2026-10-09 03:20:00
-6.890700,-45.898800,GOES-19,2026-10-09 03:20:00
-7.199500,-55.162700,GOES-19,2026-10-09 03:20:00
-7.218000,-55.161700,GOES-19,2026-10-09 03:20:00
-7.218200,-55.141600,GOES-19,2026-10-09 03:20:00
-8.688200,-62.419200,GOES-19,2026-10-09 03:20:00
-8.706700,-62.418400,GOES-19,2026-10-09 03:20:00
-8.706800,-62.399500,GOES-19,2026-10-09 03:20:00
-12.215600,-57.108700,GOES-19,2026-10-09 03:20:00
-12.215800,-57.088700,GOES-19,2026-10-09 03:20:00
-12.234600,-57.107100,GOES-19,2026-10-09 03:20:00
-12.234800,-57.087100,GOES-19,2026-10-09 03:20:00
-13.163600,-54.359100,GOES-19,2026-10-09 03:20:00
-13.182700,-54.357100,GOES-19,2026-10-09 03:20:00