lat,lon,satelite,data
-9.832500,-48.319800,GOES-19,2026-09-20 15:00:00
-9.379700,-48.323200,GOES-19,2026-09-20 14:40:00
-9.379700,-48.323200,GOES-19,2026-09-20 15:10:00
-9.379700,-48.323200,GOES-19,2026-09-20 15:20:00
-9.379700,-48.323200,GOES-19,2026-09-20 18:00:00
-9.398600,-48.321300,GOES-19,2026-09-20 15:20:00
-9.398600,-48.321300,GOES-19,2026-09-20 18:00:00
-9.398600,-48.321300,GOES-19,2026-09-20 18:10:00
-9.398600,-48.321300,GOES-19,2026-09-20 18:50:00
-9.380000,-48.301300,GOES-19,2026-09-20 14:20:00
-9.380000,-48.301300,GOES-19,2026-09-20 14:30:00
-9.380000,-48.301300,GOES-19,2026-09-20 14:40:00
-9.380000,-48.301300,GOES-19,2026-09-20 14:50:00
-9.380000,-48.301300,GOES-19,2026-09-20 15:00:00
-9.380000,-48.301300,GOES-19,2026-09-20 15:10:00
-9.380000,-48.301300,GOES-19,2026-09-20 15:20:00
-9.380000,-48.301300,GOES-19,2026-09-20 15:30:00
-9.380000,-48.301300,GOES-19,2026-09-20 15:50:00
-9.380000,-48.301300,GOES-19,2026-09-20 17:40:00
-9.380000,-48.301300,GOES-19,2026-09-20 18:00:00
-9.398900,-48.299400,GOES-19,2026-09-20 14:40:00
-9.398900,-48.299400,GOES-19,2026-09-20 15:10:00
-9.398900,-48.299400,GOES-19,2026-09-20 15:20:00
-9.398900,-48.299400,GOES-19,2026-09-20 17:50:00
-9.398900,-48.299400,GOES-19,2026-09-20 18:00:00
-9.398900,-48.299400,GOES-19,2026-09-20 18:10:00
-9.398900,-48.299400,GOES-19,2026-09-20 18:20:00
-9.398900,-48.299400,GOES-19,2026-09-20 18:40:00
-9.398900,-48.299400,GOES-19,2026-09-20 18:50:00
-9.380300,-48.279500,GOES-19,2026-09-20 14:20:00
-9.380300,-48.279500,GOES-19,2026-09-20 14:30:00
-9.380300,-48.279500,GOES-19,2026-09-20 14:40:00
-9.380300,-48.279500,GOES-19,2026-09-20 14:50:00
-9.380300,-48.279500,GOES-19,2026-09-20 15:10:00
-4.223800,-48.634200,GOES-19,2026-09-20 19:00:00
-9.267900,-48.225300,GOES-19,2026-09-20 14:40:00
-9.267900,-48.225300,GOES-19,2026-09-20 14:50:00
-9.267900,-48.225300,GOES-19,2026-09-20 15:20:00
-11.642600,-47.798400,GOES-19,2026-09-20 14:30:00
-11.681900,-47.726700,GOES-19,2026-09-20 13:00:00
-8.141700,-48.091900,GOES-19,2026-09-20 13:20:00
-8.141700,-48.091900,GOES-19,2026-09-20 13:30:00
-8.141700,-48.091900,GOES-19,2026-09-20 13:40:00
-8.141700,-48.091900,GOES-19,2026-09-20 13:50:00
-8.141700,-48.091900,GOES-19,2026-09-20 14:00:00
-8.141700,-48.091900,GOES-19,2026-09-20 14:20:00
-8.141700,-48.091900,GOES-19,2026-09-20 14:30:00
-8.141700,-48.091900,GOES-19,2026-09-20 14:40:00
-8.141700,-48.091900,GOES-19,2026-09-20 14:50:00
-6.759300,-47.855900,GOES-19,2026-09-20 14:50:00
-8.353200,-47.656800,GOES-19,2026-09-20 14:50:00
-11.440700,-47.313200,GOES-19,2026-09-20 18:30:00
-11.440700,-47.313200,GOES-19,2026-09-20 18:40:00
-11.440700,-47.313200,GOES-19,2026-09-20 18:50:00
-11.441100,-47.290800,GOES-19,2026-09-20 18:20:00
-11.441100,-47.290800,GOES-19,2026-09-20 18:30:00
-11.441100,-47.290800,GOES-19,2026-09-20 18:40:00
-8.466800,-47.580200,GOES-19,2026-09-20 14:50:00
-8.485600,-47.578400,GOES-19,2026-09-20 13:50:00
-8.485600,-47.578400,GOES-19,2026-09-20 14:30:00
-8.485600,-47.578400,GOES-19,2026-09-20 14:50:00
-8.391500,-47.587300,GOES-19,2026-09-20 12:30:00
-14.724200,-46.704700,GOES-19,2026-09-20 13:10:00
-12.151600,-47.060800,GOES-19,2026-09-20 11:20:00
-12.151600,-47.060800,GOES-19,2026-09-20 11:50:00
-12.151600,-47.060800,GOES-19,2026-09-20 12:00:00
-12.151600,-47.060800,GOES-19,2026-09-20 12:10:00
-12.151600,-47.060800,GOES-19,2026-09-20 12:20:00
-12.151600,-47.060800,GOES-19,2026-09-20 12:30:00
-12.151600,-47.060800,GOES-19,2026-09-20 12:40:00
-12.151600,-47.060800,GOES-19,2026-09-20 12:50:00
-12.151600,-47.060800,GOES-19,2026-09-20 13:00:00
-12.151600,-47.060800,GOES-19,2026-09-20 13:10:00
-12.151600,-47.060800,GOES-19,2026-09-20 13:20:00
-12.151600,-47.060800,GOES-19,2026-09-20 13:30:00
-12.151600,-47.060800,GOES-19,2026-09-20 13:40:00
-12.170800,-47.058100,GOES-19,2026-09-20 12:00:00
-12.170800,-47.058100,GOES-19,2026-09-20 12:10:00
-12.170800,-47.058100,GOES-19,2026-09-20 12:20:00
-12.170800,-47.058100,GOES-19,2026-09-20 12:30:00
-12.170800,-47.058100,GOES-19,2026-09-20 12:40:00
-12.170800,-47.058100,GOES-19,2026-09-20 12:50:00
-12.170800,-47.058100,GOES-19,2026-09-20 13:00:00
-12.170800,-47.058100,GOES-19,2026-09-20 13:10:00
-12.170800,-47.058100,GOES-19,2026-09-20 13:20:00
-12.170800,-47.058100,GOES-19,2026-09-20 13:30:00
-12.170800,-47.058100,GOES-19,2026-09-20 13:40:00
-12.401200,-47.025500,GOES-19,2026-09-20 18:30:00
-12.401200,-47.025500,GOES-19,2026-09-20 19:20:00
-12.401200,-47.025500,GOES-19,2026-09-20 19:30:00
-12.401200,-47.025500,GOES-19,2026-09-20 19:40:00
-6.294600,-47.649300,GOES-19,2026-09-20 01:20:00
-6.294600,-47.649300,GOES-19,2026-09-20 01:30:00
-6.294800,-47.627400,GOES-19,2026-09-20 01:20:00
-6.294800,-47.627400,GOES-19,2026-09-20 01:30:00
-6.313400,-47.626100,GOES-19,2026-09-20 01:20:00
-6.313400,-47.626100,GOES-19,2026-09-20 01:30:00
-1.229100,-47.816600,GOES-19,2026-09-20 14:30:00
-6.201700,-47.612000,GOES-19,2026-09-20 18:00:00
-6.239000,-47.609500,GOES-19,2026-09-20 18:30:00
-6.295000,-47.605500,GOES-19,2026-09-20 01:20:00
-6.295000,-47.605500,GOES-19,2026-09-20 01:30:00
-6.313600,-47.604200,GOES-19,2026-09-20 01:20:00
-6.313600,-47.604200,GOES-19,2026-09-20 01:30:00
-6.183000,-47.613300,GOES-19,2026-09-20 18:00:00
-1.229100,-47.795000,GOES-19,2026-09-20 14:40:00
-6.220500,-47.588900,GOES-19,2026-09-20 17:50:00
-6.220500,-47.588900,GOES-19,2026-09-20 18:10:00
-6.220500,-47.588900,GOES-19,2026-09-20 18:20:00
-6.220500,-47.588900,GOES-19,2026-09-20 18:40:00
-6.239200,-47.587600,GOES-19,2026-09-20 18:10:00
-6.239200,-47.587600,GOES-19,2026-09-20 18:20:00
-6.239200,-47.587600,GOES-19,2026-09-20 18:30:00
-6.239200,-47.587600,GOES-19,2026-09-20 18:40:00
-7.980100,-47.449000,GOES-19,2026-09-20 15:10:00
-9.374000,-47.312600,GOES-19,2026-09-20 14:50:00
-6.538700,-47.478600,GOES-19,2026-09-20 18:20:00
-6.538700,-47.478600,GOES-19,2026-09-20 18:30:00
-6.557400,-47.477200,GOES-19,2026-09-20 18:10:00
-6.557400,-47.477200,GOES-19,2026-09-20 18:20:00
-6.557400,-47.477200,GOES-19,2026-09-20 18:30:00
-7.628300,-47.039000,GOES-19,2026-09-20 18:40:00
-11.950700,-46.503300,GOES-19,2026-09-20 18:20:00
-11.951100,-46.480600,GOES-19,2026-09-20 18:10:00
-11.951100,-46.480600,GOES-19,2026-09-20 18:20:00
-11.951100,-46.480600,GOES-19,2026-09-20 18:40:00
-8.418800,-46.877500,GOES-19,2026-09-20 11:50:00
-8.418800,-46.877500,GOES-19,2026-09-20 13:30:00
-8.418800,-46.877500,GOES-19,2026-09-20 14:10:00
-7.254800,-46.916000,GOES-19,2026-09-20 14:10:00
-8.156400,-46.813800,GOES-19,2026-09-20 12:20:00
-8.156400,-46.813800,GOES-19,2026-09-20 12:50:00
-8.156400,-46.813800,GOES-19,2026-09-20 13:00:00
-8.156400,-46.813800,GOES-19,2026-09-20 13:10:00
-8.156400,-46.813800,GOES-19,2026-09-20 13:50:00
-8.156400,-46.813800,GOES-19,2026-09-20 14:00:00
-8.156400,-46.813800,GOES-19,2026-09-20 14:10:00
-8.156400,-46.813800,GOES-19,2026-09-20 14:40:00
-8.156600,-46.791500,GOES-19,2026-09-20 14:10:00
-8.156600,-46.791500,GOES-19,2026-09-20 15:00:00
-12.780500,-46.222800,GOES-19,2026-09-20 13:20:00
-12.780500,-46.222800,GOES-19,2026-09-20 13:30:00
-7.293700,-46.779800,GOES-19,2026-09-20 14:50:00
-7.312500,-46.778200,GOES-19,2026-09-20 14:30:00
-7.312500,-46.778200,GOES-19,2026-09-20 18:00:00
-7.312500,-46.778200,GOES-19,2026-09-20 18:10:00
-7.312500,-46.778200,GOES-19,2026-09-20 18:20:00
-7.312500,-46.778200,GOES-19,2026-09-20 18:50:00
-7.293900,-46.757600,GOES-19,2026-09-20 13:50:00
-7.293900,-46.757600,GOES-19,2026-09-20 14:00:00
-7.293900,-46.757600,GOES-19,2026-09-20 14:10:00
-7.293900,-46.757600,GOES-19,2026-09-20 14:30:00
-7.312700,-46.756000,GOES-19,2026-09-20 13:20:00
-9.858700,-46.433900,GOES-19,2026-09-20 12:40:00
-9.858700,-46.433900,GOES-19,2026-09-20 12:50:00
-9.858700,-46.433900,GOES-19,2026-09-20 13:00:00
-9.858700,-46.433900,GOES-19,2026-09-20 13:10:00
-9.858700,-46.433900,GOES-19,2026-09-20 13:20:00
-9.858700,-46.433900,GOES-19,2026-09-20 13:30:00
-9.858700,-46.433900,GOES-19,2026-09-20 13:50:00
-9.858700,-46.433900,GOES-19,2026-09-20 14:20:00
-9.858700,-46.433900,GOES-19,2026-09-20 18:00:00
-9.859000,-46.411400,GOES-19,2026-09-20 12:40:00
-9.859000,-46.411400,GOES-19,2026-09-20 12:50:00
-9.859000,-46.411400,GOES-19,2026-09-20 13:20:00
-9.859000,-46.411400,GOES-19,2026-09-20 13:50:00
-9.859000,-46.411400,GOES-19,2026-09-20 14:00:00
-9.859000,-46.411400,GOES-19,2026-09-20 14:10:00
-9.859000,-46.411400,GOES-19,2026-09-20 14:20:00
-9.859000,-46.411400,GOES-19,2026-09-20 14:30:00
-9.859000,-46.411400,GOES-19,2026-09-20 14:40:00
-14.648700,-45.683300,GOES-19,2026-09-20 13:40:00
-9.256000,-46.254800,GOES-19,2026-09-20 14:10:00
-9.218500,-46.236500,GOES-19,2026-09-20 14:10:00
-9.237400,-46.234400,GOES-19,2026-09-20 14:10:00
-9.256300,-46.232300,GOES-19,2026-09-20 14:10:00
-9.275300,-46.230200,GOES-19,2026-09-20 14:10:00
-14.146300,-45.540500,GOES-19,2026-09-20 13:10:00
-14.146300,-45.540500,GOES-19,2026-09-20 13:20:00
-14.146300,-45.540500,GOES-19,2026-09-20 13:30:00
-14.146300,-45.540500,GOES-19,2026-09-20 14:00:00
-7.579300,-46.376800,GOES-19,2026-09-20 12:30:00
-7.579300,-46.376800,GOES-19,2026-09-20 12:50:00
-7.579300,-46.376800,GOES-19,2026-09-20 13:10:00
-7.579300,-46.376800,GOES-19,2026-09-20 13:30:00
-10.090700,-46.113700,GOES-19,2026-09-20 19:30:00
-9.218800,-46.213900,GOES-19,2026-09-20 14:10:00
-9.256700,-46.209800,GOES-19,2026-09-20 14:10:00
-9.275600,-46.207700,GOES-19,2026-09-20 14:10:00
-9.275900,-46.185200,GOES-19,2026-09-20 14:10:00
-9.275900,-46.185200,GOES-19,2026-09-20 14:50:00
-10.091000,-46.091100,GOES-19,2026-09-20 19:00:00
-10.091000,-46.091100,GOES-19,2026-09-20 19:20:00
-10.091000,-46.091100,GOES-19,2026-09-20 19:30:00
-16.966100,-44.873700,GOES-19,2026-09-20 15:00:00
-16.966100,-44.873700,GOES-19,2026-09-20 15:10:00
-9.789300,-45.991400,GOES-19,2026-09-20 13:20:00
-9.789300,-45.991400,GOES-19,2026-09-20 13:40:00
-9.789300,-45.991400,GOES-19,2026-09-20 13:50:00
-9.789300,-45.991400,GOES-19,2026-09-20 14:00:00
-9.789300,-45.991400,GOES-19,2026-09-20 14:10:00
-9.789300,-45.991400,GOES-19,2026-09-20 14:20:00
-9.789300,-45.991400,GOES-19,2026-09-20 14:30:00
-9.789300,-45.991400,GOES-19,2026-09-20 14:40:00
-9.789300,-45.991400,GOES-19,2026-09-20 14:50:00
-9.789300,-45.991400,GOES-19,2026-09-20 15:00:00
-9.789300,-45.991400,GOES-19,2026-09-20 15:10:00
-9.808300,-45.989200,GOES-19,2026-09-20 14:20:00
-9.808300,-45.989200,GOES-19,2026-09-20 14:30:00
-7.393900,-46.169700,GOES-19,2026-09-20 18:20:00
-7.412700,-46.168000,GOES-19,2026-09-20 18:20:00
-7.412700,-46.168000,GOES-19,2026-09-20 18:30:00
-7.413000,-46.145600,GOES-19,2026-09-20 17:50:00
-7.413000,-46.145600,GOES-19,2026-09-20 18:10:00
-7.413000,-46.145600,GOES-19,2026-09-20 18:20:00
-7.394200,-46.147200,GOES-19,2026-09-20 18:40:00
-9.278900,-45.959500,GOES-19,2026-09-20 13:30:00
-9.278900,-45.959500,GOES-19,2026-09-20 13:50:00
-9.278900,-45.959500,GOES-19,2026-09-20 18:20:00
-9.278900,-45.959500,GOES-19,2026-09-20 18:30:00
-8.863300,-45.982200,GOES-19,2026-09-20 14:30:00
-9.279300,-45.936900,GOES-19,2026-09-20 13:20:00
-9.279300,-45.936900,GOES-19,2026-09-20 13:30:00
-9.279300,-45.936900,GOES-19,2026-09-20 14:40:00
-9.279300,-45.936900,GOES-19,2026-09-20 14:50:00
-9.279300,-45.936900,GOES-19,2026-09-20 18:10:00
-9.279300,-45.936900,GOES-19,2026-09-20 18:20:00
-8.297500,-46.017800,GOES-19,2026-09-20 18:30:00
-8.844700,-45.961600,GOES-19,2026-09-20 13:30:00
-8.844700,-45.961600,GOES-19,2026-09-20 13:40:00
-8.844700,-45.961600,GOES-19,2026-09-20 13:50:00
-8.844700,-45.961600,GOES-19,2026-09-20 14:10:00
-8.844700,-45.961600,GOES-19,2026-09-20 14:20:00
-8.844700,-45.961600,GOES-19,2026-09-20 14:30:00
-8.844700,-45.961600,GOES-19,2026-09-20 15:00:00
-8.844700,-45.961600,GOES-19,2026-09-20 18:30:00
-8.844700,-45.961600,GOES-19,2026-09-20 18:50:00
-8.863600,-45.959600,GOES-19,2026-09-20 13:40:00
-8.863600,-45.959600,GOES-19,2026-09-20 14:20:00
-8.863600,-45.959600,GOES-19,2026-09-20 14:30:00
-8.882500,-45.957600,GOES-19,2026-09-20 13:40:00
-8.882500,-45.957600,GOES-19,2026-09-20 14:20:00
-8.882500,-45.957600,GOES-19,2026-09-20 14:30:00
-9.279600,-45.914300,GOES-19,2026-09-20 13:20:00
-9.279600,-45.914300,GOES-19,2026-09-20 13:50:00
-9.279600,-45.914300,GOES-19,2026-09-20 14:00:00
-9.279600,-45.914300,GOES-19,2026-09-20 14:10:00
-9.279600,-45.914300,GOES-19,2026-09-20 14:20:00
-9.279600,-45.914300,GOES-19,2026-09-20 14:50:00
-8.297800,-45.995300,GOES-19,2026-09-20 18:20:00
-8.316700,-45.993400,GOES-19,2026-09-20 18:20:00
-8.316700,-45.993400,GOES-19,2026-09-20 18:30:00
-8.845000,-45.939100,GOES-19,2026-09-20 13:40:00
-8.845000,-45.939100,GOES-19,2026-09-20 14:20:00
-8.845000,-45.939100,GOES-19,2026-09-20 14:30:00
-8.863900,-45.937000,GOES-19,2026-09-20 13:40:00
-8.863900,-45.937000,GOES-19,2026-09-20 14:20:00
-8.863900,-45.937000,GOES-19,2026-09-20 14:30:00
-8.882700,-45.935000,GOES-19,2026-09-20 13:40:00
-8.882700,-45.935000,GOES-19,2026-09-20 14:20:00
-8.882700,-45.935000,GOES-19,2026-09-20 14:30:00
-8.901600,-45.933000,GOES-19,2026-09-20 13:40:00
-8.901600,-45.933000,GOES-19,2026-09-20 14:20:00
-8.901600,-45.933000,GOES-19,2026-09-20 14:30:00
-8.901600,-45.933000,GOES-19,2026-09-20 14:40:00
-8.901600,-45.933000,GOES-19,2026-09-20 15:20:00
-8.883000,-45.912400,GOES-19,2026-09-20 13:40:00
-8.883000,-45.912400,GOES-19,2026-09-20 14:20:00
-9.926100,-45.703300,GOES-19,2026-09-20 12:30:00
-9.926100,-45.703300,GOES-19,2026-09-20 12:50:00
-9.926100,-45.703300,GOES-19,2026-09-20 18:20:00
-9.926100,-45.703300,GOES-19,2026-09-20 18:30:00
-9.926500,-45.680600,GOES-19,2026-09-20 12:20:00
-9.926500,-45.680600,GOES-19,2026-09-20 12:30:00
-9.926500,-45.680600,GOES-19,2026-09-20 12:50:00
-9.926500,-45.680600,GOES-19,2026-09-20 18:40:00
-11.434500,-45.391900,GOES-19,2026-09-20 13:50:00
-11.434500,-45.391900,GOES-19,2026-09-20 14:00:00
-11.434500,-45.391900,GOES-19,2026-09-20 15:00:00
-11.453700,-45.389200,GOES-19,2026-09-20 13:50:00
-11.453700,-45.389200,GOES-19,2026-09-20 14:00:00
-11.453700,-45.389200,GOES-19,2026-09-20 15:00:00
-11.472800,-45.386500,GOES-19,2026-09-20 12:20:00
-11.472800,-45.386500,GOES-19,2026-09-20 12:30:00
-11.472800,-45.386500,GOES-19,2026-09-20 12:40:00
-11.472800,-45.386500,GOES-19,2026-09-20 12:50:00
-11.472800,-45.386500,GOES-19,2026-09-20 13:00:00
-11.472800,-45.386500,GOES-19,2026-09-20 13:10:00
-11.472800,-45.386500,GOES-19,2026-09-20 13:20:00
-11.472800,-45.386500,GOES-19,2026-09-20 13:40:00
-11.472800,-45.386500,GOES-19,2026-09-20 13:50:00
-11.472800,-45.386500,GOES-19,2026-09-20 14:00:00
-11.472800,-45.386500,GOES-19,2026-09-20 14:40:00
-11.472800,-45.386500,GOES-19,2026-09-20 14:50:00
-11.472800,-45.386500,GOES-19,2026-09-20 15:00:00
-11.472800,-45.386500,GOES-19,2026-09-20 15:10:00
-11.492000,-45.383800,GOES-19,2026-09-20 13:40:00
-11.492000,-45.383800,GOES-19,2026-09-20 14:00:00
-11.492000,-45.383800,GOES-19,2026-09-20 14:10:00
-11.492000,-45.383800,GOES-19,2026-09-20 14:20:00
-11.511200,-45.381100,GOES-19,2026-09-20 18:30:00
-11.511200,-45.381100,GOES-19,2026-09-20 18:40:00
-11.511200,-45.381100,GOES-19,2026-09-20 18:50:00
-11.454100,-45.366200,GOES-19,2026-09-20 13:50:00
-11.454100,-45.366200,GOES-19,2026-09-20 14:00:00
-11.454100,-45.366200,GOES-19,2026-09-20 14:20:00
-11.454100,-45.366200,GOES-19,2026-09-20 15:00:00
-11.473200,-45.363500,GOES-19,2026-09-20 13:50:00
-11.473200,-45.363500,GOES-19,2026-09-20 14:00:00
-11.473200,-45.363500,GOES-19,2026-09-20 14:20:00
-11.473200,-45.363500,GOES-19,2026-09-20 15:00:00
-11.492400,-45.360800,GOES-19,2026-09-20 13:50:00
-11.492400,-45.360800,GOES-19,2026-09-20 14:00:00
-11.492400,-45.360800,GOES-19,2026-09-20 14:20:00
-11.492400,-45.360800,GOES-19,2026-09-20 15:00:00
-11.492400,-45.360800,GOES-19,2026-09-20 19:50:00
-11.511600,-45.358100,GOES-19,2026-09-20 18:10:00
-11.511600,-45.358100,GOES-19,2026-09-20 18:30:00
-11.511600,-45.358100,GOES-19,2026-09-20 18:40:00
-11.511600,-45.358100,GOES-19,2026-09-20 18:50:00
-11.511600,-45.358100,GOES-19,2026-09-20 19:00:00
-11.511600,-45.358100,GOES-19,2026-09-20 19:20:00
-11.511600,-45.358100,GOES-19,2026-09-20 19:30:00
-11.511600,-45.358100,GOES-19,2026-09-20 19:50:00
-11.435300,-45.345900,GOES-19,2026-09-20 14:20:00
-11.435300,-45.345900,GOES-19,2026-09-20 15:00:00
-11.454500,-45.343200,GOES-19,2026-09-20 14:00:00
-11.454500,-45.343200,GOES-19,2026-09-20 15:00:00
-11.473600,-45.340500,GOES-19,2026-09-20 13:50:00
-11.473600,-45.340500,GOES-19,2026-09-20 14:00:00
-11.473600,-45.340500,GOES-19,2026-09-20 15:00:00
-11.473600,-45.340500,GOES-19,2026-09-20 19:50:00
-11.492800,-45.337800,GOES-19,2026-09-20 18:10:00
-11.492800,-45.337800,GOES-19,2026-09-20 18:20:00
-11.492800,-45.337800,GOES-19,2026-09-20 18:30:00
-11.492800,-45.337800,GOES-19,2026-09-20 18:40:00
-11.492800,-45.337800,GOES-19,2026-09-20 18:50:00
-11.492800,-45.337800,GOES-19,2026-09-20 19:50:00
-11.511900,-45.335000,GOES-19,2026-09-20 18:40:00
-11.511900,-45.335000,GOES-19,2026-09-20 18:50:00
-11.511900,-45.335000,GOES-19,2026-09-20 19:40:00
-11.511900,-45.335000,GOES-19,2026-09-20 19:50:00
-6.516600,-45.861600,GOES-19,2026-09-20 14:40:00
-11.474000,-45.317500,GOES-19,2026-09-20 19:50:00
-11.493200,-45.314700,GOES-19,2026-09-20 19:40:00
-11.493200,-45.314700,GOES-19,2026-09-20 19:50:00
-9.531200,-45.500200,GOES-19,2026-09-20 12:50:00
-9.531200,-45.500200,GOES-19,2026-09-20 13:00:00
-9.531200,-45.500200,GOES-19,2026-09-20 13:10:00
-9.531200,-45.500200,GOES-19,2026-09-20 13:40:00
-9.531200,-45.500200,GOES-19,2026-09-20 13:50:00
-9.531200,-45.500200,GOES-19,2026-09-20 14:00:00
-9.531200,-45.500200,GOES-19,2026-09-20 14:10:00
-9.531200,-45.500200,GOES-19,2026-09-20 14:20:00
-9.531200,-45.500200,GOES-19,2026-09-20 14:30:00
-14.122700,-44.822900,GOES-19,2026-09-20 13:30:00
-14.122700,-44.822900,GOES-19,2026-09-20 14:20:00
-14.122700,-44.822900,GOES-19,2026-09-20 14:40:00
-9.512600,-45.479600,GOES-19,2026-09-20 13:00:00
-9.512600,-45.479600,GOES-19,2026-09-20 13:50:00
-9.512600,-45.479600,GOES-19,2026-09-20 14:00:00
-9.512600,-45.479600,GOES-19,2026-09-20 14:10:00
-9.512600,-45.479600,GOES-19,2026-09-20 14:20:00
-9.512600,-45.479600,GOES-19,2026-09-20 14:40:00
-9.512600,-45.479600,GOES-19,2026-09-20 14:50:00
-9.531600,-45.477400,GOES-19,2026-09-20 12:50:00
-9.531600,-45.477400,GOES-19,2026-09-20 13:00:00
-9.531600,-45.477400,GOES-19,2026-09-20 13:10:00
-9.531600,-45.477400,GOES-19,2026-09-20 13:20:00
-9.531600,-45.477400,GOES-19,2026-09-20 13:40:00
-9.531600,-45.477400,GOES-19,2026-09-20 13:50:00
-9.531600,-45.477400,GOES-19,2026-09-20 14:00:00
-9.531600,-45.477400,GOES-19,2026-09-20 14:10:00
-9.531600,-45.477400,GOES-19,2026-09-20 14:20:00
-9.531600,-45.477400,GOES-19,2026-09-20 14:30:00
-9.531600,-45.477400,GOES-19,2026-09-20 14:40:00
-9.531600,-45.477400,GOES-19,2026-09-20 14:50:00
-10.254200,-45.343800,GOES-19,2026-09-20 18:50:00
-8.718900,-45.477400,GOES-19,2026-09-20 13:40:00
-8.718900,-45.477400,GOES-19,2026-09-20 13:50:00
-8.718900,-45.477400,GOES-19,2026-09-20 14:00:00
-8.718900,-45.477400,GOES-19,2026-09-20 14:10:00
-8.718900,-45.477400,GOES-19,2026-09-20 14:20:00
-8.737800,-45.475300,GOES-19,2026-09-20 13:50:00
-7.287900,-45.572000,GOES-19,2026-09-20 13:00:00
-7.287900,-45.572000,GOES-19,2026-09-20 13:40:00
-7.287900,-45.572000,GOES-19,2026-09-20 13:50:00
-5.546300,-45.685300,GOES-19,2026-09-20 18:30:00
-7.514600,-45.438500,GOES-19,2026-09-20 12:00:00
-7.514600,-45.438500,GOES-19,2026-09-20 12:10:00
-7.514600,-45.438500,GOES-19,2026-09-20 12:20:00
-7.514600,-45.438500,GOES-19,2026-09-20 12:30:00
-7.514600,-45.438500,GOES-19,2026-09-20 12:40:00
-7.514900,-45.415800,GOES-19,2026-09-20 12:00:00
-7.514900,-45.415800,GOES-19,2026-09-20 12:10:00
-7.514900,-45.415800,GOES-19,2026-09-20 12:20:00
-7.514900,-45.415800,GOES-19,2026-09-20 12:30:00
-7.514900,-45.415800,GOES-19,2026-09-20 12:40:00
-10.486300,-45.084800,GOES-19,2026-09-20 13:10:00
-10.486300,-45.084800,GOES-19,2026-09-20 13:20:00
-10.486300,-45.084800,GOES-19,2026-09-20 13:50:00
-10.486300,-45.084800,GOES-19,2026-09-20 18:10:00
-10.486300,-45.084800,GOES-19,2026-09-20 18:30:00
-10.486700,-45.061800,GOES-19,2026-09-20 14:10:00
-10.486700,-45.061800,GOES-19,2026-09-20 18:40:00
-10.486700,-45.061800,GOES-19,2026-09-20 19:20:00
-10.486700,-45.061800,GOES-19,2026-09-20 19:30:00
-6.240000,-45.432800,GOES-19,2026-09-20 18:10:00
-6.240000,-45.432800,GOES-19,2026-09-20 18:40:00
-6.240000,-45.432800,GOES-19,2026-09-20 18:50:00
-14.933900,-44.270800,GOES-19,2026-09-20 18:30:00
-14.876600,-44.210800,GOES-19,2026-09-20 18:40:00
-7.800000,-45.139100,GOES-19,2026-09-20 12:40:00
-7.800000,-45.139100,GOES-19,2026-09-20 12:50:00
-7.800000,-45.139100,GOES-19,2026-09-20 13:20:00
-9.008400,-45.012600,GOES-19,2026-09-20 13:50:00
-6.017200,-45.246200,GOES-19,2026-09-20 18:40:00
-6.017200,-45.246200,GOES-19,2026-09-20 18:50:00
-6.654900,-45.128200,GOES-19,2026-09-20 18:30:00
-6.805000,-45.115700,GOES-19,2026-09-20 14:00:00
-6.392900,-45.104000,GOES-19,2026-09-20 13:10:00
-4.785300,-45.170100,GOES-19,2026-09-20 19:40:00
-7.557900,-44.934400,GOES-19,2026-09-20 18:50:00
-6.731300,-44.985500,GOES-19,2026-09-20 14:40:00
-6.731300,-44.985500,GOES-19,2026-09-20 15:00:00
-6.750100,-44.983900,GOES-19,2026-09-20 13:40:00
-6.750100,-44.983900,GOES-19,2026-09-20 14:20:00
-7.897800,-44.832900,GOES-19,2026-09-20 19:50:00
-6.544900,-44.887100,GOES-19,2026-09-20 18:50:00
-9.221900,-44.620700,GOES-19,2026-09-20 13:50:00
-9.221900,-44.620700,GOES-19,2026-09-20 14:00:00
-9.221900,-44.620700,GOES-19,2026-09-20 14:10:00
-9.221900,-44.620700,GOES-19,2026-09-20 14:20:00
-9.221900,-44.620700,GOES-19,2026-09-20 14:30:00
-9.221900,-44.620700,GOES-19,2026-09-20 14:40:00
-6.545100,-44.864300,GOES-19,2026-09-20 12:00:00
-6.545100,-44.864300,GOES-19,2026-09-20 18:10:00
-6.545100,-44.864300,GOES-19,2026-09-20 18:50:00
-6.563900,-44.862800,GOES-19,2026-09-20 12:50:00
-6.563900,-44.862800,GOES-19,2026-09-20 13:00:00
-7.428300,-44.763900,GOES-19,2026-09-20 19:50:00
-7.447100,-44.762100,GOES-19,2026-09-20 19:50:00
-6.545300,-44.841500,GOES-19,2026-09-20 13:00:00
-6.564100,-44.840000,GOES-19,2026-09-20 11:40:00
-6.564100,-44.840000,GOES-19,2026-09-20 11:50:00
-6.564100,-44.840000,GOES-19,2026-09-20 12:50:00
-6.564100,-44.840000,GOES-19,2026-09-20 13:00:00
-6.564100,-44.840000,GOES-19,2026-09-20 13:10:00
-6.564100,-44.840000,GOES-19,2026-09-20 13:30:00
-7.428600,-44.740900,GOES-19,2026-09-20 19:50:00
-7.447400,-44.739200,GOES-19,2026-09-20 19:50:00
-11.378000,-44.242900,GOES-19,2026-09-20 12:30:00
-11.378400,-44.219500,GOES-19,2026-09-20 15:20:00
-7.787700,-44.591700,GOES-19,2026-09-20 14:50:00
-8.753700,-44.282100,GOES-19,2026-09-20 18:30:00
-8.772600,-44.280000,GOES-19,2026-09-20 13:40:00
-8.772600,-44.280000,GOES-19,2026-09-20 13:50:00
-7.322200,-44.176500,GOES-19,2026-09-20 14:20:00
-3.038800,-44.415600,GOES-19,2026-09-20 18:20:00
-3.038800,-44.415600,GOES-19,2026-09-20 18:30:00
-3.038900,-44.392700,GOES-19,2026-09-20 18:10:00
-11.660500,-43.447600,GOES-19,2026-09-20 13:30:00
-11.660500,-43.447600,GOES-19,2026-09-20 13:40:00
-11.660500,-43.447600,GOES-19,2026-09-20 13:50:00
-11.660500,-43.447600,GOES-19,2026-09-20 14:00:00
-11.660500,-43.447600,GOES-19,2026-09-20 14:10:00
-11.660500,-43.447600,GOES-19,2026-09-20 14:20:00
-11.660500,-43.447600,GOES-19,2026-09-20 14:40:00
-11.660500,-43.447600,GOES-19,2026-09-20 18:20:00
-11.660500,-43.447600,GOES-19,2026-09-20 18:30:00
-11.660500,-43.447600,GOES-19,2026-09-20 18:40:00
-11.660500,-43.447600,GOES-19,2026-09-20 18:50:00
-11.679800,-43.444600,GOES-19,2026-09-20 13:30:00
-11.679800,-43.444600,GOES-19,2026-09-20 14:20:00
-11.679800,-43.444600,GOES-19,2026-09-20 19:40:00
-11.680200,-43.420900,GOES-19,2026-09-20 12:10:00
-11.680200,-43.420900,GOES-19,2026-09-20 12:30:00
-11.680200,-43.420900,GOES-19,2026-09-20 12:40:00
-11.680200,-43.420900,GOES-19,2026-09-20 12:50:00
-11.680200,-43.420900,GOES-19,2026-09-20 13:00:00
-11.680200,-43.420900,GOES-19,2026-09-20 13:10:00
-11.680200,-43.420900,GOES-19,2026-09-20 13:20:00
-11.680200,-43.420900,GOES-19,2026-09-20 13:30:00
-11.680200,-43.420900,GOES-19,2026-09-20 13:50:00
-11.680200,-43.420900,GOES-19,2026-09-20 14:00:00
-11.680200,-43.420900,GOES-19,2026-09-20 18:20:00
-7.797200,-43.805300,GOES-19,2026-09-20 18:20:00
-6.913300,-43.751400,GOES-19,2026-09-20 13:00:00
-6.932100,-43.749700,GOES-19,2026-09-20 13:20:00
-6.932100,-43.749700,GOES-19,2026-09-20 13:30:00
-6.932100,-43.749700,GOES-19,2026-09-20 14:00:00
-6.932100,-43.749700,GOES-19,2026-09-20 15:00:00
-6.894700,-43.729900,GOES-19,2026-09-20 12:50:00
-6.894700,-43.729900,GOES-19,2026-09-20 13:00:00
-6.894700,-43.729900,GOES-19,2026-09-20 13:10:00
-6.894700,-43.729900,GOES-19,2026-09-20 13:20:00
-6.894700,-43.729900,GOES-19,2026-09-20 13:30:00
-6.894700,-43.729900,GOES-19,2026-09-20 13:50:00
-6.913500,-43.728100,GOES-19,2026-09-20 12:30:00
-6.913500,-43.728100,GOES-19,2026-09-20 12:40:00
-6.913500,-43.728100,GOES-19,2026-09-20 12:50:00
-6.913500,-43.728100,GOES-19,2026-09-20 13:20:00
-6.932300,-43.726400,GOES-19,2026-09-20 12:50:00
-6.932300,-43.726400,GOES-19,2026-09-20 13:00:00
-6.932300,-43.726400,GOES-19,2026-09-20 13:10:00
-6.932300,-43.726400,GOES-19,2026-09-20 13:20:00
-6.932300,-43.726400,GOES-19,2026-09-20 13:30:00
-6.932300,-43.726400,GOES-19,2026-09-20 13:40:00
-6.932300,-43.726400,GOES-19,2026-09-20 13:50:00
-6.932300,-43.726400,GOES-19,2026-09-20 14:00:00
-6.932300,-43.726400,GOES-19,2026-09-20 14:10:00
-6.932300,-43.726400,GOES-19,2026-09-20 14:20:00
-6.932300,-43.726400,GOES-19,2026-09-20 14:30:00
-6.932300,-43.726400,GOES-19,2026-09-20 18:30:00
-6.932300,-43.726400,GOES-19,2026-09-20 18:40:00
-6.932300,-43.726400,GOES-19,2026-09-20 18:50:00
-6.932300,-43.726400,GOES-19,2026-09-20 19:10:00
-7.045300,-43.716000,GOES-19,2026-09-20 14:00:00
-4.421200,-43.890200,GOES-19,2026-09-20 13:10:00
-4.421200,-43.890200,GOES-19,2026-09-20 13:20:00
-4.421200,-43.890200,GOES-19,2026-09-20 13:30:00
-6.895000,-43.706600,GOES-19,2026-09-20 13:00:00
-6.895000,-43.706600,GOES-19,2026-09-20 13:10:00
-6.895000,-43.706600,GOES-19,2026-09-20 13:20:00
-6.895000,-43.706600,GOES-19,2026-09-20 13:30:00
-6.895000,-43.706600,GOES-19,2026-09-20 13:40:00
-6.895000,-43.706600,GOES-19,2026-09-20 13:50:00
-6.895000,-43.706600,GOES-19,2026-09-20 14:00:00
-6.895000,-43.706600,GOES-19,2026-09-20 14:20:00
-6.913800,-43.704900,GOES-19,2026-09-20 12:30:00
-6.913800,-43.704900,GOES-19,2026-09-20 12:40:00
-6.913800,-43.704900,GOES-19,2026-09-20 12:50:00
-6.913800,-43.704900,GOES-19,2026-09-20 13:00:00
-6.913800,-43.704900,GOES-19,2026-09-20 13:10:00
-6.913800,-43.704900,GOES-19,2026-09-20 13:20:00
-6.913800,-43.704900,GOES-19,2026-09-20 13:30:00
-6.913800,-43.704900,GOES-19,2026-09-20 13:40:00
-6.913800,-43.704900,GOES-19,2026-09-20 13:50:00
-6.913800,-43.704900,GOES-19,2026-09-20 14:00:00
-6.913800,-43.704900,GOES-19,2026-09-20 14:40:00
-6.838500,-43.711700,GOES-19,2026-09-20 14:30:00
-5.750400,-43.709100,GOES-19,2026-09-20 18:10:00
-5.750400,-43.709100,GOES-19,2026-09-20 18:20:00
-5.750400,-43.709100,GOES-19,2026-09-20 18:30:00
-5.769200,-43.707700,GOES-19,2026-09-20 18:10:00
-7.012300,-43.299400,GOES-19,2026-09-20 14:00:00
-14.832300,-41.948200,GOES-19,2026-09-20 18:20:00
-14.832300,-41.948200,GOES-19,2026-09-20 19:40:00
-6.922300,-42.932300,GOES-19,2026-09-20 12:40:00
-6.922300,-42.932300,GOES-19,2026-09-20 13:30:00
-6.922300,-42.932300,GOES-19,2026-09-20 13:50:00
-5.120500,-42.915400,GOES-19,2026-09-20 18:40:00
-5.120500,-42.915400,GOES-19,2026-09-20 18:50:00
-3.103100,-42.700000,GOES-19,2026-09-20 14:50:00
-4.748400,-42.611300,GOES-19,2026-09-20 14:40:00
-3.289900,-42.668300,GOES-19,2026-09-20 19:40:00
-3.309200,-42.549800,GOES-19,2026-09-20 14:50:00
-3.862500,-40.750500,GOES-19,2026-09-20 14:30:00
-3.881300,-40.749400,GOES-19,2026-09-20 14:20:00
-3.862700,-40.726100,GOES-19,2026-09-20 14:30:00
-3.806600,-40.705000,GOES-19,2026-09-20 18:20:00
-3.806600,-40.705000,GOES-19,2026-09-20 18:30:00
-4.596800,-40.411000,GOES-19,2026-09-20 18:30:00
-4.596800,-40.411000,GOES-19,2026-09-20 18:50:00
-3.649400,-38.881200,GOES-19,2026-09-20 14:20:00
-7.400100,-73.317600,GOES-19,2026-09-20 18:00:00
-7.400100,-73.317600,GOES-19,2026-09-20 18:10:00
-8.154300,-73.113300,GOES-19,2026-09-20 17:50:00
-8.154300,-73.113300,GOES-19,2026-09-20 18:00:00
-8.154300,-73.113300,GOES-19,2026-09-20 18:10:00
-8.154300,-73.113300,GOES-19,2026-09-20 18:20:00
-8.154300,-73.113300,GOES-19,2026-09-20 18:30:00
-8.154300,-73.113300,GOES-19,2026-09-20 19:10:00
-7.841600,-72.841700,GOES-19,2026-09-20 18:40:00
-7.804900,-72.805500,GOES-19,2026-09-20 17:30:00
-8.929400,-72.797900,GOES-19,2026-09-20 18:20:00
-8.929400,-72.797900,GOES-19,2026-09-20 18:30:00
-8.874000,-72.761700,GOES-19,2026-09-20 18:00:00
-8.874000,-72.761700,GOES-19,2026-09-20 18:10:00
-8.874000,-72.761700,GOES-19,2026-09-20 18:20:00
-8.874000,-72.761700,GOES-19,2026-09-20 18:30:00
-8.874000,-72.761700,GOES-19,2026-09-20 18:40:00
-8.874000,-72.761700,GOES-19,2026-09-20 18:50:00
-8.874000,-72.761700,GOES-19,2026-09-20 19:00:00
-8.874000,-72.761700,GOES-19,2026-09-20 19:10:00
-8.874000,-72.743400,GOES-19,2026-09-20 18:50:00
-8.874000,-72.743400,GOES-19,2026-09-20 19:00:00
-9.021900,-72.724000,GOES-19,2026-09-20 18:10:00
-9.003400,-72.705900,GOES-19,2026-09-20 18:30:00
-9.021900,-72.705700,GOES-19,2026-09-20 18:00:00
-9.021900,-72.705700,GOES-19,2026-09-20 18:20:00
-7.860400,-72.458700,GOES-19,2026-09-20 18:10:00
-7.860400,-72.458700,GOES-19,2026-09-20 18:20:00
-7.878800,-72.458600,GOES-19,2026-09-20 18:50:00
-7.878800,-72.458600,GOES-19,2026-09-20 19:00:00
-7.860600,-72.312800,GOES-19,2026-09-20 17:50:00
-9.226400,-71.879800,GOES-19,2026-09-20 18:00:00
-9.226400,-71.879800,GOES-19,2026-09-20 18:10:00
-9.226400,-71.879800,GOES-19,2026-09-20 18:20:00
-9.226400,-71.879800,GOES-19,2026-09-20 18:30:00
-9.226400,-71.879800,GOES-19,2026-09-20 18:40:00
-9.226400,-71.879800,GOES-19,2026-09-20 18:50:00
-9.226400,-71.879800,GOES-19,2026-09-20 19:00:00
-9.226400,-71.879800,GOES-19,2026-09-20 19:20:00
-9.226400,-71.879800,GOES-19,2026-09-20 19:30:00
-9.226400,-71.879800,GOES-19,2026-09-20 19:40:00
-9.263400,-71.879400,GOES-19,2026-09-20 18:40:00
-9.263400,-71.879400,GOES-19,2026-09-20 18:50:00
-9.226400,-71.861500,GOES-19,2026-09-20 18:20:00
-9.226400,-71.861500,GOES-19,2026-09-20 18:40:00
-9.226400,-71.861500,GOES-19,2026-09-20 18:50:00
-9.226400,-71.861500,GOES-19,2026-09-20 19:30:00
-9.226400,-71.861500,GOES-19,2026-09-20 19:40:00
-9.189500,-71.843500,GOES-19,2026-09-20 18:20:00
-8.747200,-71.042400,GOES-19,2026-09-20 17:40:00
-9.506900,-70.480700,GOES-19,2026-09-20 17:50:00
-9.506900,-70.480700,GOES-19,2026-09-20 18:20:00
-9.506900,-70.480700,GOES-19,2026-09-20 18:30:00
-9.507000,-70.425500,GOES-19,2026-09-20 18:20:00
-9.525500,-70.425200,GOES-19,2026-09-20 18:20:00
-9.525500,-70.425200,GOES-19,2026-09-20 18:30:00
-9.525500,-70.425200,GOES-19,2026-09-20 18:40:00
-9.525500,-70.425200,GOES-19,2026-09-20 18:50:00
-10.456100,-69.762900,GOES-19,2026-09-20 19:10:00
-10.810600,-69.625900,GOES-19,2026-09-20 18:10:00
-10.829300,-69.625500,GOES-19,2026-09-20 18:10:00
-10.549900,-69.520400,GOES-19,2026-09-20 18:10:00
-10.550000,-69.501900,GOES-19,2026-09-20 18:00:00
-10.550000,-69.501900,GOES-19,2026-09-20 18:10:00
-8.806100,-69.517700,GOES-19,2026-09-20 18:10:00
-10.792400,-69.478100,GOES-19,2026-09-20 18:10:00
-10.717900,-69.442700,GOES-19,2026-09-20 18:10:00
-10.904500,-69.438600,GOES-19,2026-09-20 18:50:00
-10.904500,-69.438600,GOES-19,2026-09-20 19:00:00
-9.028100,-69.458500,GOES-19,2026-09-20 18:50:00
-9.028100,-69.440100,GOES-19,2026-09-20 18:50:00
-9.028100,-69.440100,GOES-19,2026-09-20 19:00:00
-10.643800,-69.296200,GOES-19,2026-09-20 17:50:00
-10.383200,-69.264900,GOES-19,2026-09-20 19:50:00
-10.383300,-69.227900,GOES-19,2026-09-20 17:50:00
-10.625800,-69.111300,GOES-19,2026-09-20 18:10:00
-10.383600,-69.116800,GOES-19,2026-09-20 18:10:00
-10.383700,-69.098300,GOES-19,2026-09-20 18:10:00
-10.272100,-69.063800,GOES-19,2026-09-20 18:20:00
-10.272100,-69.063800,GOES-19,2026-09-20 18:30:00
-10.272100,-69.063800,GOES-19,2026-09-20 18:40:00
-10.272200,-69.045300,GOES-19,2026-09-20 18:20:00
-10.272200,-69.045300,GOES-19,2026-09-20 18:30:00
-10.272200,-69.045300,GOES-19,2026-09-20 18:40:00
-10.012500,-68.866100,GOES-19,2026-09-20 18:00:00
-10.328900,-68.803200,GOES-19,2026-09-20 18:00:00
-10.328900,-68.803200,GOES-19,2026-09-20 18:10:00
-10.310200,-68.803600,GOES-19,2026-09-20 18:00:00
-10.981500,-68.787200,GOES-19,2026-09-20 18:40:00
-10.981500,-68.787200,GOES-19,2026-09-20 19:10:00
-10.571300,-68.704600,GOES-19,2026-09-20 18:30:00
-10.571300,-68.704600,GOES-19,2026-09-20 18:40:00
-11.038500,-68.506900,GOES-19,2026-09-20 18:40:00
-11.038500,-68.506900,GOES-19,2026-09-20 18:50:00
-11.038500,-68.506900,GOES-19,2026-09-20 19:00:00
-11.038500,-68.506900,GOES-19,2026-09-20 19:10:00
-11.038500,-68.506900,GOES-19,2026-09-20 19:20:00
-11.038500,-68.506900,GOES-19,2026-09-20 19:40:00
-11.038600,-68.488300,GOES-19,2026-09-20 15:20:00
-8.028000,-61.343500,GOES-19,2026-09-20 14:50:00
-11.038600,-68.488300,GOES-19,2026-09-20 18:40:00
-11.038600,-68.488300,GOES-19,2026-09-20 18:50:00
-11.038600,-68.488300,GOES-19,2026-09-20 19:00:00
-11.038600,-68.488300,GOES-19,2026-09-20 19:10:00
-10.181300,-68.436100,GOES-19,2026-09-20 18:10:00
-10.162800,-68.418000,GOES-19,2026-09-20 18:00:00
-10.162800,-68.418000,GOES-19,2026-09-20 18:10:00
-10.162800,-68.418000,GOES-19,2026-09-20 18:20:00
-10.181400,-68.417500,GOES-19,2026-09-20 18:10:00
-10.516600,-68.371900,GOES-19,2026-09-20 18:20:00
-10.516700,-68.353400,GOES-19,2026-09-20 18:20:00
-10.144600,-68.307200,GOES-19,2026-09-20 16:00:00
-9.732300,-64.887900,GOES-19,2026-09-20 15:10:00
-9.732300,-64.887900,GOES-19,2026-09-20 15:20:00
-12.502300,-62.495800,GOES-19,2026-09-20 14:20:00
-12.502300,-62.495800,GOES-19,2026-09-20 14:30:00
-12.502500,-62.476600,GOES-19,2026-09-20 14:30:00
-12.502500,-62.476600,GOES-19,2026-09-20 15:30:00
-12.502700,-62.457300,GOES-19,2026-09-20 15:50:00
-3.544500,-62.078700,GOES-19,2026-09-20 18:10:00
-9.065900,-61.355200,GOES-19,2026-09-20 14:40:00
-8.028000,-61.343500,GOES-19,2026-09-20 14:20:00
-8.028000,-61.343500,GOES-19,2026-09-20 14:30:00
-8.028000,-61.343500,GOES-19,2026-09-20 14:40:00
-8.046500,-61.342700,GOES-19,2026-09-20 13:10:00
-8.046500,-61.342700,GOES-19,2026-09-20 13:30:00
-8.046500,-61.342700,GOES-19,2026-09-20 13:40:00
-8.046500,-61.342700,GOES-19,2026-09-20 13:50:00
-8.046500,-61.342700,GOES-19,2026-09-20 14:10:00
-8.046500,-61.342700,GOES-19,2026-09-20 14:20:00
-8.046500,-61.342700,GOES-19,2026-09-20 14:30:00
-8.046500,-61.342700,GOES-19,2026-09-20 14:40:00
-8.047000,-61.266400,GOES-19,2026-09-20 14:20:00
-8.047000,-61.266400,GOES-19,2026-09-20 14:30:00
-8.047000,-61.266400,GOES-19,2026-09-20 14:40:00
-8.047000,-61.266400,GOES-19,2026-09-20 14:50:00
-3.053400,-61.295600,GOES-19,2026-09-20 16:00:00
-3.053400,-61.295600,GOES-19,2026-09-20 18:30:00
-3.053400,-61.295600,GOES-19,2026-09-20 18:40:00
-3.053400,-61.295600,GOES-19,2026-09-20 19:30:00
-3.053400,-61.295600,GOES-19,2026-09-20 20:20:00
-3.053400,-61.295600,GOES-19,2026-09-20 20:40:00
-3.053400,-61.295600,GOES-19,2026-09-20 20:50:00
-3.053400,-61.295600,GOES-19,2026-09-20 22:40:00
-3.071600,-61.295300,GOES-19,2026-09-20 20:20:00
-3.071600,-61.295300,GOES-19,2026-09-20 20:40:00
-3.071600,-61.295300,GOES-19,2026-09-20 20:50:00
-3.071600,-61.295300,GOES-19,2026-09-20 22:40:00
-3.418600,-61.289500,GOES-19,2026-09-20 18:20:00
-3.053400,-61.276700,GOES-19,2026-09-20 19:30:00
-3.053400,-61.276700,GOES-19,2026-09-20 20:20:00
-3.053400,-61.276700,GOES-19,2026-09-20 20:40:00
-3.053400,-61.276700,GOES-19,2026-09-20 20:50:00
-3.053400,-61.276700,GOES-19,2026-09-20 22:40:00
-3.035200,-61.258100,GOES-19,2026-09-20 19:30:00
-3.035200,-61.258100,GOES-19,2026-09-20 20:20:00
-3.035200,-61.258100,GOES-19,2026-09-20 20:40:00
-3.035200,-61.258100,GOES-19,2026-09-20 20:50:00
-3.053500,-61.257800,GOES-19,2026-09-20 19:30:00
-3.053500,-61.257800,GOES-19,2026-09-20 20:20:00
-3.053500,-61.257800,GOES-19,2026-09-20 20:40:00
-3.053500,-61.257800,GOES-19,2026-09-20 20:50:00
-3.053500,-61.257800,GOES-19,2026-09-20 22:40:00
-3.163100,-61.199400,GOES-19,2026-09-20 18:10:00
-3.181400,-61.180200,GOES-19,2026-09-20 17:20:00
-3.181400,-61.180200,GOES-19,2026-09-20 17:30:00
-3.181400,-61.180200,GOES-19,2026-09-20 17:40:00
-3.181400,-61.180200,GOES-19,2026-09-20 17:50:00
-3.181400,-61.180200,GOES-19,2026-09-20 18:00:00
-3.181400,-61.180200,GOES-19,2026-09-20 18:10:00
-3.181400,-61.180200,GOES-19,2026-09-20 18:20:00
-3.181400,-61.180200,GOES-19,2026-09-20 19:20:00
-3.820900,-61.168500,GOES-19,2026-09-20 17:50:00
-3.820900,-61.168500,GOES-19,2026-09-20 18:00:00
-3.820900,-61.168500,GOES-19,2026-09-20 18:10:00
-3.820900,-61.168500,GOES-19,2026-09-20 18:20:00
-3.820900,-61.168500,GOES-19,2026-09-20 18:30:00
-3.820900,-61.168500,GOES-19,2026-09-20 18:40:00
-3.820900,-61.168500,GOES-19,2026-09-20 18:50:00
-3.820900,-61.168500,GOES-19,2026-09-20 19:00:00
-3.839200,-61.168200,GOES-19,2026-09-20 17:50:00
-3.839200,-61.168200,GOES-19,2026-09-20 18:00:00
-3.839200,-61.168200,GOES-19,2026-09-20 18:10:00
-3.071900,-61.163000,GOES-19,2026-09-20 17:20:00
-3.071900,-61.163000,GOES-19,2026-09-20 17:30:00
-3.071900,-61.163000,GOES-19,2026-09-20 17:50:00
-3.071900,-61.163000,GOES-19,2026-09-20 18:50:00
-3.071900,-61.163000,GOES-19,2026-09-20 19:10:00
-3.071900,-61.163000,GOES-19,2026-09-20 19:20:00
-3.071900,-61.163000,GOES-19,2026-09-20 19:30:00
-3.071900,-61.163000,GOES-19,2026-09-20 19:40:00
-3.071900,-61.163000,GOES-19,2026-09-20 19:50:00
-3.090200,-61.162800,GOES-19,2026-09-20 17:20:00
-3.090200,-61.162800,GOES-19,2026-09-20 18:00:00
-3.090200,-61.162800,GOES-19,2026-09-20 18:20:00
-3.090200,-61.162800,GOES-19,2026-09-20 19:00:00
-3.090200,-61.162800,GOES-19,2026-09-20 19:10:00
-3.090200,-61.162800,GOES-19,2026-09-20 19:20:00
-3.090200,-61.162800,GOES-19,2026-09-20 19:30:00
-3.090200,-61.162800,GOES-19,2026-09-20 19:40:00
-3.090200,-61.162800,GOES-19,2026-09-20 19:50:00
-3.181500,-61.161300,GOES-19,2026-09-20 17:50:00
-3.181500,-61.161300,GOES-19,2026-09-20 18:00:00
-3.181500,-61.161300,GOES-19,2026-09-20 18:20:00
-3.181500,-61.161300,GOES-19,2026-09-20 19:20:00
-3.181500,-61.161300,GOES-19,2026-09-20 19:40:00
-3.181500,-61.161300,GOES-19,2026-09-20 19:50:00
-3.218300,-61.047200,GOES-19,2026-09-20 18:10:00
-3.218300,-61.047200,GOES-19,2026-09-20 18:50:00
-3.218300,-61.047200,GOES-19,2026-09-20 19:30:00
-3.218300,-61.047200,GOES-19,2026-09-20 19:40:00
-3.785600,-60.752500,GOES-19,2026-09-20 18:40:00
4.389500,-60.682300,GOES-19,2026-09-20 18:50:00
4.389500,-60.682300,GOES-19,2026-09-20 19:10:00
4.389500,-60.682300,GOES-19,2026-09-20 19:20:00
4.389500,-60.682300,GOES-19,2026-09-20 19:40:00
4.371200,-60.682700,GOES-19,2026-09-20 19:20:00
-3.146200,-60.650600,GOES-19,2026-09-20 17:40:00
-3.146200,-60.650600,GOES-19,2026-09-20 18:30:00
-3.146200,-60.650600,GOES-19,2026-09-20 18:40:00
-3.676200,-60.640900,GOES-19,2026-09-20 18:20:00
-3.694500,-60.640500,GOES-19,2026-09-20 14:30:00
-3.694500,-60.640500,GOES-19,2026-09-20 14:40:00
-3.694600,-60.602500,GOES-19,2026-09-20 19:10:00
-3.694500,-60.640500,GOES-19,2026-09-20 15:00:00
-3.694500,-60.640500,GOES-19,2026-09-20 18:20:00
-3.694500,-60.640500,GOES-19,2026-09-20 18:50:00
-3.694500,-60.640500,GOES-19,2026-09-20 19:00:00
-3.694500,-60.640500,GOES-19,2026-09-20 19:10:00
-3.694500,-60.640500,GOES-19,2026-09-20 19:20:00
-3.694500,-60.640500,GOES-19,2026-09-20 19:40:00
-3.694500,-60.640500,GOES-19,2026-09-20 19:50:00
-3.694500,-60.640500,GOES-19,2026-09-20 20:00:00
-3.694500,-60.640500,GOES-19,2026-09-20 20:10:00
-3.694500,-60.640500,GOES-19,2026-09-20 20:20:00
-3.694500,-60.640500,GOES-19,2026-09-20 20:30:00
-3.676200,-60.621900,GOES-19,2026-09-20 14:20:00
-3.676200,-60.621900,GOES-19,2026-09-20 14:30:00
-3.676200,-60.621900,GOES-19,2026-09-20 14:40:00
-3.676200,-60.621900,GOES-19,2026-09-20 15:00:00
-3.676200,-60.621900,GOES-19,2026-09-20 18:20:00
-3.676200,-60.621900,GOES-19,2026-09-20 18:40:00
-3.676200,-60.621900,GOES-19,2026-09-20 18:50:00
-3.676200,-60.621900,GOES-19,2026-09-20 19:00:00
-3.676200,-60.621900,GOES-19,2026-09-20 19:10:00
-3.676200,-60.621900,GOES-19,2026-09-20 19:20:00
-3.676200,-60.621900,GOES-19,2026-09-20 19:40:00
-3.676200,-60.621900,GOES-19,2026-09-20 19:50:00
-3.676200,-60.621900,GOES-19,2026-09-20 20:00:00
-3.676200,-60.621900,GOES-19,2026-09-20 20:10:00
-3.676200,-60.621900,GOES-19,2026-09-20 20:20:00
-3.676200,-60.621900,GOES-19,2026-09-20 20:30:00
-3.676200,-60.621900,GOES-19,2026-09-20 20:50:00
-3.694500,-60.621500,GOES-19,2026-09-20 13:50:00
-3.694500,-60.621500,GOES-19,2026-09-20 14:10:00
-3.694500,-60.621500,GOES-19,2026-09-20 14:20:00
-3.694500,-60.621500,GOES-19,2026-09-20 14:30:00
-3.694500,-60.621500,GOES-19,2026-09-20 14:40:00
-3.694500,-60.621500,GOES-19,2026-09-20 18:30:00
-3.694500,-60.621500,GOES-19,2026-09-20 19:00:00
-3.694500,-60.621500,GOES-19,2026-09-20 19:20:00
-3.694500,-60.621500,GOES-19,2026-09-20 19:40:00
-3.694500,-60.621500,GOES-19,2026-09-20 19:50:00
-3.694500,-60.621500,GOES-19,2026-09-20 20:00:00
-3.694500,-60.621500,GOES-19,2026-09-20 20:10:00
-3.694500,-60.621500,GOES-19,2026-09-20 20:20:00
-3.694500,-60.621500,GOES-19,2026-09-20 20:30:00
-3.694500,-60.621500,GOES-19,2026-09-20 20:50:00
-3.676300,-60.602900,GOES-19,2026-09-20 14:10:00
-3.676300,-60.602900,GOES-19,2026-09-20 14:20:00
-3.676300,-60.602900,GOES-19,2026-09-20 14:30:00
-3.676300,-60.602900,GOES-19,2026-09-20 14:40:00
-3.676300,-60.602900,GOES-19,2026-09-20 15:00:00
-3.676300,-60.602900,GOES-19,2026-09-20 18:20:00
-3.676300,-60.602900,GOES-19,2026-09-20 18:40:00
-3.676300,-60.602900,GOES-19,2026-09-20 18:50:00
-3.676300,-60.602900,GOES-19,2026-09-20 19:00:00
-3.676300,-60.602900,GOES-19,2026-09-20 19:10:00
-3.676300,-60.602900,GOES-19,2026-09-20 19:20:00
-3.676300,-60.602900,GOES-19,2026-09-20 19:40:00
-3.676300,-60.602900,GOES-19,2026-09-20 19:50:00
-3.676300,-60.602900,GOES-19,2026-09-20 20:00:00
-3.676300,-60.602900,GOES-19,2026-09-20 20:10:00
-3.676300,-60.602900,GOES-19,2026-09-20 20:20:00
-3.676300,-60.602900,GOES-19,2026-09-20 20:30:00
-3.676300,-60.602900,GOES-19,2026-09-20 20:50:00
-3.694600,-60.602500,GOES-19,2026-09-20 13:50:00
-3.694600,-60.602500,GOES-19,2026-09-20 14:10:00
-3.694600,-60.602500,GOES-19,2026-09-20 14:20:00
-3.694600,-60.602500,GOES-19,2026-09-20 14:30:00
-3.694600,-60.602500,GOES-19,2026-09-20 14:40:00
-3.694600,-60.602500,GOES-19,2026-09-20 15:00:00
-3.694600,-60.602500,GOES-19,2026-09-20 18:30:00
-3.694600,-60.602500,GOES-19,2026-09-20 18:40:00
-3.694600,-60.602500,GOES-19,2026-09-20 18:50:00
-3.694600,-60.602500,GOES-19,2026-09-20 19:00:00
-3.694600,-60.602500,GOES-19,2026-09-20 19:20:00
-3.694600,-60.602500,GOES-19,2026-09-20 19:40:00
-3.694600,-60.602500,GOES-19,2026-09-20 19:50:00
-3.694600,-60.602500,GOES-19,2026-09-20 20:00:00
-3.694600,-60.602500,GOES-19,2026-09-20 20:10:00
-3.694600,-60.602500,GOES-19,2026-09-20 20:20:00
-3.694600,-60.602500,GOES-19,2026-09-20 20:30:00
-3.694600,-60.602500,GOES-19,2026-09-20 20:50:00
-3.712900,-60.602200,GOES-19,2026-09-20 13:50:00
-3.712900,-60.602200,GOES-19,2026-09-20 18:50:00
-3.712900,-60.602200,GOES-19,2026-09-20 19:10:00
-3.712900,-60.602200,GOES-19,2026-09-20 19:20:00
-3.712900,-60.602200,GOES-19,2026-09-20 19:50:00
-3.712900,-60.602200,GOES-19,2026-09-20 20:00:00
-3.712900,-60.602200,GOES-19,2026-09-20 20:10:00
-3.694600,-60.583500,GOES-19,2026-09-20 13:50:00
-3.694600,-60.583500,GOES-19,2026-09-20 14:10:00
-3.694600,-60.583500,GOES-19,2026-09-20 14:20:00
-3.694600,-60.583500,GOES-19,2026-09-20 14:30:00
-3.694600,-60.583500,GOES-19,2026-09-20 14:40:00
-3.694600,-60.583500,GOES-19,2026-09-20 15:00:00
-3.694600,-60.583500,GOES-19,2026-09-20 18:20:00
-3.694600,-60.583500,GOES-19,2026-09-20 18:30:00
-3.694600,-60.583500,GOES-19,2026-09-20 18:40:00
-3.694600,-60.583500,GOES-19,2026-09-20 18:50:00
-3.694600,-60.583500,GOES-19,2026-09-20 19:00:00
-3.694600,-60.583500,GOES-19,2026-09-20 19:10:00
-3.694600,-60.583500,GOES-19,2026-09-20 19:20:00
-3.694600,-60.583500,GOES-19,2026-09-20 19:50:00
-3.694600,-60.583500,GOES-19,2026-09-20 20:00:00
-3.694600,-60.583500,GOES-19,2026-09-20 20:10:00
-3.694600,-60.583500,GOES-19,2026-09-20 20:20:00
-3.694600,-60.583500,GOES-19,2026-09-20 20:30:00
-3.694600,-60.583500,GOES-19,2026-09-20 20:50:00
-3.712900,-60.583200,GOES-19,2026-09-20 13:50:00
-3.712900,-60.583200,GOES-19,2026-09-20 14:10:00
-3.712900,-60.583200,GOES-19,2026-09-20 18:50:00
-3.712900,-60.583200,GOES-19,2026-09-20 19:10:00
-3.712900,-60.583200,GOES-19,2026-09-20 19:50:00
-3.712900,-60.583200,GOES-19,2026-09-20 20:00:00
-3.712900,-60.583200,GOES-19,2026-09-20 20:10:00
-3.712900,-60.583200,GOES-19,2026-09-20 20:20:00
-3.712900,-60.583200,GOES-19,2026-09-20 20:30:00
-3.712900,-60.583200,GOES-19,2026-09-20 20:50:00
-3.603300,-60.566400,GOES-19,2026-09-20 18:10:00
-3.603300,-60.566400,GOES-19,2026-09-20 18:20:00
-3.621500,-60.566000,GOES-19,2026-09-20 15:30:00
-3.621500,-60.566000,GOES-19,2026-09-20 16:00:00
-3.621500,-60.566000,GOES-19,2026-09-20 18:00:00
-3.621500,-60.566000,GOES-19,2026-09-20 18:10:00
-3.621500,-60.566000,GOES-19,2026-09-20 18:20:00
-3.621500,-60.566000,GOES-19,2026-09-20 18:30:00
-3.621500,-60.566000,GOES-19,2026-09-20 18:40:00
-3.621500,-60.566000,GOES-19,2026-09-20 18:50:00
-3.621500,-60.566000,GOES-19,2026-09-20 19:00:00
-3.621500,-60.566000,GOES-19,2026-09-20 19:10:00
-3.621500,-60.566000,GOES-19,2026-09-20 19:20:00
-3.639800,-60.565600,GOES-19,2026-09-20 19:10:00
-3.694700,-60.564500,GOES-19,2026-09-20 13:50:00
-3.694700,-60.564500,GOES-19,2026-09-20 14:10:00
-3.694700,-60.564500,GOES-19,2026-09-20 14:20:00
-3.694700,-60.564500,GOES-19,2026-09-20 14:30:00
-3.694700,-60.564500,GOES-19,2026-09-20 15:00:00
-3.694700,-60.564500,GOES-19,2026-09-20 18:20:00
-3.694700,-60.564500,GOES-19,2026-09-20 18:30:00
-3.694700,-60.564500,GOES-19,2026-09-20 18:40:00
-3.694700,-60.564500,GOES-19,2026-09-20 18:50:00
-3.694700,-60.564500,GOES-19,2026-09-20 19:00:00
-3.694700,-60.564500,GOES-19,2026-09-20 19:10:00
-3.694700,-60.564500,GOES-19,2026-09-20 19:40:00
-3.694700,-60.564500,GOES-19,2026-09-20 19:50:00
-3.694700,-60.564500,GOES-19,2026-09-20 20:00:00
-3.694700,-60.564500,GOES-19,2026-09-20 20:10:00
-3.694700,-60.564500,GOES-19,2026-09-20 20:20:00
-3.694700,-60.564500,GOES-19,2026-09-20 20:30:00
-3.694700,-60.564500,GOES-19,2026-09-20 20:50:00
-3.713000,-60.564200,GOES-19,2026-09-20 13:10:00
-3.713000,-60.564200,GOES-19,2026-09-20 13:20:00
-3.713000,-60.564200,GOES-19,2026-09-20 13:30:00
-3.713000,-60.564200,GOES-19,2026-09-20 13:40:00
-3.713000,-60.564200,GOES-19,2026-09-20 13:50:00
-3.713000,-60.564200,GOES-19,2026-09-20 14:00:00
-3.713000,-60.564200,GOES-19,2026-09-20 14:10:00
-3.713000,-60.564200,GOES-19,2026-09-20 14:20:00
-3.713000,-60.564200,GOES-19,2026-09-20 14:30:00
-3.713000,-60.564200,GOES-19,2026-09-20 14:40:00
-3.713000,-60.564200,GOES-19,2026-09-20 14:50:00
-3.713000,-60.564200,GOES-19,2026-09-20 16:10:00
-3.713000,-60.564200,GOES-19,2026-09-20 16:20:00
-3.713000,-60.564200,GOES-19,2026-09-20 16:40:00
-3.713000,-60.564200,GOES-19,2026-09-20 18:20:00
-3.713000,-60.564200,GOES-19,2026-09-20 18:30:00
-3.713000,-60.564200,GOES-19,2026-09-20 18:50:00
-3.713000,-60.564200,GOES-19,2026-09-20 19:00:00
-3.713000,-60.564200,GOES-19,2026-09-20 19:20:00
-3.713000,-60.564200,GOES-19,2026-09-20 19:40:00
-3.713000,-60.564200,GOES-19,2026-09-20 19:50:00
-3.713000,-60.564200,GOES-19,2026-09-20 20:00:00
-3.713000,-60.564200,GOES-19,2026-09-20 20:10:00
-3.713000,-60.564200,GOES-19,2026-09-20 20:20:00
-3.713000,-60.564200,GOES-19,2026-09-20 20:30:00
-9.184600,-60.312800,GOES-19,2026-09-20 15:00:00
-9.184600,-60.312800,GOES-19,2026-09-20 15:10:00
-9.184600,-60.312800,GOES-19,2026-09-20 15:20:00
-9.166100,-60.294500,GOES-19,2026-09-20 15:00:00
-9.166100,-60.294500,GOES-19,2026-09-20 15:10:00
-9.166100,-60.294500,GOES-19,2026-09-20 15:20:00
3.749800,-60.468400,GOES-19,2026-09-20 15:00:00
-3.403200,-60.190000,GOES-19,2026-09-20 18:10:00
-3.403200,-60.190000,GOES-19,2026-09-20 18:20:00
-3.403200,-60.190000,GOES-19,2026-09-20 18:30:00
-3.403200,-60.190000,GOES-19,2026-09-20 18:40:00
-3.403200,-60.190000,GOES-19,2026-09-20 18:50:00
-3.421500,-60.189600,GOES-19,2026-09-20 18:40:00
-3.421500,-60.189600,GOES-19,2026-09-20 18:50:00
-6.319400,-60.033900,GOES-19,2026-09-20 20:20:00
2.891700,-60.103800,GOES-19,2026-09-20 15:50:00
-6.301100,-60.015400,GOES-19,2026-09-20 20:20:00
-6.319500,-60.014700,GOES-19,2026-09-20 20:20:00
-6.688000,-60.001200,GOES-19,2026-09-20 18:10:00
-6.301200,-59.996200,GOES-19,2026-09-20 20:20:00
-6.319600,-59.995600,GOES-19,2026-09-20 15:30:00
-6.430100,-59.991600,GOES-19,2026-09-20 14:10:00
-6.448500,-59.990900,GOES-19,2026-09-20 14:10:00
-6.467000,-59.990200,GOES-19,2026-09-20 14:10:00
-6.430200,-59.972400,GOES-19,2026-09-20 14:10:00
-6.448600,-59.971700,GOES-19,2026-09-20 14:10:00
-6.467100,-59.971100,GOES-19,2026-09-20 14:10:00
-6.651300,-59.964200,GOES-19,2026-09-20 18:10:00
-6.651300,-59.964200,GOES-19,2026-09-20 18:20:00
-6.651300,-59.964200,GOES-19,2026-09-20 18:30:00
-6.651300,-59.964200,GOES-19,2026-09-20 18:40:00
-6.301300,-59.977100,GOES-19,2026-09-20 15:30:00
-6.301300,-59.977100,GOES-19,2026-09-20 15:40:00
-6.301300,-59.977100,GOES-19,2026-09-20 20:20:00
-6.651400,-59.945000,GOES-19,2026-09-20 18:10:00
-6.651400,-59.945000,GOES-19,2026-09-20 18:20:00
-6.651400,-59.945000,GOES-19,2026-09-20 18:40:00
-6.301400,-59.957900,GOES-19,2026-09-20 15:30:00
-6.301400,-59.957900,GOES-19,2026-09-20 20:20:00
-6.319800,-59.957200,GOES-19,2026-09-20 15:30:00
-6.301500,-59.938700,GOES-19,2026-09-20 14:50:00
-6.301500,-59.938700,GOES-19,2026-09-20 15:00:00
-6.301500,-59.938700,GOES-19,2026-09-20 15:10:00
-6.301500,-59.938700,GOES-19,2026-09-20 15:50:00
-6.301500,-59.938700,GOES-19,2026-09-20 20:20:00
-6.338300,-59.937400,GOES-19,2026-09-20 13:30:00
-6.338300,-59.937400,GOES-19,2026-09-20 13:40:00
-6.338300,-59.937400,GOES-19,2026-09-20 13:50:00
-6.338300,-59.937400,GOES-19,2026-09-20 14:00:00
-6.338300,-59.937400,GOES-19,2026-09-20 14:10:00
-6.338300,-59.937400,GOES-19,2026-09-20 14:20:00
-6.338300,-59.937400,GOES-19,2026-09-20 14:30:00
-6.338300,-59.937400,GOES-19,2026-09-20 14:40:00
-6.338300,-59.937400,GOES-19,2026-09-20 14:50:00
-6.338300,-59.937400,GOES-19,2026-09-20 15:00:00
-6.338300,-59.937400,GOES-19,2026-09-20 15:10:00
-6.338300,-59.937400,GOES-19,2026-09-20 15:20:00
-6.338300,-59.937400,GOES-19,2026-09-20 15:30:00
-6.283200,-59.920200,GOES-19,2026-09-20 20:20:00
-6.301600,-59.919600,GOES-19,2026-09-20 20:20:00
-5.933600,-59.932400,GOES-19,2026-09-20 14:10:00
-5.933600,-59.932400,GOES-19,2026-09-20 14:20:00
-5.933600,-59.932400,GOES-19,2026-09-20 17:50:00
-5.933600,-59.932400,GOES-19,2026-09-20 18:00:00
-5.933600,-59.932400,GOES-19,2026-09-20 18:50:00
3.824500,-59.971800,GOES-19,2026-09-20 14:50:00
3.824500,-59.971800,GOES-19,2026-09-20 15:00:00
3.824500,-59.971800,GOES-19,2026-09-20 15:10:00
-3.495200,-59.978600,GOES-19,2026-09-20 18:10:00
-3.495200,-59.978600,GOES-19,2026-09-20 18:30:00
-3.495200,-59.978600,GOES-19,2026-09-20 18:40:00
-3.495200,-59.978600,GOES-19,2026-09-20 19:00:00
-3.513500,-59.959200,GOES-19,2026-09-20 16:00:00
-3.513500,-59.959200,GOES-19,2026-09-20 18:00:00
-3.513500,-59.959200,GOES-19,2026-09-20 18:10:00
-3.513500,-59.959200,GOES-19,2026-09-20 18:20:00
-3.513500,-59.959200,GOES-19,2026-09-20 18:40:00
-3.513500,-59.959200,GOES-19,2026-09-20 19:00:00
-4.154100,-59.926100,GOES-19,2026-09-20 18:10:00
-4.154100,-59.926100,GOES-19,2026-09-20 18:20:00
-4.154100,-59.926100,GOES-19,2026-09-20 18:30:00
-4.154100,-59.926100,GOES-19,2026-09-20 18:40:00
-4.154100,-59.926100,GOES-19,2026-09-20 18:50:00
-4.154100,-59.926100,GOES-19,2026-09-20 19:00:00
-3.495300,-59.940400,GOES-19,2026-09-20 18:00:00
-3.495300,-59.940400,GOES-19,2026-09-20 18:10:00
-3.495300,-59.940400,GOES-19,2026-09-20 18:20:00
-3.495300,-59.940400,GOES-19,2026-09-20 18:30:00
-3.495300,-59.940400,GOES-19,2026-09-20 18:40:00
-3.495300,-59.940400,GOES-19,2026-09-20 19:00:00
-3.513600,-59.940100,GOES-19,2026-09-20 16:00:00
-3.513600,-59.940100,GOES-19,2026-09-20 17:50:00
-3.513600,-59.940100,GOES-19,2026-09-20 18:00:00
-3.513600,-59.940100,GOES-19,2026-09-20 18:10:00
-3.513600,-59.940100,GOES-19,2026-09-20 18:20:00
-3.513600,-59.940100,GOES-19,2026-09-20 18:30:00
-3.513600,-59.940100,GOES-19,2026-09-20 19:00:00
-3.531900,-59.939700,GOES-19,2026-09-20 18:10:00
-3.531900,-59.939700,GOES-19,2026-09-20 18:30:00
-3.531900,-59.939700,GOES-19,2026-09-20 18:40:00
-3.531900,-59.939700,GOES-19,2026-09-20 19:00:00
-3.495400,-59.921400,GOES-19,2026-09-20 18:00:00
-3.495400,-59.921400,GOES-19,2026-09-20 18:10:00
-3.495400,-59.921400,GOES-19,2026-09-20 18:20:00
-3.495400,-59.921400,GOES-19,2026-09-20 18:30:00
-3.495400,-59.921400,GOES-19,2026-09-20 18:40:00
-3.495400,-59.921400,GOES-19,2026-09-20 18:50:00
-3.495400,-59.921400,GOES-19,2026-09-20 19:00:00
-3.513600,-59.921000,GOES-19,2026-09-20 18:00:00
-3.513600,-59.921000,GOES-19,2026-09-20 18:10:00
-3.513600,-59.921000,GOES-19,2026-09-20 18:20:00
-3.513600,-59.921000,GOES-19,2026-09-20 18:30:00
-3.513600,-59.921000,GOES-19,2026-09-20 18:40:00
-3.513600,-59.921000,GOES-19,2026-09-20 18:50:00
-3.513600,-59.921000,GOES-19,2026-09-20 19:00:00
-3.513600,-59.921000,GOES-19,2026-09-20 19:10:00
-3.513600,-59.921000,GOES-19,2026-09-20 19:20:00
-3.513600,-59.921000,GOES-19,2026-09-20 19:30:00
-3.513600,-59.921000,GOES-19,2026-09-20 19:40:00
-3.513600,-59.921000,GOES-19,2026-09-20 19:50:00
-3.349200,-59.886100,GOES-19,2026-09-20 14:10:00
-3.349200,-59.886100,GOES-19,2026-09-20 14:30:00
-3.349200,-59.886100,GOES-19,2026-09-20 18:20:00
-3.349200,-59.886100,GOES-19,2026-09-20 18:30:00
-3.349200,-59.886100,GOES-19,2026-09-20 18:40:00
-3.349200,-59.886100,GOES-19,2026-09-20 18:50:00
-3.349200,-59.886100,GOES-19,2026-09-20 19:00:00
-3.367500,-59.885700,GOES-19,2026-09-20 14:10:00
-3.367500,-59.885700,GOES-19,2026-09-20 14:30:00
-3.367500,-59.885700,GOES-19,2026-09-20 18:20:00
-3.367500,-59.885700,GOES-19,2026-09-20 18:40:00
-3.367500,-59.885700,GOES-19,2026-09-20 19:00:00
-3.349200,-59.867000,GOES-19,2026-09-20 14:10:00
-3.349200,-59.867000,GOES-19,2026-09-20 14:30:00
-3.349200,-59.867000,GOES-19,2026-09-20 18:10:00
-3.349200,-59.867000,GOES-19,2026-09-20 18:20:00
-3.349200,-59.867000,GOES-19,2026-09-20 18:30:00
-3.349200,-59.867000,GOES-19,2026-09-20 18:40:00
-3.349200,-59.867000,GOES-19,2026-09-20 18:50:00
-3.349200,-59.867000,GOES-19,2026-09-20 19:00:00
-3.349200,-59.867000,GOES-19,2026-09-20 19:10:00
-3.349200,-59.867000,GOES-19,2026-09-20 19:20:00
-3.349200,-59.867000,GOES-19,2026-09-20 19:30:00
-3.349200,-59.867000,GOES-19,2026-09-20 19:40:00
-3.349200,-59.867000,GOES-19,2026-09-20 19:50:00
-3.367500,-59.866600,GOES-19,2026-09-20 14:10:00
-3.367500,-59.866600,GOES-19,2026-09-20 14:30:00
-3.367500,-59.866600,GOES-19,2026-09-20 18:10:00
-3.367500,-59.866600,GOES-19,2026-09-20 18:20:00
-3.367500,-59.866600,GOES-19,2026-09-20 18:30:00
-3.367500,-59.866600,GOES-19,2026-09-20 18:40:00
-3.367500,-59.866600,GOES-19,2026-09-20 19:10:00
-3.367500,-59.866600,GOES-19,2026-09-20 19:20:00
-3.367500,-59.866600,GOES-19,2026-09-20 19:30:00
-3.367500,-59.866600,GOES-19,2026-09-20 19:40:00
-3.367500,-59.866600,GOES-19,2026-09-20 19:50:00
-3.331000,-59.848300,GOES-19,2026-09-20 18:00:00
-3.331000,-59.848300,GOES-19,2026-09-20 18:10:00
-3.331000,-59.848300,GOES-19,2026-09-20 18:20:00
-3.331000,-59.848300,GOES-19,2026-09-20 18:30:00
-3.331000,-59.848300,GOES-19,2026-09-20 18:40:00
-3.331000,-59.848300,GOES-19,2026-09-20 18:50:00
-3.331000,-59.848300,GOES-19,2026-09-20 19:00:00
-3.331000,-59.848300,GOES-19,2026-09-20 19:10:00
-3.331000,-59.848300,GOES-19,2026-09-20 19:20:00
-3.331000,-59.848300,GOES-19,2026-09-20 19:30:00
-3.331000,-59.848300,GOES-19,2026-09-20 19:40:00
-3.331000,-59.848300,GOES-19,2026-09-20 19:50:00
-3.349300,-59.847900,GOES-19,2026-09-20 14:10:00
-3.349300,-59.847900,GOES-19,2026-09-20 14:30:00
-3.349300,-59.847900,GOES-19,2026-09-20 18:00:00
-3.349300,-59.847900,GOES-19,2026-09-20 18:10:00
-3.349300,-59.847900,GOES-19,2026-09-20 18:20:00
-3.349300,-59.847900,GOES-19,2026-09-20 18:30:00
-3.349300,-59.847900,GOES-19,2026-09-20 18:40:00
-3.349300,-59.847900,GOES-19,2026-09-20 18:50:00
-3.349300,-59.847900,GOES-19,2026-09-20 19:00:00
-3.349300,-59.847900,GOES-19,2026-09-20 19:10:00
-3.349300,-59.847900,GOES-19,2026-09-20 19:20:00
-3.349300,-59.847900,GOES-19,2026-09-20 19:30:00
-3.349300,-59.847900,GOES-19,2026-09-20 19:40:00
-3.349300,-59.847900,GOES-19,2026-09-20 19:50:00
-6.947500,-59.741400,GOES-19,2026-09-20 14:30:00
-6.929100,-59.742200,GOES-19,2026-09-20 14:30:00
-6.929100,-59.742200,GOES-19,2026-09-20 15:10:00
-6.929100,-59.742200,GOES-19,2026-09-20 15:20:00
-6.929100,-59.742200,GOES-19,2026-09-20 16:00:00
-3.331000,-59.829200,GOES-19,2026-09-20 14:10:00
-3.331000,-59.829200,GOES-19,2026-09-20 14:30:00
-3.331000,-59.829200,GOES-19,2026-09-20 18:00:00
-3.331000,-59.829200,GOES-19,2026-09-20 18:10:00
-3.331000,-59.829200,GOES-19,2026-09-20 18:20:00
-3.331000,-59.829200,GOES-19,2026-09-20 18:30:00
-3.331000,-59.829200,GOES-19,2026-09-20 18:40:00
-3.331000,-59.829200,GOES-19,2026-09-20 18:50:00
-3.331000,-59.829200,GOES-19,2026-09-20 19:00:00
-3.331000,-59.829200,GOES-19,2026-09-20 19:10:00
-3.331000,-59.829200,GOES-19,2026-09-20 19:20:00
-3.331000,-59.829200,GOES-19,2026-09-20 19:30:00
-3.331000,-59.829200,GOES-19,2026-09-20 19:40:00
-3.331000,-59.829200,GOES-19,2026-09-20 19:50:00
-3.349300,-59.828800,GOES-19,2026-09-20 14:10:00
-3.349300,-59.828800,GOES-19,2026-09-20 18:10:00
-3.349300,-59.828800,GOES-19,2026-09-20 18:20:00
-3.349300,-59.828800,GOES-19,2026-09-20 18:30:00
-3.349300,-59.828800,GOES-19,2026-09-20 18:40:00
-3.349300,-59.828800,GOES-19,2026-09-20 18:50:00
-3.349300,-59.828800,GOES-19,2026-09-20 19:00:00
-3.349300,-59.828800,GOES-19,2026-09-20 19:10:00
-3.349300,-59.828800,GOES-19,2026-09-20 19:20:00
-3.349300,-59.828800,GOES-19,2026-09-20 19:30:00
-3.349300,-59.828800,GOES-19,2026-09-20 19:40:00
-3.349300,-59.828800,GOES-19,2026-09-20 19:50:00
-3.367600,-59.828500,GOES-19,2026-09-20 15:20:00
-3.367600,-59.828500,GOES-19,2026-09-20 17:30:00
-3.367600,-59.828500,GOES-19,2026-09-20 17:50:00
-3.367600,-59.828500,GOES-19,2026-09-20 18:00:00
-3.331100,-59.810100,GOES-19,2026-09-20 18:00:00
-3.331100,-59.810100,GOES-19,2026-09-20 18:10:00
-3.331100,-59.810100,GOES-19,2026-09-20 18:20:00
-3.331100,-59.810100,GOES-19,2026-09-20 18:30:00
-3.331100,-59.810100,GOES-19,2026-09-20 18:40:00
-3.331100,-59.810100,GOES-19,2026-09-20 18:50:00
-3.331100,-59.810100,GOES-19,2026-09-20 19:00:00
-3.349400,-59.809700,GOES-19,2026-09-20 14:30:00
-3.349400,-59.809700,GOES-19,2026-09-20 18:00:00
-3.349400,-59.809700,GOES-19,2026-09-20 18:10:00
-3.349400,-59.809700,GOES-19,2026-09-20 18:20:00
-3.349400,-59.809700,GOES-19,2026-09-20 18:30:00
-6.984700,-59.682200,GOES-19,2026-09-20 15:40:00
-6.984700,-59.682200,GOES-19,2026-09-20 16:00:00
-7.132500,-59.656900,GOES-19,2026-09-20 15:50:00
-3.788700,-59.705200,GOES-19,2026-09-20 19:10:00
-3.770500,-59.686500,GOES-19,2026-09-20 18:20:00
-3.770500,-59.686500,GOES-19,2026-09-20 18:40:00
-3.770500,-59.686500,GOES-19,2026-09-20 18:50:00
-3.770500,-59.686500,GOES-19,2026-09-20 19:00:00
-3.770500,-59.686500,GOES-19,2026-09-20 19:10:00
-3.770500,-59.686500,GOES-19,2026-09-20 19:20:00
-3.770500,-59.686500,GOES-19,2026-09-20 19:30:00
-3.770500,-59.686500,GOES-19,2026-09-20 19:40:00
-3.770500,-59.686500,GOES-19,2026-09-20 19:50:00
-3.807300,-59.609200,GOES-19,2026-09-20 15:10:00
-3.807300,-59.609200,GOES-19,2026-09-20 15:20:00
-3.807300,-59.609200,GOES-19,2026-09-20 15:30:00
-3.807300,-59.609200,GOES-19,2026-09-20 15:40:00
-3.807300,-59.609200,GOES-19,2026-09-20 16:00:00
-3.478000,-59.597000,GOES-19,2026-09-20 19:10:00
-3.478000,-59.597000,GOES-19,2026-09-20 19:20:00
-3.478000,-59.597000,GOES-19,2026-09-20 19:30:00
-3.478000,-59.597000,GOES-19,2026-09-20 19:40:00
-3.478000,-59.597000,GOES-19,2026-09-20 19:50:00
-3.478000,-59.597000,GOES-19,2026-09-20 20:30:00
-3.478000,-59.597000,GOES-19,2026-09-20 20:40:00
-3.478000,-59.597000,GOES-19,2026-09-20 20:50:00
-3.478000,-59.597000,GOES-19,2026-09-20 21:00:00
-3.496300,-59.596700,GOES-19,2026-09-20 19:20:00
-3.496300,-59.596700,GOES-19,2026-09-20 19:30:00
-3.496300,-59.596700,GOES-19,2026-09-20 19:40:00
-3.496300,-59.596700,GOES-19,2026-09-20 19:50:00
-3.496300,-59.596700,GOES-19,2026-09-20 20:30:00
-3.496300,-59.596700,GOES-19,2026-09-20 20:40:00
-3.496300,-59.596700,GOES-19,2026-09-20 20:50:00
-3.496300,-59.596700,GOES-19,2026-09-20 21:00:00
-3.478000,-59.577900,GOES-19,2026-09-20 19:10:00
-3.478000,-59.577900,GOES-19,2026-09-20 19:20:00
-3.478000,-59.577900,GOES-19,2026-09-20 19:30:00
-3.478000,-59.577900,GOES-19,2026-09-20 19:40:00
-3.478000,-59.577900,GOES-19,2026-09-20 19:50:00
-3.478000,-59.577900,GOES-19,2026-09-20 20:30:00
-3.478000,-59.577900,GOES-19,2026-09-20 20:40:00
-3.478000,-59.577900,GOES-19,2026-09-20 20:50:00
-3.478000,-59.577900,GOES-19,2026-09-20 21:00:00
-3.496300,-59.577500,GOES-19,2026-09-20 13:30:00
-3.496300,-59.577500,GOES-19,2026-09-20 13:40:00
-3.496300,-59.577500,GOES-19,2026-09-20 14:00:00
-3.496300,-59.577500,GOES-19,2026-09-20 15:10:00
-3.496300,-59.577500,GOES-19,2026-09-20 19:10:00
-3.496300,-59.577500,GOES-19,2026-09-20 19:20:00
-3.496300,-59.577500,GOES-19,2026-09-20 19:30:00
-3.496300,-59.577500,GOES-19,2026-09-20 19:40:00
-3.496300,-59.577500,GOES-19,2026-09-20 19:50:00
-3.496300,-59.577500,GOES-19,2026-09-20 20:30:00
-3.496300,-59.577500,GOES-19,2026-09-20 20:40:00
-3.496300,-59.577500,GOES-19,2026-09-20 20:50:00
-3.496300,-59.577500,GOES-19,2026-09-20 21:00:00
-3.478100,-59.558800,GOES-19,2026-09-20 13:20:00
-3.478100,-59.558800,GOES-19,2026-09-20 13:30:00
-3.478100,-59.558800,GOES-19,2026-09-20 13:40:00
-3.478100,-59.558800,GOES-19,2026-09-20 13:50:00
-3.478100,-59.558800,GOES-19,2026-09-20 14:00:00
-3.478100,-59.558800,GOES-19,2026-09-20 14:10:00
-3.478100,-59.558800,GOES-19,2026-09-20 14:30:00
-3.478100,-59.558800,GOES-19,2026-09-20 14:50:00
-3.478100,-59.558800,GOES-19,2026-09-20 18:40:00
-3.478100,-59.558800,GOES-19,2026-09-20 19:10:00
-3.478100,-59.558800,GOES-19,2026-09-20 19:20:00
-3.478100,-59.558800,GOES-19,2026-09-20 19:30:00
-3.478100,-59.558800,GOES-19,2026-09-20 19:40:00
-3.478100,-59.558800,GOES-19,2026-09-20 19:50:00
-3.478100,-59.558800,GOES-19,2026-09-20 20:30:00
-3.478100,-59.558800,GOES-19,2026-09-20 20:40:00
-3.478100,-59.558800,GOES-19,2026-09-20 20:50:00
-3.496400,-59.558400,GOES-19,2026-09-20 13:20:00
-3.496400,-59.558400,GOES-19,2026-09-20 13:30:00
-3.496400,-59.558400,GOES-19,2026-09-20 13:40:00
-3.496400,-59.558400,GOES-19,2026-09-20 13:50:00
-3.496400,-59.558400,GOES-19,2026-09-20 14:00:00
-3.496400,-59.558400,GOES-19,2026-09-20 14:10:00
-3.496400,-59.558400,GOES-19,2026-09-20 14:20:00
-3.496400,-59.558400,GOES-19,2026-09-20 14:40:00
-3.496400,-59.558400,GOES-19,2026-09-20 14:50:00
-3.496400,-59.558400,GOES-19,2026-09-20 15:00:00
-3.496400,-59.558400,GOES-19,2026-09-20 16:00:00
-3.496400,-59.558400,GOES-19,2026-09-20 18:20:00
-3.496400,-59.558400,GOES-19,2026-09-20 18:40:00
-3.496400,-59.558400,GOES-19,2026-09-20 19:10:00
-3.496400,-59.558400,GOES-19,2026-09-20 19:20:00
-3.496400,-59.558400,GOES-19,2026-09-20 19:30:00
-3.496400,-59.558400,GOES-19,2026-09-20 19:40:00
-3.496400,-59.558400,GOES-19,2026-09-20 19:50:00
-3.496400,-59.558400,GOES-19,2026-09-20 20:30:00
-3.496400,-59.558400,GOES-19,2026-09-20 20:40:00
-3.496400,-59.558400,GOES-19,2026-09-20 20:50:00
-3.496400,-59.558400,GOES-19,2026-09-20 21:00:00
-3.295400,-59.466700,GOES-19,2026-09-20 14:20:00
-3.295400,-59.466700,GOES-19,2026-09-20 14:30:00
-3.295400,-59.466700,GOES-19,2026-09-20 14:40:00
-3.295400,-59.466700,GOES-19,2026-09-20 14:50:00
-3.295400,-59.466700,GOES-19,2026-09-20 15:00:00
-3.295400,-59.466700,GOES-19,2026-09-20 15:10:00
-3.295400,-59.466700,GOES-19,2026-09-20 15:20:00
-3.295400,-59.466700,GOES-19,2026-09-20 15:30:00
-3.295400,-59.466700,GOES-19,2026-09-20 15:40:00
-3.295400,-59.466700,GOES-19,2026-09-20 15:50:00
-3.295400,-59.466700,GOES-19,2026-09-20 16:00:00
-3.295400,-59.466700,GOES-19,2026-09-20 17:50:00
-3.295400,-59.466700,GOES-19,2026-09-20 18:00:00
-3.295400,-59.466700,GOES-19,2026-09-20 18:10:00
-3.295400,-59.466700,GOES-19,2026-09-20 18:20:00
-3.295400,-59.466700,GOES-19,2026-09-20 18:40:00
-3.295400,-59.466700,GOES-19,2026-09-20 18:50:00
-3.313700,-59.466400,GOES-19,2026-09-20 13:50:00
-3.313700,-59.466400,GOES-19,2026-09-20 14:00:00
-3.313700,-59.466400,GOES-19,2026-09-20 14:10:00
-3.313700,-59.466400,GOES-19,2026-09-20 14:30:00
-3.313700,-59.466400,GOES-19,2026-09-20 14:40:00
-3.313700,-59.466400,GOES-19,2026-09-20 14:50:00
-3.313700,-59.466400,GOES-19,2026-09-20 15:00:00
-3.313700,-59.466400,GOES-19,2026-09-20 15:20:00
-3.313700,-59.466400,GOES-19,2026-09-20 18:20:00
-3.313700,-59.466400,GOES-19,2026-09-20 18:30:00
-3.313700,-59.466400,GOES-19,2026-09-20 18:40:00
-3.313700,-59.466400,GOES-19,2026-09-20 18:50:00
-3.313700,-59.466400,GOES-19,2026-09-20 19:00:00
-3.313700,-59.466400,GOES-19,2026-09-20 19:10:00
-3.313700,-59.466400,GOES-19,2026-09-20 19:20:00
-3.313700,-59.466400,GOES-19,2026-09-20 19:30:00
-3.332000,-59.466000,GOES-19,2026-09-20 15:00:00
-3.332000,-59.466000,GOES-19,2026-09-20 18:20:00
-2.893200,-59.454900,GOES-19,2026-09-20 15:50:00
-3.295500,-59.447600,GOES-19,2026-09-20 14:50:00
-3.295500,-59.447600,GOES-19,2026-09-20 15:00:00
-3.295500,-59.447600,GOES-19,2026-09-20 15:10:00
-3.295500,-59.447600,GOES-19,2026-09-20 15:20:00
-3.295500,-59.447600,GOES-19,2026-09-20 18:20:00
-3.295500,-59.447600,GOES-19,2026-09-20 18:40:00
-3.295500,-59.447600,GOES-19,2026-09-20 18:50:00
-3.295500,-59.447600,GOES-19,2026-09-20 19:10:00
-3.313800,-59.447200,GOES-19,2026-09-20 14:50:00
-3.313800,-59.447200,GOES-19,2026-09-20 15:00:00
-3.313800,-59.447200,GOES-19,2026-09-20 15:20:00
-3.313800,-59.447200,GOES-19,2026-09-20 18:20:00
-3.313800,-59.447200,GOES-19,2026-09-20 18:40:00
-3.313800,-59.447200,GOES-19,2026-09-20 18:50:00
-3.313800,-59.447200,GOES-19,2026-09-20 19:10:00
-3.332100,-59.446900,GOES-19,2026-09-20 14:50:00
-3.332100,-59.446900,GOES-19,2026-09-20 15:00:00
-3.332100,-59.446900,GOES-19,2026-09-20 15:10:00
-3.332100,-59.446900,GOES-19,2026-09-20 15:20:00
-3.332100,-59.446900,GOES-19,2026-09-20 18:20:00
-3.332100,-59.446900,GOES-19,2026-09-20 18:40:00
-3.332100,-59.446900,GOES-19,2026-09-20 18:50:00
-3.332100,-59.446900,GOES-19,2026-09-20 19:10:00
-3.350400,-59.446500,GOES-19,2026-09-20 18:50:00
-3.350400,-59.446500,GOES-19,2026-09-20 19:10:00
-3.734600,-59.438500,GOES-19,2026-09-20 18:30:00
-3.734600,-59.438500,GOES-19,2026-09-20 18:50:00
-3.753000,-59.419000,GOES-19,2026-09-20 15:50:00
-3.753000,-59.419000,GOES-19,2026-09-20 16:00:00
-3.753000,-59.419000,GOES-19,2026-09-20 18:00:00
-3.753000,-59.419000,GOES-19,2026-09-20 18:10:00
-3.753000,-59.419000,GOES-19,2026-09-20 18:20:00
-3.753000,-59.419000,GOES-19,2026-09-20 18:40:00
-3.753000,-59.419000,GOES-19,2026-09-20 18:50:00
-3.771300,-59.418500,GOES-19,2026-09-20 18:10:00
-3.771300,-59.418500,GOES-19,2026-09-20 18:20:00
-3.771300,-59.418500,GOES-19,2026-09-20 18:30:00
-3.295500,-59.428400,GOES-19,2026-09-20 14:50:00
-3.295500,-59.428400,GOES-19,2026-09-20 15:00:00
-3.295500,-59.428400,GOES-19,2026-09-20 15:10:00
-3.295500,-59.428400,GOES-19,2026-09-20 18:20:00
-3.295500,-59.428400,GOES-19,2026-09-20 18:40:00
-3.295500,-59.428400,GOES-19,2026-09-20 18:50:00
-3.313800,-59.428100,GOES-19,2026-09-20 14:50:00
-3.313800,-59.428100,GOES-19,2026-09-20 15:00:00
-3.313800,-59.428100,GOES-19,2026-09-20 15:10:00
-3.313800,-59.428100,GOES-19,2026-09-20 18:20:00
-3.313800,-59.428100,GOES-19,2026-09-20 18:40:00
-3.313800,-59.428100,GOES-19,2026-09-20 18:50:00
-3.313800,-59.428100,GOES-19,2026-09-20 19:10:00
-4.210800,-59.408200,GOES-19,2026-09-20 17:40:00
-4.210800,-59.408200,GOES-19,2026-09-20 17:50:00
-4.210800,-59.408200,GOES-19,2026-09-20 18:00:00
-4.210800,-59.408200,GOES-19,2026-09-20 18:10:00
-4.210800,-59.408200,GOES-19,2026-09-20 18:20:00
-4.210800,-59.408200,GOES-19,2026-09-20 18:30:00
-4.210800,-59.408200,GOES-19,2026-09-20 18:40:00
-4.210800,-59.408200,GOES-19,2026-09-20 18:50:00
-4.210800,-59.408200,GOES-19,2026-09-20 19:00:00
-3.332200,-59.408600,GOES-19,2026-09-20 18:40:00
-3.332200,-59.408600,GOES-19,2026-09-20 18:50:00
-3.332200,-59.408600,GOES-19,2026-09-20 19:10:00
-3.350500,-59.408200,GOES-19,2026-09-20 15:10:00
-3.350500,-59.408200,GOES-19,2026-09-20 18:40:00
-3.350500,-59.408200,GOES-19,2026-09-20 18:50:00
-3.350500,-59.408200,GOES-19,2026-09-20 19:10:00
-3.551700,-59.404100,GOES-19,2026-09-20 18:40:00
-3.332200,-59.389400,GOES-19,2026-09-20 18:40:00
-3.332200,-59.389400,GOES-19,2026-09-20 18:50:00
-3.826400,-59.340700,GOES-19,2026-09-20 18:00:00
-3.826400,-59.340700,GOES-19,2026-09-20 18:40:00
-3.936300,-59.338100,GOES-19,2026-09-20 17:20:00
-3.936300,-59.338100,GOES-19,2026-09-20 17:30:00
-3.936300,-59.338100,GOES-19,2026-09-20 17:40:00
-3.936300,-59.338100,GOES-19,2026-09-20 17:50:00
-3.936300,-59.338100,GOES-19,2026-09-20 18:00:00
-3.936300,-59.338100,GOES-19,2026-09-20 18:10:00
-3.936300,-59.338100,GOES-19,2026-09-20 18:20:00
-3.936300,-59.338100,GOES-19,2026-09-20 18:30:00
-3.936300,-59.338100,GOES-19,2026-09-20 18:40:00
-3.936300,-59.338100,GOES-19,2026-09-20 18:50:00
-3.826500,-59.321500,GOES-19,2026-09-20 17:40:00
-3.826500,-59.321500,GOES-19,2026-09-20 18:10:00
-3.826500,-59.321500,GOES-19,2026-09-20 18:20:00
-3.753300,-59.323100,GOES-19,2026-09-20 18:20:00
-3.753300,-59.323100,GOES-19,2026-09-20 18:30:00
-3.314200,-59.313200,GOES-19,2026-09-20 18:10:00
-3.314200,-59.313200,GOES-19,2026-09-20 18:30:00
-3.314200,-59.313200,GOES-19,2026-09-20 18:40:00
-3.314200,-59.313200,GOES-19,2026-09-20 18:50:00
-6.748200,-59.113700,GOES-19,2026-09-20 14:50:00
-6.748200,-59.113700,GOES-19,2026-09-20 15:00:00
-6.748200,-59.113700,GOES-19,2026-09-20 15:10:00
-6.748200,-59.113700,GOES-19,2026-09-20 18:50:00
-3.772000,-59.188400,GOES-19,2026-09-20 18:10:00
-3.772000,-59.188400,GOES-19,2026-09-20 18:20:00
-3.772000,-59.188400,GOES-19,2026-09-20 18:30:00
-3.772000,-59.188400,GOES-19,2026-09-20 18:40:00
-3.772000,-59.188400,GOES-19,2026-09-20 18:50:00
-6.766700,-59.093600,GOES-19,2026-09-20 15:00:00
-6.766700,-59.093600,GOES-19,2026-09-20 15:10:00
-6.766700,-59.093600,GOES-19,2026-09-20 15:30:00
-6.766700,-59.093600,GOES-19,2026-09-20 15:40:00
-6.766700,-59.093600,GOES-19,2026-09-20 15:50:00
-6.766700,-59.093600,GOES-19,2026-09-20 16:00:00
0.775500,-59.210000,GOES-19,2026-09-20 18:00:00
0.775500,-59.210000,GOES-19,2026-09-20 18:30:00
0.775500,-59.210000,GOES-19,2026-09-20 18:40:00
-6.693800,-58.942000,GOES-19,2026-09-20 17:30:00
-6.712300,-58.941200,GOES-19,2026-09-20 15:20:00
-6.712300,-58.941200,GOES-19,2026-09-20 15:30:00
-6.712300,-58.941200,GOES-19,2026-09-20 15:40:00
-6.712300,-58.941200,GOES-19,2026-09-20 15:50:00
-6.712300,-58.941200,GOES-19,2026-09-20 16:00:00
-6.712300,-58.941200,GOES-19,2026-09-20 17:30:00
-6.712300,-58.941200,GOES-19,2026-09-20 17:40:00
-6.712300,-58.941200,GOES-19,2026-09-20 17:50:00
-6.712300,-58.941200,GOES-19,2026-09-20 18:00:00
-6.712300,-58.941200,GOES-19,2026-09-20 18:10:00
-6.712300,-58.941200,GOES-19,2026-09-20 18:20:00
-6.712300,-58.941200,GOES-19,2026-09-20 18:30:00
-20.898300,-57.680400,GOES-19,2026-09-20 19:20:00
-20.898300,-57.680400,GOES-19,2026-09-20 19:30:00
-3.626400,-58.922800,GOES-19,2026-09-20 18:10:00
-3.626400,-58.922800,GOES-19,2026-09-20 18:20:00
-3.626400,-58.922800,GOES-19,2026-09-20 18:40:00
-3.626400,-58.922800,GOES-19,2026-09-20 18:50:00
-3.626400,-58.922800,GOES-19,2026-09-20 19:00:00
-3.626400,-58.903600,GOES-19,2026-09-20 18:40:00
-3.626400,-58.903600,GOES-19,2026-09-20 18:50:00
-3.699700,-58.901900,GOES-19,2026-09-20 16:00:00
-6.769100,-58.687300,GOES-19,2026-09-20 15:40:00
-3.553700,-58.732000,GOES-19,2026-09-20 18:40:00
-3.535600,-58.693900,GOES-19,2026-09-20 19:40:00
-3.535600,-58.693900,GOES-19,2026-09-20 20:00:00
-3.553900,-58.674200,GOES-19,2026-09-20 19:30:00
-3.553900,-58.674200,GOES-19,2026-09-20 19:40:00
-3.553900,-58.674200,GOES-19,2026-09-20 19:50:00
-3.553900,-58.674200,GOES-19,2026-09-20 20:00:00
-3.517500,-58.597900,GOES-19,2026-09-20 18:10:00
-3.517500,-58.597900,GOES-19,2026-09-20 18:20:00
-3.517500,-58.597900,GOES-19,2026-09-20 18:30:00
-3.517500,-58.597900,GOES-19,2026-09-20 18:40:00
-3.517500,-58.597900,GOES-19,2026-09-20 18:50:00
-3.517500,-58.597900,GOES-19,2026-09-20 19:00:00
-3.517500,-58.597900,GOES-19,2026-09-20 19:20:00
-3.517500,-58.597900,GOES-19,2026-09-20 19:30:00
-3.517500,-58.597900,GOES-19,2026-09-20 19:40:00
-3.517500,-58.597900,GOES-19,2026-09-20 19:50:00
-3.188100,-58.585500,GOES-19,2026-09-20 18:30:00
-3.188100,-58.585500,GOES-19,2026-09-20 18:40:00
-3.188100,-58.585500,GOES-19,2026-09-20 18:50:00
-3.188100,-58.585500,GOES-19,2026-09-20 19:00:00
-3.188100,-58.585500,GOES-19,2026-09-20 19:10:00
-3.188100,-58.585500,GOES-19,2026-09-20 19:20:00
-3.188100,-58.585500,GOES-19,2026-09-20 19:30:00
-3.188100,-58.585500,GOES-19,2026-09-20 19:40:00
-3.188100,-58.585500,GOES-19,2026-09-20 19:50:00
-3.517600,-58.578600,GOES-19,2026-09-20 18:50:00
-3.517600,-58.578600,GOES-19,2026-09-20 19:00:00
-3.517600,-58.578600,GOES-19,2026-09-20 19:10:00
-3.517600,-58.578600,GOES-19,2026-09-20 19:20:00
-3.517600,-58.578600,GOES-19,2026-09-20 19:30:00
-3.517600,-58.578600,GOES-19,2026-09-20 19:40:00
-3.517600,-58.578600,GOES-19,2026-09-20 19:50:00
-3.664100,-58.575400,GOES-19,2026-09-20 18:50:00
-2.914300,-58.359400,GOES-19,2026-09-20 13:50:00
-2.914300,-58.359400,GOES-19,2026-09-20 14:10:00
-2.914300,-58.359400,GOES-19,2026-09-20 14:20:00
-2.914300,-58.359400,GOES-19,2026-09-20 14:30:00
-2.914300,-58.359400,GOES-19,2026-09-20 14:40:00
-2.914300,-58.359400,GOES-19,2026-09-20 14:50:00
-2.914300,-58.359400,GOES-19,2026-09-20 15:00:00
-2.914300,-58.359400,GOES-19,2026-09-20 15:10:00
-2.914300,-58.359400,GOES-19,2026-09-20 15:20:00
-2.914300,-58.359400,GOES-19,2026-09-20 15:30:00
-2.914300,-58.359400,GOES-19,2026-09-20 15:40:00
-2.914300,-58.359400,GOES-19,2026-09-20 15:50:00
-2.914300,-58.359400,GOES-19,2026-09-20 16:00:00
-2.914300,-58.359400,GOES-19,2026-09-20 17:30:00
-2.914300,-58.359400,GOES-19,2026-09-20 17:40:00
-2.914300,-58.359400,GOES-19,2026-09-20 17:50:00
-2.914300,-58.359400,GOES-19,2026-09-20 18:00:00
-2.914300,-58.359400,GOES-19,2026-09-20 18:10:00
-2.914300,-58.359400,GOES-19,2026-09-20 18:20:00
-2.914300,-58.359400,GOES-19,2026-09-20 18:30:00
-2.914300,-58.359400,GOES-19,2026-09-20 18:40:00
-2.914300,-58.359400,GOES-19,2026-09-20 18:50:00
-2.932600,-58.359000,GOES-19,2026-09-20 15:00:00
-2.932600,-58.359000,GOES-19,2026-09-20 15:30:00
-2.932600,-58.359000,GOES-19,2026-09-20 15:40:00
-2.932600,-58.359000,GOES-19,2026-09-20 15:50:00
-2.932600,-58.359000,GOES-19,2026-09-20 18:10:00
-2.932600,-58.359000,GOES-19,2026-09-20 18:20:00
-2.932600,-58.359000,GOES-19,2026-09-20 18:30:00
-2.932600,-58.359000,GOES-19,2026-09-20 18:40:00
-2.877800,-58.302100,GOES-19,2026-09-20 14:50:00
-2.877800,-58.302100,GOES-19,2026-09-20 15:00:00
-2.877800,-58.302100,GOES-19,2026-09-20 15:10:00
-2.877800,-58.302100,GOES-19,2026-09-20 15:20:00
-2.877800,-58.302100,GOES-19,2026-09-20 15:30:00
-2.877800,-58.302100,GOES-19,2026-09-20 15:40:00
-2.877800,-58.302100,GOES-19,2026-09-20 15:50:00
-2.877800,-58.302100,GOES-19,2026-09-20 16:00:00
-2.877800,-58.302100,GOES-19,2026-09-20 16:10:00
-2.877800,-58.302100,GOES-19,2026-09-20 16:20:00
-2.877800,-58.302100,GOES-19,2026-09-20 16:30:00
-2.877800,-58.302100,GOES-19,2026-09-20 17:20:00
-2.877800,-58.302100,GOES-19,2026-09-20 17:30:00
-3.299000,-58.216600,GOES-19,2026-09-20 18:20:00
-3.299000,-58.216600,GOES-19,2026-09-20 18:30:00
-3.317300,-58.216200,GOES-19,2026-09-20 18:30:00
-6.164700,-57.954700,GOES-19,2026-09-20 15:40:00
-6.164700,-57.954700,GOES-19,2026-09-20 15:50:00
-6.164700,-57.954700,GOES-19,2026-09-20 18:10:00
-6.164700,-57.954700,GOES-19,2026-09-20 18:50:00
-6.164700,-57.954700,GOES-19,2026-09-20 19:10:00
-2.951900,-57.972000,GOES-19,2026-09-20 18:10:00
-2.951900,-57.972000,GOES-19,2026-09-20 18:20:00
-2.951900,-57.972000,GOES-19,2026-09-20 18:30:00
-2.951900,-57.972000,GOES-19,2026-09-20 18:40:00
-2.970200,-57.971700,GOES-19,2026-09-20 18:10:00
-2.970200,-57.971700,GOES-19,2026-09-20 18:20:00
-2.970200,-57.971700,GOES-19,2026-09-20 18:30:00
-2.970200,-57.971700,GOES-19,2026-09-20 18:40:00
-6.146900,-57.838500,GOES-19,2026-09-20 14:30:00
-6.146900,-57.838500,GOES-19,2026-09-20 14:40:00
-6.146900,-57.838500,GOES-19,2026-09-20 14:50:00
-6.146900,-57.838500,GOES-19,2026-09-20 15:00:00
-6.146900,-57.838500,GOES-19,2026-09-20 15:10:00
-6.146900,-57.838500,GOES-19,2026-09-20 15:20:00
-6.146900,-57.838500,GOES-19,2026-09-20 15:30:00
-6.146900,-57.838500,GOES-19,2026-09-20 18:00:00
-6.146900,-57.838500,GOES-19,2026-09-20 18:10:00
-3.446400,-57.903600,GOES-19,2026-09-20 17:20:00
-3.446400,-57.903600,GOES-19,2026-09-20 17:30:00
-3.446400,-57.903600,GOES-19,2026-09-20 17:40:00
-3.446400,-57.903600,GOES-19,2026-09-20 17:50:00
-3.446400,-57.903600,GOES-19,2026-09-20 18:00:00
-3.446400,-57.903600,GOES-19,2026-09-20 18:10:00
-3.446400,-57.903600,GOES-19,2026-09-20 18:20:00
-3.446400,-57.903600,GOES-19,2026-09-20 18:30:00
-3.446400,-57.903600,GOES-19,2026-09-20 18:40:00
-3.446400,-57.903600,GOES-19,2026-09-20 18:50:00
-3.336600,-57.886700,GOES-19,2026-09-20 18:00:00
-3.336600,-57.886700,GOES-19,2026-09-20 18:10:00
-6.184100,-57.778600,GOES-19,2026-09-20 15:30:00
-6.184100,-57.778600,GOES-19,2026-09-20 19:00:00
-6.184100,-57.778600,GOES-19,2026-09-20 19:20:00
-3.171900,-57.851400,GOES-19,2026-09-20 17:10:00
-7.570300,-57.696200,GOES-19,2026-09-20 18:50:00
-7.570300,-57.696200,GOES-19,2026-09-20 19:00:00
-7.570300,-57.696200,GOES-19,2026-09-20 19:10:00
-7.570300,-57.696200,GOES-19,2026-09-20 19:20:00
-7.570300,-57.696200,GOES-19,2026-09-20 19:50:00
-7.570300,-57.696200,GOES-19,2026-09-20 20:50:00
-7.570300,-57.696200,GOES-19,2026-09-20 21:10:00
-7.570300,-57.696200,GOES-19,2026-09-20 21:20:00
-7.570300,-57.696200,GOES-19,2026-09-20 22:30:00
-7.570300,-57.696200,GOES-19,2026-09-20 22:40:00
-7.570300,-57.696200,GOES-19,2026-09-20 22:50:00
-7.570300,-57.696200,GOES-19,2026-09-20 23:00:00
-7.570300,-57.696200,GOES-19,2026-09-20 23:10:00
-7.570300,-57.696200,GOES-19,2026-09-20 23:20:00
-7.570300,-57.696200,GOES-19,2026-09-20 23:30:00
-7.570300,-57.696200,GOES-19,2026-09-20 23:40:00
-7.588800,-57.695300,GOES-19,2026-09-20 18:50:00
-7.588800,-57.695300,GOES-19,2026-09-20 19:00:00
-7.588800,-57.695300,GOES-19,2026-09-20 19:10:00
-7.588800,-57.695300,GOES-19,2026-09-20 19:20:00
-7.588800,-57.695300,GOES-19,2026-09-20 19:50:00
-7.588800,-57.695300,GOES-19,2026-09-20 21:10:00
-7.588800,-57.695300,GOES-19,2026-09-20 21:20:00
-7.588800,-57.695300,GOES-19,2026-09-20 22:30:00
-7.588800,-57.695300,GOES-19,2026-09-20 22:40:00
-7.588800,-57.695300,GOES-19,2026-09-20 22:50:00
-7.588800,-57.695300,GOES-19,2026-09-20 23:00:00
-7.588800,-57.695300,GOES-19,2026-09-20 23:10:00
-7.588800,-57.695300,GOES-19,2026-09-20 23:20:00
-7.588800,-57.695300,GOES-19,2026-09-20 23:30:00
-7.588800,-57.695300,GOES-19,2026-09-20 23:40:00
-6.147500,-57.741000,GOES-19,2026-09-20 19:10:00
-7.570400,-57.676600,GOES-19,2026-09-20 18:50:00
-7.570400,-57.676600,GOES-19,2026-09-20 19:00:00
-7.570400,-57.676600,GOES-19,2026-09-20 19:10:00
-7.570400,-57.676600,GOES-19,2026-09-20 19:20:00
-7.570400,-57.676600,GOES-19,2026-09-20 19:50:00
-7.570400,-57.676600,GOES-19,2026-09-20 20:50:00
-7.570400,-57.676600,GOES-19,2026-09-20 21:10:00
-7.570400,-57.676600,GOES-19,2026-09-20 21:20:00
-7.570400,-57.676600,GOES-19,2026-09-20 22:30:00
-7.570400,-57.676600,GOES-19,2026-09-20 22:40:00
-7.570400,-57.676600,GOES-19,2026-09-20 22:50:00
-7.570400,-57.676600,GOES-19,2026-09-20 23:00:00
-7.570400,-57.676600,GOES-19,2026-09-20 23:10:00
-7.570400,-57.676600,GOES-19,2026-09-20 23:20:00
-7.570400,-57.676600,GOES-19,2026-09-20 23:30:00
-7.570400,-57.676600,GOES-19,2026-09-20 23:40:00
-7.588900,-57.675700,GOES-19,2026-09-20 15:00:00
-7.588900,-57.675700,GOES-19,2026-09-20 19:10:00
-7.588900,-57.675700,GOES-19,2026-09-20 19:20:00
-7.588900,-57.675700,GOES-19,2026-09-20 19:50:00
-7.588900,-57.675700,GOES-19,2026-09-20 20:50:00
-7.588900,-57.675700,GOES-19,2026-09-20 21:10:00
-7.588900,-57.675700,GOES-19,2026-09-20 21:20:00
-7.588900,-57.675700,GOES-19,2026-09-20 22:30:00
-7.588900,-57.675700,GOES-19,2026-09-20 22:40:00
-7.588900,-57.675700,GOES-19,2026-09-20 22:50:00
-7.588900,-57.675700,GOES-19,2026-09-20 23:00:00
-7.588900,-57.675700,GOES-19,2026-09-20 23:10:00
-7.588900,-57.675700,GOES-19,2026-09-20 23:20:00
-7.588900,-57.675700,GOES-19,2026-09-20 23:30:00
-7.588900,-57.675700,GOES-19,2026-09-20 23:40:00
-10.571900,-57.495000,GOES-19,2026-09-20 20:00:00
-10.571900,-57.495000,GOES-19,2026-09-20 20:10:00
-10.590600,-57.493600,GOES-19,2026-09-20 20:00:00
-10.590600,-57.493600,GOES-19,2026-09-20 20:10:00
-7.570500,-57.657000,GOES-19,2026-09-20 18:50:00
-7.570500,-57.657000,GOES-19,2026-09-20 19:00:00
-7.570500,-57.657000,GOES-19,2026-09-20 19:10:00
-7.570500,-57.657000,GOES-19,2026-09-20 19:20:00
-7.570500,-57.657000,GOES-19,2026-09-20 19:50:00
-7.570500,-57.657000,GOES-19,2026-09-20 20:50:00
-7.570500,-57.657000,GOES-19,2026-09-20 21:10:00
-7.570500,-57.657000,GOES-19,2026-09-20 21:20:00
-7.570500,-57.657000,GOES-19,2026-09-20 22:30:00
-7.570500,-57.657000,GOES-19,2026-09-20 22:40:00
-7.570500,-57.657000,GOES-19,2026-09-20 22:50:00
-7.570500,-57.657000,GOES-19,2026-09-20 23:00:00
-7.570500,-57.657000,GOES-19,2026-09-20 23:10:00
-7.570500,-57.657000,GOES-19,2026-09-20 23:20:00
-7.570500,-57.657000,GOES-19,2026-09-20 23:30:00
-7.570500,-57.657000,GOES-19,2026-09-20 23:40:00
-7.589100,-57.656100,GOES-19,2026-09-20 18:50:00
-7.589100,-57.656100,GOES-19,2026-09-20 19:00:00
-7.589100,-57.656100,GOES-19,2026-09-20 19:10:00
-7.589100,-57.656100,GOES-19,2026-09-20 19:20:00
-7.589100,-57.656100,GOES-19,2026-09-20 19:50:00
-7.589100,-57.656100,GOES-19,2026-09-20 20:50:00
-7.589100,-57.656100,GOES-19,2026-09-20 21:10:00
-7.589100,-57.656100,GOES-19,2026-09-20 21:20:00
-7.589100,-57.656100,GOES-19,2026-09-20 22:30:00
-7.589100,-57.656100,GOES-19,2026-09-20 22:40:00
-7.589100,-57.656100,GOES-19,2026-09-20 22:50:00
-7.589100,-57.656100,GOES-19,2026-09-20 23:00:00
-7.589100,-57.656100,GOES-19,2026-09-20 23:10:00
-7.589100,-57.656100,GOES-19,2026-09-20 23:20:00
-7.589100,-57.656100,GOES-19,2026-09-20 23:30:00
-7.589100,-57.656100,GOES-19,2026-09-20 23:40:00
-10.553300,-57.476500,GOES-19,2026-09-20 19:50:00
-10.553300,-57.476500,GOES-19,2026-09-20 20:00:00
-10.553300,-57.476500,GOES-19,2026-09-20 20:10:00
-10.590800,-57.473800,GOES-19,2026-09-20 19:50:00
-10.590800,-57.473800,GOES-19,2026-09-20 20:00:00
-10.590800,-57.473800,GOES-19,2026-09-20 20:10:00
-10.534700,-57.458000,GOES-19,2026-09-20 20:00:00
-10.553500,-57.456700,GOES-19,2026-09-20 20:00:00
-10.553500,-57.456700,GOES-19,2026-09-20 20:10:00
-10.534900,-57.438200,GOES-19,2026-09-20 20:00:00
-10.534900,-57.438200,GOES-19,2026-09-20 20:10:00
-6.941800,-57.628600,GOES-19,2026-09-20 18:20:00
-6.941800,-57.628600,GOES-19,2026-09-20 19:10:00
-6.941800,-57.628600,GOES-19,2026-09-20 19:20:00
-6.074400,-57.626900,GOES-19,2026-09-20 16:50:00
-6.074400,-57.626900,GOES-19,2026-09-20 17:10:00
-6.074400,-57.626900,GOES-19,2026-09-20 17:20:00
-6.074400,-57.626900,GOES-19,2026-09-20 17:40:00
-6.074400,-57.626900,GOES-19,2026-09-20 17:50:00
-6.074400,-57.626900,GOES-19,2026-09-20 18:20:00
-6.074400,-57.626900,GOES-19,2026-09-20 18:40:00
-5.835400,-57.538800,GOES-19,2026-09-20 18:30:00
-5.835400,-57.538800,GOES-19,2026-09-20 18:40:00
-5.835400,-57.538800,GOES-19,2026-09-20 18:50:00
-10.875500,-57.175300,GOES-19,2026-09-20 15:20:00
-10.857100,-57.136900,GOES-19,2026-09-20 15:20:00
-10.857100,-57.136900,GOES-19,2026-09-20 15:30:00
-6.112700,-57.371400,GOES-19,2026-09-20 14:50:00
-6.112700,-57.371400,GOES-19,2026-09-20 15:00:00
-6.112700,-57.371400,GOES-19,2026-09-20 15:10:00
-6.112800,-57.351800,GOES-19,2026-09-20 14:50:00
-6.112800,-57.351800,GOES-19,2026-09-20 15:00:00
-6.112800,-57.351800,GOES-19,2026-09-20 15:10:00
-6.112800,-57.351800,GOES-19,2026-09-20 15:20:00
-3.780100,-56.804600,GOES-19,2026-09-20 19:50:00
-3.780200,-56.785000,GOES-19,2026-09-20 19:50:00
-10.866500,-56.237700,GOES-19,2026-09-20 15:20:00
-10.866500,-56.237700,GOES-19,2026-09-20 15:30:00
-10.885400,-56.236200,GOES-19,2026-09-20 15:20:00
-5.216900,-56.089900,GOES-19,2026-09-20 18:20:00
-10.885400,-56.236200,GOES-19,2026-09-20 15:30:00
-10.866800,-56.217600,GOES-19,2026-09-20 15:20:00
-10.866800,-56.217600,GOES-19,2026-09-20 15:30:00
-10.885600,-56.216100,GOES-19,2026-09-20 15:20:00
-10.885600,-56.216100,GOES-19,2026-09-20 15:30:00
-10.867000,-56.197500,GOES-19,2026-09-20 15:20:00
-10.867000,-56.197500,GOES-19,2026-09-20 15:30:00
-10.848400,-56.178900,GOES-19,2026-09-20 15:20:00
-10.867200,-56.177500,GOES-19,2026-09-20 15:20:00
-10.867200,-56.177500,GOES-19,2026-09-20 15:30:00
-6.157000,-56.130100,GOES-19,2026-09-20 15:40:00
-5.198400,-56.110300,GOES-19,2026-09-20 18:30:00
-5.198400,-56.110300,GOES-19,2026-09-20 18:50:00
-5.198400,-56.110300,GOES-19,2026-09-20 20:00:00
-5.198400,-56.110300,GOES-19,2026-09-20 20:10:00
-5.216800,-56.109600,GOES-19,2026-09-20 20:00:00
-5.216800,-56.109600,GOES-19,2026-09-20 20:10:00
-5.014300,-56.097400,GOES-19,2026-09-20 18:30:00
-5.014300,-56.097400,GOES-19,2026-09-20 18:40:00
-5.014300,-56.097400,GOES-19,2026-09-20 18:50:00
-5.198500,-56.090600,GOES-19,2026-09-20 15:30:00
-5.198500,-56.090600,GOES-19,2026-09-20 18:40:00
-5.198500,-56.090600,GOES-19,2026-09-20 20:00:00
-5.198500,-56.090600,GOES-19,2026-09-20 20:10:00
-5.216900,-56.089900,GOES-19,2026-09-20 18:40:00
-5.216900,-56.089900,GOES-19,2026-09-20 20:00:00
-5.216900,-56.089900,GOES-19,2026-09-20 20:10:00
-5.014400,-56.077700,GOES-19,2026-09-20 18:50:00
-5.198600,-56.070800,GOES-19,2026-09-20 20:00:00
-5.383600,-55.905500,GOES-19,2026-09-20 18:20:00
-5.383600,-55.905500,GOES-19,2026-09-20 18:40:00
-6.843100,-55.780100,GOES-19,2026-09-20 15:20:00
-6.843100,-55.780100,GOES-19,2026-09-20 15:30:00
1.968000,-55.898900,GOES-19,2026-09-20 17:50:00
1.949700,-55.899200,GOES-19,2026-09-20 15:20:00
1.949700,-55.899200,GOES-19,2026-09-20 15:40:00
1.949700,-55.899200,GOES-19,2026-09-20 18:00:00
-6.141100,-55.714600,GOES-19,2026-09-20 15:30:00
-6.141100,-55.714600,GOES-19,2026-09-20 15:40:00
-4.261700,-55.767200,GOES-19,2026-09-20 14:10:00
-4.261700,-55.767200,GOES-19,2026-09-20 14:20:00
-4.261700,-55.767200,GOES-19,2026-09-20 14:30:00
-4.261700,-55.767200,GOES-19,2026-09-20 14:50:00
-4.261700,-55.767200,GOES-19,2026-09-20 15:00:00
-4.261700,-55.767200,GOES-19,2026-09-20 15:10:00
-4.261700,-55.767200,GOES-19,2026-09-20 15:20:00
-4.556000,-55.757600,GOES-19,2026-09-20 18:40:00
-4.556000,-55.757600,GOES-19,2026-09-20 19:40:00
-4.574400,-55.757000,GOES-19,2026-09-20 19:20:00
-5.827300,-55.708700,GOES-19,2026-09-20 13:40:00
-5.827300,-55.708700,GOES-19,2026-09-20 13:50:00
-5.827300,-55.708700,GOES-19,2026-09-20 14:00:00
-5.827300,-55.708700,GOES-19,2026-09-20 14:20:00
-5.827300,-55.708700,GOES-19,2026-09-20 15:30:00
-5.827300,-55.708700,GOES-19,2026-09-20 15:40:00
-5.827300,-55.708700,GOES-19,2026-09-20 15:50:00
-5.827300,-55.708700,GOES-19,2026-09-20 18:10:00
1.546900,-55.805800,GOES-19,2026-09-20 17:50:00
1.546900,-55.805800,GOES-19,2026-09-20 18:00:00
1.546900,-55.805800,GOES-19,2026-09-20 18:30:00
1.546900,-55.805800,GOES-19,2026-09-20 18:50:00
-5.809000,-55.689600,GOES-19,2026-09-20 14:30:00
-5.809000,-55.689600,GOES-19,2026-09-20 15:00:00
-5.809000,-55.689600,GOES-19,2026-09-20 15:10:00
-5.809000,-55.689600,GOES-19,2026-09-20 15:20:00
-5.809000,-55.689600,GOES-19,2026-09-20 15:30:00
-5.809000,-55.689600,GOES-19,2026-09-20 15:40:00
-5.827400,-55.688800,GOES-19,2026-09-20 13:40:00
-5.827400,-55.688800,GOES-19,2026-09-20 14:30:00
-5.827400,-55.688800,GOES-19,2026-09-20 14:50:00
-5.827400,-55.688800,GOES-19,2026-09-20 15:00:00
-5.827400,-55.688800,GOES-19,2026-09-20 15:20:00
-5.827400,-55.688800,GOES-19,2026-09-20 15:30:00
-5.827400,-55.688800,GOES-19,2026-09-20 15:40:00
-7.344400,-55.614200,GOES-19,2026-09-20 14:20:00
-7.252000,-55.579400,GOES-19,2026-09-20 13:30:00
-7.252000,-55.579400,GOES-19,2026-09-20 14:20:00
-7.252000,-55.579400,GOES-19,2026-09-20 14:30:00
-7.252000,-55.579400,GOES-19,2026-09-20 14:40:00
-7.252000,-55.579400,GOES-19,2026-09-20 14:50:00
-7.252000,-55.579400,GOES-19,2026-09-20 15:00:00
-7.252000,-55.579400,GOES-19,2026-09-20 15:10:00
-7.252000,-55.579400,GOES-19,2026-09-20 15:20:00
-7.252000,-55.579400,GOES-19,2026-09-20 15:40:00
-6.067800,-55.618500,GOES-19,2026-09-20 18:10:00
-6.067800,-55.618500,GOES-19,2026-09-20 18:20:00
-6.067800,-55.618500,GOES-19,2026-09-20 18:30:00
-6.067800,-55.618500,GOES-19,2026-09-20 18:40:00
-8.630200,-55.216200,GOES-19,2026-09-20 19:00:00
-4.300200,-55.369500,GOES-19,2026-09-20 18:50:00
-11.050600,-54.930900,GOES-19,2026-09-20 12:00:00
-11.050600,-54.930900,GOES-19,2026-09-20 12:10:00
-11.050600,-54.930900,GOES-19,2026-09-20 12:20:00
-11.050600,-54.930900,GOES-19,2026-09-20 12:30:00
-11.050600,-54.930900,GOES-19,2026-09-20 12:40:00
-11.050600,-54.930900,GOES-19,2026-09-20 12:50:00
-11.050600,-54.930900,GOES-19,2026-09-20 13:00:00
-11.050600,-54.930900,GOES-19,2026-09-20 13:10:00
-11.050600,-54.930900,GOES-19,2026-09-20 13:20:00
-11.050600,-54.930900,GOES-19,2026-09-20 13:30:00
-11.050600,-54.930900,GOES-19,2026-09-20 13:40:00
-11.069500,-54.929300,GOES-19,2026-09-20 12:50:00
-11.069500,-54.929300,GOES-19,2026-09-20 13:00:00
-11.069500,-54.929300,GOES-19,2026-09-20 13:10:00
-11.069500,-54.929300,GOES-19,2026-09-20 13:20:00
-11.069500,-54.929300,GOES-19,2026-09-20 14:40:00
-11.069500,-54.929300,GOES-19,2026-09-20 15:00:00
-11.032000,-54.912200,GOES-19,2026-09-20 12:20:00
-11.032000,-54.912200,GOES-19,2026-09-20 12:30:00
-11.032000,-54.912200,GOES-19,2026-09-20 12:40:00
-11.032000,-54.912200,GOES-19,2026-09-20 12:50:00
-11.032000,-54.912200,GOES-19,2026-09-20 13:00:00
-11.032000,-54.912200,GOES-19,2026-09-20 13:10:00
-11.032000,-54.912200,GOES-19,2026-09-20 13:20:00
-11.032000,-54.912200,GOES-19,2026-09-20 13:30:00
-11.032000,-54.912200,GOES-19,2026-09-20 13:40:00
-11.032000,-54.912200,GOES-19,2026-09-20 13:50:00
-11.032000,-54.912200,GOES-19,2026-09-20 14:00:00
-11.032000,-54.912200,GOES-19,2026-09-20 14:10:00
-11.032000,-54.912200,GOES-19,2026-09-20 14:20:00
-11.032000,-54.912200,GOES-19,2026-09-20 14:30:00
-11.032000,-54.912200,GOES-19,2026-09-20 14:40:00
-11.032000,-54.912200,GOES-19,2026-09-20 14:50:00
-11.032000,-54.912200,GOES-19,2026-09-20 15:00:00
-11.032000,-54.912200,GOES-19,2026-09-20 15:10:00
-11.032000,-54.912200,GOES-19,2026-09-20 15:20:00
-11.050900,-54.910600,GOES-19,2026-09-20 12:00:00
-11.050900,-54.910600,GOES-19,2026-09-20 12:10:00
-11.050900,-54.910600,GOES-19,2026-09-20 12:20:00
-11.050900,-54.910600,GOES-19,2026-09-20 12:30:00
-11.050900,-54.910600,GOES-19,2026-09-20 12:40:00
-11.050900,-54.910600,GOES-19,2026-09-20 12:50:00
-11.050900,-54.910600,GOES-19,2026-09-20 13:00:00
-11.050900,-54.910600,GOES-19,2026-09-20 13:10:00
-11.050900,-54.910600,GOES-19,2026-09-20 13:20:00
-11.050900,-54.910600,GOES-19,2026-09-20 13:30:00
-11.050900,-54.910600,GOES-19,2026-09-20 13:40:00
-11.069800,-54.908900,GOES-19,2026-09-20 12:20:00
-11.069800,-54.908900,GOES-19,2026-09-20 12:30:00
-11.069800,-54.908900,GOES-19,2026-09-20 12:40:00
-11.069800,-54.908900,GOES-19,2026-09-20 12:50:00
-11.069800,-54.908900,GOES-19,2026-09-20 13:00:00
-11.069800,-54.908900,GOES-19,2026-09-20 13:10:00
-11.069800,-54.908900,GOES-19,2026-09-20 13:20:00
-11.069800,-54.908900,GOES-19,2026-09-20 13:30:00
-7.403600,-55.151300,GOES-19,2026-09-20 15:20:00
-11.032200,-54.891900,GOES-19,2026-09-20 12:40:00
-11.032200,-54.891900,GOES-19,2026-09-20 12:50:00
-11.032200,-54.891900,GOES-19,2026-09-20 13:00:00
-11.032200,-54.891900,GOES-19,2026-09-20 13:10:00
-11.032200,-54.891900,GOES-19,2026-09-20 13:20:00
-11.032200,-54.891900,GOES-19,2026-09-20 13:30:00
-11.032200,-54.891900,GOES-19,2026-09-20 13:40:00
-11.032200,-54.891900,GOES-19,2026-09-20 13:50:00
-11.032200,-54.891900,GOES-19,2026-09-20 14:00:00
-11.032200,-54.891900,GOES-19,2026-09-20 14:10:00
-11.032200,-54.891900,GOES-19,2026-09-20 14:20:00
-11.051100,-54.890200,GOES-19,2026-09-20 12:20:00
-11.051100,-54.890200,GOES-19,2026-09-20 12:30:00
-11.051100,-54.890200,GOES-19,2026-09-20 12:40:00
-11.051100,-54.890200,GOES-19,2026-09-20 12:50:00
-11.051100,-54.890200,GOES-19,2026-09-20 13:00:00
-11.051100,-54.890200,GOES-19,2026-09-20 13:10:00
-11.051100,-54.890200,GOES-19,2026-09-20 13:20:00
-11.051100,-54.890200,GOES-19,2026-09-20 13:30:00
-11.051100,-54.890200,GOES-19,2026-09-20 13:40:00
-11.051100,-54.890200,GOES-19,2026-09-20 13:50:00
-11.051100,-54.890200,GOES-19,2026-09-20 14:00:00
-11.051100,-54.890200,GOES-19,2026-09-20 14:10:00
-4.411200,-55.246600,GOES-19,2026-09-20 18:50:00
-4.411200,-55.246600,GOES-19,2026-09-20 19:10:00
-4.411200,-55.246600,GOES-19,2026-09-20 19:20:00
-6.736800,-55.107400,GOES-19,2026-09-20 14:20:00
-6.736800,-55.107400,GOES-19,2026-09-20 14:30:00
-6.736800,-55.107400,GOES-19,2026-09-20 14:40:00
-6.736800,-55.107400,GOES-19,2026-09-20 14:50:00
-6.736800,-55.107400,GOES-19,2026-09-20 15:20:00
-6.736800,-55.107400,GOES-19,2026-09-20 15:30:00
-6.736800,-55.107400,GOES-19,2026-09-20 18:30:00
-6.736800,-55.107400,GOES-19,2026-09-20 18:40:00
-6.736800,-55.107400,GOES-19,2026-09-20 18:50:00
-6.755400,-55.086400,GOES-19,2026-09-20 18:30:00
-6.755400,-55.086400,GOES-19,2026-09-20 18:40:00
-6.422800,-55.023300,GOES-19,2026-09-20 14:50:00
-6.422800,-55.023300,GOES-19,2026-09-20 15:00:00
-6.422800,-55.023300,GOES-19,2026-09-20 18:40:00
-6.422800,-55.023300,GOES-19,2026-09-20 18:50:00
-6.422900,-55.003300,GOES-19,2026-09-20 14:50:00
-6.422900,-55.003300,GOES-19,2026-09-20 15:40:00
-8.596800,-54.795700,GOES-19,2026-09-20 18:30:00
-8.596800,-54.795700,GOES-19,2026-09-20 18:40:00
-8.615400,-54.794500,GOES-19,2026-09-20 18:00:00
-8.615400,-54.794500,GOES-19,2026-09-20 18:10:00
-8.615400,-54.794500,GOES-19,2026-09-20 18:30:00
-8.615400,-54.794500,GOES-19,2026-09-20 18:40:00
-8.615400,-54.794500,GOES-19,2026-09-20 18:50:00
-8.168400,-54.783600,GOES-19,2026-09-20 14:40:00
-8.168400,-54.783600,GOES-19,2026-09-20 15:00:00
-8.168400,-54.783600,GOES-19,2026-09-20 15:30:00
-8.168400,-54.783600,GOES-19,2026-09-20 19:00:00
-8.168400,-54.783600,GOES-19,2026-09-20 19:30:00
-8.168400,-54.783600,GOES-19,2026-09-20 19:50:00
-8.168400,-54.783600,GOES-19,2026-09-20 20:00:00
-8.168400,-54.783600,GOES-19,2026-09-20 20:10:00
-8.168400,-54.783600,GOES-19,2026-09-20 20:20:00
-8.168400,-54.783600,GOES-19,2026-09-20 20:30:00
-8.168400,-54.783600,GOES-19,2026-09-20 20:40:00
-8.168400,-54.783600,GOES-19,2026-09-20 20:50:00
-8.168400,-54.783600,GOES-19,2026-09-20 21:00:00
-8.187100,-54.782400,GOES-19,2026-09-20 14:40:00
-8.187100,-54.782400,GOES-19,2026-09-20 15:00:00
-8.187100,-54.782400,GOES-19,2026-09-20 15:30:00
-8.187100,-54.782400,GOES-19,2026-09-20 19:00:00
-8.187100,-54.782400,GOES-19,2026-09-20 19:50:00
-8.187100,-54.782400,GOES-19,2026-09-20 20:00:00
-8.187100,-54.782400,GOES-19,2026-09-20 20:10:00
-8.187100,-54.782400,GOES-19,2026-09-20 20:20:00
-8.187100,-54.782400,GOES-19,2026-09-20 20:30:00
-8.187100,-54.782400,GOES-19,2026-09-20 20:40:00
-8.187100,-54.782400,GOES-19,2026-09-20 20:50:00
-8.187100,-54.782400,GOES-19,2026-09-20 21:00:00
-8.168600,-54.763400,GOES-19,2026-09-20 14:40:00
-8.168600,-54.763400,GOES-19,2026-09-20 15:00:00
-8.168600,-54.763400,GOES-19,2026-09-20 15:30:00
-8.168600,-54.763400,GOES-19,2026-09-20 19:30:00
-8.168600,-54.763400,GOES-19,2026-09-20 19:50:00
-8.168600,-54.763400,GOES-19,2026-09-20 20:00:00
-8.168600,-54.763400,GOES-19,2026-09-20 20:10:00
-8.168600,-54.763400,GOES-19,2026-09-20 20:20:00
-8.168600,-54.763400,GOES-19,2026-09-20 20:30:00
-8.168600,-54.763400,GOES-19,2026-09-20 20:40:00
-8.168600,-54.763400,GOES-19,2026-09-20 20:50:00
-8.168600,-54.763400,GOES-19,2026-09-20 21:00:00
-8.187200,-54.762200,GOES-19,2026-09-20 19:00:00
-8.187200,-54.762200,GOES-19,2026-09-20 19:30:00
-8.187200,-54.762200,GOES-19,2026-09-20 19:50:00
-8.187200,-54.762200,GOES-19,2026-09-20 20:00:00
-8.187200,-54.762200,GOES-19,2026-09-20 20:10:00
-8.187200,-54.762200,GOES-19,2026-09-20 20:20:00
-8.187200,-54.762200,GOES-19,2026-09-20 20:30:00
-8.187200,-54.762200,GOES-19,2026-09-20 20:40:00
-8.187200,-54.762200,GOES-19,2026-09-20 20:50:00
-8.187200,-54.762200,GOES-19,2026-09-20 21:00:00
-8.168800,-54.743200,GOES-19,2026-09-20 14:40:00
-8.168800,-54.743200,GOES-19,2026-09-20 15:00:00
-8.168800,-54.743200,GOES-19,2026-09-20 15:30:00
-8.168800,-54.743200,GOES-19,2026-09-20 19:00:00
-8.168800,-54.743200,GOES-19,2026-09-20 19:30:00
-8.168800,-54.743200,GOES-19,2026-09-20 19:50:00
-8.168800,-54.743200,GOES-19,2026-09-20 20:00:00
-8.168800,-54.743200,GOES-19,2026-09-20 20:10:00
-8.168800,-54.743200,GOES-19,2026-09-20 20:20:00
-8.168800,-54.743200,GOES-19,2026-09-20 20:30:00
-8.168800,-54.743200,GOES-19,2026-09-20 20:40:00
-8.187400,-54.742000,GOES-19,2026-09-20 14:40:00
-8.187400,-54.742000,GOES-19,2026-09-20 15:00:00
-8.187400,-54.742000,GOES-19,2026-09-20 19:30:00
-8.187400,-54.742000,GOES-19,2026-09-20 19:50:00
-8.187400,-54.742000,GOES-19,2026-09-20 20:00:00
-8.187400,-54.742000,GOES-19,2026-09-20 20:10:00
-8.187400,-54.742000,GOES-19,2026-09-20 20:20:00
-8.187400,-54.742000,GOES-19,2026-09-20 20:30:00
-8.187400,-54.742000,GOES-19,2026-09-20 20:40:00
-8.187400,-54.742000,GOES-19,2026-09-20 20:50:00
-8.187400,-54.742000,GOES-19,2026-09-20 21:00:00
-8.169000,-54.723100,GOES-19,2026-09-20 14:40:00
-8.169000,-54.723100,GOES-19,2026-09-20 15:00:00
-8.169000,-54.723100,GOES-19,2026-09-20 15:30:00
-8.187600,-54.721900,GOES-19,2026-09-20 14:20:00
-8.187600,-54.721900,GOES-19,2026-09-20 14:30:00
-8.187600,-54.721900,GOES-19,2026-09-20 14:40:00
-8.187600,-54.721900,GOES-19,2026-09-20 14:50:00
-8.187600,-54.721900,GOES-19,2026-09-20 15:00:00
-8.187600,-54.721900,GOES-19,2026-09-20 15:10:00
-8.187600,-54.721900,GOES-19,2026-09-20 15:20:00
-8.187600,-54.721900,GOES-19,2026-09-20 15:30:00
-8.187600,-54.721900,GOES-19,2026-09-20 18:50:00
-8.187600,-54.721900,GOES-19,2026-09-20 19:00:00
-8.187600,-54.721900,GOES-19,2026-09-20 19:30:00
-8.187600,-54.721900,GOES-19,2026-09-20 19:50:00
-8.187600,-54.721900,GOES-19,2026-09-20 20:00:00
-8.187600,-54.721900,GOES-19,2026-09-20 20:10:00
-8.187600,-54.721900,GOES-19,2026-09-20 20:20:00
-8.187600,-54.721900,GOES-19,2026-09-20 20:30:00
-8.187600,-54.721900,GOES-19,2026-09-20 20:40:00
-8.187600,-54.721900,GOES-19,2026-09-20 20:50:00
-8.187600,-54.721900,GOES-19,2026-09-20 21:00:00
-8.187800,-54.701700,GOES-19,2026-09-20 15:30:00
-8.187800,-54.701700,GOES-19,2026-09-20 18:40:00
-8.187800,-54.701700,GOES-19,2026-09-20 19:00:00
-8.187800,-54.701700,GOES-19,2026-09-20 19:50:00
-8.187800,-54.701700,GOES-19,2026-09-20 20:50:00
-8.187800,-54.701700,GOES-19,2026-09-20 21:00:00
-8.206400,-54.700500,GOES-19,2026-09-20 18:40:00
-8.206400,-54.700500,GOES-19,2026-09-20 19:00:00
-8.206400,-54.700500,GOES-19,2026-09-20 19:30:00
-8.206400,-54.700500,GOES-19,2026-09-20 21:00:00
-10.547300,-54.485700,GOES-19,2026-09-20 13:50:00
-1.548600,-54.775000,GOES-19,2026-09-20 15:20:00
-1.548600,-54.775000,GOES-19,2026-09-20 15:30:00
-2.594300,-54.698200,GOES-19,2026-09-20 18:30:00
-2.594300,-54.698200,GOES-19,2026-09-20 18:40:00
-2.594300,-54.698200,GOES-19,2026-09-20 18:50:00
-12.824400,-54.064900,GOES-19,2026-09-20 13:20:00
-12.824400,-54.064900,GOES-19,2026-09-20 14:30:00
-12.824400,-54.064900,GOES-19,2026-09-20 14:40:00
-12.824400,-54.064900,GOES-19,2026-09-20 14:50:00
-12.824400,-54.064900,GOES-19,2026-09-20 15:00:00
-2.594300,-54.678300,GOES-19,2026-09-20 18:50:00
-12.805600,-54.046200,GOES-19,2026-09-20 14:40:00
-12.805600,-54.046200,GOES-19,2026-09-20 14:50:00
-12.805600,-54.046200,GOES-19,2026-09-20 15:00:00
-12.824600,-54.044200,GOES-19,2026-09-20 14:40:00
-12.824600,-54.044200,GOES-19,2026-09-20 14:50:00
-12.824600,-54.044200,GOES-19,2026-09-20 15:00:00
-11.059800,-54.155000,GOES-19,2026-09-20 14:10:00
-11.059800,-54.155000,GOES-19,2026-09-20 14:20:00
-11.059800,-54.155000,GOES-19,2026-09-20 14:30:00
-11.059800,-54.155000,GOES-19,2026-09-20 14:40:00
-11.059800,-54.155000,GOES-19,2026-09-20 14:50:00
-11.059800,-54.155000,GOES-19,2026-09-20 15:00:00
-11.059800,-54.155000,GOES-19,2026-09-20 15:10:00
-11.080200,-54.030200,GOES-19,2026-09-20 06:30:00
-11.080200,-54.030200,GOES-19,2026-09-20 06:40:00
-11.080200,-54.030200,GOES-19,2026-09-20 06:50:00
-11.080200,-54.030200,GOES-19,2026-09-20 07:00:00
-11.080200,-54.030200,GOES-19,2026-09-20 07:10:00
-11.080200,-54.030200,GOES-19,2026-09-20 14:30:00
-11.080200,-54.030200,GOES-19,2026-09-20 14:40:00
-11.080200,-54.030200,GOES-19,2026-09-20 14:50:00
-11.080200,-54.030200,GOES-19,2026-09-20 15:00:00
-11.080200,-54.030200,GOES-19,2026-09-20 15:10:00
-11.080200,-54.030200,GOES-19,2026-09-20 15:20:00
-11.099100,-54.028500,GOES-19,2026-09-20 06:30:00
-11.099100,-54.028500,GOES-19,2026-09-20 06:40:00
-11.099100,-54.028500,GOES-19,2026-09-20 06:50:00
-11.099100,-54.028500,GOES-19,2026-09-20 07:00:00
-11.099100,-54.028500,GOES-19,2026-09-20 07:10:00
-11.099100,-54.028500,GOES-19,2026-09-20 14:30:00
-11.099100,-54.028500,GOES-19,2026-09-20 14:40:00
-11.099100,-54.028500,GOES-19,2026-09-20 14:50:00
-11.099100,-54.028500,GOES-19,2026-09-20 15:00:00
-11.099100,-54.028500,GOES-19,2026-09-20 15:10:00
-11.099100,-54.028500,GOES-19,2026-09-20 15:20:00
-11.118000,-54.026800,GOES-19,2026-09-20 06:30:00
-11.118000,-54.026800,GOES-19,2026-09-20 06:40:00
-11.118000,-54.026800,GOES-19,2026-09-20 06:50:00
-11.118000,-54.026800,GOES-19,2026-09-20 07:00:00
-11.118000,-54.026800,GOES-19,2026-09-20 07:10:00
-11.118000,-54.026800,GOES-19,2026-09-20 14:30:00
-11.118000,-54.026800,GOES-19,2026-09-20 14:40:00
-11.118000,-54.026800,GOES-19,2026-09-20 14:50:00
-11.118000,-54.026800,GOES-19,2026-09-20 15:00:00
-11.118000,-54.026800,GOES-19,2026-09-20 15:10:00
-11.118000,-54.026800,GOES-19,2026-09-20 15:20:00
-11.136900,-54.025100,GOES-19,2026-09-20 06:30:00
-11.136900,-54.025100,GOES-19,2026-09-20 06:40:00
-11.136900,-54.025100,GOES-19,2026-09-20 06:50:00
-11.136900,-54.025100,GOES-19,2026-09-20 07:00:00
-11.136900,-54.025100,GOES-19,2026-09-20 07:10:00
-11.136900,-54.025100,GOES-19,2026-09-20 14:30:00
-11.136900,-54.025100,GOES-19,2026-09-20 14:40:00
-11.136900,-54.025100,GOES-19,2026-09-20 14:50:00
-11.136900,-54.025100,GOES-19,2026-09-20 15:00:00
-11.136900,-54.025100,GOES-19,2026-09-20 15:10:00
-11.136900,-54.025100,GOES-19,2026-09-20 15:20:00
-11.080500,-54.009700,GOES-19,2026-09-20 14:40:00
-11.080500,-54.009700,GOES-19,2026-09-20 14:50:00
-11.080500,-54.009700,GOES-19,2026-09-20 15:00:00
-11.080500,-54.009700,GOES-19,2026-09-20 15:10:00
-11.080500,-54.009700,GOES-19,2026-09-20 15:20:00
-11.080500,-54.009700,GOES-19,2026-09-20 15:30:00
-11.099400,-54.008000,GOES-19,2026-09-20 06:30:00
-11.099400,-54.008000,GOES-19,2026-09-20 06:40:00
-11.099400,-54.008000,GOES-19,2026-09-20 06:50:00
-11.099400,-54.008000,GOES-19,2026-09-20 07:00:00
-11.099400,-54.008000,GOES-19,2026-09-20 07:10:00
-11.099400,-54.008000,GOES-19,2026-09-20 14:30:00
-11.099400,-54.008000,GOES-19,2026-09-20 14:40:00
-11.099400,-54.008000,GOES-19,2026-09-20 14:50:00
-11.099400,-54.008000,GOES-19,2026-09-20 15:00:00
-11.099400,-54.008000,GOES-19,2026-09-20 15:10:00
-11.099400,-54.008000,GOES-19,2026-09-20 15:20:00
-11.118300,-54.006200,GOES-19,2026-09-20 06:30:00
-11.118300,-54.006200,GOES-19,2026-09-20 06:40:00
-11.118300,-54.006200,GOES-19,2026-09-20 06:50:00
-11.118300,-54.006200,GOES-19,2026-09-20 07:00:00
-11.118300,-54.006200,GOES-19,2026-09-20 07:10:00
-11.118300,-54.006200,GOES-19,2026-09-20 14:30:00
-11.118300,-54.006200,GOES-19,2026-09-20 14:40:00
-11.118300,-54.006200,GOES-19,2026-09-20 14:50:00
-11.118300,-54.006200,GOES-19,2026-09-20 15:00:00
-11.118300,-54.006200,GOES-19,2026-09-20 15:10:00
-11.118300,-54.006200,GOES-19,2026-09-20 15:20:00
-11.137200,-54.004500,GOES-19,2026-09-20 14:30:00
-11.137200,-54.004500,GOES-19,2026-09-20 14:40:00
-11.137200,-54.004500,GOES-19,2026-09-20 14:50:00
-11.137200,-54.004500,GOES-19,2026-09-20 15:00:00
-11.137200,-54.004500,GOES-19,2026-09-20 15:10:00
-11.137200,-54.004500,GOES-19,2026-09-20 15:20:00
-10.873200,-53.987400,GOES-19,2026-09-20 14:10:00
-10.873200,-53.987400,GOES-19,2026-09-20 14:20:00
-10.873200,-53.987400,GOES-19,2026-09-20 14:30:00
-10.873200,-53.987400,GOES-19,2026-09-20 14:40:00
-10.873200,-53.987400,GOES-19,2026-09-20 14:50:00
-10.873200,-53.987400,GOES-19,2026-09-20 15:00:00
-10.873200,-53.987400,GOES-19,2026-09-20 15:10:00
-10.873200,-53.987400,GOES-19,2026-09-20 15:20:00
-10.873200,-53.987400,GOES-19,2026-09-20 15:30:00
-10.892100,-53.985700,GOES-19,2026-09-20 14:10:00
-10.892100,-53.985700,GOES-19,2026-09-20 14:20:00
-10.892100,-53.985700,GOES-19,2026-09-20 14:30:00
-10.892100,-53.985700,GOES-19,2026-09-20 14:40:00
-10.892100,-53.985700,GOES-19,2026-09-20 14:50:00
-10.892100,-53.985700,GOES-19,2026-09-20 15:00:00
-10.892100,-53.985700,GOES-19,2026-09-20 15:10:00
-10.892100,-53.985700,GOES-19,2026-09-20 15:20:00
-10.892100,-53.985700,GOES-19,2026-09-20 15:30:00
-10.911000,-53.984000,GOES-19,2026-09-20 14:30:00
-10.911000,-53.984000,GOES-19,2026-09-20 15:00:00
-3.568800,-54.394500,GOES-19,2026-09-20 15:40:00
-10.873500,-53.966800,GOES-19,2026-09-20 14:10:00
-10.873500,-53.966800,GOES-19,2026-09-20 14:20:00
-10.873500,-53.966800,GOES-19,2026-09-20 14:30:00
-10.873500,-53.966800,GOES-19,2026-09-20 14:40:00
-10.873500,-53.966800,GOES-19,2026-09-20 14:50:00
-10.873500,-53.966800,GOES-19,2026-09-20 15:00:00
-10.873500,-53.966800,GOES-19,2026-09-20 15:10:00
-10.873500,-53.966800,GOES-19,2026-09-20 15:20:00
-10.873500,-53.966800,GOES-19,2026-09-20 15:30:00
-10.892400,-53.965200,GOES-19,2026-09-20 14:00:00
-10.892400,-53.965200,GOES-19,2026-09-20 14:10:00
-10.892400,-53.965200,GOES-19,2026-09-20 14:20:00
-10.892400,-53.965200,GOES-19,2026-09-20 14:30:00
-10.892400,-53.965200,GOES-19,2026-09-20 14:40:00
-10.892400,-53.965200,GOES-19,2026-09-20 14:50:00
-10.892400,-53.965200,GOES-19,2026-09-20 15:00:00
-10.892400,-53.965200,GOES-19,2026-09-20 15:10:00
-10.892400,-53.965200,GOES-19,2026-09-20 15:20:00
-10.892400,-53.965200,GOES-19,2026-09-20 15:30:00
-10.911200,-53.963500,GOES-19,2026-09-20 14:10:00
-10.911200,-53.963500,GOES-19,2026-09-20 14:20:00
-10.911200,-53.963500,GOES-19,2026-09-20 14:30:00
-10.911200,-53.963500,GOES-19,2026-09-20 14:40:00
-10.911200,-53.963500,GOES-19,2026-09-20 14:50:00
-10.911200,-53.963500,GOES-19,2026-09-20 15:00:00
-10.911200,-53.963500,GOES-19,2026-09-20 15:10:00
-10.911200,-53.963500,GOES-19,2026-09-20 15:20:00
-10.911200,-53.963500,GOES-19,2026-09-20 15:30:00
-10.930100,-53.961800,GOES-19,2026-09-20 14:10:00
-10.930100,-53.961800,GOES-19,2026-09-20 14:20:00
-10.930100,-53.961800,GOES-19,2026-09-20 14:30:00
-10.930100,-53.961800,GOES-19,2026-09-20 14:40:00
-10.930100,-53.961800,GOES-19,2026-09-20 14:50:00
-10.930100,-53.961800,GOES-19,2026-09-20 15:00:00
-10.930100,-53.961800,GOES-19,2026-09-20 15:10:00
-10.930100,-53.961800,GOES-19,2026-09-20 15:20:00
-10.930100,-53.961800,GOES-19,2026-09-20 15:30:00
-10.911500,-53.942900,GOES-19,2026-09-20 14:50:00
-10.930400,-53.941200,GOES-19,2026-09-20 14:20:00
-10.930400,-53.941200,GOES-19,2026-09-20 14:30:00
-10.930400,-53.941200,GOES-19,2026-09-20 14:40:00
-10.930400,-53.941200,GOES-19,2026-09-20 14:50:00
-10.930400,-53.941200,GOES-19,2026-09-20 15:00:00
-10.930400,-53.941200,GOES-19,2026-09-20 15:10:00
-10.930400,-53.941200,GOES-19,2026-09-20 15:20:00
-10.930400,-53.941200,GOES-19,2026-09-20 15:30:00
-14.792800,-53.316000,GOES-19,2026-09-20 14:00:00
-14.792800,-53.316000,GOES-19,2026-09-20 14:10:00
-14.792800,-53.316000,GOES-19,2026-09-20 14:40:00
-14.792800,-53.316000,GOES-19,2026-09-20 14:50:00
-14.792800,-53.316000,GOES-19,2026-09-20 15:00:00
-1.237700,-54.199000,GOES-19,2026-09-20 14:50:00
-1.237700,-54.199000,GOES-19,2026-09-20 15:20:00
-14.773700,-53.297400,GOES-19,2026-09-20 13:40:00
-14.773700,-53.297400,GOES-19,2026-09-20 13:50:00
-14.773700,-53.297400,GOES-19,2026-09-20 14:00:00
-14.773700,-53.297400,GOES-19,2026-09-20 14:10:00
-14.773700,-53.297400,GOES-19,2026-09-20 14:20:00
-14.773700,-53.297400,GOES-19,2026-09-20 14:50:00
-14.773700,-53.297400,GOES-19,2026-09-20 15:00:00
-14.793100,-53.294900,GOES-19,2026-09-20 14:00:00
-14.793100,-53.294900,GOES-19,2026-09-20 14:10:00
-14.793100,-53.294900,GOES-19,2026-09-20 14:50:00
-14.793100,-53.294900,GOES-19,2026-09-20 15:00:00
-3.606900,-54.052100,GOES-19,2026-09-20 18:10:00
-3.606900,-54.052100,GOES-19,2026-09-20 18:50:00
-15.417800,-53.002300,GOES-19,2026-09-20 14:20:00
-15.417800,-53.002300,GOES-19,2026-09-20 14:30:00
-15.417800,-53.002300,GOES-19,2026-09-20 14:40:00
-2.908800,-53.929900,GOES-19,2026-09-20 18:40:00
-2.908800,-53.929900,GOES-19,2026-09-20 18:50:00
-15.244700,-52.919800,GOES-19,2026-09-20 14:00:00
-15.244700,-52.919800,GOES-19,2026-09-20 14:10:00
-15.244700,-52.919800,GOES-19,2026-09-20 14:20:00
-15.244700,-52.919800,GOES-19,2026-09-20 14:30:00
-15.244700,-52.919800,GOES-19,2026-09-20 14:40:00
-15.244700,-52.919800,GOES-19,2026-09-20 14:50:00
-15.244700,-52.919800,GOES-19,2026-09-20 15:00:00
-15.264100,-52.917200,GOES-19,2026-09-20 14:00:00
-15.264100,-52.917200,GOES-19,2026-09-20 14:10:00
-15.264100,-52.917200,GOES-19,2026-09-20 14:20:00
-15.264100,-52.917200,GOES-19,2026-09-20 14:30:00
-15.264100,-52.917200,GOES-19,2026-09-20 14:40:00
-15.264100,-52.917200,GOES-19,2026-09-20 14:50:00
-15.264100,-52.917200,GOES-19,2026-09-20 15:00:00
-6.210700,-53.562700,GOES-19,2026-09-20 18:20:00
-6.210700,-53.562700,GOES-19,2026-09-20 18:40:00
-6.210700,-53.562700,GOES-19,2026-09-20 18:50:00
-5.840800,-53.540800,GOES-19,2026-09-20 19:40:00
-5.840800,-53.540800,GOES-19,2026-09-20 20:00:00
-5.840800,-53.540800,GOES-19,2026-09-20 20:10:00
-5.840800,-53.540800,GOES-19,2026-09-20 20:20:00
-5.840800,-53.540800,GOES-19,2026-09-20 20:30:00
-5.859300,-53.539900,GOES-19,2026-09-20 19:40:00
-5.859300,-53.539900,GOES-19,2026-09-20 20:00:00
-5.859300,-53.539900,GOES-19,2026-09-20 20:10:00
-5.859300,-53.539900,GOES-19,2026-09-20 20:20:00
-5.859300,-53.539900,GOES-19,2026-09-20 20:30:00
-5.804000,-53.522300,GOES-19,2026-09-20 13:20:00
-5.804000,-53.522300,GOES-19,2026-09-20 13:30:00
-5.804000,-53.522300,GOES-19,2026-09-20 13:40:00
-5.804000,-53.522300,GOES-19,2026-09-20 14:00:00
-5.804000,-53.522300,GOES-19,2026-09-20 14:40:00
-5.804000,-53.522300,GOES-19,2026-09-20 18:40:00
-5.804000,-53.522300,GOES-19,2026-09-20 18:50:00
-5.804000,-53.522300,GOES-19,2026-09-20 19:10:00
-5.804000,-53.522300,GOES-19,2026-09-20 19:30:00
-5.804000,-53.522300,GOES-19,2026-09-20 19:40:00
-5.804000,-53.522300,GOES-19,2026-09-20 19:50:00
-5.804000,-53.522300,GOES-19,2026-09-20 20:00:00
-5.804000,-53.522300,GOES-19,2026-09-20 20:20:00
-5.822500,-53.521400,GOES-19,2026-09-20 13:10:00
-5.822500,-53.521400,GOES-19,2026-09-20 13:20:00
-5.822500,-53.521400,GOES-19,2026-09-20 13:30:00
-5.822500,-53.521400,GOES-19,2026-09-20 13:40:00
-5.822500,-53.521400,GOES-19,2026-09-20 13:50:00
-5.822500,-53.521400,GOES-19,2026-09-20 14:00:00
-5.822500,-53.521400,GOES-19,2026-09-20 18:00:00
-5.822500,-53.521400,GOES-19,2026-09-20 18:30:00
-5.822500,-53.521400,GOES-19,2026-09-20 18:40:00
-5.822500,-53.521400,GOES-19,2026-09-20 18:50:00
-5.822500,-53.521400,GOES-19,2026-09-20 19:10:00
-5.822500,-53.521400,GOES-19,2026-09-20 19:30:00
-5.822500,-53.521400,GOES-19,2026-09-20 19:40:00
-5.822500,-53.521400,GOES-19,2026-09-20 19:50:00
-5.822500,-53.521400,GOES-19,2026-09-20 20:00:00
-5.822500,-53.521400,GOES-19,2026-09-20 20:10:00
-5.822500,-53.521400,GOES-19,2026-09-20 20:20:00
-5.822500,-53.521400,GOES-19,2026-09-20 20:30:00
-5.841000,-53.520500,GOES-19,2026-09-20 19:10:00
-5.841000,-53.520500,GOES-19,2026-09-20 19:40:00
-5.841000,-53.520500,GOES-19,2026-09-20 19:50:00
-5.841000,-53.520500,GOES-19,2026-09-20 20:00:00
-5.841000,-53.520500,GOES-19,2026-09-20 20:10:00
-5.841000,-53.520500,GOES-19,2026-09-20 20:20:00
-5.841000,-53.520500,GOES-19,2026-09-20 20:30:00
-5.859500,-53.519600,GOES-19,2026-09-20 19:40:00
-5.859600,-53.499300,GOES-19,2026-09-20 19:10:00
-5.859600,-53.499300,GOES-19,2026-09-20 19:30:00
-5.859600,-53.499300,GOES-19,2026-09-20 19:40:00
-5.859600,-53.499300,GOES-19,2026-09-20 19:50:00
-5.822600,-53.501100,GOES-19,2026-09-20 13:10:00
-5.822600,-53.501100,GOES-19,2026-09-20 13:20:00
-5.822600,-53.501100,GOES-19,2026-09-20 13:30:00
-5.822600,-53.501100,GOES-19,2026-09-20 13:40:00
-5.822600,-53.501100,GOES-19,2026-09-20 13:50:00
-5.822600,-53.501100,GOES-19,2026-09-20 14:00:00
-5.822600,-53.501100,GOES-19,2026-09-20 14:10:00
-5.822600,-53.501100,GOES-19,2026-09-20 14:20:00
-5.822600,-53.501100,GOES-19,2026-09-20 14:40:00
-5.822600,-53.501100,GOES-19,2026-09-20 19:10:00
-5.822600,-53.501100,GOES-19,2026-09-20 19:30:00
-5.822600,-53.501100,GOES-19,2026-09-20 19:40:00
-5.822600,-53.501100,GOES-19,2026-09-20 19:50:00
-5.822600,-53.501100,GOES-19,2026-09-20 20:00:00
-5.822600,-53.501100,GOES-19,2026-09-20 20:10:00
-5.822600,-53.501100,GOES-19,2026-09-20 20:20:00
-5.822600,-53.501100,GOES-19,2026-09-20 20:30:00
-5.841100,-53.500200,GOES-19,2026-09-20 19:10:00
-5.841100,-53.500200,GOES-19,2026-09-20 19:30:00
-5.841100,-53.500200,GOES-19,2026-09-20 19:50:00
-5.841100,-53.500200,GOES-19,2026-09-20 20:00:00
-5.841100,-53.500200,GOES-19,2026-09-20 20:10:00
-5.841100,-53.500200,GOES-19,2026-09-20 20:20:00
-5.841100,-53.500200,GOES-19,2026-09-20 20:30:00
-5.859700,-53.479000,GOES-19,2026-09-20 19:10:00
-5.859700,-53.479000,GOES-19,2026-09-20 19:30:00
-5.859700,-53.479000,GOES-19,2026-09-20 19:40:00
-5.841200,-53.479900,GOES-19,2026-09-20 14:00:00
-5.841200,-53.479900,GOES-19,2026-09-20 14:10:00
-5.841200,-53.479900,GOES-19,2026-09-20 18:50:00
-5.841200,-53.479900,GOES-19,2026-09-20 19:30:00
-5.841200,-53.479900,GOES-19,2026-09-20 19:40:00
-5.841200,-53.479900,GOES-19,2026-09-20 19:50:00
-5.841200,-53.479900,GOES-19,2026-09-20 20:00:00
-5.841200,-53.479900,GOES-19,2026-09-20 20:10:00
-5.841200,-53.479900,GOES-19,2026-09-20 20:20:00
-5.841200,-53.479900,GOES-19,2026-09-20 20:30:00
-12.765000,-52.887000,GOES-19,2026-09-20 12:50:00
-12.765000,-52.887000,GOES-19,2026-09-20 13:00:00
-3.095200,-53.177700,GOES-19,2026-09-20 19:00:00
-3.095200,-53.177700,GOES-19,2026-09-20 19:10:00
-3.095200,-53.177700,GOES-19,2026-09-20 19:20:00
-3.095200,-53.177700,GOES-19,2026-09-20 19:40:00
-13.240400,-51.799700,GOES-19,2026-09-20 15:10:00
-13.221500,-51.780800,GOES-19,2026-09-20 13:50:00
-13.221500,-51.780800,GOES-19,2026-09-20 14:00:00
-13.221500,-51.780800,GOES-19,2026-09-20 14:10:00
-13.221500,-51.780800,GOES-19,2026-09-20 14:20:00
-13.221500,-51.780800,GOES-19,2026-09-20 14:30:00
-13.221500,-51.780800,GOES-19,2026-09-20 14:40:00
-13.221500,-51.780800,GOES-19,2026-09-20 14:50:00
-13.221500,-51.780800,GOES-19,2026-09-20 15:00:00
-13.221500,-51.780800,GOES-19,2026-09-20 15:10:00
-13.221500,-51.780800,GOES-19,2026-09-20 15:20:00
-13.240700,-51.778400,GOES-19,2026-09-20 14:20:00
-13.240700,-51.778400,GOES-19,2026-09-20 14:30:00
-13.240700,-51.778400,GOES-19,2026-09-20 14:40:00
-13.240700,-51.778400,GOES-19,2026-09-20 14:50:00
-13.240700,-51.778400,GOES-19,2026-09-20 15:00:00
-13.240700,-51.778400,GOES-19,2026-09-20 15:20:00
-13.432700,-51.754700,GOES-19,2026-09-20 14:50:00
-13.432700,-51.754700,GOES-19,2026-09-20 15:00:00
-13.432700,-51.754700,GOES-19,2026-09-20 15:10:00
-13.432700,-51.754700,GOES-19,2026-09-20 15:20:00
-13.202700,-51.761800,GOES-19,2026-09-20 14:00:00
-13.202700,-51.761800,GOES-19,2026-09-20 14:10:00
-13.202700,-51.761800,GOES-19,2026-09-20 14:20:00
-13.202700,-51.761800,GOES-19,2026-09-20 14:30:00
-13.202700,-51.761800,GOES-19,2026-09-20 14:40:00
-13.202700,-51.761800,GOES-19,2026-09-20 14:50:00
-13.202700,-51.761800,GOES-19,2026-09-20 15:00:00
-13.202700,-51.761800,GOES-19,2026-09-20 15:10:00
-13.202700,-51.761800,GOES-19,2026-09-20 15:20:00
-13.221900,-51.759500,GOES-19,2026-09-20 14:00:00
-13.221900,-51.759500,GOES-19,2026-09-20 14:10:00
-13.221900,-51.759500,GOES-19,2026-09-20 14:20:00
-13.221900,-51.759500,GOES-19,2026-09-20 14:30:00
-13.221900,-51.759500,GOES-19,2026-09-20 14:40:00
-13.221900,-51.759500,GOES-19,2026-09-20 14:50:00
-13.221900,-51.759500,GOES-19,2026-09-20 15:00:00
-13.221900,-51.759500,GOES-19,2026-09-20 15:10:00
-13.221900,-51.759500,GOES-19,2026-09-20 15:20:00
-13.241000,-51.757100,GOES-19,2026-09-20 14:00:00
-13.241000,-51.757100,GOES-19,2026-09-20 14:10:00
-13.241000,-51.757100,GOES-19,2026-09-20 14:20:00
-13.241000,-51.757100,GOES-19,2026-09-20 14:30:00
-13.241000,-51.757100,GOES-19,2026-09-20 14:40:00
-13.241000,-51.757100,GOES-19,2026-09-20 14:50:00
-13.241000,-51.757100,GOES-19,2026-09-20 15:00:00
-13.241000,-51.757100,GOES-19,2026-09-20 15:10:00
-13.241000,-51.757100,GOES-19,2026-09-20 15:20:00
-13.260200,-51.754800,GOES-19,2026-09-20 14:00:00
-13.260200,-51.754800,GOES-19,2026-09-20 14:10:00
-13.260200,-51.754800,GOES-19,2026-09-20 14:20:00
-13.260200,-51.754800,GOES-19,2026-09-20 14:30:00
-13.260200,-51.754800,GOES-19,2026-09-20 14:40:00
-13.260200,-51.754800,GOES-19,2026-09-20 14:50:00
-13.260200,-51.754800,GOES-19,2026-09-20 15:10:00
-13.260200,-51.754800,GOES-19,2026-09-20 15:20:00
-13.433100,-51.733400,GOES-19,2026-09-20 14:50:00
-13.433100,-51.733400,GOES-19,2026-09-20 15:00:00
-13.433100,-51.733400,GOES-19,2026-09-20 15:10:00
-13.433100,-51.733400,GOES-19,2026-09-20 15:20:00
-13.203000,-51.740600,GOES-19,2026-09-20 14:00:00
-13.203000,-51.740600,GOES-19,2026-09-20 14:10:00
-13.203000,-51.740600,GOES-19,2026-09-20 14:20:00
-13.203000,-51.740600,GOES-19,2026-09-20 14:30:00
-13.203000,-51.740600,GOES-19,2026-09-20 14:40:00
-13.203000,-51.740600,GOES-19,2026-09-20 14:50:00
-13.203000,-51.740600,GOES-19,2026-09-20 15:00:00
-13.203000,-51.740600,GOES-19,2026-09-20 15:10:00
-13.203000,-51.740600,GOES-19,2026-09-20 15:20:00
-13.222200,-51.738200,GOES-19,2026-09-20 14:00:00
-13.222200,-51.738200,GOES-19,2026-09-20 14:10:00
-13.222200,-51.738200,GOES-19,2026-09-20 14:20:00
-13.222200,-51.738200,GOES-19,2026-09-20 14:30:00
-13.222200,-51.738200,GOES-19,2026-09-20 14:40:00
-13.222200,-51.738200,GOES-19,2026-09-20 14:50:00
-13.222200,-51.738200,GOES-19,2026-09-20 15:00:00
-13.222200,-51.738200,GOES-19,2026-09-20 15:10:00
-13.222200,-51.738200,GOES-19,2026-09-20 15:20:00
-13.241400,-51.735900,GOES-19,2026-09-20 14:00:00
-13.241400,-51.735900,GOES-19,2026-09-20 14:10:00
-13.241400,-51.735900,GOES-19,2026-09-20 14:20:00
-13.241400,-51.735900,GOES-19,2026-09-20 14:30:00
-13.241400,-51.735900,GOES-19,2026-09-20 14:40:00
-13.241400,-51.735900,GOES-19,2026-09-20 14:50:00
-13.241400,-51.735900,GOES-19,2026-09-20 15:00:00
-13.241400,-51.735900,GOES-19,2026-09-20 15:10:00
-13.241400,-51.735900,GOES-19,2026-09-20 15:20:00
-13.260600,-51.733500,GOES-19,2026-09-20 14:00:00
-13.260600,-51.733500,GOES-19,2026-09-20 14:10:00
-13.260600,-51.733500,GOES-19,2026-09-20 14:20:00
-13.260600,-51.733500,GOES-19,2026-09-20 14:30:00
-13.260600,-51.733500,GOES-19,2026-09-20 14:40:00
-13.260600,-51.733500,GOES-19,2026-09-20 14:50:00
-13.260600,-51.733500,GOES-19,2026-09-20 15:00:00
-13.260600,-51.733500,GOES-19,2026-09-20 15:10:00
-13.260600,-51.733500,GOES-19,2026-09-20 15:20:00
-13.279800,-51.731200,GOES-19,2026-09-20 14:00:00
-13.279800,-51.731200,GOES-19,2026-09-20 14:10:00
-13.279800,-51.731200,GOES-19,2026-09-20 15:00:00
-13.279800,-51.731200,GOES-19,2026-09-20 15:10:00
-13.279800,-51.731200,GOES-19,2026-09-20 15:20:00
-5.960600,-52.267400,GOES-19,2026-09-20 18:30:00
-5.960600,-52.267400,GOES-19,2026-09-20 18:40:00
-5.960600,-52.267400,GOES-19,2026-09-20 18:50:00
-5.960600,-52.267400,GOES-19,2026-09-20 19:00:00
-5.960600,-52.267400,GOES-19,2026-09-20 19:10:00
-5.960600,-52.267400,GOES-19,2026-09-20 19:20:00
-5.979100,-52.266400,GOES-19,2026-09-20 18:40:00
-5.979100,-52.266400,GOES-19,2026-09-20 19:00:00
-5.979100,-52.266400,GOES-19,2026-09-20 19:10:00
-5.979100,-52.266400,GOES-19,2026-09-20 19:20:00
-5.979100,-52.266400,GOES-19,2026-09-20 19:30:00
-5.979100,-52.266400,GOES-19,2026-09-20 19:40:00
-9.711000,-52.002500,GOES-19,2026-09-20 18:40:00
-5.960700,-52.246800,GOES-19,2026-09-20 18:20:00
-5.960700,-52.246800,GOES-19,2026-09-20 18:30:00
-5.960700,-52.246800,GOES-19,2026-09-20 18:40:00
-5.960700,-52.246800,GOES-19,2026-09-20 18:50:00
-9.711300,-51.981600,GOES-19,2026-09-20 18:40:00
-5.960800,-52.226200,GOES-19,2026-09-20 14:50:00
-5.979400,-52.225200,GOES-19,2026-09-20 14:30:00
-5.961000,-52.205600,GOES-19,2026-09-20 13:50:00
-5.961000,-52.205600,GOES-19,2026-09-20 14:10:00
-5.961000,-52.205600,GOES-19,2026-09-20 14:20:00
-5.961000,-52.205600,GOES-19,2026-09-20 14:50:00
-5.961000,-52.205600,GOES-19,2026-09-20 18:10:00
-13.610000,-51.476900,GOES-19,2026-09-20 14:10:00
-13.610000,-51.476900,GOES-19,2026-09-20 14:20:00
-13.610000,-51.476900,GOES-19,2026-09-20 14:30:00
-13.610000,-51.476900,GOES-19,2026-09-20 14:40:00
-13.610000,-51.476900,GOES-19,2026-09-20 14:50:00
-13.610000,-51.476900,GOES-19,2026-09-20 15:00:00
-13.610000,-51.476900,GOES-19,2026-09-20 15:10:00
-13.610000,-51.476900,GOES-19,2026-09-20 15:20:00
-13.610300,-51.455600,GOES-19,2026-09-20 14:10:00
-13.610300,-51.455600,GOES-19,2026-09-20 14:20:00
-13.610300,-51.455600,GOES-19,2026-09-20 14:30:00
-13.610300,-51.455600,GOES-19,2026-09-20 14:40:00
-13.610300,-51.455600,GOES-19,2026-09-20 14:50:00
-13.610300,-51.455600,GOES-19,2026-09-20 15:00:00
-13.610300,-51.455600,GOES-19,2026-09-20 15:10:00
-13.610300,-51.455600,GOES-19,2026-09-20 15:20:00
-13.438600,-51.392100,GOES-19,2026-09-20 14:30:00
-4.094400,-52.125200,GOES-19,2026-09-20 18:40:00
-3.891500,-52.112000,GOES-19,2026-09-20 18:50:00
-11.378700,-51.441200,GOES-19,2026-09-20 14:10:00
-11.397700,-51.439200,GOES-19,2026-09-20 14:10:00
-11.359700,-51.443200,GOES-19,2026-09-20 12:10:00
-7.394600,-51.767000,GOES-19,2026-09-20 18:50:00
-7.394600,-51.767000,GOES-19,2026-09-20 19:00:00
-11.360000,-51.422100,GOES-19,2026-09-20 12:00:00
-11.360000,-51.422100,GOES-19,2026-09-20 12:10:00
-11.360000,-51.422100,GOES-19,2026-09-20 12:20:00
-11.360000,-51.422100,GOES-19,2026-09-20 12:30:00
-11.360000,-51.422100,GOES-19,2026-09-20 12:50:00
-11.360000,-51.422100,GOES-19,2026-09-20 13:00:00
-11.360000,-51.422100,GOES-19,2026-09-20 13:10:00
-11.360000,-51.422100,GOES-19,2026-09-20 13:20:00
-11.360000,-51.422100,GOES-19,2026-09-20 13:30:00
-11.360000,-51.422100,GOES-19,2026-09-20 13:40:00
-11.360000,-51.422100,GOES-19,2026-09-20 13:50:00
-11.360000,-51.422100,GOES-19,2026-09-20 14:00:00
-11.360000,-51.422100,GOES-19,2026-09-20 14:10:00
-11.360000,-51.422100,GOES-19,2026-09-20 14:20:00
-11.379000,-51.420000,GOES-19,2026-09-20 14:10:00
-11.379000,-51.420000,GOES-19,2026-09-20 15:20:00
-11.398000,-51.418000,GOES-19,2026-09-20 14:10:00
-11.398000,-51.418000,GOES-19,2026-09-20 15:20:00
-11.360300,-51.400900,GOES-19,2026-09-20 14:10:00
-11.379300,-51.398900,GOES-19,2026-09-20 14:10:00
-11.379300,-51.398900,GOES-19,2026-09-20 15:20:00
-11.379600,-51.377700,GOES-19,2026-09-20 15:20:00
-11.398600,-51.375700,GOES-19,2026-09-20 15:20:00
-11.360900,-51.358500,GOES-19,2026-09-20 15:20:00
-11.361200,-51.337400,GOES-19,2026-09-20 15:20:00
-11.380200,-51.335300,GOES-19,2026-09-20 14:50:00
-11.380200,-51.335300,GOES-19,2026-09-20 15:00:00
-11.380200,-51.335300,GOES-19,2026-09-20 15:10:00
-11.380200,-51.335300,GOES-19,2026-09-20 15:30:00
-12.888900,-51.033800,GOES-19,2026-09-20 14:30:00
-12.888900,-51.033800,GOES-19,2026-09-20 14:40:00
-12.888900,-51.033800,GOES-19,2026-09-20 14:50:00
-12.888900,-51.033800,GOES-19,2026-09-20 15:00:00
-12.888900,-51.033800,GOES-19,2026-09-20 15:10:00
-12.870100,-51.014800,GOES-19,2026-09-20 14:40:00
-12.870100,-51.014800,GOES-19,2026-09-20 15:00:00
-12.889300,-51.012400,GOES-19,2026-09-20 14:40:00
-12.889300,-51.012400,GOES-19,2026-09-20 15:00:00
-12.908400,-51.010000,GOES-19,2026-09-20 14:40:00
-12.908400,-51.010000,GOES-19,2026-09-20 15:00:00
-12.870400,-50.993300,GOES-19,2026-09-20 14:40:00
-12.870400,-50.993300,GOES-19,2026-09-20 15:00:00
-12.889600,-50.991000,GOES-19,2026-09-20 14:40:00
-12.889600,-50.991000,GOES-19,2026-09-20 15:00:00
-12.908800,-50.988600,GOES-19,2026-09-20 15:00:00
-12.507700,-50.973400,GOES-19,2026-09-20 12:20:00
-12.507700,-50.973400,GOES-19,2026-09-20 12:40:00
-12.507700,-50.973400,GOES-19,2026-09-20 12:50:00
-12.507700,-50.973400,GOES-19,2026-09-20 13:00:00
-12.507700,-50.973400,GOES-19,2026-09-20 13:10:00
-12.507700,-50.973400,GOES-19,2026-09-20 14:00:00
-12.507700,-50.973400,GOES-19,2026-09-20 14:10:00
-12.507700,-50.973400,GOES-19,2026-09-20 14:30:00
-12.507700,-50.973400,GOES-19,2026-09-20 14:40:00
-12.507700,-50.973400,GOES-19,2026-09-20 14:50:00
-12.507700,-50.973400,GOES-19,2026-09-20 15:00:00
-12.660800,-50.954900,GOES-19,2026-09-20 15:00:00
-12.488600,-50.975700,GOES-19,2026-09-20 14:00:00
-12.488600,-50.975700,GOES-19,2026-09-20 14:10:00
-12.488600,-50.975700,GOES-19,2026-09-20 14:40:00
-12.488600,-50.975700,GOES-19,2026-09-20 14:50:00
-12.488600,-50.975700,GOES-19,2026-09-20 15:10:00
-12.489000,-50.954300,GOES-19,2026-09-20 14:30:00
-12.508100,-50.952000,GOES-19,2026-09-20 12:20:00
-12.508100,-50.952000,GOES-19,2026-09-20 12:40:00
-12.508100,-50.952000,GOES-19,2026-09-20 12:50:00
-12.508100,-50.952000,GOES-19,2026-09-20 13:00:00
-12.508100,-50.952000,GOES-19,2026-09-20 13:10:00
-12.661100,-50.933500,GOES-19,2026-09-20 12:00:00
-12.661100,-50.933500,GOES-19,2026-09-20 12:10:00
-12.661100,-50.933500,GOES-19,2026-09-20 12:30:00
-12.661100,-50.933500,GOES-19,2026-09-20 14:00:00
-12.661100,-50.933500,GOES-19,2026-09-20 14:30:00
-12.661100,-50.933500,GOES-19,2026-09-20 14:40:00
-12.661100,-50.933500,GOES-19,2026-09-20 14:50:00
-12.661100,-50.933500,GOES-19,2026-09-20 15:00:00
-6.616300,-51.422300,GOES-19,2026-09-20 18:40:00
-10.476900,-50.984600,GOES-19,2026-09-20 13:10:00
-10.476900,-50.984600,GOES-19,2026-09-20 13:20:00
-10.476900,-50.984600,GOES-19,2026-09-20 13:30:00
-10.476900,-50.984600,GOES-19,2026-09-20 13:40:00
-10.476900,-50.984600,GOES-19,2026-09-20 13:50:00
-10.476900,-50.984600,GOES-19,2026-09-20 14:00:00
-10.476900,-50.984600,GOES-19,2026-09-20 14:10:00
-10.476900,-50.984600,GOES-19,2026-09-20 14:20:00
-10.476900,-50.984600,GOES-19,2026-09-20 14:30:00
-10.476900,-50.984600,GOES-19,2026-09-20 14:40:00
-10.495800,-50.982700,GOES-19,2026-09-20 13:10:00
-10.495800,-50.982700,GOES-19,2026-09-20 13:20:00
-10.495800,-50.982700,GOES-19,2026-09-20 13:30:00
-10.495800,-50.982700,GOES-19,2026-09-20 13:40:00
-10.836400,-50.947900,GOES-19,2026-09-20 15:30:00
-10.855300,-50.945900,GOES-19,2026-09-20 15:30:00
-10.817700,-50.928600,GOES-19,2026-09-20 15:30:00
-10.836700,-50.926600,GOES-19,2026-09-20 15:30:00
-10.855600,-50.924600,GOES-19,2026-09-20 12:50:00
-10.855600,-50.924600,GOES-19,2026-09-20 13:00:00
-10.855600,-50.924600,GOES-19,2026-09-20 13:10:00
-10.855600,-50.924600,GOES-19,2026-09-20 13:20:00
-10.855600,-50.924600,GOES-19,2026-09-20 13:30:00
-10.855600,-50.924600,GOES-19,2026-09-20 13:40:00
-10.855600,-50.924600,GOES-19,2026-09-20 13:50:00
-10.855600,-50.924600,GOES-19,2026-09-20 14:00:00
-10.855600,-50.924600,GOES-19,2026-09-20 14:10:00
-10.855600,-50.924600,GOES-19,2026-09-20 14:20:00
-10.855600,-50.924600,GOES-19,2026-09-20 14:30:00
-10.855600,-50.924600,GOES-19,2026-09-20 14:40:00
-10.855600,-50.924600,GOES-19,2026-09-20 14:50:00
-10.855600,-50.924600,GOES-19,2026-09-20 15:00:00
-10.855600,-50.924600,GOES-19,2026-09-20 15:10:00
-10.855600,-50.924600,GOES-19,2026-09-20 15:20:00
-10.855600,-50.924600,GOES-19,2026-09-20 15:30:00
-10.477200,-50.963400,GOES-19,2026-09-20 12:50:00
-10.477200,-50.963400,GOES-19,2026-09-20 13:00:00
-10.477200,-50.963400,GOES-19,2026-09-20 13:10:00
-10.477200,-50.963400,GOES-19,2026-09-20 13:20:00
-10.477200,-50.963400,GOES-19,2026-09-20 13:30:00
-10.477200,-50.963400,GOES-19,2026-09-20 13:40:00
-10.477200,-50.963400,GOES-19,2026-09-20 13:50:00
-10.477200,-50.963400,GOES-19,2026-09-20 14:00:00
-10.477200,-50.963400,GOES-19,2026-09-20 14:10:00
-10.477200,-50.963400,GOES-19,2026-09-20 14:20:00
-10.477200,-50.963400,GOES-19,2026-09-20 14:30:00
-10.477200,-50.963400,GOES-19,2026-09-20 14:40:00
-10.477200,-50.963400,GOES-19,2026-09-20 14:50:00
-10.477200,-50.963400,GOES-19,2026-09-20 15:00:00
-10.477200,-50.963400,GOES-19,2026-09-20 15:10:00
-10.496100,-50.961500,GOES-19,2026-09-20 13:00:00
-10.496100,-50.961500,GOES-19,2026-09-20 13:10:00
-10.496100,-50.961500,GOES-19,2026-09-20 13:20:00
-10.496100,-50.961500,GOES-19,2026-09-20 13:30:00
-10.496100,-50.961500,GOES-19,2026-09-20 13:40:00
-10.496100,-50.961500,GOES-19,2026-09-20 13:50:00
-10.496100,-50.961500,GOES-19,2026-09-20 14:00:00
-10.837000,-50.905400,GOES-19,2026-09-20 15:30:00
-3.101800,-51.373900,GOES-19,2026-09-20 19:50:00
-3.802800,-51.351300,GOES-19,2026-09-20 19:00:00
-3.802800,-51.351300,GOES-19,2026-09-20 19:10:00
-3.802800,-51.351300,GOES-19,2026-09-20 19:20:00
-10.781600,-50.805000,GOES-19,2026-09-20 20:30:00
-10.781600,-50.805000,GOES-19,2026-09-20 22:40:00
-10.781600,-50.805000,GOES-19,2026-09-20 23:40:00
-10.781600,-50.805000,GOES-19,2026-09-20 23:50:00
-10.800500,-50.803000,GOES-19,2026-09-20 20:20:00
-10.800500,-50.803000,GOES-19,2026-09-20 20:30:00
-10.800500,-50.803000,GOES-19,2026-09-20 22:40:00
-10.800500,-50.803000,GOES-19,2026-09-20 23:40:00
-10.744000,-50.787600,GOES-19,2026-09-20 15:30:00
-10.744000,-50.787600,GOES-19,2026-09-20 15:40:00
-10.744000,-50.787600,GOES-19,2026-09-20 15:50:00
-10.744000,-50.787600,GOES-19,2026-09-20 23:40:00
-10.744000,-50.787600,GOES-19,2026-09-20 23:50:00
-10.762900,-50.785700,GOES-19,2026-09-20 23:40:00
-10.762900,-50.785700,GOES-19,2026-09-20 23:50:00
-10.725300,-50.768300,GOES-19,2026-09-20 14:50:00
-10.725300,-50.768300,GOES-19,2026-09-20 15:00:00
-10.725300,-50.768300,GOES-19,2026-09-20 15:20:00
-10.725300,-50.768300,GOES-19,2026-09-20 15:30:00
-10.725300,-50.768300,GOES-19,2026-09-20 15:50:00
-10.725300,-50.768300,GOES-19,2026-09-20 17:50:00
-10.725300,-50.768300,GOES-19,2026-09-20 20:10:00
-10.725300,-50.768300,GOES-19,2026-09-20 20:20:00
-10.725300,-50.768300,GOES-19,2026-09-20 23:40:00
-10.725300,-50.768300,GOES-19,2026-09-20 23:50:00
-10.706700,-50.749000,GOES-19,2026-09-20 14:30:00
-10.706700,-50.749000,GOES-19,2026-09-20 14:40:00
-10.706700,-50.749000,GOES-19,2026-09-20 14:50:00
-10.706700,-50.749000,GOES-19,2026-09-20 15:00:00
-10.706700,-50.749000,GOES-19,2026-09-20 15:10:00
-10.706700,-50.749000,GOES-19,2026-09-20 15:20:00
-10.706700,-50.749000,GOES-19,2026-09-20 15:30:00
-10.706700,-50.749000,GOES-19,2026-09-20 15:40:00
-10.706700,-50.749000,GOES-19,2026-09-20 15:50:00
-10.706700,-50.749000,GOES-19,2026-09-20 20:10:00
-10.706700,-50.749000,GOES-19,2026-09-20 20:20:00
-10.706700,-50.749000,GOES-19,2026-09-20 23:40:00
-10.706700,-50.749000,GOES-19,2026-09-20 23:50:00
-10.725600,-50.747000,GOES-19,2026-09-20 20:10:00
-10.725600,-50.747000,GOES-19,2026-09-20 20:20:00
-10.725600,-50.747000,GOES-19,2026-09-20 23:40:00
-10.763500,-50.743100,GOES-19,2026-09-20 20:20:00
-10.688100,-50.729700,GOES-19,2026-09-20 14:10:00
-10.688100,-50.729700,GOES-19,2026-09-20 14:20:00
-10.688100,-50.729700,GOES-19,2026-09-20 14:30:00
-10.688100,-50.729700,GOES-19,2026-09-20 14:40:00
-10.688100,-50.729700,GOES-19,2026-09-20 14:50:00
-10.688100,-50.729700,GOES-19,2026-09-20 15:00:00
-10.688100,-50.729700,GOES-19,2026-09-20 15:10:00
-10.688100,-50.729700,GOES-19,2026-09-20 15:20:00
-10.688100,-50.729700,GOES-19,2026-09-20 15:30:00
-10.688100,-50.729700,GOES-19,2026-09-20 15:40:00
-10.688100,-50.729700,GOES-19,2026-09-20 15:50:00
-10.688100,-50.729700,GOES-19,2026-09-20 20:10:00
-10.688100,-50.729700,GOES-19,2026-09-20 20:20:00
-10.688100,-50.729700,GOES-19,2026-09-20 23:40:00
-10.688100,-50.729700,GOES-19,2026-09-20 23:50:00
-10.707000,-50.727700,GOES-19,2026-09-20 14:20:00
-10.707000,-50.727700,GOES-19,2026-09-20 14:30:00
-10.707000,-50.727700,GOES-19,2026-09-20 15:20:00
-10.707000,-50.727700,GOES-19,2026-09-20 20:10:00
-10.725900,-50.725700,GOES-19,2026-09-20 15:00:00
-10.725900,-50.725700,GOES-19,2026-09-20 20:10:00
-10.669400,-50.710300,GOES-19,2026-09-20 14:30:00
-10.669400,-50.710300,GOES-19,2026-09-20 14:40:00
-10.669400,-50.710300,GOES-19,2026-09-20 14:50:00
-10.669400,-50.710300,GOES-19,2026-09-20 15:00:00
-10.669400,-50.710300,GOES-19,2026-09-20 15:10:00
-10.669400,-50.710300,GOES-19,2026-09-20 15:20:00
-10.669400,-50.710300,GOES-19,2026-09-20 15:30:00
-10.669400,-50.710300,GOES-19,2026-09-20 15:40:00
-10.669400,-50.710300,GOES-19,2026-09-20 15:50:00
-10.688300,-50.708400,GOES-19,2026-09-20 14:00:00
-10.688300,-50.708400,GOES-19,2026-09-20 14:10:00
-10.688300,-50.708400,GOES-19,2026-09-20 14:20:00
-10.688300,-50.708400,GOES-19,2026-09-20 14:30:00
-10.688300,-50.708400,GOES-19,2026-09-20 14:40:00
-10.688300,-50.708400,GOES-19,2026-09-20 14:50:00
-10.688300,-50.708400,GOES-19,2026-09-20 15:00:00
-10.688300,-50.708400,GOES-19,2026-09-20 15:10:00
-10.688300,-50.708400,GOES-19,2026-09-20 15:20:00
-10.688300,-50.708400,GOES-19,2026-09-20 15:30:00
-10.688300,-50.708400,GOES-19,2026-09-20 20:10:00
-10.688300,-50.708400,GOES-19,2026-09-20 20:20:00
-10.707300,-50.706400,GOES-19,2026-09-20 14:20:00
-10.707300,-50.706400,GOES-19,2026-09-20 14:30:00
-10.707300,-50.706400,GOES-19,2026-09-20 14:40:00
-10.707300,-50.706400,GOES-19,2026-09-20 14:50:00
-10.707300,-50.706400,GOES-19,2026-09-20 15:00:00
-10.707300,-50.706400,GOES-19,2026-09-20 15:10:00
-10.707300,-50.706400,GOES-19,2026-09-20 15:20:00
-10.707300,-50.706400,GOES-19,2026-09-20 15:30:00
-10.669700,-50.689100,GOES-19,2026-09-20 14:30:00
-10.669700,-50.689100,GOES-19,2026-09-20 14:40:00
-10.669700,-50.689100,GOES-19,2026-09-20 14:50:00
-10.669700,-50.689100,GOES-19,2026-09-20 15:00:00
-10.669700,-50.689100,GOES-19,2026-09-20 15:10:00
-10.669700,-50.689100,GOES-19,2026-09-20 15:20:00
-10.669700,-50.689100,GOES-19,2026-09-20 15:30:00
-10.669700,-50.689100,GOES-19,2026-09-20 15:40:00
-10.669700,-50.689100,GOES-19,2026-09-20 15:50:00
-10.651000,-50.669700,GOES-19,2026-09-20 14:00:00
-10.651000,-50.669700,GOES-19,2026-09-20 14:10:00
-10.651000,-50.669700,GOES-19,2026-09-20 14:20:00
-10.651000,-50.669700,GOES-19,2026-09-20 14:30:00
-10.651000,-50.669700,GOES-19,2026-09-20 14:40:00
-10.651000,-50.669700,GOES-19,2026-09-20 14:50:00
-10.651000,-50.669700,GOES-19,2026-09-20 15:00:00
-10.651000,-50.669700,GOES-19,2026-09-20 15:10:00
-10.651000,-50.669700,GOES-19,2026-09-20 15:20:00
-10.651000,-50.669700,GOES-19,2026-09-20 15:30:00
-10.651000,-50.669700,GOES-19,2026-09-20 15:40:00
-10.651000,-50.669700,GOES-19,2026-09-20 15:50:00
-10.651000,-50.669700,GOES-19,2026-09-20 16:00:00
-10.670000,-50.667800,GOES-19,2026-09-20 14:30:00
-10.670000,-50.667800,GOES-19,2026-09-20 14:40:00
-10.670000,-50.667800,GOES-19,2026-09-20 14:50:00
-10.670000,-50.667800,GOES-19,2026-09-20 15:00:00
-10.670000,-50.667800,GOES-19,2026-09-20 15:10:00
-10.670000,-50.667800,GOES-19,2026-09-20 15:20:00
-10.670000,-50.667800,GOES-19,2026-09-20 15:30:00
-10.670000,-50.667800,GOES-19,2026-09-20 15:40:00
-10.670000,-50.667800,GOES-19,2026-09-20 15:50:00
-10.688900,-50.665800,GOES-19,2026-09-20 15:00:00
-10.688900,-50.665800,GOES-19,2026-09-20 15:10:00
-10.688900,-50.665800,GOES-19,2026-09-20 15:20:00
-10.688900,-50.665800,GOES-19,2026-09-20 15:30:00
-10.688900,-50.665800,GOES-19,2026-09-20 15:40:00
-10.802800,-50.632600,GOES-19,2026-09-20 14:50:00
-10.821800,-50.630600,GOES-19,2026-09-20 14:20:00
-10.651300,-50.648400,GOES-19,2026-09-20 14:00:00
-10.651300,-50.648400,GOES-19,2026-09-20 14:10:00
-10.651300,-50.648400,GOES-19,2026-09-20 14:30:00
-10.651300,-50.648400,GOES-19,2026-09-20 14:40:00
-10.651300,-50.648400,GOES-19,2026-09-20 14:50:00
-10.651300,-50.648400,GOES-19,2026-09-20 15:00:00
-10.651300,-50.648400,GOES-19,2026-09-20 15:10:00
-10.651300,-50.648400,GOES-19,2026-09-20 15:20:00
-10.651300,-50.648400,GOES-19,2026-09-20 15:30:00
-10.651300,-50.648400,GOES-19,2026-09-20 15:40:00
-10.651300,-50.648400,GOES-19,2026-09-20 15:50:00
-10.651300,-50.648400,GOES-19,2026-09-20 16:00:00
-10.670300,-50.646500,GOES-19,2026-09-20 14:30:00
-10.670300,-50.646500,GOES-19,2026-09-20 14:40:00
-10.670300,-50.646500,GOES-19,2026-09-20 14:50:00
-10.670300,-50.646500,GOES-19,2026-09-20 15:00:00
-10.670300,-50.646500,GOES-19,2026-09-20 15:10:00
-10.670300,-50.646500,GOES-19,2026-09-20 15:20:00
-10.670300,-50.646500,GOES-19,2026-09-20 15:30:00
-10.670300,-50.646500,GOES-19,2026-09-20 15:40:00
-15.141900,-50.075100,GOES-19,2026-09-20 14:20:00
1.058000,-51.165000,GOES-19,2026-09-20 17:50:00
1.058000,-51.165000,GOES-19,2026-09-20 18:30:00
-10.670500,-50.625100,GOES-19,2026-09-20 15:50:00
-10.746300,-50.617200,GOES-19,2026-09-20 14:50:00
-10.765200,-50.615300,GOES-19,2026-09-20 14:50:00
-10.784200,-50.613300,GOES-19,2026-09-20 14:50:00
-10.632700,-50.629100,GOES-19,2026-09-20 15:10:00
-10.632700,-50.629100,GOES-19,2026-09-20 15:20:00
-10.632700,-50.629100,GOES-19,2026-09-20 15:30:00
-10.632700,-50.629100,GOES-19,2026-09-20 15:40:00
-10.632700,-50.629100,GOES-19,2026-09-20 15:50:00
-10.651600,-50.627100,GOES-19,2026-09-20 15:00:00
-10.651600,-50.627100,GOES-19,2026-09-20 15:10:00
-10.651600,-50.627100,GOES-19,2026-09-20 15:20:00
-10.651600,-50.627100,GOES-19,2026-09-20 15:30:00
-10.651600,-50.627100,GOES-19,2026-09-20 15:40:00
-10.651600,-50.627100,GOES-19,2026-09-20 15:50:00
-10.746600,-50.595900,GOES-19,2026-09-20 14:50:00
-10.293700,-50.557300,GOES-19,2026-09-20 17:50:00
-10.293700,-50.557300,GOES-19,2026-09-20 18:20:00
-10.293700,-50.557300,GOES-19,2026-09-20 18:40:00
-10.293700,-50.557300,GOES-19,2026-09-20 18:50:00
-10.312600,-50.555400,GOES-19,2026-09-20 18:50:00
-10.312600,-50.555400,GOES-19,2026-09-20 19:00:00
-10.312600,-50.555400,GOES-19,2026-09-20 19:10:00
-8.881700,-50.667800,GOES-19,2026-09-20 18:10:00
-10.294000,-50.536000,GOES-19,2026-09-20 18:50:00
-10.294000,-50.536000,GOES-19,2026-09-20 19:00:00
-10.540900,-50.425600,GOES-19,2026-09-20 15:10:00
-10.540900,-50.425600,GOES-19,2026-09-20 15:20:00
-12.253200,-50.168000,GOES-19,2026-09-20 14:00:00
-12.253200,-50.168000,GOES-19,2026-09-20 14:10:00
-12.253200,-50.168000,GOES-19,2026-09-20 14:20:00
-12.253200,-50.168000,GOES-19,2026-09-20 14:30:00
-12.253200,-50.168000,GOES-19,2026-09-20 14:40:00
-12.253200,-50.168000,GOES-19,2026-09-20 14:50:00
-12.253200,-50.168000,GOES-19,2026-09-20 15:00:00
-12.253200,-50.168000,GOES-19,2026-09-20 22:50:00
-11.452700,-50.240900,GOES-19,2026-09-20 15:30:00
-11.662100,-50.216900,GOES-19,2026-09-20 12:50:00
-11.662100,-50.216900,GOES-19,2026-09-20 13:00:00
-11.662100,-50.216900,GOES-19,2026-09-20 13:10:00
-11.662100,-50.216900,GOES-19,2026-09-20 13:20:00
-11.662100,-50.216900,GOES-19,2026-09-20 13:30:00
-11.662100,-50.216900,GOES-19,2026-09-20 13:40:00
-11.681200,-50.214700,GOES-19,2026-09-20 14:30:00
-11.681200,-50.214700,GOES-19,2026-09-20 14:50:00
-11.681200,-50.214700,GOES-19,2026-09-20 15:00:00
-11.681200,-50.214700,GOES-19,2026-09-20 15:10:00
-10.447700,-50.328500,GOES-19,2026-09-20 18:20:00
-10.447700,-50.328500,GOES-19,2026-09-20 18:30:00
-10.447700,-50.328500,GOES-19,2026-09-20 19:50:00
-10.447700,-50.328500,GOES-19,2026-09-20 20:00:00
-10.447700,-50.328500,GOES-19,2026-09-20 20:10:00
-10.447700,-50.328500,GOES-19,2026-09-20 20:20:00
-10.447700,-50.328500,GOES-19,2026-09-20 20:40:00
-10.447700,-50.328500,GOES-19,2026-09-20 21:00:00
-10.447700,-50.328500,GOES-19,2026-09-20 21:10:00
-10.447700,-50.328500,GOES-19,2026-09-20 22:00:00
-10.447700,-50.328500,GOES-19,2026-09-20 22:10:00
-10.447700,-50.328500,GOES-19,2026-09-20 22:20:00
-10.447700,-50.328500,GOES-19,2026-09-20 22:30:00
-10.447700,-50.328500,GOES-19,2026-09-20 22:40:00
-10.447700,-50.328500,GOES-19,2026-09-20 22:50:00
-10.447700,-50.328500,GOES-19,2026-09-20 23:00:00
-10.447700,-50.328500,GOES-19,2026-09-20 23:10:00
-10.447700,-50.328500,GOES-19,2026-09-20 23:20:00
-10.447700,-50.328500,GOES-19,2026-09-20 23:30:00
-11.643400,-50.197600,GOES-19,2026-09-20 14:20:00
-11.662400,-50.195400,GOES-19,2026-09-20 13:30:00
-12.521700,-50.091600,GOES-19,2026-09-20 14:50:00
-12.540800,-50.089200,GOES-19,2026-09-20 14:50:00
-12.540800,-50.089200,GOES-19,2026-09-20 15:00:00
-10.391300,-50.313000,GOES-19,2026-09-20 16:00:00
-10.391300,-50.313000,GOES-19,2026-09-20 16:10:00
-10.391300,-50.313000,GOES-19,2026-09-20 16:20:00
-10.391300,-50.313000,GOES-19,2026-09-20 16:30:00
-10.391300,-50.313000,GOES-19,2026-09-20 16:40:00
-10.391300,-50.313000,GOES-19,2026-09-20 17:30:00
-10.391300,-50.313000,GOES-19,2026-09-20 20:00:00
-10.391300,-50.313000,GOES-19,2026-09-20 22:40:00
-10.391300,-50.313000,GOES-19,2026-09-20 22:50:00
-10.391300,-50.313000,GOES-19,2026-09-20 23:00:00
-10.391300,-50.313000,GOES-19,2026-09-20 23:10:00
-10.391300,-50.313000,GOES-19,2026-09-20 23:20:00
-10.391300,-50.313000,GOES-19,2026-09-20 23:30:00
-10.410200,-50.311000,GOES-19,2026-09-20 16:10:00
-10.410200,-50.311000,GOES-19,2026-09-20 16:20:00
-10.410200,-50.311000,GOES-19,2026-09-20 16:30:00
-10.410200,-50.311000,GOES-19,2026-09-20 17:20:00
-10.410200,-50.311000,GOES-19,2026-09-20 18:20:00
-10.410200,-50.311000,GOES-19,2026-09-20 18:30:00
-10.410200,-50.311000,GOES-19,2026-09-20 20:00:00
-10.410200,-50.311000,GOES-19,2026-09-20 20:10:00
-10.410200,-50.311000,GOES-19,2026-09-20 22:50:00
-10.429100,-50.309100,GOES-19,2026-09-20 18:20:00
-10.429100,-50.309100,GOES-19,2026-09-20 18:30:00
-10.429100,-50.309100,GOES-19,2026-09-20 18:40:00
-10.429100,-50.309100,GOES-19,2026-09-20 19:40:00
-10.429100,-50.309100,GOES-19,2026-09-20 19:50:00
-10.429100,-50.309100,GOES-19,2026-09-20 20:00:00
-10.429100,-50.309100,GOES-19,2026-09-20 20:10:00
-10.429100,-50.309100,GOES-19,2026-09-20 20:20:00
-11.967800,-50.137900,GOES-19,2026-09-20 14:30:00
-11.967800,-50.137900,GOES-19,2026-09-20 15:00:00
-12.522000,-50.070000,GOES-19,2026-09-20 14:30:00
-12.522000,-50.070000,GOES-19,2026-09-20 14:40:00
-12.522000,-50.070000,GOES-19,2026-09-20 14:50:00
-12.522000,-50.070000,GOES-19,2026-09-20 15:00:00
-12.541200,-50.067600,GOES-19,2026-09-20 14:30:00
-12.541200,-50.067600,GOES-19,2026-09-20 14:40:00
-12.541200,-50.067600,GOES-19,2026-09-20 14:50:00
-12.541200,-50.067600,GOES-19,2026-09-20 15:00:00
-10.372700,-50.293600,GOES-19,2026-09-20 15:10:00
-10.372700,-50.293600,GOES-19,2026-09-20 15:20:00
-10.372700,-50.293600,GOES-19,2026-09-20 15:30:00
-10.372700,-50.293600,GOES-19,2026-09-20 15:40:00
-10.372700,-50.293600,GOES-19,2026-09-20 15:50:00
-10.372700,-50.293600,GOES-19,2026-09-20 16:10:00
-10.372700,-50.293600,GOES-19,2026-09-20 16:20:00
-10.372700,-50.293600,GOES-19,2026-09-20 16:30:00
-10.372700,-50.293600,GOES-19,2026-09-20 16:40:00
-10.372700,-50.293600,GOES-19,2026-09-20 22:40:00
-10.372700,-50.293600,GOES-19,2026-09-20 22:50:00
-10.372700,-50.293600,GOES-19,2026-09-20 23:00:00
-10.372700,-50.293600,GOES-19,2026-09-20 23:10:00
-10.391600,-50.291600,GOES-19,2026-09-20 15:20:00
-10.391600,-50.291600,GOES-19,2026-09-20 15:30:00
-10.391600,-50.291600,GOES-19,2026-09-20 15:40:00
-10.391600,-50.291600,GOES-19,2026-09-20 15:50:00
-10.391600,-50.291600,GOES-19,2026-09-20 16:10:00
-10.391600,-50.291600,GOES-19,2026-09-20 16:20:00
-10.391600,-50.291600,GOES-19,2026-09-20 16:30:00
-10.391600,-50.291600,GOES-19,2026-09-20 16:40:00
-10.391600,-50.291600,GOES-19,2026-09-20 16:50:00
-10.391600,-50.291600,GOES-19,2026-09-20 17:00:00
-10.391600,-50.291600,GOES-19,2026-09-20 17:10:00
-10.391600,-50.291600,GOES-19,2026-09-20 17:20:00
-10.391600,-50.291600,GOES-19,2026-09-20 17:50:00
-10.391600,-50.291600,GOES-19,2026-09-20 18:00:00
-10.391600,-50.291600,GOES-19,2026-09-20 18:20:00
-10.391600,-50.291600,GOES-19,2026-09-20 22:50:00
-10.410500,-50.289700,GOES-19,2026-09-20 17:10:00
-10.410500,-50.289700,GOES-19,2026-09-20 17:20:00
-10.410500,-50.289700,GOES-19,2026-09-20 18:10:00
-10.410500,-50.289700,GOES-19,2026-09-20 18:20:00
-10.410500,-50.289700,GOES-19,2026-09-20 18:30:00
-10.410500,-50.289700,GOES-19,2026-09-20 18:40:00
-10.410500,-50.289700,GOES-19,2026-09-20 18:50:00
-10.410500,-50.289700,GOES-19,2026-09-20 19:00:00
-10.429400,-50.287700,GOES-19,2026-09-20 18:10:00
-10.429400,-50.287700,GOES-19,2026-09-20 18:20:00
-10.429400,-50.287700,GOES-19,2026-09-20 18:30:00
-10.429400,-50.287700,GOES-19,2026-09-20 18:40:00
-10.429400,-50.287700,GOES-19,2026-09-20 18:50:00
-10.429400,-50.287700,GOES-19,2026-09-20 19:00:00
-10.429400,-50.287700,GOES-19,2026-09-20 19:10:00
-10.429400,-50.287700,GOES-19,2026-09-20 19:20:00
-10.429400,-50.287700,GOES-19,2026-09-20 19:30:00
-10.429400,-50.287700,GOES-19,2026-09-20 19:40:00
-10.429400,-50.287700,GOES-19,2026-09-20 19:50:00
-10.429400,-50.287700,GOES-19,2026-09-20 20:00:00
-10.429400,-50.287700,GOES-19,2026-09-20 20:20:00
-10.448300,-50.285800,GOES-19,2026-09-20 18:50:00
-10.448300,-50.285800,GOES-19,2026-09-20 19:00:00
-10.448300,-50.285800,GOES-19,2026-09-20 19:10:00
-10.448300,-50.285800,GOES-19,2026-09-20 19:50:00
-10.448300,-50.285800,GOES-19,2026-09-20 20:00:00
-10.448300,-50.285800,GOES-19,2026-09-20 20:10:00
-10.448300,-50.285800,GOES-19,2026-09-20 20:20:00
-10.448300,-50.285800,GOES-19,2026-09-20 21:10:00
-10.580800,-50.272000,GOES-19,2026-09-20 12:30:00
-10.580800,-50.272000,GOES-19,2026-09-20 12:40:00
-10.580800,-50.272000,GOES-19,2026-09-20 13:40:00
-10.580800,-50.272000,GOES-19,2026-09-20 13:50:00
-10.580800,-50.272000,GOES-19,2026-09-20 15:30:00
-10.580800,-50.272000,GOES-19,2026-09-20 15:40:00
-10.580800,-50.272000,GOES-19,2026-09-20 16:10:00
-10.599700,-50.270000,GOES-19,2026-09-20 12:30:00
-10.599700,-50.270000,GOES-19,2026-09-20 12:40:00
-10.599700,-50.270000,GOES-19,2026-09-20 12:50:00
-10.599700,-50.270000,GOES-19,2026-09-20 13:40:00
-10.599700,-50.270000,GOES-19,2026-09-20 13:50:00
-10.599700,-50.270000,GOES-19,2026-09-20 14:00:00
-10.599700,-50.270000,GOES-19,2026-09-20 14:10:00
-11.949000,-50.118600,GOES-19,2026-09-20 14:30:00
-11.949000,-50.118600,GOES-19,2026-09-20 15:00:00
-11.968100,-50.116400,GOES-19,2026-09-20 14:30:00
-11.968100,-50.116400,GOES-19,2026-09-20 15:00:00
-12.522400,-50.048400,GOES-19,2026-09-20 14:30:00
-12.522400,-50.048400,GOES-19,2026-09-20 14:40:00
-12.522400,-50.048400,GOES-19,2026-09-20 14:50:00
-12.522400,-50.048400,GOES-19,2026-09-20 15:00:00
-12.541500,-50.046000,GOES-19,2026-09-20 14:30:00
-12.541500,-50.046000,GOES-19,2026-09-20 14:40:00
-12.541500,-50.046000,GOES-19,2026-09-20 14:50:00
-10.278400,-50.281800,GOES-19,2026-09-20 14:50:00
-10.297300,-50.279900,GOES-19,2026-09-20 03:30:00
-10.297300,-50.279900,GOES-19,2026-09-20 03:40:00
-10.297300,-50.279900,GOES-19,2026-09-20 14:50:00
-10.316200,-50.278000,GOES-19,2026-09-20 03:40:00
-10.354000,-50.274100,GOES-19,2026-09-20 13:50:00
-10.354000,-50.274100,GOES-19,2026-09-20 14:00:00
-10.354000,-50.274100,GOES-19,2026-09-20 14:30:00
-10.354000,-50.274100,GOES-19,2026-09-20 14:40:00
-10.354000,-50.274100,GOES-19,2026-09-20 14:50:00
-10.354000,-50.274100,GOES-19,2026-09-20 15:00:00
-10.354000,-50.274100,GOES-19,2026-09-20 15:10:00
-10.354000,-50.274100,GOES-19,2026-09-20 15:20:00
-10.354000,-50.274100,GOES-19,2026-09-20 15:30:00
-10.354000,-50.274100,GOES-19,2026-09-20 15:50:00
-10.354000,-50.274100,GOES-19,2026-09-20 22:40:00
-10.354000,-50.274100,GOES-19,2026-09-20 22:50:00
-10.354000,-50.274100,GOES-19,2026-09-20 23:00:00
-10.372900,-50.272200,GOES-19,2026-09-20 14:30:00
-10.372900,-50.272200,GOES-19,2026-09-20 14:40:00
-10.372900,-50.272200,GOES-19,2026-09-20 14:50:00
-10.372900,-50.272200,GOES-19,2026-09-20 15:00:00
-10.372900,-50.272200,GOES-19,2026-09-20 15:10:00
-10.372900,-50.272200,GOES-19,2026-09-20 15:20:00
-10.372900,-50.272200,GOES-19,2026-09-20 15:30:00
-10.372900,-50.272200,GOES-19,2026-09-20 15:40:00
-10.372900,-50.272200,GOES-19,2026-09-20 15:50:00
-10.372900,-50.272200,GOES-19,2026-09-20 16:00:00
-10.372900,-50.272200,GOES-19,2026-09-20 16:10:00
-10.372900,-50.272200,GOES-19,2026-09-20 16:20:00
-10.372900,-50.272200,GOES-19,2026-09-20 16:30:00
-10.372900,-50.272200,GOES-19,2026-09-20 16:40:00
-10.372900,-50.272200,GOES-19,2026-09-20 16:50:00
-10.372900,-50.272200,GOES-19,2026-09-20 17:30:00
-10.372900,-50.272200,GOES-19,2026-09-20 22:40:00
-10.372900,-50.272200,GOES-19,2026-09-20 22:50:00
-10.391900,-50.270200,GOES-19,2026-09-20 15:10:00
-10.391900,-50.270200,GOES-19,2026-09-20 15:50:00
-10.391900,-50.270200,GOES-19,2026-09-20 16:00:00
-10.391900,-50.270200,GOES-19,2026-09-20 16:30:00
-10.391900,-50.270200,GOES-19,2026-09-20 16:40:00
-10.391900,-50.270200,GOES-19,2026-09-20 17:00:00
-10.391900,-50.270200,GOES-19,2026-09-20 17:30:00
-10.391900,-50.270200,GOES-19,2026-09-20 18:00:00
-10.391900,-50.270200,GOES-19,2026-09-20 18:10:00
-10.391900,-50.270200,GOES-19,2026-09-20 18:20:00
-10.391900,-50.270200,GOES-19,2026-09-20 18:30:00
-10.391900,-50.270200,GOES-19,2026-09-20 18:50:00
-10.391900,-50.270200,GOES-19,2026-09-20 19:00:00
-10.391900,-50.270200,GOES-19,2026-09-20 19:40:00
-10.410800,-50.268300,GOES-19,2026-09-20 18:10:00
-10.410800,-50.268300,GOES-19,2026-09-20 18:20:00
-10.410800,-50.268300,GOES-19,2026-09-20 18:40:00
-10.410800,-50.268300,GOES-19,2026-09-20 18:50:00
-10.410800,-50.268300,GOES-19,2026-09-20 19:00:00
-10.410800,-50.268300,GOES-19,2026-09-20 19:20:00
-10.410800,-50.268300,GOES-19,2026-09-20 19:30:00
-10.410800,-50.268300,GOES-19,2026-09-20 19:40:00
-10.410800,-50.268300,GOES-19,2026-09-20 19:50:00
-10.581100,-50.250600,GOES-19,2026-09-20 12:20:00
-10.581100,-50.250600,GOES-19,2026-09-20 12:30:00
-10.581100,-50.250600,GOES-19,2026-09-20 12:40:00
-10.581100,-50.250600,GOES-19,2026-09-20 13:40:00
-10.581100,-50.250600,GOES-19,2026-09-20 15:10:00
-10.581100,-50.250600,GOES-19,2026-09-20 15:30:00
-11.949300,-50.097100,GOES-19,2026-09-20 14:30:00
-11.949300,-50.097100,GOES-19,2026-09-20 15:00:00
-11.968400,-50.094800,GOES-19,2026-09-20 14:10:00
-11.968400,-50.094800,GOES-19,2026-09-20 14:20:00
-11.968400,-50.094800,GOES-19,2026-09-20 14:30:00
-11.968400,-50.094800,GOES-19,2026-09-20 14:50:00
-11.968400,-50.094800,GOES-19,2026-09-20 15:00:00
-11.968400,-50.094800,GOES-19,2026-09-20 15:20:00
-12.522700,-50.026700,GOES-19,2026-09-20 14:30:00
-12.522700,-50.026700,GOES-19,2026-09-20 14:40:00
-12.522700,-50.026700,GOES-19,2026-09-20 14:50:00
-12.522700,-50.026700,GOES-19,2026-09-20 15:00:00
-12.541900,-50.024300,GOES-19,2026-09-20 14:30:00
-12.541900,-50.024300,GOES-19,2026-09-20 14:40:00
-12.541900,-50.024300,GOES-19,2026-09-20 14:50:00
-12.541900,-50.024300,GOES-19,2026-09-20 15:00:00
-10.259800,-50.262400,GOES-19,2026-09-20 16:30:00
-10.278700,-50.260500,GOES-19,2026-09-20 03:30:00
-10.278700,-50.260500,GOES-19,2026-09-20 14:50:00
-10.278700,-50.260500,GOES-19,2026-09-20 16:30:00
-10.297600,-50.258500,GOES-19,2026-09-20 03:30:00
-10.297600,-50.258500,GOES-19,2026-09-20 03:40:00
-10.297600,-50.258500,GOES-19,2026-09-20 07:40:00
-10.297600,-50.258500,GOES-19,2026-09-20 07:50:00
-10.297600,-50.258500,GOES-19,2026-09-20 14:50:00
-10.316500,-50.256600,GOES-19,2026-09-20 03:30:00
-10.316500,-50.256600,GOES-19,2026-09-20 03:40:00
-10.316500,-50.256600,GOES-19,2026-09-20 07:40:00
-10.316500,-50.256600,GOES-19,2026-09-20 07:50:00
-10.316500,-50.256600,GOES-19,2026-09-20 08:10:00
-10.316500,-50.256600,GOES-19,2026-09-20 11:20:00
-10.316500,-50.256600,GOES-19,2026-09-20 11:40:00
-10.335400,-50.254700,GOES-19,2026-09-20 07:40:00
-10.335400,-50.254700,GOES-19,2026-09-20 07:50:00
-10.335400,-50.254700,GOES-19,2026-09-20 08:10:00
-10.335400,-50.254700,GOES-19,2026-09-20 11:00:00
-10.335400,-50.254700,GOES-19,2026-09-20 11:10:00
-10.335400,-50.254700,GOES-19,2026-09-20 11:20:00
-10.335400,-50.254700,GOES-19,2026-09-20 11:30:00
-10.335400,-50.254700,GOES-19,2026-09-20 11:40:00
-10.335400,-50.254700,GOES-19,2026-09-20 11:50:00
-10.335400,-50.254700,GOES-19,2026-09-20 12:00:00
-10.335400,-50.254700,GOES-19,2026-09-20 12:10:00
-10.335400,-50.254700,GOES-19,2026-09-20 12:20:00
-10.335400,-50.254700,GOES-19,2026-09-20 12:30:00
-10.335400,-50.254700,GOES-19,2026-09-20 13:50:00
-10.335400,-50.254700,GOES-19,2026-09-20 14:00:00
-10.335400,-50.254700,GOES-19,2026-09-20 14:10:00
-10.335400,-50.254700,GOES-19,2026-09-20 14:20:00
-10.335400,-50.254700,GOES-19,2026-09-20 14:30:00
-10.335400,-50.254700,GOES-19,2026-09-20 14:50:00
-10.335400,-50.254700,GOES-19,2026-09-20 15:00:00
-10.335400,-50.254700,GOES-19,2026-09-20 15:10:00
-10.335400,-50.254700,GOES-19,2026-09-20 15:50:00
-10.354300,-50.252700,GOES-19,2026-09-20 11:10:00
-10.354300,-50.252700,GOES-19,2026-09-20 11:20:00
-10.354300,-50.252700,GOES-19,2026-09-20 11:30:00
-10.354300,-50.252700,GOES-19,2026-09-20 11:40:00
-10.354300,-50.252700,GOES-19,2026-09-20 11:50:00
-10.354300,-50.252700,GOES-19,2026-09-20 12:00:00
-10.354300,-50.252700,GOES-19,2026-09-20 12:20:00
-10.354300,-50.252700,GOES-19,2026-09-20 12:30:00
-10.354300,-50.252700,GOES-19,2026-09-20 13:40:00
-10.354300,-50.252700,GOES-19,2026-09-20 13:50:00
-10.354300,-50.252700,GOES-19,2026-09-20 14:00:00
-10.354300,-50.252700,GOES-19,2026-09-20 14:10:00
-10.354300,-50.252700,GOES-19,2026-09-20 14:20:00
-10.354300,-50.252700,GOES-19,2026-09-20 14:30:00
-10.354300,-50.252700,GOES-19,2026-09-20 14:40:00
-10.354300,-50.252700,GOES-19,2026-09-20 14:50:00
-10.354300,-50.252700,GOES-19,2026-09-20 15:00:00
-10.354300,-50.252700,GOES-19,2026-09-20 15:10:00
-10.354300,-50.252700,GOES-19,2026-09-20 15:20:00
-10.354300,-50.252700,GOES-19,2026-09-20 15:30:00
-10.354300,-50.252700,GOES-19,2026-09-20 15:40:00
-10.354300,-50.252700,GOES-19,2026-09-20 15:50:00
-10.354300,-50.252700,GOES-19,2026-09-20 16:00:00
-10.354300,-50.252700,GOES-19,2026-09-20 16:10:00
-10.354300,-50.252700,GOES-19,2026-09-20 16:20:00
-10.354300,-50.252700,GOES-19,2026-09-20 16:30:00
-10.373200,-50.250800,GOES-19,2026-09-20 14:20:00
-10.373200,-50.250800,GOES-19,2026-09-20 14:30:00
-10.373200,-50.250800,GOES-19,2026-09-20 14:40:00
-10.373200,-50.250800,GOES-19,2026-09-20 14:50:00
-10.373200,-50.250800,GOES-19,2026-09-20 15:00:00
-10.373200,-50.250800,GOES-19,2026-09-20 15:10:00
-10.373200,-50.250800,GOES-19,2026-09-20 15:20:00
-10.373200,-50.250800,GOES-19,2026-09-20 15:30:00
-10.373200,-50.250800,GOES-19,2026-09-20 15:40:00
-10.373200,-50.250800,GOES-19,2026-09-20 15:50:00
-10.373200,-50.250800,GOES-19,2026-09-20 16:00:00
-10.373200,-50.250800,GOES-19,2026-09-20 16:20:00
-10.373200,-50.250800,GOES-19,2026-09-20 16:30:00
-10.373200,-50.250800,GOES-19,2026-09-20 17:20:00
-10.373200,-50.250800,GOES-19,2026-09-20 18:00:00
-10.373200,-50.250800,GOES-19,2026-09-20 19:00:00
-10.373200,-50.250800,GOES-19,2026-09-20 19:30:00
-10.373200,-50.250800,GOES-19,2026-09-20 19:40:00
-10.392100,-50.248800,GOES-19,2026-09-20 18:20:00
-10.392100,-50.248800,GOES-19,2026-09-20 19:00:00
-10.392100,-50.248800,GOES-19,2026-09-20 19:20:00
-10.392100,-50.248800,GOES-19,2026-09-20 19:30:00
-10.392100,-50.248800,GOES-19,2026-09-20 19:40:00
-10.392100,-50.248800,GOES-19,2026-09-20 20:50:00
-10.411100,-50.246900,GOES-19,2026-09-20 19:30:00
-10.411100,-50.246900,GOES-19,2026-09-20 19:40:00
-10.411100,-50.246900,GOES-19,2026-09-20 19:50:00
-12.045100,-50.064000,GOES-19,2026-09-20 15:20:00
-10.865600,-50.198900,GOES-19,2026-09-20 12:30:00
-10.865600,-50.198900,GOES-19,2026-09-20 12:40:00
-10.865600,-50.198900,GOES-19,2026-09-20 12:50:00
-10.865600,-50.198900,GOES-19,2026-09-20 13:00:00
-10.865600,-50.198900,GOES-19,2026-09-20 13:10:00
-10.865600,-50.198900,GOES-19,2026-09-20 13:20:00
-10.865600,-50.198900,GOES-19,2026-09-20 13:30:00
-10.865600,-50.198900,GOES-19,2026-09-20 13:40:00
-10.865600,-50.198900,GOES-19,2026-09-20 13:50:00
-10.865600,-50.198900,GOES-19,2026-09-20 14:00:00
-10.865600,-50.198900,GOES-19,2026-09-20 14:10:00
-10.865600,-50.198900,GOES-19,2026-09-20 14:20:00
-10.865600,-50.198900,GOES-19,2026-09-20 14:30:00
-10.865600,-50.198900,GOES-19,2026-09-20 14:40:00
-10.865600,-50.198900,GOES-19,2026-09-20 14:50:00
-10.865600,-50.198900,GOES-19,2026-09-20 15:00:00
-10.865600,-50.198900,GOES-19,2026-09-20 15:10:00
-10.865600,-50.198900,GOES-19,2026-09-20 15:20:00
-10.865600,-50.198900,GOES-19,2026-09-20 15:30:00
-10.865600,-50.198900,GOES-19,2026-09-20 15:40:00
-10.865600,-50.198900,GOES-19,2026-09-20 15:50:00
-10.865600,-50.198900,GOES-19,2026-09-20 16:20:00
-10.884500,-50.196800,GOES-19,2026-09-20 11:50:00
-10.884500,-50.196800,GOES-19,2026-09-20 12:10:00
-10.884500,-50.196800,GOES-19,2026-09-20 12:20:00
-10.884500,-50.196800,GOES-19,2026-09-20 12:30:00
-10.884500,-50.196800,GOES-19,2026-09-20 12:40:00
-10.884500,-50.196800,GOES-19,2026-09-20 12:50:00
-10.884500,-50.196800,GOES-19,2026-09-20 13:00:00
-10.884500,-50.196800,GOES-19,2026-09-20 13:10:00
-10.884500,-50.196800,GOES-19,2026-09-20 13:20:00
-10.884500,-50.196800,GOES-19,2026-09-20 13:30:00
-10.884500,-50.196800,GOES-19,2026-09-20 13:40:00
-10.884500,-50.196800,GOES-19,2026-09-20 13:50:00
-10.884500,-50.196800,GOES-19,2026-09-20 14:00:00
-10.884500,-50.196800,GOES-19,2026-09-20 14:10:00
-10.884500,-50.196800,GOES-19,2026-09-20 14:20:00
-10.884500,-50.196800,GOES-19,2026-09-20 14:30:00
-10.884500,-50.196800,GOES-19,2026-09-20 14:40:00
-10.884500,-50.196800,GOES-19,2026-09-20 14:50:00
-10.884500,-50.196800,GOES-19,2026-09-20 15:00:00
-10.884500,-50.196800,GOES-19,2026-09-20 15:10:00
-10.884500,-50.196800,GOES-19,2026-09-20 15:20:00
-10.884500,-50.196800,GOES-19,2026-09-20 15:40:00
-10.884500,-50.196800,GOES-19,2026-09-20 15:50:00
-12.503900,-50.007500,GOES-19,2026-09-20 14:30:00
-12.503900,-50.007500,GOES-19,2026-09-20 14:40:00
-12.503900,-50.007500,GOES-19,2026-09-20 14:50:00
-12.503900,-50.007500,GOES-19,2026-09-20 15:00:00
-12.523100,-50.005100,GOES-19,2026-09-20 14:50:00
-12.523100,-50.005100,GOES-19,2026-09-20 15:00:00
-10.790000,-50.185600,GOES-19,2026-09-20 13:40:00
-10.790000,-50.185600,GOES-19,2026-09-20 14:30:00
-10.790000,-50.185600,GOES-19,2026-09-20 15:00:00
-10.790000,-50.185600,GOES-19,2026-09-20 15:10:00
-10.790000,-50.185600,GOES-19,2026-09-20 15:30:00
-10.790000,-50.185600,GOES-19,2026-09-20 15:40:00
-10.809000,-50.183600,GOES-19,2026-09-20 13:20:00
-10.809000,-50.183600,GOES-19,2026-09-20 13:30:00
-10.809000,-50.183600,GOES-19,2026-09-20 13:40:00
-10.809000,-50.183600,GOES-19,2026-09-20 13:50:00
-10.809000,-50.183600,GOES-19,2026-09-20 14:00:00
-10.809000,-50.183600,GOES-19,2026-09-20 14:10:00
-10.809000,-50.183600,GOES-19,2026-09-20 14:20:00
-10.809000,-50.183600,GOES-19,2026-09-20 14:30:00
-10.809000,-50.183600,GOES-19,2026-09-20 14:40:00
-10.809000,-50.183600,GOES-19,2026-09-20 14:50:00
-10.809000,-50.183600,GOES-19,2026-09-20 15:00:00
-10.809000,-50.183600,GOES-19,2026-09-20 15:10:00
-10.809000,-50.183600,GOES-19,2026-09-20 15:20:00
-10.809000,-50.183600,GOES-19,2026-09-20 15:30:00
-10.809000,-50.183600,GOES-19,2026-09-20 15:40:00
-10.809000,-50.183600,GOES-19,2026-09-20 15:50:00
-10.809000,-50.183600,GOES-19,2026-09-20 16:20:00
-10.846900,-50.179500,GOES-19,2026-09-20 12:30:00
-10.846900,-50.179500,GOES-19,2026-09-20 12:40:00
-10.846900,-50.179500,GOES-19,2026-09-20 12:50:00
-10.846900,-50.179500,GOES-19,2026-09-20 13:00:00
-10.846900,-50.179500,GOES-19,2026-09-20 13:10:00
-10.846900,-50.179500,GOES-19,2026-09-20 13:20:00
-10.846900,-50.179500,GOES-19,2026-09-20 13:30:00
-10.846900,-50.179500,GOES-19,2026-09-20 13:40:00
-10.846900,-50.179500,GOES-19,2026-09-20 13:50:00
-10.846900,-50.179500,GOES-19,2026-09-20 14:00:00
-10.846900,-50.179500,GOES-19,2026-09-20 14:10:00
-10.846900,-50.179500,GOES-19,2026-09-20 14:20:00
-10.846900,-50.179500,GOES-19,2026-09-20 14:30:00
-10.846900,-50.179500,GOES-19,2026-09-20 14:40:00
-10.846900,-50.179500,GOES-19,2026-09-20 14:50:00
-10.846900,-50.179500,GOES-19,2026-09-20 15:00:00
-10.846900,-50.179500,GOES-19,2026-09-20 15:10:00
-10.846900,-50.179500,GOES-19,2026-09-20 15:20:00
-10.846900,-50.179500,GOES-19,2026-09-20 15:30:00
-10.846900,-50.179500,GOES-19,2026-09-20 15:40:00
-10.846900,-50.179500,GOES-19,2026-09-20 15:50:00
-10.846900,-50.179500,GOES-19,2026-09-20 16:20:00
-10.865900,-50.177500,GOES-19,2026-09-20 12:30:00
-10.865900,-50.177500,GOES-19,2026-09-20 12:40:00
-10.865900,-50.177500,GOES-19,2026-09-20 12:50:00
-10.865900,-50.177500,GOES-19,2026-09-20 13:00:00
-10.865900,-50.177500,GOES-19,2026-09-20 13:10:00
-10.865900,-50.177500,GOES-19,2026-09-20 13:20:00
-10.865900,-50.177500,GOES-19,2026-09-20 13:30:00
-10.865900,-50.177500,GOES-19,2026-09-20 13:40:00
-10.865900,-50.177500,GOES-19,2026-09-20 13:50:00
-10.865900,-50.177500,GOES-19,2026-09-20 14:00:00
-10.865900,-50.177500,GOES-19,2026-09-20 14:10:00
-10.865900,-50.177500,GOES-19,2026-09-20 14:20:00
-10.865900,-50.177500,GOES-19,2026-09-20 14:30:00
-10.865900,-50.177500,GOES-19,2026-09-20 14:40:00
-10.865900,-50.177500,GOES-19,2026-09-20 14:50:00
-10.865900,-50.177500,GOES-19,2026-09-20 15:00:00
-10.865900,-50.177500,GOES-19,2026-09-20 15:10:00
-10.865900,-50.177500,GOES-19,2026-09-20 15:20:00
-10.865900,-50.177500,GOES-19,2026-09-20 15:40:00
-10.865900,-50.177500,GOES-19,2026-09-20 15:50:00
-10.884800,-50.175400,GOES-19,2026-09-20 12:10:00
-10.884800,-50.175400,GOES-19,2026-09-20 12:20:00
-10.884800,-50.175400,GOES-19,2026-09-20 12:30:00
-10.884800,-50.175400,GOES-19,2026-09-20 12:40:00
-10.884800,-50.175400,GOES-19,2026-09-20 12:50:00
-10.884800,-50.175400,GOES-19,2026-09-20 13:00:00
-10.884800,-50.175400,GOES-19,2026-09-20 13:10:00
-10.884800,-50.175400,GOES-19,2026-09-20 13:20:00
-10.884800,-50.175400,GOES-19,2026-09-20 13:30:00
-10.884800,-50.175400,GOES-19,2026-09-20 13:40:00
-10.884800,-50.175400,GOES-19,2026-09-20 13:50:00
-10.884800,-50.175400,GOES-19,2026-09-20 14:00:00
-10.884800,-50.175400,GOES-19,2026-09-20 14:10:00
-10.884800,-50.175400,GOES-19,2026-09-20 14:20:00
-10.884800,-50.175400,GOES-19,2026-09-20 14:30:00
-10.884800,-50.175400,GOES-19,2026-09-20 14:40:00
-10.884800,-50.175400,GOES-19,2026-09-20 14:50:00
-10.884800,-50.175400,GOES-19,2026-09-20 15:00:00
-10.884800,-50.175400,GOES-19,2026-09-20 15:10:00
-10.884800,-50.175400,GOES-19,2026-09-20 15:20:00
-10.884800,-50.175400,GOES-19,2026-09-20 15:30:00
-11.892800,-50.060800,GOES-19,2026-09-20 14:50:00
-10.279000,-50.239100,GOES-19,2026-09-20 16:30:00
-10.297900,-50.237200,GOES-19,2026-09-20 03:30:00
-10.297900,-50.237200,GOES-19,2026-09-20 03:40:00
-10.297900,-50.237200,GOES-19,2026-09-20 07:40:00
-10.297900,-50.237200,GOES-19,2026-09-20 07:50:00
-10.297900,-50.237200,GOES-19,2026-09-20 14:50:00
-10.316800,-50.235200,GOES-19,2026-09-20 03:30:00
-10.316800,-50.235200,GOES-19,2026-09-20 03:40:00
-10.316800,-50.235200,GOES-19,2026-09-20 07:40:00
-10.316800,-50.235200,GOES-19,2026-09-20 07:50:00
-10.316800,-50.235200,GOES-19,2026-09-20 08:10:00
-10.316800,-50.235200,GOES-19,2026-09-20 11:20:00
-10.316800,-50.235200,GOES-19,2026-09-20 11:30:00
-10.316800,-50.235200,GOES-19,2026-09-20 11:40:00
-10.316800,-50.235200,GOES-19,2026-09-20 12:00:00
-10.316800,-50.235200,GOES-19,2026-09-20 12:10:00
-10.316800,-50.235200,GOES-19,2026-09-20 12:20:00
-10.316800,-50.235200,GOES-19,2026-09-20 12:30:00
-10.316800,-50.235200,GOES-19,2026-09-20 13:40:00
-10.316800,-50.235200,GOES-19,2026-09-20 13:50:00
-10.316800,-50.235200,GOES-19,2026-09-20 14:00:00
-10.316800,-50.235200,GOES-19,2026-09-20 14:10:00
-10.316800,-50.235200,GOES-19,2026-09-20 14:20:00
-10.316800,-50.235200,GOES-19,2026-09-20 14:30:00
-10.316800,-50.235200,GOES-19,2026-09-20 14:40:00
-10.316800,-50.235200,GOES-19,2026-09-20 14:50:00
-10.316800,-50.235200,GOES-19,2026-09-20 15:00:00
-10.316800,-50.235200,GOES-19,2026-09-20 15:10:00
-10.316800,-50.235200,GOES-19,2026-09-20 15:30:00
-10.316800,-50.235200,GOES-19,2026-09-20 15:40:00
-10.316800,-50.235200,GOES-19,2026-09-20 16:00:00
-10.335700,-50.233300,GOES-19,2026-09-20 07:40:00
-10.335700,-50.233300,GOES-19,2026-09-20 07:50:00
-10.335700,-50.233300,GOES-19,2026-09-20 08:10:00
-10.335700,-50.233300,GOES-19,2026-09-20 11:00:00
-10.335700,-50.233300,GOES-19,2026-09-20 11:10:00
-10.335700,-50.233300,GOES-19,2026-09-20 11:20:00
-10.335700,-50.233300,GOES-19,2026-09-20 11:30:00
-10.335700,-50.233300,GOES-19,2026-09-20 11:40:00
-10.335700,-50.233300,GOES-19,2026-09-20 11:50:00
-10.335700,-50.233300,GOES-19,2026-09-20 12:00:00
-10.335700,-50.233300,GOES-19,2026-09-20 12:10:00
-10.335700,-50.233300,GOES-19,2026-09-20 12:20:00
-10.335700,-50.233300,GOES-19,2026-09-20 12:30:00
-10.335700,-50.233300,GOES-19,2026-09-20 12:40:00
-10.335700,-50.233300,GOES-19,2026-09-20 12:50:00
-10.335700,-50.233300,GOES-19,2026-09-20 13:00:00
-10.335700,-50.233300,GOES-19,2026-09-20 13:10:00
-10.335700,-50.233300,GOES-19,2026-09-20 13:20:00
-10.335700,-50.233300,GOES-19,2026-09-20 13:30:00
-10.335700,-50.233300,GOES-19,2026-09-20 13:40:00
-10.335700,-50.233300,GOES-19,2026-09-20 13:50:00
-10.335700,-50.233300,GOES-19,2026-09-20 14:00:00
-10.335700,-50.233300,GOES-19,2026-09-20 14:10:00
-10.335700,-50.233300,GOES-19,2026-09-20 14:20:00
-10.335700,-50.233300,GOES-19,2026-09-20 14:30:00
-10.335700,-50.233300,GOES-19,2026-09-20 14:40:00
-10.335700,-50.233300,GOES-19,2026-09-20 14:50:00
-10.335700,-50.233300,GOES-19,2026-09-20 15:00:00
-10.335700,-50.233300,GOES-19,2026-09-20 15:10:00
-10.335700,-50.233300,GOES-19,2026-09-20 15:20:00
-10.335700,-50.233300,GOES-19,2026-09-20 15:30:00
-10.335700,-50.233300,GOES-19,2026-09-20 15:40:00
-10.335700,-50.233300,GOES-19,2026-09-20 15:50:00
-10.335700,-50.233300,GOES-19,2026-09-20 16:00:00
-10.335700,-50.233300,GOES-19,2026-09-20 16:10:00
-10.335700,-50.233300,GOES-19,2026-09-20 16:20:00
-10.335700,-50.233300,GOES-19,2026-09-20 16:30:00
-10.354600,-50.231300,GOES-19,2026-09-20 11:00:00
-10.354600,-50.231300,GOES-19,2026-09-20 11:10:00
-10.354600,-50.231300,GOES-19,2026-09-20 11:20:00
-10.354600,-50.231300,GOES-19,2026-09-20 11:30:00
-10.354600,-50.231300,GOES-19,2026-09-20 11:40:00
-10.354600,-50.231300,GOES-19,2026-09-20 11:50:00
-10.354600,-50.231300,GOES-19,2026-09-20 12:00:00
-10.354600,-50.231300,GOES-19,2026-09-20 12:10:00
-10.354600,-50.231300,GOES-19,2026-09-20 12:20:00
-10.354600,-50.231300,GOES-19,2026-09-20 12:30:00
-10.354600,-50.231300,GOES-19,2026-09-20 12:40:00
-10.354600,-50.231300,GOES-19,2026-09-20 12:50:00
-10.354600,-50.231300,GOES-19,2026-09-20 13:10:00
-10.354600,-50.231300,GOES-19,2026-09-20 13:20:00
-10.354600,-50.231300,GOES-19,2026-09-20 13:30:00
-10.354600,-50.231300,GOES-19,2026-09-20 13:40:00
-10.354600,-50.231300,GOES-19,2026-09-20 13:50:00
-10.354600,-50.231300,GOES-19,2026-09-20 14:00:00
-10.354600,-50.231300,GOES-19,2026-09-20 14:10:00
-10.354600,-50.231300,GOES-19,2026-09-20 14:20:00
-10.354600,-50.231300,GOES-19,2026-09-20 14:30:00
-10.354600,-50.231300,GOES-19,2026-09-20 14:40:00
-10.354600,-50.231300,GOES-19,2026-09-20 14:50:00
-10.354600,-50.231300,GOES-19,2026-09-20 15:00:00
-10.354600,-50.231300,GOES-19,2026-09-20 15:10:00
-10.354600,-50.231300,GOES-19,2026-09-20 15:20:00
-10.354600,-50.231300,GOES-19,2026-09-20 15:30:00
-10.354600,-50.231300,GOES-19,2026-09-20 15:40:00
-10.354600,-50.231300,GOES-19,2026-09-20 15:50:00
-10.354600,-50.231300,GOES-19,2026-09-20 16:00:00
-10.354600,-50.231300,GOES-19,2026-09-20 16:20:00
-10.354600,-50.231300,GOES-19,2026-09-20 18:50:00
-10.354600,-50.231300,GOES-19,2026-09-20 19:00:00
-10.354600,-50.231300,GOES-19,2026-09-20 19:20:00
-10.354600,-50.231300,GOES-19,2026-09-20 19:30:00
-10.354600,-50.231300,GOES-19,2026-09-20 20:50:00
-10.373500,-50.229400,GOES-19,2026-09-20 14:20:00
-10.373500,-50.229400,GOES-19,2026-09-20 14:40:00
-10.373500,-50.229400,GOES-19,2026-09-20 14:50:00
-10.373500,-50.229400,GOES-19,2026-09-20 15:00:00
-10.373500,-50.229400,GOES-19,2026-09-20 18:50:00
-10.373500,-50.229400,GOES-19,2026-09-20 19:00:00
-10.373500,-50.229400,GOES-19,2026-09-20 19:20:00
-10.373500,-50.229400,GOES-19,2026-09-20 19:30:00
-10.373500,-50.229400,GOES-19,2026-09-20 19:40:00
-10.373500,-50.229400,GOES-19,2026-09-20 20:50:00
-10.279300,-50.217700,GOES-19,2026-09-20 13:50:00
-10.279300,-50.217700,GOES-19,2026-09-20 16:30:00
-10.298200,-50.215800,GOES-19,2026-09-20 03:30:00
-10.298200,-50.215800,GOES-19,2026-09-20 12:10:00
-10.298200,-50.215800,GOES-19,2026-09-20 13:50:00
-10.298200,-50.215800,GOES-19,2026-09-20 14:50:00
-10.298200,-50.215800,GOES-19,2026-09-20 16:00:00
-10.298200,-50.215800,GOES-19,2026-09-20 16:30:00
-10.317100,-50.213800,GOES-19,2026-09-20 03:30:00
-10.317100,-50.213800,GOES-19,2026-09-20 03:40:00
-10.317100,-50.213800,GOES-19,2026-09-20 07:40:00
-10.317100,-50.213800,GOES-19,2026-09-20 07:50:00
-10.317100,-50.213800,GOES-19,2026-09-20 08:10:00
-10.317100,-50.213800,GOES-19,2026-09-20 11:20:00
-10.317100,-50.213800,GOES-19,2026-09-20 11:30:00
-10.317100,-50.213800,GOES-19,2026-09-20 11:40:00
-10.317100,-50.213800,GOES-19,2026-09-20 12:00:00
-10.317100,-50.213800,GOES-19,2026-09-20 12:10:00
-10.317100,-50.213800,GOES-19,2026-09-20 12:20:00
-10.317100,-50.213800,GOES-19,2026-09-20 12:30:00
-10.317100,-50.213800,GOES-19,2026-09-20 13:40:00
-10.317100,-50.213800,GOES-19,2026-09-20 13:50:00
-10.317100,-50.213800,GOES-19,2026-09-20 14:00:00
-10.317100,-50.213800,GOES-19,2026-09-20 14:10:00
-10.317100,-50.213800,GOES-19,2026-09-20 14:20:00
-10.317100,-50.213800,GOES-19,2026-09-20 14:30:00
-10.317100,-50.213800,GOES-19,2026-09-20 14:40:00
-10.317100,-50.213800,GOES-19,2026-09-20 14:50:00
-10.317100,-50.213800,GOES-19,2026-09-20 15:00:00
-10.317100,-50.213800,GOES-19,2026-09-20 15:10:00
-10.317100,-50.213800,GOES-19,2026-09-20 15:20:00
-10.317100,-50.213800,GOES-19,2026-09-20 15:30:00
-10.317100,-50.213800,GOES-19,2026-09-20 15:40:00
-10.317100,-50.213800,GOES-19,2026-09-20 15:50:00
-10.317100,-50.213800,GOES-19,2026-09-20 16:00:00
-10.317100,-50.213800,GOES-19,2026-09-20 16:10:00
-10.317100,-50.213800,GOES-19,2026-09-20 16:20:00
-10.317100,-50.213800,GOES-19,2026-09-20 16:30:00
-10.317100,-50.213800,GOES-19,2026-09-20 18:50:00
-10.336000,-50.211900,GOES-19,2026-09-20 03:30:00
-10.336000,-50.211900,GOES-19,2026-09-20 03:40:00
-10.336000,-50.211900,GOES-19,2026-09-20 07:40:00
-10.336000,-50.211900,GOES-19,2026-09-20 07:50:00
-10.336000,-50.211900,GOES-19,2026-09-20 08:10:00
-10.336000,-50.211900,GOES-19,2026-09-20 11:00:00
-10.336000,-50.211900,GOES-19,2026-09-20 11:10:00
-10.336000,-50.211900,GOES-19,2026-09-20 11:20:00
-10.336000,-50.211900,GOES-19,2026-09-20 11:30:00
-10.336000,-50.211900,GOES-19,2026-09-20 11:40:00
-10.336000,-50.211900,GOES-19,2026-09-20 11:50:00
-10.336000,-50.211900,GOES-19,2026-09-20 12:00:00
-10.336000,-50.211900,GOES-19,2026-09-20 12:10:00
-10.336000,-50.211900,GOES-19,2026-09-20 12:20:00
-10.336000,-50.211900,GOES-19,2026-09-20 12:30:00
-10.336000,-50.211900,GOES-19,2026-09-20 12:40:00
-10.336000,-50.211900,GOES-19,2026-09-20 12:50:00
-10.336000,-50.211900,GOES-19,2026-09-20 13:00:00
-10.336000,-50.211900,GOES-19,2026-09-20 13:10:00
-10.336000,-50.211900,GOES-19,2026-09-20 13:20:00
-10.336000,-50.211900,GOES-19,2026-09-20 13:30:00
-10.336000,-50.211900,GOES-19,2026-09-20 13:40:00
-10.336000,-50.211900,GOES-19,2026-09-20 13:50:00
-10.336000,-50.211900,GOES-19,2026-09-20 14:00:00
-10.336000,-50.211900,GOES-19,2026-09-20 14:10:00
-10.336000,-50.211900,GOES-19,2026-09-20 14:20:00
-10.336000,-50.211900,GOES-19,2026-09-20 14:30:00
-10.336000,-50.211900,GOES-19,2026-09-20 14:40:00
-10.336000,-50.211900,GOES-19,2026-09-20 14:50:00
-10.336000,-50.211900,GOES-19,2026-09-20 15:00:00
-10.336000,-50.211900,GOES-19,2026-09-20 15:10:00
-10.336000,-50.211900,GOES-19,2026-09-20 15:20:00
-10.336000,-50.211900,GOES-19,2026-09-20 15:30:00
-10.336000,-50.211900,GOES-19,2026-09-20 15:40:00
-10.336000,-50.211900,GOES-19,2026-09-20 15:50:00
-10.336000,-50.211900,GOES-19,2026-09-20 16:00:00
-10.336000,-50.211900,GOES-19,2026-09-20 16:10:00
-10.336000,-50.211900,GOES-19,2026-09-20 16:30:00
-10.336000,-50.211900,GOES-19,2026-09-20 18:50:00
-10.336000,-50.211900,GOES-19,2026-09-20 19:00:00
-10.336000,-50.211900,GOES-19,2026-09-20 19:20:00
-10.336000,-50.211900,GOES-19,2026-09-20 19:30:00
-10.336000,-50.211900,GOES-19,2026-09-20 19:40:00
-10.336000,-50.211900,GOES-19,2026-09-20 20:50:00
-10.354900,-50.209900,GOES-19,2026-09-20 12:30:00
-10.354900,-50.209900,GOES-19,2026-09-20 13:20:00
-10.354900,-50.209900,GOES-19,2026-09-20 13:50:00
-10.354900,-50.209900,GOES-19,2026-09-20 14:00:00
-10.354900,-50.209900,GOES-19,2026-09-20 14:10:00
-10.354900,-50.209900,GOES-19,2026-09-20 14:20:00
-10.354900,-50.209900,GOES-19,2026-09-20 14:30:00
-10.354900,-50.209900,GOES-19,2026-09-20 14:40:00
-10.354900,-50.209900,GOES-19,2026-09-20 14:50:00
-10.354900,-50.209900,GOES-19,2026-09-20 15:00:00
-10.354900,-50.209900,GOES-19,2026-09-20 15:10:00
-10.354900,-50.209900,GOES-19,2026-09-20 15:20:00
-10.354900,-50.209900,GOES-19,2026-09-20 15:30:00
-10.354900,-50.209900,GOES-19,2026-09-20 15:40:00
-10.354900,-50.209900,GOES-19,2026-09-20 18:00:00
-10.354900,-50.209900,GOES-19,2026-09-20 18:40:00
-10.354900,-50.209900,GOES-19,2026-09-20 18:50:00
-10.354900,-50.209900,GOES-19,2026-09-20 19:30:00
-10.354900,-50.209900,GOES-19,2026-09-20 19:40:00
-10.354900,-50.209900,GOES-19,2026-09-20 20:50:00
-10.790300,-50.164200,GOES-19,2026-09-20 13:40:00
-10.790300,-50.164200,GOES-19,2026-09-20 14:00:00
-10.790300,-50.164200,GOES-19,2026-09-20 14:20:00
-10.790300,-50.164200,GOES-19,2026-09-20 14:30:00
-10.790300,-50.164200,GOES-19,2026-09-20 14:40:00
-10.790300,-50.164200,GOES-19,2026-09-20 14:50:00
-10.790300,-50.164200,GOES-19,2026-09-20 15:00:00
-10.790300,-50.164200,GOES-19,2026-09-20 15:10:00
-10.790300,-50.164200,GOES-19,2026-09-20 15:20:00
-10.790300,-50.164200,GOES-19,2026-09-20 15:30:00
-10.790300,-50.164200,GOES-19,2026-09-20 18:00:00
-11.874000,-50.041500,GOES-19,2026-09-20 14:40:00
-11.874000,-50.041500,GOES-19,2026-09-20 14:50:00
-11.874000,-50.041500,GOES-19,2026-09-20 15:00:00
-11.874000,-50.041500,GOES-19,2026-09-20 15:10:00
-11.874000,-50.041500,GOES-19,2026-09-20 15:20:00
-11.874000,-50.041500,GOES-19,2026-09-20 15:30:00
-10.809300,-50.162100,GOES-19,2026-09-20 13:10:00
-10.809300,-50.162100,GOES-19,2026-09-20 13:20:00
-10.809300,-50.162100,GOES-19,2026-09-20 13:30:00
-10.809300,-50.162100,GOES-19,2026-09-20 13:40:00
-10.809300,-50.162100,GOES-19,2026-09-20 13:50:00
-10.809300,-50.162100,GOES-19,2026-09-20 14:00:00
-10.809300,-50.162100,GOES-19,2026-09-20 14:10:00
-10.809300,-50.162100,GOES-19,2026-09-20 14:20:00
-10.809300,-50.162100,GOES-19,2026-09-20 14:30:00
-10.809300,-50.162100,GOES-19,2026-09-20 14:40:00
-10.809300,-50.162100,GOES-19,2026-09-20 14:50:00
-10.809300,-50.162100,GOES-19,2026-09-20 15:00:00
-10.809300,-50.162100,GOES-19,2026-09-20 15:10:00
-10.809300,-50.162100,GOES-19,2026-09-20 15:20:00
-10.809300,-50.162100,GOES-19,2026-09-20 15:30:00
-10.809300,-50.162100,GOES-19,2026-09-20 15:40:00
-10.809300,-50.162100,GOES-19,2026-09-20 15:50:00
-10.809300,-50.162100,GOES-19,2026-09-20 16:20:00
-11.893100,-50.039200,GOES-19,2026-09-20 14:50:00
-11.893100,-50.039200,GOES-19,2026-09-20 15:20:00
-11.893100,-50.039200,GOES-19,2026-09-20 15:30:00
-10.828200,-50.160100,GOES-19,2026-09-20 13:10:00
-10.828200,-50.160100,GOES-19,2026-09-20 13:20:00
-10.828200,-50.160100,GOES-19,2026-09-20 13:30:00
-10.828200,-50.160100,GOES-19,2026-09-20 13:40:00
-10.828200,-50.160100,GOES-19,2026-09-20 13:50:00
-10.828200,-50.160100,GOES-19,2026-09-20 14:00:00
-10.828200,-50.160100,GOES-19,2026-09-20 14:10:00
-10.828200,-50.160100,GOES-19,2026-09-20 14:20:00
-10.828200,-50.160100,GOES-19,2026-09-20 14:30:00
-10.828200,-50.160100,GOES-19,2026-09-20 14:40:00
-10.828200,-50.160100,GOES-19,2026-09-20 14:50:00
-10.828200,-50.160100,GOES-19,2026-09-20 15:00:00
-10.828200,-50.160100,GOES-19,2026-09-20 15:10:00
-10.828200,-50.160100,GOES-19,2026-09-20 15:20:00
-10.828200,-50.160100,GOES-19,2026-09-20 15:30:00
-10.828200,-50.160100,GOES-19,2026-09-20 15:40:00
-10.828200,-50.160100,GOES-19,2026-09-20 15:50:00
-10.828200,-50.160100,GOES-19,2026-09-20 16:20:00
-10.847200,-50.158100,GOES-19,2026-09-20 12:30:00
-10.847200,-50.158100,GOES-19,2026-09-20 12:40:00
-10.847200,-50.158100,GOES-19,2026-09-20 12:50:00
-10.847200,-50.158100,GOES-19,2026-09-20 13:00:00
-10.847200,-50.158100,GOES-19,2026-09-20 13:10:00
-10.847200,-50.158100,GOES-19,2026-09-20 13:20:00
-10.847200,-50.158100,GOES-19,2026-09-20 13:30:00
-10.847200,-50.158100,GOES-19,2026-09-20 13:40:00
-10.847200,-50.158100,GOES-19,2026-09-20 13:50:00
-10.847200,-50.158100,GOES-19,2026-09-20 14:00:00
-10.847200,-50.158100,GOES-19,2026-09-20 14:10:00
-10.847200,-50.158100,GOES-19,2026-09-20 14:20:00
-10.847200,-50.158100,GOES-19,2026-09-20 14:30:00
-10.847200,-50.158100,GOES-19,2026-09-20 14:40:00
-10.847200,-50.158100,GOES-19,2026-09-20 14:50:00
-10.847200,-50.158100,GOES-19,2026-09-20 15:00:00
-10.847200,-50.158100,GOES-19,2026-09-20 15:10:00
-10.847200,-50.158100,GOES-19,2026-09-20 15:20:00
-10.847200,-50.158100,GOES-19,2026-09-20 15:30:00
-10.847200,-50.158100,GOES-19,2026-09-20 15:40:00
-10.866200,-50.156000,GOES-19,2026-09-20 12:10:00
-10.866200,-50.156000,GOES-19,2026-09-20 12:20:00
-10.866200,-50.156000,GOES-19,2026-09-20 12:30:00
-10.866200,-50.156000,GOES-19,2026-09-20 12:40:00
-10.866200,-50.156000,GOES-19,2026-09-20 12:50:00
-10.866200,-50.156000,GOES-19,2026-09-20 13:00:00
-10.866200,-50.156000,GOES-19,2026-09-20 13:10:00
-10.866200,-50.156000,GOES-19,2026-09-20 13:20:00
-10.866200,-50.156000,GOES-19,2026-09-20 13:30:00
-10.866200,-50.156000,GOES-19,2026-09-20 13:40:00
-10.866200,-50.156000,GOES-19,2026-09-20 13:50:00
-10.866200,-50.156000,GOES-19,2026-09-20 14:00:00
-10.866200,-50.156000,GOES-19,2026-09-20 14:10:00
-10.866200,-50.156000,GOES-19,2026-09-20 14:20:00
-10.866200,-50.156000,GOES-19,2026-09-20 14:30:00
-10.866200,-50.156000,GOES-19,2026-09-20 14:40:00
-10.866200,-50.156000,GOES-19,2026-09-20 14:50:00
-10.866200,-50.156000,GOES-19,2026-09-20 15:00:00
-10.866200,-50.156000,GOES-19,2026-09-20 15:10:00
-10.866200,-50.156000,GOES-19,2026-09-20 15:20:00
-10.866200,-50.156000,GOES-19,2026-09-20 15:30:00
-10.866200,-50.156000,GOES-19,2026-09-20 15:40:00
-10.317400,-50.192400,GOES-19,2026-09-20 03:30:00
-10.317400,-50.192400,GOES-19,2026-09-20 03:40:00
-10.317400,-50.192400,GOES-19,2026-09-20 07:50:00
-10.317400,-50.192400,GOES-19,2026-09-20 08:10:00
-10.317400,-50.192400,GOES-19,2026-09-20 14:00:00
-10.317400,-50.192400,GOES-19,2026-09-20 14:10:00
-10.317400,-50.192400,GOES-19,2026-09-20 14:40:00
-10.317400,-50.192400,GOES-19,2026-09-20 14:50:00
-10.317400,-50.192400,GOES-19,2026-09-20 15:00:00
-10.317400,-50.192400,GOES-19,2026-09-20 15:10:00
-10.317400,-50.192400,GOES-19,2026-09-20 15:20:00
-10.317400,-50.192400,GOES-19,2026-09-20 15:30:00
-10.317400,-50.192400,GOES-19,2026-09-20 15:40:00
-10.317400,-50.192400,GOES-19,2026-09-20 15:50:00
-10.317400,-50.192400,GOES-19,2026-09-20 16:00:00
-10.317400,-50.192400,GOES-19,2026-09-20 16:10:00
-10.317400,-50.192400,GOES-19,2026-09-20 18:50:00
-10.336300,-50.190500,GOES-19,2026-09-20 12:30:00
-10.336300,-50.190500,GOES-19,2026-09-20 12:50:00
-10.336300,-50.190500,GOES-19,2026-09-20 13:40:00
-10.336300,-50.190500,GOES-19,2026-09-20 13:50:00
-10.336300,-50.190500,GOES-19,2026-09-20 14:00:00
-10.336300,-50.190500,GOES-19,2026-09-20 14:10:00
-10.336300,-50.190500,GOES-19,2026-09-20 14:20:00
-10.336300,-50.190500,GOES-19,2026-09-20 14:30:00
-10.336300,-50.190500,GOES-19,2026-09-20 14:40:00
-10.336300,-50.190500,GOES-19,2026-09-20 14:50:00
-10.336300,-50.190500,GOES-19,2026-09-20 15:00:00
-10.336300,-50.190500,GOES-19,2026-09-20 15:10:00
-10.336300,-50.190500,GOES-19,2026-09-20 15:20:00
-10.336300,-50.190500,GOES-19,2026-09-20 15:30:00
-10.336300,-50.190500,GOES-19,2026-09-20 15:40:00
-10.336300,-50.190500,GOES-19,2026-09-20 15:50:00
-10.336300,-50.190500,GOES-19,2026-09-20 16:00:00
-10.336300,-50.190500,GOES-19,2026-09-20 17:50:00
-10.336300,-50.190500,GOES-19,2026-09-20 18:00:00
-10.336300,-50.190500,GOES-19,2026-09-20 18:40:00
-10.336300,-50.190500,GOES-19,2026-09-20 18:50:00
-10.336300,-50.190500,GOES-19,2026-09-20 19:20:00
-10.336300,-50.190500,GOES-19,2026-09-20 19:30:00
-11.874400,-50.019900,GOES-19,2026-09-20 14:40:00
-11.874400,-50.019900,GOES-19,2026-09-20 14:50:00
-11.874400,-50.019900,GOES-19,2026-09-20 15:00:00
-11.874400,-50.019900,GOES-19,2026-09-20 15:10:00
-11.874400,-50.019900,GOES-19,2026-09-20 15:20:00
-11.874400,-50.019900,GOES-19,2026-09-20 15:30:00
-11.893400,-50.017600,GOES-19,2026-09-20 13:50:00
-11.893400,-50.017600,GOES-19,2026-09-20 14:00:00
-11.893400,-50.017600,GOES-19,2026-09-20 14:10:00
-11.893400,-50.017600,GOES-19,2026-09-20 14:20:00
-11.893400,-50.017600,GOES-19,2026-09-20 14:30:00
-11.893400,-50.017600,GOES-19,2026-09-20 14:40:00
-11.893400,-50.017600,GOES-19,2026-09-20 14:50:00
-11.893400,-50.017600,GOES-19,2026-09-20 15:00:00
-11.893400,-50.017600,GOES-19,2026-09-20 15:10:00
-11.988800,-50.006100,GOES-19,2026-09-20 14:40:00
-11.988800,-50.006100,GOES-19,2026-09-20 14:50:00
-11.988800,-50.006100,GOES-19,2026-09-20 15:00:00
-11.988800,-50.006100,GOES-19,2026-09-20 15:10:00
-11.893800,-49.996000,GOES-19,2026-09-20 13:40:00
-11.893800,-49.996000,GOES-19,2026-09-20 13:50:00
-11.893800,-49.996000,GOES-19,2026-09-20 14:00:00
-11.893800,-49.996000,GOES-19,2026-09-20 14:10:00
-11.893800,-49.996000,GOES-19,2026-09-20 14:20:00
-11.893800,-49.996000,GOES-19,2026-09-20 14:30:00
-11.893800,-49.996000,GOES-19,2026-09-20 14:40:00
-11.893800,-49.996000,GOES-19,2026-09-20 14:50:00
-11.893800,-49.996000,GOES-19,2026-09-20 15:00:00
-11.893800,-49.996000,GOES-19,2026-09-20 15:10:00
-11.893800,-49.996000,GOES-19,2026-09-20 15:20:00
-11.855600,-50.000600,GOES-19,2026-09-20 14:40:00
-11.855600,-50.000600,GOES-19,2026-09-20 14:50:00
-11.855600,-50.000600,GOES-19,2026-09-20 15:00:00
-11.855600,-50.000600,GOES-19,2026-09-20 15:10:00
-11.855600,-50.000600,GOES-19,2026-09-20 15:20:00
-11.855600,-50.000600,GOES-19,2026-09-20 15:30:00
-11.874700,-49.998300,GOES-19,2026-09-20 14:40:00
-11.874700,-49.998300,GOES-19,2026-09-20 14:50:00
-11.874700,-49.998300,GOES-19,2026-09-20 15:00:00
-11.874700,-49.998300,GOES-19,2026-09-20 15:10:00
-11.874700,-49.998300,GOES-19,2026-09-20 15:20:00
-11.874700,-49.998300,GOES-19,2026-09-20 15:30:00
-11.855900,-49.979000,GOES-19,2026-09-20 14:40:00
-11.855900,-49.979000,GOES-19,2026-09-20 14:50:00
-11.855900,-49.979000,GOES-19,2026-09-20 15:00:00
-11.855900,-49.979000,GOES-19,2026-09-20 15:10:00
-11.855900,-49.979000,GOES-19,2026-09-20 15:20:00
-11.855900,-49.979000,GOES-19,2026-09-20 15:30:00
-11.875000,-49.976700,GOES-19,2026-09-20 14:40:00
-11.875000,-49.976700,GOES-19,2026-09-20 14:50:00
-11.875000,-49.976700,GOES-19,2026-09-20 15:00:00
-11.875000,-49.976700,GOES-19,2026-09-20 15:10:00
-11.875000,-49.976700,GOES-19,2026-09-20 15:20:00
-11.875000,-49.976700,GOES-19,2026-09-20 15:30:00
-9.356700,-50.179600,GOES-19,2026-09-20 16:00:00
-11.080400,-49.745600,GOES-19,2026-09-20 14:50:00
-11.080400,-49.745600,GOES-19,2026-09-20 15:00:00
-11.080400,-49.745600,GOES-19,2026-09-20 15:20:00
-15.826000,-49.017500,GOES-19,2026-09-20 12:20:00
-11.141200,-49.479600,GOES-19,2026-09-20 14:10:00
-11.141200,-49.479600,GOES-19,2026-09-20 14:20:00
-11.141200,-49.479600,GOES-19,2026-09-20 14:30:00
-11.141200,-49.479600,GOES-19,2026-09-20 14:40:00
-11.141200,-49.479600,GOES-19,2026-09-20 14:50:00
-11.141200,-49.479600,GOES-19,2026-09-20 15:00:00
-11.141200,-49.479600,GOES-19,2026-09-20 15:10:00
-11.141500,-49.457900,GOES-19,2026-09-20 14:20:00
-11.141500,-49.457900,GOES-19,2026-09-20 14:30:00
-11.141500,-49.457900,GOES-19,2026-09-20 14:40:00
-11.141500,-49.457900,GOES-19,2026-09-20 14:50:00
-11.141500,-49.457900,GOES-19,2026-09-20 15:10:00
-11.141500,-49.457900,GOES-19,2026-09-20 15:20:00
-11.141500,-49.457900,GOES-19,2026-09-20 15:30:00
-8.725500,-49.553400,GOES-19,2026-09-20 18:50:00
-7.321900,-49.561400,GOES-19,2026-09-20 19:00:00
-7.321900,-49.561400,GOES-19,2026-09-20 19:10:00
-7.321900,-49.561400,GOES-19,2026-09-20 19:20:00
-7.321900,-49.561400,GOES-19,2026-09-20 19:30:00
-7.321900,-49.561400,GOES-19,2026-09-20 19:40:00
-7.322100,-49.540100,GOES-19,2026-09-20 18:30:00
-7.322100,-49.540100,GOES-19,2026-09-20 18:50:00
-7.322100,-49.540100,GOES-19,2026-09-20 19:00:00
-7.322100,-49.540100,GOES-19,2026-09-20 19:10:00
-7.734400,-49.401300,GOES-19,2026-09-20 19:40:00
-7.715900,-49.381400,GOES-19,2026-09-20 18:10:00
-7.715900,-49.381400,GOES-19,2026-09-20 18:20:00
-7.715900,-49.381400,GOES-19,2026-09-20 18:30:00
-7.715900,-49.381400,GOES-19,2026-09-20 18:40:00
-7.715900,-49.381400,GOES-19,2026-09-20 18:50:00
-7.734600,-49.379900,GOES-19,2026-09-20 18:10:00
-7.734600,-49.379900,GOES-19,2026-09-20 18:30:00
-7.734600,-49.379900,GOES-19,2026-09-20 18:40:00
-7.734600,-49.379900,GOES-19,2026-09-20 18:50:00
-7.716200,-49.359900,GOES-19,2026-09-20 18:40:00
-7.716200,-49.359900,GOES-19,2026-09-20 18:50:00
-7.716200,-49.359900,GOES-19,2026-09-20 19:30:00
-2.093200,-49.599400,GOES-19,2026-09-20 19:20:00
-2.093200,-49.599400,GOES-19,2026-09-20 19:30:00
-2.074800,-49.578600,GOES-19,2026-09-20 18:10:00
-2.074800,-49.578600,GOES-19,2026-09-20 18:30:00
-2.074800,-49.578600,GOES-19,2026-09-20 18:40:00
-2.074800,-49.578600,GOES-19,2026-09-20 18:50:00
-2.093200,-49.578200,GOES-19,2026-09-20 18:10:00
-2.093200,-49.578200,GOES-19,2026-09-20 18:20:00
-2.093200,-49.578200,GOES-19,2026-09-20 18:40:00
-2.093200,-49.578200,GOES-19,2026-09-20 18:50:00
-2.093200,-49.578200,GOES-19,2026-09-20 19:00:00
-2.093200,-49.578200,GOES-19,2026-09-20 19:10:00
-2.093200,-49.578200,GOES-19,2026-09-20 19:20:00
-2.093200,-49.578200,GOES-19,2026-09-20 19:30:00
-9.672700,-48.989200,GOES-19,2026-09-20 13:50:00
-9.672700,-48.989200,GOES-19,2026-09-20 14:00:00
-9.672700,-48.989200,GOES-19,2026-09-20 14:50:00
-9.672700,-48.989200,GOES-19,2026-09-20 15:00:00
-9.672700,-48.989200,GOES-19,2026-09-20 15:10:00
-9.672700,-48.989200,GOES-19,2026-09-20 15:20:00
-9.673000,-48.967500,GOES-19,2026-09-20 13:20:00
-9.673000,-48.967500,GOES-19,2026-09-20 13:40:00
-9.673000,-48.967500,GOES-19,2026-09-20 13:50:00
-9.673000,-48.967500,GOES-19,2026-09-20 14:00:00
-9.673000,-48.967500,GOES-19,2026-09-20 14:20:00
-9.673000,-48.967500,GOES-19,2026-09-20 14:30:00
-9.673000,-48.967500,GOES-19,2026-09-20 14:40:00
-9.673000,-48.967500,GOES-19,2026-09-20 14:50:00
-9.673000,-48.967500,GOES-19,2026-09-20 15:00:00
-9.673000,-48.967500,GOES-19,2026-09-20 15:10:00
-9.673000,-48.967500,GOES-19,2026-09-20 15:20:00
-9.691900,-48.965500,GOES-19,2026-09-20 13:50:00
-15.965700,-47.985200,GOES-19,2026-09-20 14:00:00
-15.965700,-47.985200,GOES-19,2026-09-20 14:10:00
-15.965700,-47.985200,GOES-19,2026-09-20 14:20:00
-1.337300,-49.294700,GOES-19,2026-09-20 17:50:00
-1.337300,-49.294700,GOES-19,2026-09-20 18:10:00
-1.337300,-49.294700,GOES-19,2026-09-20 18:30:00
-1.337300,-49.294700,GOES-19,2026-09-20 18:40:00
-1.337300,-49.294700,GOES-19,2026-09-20 18:50:00
-2.445100,-49.230600,GOES-19,2026-09-20 18:40:00
-2.445100,-49.230600,GOES-19,2026-09-20 18:50:00
-0.747100,-49.216100,GOES-19,2026-09-20 18:40:00
-0.747100,-49.216100,GOES-19,2026-09-20 18:50:00
-9.072700,-48.788500,GOES-19,2026-09-20 18:20:00
-9.072700,-48.788500,GOES-19,2026-09-20 19:00:00
-9.072700,-48.788500,GOES-19,2026-09-20 19:10:00
-9.072900,-48.766800,GOES-19,2026-09-20 14:10:00
-9.072900,-48.766800,GOES-19,2026-09-20 18:10:00
-9.072900,-48.766800,GOES-19,2026-09-20 18:20:00
-9.072900,-48.766800,GOES-19,2026-09-20 18:50:00
-8.791100,-48.750200,GOES-19,2026-09-20 19:00:00
-8.791100,-48.750200,GOES-19,2026-09-20 19:10:00
-8.791100,-48.750200,GOES-19,2026-09-20 19:20:00
-8.791100,-48.750200,GOES-19,2026-09-20 19:40:00
-1.171500,-49.126800,GOES-19,2026-09-20 19:20:00
-8.791400,-48.728500,GOES-19,2026-09-20 18:10:00
-8.791400,-48.728500,GOES-19,2026-09-20 18:40:00
-8.791400,-48.728500,GOES-19,2026-09-20 18:50:00
-15.737700,-47.664000,GOES-19,2026-09-20 14:00:00
-15.737700,-47.664000,GOES-19,2026-09-20 14:10:00
-15.737700,-47.664000,GOES-19,2026-09-20 14:20:00
-15.737700,-47.664000,GOES-19,2026-09-20 14:30:00
-10.114200,-48.442400,GOES-19,2026-09-20 18:10:00
-10.114200,-48.442400,GOES-19,2026-09-20 18:50:00
-9.849400,-48.470900,GOES-19,2026-09-20 18:30:00
-9.849400,-48.470900,GOES-19,2026-09-20 18:50:00
-9.849400,-48.470900,GOES-19,2026-09-20 19:00:00
-9.849400,-48.470900,GOES-19,2026-09-20 19:10:00
-9.849400,-48.470900,GOES-19,2026-09-20 19:20:00
-9.849400,-48.470900,GOES-19,2026-09-20 19:30:00
-9.868300,-48.468900,GOES-19,2026-09-20 19:10:00
-9.868300,-48.468900,GOES-19,2026-09-20 19:20:00
-9.868300,-48.468900,GOES-19,2026-09-20 19:30:00
-9.868300,-48.468900,GOES-19,2026-09-20 19:40:00
-1.430200,-48.952900,GOES-19,2026-09-20 17:40:00
-1.430200,-48.952900,GOES-19,2026-09-20 17:50:00
-9.830700,-48.451000,GOES-19,2026-09-20 18:10:00
-9.830700,-48.451000,GOES-19,2026-09-20 18:20:00
-9.830700,-48.451000,GOES-19,2026-09-20 18:30:00
-9.830700,-48.451000,GOES-19,2026-09-20 18:40:00
-9.830700,-48.451000,GOES-19,2026-09-20 18:50:00
-9.830700,-48.451000,GOES-19,2026-09-20 19:00:00
-9.830700,-48.451000,GOES-19,2026-09-20 19:10:00
-9.830700,-48.451000,GOES-19,2026-09-20 19:20:00
-9.830700,-48.451000,GOES-19,2026-09-20 19:30:00
-9.830700,-48.451000,GOES-19,2026-09-20 19:40:00
-9.849700,-48.449000,GOES-19,2026-09-20 18:30:00
-9.849700,-48.449000,GOES-19,2026-09-20 18:40:00
-9.849700,-48.449000,GOES-19,2026-09-20 18:50:00
-9.849700,-48.449000,GOES-19,2026-09-20 19:00:00
-9.849700,-48.449000,GOES-19,2026-09-20 19:10:00
-9.849700,-48.449000,GOES-19,2026-09-20 19:20:00
-9.849700,-48.449000,GOES-19,2026-09-20 19:40:00
-9.868600,-48.447000,GOES-19,2026-09-20 18:40:00
-9.868600,-48.447000,GOES-19,2026-09-20 18:50:00
-9.868600,-48.447000,GOES-19,2026-09-20 19:10:00
-9.868600,-48.447000,GOES-19,2026-09-20 19:20:00
-9.868600,-48.447000,GOES-19,2026-09-20 19:30:00
-9.868600,-48.447000,GOES-19,2026-09-20 19:40:00
-9.831000,-48.429200,GOES-19,2026-09-20 13:20:00
-9.831000,-48.429200,GOES-19,2026-09-20 13:30:00
-9.831000,-48.429200,GOES-19,2026-09-20 13:40:00
-9.831000,-48.429200,GOES-19,2026-09-20 13:50:00
-9.831000,-48.429200,GOES-19,2026-09-20 14:00:00
-9.831000,-48.429200,GOES-19,2026-09-20 14:10:00
-9.831000,-48.429200,GOES-19,2026-09-20 14:20:00
-9.831000,-48.429200,GOES-19,2026-09-20 14:30:00
-9.831000,-48.429200,GOES-19,2026-09-20 14:40:00
-9.831000,-48.429200,GOES-19,2026-09-20 14:50:00
-9.831000,-48.429200,GOES-19,2026-09-20 18:10:00
-9.831000,-48.429200,GOES-19,2026-09-20 18:20:00
-9.831000,-48.429200,GOES-19,2026-09-20 18:30:00
-9.831000,-48.429200,GOES-19,2026-09-20 18:40:00
-9.831000,-48.429200,GOES-19,2026-09-20 18:50:00
-9.831000,-48.429200,GOES-19,2026-09-20 19:00:00
-9.831000,-48.429200,GOES-19,2026-09-20 19:10:00
-9.831000,-48.429200,GOES-19,2026-09-20 19:20:00
-9.831000,-48.429200,GOES-19,2026-09-20 19:30:00
-9.831000,-48.429200,GOES-19,2026-09-20 19:40:00
-9.849900,-48.427200,GOES-19,2026-09-20 13:20:00
-9.849900,-48.427200,GOES-19,2026-09-20 13:30:00
-9.849900,-48.427200,GOES-19,2026-09-20 13:40:00
-9.849900,-48.427200,GOES-19,2026-09-20 13:50:00
-9.849900,-48.427200,GOES-19,2026-09-20 14:00:00
-9.849900,-48.427200,GOES-19,2026-09-20 14:20:00
-9.849900,-48.427200,GOES-19,2026-09-20 17:50:00
-9.849900,-48.427200,GOES-19,2026-09-20 18:10:00
-9.849900,-48.427200,GOES-19,2026-09-20 18:40:00
-9.849900,-48.427200,GOES-19,2026-09-20 18:50:00
-9.849900,-48.427200,GOES-19,2026-09-20 19:00:00
-9.849900,-48.427200,GOES-19,2026-09-20 19:10:00
-9.849900,-48.427200,GOES-19,2026-09-20 19:20:00
-9.849900,-48.427200,GOES-19,2026-09-20 19:30:00
-9.849900,-48.427200,GOES-19,2026-09-20 19:40:00
-9.868900,-48.425200,GOES-19,2026-09-20 17:50:00
-9.868900,-48.425200,GOES-19,2026-09-20 18:30:00
-9.868900,-48.425200,GOES-19,2026-09-20 18:40:00
-9.868900,-48.425200,GOES-19,2026-09-20 18:50:00
-9.868900,-48.425200,GOES-19,2026-09-20 19:00:00
-9.868900,-48.425200,GOES-19,2026-09-20 19:10:00
-9.868900,-48.425200,GOES-19,2026-09-20 19:20:00
-9.868900,-48.425200,GOES-19,2026-09-20 19:40:00
-9.831300,-48.407300,GOES-19,2026-09-20 18:30:00
-9.831300,-48.407300,GOES-19,2026-09-20 18:40:00
-9.831300,-48.407300,GOES-19,2026-09-20 18:50:00
-9.831300,-48.407300,GOES-19,2026-09-20 19:00:00
-9.831300,-48.407300,GOES-19,2026-09-20 19:10:00
-9.831300,-48.407300,GOES-19,2026-09-20 19:20:00
-9.831300,-48.407300,GOES-19,2026-09-20 19:30:00
-9.831300,-48.407300,GOES-19,2026-09-20 19:40:00
-9.850200,-48.405300,GOES-19,2026-09-20 18:30:00
-9.850200,-48.405300,GOES-19,2026-09-20 18:40:00
-9.850200,-48.405300,GOES-19,2026-09-20 18:50:00
-9.850200,-48.405300,GOES-19,2026-09-20 19:00:00
-9.850200,-48.405300,GOES-19,2026-09-20 19:10:00
-9.850200,-48.405300,GOES-19,2026-09-20 19:20:00
-9.850200,-48.405300,GOES-19,2026-09-20 19:30:00
-9.850200,-48.405300,GOES-19,2026-09-20 19:40:00
5.605600,-73.506000,GOES-19,2026-09-21 03:20:00
5.189800,-54.277400,GOES-19,2026-09-21 03:20:00
3.674000,-75.315800,GOES-19,2026-09-21 03:20:00
3.655800,-75.315800,GOES-19,2026-09-21 03:20:00
-19.393700,-59.775000,GOES-19,2026-09-21 03:20:00
-20.838700,-59.891000,GOES-19,2026-09-21 03:20:00
-20.858600,-59.909200,GOES-19,2026-09-21 03:20:00
-20.859000,-59.888500,GOES-19,2026-09-21 03:20:00
-7.409500,-44.765600,GOES-19,2026-09-21 03:20:00
-7.428300,-44.763900,GOES-19,2026-09-21 03:20:00
-9.456700,-45.417800,GOES-19,2026-09-21 03:20:00
-9.457000,-45.395000,GOES-19,2026-09-21 03:20:00
-9.476000,-45.392800,GOES-19,2026-09-21 03:20:00
-3.053400,-61.276700,GOES-19,2026-09-21 03:20:00
-3.071700,-61.276400,GOES-19,2026-09-21 03:20:00
-6.202600,-57.777800,GOES-19,2026-09-21 03:20:00
-6.448600,-59.971700,GOES-19,2026-09-21 03:20:00
-7.570300,-57.696200,GOES-19,2026-09-21 03:20:00
-7.570400,-57.676600,GOES-19,2026-09-21 03:20:00
-7.588900,-57.675700,GOES-19,2026-09-21 03:20:00
-11.801400,-49.812900,GOES-19,2026-09-21 03:20:00
-16.049500,-52.510600,GOES-19,2026-09-21 03:20:00