lat,lon,satelite,data
-14.707400,-45.672700,GOES-19,2026-09-22 14:20:00
-14.707400,-45.672700,GOES-19,2026-09-22 14:30:00
-9.379400,-48.345000,GOES-19,2026-09-22 13:50:00
-9.379400,-48.345000,GOES-19,2026-09-22 14:00:00
-9.379400,-48.345000,GOES-19,2026-09-22 14:20:00
-9.379400,-48.345000,GOES-19,2026-09-22 14:30:00
-9.379400,-48.345000,GOES-19,2026-09-22 14:40:00
-9.379400,-48.345000,GOES-19,2026-09-22 14:50:00
-9.379400,-48.345000,GOES-19,2026-09-22 15:00:00
-9.379400,-48.345000,GOES-19,2026-09-22 15:10:00
-9.379400,-48.345000,GOES-19,2026-09-22 15:30:00
-9.417200,-48.341200,GOES-19,2026-09-22 18:30:00
-9.417200,-48.341200,GOES-19,2026-09-22 18:50:00
-9.417200,-48.341200,GOES-19,2026-09-22 19:00:00
-4.279600,-48.610200,GOES-19,2026-09-22 18:30:00
-4.279600,-48.610200,GOES-19,2026-09-22 19:00:00
-4.279600,-48.610200,GOES-19,2026-09-22 19:10:00
-4.279600,-48.610200,GOES-19,2026-09-22 19:20:00
-4.279600,-48.610200,GOES-19,2026-09-22 19:30:00
-4.279600,-48.610200,GOES-19,2026-09-22 19:40:00
-4.279600,-48.610200,GOES-19,2026-09-22 19:50:00
-7.164700,-48.433800,GOES-19,2026-09-22 13:00:00
-9.554500,-47.932900,GOES-19,2026-09-22 13:40:00
-9.554500,-47.932900,GOES-19,2026-09-22 14:10:00
-9.554500,-47.932900,GOES-19,2026-09-22 14:30:00
-12.145400,-47.419800,GOES-19,2026-09-22 13:10:00
-12.145400,-47.419800,GOES-19,2026-09-22 18:20:00
-12.126600,-47.400100,GOES-19,2026-09-22 14:10:00
-12.126600,-47.400100,GOES-19,2026-09-22 18:20:00
-12.126600,-47.400100,GOES-19,2026-09-22 18:30:00
-12.126600,-47.400100,GOES-19,2026-09-22 18:40:00
-12.127000,-47.377700,GOES-19,2026-09-22 15:30:00
-12.127000,-47.377700,GOES-19,2026-09-22 18:40:00
-12.127000,-47.377700,GOES-19,2026-09-22 18:50:00
-12.127000,-47.377700,GOES-19,2026-09-22 19:00:00
-7.657000,-47.850000,GOES-19,2026-09-22 14:00:00
-6.796300,-47.896700,GOES-19,2026-09-22 14:40:00
-3.152300,-48.051800,GOES-19,2026-09-22 19:00:00
-3.152300,-48.051800,GOES-19,2026-09-22 19:10:00
-11.459100,-47.355400,GOES-19,2026-09-22 13:00:00
-11.478200,-47.352900,GOES-19,2026-09-22 19:50:00
-8.390500,-47.675300,GOES-19,2026-09-22 14:00:00
-11.459500,-47.333000,GOES-19,2026-09-22 19:20:00
-10.925900,-47.378400,GOES-19,2026-09-22 14:10:00
-10.925900,-47.378400,GOES-19,2026-09-22 15:00:00
-10.925900,-47.378400,GOES-19,2026-09-22 15:10:00
-13.227500,-47.016100,GOES-19,2026-09-22 18:40:00
-12.381200,-47.073300,GOES-19,2026-09-22 14:20:00
-12.708500,-47.003600,GOES-19,2026-09-22 18:20:00
-8.449000,-47.493800,GOES-19,2026-09-22 14:30:00
-8.449000,-47.493800,GOES-19,2026-09-22 15:10:00
-6.275900,-47.650600,GOES-19,2026-09-22 14:20:00
-6.275900,-47.650600,GOES-19,2026-09-22 14:30:00
-6.275900,-47.650600,GOES-19,2026-09-22 14:40:00
-6.275900,-47.650600,GOES-19,2026-09-22 14:50:00
-6.275900,-47.650600,GOES-19,2026-09-22 15:00:00
-6.275900,-47.650600,GOES-19,2026-09-22 15:10:00
-6.294600,-47.649300,GOES-19,2026-09-22 14:20:00
-6.294600,-47.649300,GOES-19,2026-09-22 14:30:00
-6.294600,-47.649300,GOES-19,2026-09-22 14:40:00
-6.294600,-47.649300,GOES-19,2026-09-22 14:50:00
-6.294600,-47.649300,GOES-19,2026-09-22 15:00:00
-6.294600,-47.649300,GOES-19,2026-09-22 15:10:00
-8.449300,-47.471800,GOES-19,2026-09-22 14:20:00
-12.440000,-46.997500,GOES-19,2026-09-22 18:50:00
-12.459200,-46.994700,GOES-19,2026-09-22 19:00:00
-12.478400,-46.992000,GOES-19,2026-09-22 19:20:00
-12.478400,-46.992000,GOES-19,2026-09-22 19:30:00
-6.257500,-47.630000,GOES-19,2026-09-22 14:20:00
-6.257500,-47.630000,GOES-19,2026-09-22 14:30:00
-6.257500,-47.630000,GOES-19,2026-09-22 14:40:00
-6.257500,-47.630000,GOES-19,2026-09-22 14:50:00
-14.707400,-45.672700,GOES-19,2026-09-22 14:40:00
-6.257500,-47.630000,GOES-19,2026-09-22 15:00:00
-12.382800,-46.983200,GOES-19,2026-09-22 14:30:00
-12.382800,-46.983200,GOES-19,2026-09-22 18:50:00
-12.402000,-46.980400,GOES-19,2026-09-22 18:40:00
-12.440400,-46.974900,GOES-19,2026-09-22 19:10:00
-12.459600,-46.972200,GOES-19,2026-09-22 19:20:00
-12.459600,-46.972200,GOES-19,2026-09-22 19:30:00
-12.459600,-46.972200,GOES-19,2026-09-22 19:40:00
-12.478800,-46.969400,GOES-19,2026-09-22 19:20:00
-12.478800,-46.969400,GOES-19,2026-09-22 19:30:00
-12.478800,-46.969400,GOES-19,2026-09-22 19:40:00
-6.201700,-47.612000,GOES-19,2026-09-22 14:50:00
-12.402400,-46.957900,GOES-19,2026-09-22 19:20:00
-12.402400,-46.957900,GOES-19,2026-09-22 19:30:00
-12.402400,-46.957900,GOES-19,2026-09-22 19:40:00
-12.402400,-46.957900,GOES-19,2026-09-22 19:50:00
-6.201800,-47.590200,GOES-19,2026-09-22 14:50:00
-6.201800,-47.590200,GOES-19,2026-09-22 15:10:00
-6.276500,-47.585000,GOES-19,2026-09-22 14:40:00
-6.276500,-47.585000,GOES-19,2026-09-22 14:50:00
-6.276500,-47.585000,GOES-19,2026-09-22 15:00:00
-6.276500,-47.585000,GOES-19,2026-09-22 15:10:00
-7.005600,-47.509000,GOES-19,2026-09-22 15:10:00
-7.005600,-47.509000,GOES-19,2026-09-22 18:20:00
-6.202400,-47.524500,GOES-19,2026-09-22 14:50:00
-6.202400,-47.524500,GOES-19,2026-09-22 15:10:00
-6.202400,-47.524500,GOES-19,2026-09-22 15:20:00
-6.221100,-47.523200,GOES-19,2026-09-22 18:20:00
-6.202600,-47.502600,GOES-19,2026-09-22 14:50:00
-6.202600,-47.502600,GOES-19,2026-09-22 15:00:00
-6.202600,-47.502600,GOES-19,2026-09-22 15:10:00
-6.202600,-47.502600,GOES-19,2026-09-22 15:20:00
-6.221300,-47.501300,GOES-19,2026-09-22 18:20:00
-6.669800,-47.447000,GOES-19,2026-09-22 14:00:00
-6.669800,-47.447000,GOES-19,2026-09-22 14:30:00
-6.669800,-47.447000,GOES-19,2026-09-22 14:40:00
-1.525300,-47.616900,GOES-19,2026-09-22 18:40:00
-11.392200,-46.782400,GOES-19,2026-09-22 13:00:00
-11.411300,-46.779800,GOES-19,2026-09-22 13:00:00
-11.392500,-46.759800,GOES-19,2026-09-22 13:00:00
-11.411700,-46.757300,GOES-19,2026-09-22 13:00:00
-11.411700,-46.757300,GOES-19,2026-09-22 13:10:00
-11.411700,-46.757300,GOES-19,2026-09-22 13:20:00
-11.411700,-46.757300,GOES-19,2026-09-22 13:30:00
-11.411700,-46.757300,GOES-19,2026-09-22 13:40:00
-11.411700,-46.757300,GOES-19,2026-09-22 14:00:00
-11.411700,-46.757300,GOES-19,2026-09-22 14:10:00
-11.411700,-46.757300,GOES-19,2026-09-22 14:20:00
-11.430800,-46.754800,GOES-19,2026-09-22 13:00:00
-11.430800,-46.754800,GOES-19,2026-09-22 13:10:00
-11.430800,-46.754800,GOES-19,2026-09-22 13:20:00
-11.430800,-46.754800,GOES-19,2026-09-22 13:30:00
-11.430800,-46.754800,GOES-19,2026-09-22 13:40:00
-11.430800,-46.754800,GOES-19,2026-09-22 14:00:00
-11.430800,-46.754800,GOES-19,2026-09-22 14:20:00
-11.430800,-46.754800,GOES-19,2026-09-22 14:30:00
-8.698900,-47.049700,GOES-19,2026-09-22 18:20:00
-8.698900,-47.049700,GOES-19,2026-09-22 18:30:00
-11.392900,-46.737300,GOES-19,2026-09-22 19:30:00
-11.412000,-46.734800,GOES-19,2026-09-22 14:10:00
-11.412000,-46.734800,GOES-19,2026-09-22 14:20:00
-11.412000,-46.734800,GOES-19,2026-09-22 18:10:00
-11.431100,-46.732200,GOES-19,2026-09-22 18:40:00
-11.431100,-46.732200,GOES-19,2026-09-22 20:30:00
-11.450300,-46.729700,GOES-19,2026-09-22 19:00:00
-11.450300,-46.729700,GOES-19,2026-09-22 20:30:00
-14.754000,-46.218400,GOES-19,2026-09-22 22:40:00
-14.754000,-46.218400,GOES-19,2026-09-22 22:50:00
-11.412400,-46.712200,GOES-19,2026-09-22 19:30:00
-11.431500,-46.709700,GOES-19,2026-09-22 20:30:00
-11.450600,-46.707100,GOES-19,2026-09-22 18:40:00
-11.450600,-46.707100,GOES-19,2026-09-22 18:50:00
-11.450600,-46.707100,GOES-19,2026-09-22 19:00:00
-11.450600,-46.707100,GOES-19,2026-09-22 20:30:00
-10.593900,-46.727300,GOES-19,2026-09-22 14:50:00
-10.594200,-46.704800,GOES-19,2026-09-22 18:50:00
-10.594200,-46.704800,GOES-19,2026-09-22 19:00:00
-10.594200,-46.704800,GOES-19,2026-09-22 19:10:00
-10.594200,-46.704800,GOES-19,2026-09-22 19:20:00
-10.594200,-46.704800,GOES-19,2026-09-22 19:30:00
-10.594200,-46.704800,GOES-19,2026-09-22 19:40:00
-13.434000,-46.303100,GOES-19,2026-09-22 13:50:00
-13.434000,-46.303100,GOES-19,2026-09-22 14:00:00
-13.434000,-46.303100,GOES-19,2026-09-22 14:30:00
-13.434000,-46.303100,GOES-19,2026-09-22 17:50:00
-13.434000,-46.303100,GOES-19,2026-09-22 18:00:00
-13.434000,-46.303100,GOES-19,2026-09-22 18:10:00
-13.434000,-46.303100,GOES-19,2026-09-22 18:20:00
-13.434000,-46.303100,GOES-19,2026-09-22 18:40:00
-13.434000,-46.303100,GOES-19,2026-09-22 18:50:00
-13.434000,-46.303100,GOES-19,2026-09-22 19:10:00
-13.453400,-46.300000,GOES-19,2026-09-22 18:30:00
-13.453400,-46.300000,GOES-19,2026-09-22 18:40:00
-13.453400,-46.300000,GOES-19,2026-09-22 18:50:00
-13.453400,-46.300000,GOES-19,2026-09-22 19:00:00
-13.453400,-46.300000,GOES-19,2026-09-22 19:10:00
-13.434400,-46.280200,GOES-19,2026-09-22 19:10:00
-13.434400,-46.280200,GOES-19,2026-09-22 19:20:00
-13.434400,-46.280200,GOES-19,2026-09-22 19:30:00
-13.434400,-46.280200,GOES-19,2026-09-22 19:40:00
-13.434400,-46.280200,GOES-19,2026-09-22 19:50:00
-13.453800,-46.277100,GOES-19,2026-09-22 19:00:00
-13.453800,-46.277100,GOES-19,2026-09-22 19:10:00
-13.453800,-46.277100,GOES-19,2026-09-22 19:20:00
-13.453800,-46.277100,GOES-19,2026-09-22 19:30:00
-13.453800,-46.277100,GOES-19,2026-09-22 19:40:00
-13.453800,-46.277100,GOES-19,2026-09-22 19:50:00
-13.434900,-46.257300,GOES-19,2026-09-22 19:20:00
-13.434900,-46.257300,GOES-19,2026-09-22 19:30:00
-13.454300,-46.254200,GOES-19,2026-09-22 19:10:00
-13.454300,-46.254200,GOES-19,2026-09-22 19:20:00
-13.454300,-46.254200,GOES-19,2026-09-22 19:30:00
-13.454300,-46.254200,GOES-19,2026-09-22 19:40:00
-12.297500,-46.385700,GOES-19,2026-09-22 18:20:00
-12.297500,-46.385700,GOES-19,2026-09-22 18:30:00
-12.297500,-46.385700,GOES-19,2026-09-22 19:10:00
-10.752400,-46.302500,GOES-19,2026-09-22 18:10:00
-10.752400,-46.302500,GOES-19,2026-09-22 18:20:00
-10.752400,-46.302500,GOES-19,2026-09-22 18:30:00
-10.752400,-46.302500,GOES-19,2026-09-22 18:40:00
-10.752400,-46.302500,GOES-19,2026-09-22 18:50:00
-9.859300,-46.388900,GOES-19,2026-09-22 13:40:00
-9.859300,-46.388900,GOES-19,2026-09-22 14:00:00
-9.859300,-46.388900,GOES-19,2026-09-22 14:10:00
-9.859300,-46.388900,GOES-19,2026-09-22 14:20:00
-9.859300,-46.388900,GOES-19,2026-09-22 14:30:00
-9.859300,-46.388900,GOES-19,2026-09-22 14:40:00
-9.859300,-46.388900,GOES-19,2026-09-22 14:50:00
-9.859300,-46.388900,GOES-19,2026-09-22 15:00:00
-9.859300,-46.388900,GOES-19,2026-09-22 15:10:00
-14.648700,-45.683300,GOES-19,2026-09-22 14:30:00
-14.668200,-45.679800,GOES-19,2026-09-22 14:00:00
-14.668200,-45.679800,GOES-19,2026-09-22 14:20:00
-14.668200,-45.679800,GOES-19,2026-09-22 14:30:00
-14.687800,-45.676200,GOES-19,2026-09-22 14:00:00
-14.687800,-45.676200,GOES-19,2026-09-22 14:30:00
-14.707400,-45.672700,GOES-19,2026-09-22 13:20:00
-14.707400,-45.672700,GOES-19,2026-09-22 13:40:00
-14.707400,-45.672700,GOES-19,2026-09-22 13:50:00
-14.707400,-45.672700,GOES-19,2026-09-22 14:00:00
-14.707400,-45.672700,GOES-19,2026-09-22 14:10:00
-14.629700,-45.663500,GOES-19,2026-09-22 23:50:00
-14.649200,-45.660000,GOES-19,2026-09-22 14:00:00
-14.649200,-45.660000,GOES-19,2026-09-22 14:20:00
-14.649200,-45.660000,GOES-19,2026-09-22 14:30:00
-14.649200,-45.660000,GOES-19,2026-09-22 14:40:00
-14.649200,-45.660000,GOES-19,2026-09-22 15:00:00
-14.649200,-45.660000,GOES-19,2026-09-22 15:10:00
-14.668800,-45.656500,GOES-19,2026-09-22 14:00:00
-14.668800,-45.656500,GOES-19,2026-09-22 14:20:00
-14.668800,-45.656500,GOES-19,2026-09-22 14:30:00
-14.668800,-45.656500,GOES-19,2026-09-22 14:40:00
-14.668800,-45.656500,GOES-19,2026-09-22 15:00:00
-14.668800,-45.656500,GOES-19,2026-09-22 15:10:00
-14.688300,-45.653000,GOES-19,2026-09-22 13:00:00
-14.688300,-45.653000,GOES-19,2026-09-22 13:20:00
-14.688300,-45.653000,GOES-19,2026-09-22 13:30:00
-14.688300,-45.653000,GOES-19,2026-09-22 13:40:00
-14.688300,-45.653000,GOES-19,2026-09-22 13:50:00
-14.688300,-45.653000,GOES-19,2026-09-22 14:00:00
-14.688300,-45.653000,GOES-19,2026-09-22 14:10:00
-14.688300,-45.653000,GOES-19,2026-09-22 14:20:00
-14.688300,-45.653000,GOES-19,2026-09-22 14:30:00
-14.688300,-45.653000,GOES-19,2026-09-22 14:40:00
-14.688300,-45.653000,GOES-19,2026-09-22 14:50:00
-14.688300,-45.653000,GOES-19,2026-09-22 15:00:00
-14.688300,-45.653000,GOES-19,2026-09-22 15:10:00
-14.688300,-45.653000,GOES-19,2026-09-22 15:20:00
-14.707900,-45.649400,GOES-19,2026-09-22 13:40:00
-14.707900,-45.649400,GOES-19,2026-09-22 13:50:00
-14.707900,-45.649400,GOES-19,2026-09-22 14:00:00
-14.707900,-45.649400,GOES-19,2026-09-22 14:10:00
-14.707900,-45.649400,GOES-19,2026-09-22 14:20:00
-14.707900,-45.649400,GOES-19,2026-09-22 14:30:00
-14.707900,-45.649400,GOES-19,2026-09-22 14:40:00
-14.707900,-45.649400,GOES-19,2026-09-22 14:50:00
-14.707900,-45.649400,GOES-19,2026-09-22 15:00:00
-14.707900,-45.649400,GOES-19,2026-09-22 15:10:00
-14.727400,-45.645900,GOES-19,2026-09-22 14:20:00
-14.727400,-45.645900,GOES-19,2026-09-22 14:30:00
-14.727400,-45.645900,GOES-19,2026-09-22 14:40:00
-14.727400,-45.645900,GOES-19,2026-09-22 14:50:00
-14.727400,-45.645900,GOES-19,2026-09-22 15:00:00
-14.727400,-45.645900,GOES-19,2026-09-22 15:10:00
-10.467900,-46.270700,GOES-19,2026-09-22 18:10:00
-10.467900,-46.270700,GOES-19,2026-09-22 18:20:00
-10.467900,-46.270700,GOES-19,2026-09-22 18:30:00
-10.467900,-46.270700,GOES-19,2026-09-22 19:00:00
-10.467900,-46.270700,GOES-19,2026-09-22 19:10:00
-10.467900,-46.270700,GOES-19,2026-09-22 19:20:00
-10.467900,-46.270700,GOES-19,2026-09-22 19:30:00
-10.467900,-46.270700,GOES-19,2026-09-22 19:40:00
-10.467900,-46.270700,GOES-19,2026-09-22 19:50:00
-14.630200,-45.640300,GOES-19,2026-09-22 23:50:00
-14.649700,-45.636700,GOES-19,2026-09-22 23:50:00
-14.669300,-45.633200,GOES-19,2026-09-22 14:20:00
-14.669300,-45.633200,GOES-19,2026-09-22 14:30:00
-14.669300,-45.633200,GOES-19,2026-09-22 14:40:00
-14.669300,-45.633200,GOES-19,2026-09-22 14:50:00
-14.669300,-45.633200,GOES-19,2026-09-22 15:00:00
-14.669300,-45.633200,GOES-19,2026-09-22 15:10:00
-14.688800,-45.629700,GOES-19,2026-09-22 14:40:00
-14.688800,-45.629700,GOES-19,2026-09-22 15:00:00
-14.688800,-45.629700,GOES-19,2026-09-22 15:10:00
-14.650200,-45.613500,GOES-19,2026-09-22 23:50:00
-6.827500,-46.596100,GOES-19,2026-09-22 13:50:00
-6.827500,-46.596100,GOES-19,2026-09-22 14:30:00
-6.827500,-46.596100,GOES-19,2026-09-22 14:50:00
-6.846200,-46.594600,GOES-19,2026-09-22 13:50:00
-6.846200,-46.594600,GOES-19,2026-09-22 14:20:00
-6.846200,-46.594600,GOES-19,2026-09-22 14:30:00
-6.921600,-46.544100,GOES-19,2026-09-22 18:50:00
-12.672900,-45.805200,GOES-19,2026-09-22 13:20:00
-12.672900,-45.805200,GOES-19,2026-09-22 14:40:00
-9.900800,-46.136300,GOES-19,2026-09-22 18:30:00
-9.900800,-46.136300,GOES-19,2026-09-22 18:40:00
-9.919800,-46.134100,GOES-19,2026-09-22 18:40:00
-9.919800,-46.134100,GOES-19,2026-09-22 19:40:00
-9.919800,-46.134100,GOES-19,2026-09-22 19:50:00
-9.257000,-46.187300,GOES-19,2026-09-22 00:30:00
-9.257000,-46.187300,GOES-19,2026-09-22 00:40:00
-9.257000,-46.187300,GOES-19,2026-09-22 01:30:00
-9.275900,-46.185200,GOES-19,2026-09-22 00:30:00
-9.275900,-46.185200,GOES-19,2026-09-22 01:30:00
-9.920200,-46.111500,GOES-19,2026-09-22 18:40:00
-10.129000,-46.086500,GOES-19,2026-09-22 18:10:00
-9.238300,-46.166800,GOES-19,2026-09-22 00:30:00
-9.238300,-46.166800,GOES-19,2026-09-22 00:40:00
-9.238300,-46.166800,GOES-19,2026-09-22 01:30:00
-9.257300,-46.164700,GOES-19,2026-09-22 00:30:00
-9.257300,-46.164700,GOES-19,2026-09-22 00:40:00
-9.257300,-46.164700,GOES-19,2026-09-22 01:30:00
-9.257300,-46.164700,GOES-19,2026-09-22 13:00:00
-9.257300,-46.164700,GOES-19,2026-09-22 13:10:00
-9.257300,-46.164700,GOES-19,2026-09-22 13:20:00
-9.257300,-46.164700,GOES-19,2026-09-22 13:30:00
-9.257300,-46.164700,GOES-19,2026-09-22 13:40:00
-9.257300,-46.164700,GOES-19,2026-09-22 13:50:00
-9.257300,-46.164700,GOES-19,2026-09-22 14:00:00
-9.257300,-46.164700,GOES-19,2026-09-22 14:10:00
-9.257300,-46.164700,GOES-19,2026-09-22 14:20:00
-9.257300,-46.164700,GOES-19,2026-09-22 14:30:00
-9.257300,-46.164700,GOES-19,2026-09-22 14:40:00
-9.257300,-46.164700,GOES-19,2026-09-22 15:40:00
-9.257300,-46.164700,GOES-19,2026-09-22 15:50:00
-9.276200,-46.162700,GOES-19,2026-09-22 00:30:00
-9.276200,-46.162700,GOES-19,2026-09-22 00:40:00
-9.276200,-46.162700,GOES-19,2026-09-22 01:30:00
-10.110400,-46.066100,GOES-19,2026-09-22 14:20:00
-10.110400,-46.066100,GOES-19,2026-09-22 18:10:00
-10.110400,-46.066100,GOES-19,2026-09-22 18:20:00
-10.110400,-46.066100,GOES-19,2026-09-22 18:30:00
-10.110400,-46.066100,GOES-19,2026-09-22 18:40:00
-10.110400,-46.066100,GOES-19,2026-09-22 18:50:00
-9.238600,-46.144300,GOES-19,2026-09-22 00:30:00
-9.238600,-46.144300,GOES-19,2026-09-22 00:40:00
-9.238600,-46.144300,GOES-19,2026-09-22 01:30:00
-11.886300,-45.808100,GOES-19,2026-09-22 18:40:00
-11.886300,-45.808100,GOES-19,2026-09-22 19:10:00
-13.875700,-45.494600,GOES-19,2026-09-22 13:10:00
-13.875700,-45.494600,GOES-19,2026-09-22 13:30:00
-13.875700,-45.494600,GOES-19,2026-09-22 13:40:00
-13.875700,-45.494600,GOES-19,2026-09-22 13:50:00
-11.867500,-45.788000,GOES-19,2026-09-22 18:10:00
-11.867500,-45.788000,GOES-19,2026-09-22 18:20:00
-11.867500,-45.788000,GOES-19,2026-09-22 18:30:00
-11.867500,-45.788000,GOES-19,2026-09-22 18:40:00
-11.867500,-45.788000,GOES-19,2026-09-22 18:50:00
-11.867500,-45.788000,GOES-19,2026-09-22 19:00:00
-11.886700,-45.785200,GOES-19,2026-09-22 18:30:00
-11.886700,-45.785200,GOES-19,2026-09-22 18:40:00
-11.886700,-45.785200,GOES-19,2026-09-22 19:00:00
-11.886700,-45.785200,GOES-19,2026-09-22 19:10:00
-11.886700,-45.785200,GOES-19,2026-09-22 19:20:00
-11.886700,-45.785200,GOES-19,2026-09-22 19:30:00
-11.886700,-45.785200,GOES-19,2026-09-22 19:50:00
-9.750700,-46.041100,GOES-19,2026-09-22 18:10:00
-9.750700,-46.041100,GOES-19,2026-09-22 18:50:00
-7.543700,-46.201100,GOES-19,2026-09-22 14:40:00
-7.600000,-46.196100,GOES-19,2026-09-22 13:20:00
-7.600000,-46.196100,GOES-19,2026-09-22 14:00:00
-7.600000,-46.196100,GOES-19,2026-09-22 14:10:00
-7.600000,-46.196100,GOES-19,2026-09-22 14:20:00
-7.600000,-46.196100,GOES-19,2026-09-22 14:30:00
-7.600000,-46.196100,GOES-19,2026-09-22 14:40:00
-7.600000,-46.196100,GOES-19,2026-09-22 14:50:00
-9.885200,-45.912200,GOES-19,2026-09-22 14:10:00
-9.885200,-45.912200,GOES-19,2026-09-22 14:40:00
-9.885500,-45.889600,GOES-19,2026-09-22 13:50:00
-9.885500,-45.889600,GOES-19,2026-09-22 14:00:00
-9.885500,-45.889600,GOES-19,2026-09-22 14:10:00
-9.885500,-45.889600,GOES-19,2026-09-22 14:20:00
-9.885500,-45.889600,GOES-19,2026-09-22 14:30:00
-9.885500,-45.889600,GOES-19,2026-09-22 14:40:00
-9.885500,-45.889600,GOES-19,2026-09-22 14:50:00
-11.257600,-45.691100,GOES-19,2026-09-22 15:10:00
-11.257600,-45.691100,GOES-19,2026-09-22 15:20:00
-11.257600,-45.691100,GOES-19,2026-09-22 15:30:00
-11.257600,-45.691100,GOES-19,2026-09-22 17:50:00
-8.335500,-45.991600,GOES-19,2026-09-22 18:20:00
-8.826100,-45.941100,GOES-19,2026-09-22 14:50:00
-8.826100,-45.941100,GOES-19,2026-09-22 15:20:00
-8.920500,-45.931000,GOES-19,2026-09-22 15:30:00
-8.920500,-45.931000,GOES-19,2026-09-22 15:40:00
-10.133400,-45.791600,GOES-19,2026-09-22 15:10:00
-10.152500,-45.789200,GOES-19,2026-09-22 15:10:00
-10.152500,-45.789200,GOES-19,2026-09-22 15:20:00
-10.152500,-45.789200,GOES-19,2026-09-22 17:40:00
-8.826400,-45.918500,GOES-19,2026-09-22 15:20:00
-8.901900,-45.910400,GOES-19,2026-09-22 15:30:00
-10.133800,-45.768800,GOES-19,2026-09-22 17:40:00
-10.095800,-45.773500,GOES-19,2026-09-22 18:00:00
-11.872000,-45.535600,GOES-19,2026-09-22 13:30:00
-11.872000,-45.535600,GOES-19,2026-09-22 13:40:00
-11.872000,-45.535600,GOES-19,2026-09-22 14:40:00
-9.564600,-45.814000,GOES-19,2026-09-22 13:40:00
-9.564600,-45.814000,GOES-19,2026-09-22 13:50:00
-9.583600,-45.811800,GOES-19,2026-09-22 13:10:00
-9.583600,-45.811800,GOES-19,2026-09-22 13:20:00
-9.583600,-45.811800,GOES-19,2026-09-22 13:30:00
-9.583600,-45.811800,GOES-19,2026-09-22 13:40:00
-9.602600,-45.809600,GOES-19,2026-09-22 13:00:00
-10.096100,-45.750800,GOES-19,2026-09-22 17:50:00
-10.096100,-45.750800,GOES-19,2026-09-22 18:00:00
-8.751400,-45.881300,GOES-19,2026-09-22 14:50:00
-8.770900,-45.834100,GOES-19,2026-09-22 14:30:00
-8.770900,-45.834100,GOES-19,2026-09-22 14:40:00
-8.770900,-45.834100,GOES-19,2026-09-22 15:00:00
-8.770900,-45.834100,GOES-19,2026-09-22 15:20:00
-9.547900,-45.657300,GOES-19,2026-09-22 13:40:00
-9.547900,-45.657300,GOES-19,2026-09-22 13:50:00
-9.547900,-45.657300,GOES-19,2026-09-22 14:10:00
-9.547900,-45.657300,GOES-19,2026-09-22 14:30:00
-9.547900,-45.657300,GOES-19,2026-09-22 14:40:00
-9.566900,-45.655100,GOES-19,2026-09-22 14:30:00
-5.861500,-45.955100,GOES-19,2026-09-22 14:40:00
-5.861500,-45.955100,GOES-19,2026-09-22 15:00:00
-10.156200,-45.538700,GOES-19,2026-09-22 14:10:00
-10.156200,-45.538700,GOES-19,2026-09-22 14:40:00
-10.156200,-45.538700,GOES-19,2026-09-22 15:00:00
-10.156200,-45.538700,GOES-19,2026-09-22 18:20:00
-10.156200,-45.538700,GOES-19,2026-09-22 18:40:00
-8.773500,-45.630300,GOES-19,2026-09-22 18:30:00
-8.773500,-45.630300,GOES-19,2026-09-22 18:40:00
-8.773500,-45.630300,GOES-19,2026-09-22 18:50:00
-8.792400,-45.628200,GOES-19,2026-09-22 18:30:00
-8.792400,-45.628200,GOES-19,2026-09-22 18:40:00
-9.986200,-45.491300,GOES-19,2026-09-22 18:10:00
-10.005200,-45.489000,GOES-19,2026-09-22 18:10:00
-9.027300,-45.010500,GOES-19,2026-09-22 13:10:00
-8.773800,-45.607600,GOES-19,2026-09-22 18:20:00
-8.773800,-45.607600,GOES-19,2026-09-22 18:30:00
-8.358800,-45.628200,GOES-19,2026-09-22 20:00:00
-8.358800,-45.628200,GOES-19,2026-09-22 20:20:00
-8.377700,-45.626300,GOES-19,2026-09-22 20:00:00
-8.377700,-45.626300,GOES-19,2026-09-22 20:20:00
-8.359100,-45.605600,GOES-19,2026-09-22 19:50:00
-8.359100,-45.605600,GOES-19,2026-09-22 20:00:00
-8.359100,-45.605600,GOES-19,2026-09-22 20:20:00
-8.378000,-45.603600,GOES-19,2026-09-22 20:00:00
-8.378000,-45.603600,GOES-19,2026-09-22 20:20:00
-10.007200,-45.351800,GOES-19,2026-09-22 18:00:00
-10.007200,-45.351800,GOES-19,2026-09-22 18:10:00
-10.007200,-45.351800,GOES-19,2026-09-22 18:20:00
-10.007200,-45.351800,GOES-19,2026-09-22 18:30:00
-15.636400,-44.392400,GOES-19,2026-09-22 13:00:00
-15.636400,-44.392400,GOES-19,2026-09-22 13:10:00
-15.636400,-44.392400,GOES-19,2026-09-22 13:20:00
-15.636400,-44.392400,GOES-19,2026-09-22 13:30:00
-15.636400,-44.392400,GOES-19,2026-09-22 13:40:00
-15.636400,-44.392400,GOES-19,2026-09-22 14:00:00
-15.636400,-44.392400,GOES-19,2026-09-22 14:10:00
-15.636400,-44.392400,GOES-19,2026-09-22 14:20:00
-15.636400,-44.392400,GOES-19,2026-09-22 14:30:00
-15.617200,-44.372500,GOES-19,2026-09-22 13:10:00
-15.617200,-44.372500,GOES-19,2026-09-22 13:20:00
-15.636900,-44.368500,GOES-19,2026-09-22 13:00:00
-15.636900,-44.368500,GOES-19,2026-09-22 14:10:00
-7.646000,-45.448900,GOES-19,2026-09-22 18:20:00
-10.527400,-44.895400,GOES-19,2026-09-22 18:40:00
-10.527400,-44.895400,GOES-19,2026-09-22 19:00:00
-10.508300,-44.897900,GOES-19,2026-09-22 18:30:00
-10.508300,-44.897900,GOES-19,2026-09-22 18:40:00
-10.508300,-44.897900,GOES-19,2026-09-22 18:50:00
-10.508300,-44.897900,GOES-19,2026-09-22 19:00:00
-10.508300,-44.897900,GOES-19,2026-09-22 19:10:00
-10.508300,-44.897900,GOES-19,2026-09-22 19:20:00
-10.508300,-44.897900,GOES-19,2026-09-22 19:30:00
-10.508300,-44.897900,GOES-19,2026-09-22 19:40:00
-10.508300,-44.897900,GOES-19,2026-09-22 19:50:00
-10.508700,-44.874800,GOES-19,2026-09-22 19:00:00
-10.508700,-44.874800,GOES-19,2026-09-22 19:10:00
-10.508700,-44.874800,GOES-19,2026-09-22 19:20:00
-10.508700,-44.874800,GOES-19,2026-09-22 19:30:00
-10.508700,-44.874800,GOES-19,2026-09-22 19:40:00
-10.508700,-44.874800,GOES-19,2026-09-22 19:50:00
-10.490000,-44.854200,GOES-19,2026-09-22 19:20:00
-10.490000,-44.854200,GOES-19,2026-09-22 19:40:00
-10.509100,-44.851700,GOES-19,2026-09-22 19:00:00
-10.509100,-44.851700,GOES-19,2026-09-22 19:10:00
-10.509100,-44.851700,GOES-19,2026-09-22 19:20:00
-10.509100,-44.851700,GOES-19,2026-09-22 19:30:00
-10.509100,-44.851700,GOES-19,2026-09-22 19:50:00
-9.027300,-45.010500,GOES-19,2026-09-22 13:30:00
-9.027300,-45.010500,GOES-19,2026-09-22 13:40:00
-9.027300,-45.010500,GOES-19,2026-09-22 13:50:00
-9.027300,-45.010500,GOES-19,2026-09-22 14:00:00
-9.027300,-45.010500,GOES-19,2026-09-22 14:10:00
-9.046300,-45.008300,GOES-19,2026-09-22 13:00:00
-9.046300,-45.008300,GOES-19,2026-09-22 13:30:00
-9.046300,-45.008300,GOES-19,2026-09-22 13:40:00
-9.046300,-45.008300,GOES-19,2026-09-22 13:50:00
-9.046300,-45.008300,GOES-19,2026-09-22 14:10:00
-9.046300,-45.008300,GOES-19,2026-09-22 18:10:00
-9.046300,-45.008300,GOES-19,2026-09-22 18:20:00
-9.046300,-45.008300,GOES-19,2026-09-22 18:30:00
-9.046300,-45.008300,GOES-19,2026-09-22 18:40:00
-5.867600,-45.257200,GOES-19,2026-09-22 15:10:00
-9.047200,-44.939500,GOES-19,2026-09-22 13:40:00
-9.047200,-44.939500,GOES-19,2026-09-22 14:00:00
-9.047200,-44.939500,GOES-19,2026-09-22 14:20:00
-9.047200,-44.939500,GOES-19,2026-09-22 14:30:00
-9.047200,-44.939500,GOES-19,2026-09-22 14:50:00
-8.915000,-44.931500,GOES-19,2026-09-22 14:20:00
-8.915000,-44.931500,GOES-19,2026-09-22 14:30:00
-6.392400,-45.149500,GOES-19,2026-09-22 14:40:00
-7.877300,-44.972000,GOES-19,2026-09-22 13:30:00
-7.877300,-44.972000,GOES-19,2026-09-22 13:40:00
-7.877300,-44.972000,GOES-19,2026-09-22 14:10:00
-7.877300,-44.972000,GOES-19,2026-09-22 14:20:00
-7.877300,-44.972000,GOES-19,2026-09-22 15:10:00
-7.971500,-44.962700,GOES-19,2026-09-22 14:40:00
-7.971500,-44.962700,GOES-19,2026-09-22 14:50:00
-7.990400,-44.960800,GOES-19,2026-09-22 14:40:00
-11.718100,-44.495500,GOES-19,2026-09-22 18:50:00
-8.746000,-44.858600,GOES-19,2026-09-22 14:50:00
-5.756700,-45.106700,GOES-19,2026-09-22 00:00:00
-5.756900,-45.084000,GOES-19,2026-09-22 00:00:00
-5.757100,-45.061300,GOES-19,2026-09-22 00:00:00
-6.431200,-45.010100,GOES-19,2026-09-22 14:30:00
-6.431200,-45.010100,GOES-19,2026-09-22 17:50:00
-12.763600,-44.095700,GOES-19,2026-09-22 14:00:00
-12.763600,-44.095700,GOES-19,2026-09-22 14:10:00
-7.616500,-44.746000,GOES-19,2026-09-22 13:10:00
-7.542000,-44.684400,GOES-19,2026-09-22 14:20:00
-7.560900,-44.682600,GOES-19,2026-09-22 14:00:00
-7.560900,-44.682600,GOES-19,2026-09-22 14:10:00
-7.560900,-44.682600,GOES-19,2026-09-22 14:20:00
-7.579700,-44.680800,GOES-19,2026-09-22 14:20:00
-7.542300,-44.661500,GOES-19,2026-09-22 14:20:00
-7.561100,-44.659700,GOES-19,2026-09-22 14:10:00
-7.561100,-44.659700,GOES-19,2026-09-22 14:20:00
-7.561100,-44.659700,GOES-19,2026-09-22 14:30:00
-7.561100,-44.659700,GOES-19,2026-09-22 14:40:00
-7.561100,-44.659700,GOES-19,2026-09-22 14:50:00
-7.561100,-44.659700,GOES-19,2026-09-22 15:00:00
-7.561100,-44.659700,GOES-19,2026-09-22 15:10:00
-11.285800,-44.046100,GOES-19,2026-09-22 18:10:00
-11.285800,-44.046100,GOES-19,2026-09-22 18:20:00
-11.285800,-44.046100,GOES-19,2026-09-22 18:30:00
-11.285800,-44.046100,GOES-19,2026-09-22 18:40:00
-11.285800,-44.046100,GOES-19,2026-09-22 18:50:00
-11.285800,-44.046100,GOES-19,2026-09-22 19:00:00
-11.285800,-44.046100,GOES-19,2026-09-22 19:10:00
-11.400900,-44.029000,GOES-19,2026-09-22 18:00:00
-11.400900,-44.029000,GOES-19,2026-09-22 18:10:00
-11.286200,-44.022600,GOES-19,2026-09-22 18:50:00
-8.810200,-44.298800,GOES-19,2026-09-22 13:00:00
-8.810200,-44.298800,GOES-19,2026-09-22 13:10:00
-8.810200,-44.298800,GOES-19,2026-09-22 14:00:00
-8.092300,-44.330700,GOES-19,2026-09-22 18:40:00
-8.092300,-44.330700,GOES-19,2026-09-22 18:50:00
-10.542100,-43.988400,GOES-19,2026-09-22 18:30:00
-10.542100,-43.988400,GOES-19,2026-09-22 18:40:00
-10.542100,-43.988400,GOES-19,2026-09-22 18:50:00
-10.561200,-43.985700,GOES-19,2026-09-22 15:00:00
-10.561200,-43.985700,GOES-19,2026-09-22 18:20:00
-10.561600,-43.962300,GOES-19,2026-09-22 14:40:00
-10.561600,-43.962300,GOES-19,2026-09-22 14:50:00
-10.561600,-43.962300,GOES-19,2026-09-22 15:00:00
-10.561600,-43.962300,GOES-19,2026-09-22 15:10:00
-10.561600,-43.962300,GOES-19,2026-09-22 15:20:00
-9.591800,-43.950100,GOES-19,2026-09-22 14:30:00
-9.591800,-43.950100,GOES-19,2026-09-22 14:40:00
-9.591800,-43.950100,GOES-19,2026-09-22 14:50:00
-9.591800,-43.950100,GOES-19,2026-09-22 15:00:00
-9.591800,-43.950100,GOES-19,2026-09-22 15:20:00
-9.592100,-43.926700,GOES-19,2026-09-22 13:40:00
-9.592100,-43.926700,GOES-19,2026-09-22 14:20:00
-9.592100,-43.926700,GOES-19,2026-09-22 14:30:00
-9.592100,-43.926700,GOES-19,2026-09-22 14:40:00
-9.592100,-43.926700,GOES-19,2026-09-22 15:00:00
-9.592100,-43.926700,GOES-19,2026-09-22 15:10:00
-8.001100,-44.085900,GOES-19,2026-09-22 14:00:00
-3.057400,-44.414800,GOES-19,2026-09-22 18:00:00
-8.001400,-44.062700,GOES-19,2026-09-22 14:00:00
-3.057500,-44.392000,GOES-19,2026-09-22 18:00:00
-3.057500,-44.392000,GOES-19,2026-09-22 18:20:00
-3.076200,-44.391300,GOES-19,2026-09-22 18:20:00
-3.076200,-44.391300,GOES-19,2026-09-22 18:50:00
-7.285800,-44.064400,GOES-19,2026-09-22 13:40:00
-6.158600,-44.139500,GOES-19,2026-09-22 18:00:00
-7.286100,-44.041200,GOES-19,2026-09-22 13:40:00
-7.286100,-44.041200,GOES-19,2026-09-22 14:00:00
-7.286100,-44.041200,GOES-19,2026-09-22 15:00:00
-11.678900,-43.492100,GOES-19,2026-09-22 19:50:00
-11.678900,-43.492100,GOES-19,2026-09-22 20:00:00
-11.678900,-43.492100,GOES-19,2026-09-22 20:10:00
-11.678900,-43.492100,GOES-19,2026-09-22 20:20:00
-11.678900,-43.492100,GOES-19,2026-09-22 20:30:00
-11.660100,-43.471400,GOES-19,2026-09-22 19:50:00
-11.660100,-43.471400,GOES-19,2026-09-22 20:00:00
-11.660100,-43.471400,GOES-19,2026-09-22 20:10:00
-11.660100,-43.471400,GOES-19,2026-09-22 20:20:00
-11.660100,-43.471400,GOES-19,2026-09-22 20:30:00
-11.679300,-43.468400,GOES-19,2026-09-22 19:50:00
-11.679300,-43.468400,GOES-19,2026-09-22 20:00:00
-11.679300,-43.468400,GOES-19,2026-09-22 20:10:00
-11.679300,-43.468400,GOES-19,2026-09-22 20:20:00
-11.679300,-43.468400,GOES-19,2026-09-22 20:30:00
-11.698600,-43.465400,GOES-19,2026-09-22 19:20:00
-11.698600,-43.465400,GOES-19,2026-09-22 19:30:00
-11.698600,-43.465400,GOES-19,2026-09-22 19:40:00
-11.698600,-43.465400,GOES-19,2026-09-22 19:50:00
-11.698600,-43.465400,GOES-19,2026-09-22 20:00:00
-11.698600,-43.465400,GOES-19,2026-09-22 20:10:00
-11.698600,-43.465400,GOES-19,2026-09-22 20:20:00
-11.698600,-43.465400,GOES-19,2026-09-22 20:30:00
-11.699000,-43.441600,GOES-19,2026-09-22 19:50:00
-11.699000,-43.441600,GOES-19,2026-09-22 20:00:00
-11.699000,-43.441600,GOES-19,2026-09-22 20:10:00
-11.699000,-43.441600,GOES-19,2026-09-22 20:20:00
-11.699000,-43.441600,GOES-19,2026-09-22 20:30:00
-11.660500,-43.447600,GOES-19,2026-09-22 19:50:00
-11.660500,-43.447600,GOES-19,2026-09-22 20:00:00
-11.660500,-43.447600,GOES-19,2026-09-22 20:10:00
-11.660500,-43.447600,GOES-19,2026-09-22 20:20:00
-11.660500,-43.447600,GOES-19,2026-09-22 20:30:00
-11.679800,-43.444600,GOES-19,2026-09-22 19:50:00
-11.679800,-43.444600,GOES-19,2026-09-22 20:00:00
-11.679800,-43.444600,GOES-19,2026-09-22 20:10:00
-11.679800,-43.444600,GOES-19,2026-09-22 20:20:00
-11.679800,-43.444600,GOES-19,2026-09-22 20:30:00
-11.680200,-43.420900,GOES-19,2026-09-22 19:50:00
-6.798700,-43.924000,GOES-19,2026-09-22 13:10:00
-6.798700,-43.924000,GOES-19,2026-09-22 13:20:00
-6.798700,-43.924000,GOES-19,2026-09-22 13:30:00
-6.798700,-43.924000,GOES-19,2026-09-22 13:40:00
-6.798700,-43.924000,GOES-19,2026-09-22 13:50:00
-6.798700,-43.924000,GOES-19,2026-09-22 14:00:00
-6.798700,-43.924000,GOES-19,2026-09-22 14:10:00
-6.798700,-43.924000,GOES-19,2026-09-22 14:20:00
-6.798700,-43.924000,GOES-19,2026-09-22 14:40:00
-6.798700,-43.924000,GOES-19,2026-09-22 14:50:00
-6.817500,-43.922300,GOES-19,2026-09-22 13:20:00
-6.817500,-43.922300,GOES-19,2026-09-22 13:50:00
-6.817500,-43.922300,GOES-19,2026-09-22 14:00:00
-6.817500,-43.922300,GOES-19,2026-09-22 14:10:00
-6.817700,-43.899100,GOES-19,2026-09-22 13:20:00
-6.817700,-43.899100,GOES-19,2026-09-22 14:00:00
-6.817700,-43.899100,GOES-19,2026-09-22 14:10:00
-7.120000,-43.755500,GOES-19,2026-09-22 13:10:00
-7.120000,-43.755500,GOES-19,2026-09-22 13:30:00
-7.120000,-43.755500,GOES-19,2026-09-22 13:40:00
-7.120000,-43.755500,GOES-19,2026-09-22 13:50:00
-7.120000,-43.755500,GOES-19,2026-09-22 14:00:00
-7.120000,-43.755500,GOES-19,2026-09-22 14:10:00
-7.120000,-43.755500,GOES-19,2026-09-22 14:20:00
-7.120000,-43.755500,GOES-19,2026-09-22 14:30:00
-7.138900,-43.753800,GOES-19,2026-09-22 13:10:00
-7.138900,-43.753800,GOES-19,2026-09-22 13:30:00
-7.138900,-43.753800,GOES-19,2026-09-22 13:40:00
-7.138900,-43.753800,GOES-19,2026-09-22 14:00:00
-7.138900,-43.753800,GOES-19,2026-09-22 14:10:00
-7.138900,-43.753800,GOES-19,2026-09-22 14:20:00
-5.768300,-43.800400,GOES-19,2026-09-22 14:20:00
-5.787100,-43.799000,GOES-19,2026-09-22 14:10:00
-5.787100,-43.799000,GOES-19,2026-09-22 14:20:00
-5.768500,-43.777200,GOES-19,2026-09-22 14:00:00
-5.768500,-43.777200,GOES-19,2026-09-22 14:10:00
-5.768500,-43.777200,GOES-19,2026-09-22 14:20:00
-6.895700,-43.636800,GOES-19,2026-09-22 13:30:00
-6.895700,-43.636800,GOES-19,2026-09-22 13:40:00
-6.895700,-43.636800,GOES-19,2026-09-22 13:50:00
-6.895700,-43.636800,GOES-19,2026-09-22 14:00:00
-6.895700,-43.636800,GOES-19,2026-09-22 14:10:00
-6.914500,-43.635100,GOES-19,2026-09-22 13:40:00
-13.296200,-42.643100,GOES-19,2026-09-22 18:10:00
-13.296200,-42.643100,GOES-19,2026-09-22 18:20:00
-13.296200,-42.643100,GOES-19,2026-09-22 18:30:00
-13.296200,-42.643100,GOES-19,2026-09-22 18:40:00
-13.296200,-42.643100,GOES-19,2026-09-22 18:50:00
-13.296200,-42.643100,GOES-19,2026-09-22 19:00:00
-13.296200,-42.643100,GOES-19,2026-09-22 19:10:00
-15.812100,-42.078900,GOES-19,2026-09-22 14:10:00
-15.812100,-42.078900,GOES-19,2026-09-22 14:20:00
-15.812100,-42.078900,GOES-19,2026-09-22 14:30:00
-15.812100,-42.078900,GOES-19,2026-09-22 14:40:00
-15.812100,-42.078900,GOES-19,2026-09-22 14:50:00
-15.812100,-42.078900,GOES-19,2026-09-22 15:00:00
-15.812100,-42.078900,GOES-19,2026-09-22 15:10:00
-15.831900,-42.074400,GOES-19,2026-09-22 14:10:00
-15.831900,-42.074400,GOES-19,2026-09-22 14:20:00
-15.831900,-42.074400,GOES-19,2026-09-22 14:30:00
-15.831900,-42.074400,GOES-19,2026-09-22 14:40:00
-15.812700,-42.054100,GOES-19,2026-09-22 14:10:00
-15.812700,-42.054100,GOES-19,2026-09-22 14:20:00
-15.812700,-42.054100,GOES-19,2026-09-22 14:30:00
-15.812700,-42.054100,GOES-19,2026-09-22 14:40:00
-15.832600,-42.049600,GOES-19,2026-09-22 14:10:00
-3.546700,-43.473500,GOES-19,2026-09-22 13:30:00
-3.546700,-43.473500,GOES-19,2026-09-22 13:40:00
-3.546700,-43.473500,GOES-19,2026-09-22 13:50:00
-3.546700,-43.473500,GOES-19,2026-09-22 14:00:00
-3.546700,-43.473500,GOES-19,2026-09-22 14:20:00
-5.622500,-43.346800,GOES-19,2026-09-22 18:50:00
-5.622500,-43.346800,GOES-19,2026-09-22 19:00:00
-5.622500,-43.346800,GOES-19,2026-09-22 19:10:00
-5.622500,-43.346800,GOES-19,2026-09-22 19:20:00
-14.183800,-42.082500,GOES-19,2026-09-22 13:40:00
-14.183800,-42.082500,GOES-19,2026-09-22 13:50:00
-14.183800,-42.082500,GOES-19,2026-09-22 14:00:00
-14.183800,-42.082500,GOES-19,2026-09-22 14:30:00
-14.183800,-42.082500,GOES-19,2026-09-22 14:40:00
-11.601300,-42.502400,GOES-19,2026-09-22 15:20:00
-11.601300,-42.502400,GOES-19,2026-09-22 15:30:00
-14.680700,-41.733700,GOES-19,2026-09-22 14:20:00
-14.680700,-41.733700,GOES-19,2026-09-22 14:30:00
-6.339300,-42.937900,GOES-19,2026-09-22 18:20:00
-6.339300,-42.937900,GOES-19,2026-09-22 18:30:00
-12.186000,-42.114900,GOES-19,2026-09-22 14:20:00
-14.584700,-41.655100,GOES-19,2026-09-22 18:20:00
-14.584700,-41.655100,GOES-19,2026-09-22 18:30:00
-15.434200,-41.444700,GOES-19,2026-09-22 14:00:00
-15.434200,-41.444700,GOES-19,2026-09-22 14:10:00
-15.434200,-41.444700,GOES-19,2026-09-22 14:40:00
-15.434200,-41.444700,GOES-19,2026-09-22 14:50:00
-15.434200,-41.444700,GOES-19,2026-09-22 15:00:00
-15.454000,-41.440300,GOES-19,2026-09-22 13:40:00
-15.454000,-41.440300,GOES-19,2026-09-22 13:50:00
-15.454000,-41.440300,GOES-19,2026-09-22 14:00:00
-15.454000,-41.440300,GOES-19,2026-09-22 14:30:00
-15.454000,-41.440300,GOES-19,2026-09-22 14:40:00
-15.454000,-41.440300,GOES-19,2026-09-22 14:50:00
-15.454000,-41.440300,GOES-19,2026-09-22 15:00:00
-6.359600,-42.794900,GOES-19,2026-09-22 14:30:00
-14.569300,-41.485100,GOES-19,2026-09-22 18:00:00
-14.569300,-41.485100,GOES-19,2026-09-22 18:10:00
-14.786500,-41.413700,GOES-19,2026-09-22 15:00:00
-5.571900,-42.717900,GOES-19,2026-09-22 13:10:00
-5.571900,-42.717900,GOES-19,2026-09-22 13:20:00
-5.571900,-42.717900,GOES-19,2026-09-22 13:30:00
-5.571900,-42.717900,GOES-19,2026-09-22 13:40:00
-5.571900,-42.717900,GOES-19,2026-09-22 13:50:00
-5.571900,-42.717900,GOES-19,2026-09-22 14:10:00
-5.571900,-42.717900,GOES-19,2026-09-22 14:20:00
-5.571900,-42.717900,GOES-19,2026-09-22 14:30:00
-5.571900,-42.717900,GOES-19,2026-09-22 14:50:00
-5.571900,-42.717900,GOES-19,2026-09-22 15:00:00
-15.407500,-40.950200,GOES-19,2026-09-22 17:50:00
-15.407500,-40.950200,GOES-19,2026-09-22 18:00:00
-15.407500,-40.950200,GOES-19,2026-09-22 18:40:00
-13.255400,-40.959300,GOES-19,2026-09-22 13:20:00
-10.817500,-41.317300,GOES-19,2026-09-22 18:40:00
-13.788600,-40.626500,GOES-19,2026-09-22 15:00:00
-13.788600,-40.626500,GOES-19,2026-09-22 15:10:00
-13.788600,-40.626500,GOES-19,2026-09-22 15:20:00
-13.788600,-40.626500,GOES-19,2026-09-22 15:30:00
-13.788600,-40.626500,GOES-19,2026-09-22 17:50:00
-6.220500,-41.689100,GOES-19,2026-09-22 13:30:00
-6.220500,-41.689100,GOES-19,2026-09-22 13:40:00
-6.220500,-41.689100,GOES-19,2026-09-22 14:00:00
-6.220500,-41.689100,GOES-19,2026-09-22 14:10:00
-6.220500,-41.689100,GOES-19,2026-09-22 14:40:00
-6.220500,-41.689100,GOES-19,2026-09-22 15:00:00
-6.202000,-41.666800,GOES-19,2026-09-22 13:30:00
-6.202000,-41.666800,GOES-19,2026-09-22 13:40:00
-6.202000,-41.666800,GOES-19,2026-09-22 14:00:00
-6.220800,-41.665100,GOES-19,2026-09-22 13:00:00
-6.220800,-41.665100,GOES-19,2026-09-22 13:10:00
-6.220800,-41.665100,GOES-19,2026-09-22 13:20:00
-6.220800,-41.665100,GOES-19,2026-09-22 13:30:00
-6.220800,-41.665100,GOES-19,2026-09-22 13:40:00
-6.220800,-41.665100,GOES-19,2026-09-22 13:50:00
-6.220800,-41.665100,GOES-19,2026-09-22 14:00:00
-6.220800,-41.665100,GOES-19,2026-09-22 14:10:00
-6.220800,-41.665100,GOES-19,2026-09-22 14:20:00
-6.220800,-41.665100,GOES-19,2026-09-22 14:30:00
-6.221000,-41.641000,GOES-19,2026-09-22 13:30:00
-6.221000,-41.641000,GOES-19,2026-09-22 13:50:00
-6.221000,-41.641000,GOES-19,2026-09-22 14:00:00
-6.221000,-41.641000,GOES-19,2026-09-22 14:10:00
-6.221000,-41.641000,GOES-19,2026-09-22 14:20:00
-6.221000,-41.641000,GOES-19,2026-09-22 14:30:00
-6.221000,-41.641000,GOES-19,2026-09-22 14:40:00
-6.473100,-40.964700,GOES-19,2026-09-22 18:30:00
-6.473100,-40.964700,GOES-19,2026-09-22 19:00:00
-6.473100,-40.964700,GOES-19,2026-09-22 19:40:00
-8.180000,-40.558500,GOES-19,2026-09-22 18:20:00
-8.180000,-40.558500,GOES-19,2026-09-22 18:30:00
-7.805000,-38.854400,GOES-19,2026-09-22 18:10:00
-7.805000,-38.854400,GOES-19,2026-09-22 18:30:00
-9.424400,-37.750100,GOES-19,2026-09-22 13:50:00
-6.145400,-38.123000,GOES-19,2026-09-22 18:30:00
-6.145400,-38.123000,GOES-19,2026-09-22 18:40:00
-6.145400,-38.123000,GOES-19,2026-09-22 18:50:00
-6.145700,-38.097300,GOES-19,2026-09-22 18:40:00
-7.491800,-73.572000,GOES-19,2026-09-22 17:50:00
-7.491800,-73.572000,GOES-19,2026-09-22 18:00:00
-7.786400,-72.914900,GOES-19,2026-09-22 17:50:00
-7.143500,-72.882200,GOES-19,2026-09-22 17:40:00
-7.841600,-72.878200,GOES-19,2026-09-22 18:00:00
-7.841600,-72.878200,GOES-19,2026-09-22 18:20:00
-7.180300,-72.718300,GOES-19,2026-09-22 18:10:00
-8.966600,-72.541500,GOES-19,2026-09-22 19:10:00
-7.952400,-72.494500,GOES-19,2026-09-22 18:00:00
-8.026000,-72.475700,GOES-19,2026-09-22 18:20:00
-8.026000,-72.475700,GOES-19,2026-09-22 18:40:00
-8.026000,-72.475700,GOES-19,2026-09-22 18:50:00
-8.026000,-72.475700,GOES-19,2026-09-22 19:00:00
-8.026000,-72.475700,GOES-19,2026-09-22 19:10:00
-8.026000,-72.475700,GOES-19,2026-09-22 19:30:00
-8.911300,-72.468800,GOES-19,2026-09-22 18:10:00
-7.676500,-72.423600,GOES-19,2026-09-22 18:50:00
-9.022200,-72.412900,GOES-19,2026-09-22 18:00:00
-8.026100,-72.402700,GOES-19,2026-09-22 18:00:00
-8.062900,-72.402500,GOES-19,2026-09-22 17:40:00
-7.658200,-72.387300,GOES-19,2026-09-22 18:20:00
-7.658200,-72.387300,GOES-19,2026-09-22 18:30:00
-9.022300,-72.376300,GOES-19,2026-09-22 18:10:00
-8.100200,-72.055400,GOES-19,2026-09-22 18:50:00
-8.100200,-72.055400,GOES-19,2026-09-22 19:00:00
-8.967500,-71.864200,GOES-19,2026-09-22 18:20:00
-8.967500,-71.864200,GOES-19,2026-09-22 18:30:00
-8.967500,-71.864200,GOES-19,2026-09-22 18:40:00
-8.875200,-71.810200,GOES-19,2026-09-22 18:30:00
-6.961200,-71.773300,GOES-19,2026-09-22 18:10:00
-6.979500,-71.773200,GOES-19,2026-09-22 18:00:00
-6.979500,-71.773200,GOES-19,2026-09-22 18:10:00
-6.979500,-71.773200,GOES-19,2026-09-22 18:20:00
-6.961200,-71.736900,GOES-19,2026-09-22 18:20:00
-6.961200,-71.736900,GOES-19,2026-09-22 18:30:00
-6.961200,-71.736900,GOES-19,2026-09-22 18:40:00
-6.961200,-71.736900,GOES-19,2026-09-22 19:00:00
-6.961200,-71.736900,GOES-19,2026-09-22 19:10:00
-6.961200,-71.736900,GOES-19,2026-09-22 19:20:00
-6.961200,-71.736900,GOES-19,2026-09-22 19:30:00
-6.961200,-71.736900,GOES-19,2026-09-22 19:40:00
-6.961200,-71.736900,GOES-19,2026-09-22 19:50:00
-9.060400,-71.606700,GOES-19,2026-09-22 18:10:00
-9.078900,-71.606500,GOES-19,2026-09-22 18:10:00
-8.912900,-71.351900,GOES-19,2026-09-22 18:10:00
-8.912900,-71.351900,GOES-19,2026-09-22 18:30:00
-8.912900,-71.351900,GOES-19,2026-09-22 18:40:00
-8.912900,-71.351900,GOES-19,2026-09-22 18:50:00
-8.912900,-71.351900,GOES-19,2026-09-22 19:00:00
-8.912900,-71.351900,GOES-19,2026-09-22 19:40:00
-8.876200,-71.224000,GOES-19,2026-09-22 18:10:00
-8.876200,-71.224000,GOES-19,2026-09-22 18:20:00
-8.784100,-71.060200,GOES-19,2026-09-22 18:10:00
-8.821100,-71.059800,GOES-19,2026-09-22 18:00:00
-8.821100,-71.059800,GOES-19,2026-09-22 18:20:00
-8.821100,-71.059800,GOES-19,2026-09-22 18:40:00
-9.172500,-71.000100,GOES-19,2026-09-22 18:10:00
-9.172500,-71.000100,GOES-19,2026-09-22 18:20:00
-9.172500,-71.000100,GOES-19,2026-09-22 19:00:00
-9.283500,-70.998600,GOES-19,2026-09-22 18:10:00
-9.172500,-70.981800,GOES-19,2026-09-22 18:20:00
-9.172500,-70.981800,GOES-19,2026-09-22 18:30:00
-8.655500,-70.732000,GOES-19,2026-09-22 18:40:00
-8.655500,-70.732000,GOES-19,2026-09-22 19:00:00
-8.544900,-70.660200,GOES-19,2026-09-22 18:30:00
-7.680500,-69.957900,GOES-19,2026-09-22 18:10:00
-7.680500,-69.957900,GOES-19,2026-09-22 18:20:00
-7.680500,-69.957900,GOES-19,2026-09-22 18:30:00
-7.680500,-69.957900,GOES-19,2026-09-22 18:40:00
-7.680500,-69.957900,GOES-19,2026-09-22 18:50:00
-7.680500,-69.957900,GOES-19,2026-09-22 19:00:00
-7.680500,-69.957900,GOES-19,2026-09-22 19:10:00
-7.680500,-69.957900,GOES-19,2026-09-22 19:20:00
-7.680500,-69.957900,GOES-19,2026-09-22 19:40:00
-7.698800,-69.957600,GOES-19,2026-09-22 18:20:00
-7.698800,-69.957600,GOES-19,2026-09-22 18:30:00
-7.698800,-69.957600,GOES-19,2026-09-22 18:40:00
-7.698800,-69.957600,GOES-19,2026-09-22 18:50:00
-7.698800,-69.957600,GOES-19,2026-09-22 19:00:00
-7.698800,-69.957600,GOES-19,2026-09-22 19:10:00
-7.698800,-69.957600,GOES-19,2026-09-22 19:20:00
-7.662100,-69.939800,GOES-19,2026-09-22 18:20:00
-7.662100,-69.939800,GOES-19,2026-09-22 18:30:00
-7.662100,-69.939800,GOES-19,2026-09-22 18:40:00
-7.662100,-69.939800,GOES-19,2026-09-22 18:50:00
-7.662100,-69.939800,GOES-19,2026-09-22 19:10:00
-7.680500,-69.939500,GOES-19,2026-09-22 18:10:00
-7.680500,-69.939500,GOES-19,2026-09-22 18:20:00
-7.680500,-69.939500,GOES-19,2026-09-22 18:30:00
-7.680500,-69.939500,GOES-19,2026-09-22 18:40:00
-7.680500,-69.939500,GOES-19,2026-09-22 18:50:00
-7.680500,-69.939500,GOES-19,2026-09-22 19:00:00
-7.680500,-69.939500,GOES-19,2026-09-22 19:10:00
-7.680500,-69.939500,GOES-19,2026-09-22 19:20:00
-7.680500,-69.939500,GOES-19,2026-09-22 19:40:00
-7.662100,-69.921500,GOES-19,2026-09-22 18:20:00
-7.662100,-69.921500,GOES-19,2026-09-22 18:30:00
-7.662100,-69.921500,GOES-19,2026-09-22 18:40:00
-7.662100,-69.921500,GOES-19,2026-09-22 18:50:00
-7.662100,-69.921500,GOES-19,2026-09-22 19:10:00
-7.662100,-69.921500,GOES-19,2026-09-22 19:40:00
-8.647600,-67.029200,GOES-19,2026-09-22 19:30:00
-4.884000,-66.957100,GOES-19,2026-09-22 19:10:00
-10.102200,-65.287400,GOES-19,2026-09-22 14:50:00
-3.100400,-65.231500,GOES-19,2026-09-22 18:40:00
-2.954800,-65.233100,GOES-19,2026-09-22 18:30:00
-2.954800,-65.233100,GOES-19,2026-09-22 18:40:00
-2.991200,-65.195800,GOES-19,2026-09-22 18:10:00
-3.009500,-65.177100,GOES-19,2026-09-22 18:10:00
-3.064100,-65.176500,GOES-19,2026-09-22 18:20:00
-3.155200,-65.175500,GOES-19,2026-09-22 17:50:00
-3.155200,-65.175500,GOES-19,2026-09-22 18:20:00
-3.155200,-65.175500,GOES-19,2026-09-22 18:30:00
-3.155200,-65.157000,GOES-19,2026-09-22 18:10:00
-3.155200,-65.157000,GOES-19,2026-09-22 18:20:00
-3.155200,-65.157000,GOES-19,2026-09-22 18:30:00
-3.829600,-65.092900,GOES-19,2026-09-22 18:30:00
-12.013700,-64.831600,GOES-19,2026-09-22 18:00:00
-3.538100,-65.004500,GOES-19,2026-09-22 18:40:00
-3.538100,-65.004500,GOES-19,2026-09-22 18:50:00
-3.538100,-65.004500,GOES-19,2026-09-22 19:00:00
-3.921100,-64.980700,GOES-19,2026-09-22 16:00:00
-3.374300,-64.895600,GOES-19,2026-09-22 15:10:00
-3.374300,-64.895600,GOES-19,2026-09-22 15:20:00
-3.374300,-64.895600,GOES-19,2026-09-22 15:30:00
-3.447400,-64.765200,GOES-19,2026-09-22 19:20:00
-3.447400,-64.765200,GOES-19,2026-09-22 19:30:00
-3.465700,-64.764900,GOES-19,2026-09-22 19:20:00
-3.465700,-64.764900,GOES-19,2026-09-22 19:30:00
-3.520400,-64.745700,GOES-19,2026-09-22 16:10:00
-3.685000,-64.465500,GOES-19,2026-09-22 18:10:00
-3.685000,-64.465500,GOES-19,2026-09-22 18:20:00
-3.520900,-64.467800,GOES-19,2026-09-22 18:10:00
-3.520900,-64.467800,GOES-19,2026-09-22 18:20:00
-3.520900,-64.467800,GOES-19,2026-09-22 18:30:00
-3.520900,-64.467800,GOES-19,2026-09-22 18:40:00
-3.520900,-64.467800,GOES-19,2026-09-22 18:50:00
-3.520900,-64.467800,GOES-19,2026-09-22 19:00:00
-3.520900,-64.467800,GOES-19,2026-09-22 19:10:00
-3.520900,-64.467800,GOES-19,2026-09-22 19:20:00
-3.520900,-64.467800,GOES-19,2026-09-22 19:30:00
-3.520900,-64.467800,GOES-19,2026-09-22 19:50:00
-3.594100,-64.355500,GOES-19,2026-09-22 18:10:00
-3.813300,-64.185200,GOES-19,2026-09-22 16:10:00
-3.831600,-64.184900,GOES-19,2026-09-22 16:10:00
-3.831700,-64.147800,GOES-19,2026-09-22 18:20:00
-3.943200,-63.289300,GOES-19,2026-09-22 18:30:00
-3.943200,-63.289300,GOES-19,2026-09-22 18:40:00
-3.943200,-63.289300,GOES-19,2026-09-22 18:50:00
-4.308900,-63.151900,GOES-19,2026-09-22 18:20:00
-4.308900,-63.151900,GOES-19,2026-09-22 18:30:00
-4.308900,-63.151900,GOES-19,2026-09-22 18:40:00
-4.308900,-63.151900,GOES-19,2026-09-22 18:50:00
-4.308900,-63.151900,GOES-19,2026-09-22 19:00:00
-4.308900,-63.133200,GOES-19,2026-09-22 18:20:00
-4.308900,-63.133200,GOES-19,2026-09-22 18:30:00
-4.308900,-63.133200,GOES-19,2026-09-22 18:40:00
-4.272500,-63.077800,GOES-19,2026-09-22 17:50:00
-7.023400,-62.933100,GOES-19,2026-09-22 14:30:00
-8.315300,-62.888300,GOES-19,2026-09-22 14:40:00
-8.315300,-62.888300,GOES-19,2026-09-22 14:50:00
-8.315300,-62.888300,GOES-19,2026-09-22 15:00:00
-8.315300,-62.888300,GOES-19,2026-09-22 15:10:00
-8.315300,-62.888300,GOES-19,2026-09-22 15:20:00
-8.315300,-62.888300,GOES-19,2026-09-22 15:30:00
-7.005100,-62.914900,GOES-19,2026-09-22 14:50:00
-7.005100,-62.914900,GOES-19,2026-09-22 15:00:00
-7.005100,-62.914900,GOES-19,2026-09-22 15:20:00
-7.005100,-62.914900,GOES-19,2026-09-22 15:30:00
-7.023500,-62.914300,GOES-19,2026-09-22 14:40:00
-7.023500,-62.914300,GOES-19,2026-09-22 14:50:00
-7.023500,-62.914300,GOES-19,2026-09-22 15:00:00
-7.023500,-62.914300,GOES-19,2026-09-22 15:10:00
-7.023500,-62.914300,GOES-19,2026-09-22 15:20:00
-7.023500,-62.914300,GOES-19,2026-09-22 15:30:00
-7.023500,-62.914300,GOES-19,2026-09-22 15:40:00
-4.291200,-62.946500,GOES-19,2026-09-22 19:30:00
-8.595000,-62.517800,GOES-19,2026-09-22 14:20:00
-8.595000,-62.517800,GOES-19,2026-09-22 14:30:00
-8.595000,-62.517800,GOES-19,2026-09-22 14:40:00
-8.595000,-62.517800,GOES-19,2026-09-22 14:50:00
-8.595000,-62.517800,GOES-19,2026-09-22 15:00:00
-8.613500,-62.517100,GOES-19,2026-09-22 14:30:00
-8.613500,-62.517100,GOES-19,2026-09-22 14:40:00
-8.613500,-62.517100,GOES-19,2026-09-22 14:50:00
-8.613500,-62.517100,GOES-19,2026-09-22 15:00:00
-8.613500,-62.517100,GOES-19,2026-09-22 15:10:00
-8.613500,-62.517100,GOES-19,2026-09-22 15:20:00
-8.632000,-62.516300,GOES-19,2026-09-22 15:10:00
-8.595100,-62.498800,GOES-19,2026-09-22 14:40:00
-8.595100,-62.498800,GOES-19,2026-09-22 14:50:00
-8.595100,-62.498800,GOES-19,2026-09-22 15:00:00
-8.595100,-62.498800,GOES-19,2026-09-22 15:10:00
-8.595100,-62.498800,GOES-19,2026-09-22 15:20:00
-8.613600,-62.498100,GOES-19,2026-09-22 14:30:00
-8.613600,-62.498100,GOES-19,2026-09-22 14:40:00
-8.613600,-62.498100,GOES-19,2026-09-22 14:50:00
-8.613600,-62.498100,GOES-19,2026-09-22 15:00:00
-8.613600,-62.498100,GOES-19,2026-09-22 15:10:00
-8.613600,-62.498100,GOES-19,2026-09-22 15:20:00
-8.632200,-62.497400,GOES-19,2026-09-22 14:30:00
-8.632200,-62.497400,GOES-19,2026-09-22 14:40:00
-8.632200,-62.497400,GOES-19,2026-09-22 14:50:00
-8.632200,-62.497400,GOES-19,2026-09-22 15:00:00
-8.632200,-62.497400,GOES-19,2026-09-22 15:10:00
-8.632200,-62.497400,GOES-19,2026-09-22 15:20:00
-8.650700,-62.496600,GOES-19,2026-09-22 14:30:00
-8.650700,-62.496600,GOES-19,2026-09-22 14:40:00
-8.650700,-62.496600,GOES-19,2026-09-22 14:50:00
-8.650700,-62.496600,GOES-19,2026-09-22 15:00:00
-8.650800,-62.477600,GOES-19,2026-09-22 14:30:00
-8.650800,-62.477600,GOES-19,2026-09-22 14:40:00
-8.650800,-62.477600,GOES-19,2026-09-22 14:50:00
-8.650800,-62.477600,GOES-19,2026-09-22 15:00:00
-8.650800,-62.477600,GOES-19,2026-09-22 15:10:00
-8.650800,-62.477600,GOES-19,2026-09-22 15:20:00
-8.669300,-62.476900,GOES-19,2026-09-22 15:10:00
-8.669300,-62.476900,GOES-19,2026-09-22 15:20:00
-5.188800,-62.570800,GOES-19,2026-09-22 16:00:00
-5.188800,-62.570800,GOES-19,2026-09-22 16:10:00
-3.728100,-61.699000,GOES-19,2026-09-22 18:30:00
-8.916400,-61.495800,GOES-19,2026-09-22 23:30:00
-8.916500,-61.476700,GOES-19,2026-09-22 23:30:00
-8.935100,-61.475900,GOES-19,2026-09-22 23:30:00
-7.546600,-61.515000,GOES-19,2026-09-22 19:30:00
-7.546600,-61.515000,GOES-19,2026-09-22 19:40:00
-7.546600,-61.515000,GOES-19,2026-09-22 19:50:00
-7.528300,-61.496700,GOES-19,2026-09-22 19:30:00
-7.528300,-61.496700,GOES-19,2026-09-22 19:40:00
-7.528300,-61.496700,GOES-19,2026-09-22 19:50:00
-7.546700,-61.496000,GOES-19,2026-09-22 19:50:00
-5.981800,-61.454900,GOES-19,2026-09-22 16:00:00
-7.898600,-61.348800,GOES-19,2026-09-22 14:40:00
-7.898600,-61.348800,GOES-19,2026-09-22 14:50:00
-7.898600,-61.348800,GOES-19,2026-09-22 15:00:00
-7.898600,-61.348800,GOES-19,2026-09-22 15:10:00
-7.898600,-61.348800,GOES-19,2026-09-22 15:30:00
-7.898600,-61.348800,GOES-19,2026-09-22 15:40:00
-7.898600,-61.348800,GOES-19,2026-09-22 15:50:00
-7.898700,-61.329800,GOES-19,2026-09-22 15:00:00
4.057900,-61.428400,GOES-19,2026-09-22 14:30:00
4.057900,-61.428400,GOES-19,2026-09-22 14:40:00
4.057900,-61.428400,GOES-19,2026-09-22 15:00:00
4.149600,-61.332000,GOES-19,2026-09-22 17:40:00
3.235900,-61.311500,GOES-19,2026-09-22 16:20:00
3.528500,-61.174100,GOES-19,2026-09-22 17:30:00
3.546800,-61.154900,GOES-19,2026-09-22 14:50:00
3.546800,-61.154900,GOES-19,2026-09-22 15:50:00
3.546800,-61.154900,GOES-19,2026-09-22 16:00:00
3.546800,-61.154900,GOES-19,2026-09-22 16:10:00
3.546800,-61.154900,GOES-19,2026-09-22 17:30:00
3.546900,-61.136000,GOES-19,2026-09-22 14:30:00
3.546900,-61.136000,GOES-19,2026-09-22 14:40:00
3.546900,-61.136000,GOES-19,2026-09-22 14:50:00
3.546900,-61.136000,GOES-19,2026-09-22 15:00:00
3.546900,-61.136000,GOES-19,2026-09-22 15:10:00
3.546900,-61.136000,GOES-19,2026-09-22 15:50:00
3.546900,-61.136000,GOES-19,2026-09-22 16:00:00
4.388500,-60.985900,GOES-19,2026-09-22 16:10:00
4.388500,-60.985900,GOES-19,2026-09-22 18:00:00
4.150800,-60.934400,GOES-19,2026-09-22 15:20:00
4.150800,-60.934400,GOES-19,2026-09-22 15:30:00
4.150800,-60.934400,GOES-19,2026-09-22 17:40:00
4.150900,-60.915500,GOES-19,2026-09-22 18:10:00
4.059500,-60.898500,GOES-19,2026-09-22 15:00:00
4.059500,-60.898500,GOES-19,2026-09-22 17:50:00
4.059500,-60.898500,GOES-19,2026-09-22 18:00:00
4.059500,-60.898500,GOES-19,2026-09-22 18:10:00
4.059500,-60.898500,GOES-19,2026-09-22 18:20:00
4.059500,-60.898500,GOES-19,2026-09-22 18:30:00
4.059500,-60.898500,GOES-19,2026-09-22 18:50:00
4.041200,-60.898900,GOES-19,2026-09-22 15:00:00
4.041200,-60.898900,GOES-19,2026-09-22 18:00:00
4.041200,-60.898900,GOES-19,2026-09-22 18:10:00
4.041200,-60.898900,GOES-19,2026-09-22 18:20:00
-3.218800,-60.820000,GOES-19,2026-09-22 18:10:00
-4.151200,-60.801700,GOES-19,2026-09-22 16:00:00
-4.151200,-60.801700,GOES-19,2026-09-22 18:10:00
-4.151200,-60.801700,GOES-19,2026-09-22 18:20:00
-4.151200,-60.801700,GOES-19,2026-09-22 18:30:00
-4.151200,-60.801700,GOES-19,2026-09-22 18:40:00
-4.151200,-60.801700,GOES-19,2026-09-22 18:50:00
-4.151200,-60.801700,GOES-19,2026-09-22 19:00:00
-4.151200,-60.801700,GOES-19,2026-09-22 19:10:00
-4.151200,-60.801700,GOES-19,2026-09-22 19:20:00
-4.151200,-60.801700,GOES-19,2026-09-22 19:30:00
3.584300,-60.794400,GOES-19,2026-09-22 14:20:00
3.584300,-60.794400,GOES-19,2026-09-22 15:00:00
3.584300,-60.794400,GOES-19,2026-09-22 15:10:00
3.584300,-60.794400,GOES-19,2026-09-22 15:30:00
3.584300,-60.794400,GOES-19,2026-09-22 18:00:00
-4.169600,-60.782300,GOES-19,2026-09-22 17:50:00
-4.169600,-60.782300,GOES-19,2026-09-22 18:00:00
-4.169600,-60.782300,GOES-19,2026-09-22 18:20:00
-4.169600,-60.782300,GOES-19,2026-09-22 18:30:00
-4.169600,-60.782300,GOES-19,2026-09-22 18:40:00
-4.169600,-60.782300,GOES-19,2026-09-22 18:50:00
-4.169600,-60.782300,GOES-19,2026-09-22 19:00:00
-4.169600,-60.782300,GOES-19,2026-09-22 19:10:00
-4.169600,-60.782300,GOES-19,2026-09-22 19:20:00
-4.169600,-60.782300,GOES-19,2026-09-22 19:30:00
-4.151400,-60.763700,GOES-19,2026-09-22 19:10:00
-4.151400,-60.763700,GOES-19,2026-09-22 19:30:00
-4.151400,-60.763700,GOES-19,2026-09-22 19:40:00
-4.169700,-60.763300,GOES-19,2026-09-22 19:20:00
-4.169700,-60.763300,GOES-19,2026-09-22 19:30:00
-4.169700,-60.763300,GOES-19,2026-09-22 19:40:00
-3.767300,-60.752900,GOES-19,2026-09-22 13:30:00
-3.767300,-60.752900,GOES-19,2026-09-22 13:40:00
-3.767300,-60.752900,GOES-19,2026-09-22 13:50:00
-3.767300,-60.752900,GOES-19,2026-09-22 14:00:00
-3.767300,-60.752900,GOES-19,2026-09-22 14:10:00
-3.767300,-60.752900,GOES-19,2026-09-22 14:20:00
-3.767300,-60.752900,GOES-19,2026-09-22 14:30:00
-3.767300,-60.752900,GOES-19,2026-09-22 14:40:00
-3.767300,-60.752900,GOES-19,2026-09-22 14:50:00
-3.255700,-60.705600,GOES-19,2026-09-22 13:20:00
-3.255700,-60.705600,GOES-19,2026-09-22 13:30:00
-3.255700,-60.705600,GOES-19,2026-09-22 14:20:00
4.151700,-60.649800,GOES-19,2026-09-22 18:10:00
4.151700,-60.649800,GOES-19,2026-09-22 18:20:00
4.170100,-60.630400,GOES-19,2026-09-22 18:20:00
4.151800,-60.630800,GOES-19,2026-09-22 15:10:00
4.151800,-60.630800,GOES-19,2026-09-22 18:10:00
4.151800,-60.630800,GOES-19,2026-09-22 18:20:00
4.151800,-60.630800,GOES-19,2026-09-22 18:30:00
4.023700,-60.614600,GOES-19,2026-09-22 18:30:00
-3.164500,-60.631300,GOES-19,2026-09-22 17:50:00
-3.164500,-60.631300,GOES-19,2026-09-22 18:10:00
-3.676200,-60.621900,GOES-19,2026-09-22 14:20:00
-3.676200,-60.621900,GOES-19,2026-09-22 14:40:00
-3.694500,-60.621500,GOES-19,2026-09-22 14:30:00
-3.694500,-60.621500,GOES-19,2026-09-22 14:40:00
-3.694500,-60.621500,GOES-19,2026-09-22 14:50:00
4.023800,-60.595600,GOES-19,2026-09-22 18:20:00
-3.639700,-60.603600,GOES-19,2026-09-22 13:10:00
-3.639700,-60.603600,GOES-19,2026-09-22 13:20:00
-3.639700,-60.603600,GOES-19,2026-09-22 13:30:00
-3.639700,-60.603600,GOES-19,2026-09-22 13:40:00
-3.639700,-60.603600,GOES-19,2026-09-22 13:50:00
-3.639700,-60.603600,GOES-19,2026-09-22 14:00:00
-3.639700,-60.603600,GOES-19,2026-09-22 14:10:00
-3.639700,-60.603600,GOES-19,2026-09-22 14:20:00
-3.639700,-60.603600,GOES-19,2026-09-22 14:30:00
-3.639700,-60.603600,GOES-19,2026-09-22 14:40:00
-3.639700,-60.603600,GOES-19,2026-09-22 20:30:00
-3.658000,-60.603300,GOES-19,2026-09-22 13:00:00
-3.658000,-60.603300,GOES-19,2026-09-22 13:50:00
-3.658000,-60.603300,GOES-19,2026-09-22 14:20:00
-3.658000,-60.603300,GOES-19,2026-09-22 14:40:00
-3.658000,-60.603300,GOES-19,2026-09-22 14:50:00
-3.658000,-60.603300,GOES-19,2026-09-22 20:30:00
-3.676300,-60.602900,GOES-19,2026-09-22 14:20:00
-3.676300,-60.602900,GOES-19,2026-09-22 14:30:00
-3.676300,-60.602900,GOES-19,2026-09-22 14:40:00
-3.676300,-60.602900,GOES-19,2026-09-22 14:50:00
-3.676300,-60.602900,GOES-19,2026-09-22 15:00:00
-3.676300,-60.602900,GOES-19,2026-09-22 15:10:00
-3.676300,-60.602900,GOES-19,2026-09-22 20:30:00
-3.676300,-60.602900,GOES-19,2026-09-22 20:50:00
-3.676300,-60.602900,GOES-19,2026-09-22 22:40:00
-3.694600,-60.602500,GOES-19,2026-09-22 13:50:00
-3.694600,-60.602500,GOES-19,2026-09-22 14:00:00
-3.694600,-60.602500,GOES-19,2026-09-22 14:10:00
-3.694600,-60.602500,GOES-19,2026-09-22 14:20:00
-3.694600,-60.602500,GOES-19,2026-09-22 14:30:00
-3.694600,-60.602500,GOES-19,2026-09-22 14:40:00
-3.694600,-60.602500,GOES-19,2026-09-22 14:50:00
-3.603200,-60.585300,GOES-19,2026-09-22 14:20:00
-3.603200,-60.585300,GOES-19,2026-09-22 14:40:00
-3.603200,-60.585300,GOES-19,2026-09-22 14:50:00
-3.621500,-60.585000,GOES-19,2026-09-22 14:20:00
-3.621500,-60.585000,GOES-19,2026-09-22 14:40:00
-3.639800,-60.584600,GOES-19,2026-09-22 13:50:00
-3.639800,-60.584600,GOES-19,2026-09-22 14:20:00
-3.639800,-60.584600,GOES-19,2026-09-22 14:40:00
-3.639800,-60.584600,GOES-19,2026-09-22 14:50:00
-3.658100,-60.584300,GOES-19,2026-09-22 13:00:00
-3.658100,-60.584300,GOES-19,2026-09-22 14:50:00
-3.676300,-60.583900,GOES-19,2026-09-22 13:50:00
-3.676300,-60.583900,GOES-19,2026-09-22 14:00:00
-3.676300,-60.583900,GOES-19,2026-09-22 14:10:00
-3.676300,-60.583900,GOES-19,2026-09-22 14:20:00
-3.676300,-60.583900,GOES-19,2026-09-22 14:30:00
-3.676300,-60.583900,GOES-19,2026-09-22 14:40:00
-3.676300,-60.583900,GOES-19,2026-09-22 14:50:00
-3.676300,-60.583900,GOES-19,2026-09-22 15:00:00
-3.676300,-60.583900,GOES-19,2026-09-22 15:10:00
-3.676300,-60.583900,GOES-19,2026-09-22 20:30:00
-3.676300,-60.583900,GOES-19,2026-09-22 20:50:00
-3.676300,-60.583900,GOES-19,2026-09-22 21:20:00
-3.676300,-60.583900,GOES-19,2026-09-22 22:40:00
-3.694600,-60.583500,GOES-19,2026-09-22 13:50:00
-3.694600,-60.583500,GOES-19,2026-09-22 14:00:00
-3.694600,-60.583500,GOES-19,2026-09-22 14:10:00
-3.694600,-60.583500,GOES-19,2026-09-22 14:20:00
-3.694600,-60.583500,GOES-19,2026-09-22 14:30:00
-3.694600,-60.583500,GOES-19,2026-09-22 14:40:00
-3.694600,-60.583500,GOES-19,2026-09-22 20:30:00
-3.694600,-60.583500,GOES-19,2026-09-22 20:50:00
-3.694600,-60.583500,GOES-19,2026-09-22 21:20:00
-3.694600,-60.583500,GOES-19,2026-09-22 22:40:00
-3.712900,-60.583200,GOES-19,2026-09-22 13:50:00
-3.712900,-60.583200,GOES-19,2026-09-22 14:00:00
-3.712900,-60.583200,GOES-19,2026-09-22 14:10:00
-3.712900,-60.583200,GOES-19,2026-09-22 14:20:00
-3.712900,-60.583200,GOES-19,2026-09-22 14:30:00
-3.712900,-60.583200,GOES-19,2026-09-22 14:40:00
-3.712900,-60.583200,GOES-19,2026-09-22 14:50:00
-3.731200,-60.582800,GOES-19,2026-09-22 14:10:00
-3.731200,-60.582800,GOES-19,2026-09-22 14:20:00
-3.731200,-60.582800,GOES-19,2026-09-22 14:30:00
-3.731200,-60.582800,GOES-19,2026-09-22 14:40:00
-3.731200,-60.582800,GOES-19,2026-09-22 14:50:00
-3.731200,-60.582800,GOES-19,2026-09-22 15:00:00
4.133700,-60.555200,GOES-19,2026-09-22 19:00:00
4.133700,-60.555200,GOES-19,2026-09-22 19:20:00
-3.603300,-60.566400,GOES-19,2026-09-22 13:50:00
-3.603300,-60.566400,GOES-19,2026-09-22 14:20:00
-3.603300,-60.566400,GOES-19,2026-09-22 14:40:00
-3.603300,-60.566400,GOES-19,2026-09-22 14:50:00
-3.621500,-60.566000,GOES-19,2026-09-22 13:50:00
-3.621500,-60.566000,GOES-19,2026-09-22 14:20:00
-3.621500,-60.566000,GOES-19,2026-09-22 14:40:00
-3.621500,-60.566000,GOES-19,2026-09-22 14:50:00
-3.676400,-60.564900,GOES-19,2026-09-22 13:50:00
-3.676400,-60.564900,GOES-19,2026-09-22 14:00:00
-3.676400,-60.564900,GOES-19,2026-09-22 14:10:00
-3.676400,-60.564900,GOES-19,2026-09-22 14:20:00
-3.676400,-60.564900,GOES-19,2026-09-22 14:30:00
-3.676400,-60.564900,GOES-19,2026-09-22 14:40:00
-3.676400,-60.564900,GOES-19,2026-09-22 14:50:00
-3.676400,-60.564900,GOES-19,2026-09-22 15:00:00
-3.676400,-60.564900,GOES-19,2026-09-22 15:10:00
-3.676400,-60.564900,GOES-19,2026-09-22 20:30:00
-3.676400,-60.564900,GOES-19,2026-09-22 20:50:00
-3.676400,-60.564900,GOES-19,2026-09-22 21:20:00
-3.676400,-60.564900,GOES-19,2026-09-22 22:40:00
-3.694700,-60.564500,GOES-19,2026-09-22 13:50:00
-3.694700,-60.564500,GOES-19,2026-09-22 14:00:00
-3.694700,-60.564500,GOES-19,2026-09-22 14:10:00
-3.694700,-60.564500,GOES-19,2026-09-22 14:20:00
-3.694700,-60.564500,GOES-19,2026-09-22 14:30:00
-3.694700,-60.564500,GOES-19,2026-09-22 14:40:00
-3.694700,-60.564500,GOES-19,2026-09-22 14:50:00
-3.694700,-60.564500,GOES-19,2026-09-22 15:00:00
-3.694700,-60.564500,GOES-19,2026-09-22 15:10:00
-3.694700,-60.564500,GOES-19,2026-09-22 20:30:00
-3.694700,-60.564500,GOES-19,2026-09-22 20:50:00
-3.694700,-60.564500,GOES-19,2026-09-22 21:20:00
-3.694700,-60.564500,GOES-19,2026-09-22 22:40:00
-3.713000,-60.564200,GOES-19,2026-09-22 14:00:00
-3.713000,-60.564200,GOES-19,2026-09-22 14:10:00
-3.713000,-60.564200,GOES-19,2026-09-22 14:20:00
-3.713000,-60.564200,GOES-19,2026-09-22 14:30:00
-3.713000,-60.564200,GOES-19,2026-09-22 14:40:00
-3.713000,-60.564200,GOES-19,2026-09-22 14:50:00
-3.713000,-60.564200,GOES-19,2026-09-22 15:00:00
-3.713000,-60.564200,GOES-19,2026-09-22 15:10:00
-3.713000,-60.564200,GOES-19,2026-09-22 20:30:00
-3.713000,-60.564200,GOES-19,2026-09-22 20:50:00
-3.713000,-60.564200,GOES-19,2026-09-22 21:20:00
-3.713000,-60.564200,GOES-19,2026-09-22 22:40:00
-3.694700,-60.545500,GOES-19,2026-09-22 15:00:00
-3.694700,-60.545500,GOES-19,2026-09-22 15:10:00
-3.694700,-60.545500,GOES-19,2026-09-22 20:30:00
-3.694700,-60.545500,GOES-19,2026-09-22 20:50:00
-3.694700,-60.545500,GOES-19,2026-09-22 21:20:00
-3.694700,-60.545500,GOES-19,2026-09-22 22:40:00
4.115500,-60.517600,GOES-19,2026-09-22 18:30:00
4.115500,-60.517600,GOES-19,2026-09-22 18:50:00
0.865800,-60.561600,GOES-19,2026-09-22 15:50:00
-3.713100,-60.507200,GOES-19,2026-09-22 17:40:00
-3.713100,-60.507200,GOES-19,2026-09-22 18:00:00
4.848400,-60.442500,GOES-19,2026-09-22 14:20:00
-4.134000,-60.460100,GOES-19,2026-09-22 17:50:00
-4.134000,-60.460100,GOES-19,2026-09-22 18:00:00
-4.134000,-60.460100,GOES-19,2026-09-22 18:10:00
-4.134000,-60.460100,GOES-19,2026-09-22 18:30:00
-4.134000,-60.460100,GOES-19,2026-09-22 18:50:00
-4.134000,-60.460100,GOES-19,2026-09-22 19:00:00
-4.134000,-60.460100,GOES-19,2026-09-22 19:20:00
-5.343600,-60.428700,GOES-19,2026-09-22 16:20:00
4.390400,-60.435100,GOES-19,2026-09-22 18:50:00
-5.142200,-60.320100,GOES-19,2026-09-22 18:10:00
-5.142200,-60.320100,GOES-19,2026-09-22 18:20:00
-5.142200,-60.320100,GOES-19,2026-09-22 18:30:00
-5.142200,-60.320100,GOES-19,2026-09-22 18:40:00
-5.142200,-60.320100,GOES-19,2026-09-22 18:50:00
-5.142200,-60.320100,GOES-19,2026-09-22 19:00:00
-5.142200,-60.320100,GOES-19,2026-09-22 19:10:00
-5.142200,-60.320100,GOES-19,2026-09-22 19:20:00
-5.160600,-60.319600,GOES-19,2026-09-22 18:00:00
-5.160600,-60.319600,GOES-19,2026-09-22 18:10:00
-5.160600,-60.319600,GOES-19,2026-09-22 19:00:00
-5.160600,-60.319600,GOES-19,2026-09-22 19:10:00
-5.142300,-60.301000,GOES-19,2026-09-22 18:10:00
-5.142300,-60.301000,GOES-19,2026-09-22 18:20:00
-5.142300,-60.301000,GOES-19,2026-09-22 18:30:00
-5.142300,-60.301000,GOES-19,2026-09-22 18:40:00
-5.142300,-60.301000,GOES-19,2026-09-22 18:50:00
-5.142300,-60.301000,GOES-19,2026-09-22 19:00:00
-5.142300,-60.301000,GOES-19,2026-09-22 19:10:00
-5.142300,-60.301000,GOES-19,2026-09-22 19:20:00
-5.142300,-60.301000,GOES-19,2026-09-22 19:30:00
-5.142300,-60.301000,GOES-19,2026-09-22 19:40:00
-5.142300,-60.301000,GOES-19,2026-09-22 19:50:00
-5.160600,-60.300500,GOES-19,2026-09-22 16:00:00
-5.160600,-60.300500,GOES-19,2026-09-22 17:50:00
-5.160600,-60.300500,GOES-19,2026-09-22 18:00:00
-5.160600,-60.300500,GOES-19,2026-09-22 18:10:00
-5.160600,-60.300500,GOES-19,2026-09-22 18:20:00
-5.160600,-60.300500,GOES-19,2026-09-22 18:30:00
-5.160600,-60.300500,GOES-19,2026-09-22 18:40:00
-5.160600,-60.300500,GOES-19,2026-09-22 18:50:00
-5.160600,-60.300500,GOES-19,2026-09-22 19:00:00
-5.160600,-60.300500,GOES-19,2026-09-22 19:10:00
-5.160600,-60.300500,GOES-19,2026-09-22 19:20:00
-5.160600,-60.300500,GOES-19,2026-09-22 19:30:00
-5.160600,-60.300500,GOES-19,2026-09-22 19:40:00
-5.160600,-60.300500,GOES-19,2026-09-22 19:50:00
-5.179000,-60.300000,GOES-19,2026-09-22 17:50:00
-5.179000,-60.300000,GOES-19,2026-09-22 18:00:00
4.006400,-60.310800,GOES-19,2026-09-22 18:10:00
4.006400,-60.310800,GOES-19,2026-09-22 18:20:00
4.006400,-60.310800,GOES-19,2026-09-22 18:30:00
-5.160700,-60.281400,GOES-19,2026-09-22 18:20:00
-5.160700,-60.281400,GOES-19,2026-09-22 18:50:00
-5.656600,-60.228400,GOES-19,2026-09-22 18:00:00
-5.656600,-60.228400,GOES-19,2026-09-22 18:10:00
-3.457800,-60.265000,GOES-19,2026-09-22 19:20:00
-5.454600,-60.215500,GOES-19,2026-09-22 17:50:00
-5.454600,-60.215500,GOES-19,2026-09-22 18:00:00
-5.454600,-60.215500,GOES-19,2026-09-22 18:20:00
-5.454600,-60.215500,GOES-19,2026-09-22 18:40:00
4.940900,-60.211300,GOES-19,2026-09-22 14:20:00
4.409400,-60.225200,GOES-19,2026-09-22 15:40:00
4.409400,-60.225200,GOES-19,2026-09-22 15:50:00
2.781800,-60.257700,GOES-19,2026-09-22 18:10:00
2.781800,-60.257700,GOES-19,2026-09-22 18:30:00
2.781800,-60.257700,GOES-19,2026-09-22 19:20:00
2.781800,-60.257700,GOES-19,2026-09-22 19:30:00
2.781800,-60.257700,GOES-19,2026-09-22 19:50:00
-3.457900,-60.246000,GOES-19,2026-09-22 19:20:00
-5.271100,-60.201900,GOES-19,2026-09-22 18:40:00
-5.271100,-60.201900,GOES-19,2026-09-22 19:00:00
-5.271100,-60.201900,GOES-19,2026-09-22 19:10:00
-5.289500,-60.201400,GOES-19,2026-09-22 19:00:00
2.781800,-60.238700,GOES-19,2026-09-22 18:00:00
2.781800,-60.238700,GOES-19,2026-09-22 18:20:00
2.781800,-60.238700,GOES-19,2026-09-22 18:30:00
2.781800,-60.238700,GOES-19,2026-09-22 18:40:00
2.763600,-60.239000,GOES-19,2026-09-22 14:30:00
2.763600,-60.239000,GOES-19,2026-09-22 14:40:00
2.763600,-60.239000,GOES-19,2026-09-22 14:50:00
2.763600,-60.239000,GOES-19,2026-09-22 15:00:00
2.763600,-60.239000,GOES-19,2026-09-22 15:20:00
2.763600,-60.239000,GOES-19,2026-09-22 15:30:00
2.763600,-60.239000,GOES-19,2026-09-22 16:00:00
2.763600,-60.239000,GOES-19,2026-09-22 17:50:00
2.763600,-60.239000,GOES-19,2026-09-22 18:00:00
2.763600,-60.239000,GOES-19,2026-09-22 18:10:00
2.763600,-60.239000,GOES-19,2026-09-22 18:20:00
-3.494500,-60.226300,GOES-19,2026-09-22 19:20:00
2.781900,-60.219700,GOES-19,2026-09-22 18:00:00
2.781900,-60.219700,GOES-19,2026-09-22 18:10:00
2.781900,-60.219700,GOES-19,2026-09-22 18:20:00
2.781900,-60.219700,GOES-19,2026-09-22 18:30:00
2.763600,-60.220000,GOES-19,2026-09-22 14:50:00
2.763600,-60.220000,GOES-19,2026-09-22 15:00:00
2.763600,-60.220000,GOES-19,2026-09-22 15:10:00
2.763600,-60.220000,GOES-19,2026-09-22 15:20:00
2.763600,-60.220000,GOES-19,2026-09-22 15:30:00
2.763600,-60.220000,GOES-19,2026-09-22 18:10:00
2.763600,-60.220000,GOES-19,2026-09-22 18:20:00
-3.403100,-60.209000,GOES-19,2026-09-22 18:30:00
-3.421400,-60.208600,GOES-19,2026-09-22 18:30:00
-3.458000,-60.207900,GOES-19,2026-09-22 19:00:00
-3.458000,-60.207900,GOES-19,2026-09-22 19:20:00
-3.458000,-60.207900,GOES-19,2026-09-22 19:30:00
-3.494600,-60.207200,GOES-19,2026-09-22 19:20:00
-3.403200,-60.190000,GOES-19,2026-09-22 18:30:00
-3.421500,-60.189600,GOES-19,2026-09-22 18:30:00
-3.439800,-60.189300,GOES-19,2026-09-22 18:00:00
-3.439800,-60.189300,GOES-19,2026-09-22 18:20:00
-3.439800,-60.189300,GOES-19,2026-09-22 18:30:00
-3.439800,-60.189300,GOES-19,2026-09-22 18:40:00
-3.439800,-60.189300,GOES-19,2026-09-22 18:50:00
-3.439800,-60.189300,GOES-19,2026-09-22 19:00:00
-3.439800,-60.189300,GOES-19,2026-09-22 19:10:00
-3.439800,-60.189300,GOES-19,2026-09-22 19:40:00
-3.439800,-60.189300,GOES-19,2026-09-22 19:50:00
-3.458000,-60.188900,GOES-19,2026-09-22 18:30:00
-3.458000,-60.188900,GOES-19,2026-09-22 18:40:00
-3.458000,-60.188900,GOES-19,2026-09-22 18:50:00
-3.458000,-60.188900,GOES-19,2026-09-22 19:20:00
-3.440000,-60.113100,GOES-19,2026-09-22 15:30:00
-3.440000,-60.113100,GOES-19,2026-09-22 16:00:00
-3.440000,-60.113100,GOES-19,2026-09-22 18:20:00
-3.440000,-60.113100,GOES-19,2026-09-22 18:30:00
-3.440000,-60.113100,GOES-19,2026-09-22 18:40:00
-3.440000,-60.113100,GOES-19,2026-09-22 18:50:00
-6.319500,-60.014700,GOES-19,2026-09-22 15:20:00
-6.448400,-60.010100,GOES-19,2026-09-22 14:40:00
-6.448400,-60.010100,GOES-19,2026-09-22 14:50:00
-6.632700,-60.003300,GOES-19,2026-09-22 15:10:00
-6.632700,-60.003300,GOES-19,2026-09-22 15:20:00
-6.632700,-60.003300,GOES-19,2026-09-22 15:30:00
-6.632700,-60.003300,GOES-19,2026-09-22 21:20:00
-6.301200,-59.996200,GOES-19,2026-09-22 15:20:00
-6.319600,-59.995600,GOES-19,2026-09-22 15:20:00
-6.632800,-59.984100,GOES-19,2026-09-22 15:10:00
-6.632800,-59.984100,GOES-19,2026-09-22 21:20:00
-6.430100,-59.991600,GOES-19,2026-09-22 14:40:00
-6.430100,-59.991600,GOES-19,2026-09-22 14:50:00
-6.448500,-59.990900,GOES-19,2026-09-22 14:40:00
-6.448500,-59.990900,GOES-19,2026-09-22 14:50:00
-6.467000,-59.990200,GOES-19,2026-09-22 14:40:00
-6.614300,-59.984800,GOES-19,2026-09-22 14:50:00
-6.614300,-59.984800,GOES-19,2026-09-22 15:00:00
-6.614300,-59.984800,GOES-19,2026-09-22 15:10:00
-6.614300,-59.984800,GOES-19,2026-09-22 15:20:00
-6.614300,-59.984800,GOES-19,2026-09-22 15:30:00
-6.614300,-59.984800,GOES-19,2026-09-22 15:40:00
-6.614300,-59.984800,GOES-19,2026-09-22 15:50:00
-6.614300,-59.984800,GOES-19,2026-09-22 21:20:00
-6.430200,-59.972400,GOES-19,2026-09-22 14:40:00
-6.430200,-59.972400,GOES-19,2026-09-22 14:50:00
-6.448600,-59.971700,GOES-19,2026-09-22 14:40:00
-6.448600,-59.971700,GOES-19,2026-09-22 14:50:00
-6.467100,-59.971100,GOES-19,2026-09-22 14:40:00
-6.467100,-59.971100,GOES-19,2026-09-22 14:50:00
-6.614400,-59.965600,GOES-19,2026-09-22 14:00:00
-6.614400,-59.965600,GOES-19,2026-09-22 14:10:00
-6.614400,-59.965600,GOES-19,2026-09-22 14:20:00
-6.614400,-59.965600,GOES-19,2026-09-22 14:30:00
-6.614400,-59.965600,GOES-19,2026-09-22 14:40:00
-6.614400,-59.965600,GOES-19,2026-09-22 14:50:00
-6.614400,-59.965600,GOES-19,2026-09-22 15:00:00
-6.614400,-59.965600,GOES-19,2026-09-22 15:10:00
-6.614400,-59.965600,GOES-19,2026-09-22 15:20:00
-6.614400,-59.965600,GOES-19,2026-09-22 21:20:00
-6.614400,-59.965600,GOES-19,2026-09-22 23:10:00
-6.301300,-59.977100,GOES-19,2026-09-22 15:20:00
-6.319700,-59.976400,GOES-19,2026-09-22 15:20:00
4.391800,-60.015800,GOES-19,2026-09-22 18:20:00
-1.632200,-60.062700,GOES-19,2026-09-22 17:30:00
-1.632200,-60.062700,GOES-19,2026-09-22 17:50:00
-3.970700,-60.025800,GOES-19,2026-09-22 18:00:00
-6.596100,-59.947100,GOES-19,2026-09-22 14:00:00
-6.596100,-59.947100,GOES-19,2026-09-22 14:10:00
-6.596100,-59.947100,GOES-19,2026-09-22 14:20:00
-6.596100,-59.947100,GOES-19,2026-09-22 14:30:00
-6.596100,-59.947100,GOES-19,2026-09-22 14:40:00
-6.596100,-59.947100,GOES-19,2026-09-22 14:50:00
-6.596100,-59.947100,GOES-19,2026-09-22 15:00:00
-6.596100,-59.947100,GOES-19,2026-09-22 15:10:00
-6.596100,-59.947100,GOES-19,2026-09-22 15:20:00
-6.596100,-59.947100,GOES-19,2026-09-22 15:30:00
-6.596100,-59.947100,GOES-19,2026-09-22 15:40:00
-6.596100,-59.947100,GOES-19,2026-09-22 15:50:00
-6.614500,-59.946400,GOES-19,2026-09-22 13:40:00
-6.614500,-59.946400,GOES-19,2026-09-22 13:50:00
-6.614500,-59.946400,GOES-19,2026-09-22 14:00:00
-6.614500,-59.946400,GOES-19,2026-09-22 14:10:00
-6.614500,-59.946400,GOES-19,2026-09-22 14:20:00
-6.614500,-59.946400,GOES-19,2026-09-22 14:30:00
-6.614500,-59.946400,GOES-19,2026-09-22 14:40:00
-6.614500,-59.946400,GOES-19,2026-09-22 14:50:00
-6.614500,-59.946400,GOES-19,2026-09-22 15:00:00
-6.614500,-59.946400,GOES-19,2026-09-22 15:10:00
-6.614500,-59.946400,GOES-19,2026-09-22 15:20:00
-6.614500,-59.946400,GOES-19,2026-09-22 15:40:00
-6.614500,-59.946400,GOES-19,2026-09-22 15:50:00
-6.614500,-59.946400,GOES-19,2026-09-22 21:20:00
-6.614500,-59.946400,GOES-19,2026-09-22 23:10:00
-6.633000,-59.945700,GOES-19,2026-09-22 00:00:00
-6.633000,-59.945700,GOES-19,2026-09-22 00:10:00
-6.633000,-59.945700,GOES-19,2026-09-22 00:20:00
-6.633000,-59.945700,GOES-19,2026-09-22 00:30:00
-6.633000,-59.945700,GOES-19,2026-09-22 00:40:00
-6.633000,-59.945700,GOES-19,2026-09-22 00:50:00
-6.633000,-59.945700,GOES-19,2026-09-22 01:00:00
-6.633000,-59.945700,GOES-19,2026-09-22 01:10:00
-6.633000,-59.945700,GOES-19,2026-09-22 01:20:00
-6.633000,-59.945700,GOES-19,2026-09-22 01:40:00
-6.633000,-59.945700,GOES-19,2026-09-22 02:30:00
-6.633000,-59.945700,GOES-19,2026-09-22 03:20:00
-6.633000,-59.945700,GOES-19,2026-09-22 03:30:00
-6.633000,-59.945700,GOES-19,2026-09-22 03:40:00
-6.633000,-59.945700,GOES-19,2026-09-22 03:50:00
-6.633000,-59.945700,GOES-19,2026-09-22 04:00:00
-6.633000,-59.945700,GOES-19,2026-09-22 13:30:00
-6.633000,-59.945700,GOES-19,2026-09-22 13:40:00
-6.633000,-59.945700,GOES-19,2026-09-22 13:50:00
-6.633000,-59.945700,GOES-19,2026-09-22 14:00:00
-6.633000,-59.945700,GOES-19,2026-09-22 14:10:00
-6.633000,-59.945700,GOES-19,2026-09-22 14:50:00
-6.633000,-59.945700,GOES-19,2026-09-22 21:20:00
-6.633000,-59.945700,GOES-19,2026-09-22 23:10:00
-6.301400,-59.957900,GOES-19,2026-09-22 15:20:00
4.080600,-60.004200,GOES-19,2026-09-22 17:50:00
-6.596200,-59.927900,GOES-19,2026-09-22 14:30:00
-6.596200,-59.927900,GOES-19,2026-09-22 14:50:00
-6.596200,-59.927900,GOES-19,2026-09-22 15:00:00
-6.596200,-59.927900,GOES-19,2026-09-22 15:10:00
-6.596200,-59.927900,GOES-19,2026-09-22 15:20:00
-6.596200,-59.927900,GOES-19,2026-09-22 15:30:00
-6.596200,-59.927900,GOES-19,2026-09-22 15:40:00
-6.614600,-59.927200,GOES-19,2026-09-22 00:00:00
-6.614600,-59.927200,GOES-19,2026-09-22 00:10:00
-6.614600,-59.927200,GOES-19,2026-09-22 00:20:00
-6.614600,-59.927200,GOES-19,2026-09-22 00:30:00
-6.614600,-59.927200,GOES-19,2026-09-22 00:40:00
-6.614600,-59.927200,GOES-19,2026-09-22 00:50:00
-6.614600,-59.927200,GOES-19,2026-09-22 01:00:00
-6.614600,-59.927200,GOES-19,2026-09-22 01:10:00
-6.614600,-59.927200,GOES-19,2026-09-22 01:20:00
-6.614600,-59.927200,GOES-19,2026-09-22 01:40:00
-6.614600,-59.927200,GOES-19,2026-09-22 02:30:00
-6.614600,-59.927200,GOES-19,2026-09-22 03:20:00
-6.614600,-59.927200,GOES-19,2026-09-22 03:30:00
-6.614600,-59.927200,GOES-19,2026-09-22 03:40:00
-6.614600,-59.927200,GOES-19,2026-09-22 03:50:00
-6.614600,-59.927200,GOES-19,2026-09-22 04:00:00
-6.614600,-59.927200,GOES-19,2026-09-22 13:30:00
-6.614600,-59.927200,GOES-19,2026-09-22 13:40:00
-6.614600,-59.927200,GOES-19,2026-09-22 13:50:00
-6.614600,-59.927200,GOES-19,2026-09-22 14:00:00
-6.614600,-59.927200,GOES-19,2026-09-22 14:10:00
-6.614600,-59.927200,GOES-19,2026-09-22 14:20:00
-6.614600,-59.927200,GOES-19,2026-09-22 14:30:00
-6.614600,-59.927200,GOES-19,2026-09-22 14:40:00
-6.614600,-59.927200,GOES-19,2026-09-22 14:50:00
-6.614600,-59.927200,GOES-19,2026-09-22 15:00:00
-6.614600,-59.927200,GOES-19,2026-09-22 15:20:00
-6.614600,-59.927200,GOES-19,2026-09-22 15:30:00
-6.614600,-59.927200,GOES-19,2026-09-22 15:40:00
-6.614600,-59.927200,GOES-19,2026-09-22 15:50:00
-6.614600,-59.927200,GOES-19,2026-09-22 21:20:00
-6.614600,-59.927200,GOES-19,2026-09-22 23:10:00
-6.319900,-59.938100,GOES-19,2026-09-22 15:20:00
-6.633100,-59.926500,GOES-19,2026-09-22 00:00:00
-6.633100,-59.926500,GOES-19,2026-09-22 00:10:00
-6.633100,-59.926500,GOES-19,2026-09-22 00:20:00
-6.633100,-59.926500,GOES-19,2026-09-22 00:30:00
-6.633100,-59.926500,GOES-19,2026-09-22 00:40:00
-6.633100,-59.926500,GOES-19,2026-09-22 00:50:00
-6.633100,-59.926500,GOES-19,2026-09-22 01:00:00
-6.633100,-59.926500,GOES-19,2026-09-22 01:10:00
-6.633100,-59.926500,GOES-19,2026-09-22 01:20:00
-6.633100,-59.926500,GOES-19,2026-09-22 01:40:00
-6.633100,-59.926500,GOES-19,2026-09-22 02:30:00
-6.633100,-59.926500,GOES-19,2026-09-22 03:20:00
-6.633100,-59.926500,GOES-19,2026-09-22 03:30:00
-6.633100,-59.926500,GOES-19,2026-09-22 03:40:00
-6.633100,-59.926500,GOES-19,2026-09-22 03:50:00
-6.633100,-59.926500,GOES-19,2026-09-22 04:00:00
-6.633100,-59.926500,GOES-19,2026-09-22 13:30:00
-6.633100,-59.926500,GOES-19,2026-09-22 13:40:00
-6.633100,-59.926500,GOES-19,2026-09-22 13:50:00
-6.633100,-59.926500,GOES-19,2026-09-22 14:00:00
-6.633100,-59.926500,GOES-19,2026-09-22 14:10:00
-6.633100,-59.926500,GOES-19,2026-09-22 23:10:00
-6.651500,-59.925800,GOES-19,2026-09-22 00:00:00
-6.651500,-59.925800,GOES-19,2026-09-22 00:10:00
-6.651500,-59.925800,GOES-19,2026-09-22 00:20:00
-6.651500,-59.925800,GOES-19,2026-09-22 00:30:00
-6.651500,-59.925800,GOES-19,2026-09-22 00:40:00
-6.651500,-59.925800,GOES-19,2026-09-22 00:50:00
-6.651500,-59.925800,GOES-19,2026-09-22 01:00:00
-6.651500,-59.925800,GOES-19,2026-09-22 01:10:00
-6.651500,-59.925800,GOES-19,2026-09-22 01:20:00
-6.651500,-59.925800,GOES-19,2026-09-22 01:40:00
-6.651500,-59.925800,GOES-19,2026-09-22 02:30:00
-6.651500,-59.925800,GOES-19,2026-09-22 03:20:00
-6.651500,-59.925800,GOES-19,2026-09-22 03:30:00
-6.651500,-59.925800,GOES-19,2026-09-22 03:40:00
-6.651500,-59.925800,GOES-19,2026-09-22 03:50:00
-6.651500,-59.925800,GOES-19,2026-09-22 04:00:00
-6.651500,-59.925800,GOES-19,2026-09-22 13:30:00
-6.651500,-59.925800,GOES-19,2026-09-22 13:40:00
-6.651500,-59.925800,GOES-19,2026-09-22 23:10:00
3.769500,-59.992000,GOES-19,2026-09-22 18:20:00
-6.596300,-59.908700,GOES-19,2026-09-22 15:00:00
-6.596300,-59.908700,GOES-19,2026-09-22 15:20:00
-6.596300,-59.908700,GOES-19,2026-09-22 15:30:00
-6.596300,-59.908700,GOES-19,2026-09-22 15:40:00
-6.614800,-59.908000,GOES-19,2026-09-22 00:00:00
-6.614800,-59.908000,GOES-19,2026-09-22 00:10:00
-6.614800,-59.908000,GOES-19,2026-09-22 00:20:00
-6.614800,-59.908000,GOES-19,2026-09-22 00:30:00
-6.614800,-59.908000,GOES-19,2026-09-22 00:40:00
-6.614800,-59.908000,GOES-19,2026-09-22 00:50:00
-6.614800,-59.908000,GOES-19,2026-09-22 01:00:00
-6.614800,-59.908000,GOES-19,2026-09-22 01:10:00
-6.614800,-59.908000,GOES-19,2026-09-22 01:20:00
-6.614800,-59.908000,GOES-19,2026-09-22 01:40:00
-6.614800,-59.908000,GOES-19,2026-09-22 02:30:00
-6.614800,-59.908000,GOES-19,2026-09-22 03:20:00
-6.614800,-59.908000,GOES-19,2026-09-22 03:30:00
-6.614800,-59.908000,GOES-19,2026-09-22 03:40:00
-6.614800,-59.908000,GOES-19,2026-09-22 03:50:00
-6.614800,-59.908000,GOES-19,2026-09-22 04:00:00
-6.614800,-59.908000,GOES-19,2026-09-22 13:30:00
-6.614800,-59.908000,GOES-19,2026-09-22 13:40:00
-6.614800,-59.908000,GOES-19,2026-09-22 13:50:00
-6.614800,-59.908000,GOES-19,2026-09-22 14:00:00
-6.614800,-59.908000,GOES-19,2026-09-22 14:10:00
-6.614800,-59.908000,GOES-19,2026-09-22 14:20:00
-6.614800,-59.908000,GOES-19,2026-09-22 14:30:00
-6.614800,-59.908000,GOES-19,2026-09-22 14:40:00
-6.614800,-59.908000,GOES-19,2026-09-22 14:50:00
-6.614800,-59.908000,GOES-19,2026-09-22 15:00:00
-6.614800,-59.908000,GOES-19,2026-09-22 15:10:00
-6.614800,-59.908000,GOES-19,2026-09-22 15:20:00
-6.614800,-59.908000,GOES-19,2026-09-22 15:30:00
-6.614800,-59.908000,GOES-19,2026-09-22 15:40:00
-6.614800,-59.908000,GOES-19,2026-09-22 15:50:00
-6.614800,-59.908000,GOES-19,2026-09-22 21:20:00
-6.614800,-59.908000,GOES-19,2026-09-22 23:10:00
-6.633200,-59.907300,GOES-19,2026-09-22 00:00:00
-6.633200,-59.907300,GOES-19,2026-09-22 00:10:00
-6.633200,-59.907300,GOES-19,2026-09-22 00:20:00
-6.633200,-59.907300,GOES-19,2026-09-22 00:30:00
-6.633200,-59.907300,GOES-19,2026-09-22 00:40:00
-6.633200,-59.907300,GOES-19,2026-09-22 00:50:00
-6.633200,-59.907300,GOES-19,2026-09-22 01:00:00
-6.633200,-59.907300,GOES-19,2026-09-22 01:10:00
-6.633200,-59.907300,GOES-19,2026-09-22 01:20:00
-6.633200,-59.907300,GOES-19,2026-09-22 01:40:00
-6.633200,-59.907300,GOES-19,2026-09-22 02:30:00
-6.633200,-59.907300,GOES-19,2026-09-22 03:20:00
-6.633200,-59.907300,GOES-19,2026-09-22 03:30:00
-6.633200,-59.907300,GOES-19,2026-09-22 03:40:00
-6.633200,-59.907300,GOES-19,2026-09-22 03:50:00
-6.633200,-59.907300,GOES-19,2026-09-22 04:00:00
-6.633200,-59.907300,GOES-19,2026-09-22 13:30:00
-6.633200,-59.907300,GOES-19,2026-09-22 13:40:00
-6.633200,-59.907300,GOES-19,2026-09-22 13:50:00
-6.633200,-59.907300,GOES-19,2026-09-22 14:00:00
-6.633200,-59.907300,GOES-19,2026-09-22 14:10:00
-6.633200,-59.907300,GOES-19,2026-09-22 14:20:00
-6.633200,-59.907300,GOES-19,2026-09-22 14:30:00
-6.633200,-59.907300,GOES-19,2026-09-22 14:40:00
-6.633200,-59.907300,GOES-19,2026-09-22 14:50:00
-6.633200,-59.907300,GOES-19,2026-09-22 15:00:00
-6.633200,-59.907300,GOES-19,2026-09-22 15:10:00
-6.633200,-59.907300,GOES-19,2026-09-22 15:20:00
-6.633200,-59.907300,GOES-19,2026-09-22 15:30:00
-6.633200,-59.907300,GOES-19,2026-09-22 15:40:00
-6.633200,-59.907300,GOES-19,2026-09-22 15:50:00
-6.633200,-59.907300,GOES-19,2026-09-22 23:10:00
-6.651600,-59.906600,GOES-19,2026-09-22 00:00:00
-6.651600,-59.906600,GOES-19,2026-09-22 00:10:00
-6.651600,-59.906600,GOES-19,2026-09-22 00:20:00
-6.651600,-59.906600,GOES-19,2026-09-22 00:30:00
-6.651600,-59.906600,GOES-19,2026-09-22 00:40:00
-6.651600,-59.906600,GOES-19,2026-09-22 00:50:00
-6.651600,-59.906600,GOES-19,2026-09-22 01:00:00
-6.651600,-59.906600,GOES-19,2026-09-22 01:10:00
-6.651600,-59.906600,GOES-19,2026-09-22 01:20:00
-6.651600,-59.906600,GOES-19,2026-09-22 01:40:00
-6.651600,-59.906600,GOES-19,2026-09-22 02:30:00
-6.651600,-59.906600,GOES-19,2026-09-22 03:20:00
-6.651600,-59.906600,GOES-19,2026-09-22 03:30:00
-6.651600,-59.906600,GOES-19,2026-09-22 03:40:00
-6.651600,-59.906600,GOES-19,2026-09-22 13:50:00
-6.651600,-59.906600,GOES-19,2026-09-22 14:00:00
-6.651600,-59.906600,GOES-19,2026-09-22 14:10:00
-6.651600,-59.906600,GOES-19,2026-09-22 14:20:00
-6.651600,-59.906600,GOES-19,2026-09-22 14:30:00
-6.651600,-59.906600,GOES-19,2026-09-22 14:40:00
3.806200,-59.972200,GOES-19,2026-09-22 18:00:00
2.453600,-59.996100,GOES-19,2026-09-22 18:30:00
2.453600,-59.996100,GOES-19,2026-09-22 18:40:00
2.453600,-59.996100,GOES-19,2026-09-22 18:50:00
2.453600,-59.996100,GOES-19,2026-09-22 19:00:00
2.453600,-59.996100,GOES-19,2026-09-22 19:10:00
-3.220900,-59.983800,GOES-19,2026-09-22 16:00:00
-3.220900,-59.983800,GOES-19,2026-09-22 16:10:00
4.062500,-59.947300,GOES-19,2026-09-22 17:40:00
4.062500,-59.947300,GOES-19,2026-09-22 17:50:00
2.490200,-59.976600,GOES-19,2026-09-22 14:40:00
2.490200,-59.976600,GOES-19,2026-09-22 18:10:00
2.490200,-59.976600,GOES-19,2026-09-22 18:20:00
2.471900,-59.976800,GOES-19,2026-09-22 19:00:00
2.471900,-59.976800,GOES-19,2026-09-22 19:10:00
-4.520900,-59.802400,GOES-19,2026-09-22 18:30:00
-4.520900,-59.802400,GOES-19,2026-09-22 18:40:00
-4.520900,-59.802400,GOES-19,2026-09-22 18:50:00
4.154500,-59.792400,GOES-19,2026-09-22 14:50:00
4.154500,-59.792400,GOES-19,2026-09-22 16:10:00
-9.245800,-59.575300,GOES-19,2026-09-22 14:20:00
-9.245800,-59.575300,GOES-19,2026-09-22 14:50:00
3.953200,-59.758900,GOES-19,2026-09-22 15:20:00
4.246200,-59.751900,GOES-19,2026-09-22 15:50:00
4.246200,-59.751900,GOES-19,2026-09-22 16:00:00
4.246200,-59.751900,GOES-19,2026-09-22 16:10:00
4.246200,-59.751900,GOES-19,2026-09-22 16:20:00
4.246200,-59.751900,GOES-19,2026-09-22 17:40:00
3.678800,-59.745800,GOES-19,2026-09-22 18:40:00
-6.782100,-59.632600,GOES-19,2026-09-22 15:10:00
-6.782100,-59.632600,GOES-19,2026-09-22 15:20:00
3.916800,-59.702300,GOES-19,2026-09-22 14:50:00
3.916800,-59.702300,GOES-19,2026-09-22 15:10:00
3.916800,-59.702300,GOES-19,2026-09-22 15:20:00
3.916900,-59.683200,GOES-19,2026-09-22 14:30:00
3.916900,-59.683200,GOES-19,2026-09-22 14:40:00
3.916900,-59.683200,GOES-19,2026-09-22 14:50:00
3.916900,-59.683200,GOES-19,2026-09-22 15:00:00
3.916900,-59.683200,GOES-19,2026-09-22 15:10:00
3.916900,-59.683200,GOES-19,2026-09-22 15:30:00
3.916900,-59.683200,GOES-19,2026-09-22 18:20:00
-3.203400,-59.697900,GOES-19,2026-09-22 18:30:00
-3.203400,-59.697900,GOES-19,2026-09-22 18:50:00
-3.770700,-59.610000,GOES-19,2026-09-22 15:40:00
-3.770700,-59.610000,GOES-19,2026-09-22 18:00:00
-3.770700,-59.610000,GOES-19,2026-09-22 18:10:00
-3.770700,-59.610000,GOES-19,2026-09-22 18:20:00
-3.770700,-59.610000,GOES-19,2026-09-22 18:30:00
-3.770700,-59.610000,GOES-19,2026-09-22 18:40:00
-3.770700,-59.610000,GOES-19,2026-09-22 19:00:00
-7.299700,-59.495800,GOES-19,2026-09-22 15:30:00
-3.478000,-59.597000,GOES-19,2026-09-22 14:10:00
-3.478000,-59.597000,GOES-19,2026-09-22 14:20:00
-3.551200,-59.595500,GOES-19,2026-09-22 18:30:00
-3.789000,-59.590400,GOES-19,2026-09-22 18:00:00
-3.789000,-59.590400,GOES-19,2026-09-22 18:10:00
-3.331700,-59.599900,GOES-19,2026-09-22 15:10:00
-3.331700,-59.580800,GOES-19,2026-09-22 15:10:00
-3.331700,-59.580800,GOES-19,2026-09-22 15:40:00
-3.331700,-59.580800,GOES-19,2026-09-22 16:10:00
-3.331700,-59.580800,GOES-19,2026-09-22 18:00:00
-3.331700,-59.580800,GOES-19,2026-09-22 18:10:00
-3.331700,-59.580800,GOES-19,2026-09-22 18:30:00
-3.331700,-59.580800,GOES-19,2026-09-22 18:40:00
-3.478000,-59.577900,GOES-19,2026-09-22 14:10:00
-3.478000,-59.577900,GOES-19,2026-09-22 14:20:00
-3.478000,-59.577900,GOES-19,2026-09-22 19:50:00
-3.478000,-59.577900,GOES-19,2026-09-22 20:00:00
-3.478000,-59.577900,GOES-19,2026-09-22 20:10:00
-3.496300,-59.577500,GOES-19,2026-09-22 19:50:00
-3.496300,-59.577500,GOES-19,2026-09-22 20:00:00
-3.496300,-59.577500,GOES-19,2026-09-22 20:10:00
-3.514600,-59.577200,GOES-19,2026-09-22 19:50:00
-3.386600,-59.560600,GOES-19,2026-09-22 18:40:00
-3.459800,-59.559100,GOES-19,2026-09-22 14:10:00
-3.459800,-59.559100,GOES-19,2026-09-22 14:20:00
-3.459800,-59.559100,GOES-19,2026-09-22 19:10:00
-3.459800,-59.559100,GOES-19,2026-09-22 19:50:00
-3.459800,-59.559100,GOES-19,2026-09-22 20:00:00
-3.459800,-59.559100,GOES-19,2026-09-22 20:10:00
-3.478100,-59.558800,GOES-19,2026-09-22 14:10:00
-3.478100,-59.558800,GOES-19,2026-09-22 14:20:00
-3.478100,-59.558800,GOES-19,2026-09-22 19:10:00
-3.478100,-59.558800,GOES-19,2026-09-22 19:50:00
-3.478100,-59.558800,GOES-19,2026-09-22 20:00:00
-3.478100,-59.558800,GOES-19,2026-09-22 20:10:00
-3.459900,-59.540000,GOES-19,2026-09-22 14:10:00
-3.459900,-59.540000,GOES-19,2026-09-22 14:20:00
-3.459900,-59.540000,GOES-19,2026-09-22 19:10:00
-3.459900,-59.540000,GOES-19,2026-09-22 19:50:00
-3.459900,-59.540000,GOES-19,2026-09-22 20:00:00
-3.459900,-59.540000,GOES-19,2026-09-22 20:10:00
-3.478100,-59.539600,GOES-19,2026-09-22 14:10:00
-3.478100,-59.539600,GOES-19,2026-09-22 14:20:00
-3.478100,-59.539600,GOES-19,2026-09-22 19:10:00
-3.478100,-59.539600,GOES-19,2026-09-22 19:50:00
-3.478100,-59.539600,GOES-19,2026-09-22 20:00:00
-3.478100,-59.539600,GOES-19,2026-09-22 20:10:00
-6.727900,-59.442300,GOES-19,2026-09-22 15:40:00
-6.727900,-59.442300,GOES-19,2026-09-22 16:00:00
-6.746300,-59.441600,GOES-19,2026-09-22 15:00:00
-6.801700,-59.439400,GOES-19,2026-09-22 15:00:00
-3.459900,-59.520900,GOES-19,2026-09-22 14:10:00
-3.459900,-59.520900,GOES-19,2026-09-22 14:20:00
-3.459900,-59.520900,GOES-19,2026-09-22 19:10:00
-3.478200,-59.520500,GOES-19,2026-09-22 14:20:00
-3.478200,-59.520500,GOES-19,2026-09-22 14:30:00
-3.478200,-59.520500,GOES-19,2026-09-22 14:40:00
-3.478200,-59.520500,GOES-19,2026-09-22 14:50:00
-3.478200,-59.520500,GOES-19,2026-09-22 15:00:00
-3.478200,-59.520500,GOES-19,2026-09-22 18:20:00
-3.478200,-59.520500,GOES-19,2026-09-22 19:10:00
-6.728000,-59.423000,GOES-19,2026-09-22 15:00:00
-6.746400,-59.422300,GOES-19,2026-09-22 15:00:00
-6.820300,-59.400100,GOES-19,2026-09-22 15:00:00
-3.588200,-59.441700,GOES-19,2026-09-22 14:00:00
-3.588200,-59.441700,GOES-19,2026-09-22 15:00:00
-3.588200,-59.441700,GOES-19,2026-09-22 19:00:00
-3.588200,-59.441700,GOES-19,2026-09-22 19:20:00
-3.588200,-59.441700,GOES-19,2026-09-22 19:30:00
-3.588200,-59.441700,GOES-19,2026-09-22 19:40:00
-3.588200,-59.441700,GOES-19,2026-09-22 19:50:00
-3.753000,-59.399800,GOES-19,2026-09-22 18:10:00
-2.619300,-59.382800,GOES-19,2026-09-22 18:50:00
-2.619300,-59.382800,GOES-19,2026-09-22 19:20:00
-2.619300,-59.382800,GOES-19,2026-09-22 19:30:00
-2.619300,-59.382800,GOES-19,2026-09-22 19:40:00
-5.808300,-59.226200,GOES-19,2026-09-22 18:00:00
-5.808300,-59.226200,GOES-19,2026-09-22 18:40:00
-3.405800,-59.253800,GOES-19,2026-09-22 14:00:00
-3.405800,-59.253800,GOES-19,2026-09-22 14:10:00
-3.405800,-59.253800,GOES-19,2026-09-22 14:20:00
-3.405800,-59.253800,GOES-19,2026-09-22 14:40:00
-3.405800,-59.253800,GOES-19,2026-09-22 14:50:00
-3.405800,-59.253800,GOES-19,2026-09-22 15:00:00
-3.405800,-59.253800,GOES-19,2026-09-22 15:10:00
-3.644200,-59.095300,GOES-19,2026-09-22 19:10:00
-3.644200,-59.095300,GOES-19,2026-09-22 19:50:00
-3.552700,-59.078100,GOES-19,2026-09-22 16:00:00
-3.571000,-59.077700,GOES-19,2026-09-22 18:40:00
-3.589300,-59.077300,GOES-19,2026-09-22 15:40:00
-3.589300,-59.077300,GOES-19,2026-09-22 18:40:00
-3.607600,-59.076900,GOES-19,2026-09-22 15:40:00
-3.552800,-59.058900,GOES-19,2026-09-22 15:40:00
-3.552800,-59.058900,GOES-19,2026-09-22 16:00:00
-3.552800,-59.058900,GOES-19,2026-09-22 18:00:00
-3.552800,-59.058900,GOES-19,2026-09-22 18:10:00
-3.552800,-59.058900,GOES-19,2026-09-22 18:20:00
-3.552800,-59.058900,GOES-19,2026-09-22 18:30:00
-3.552800,-59.058900,GOES-19,2026-09-22 18:40:00
-3.552800,-59.058900,GOES-19,2026-09-22 18:50:00
-3.589400,-59.058100,GOES-19,2026-09-22 18:40:00
-3.607700,-59.057700,GOES-19,2026-09-22 18:40:00
-10.672500,-58.749000,GOES-19,2026-09-22 18:20:00
-3.552800,-59.039700,GOES-19,2026-09-22 15:40:00
-3.552800,-59.039700,GOES-19,2026-09-22 18:40:00
-3.150300,-59.028600,GOES-19,2026-09-22 18:30:00
-3.699600,-58.921100,GOES-19,2026-09-22 15:10:00
-3.699600,-58.921100,GOES-19,2026-09-22 15:20:00
-3.699600,-58.921100,GOES-19,2026-09-22 15:30:00
-3.699600,-58.921100,GOES-19,2026-09-22 15:40:00
-3.809500,-58.918600,GOES-19,2026-09-22 14:10:00
-3.809500,-58.918600,GOES-19,2026-09-22 14:50:00
-3.809500,-58.918600,GOES-19,2026-09-22 15:00:00
-3.718100,-58.863000,GOES-19,2026-09-22 15:50:00
-3.718100,-58.863000,GOES-19,2026-09-22 17:30:00
-3.718100,-58.863000,GOES-19,2026-09-22 18:20:00
-3.718100,-58.863000,GOES-19,2026-09-22 18:30:00
-3.517400,-58.636500,GOES-19,2026-09-22 19:10:00
-2.913800,-58.532900,GOES-19,2026-09-22 15:50:00
-3.426500,-58.426300,GOES-19,2026-09-22 18:10:00
-3.481800,-58.309200,GOES-19,2026-09-22 14:50:00
-3.481800,-58.309200,GOES-19,2026-09-22 15:00:00
-3.683700,-58.188600,GOES-19,2026-09-22 18:10:00
-3.061500,-58.028000,GOES-19,2026-09-22 18:20:00
-3.006700,-57.990300,GOES-19,2026-09-22 14:00:00
-3.006700,-57.990300,GOES-19,2026-09-22 14:10:00
-3.006700,-57.990300,GOES-19,2026-09-22 14:20:00
-3.428000,-57.942800,GOES-19,2026-09-22 17:30:00
-3.428000,-57.942800,GOES-19,2026-09-22 17:40:00
-3.428000,-57.942800,GOES-19,2026-09-22 17:50:00
-3.446500,-57.884300,GOES-19,2026-09-22 16:20:00
-6.055000,-57.803200,GOES-19,2026-09-22 14:10:00
-6.055000,-57.803200,GOES-19,2026-09-22 14:30:00
-6.055000,-57.803200,GOES-19,2026-09-22 18:00:00
-6.073400,-57.802500,GOES-19,2026-09-22 13:50:00
-6.073400,-57.802500,GOES-19,2026-09-22 14:00:00
-6.073400,-57.802500,GOES-19,2026-09-22 14:10:00
-6.073400,-57.802500,GOES-19,2026-09-22 14:20:00
-6.073400,-57.802500,GOES-19,2026-09-22 14:30:00
-6.073400,-57.802500,GOES-19,2026-09-22 14:40:00
-2.933900,-57.836800,GOES-19,2026-09-22 14:50:00
-2.933900,-57.836800,GOES-19,2026-09-22 15:00:00
-2.933900,-57.836800,GOES-19,2026-09-22 15:10:00
-2.933900,-57.836800,GOES-19,2026-09-22 15:20:00
-2.933900,-57.836800,GOES-19,2026-09-22 15:30:00
-2.915700,-57.817700,GOES-19,2026-09-22 14:20:00
-2.915700,-57.817700,GOES-19,2026-09-22 14:30:00
-2.915700,-57.817700,GOES-19,2026-09-22 14:40:00
-2.915700,-57.817700,GOES-19,2026-09-22 14:50:00
-2.915700,-57.817700,GOES-19,2026-09-22 15:00:00
-2.915700,-57.817700,GOES-19,2026-09-22 15:10:00
-2.915700,-57.817700,GOES-19,2026-09-22 15:20:00
-2.915700,-57.817700,GOES-19,2026-09-22 15:30:00
-2.915700,-57.817700,GOES-19,2026-09-22 15:40:00
-2.915700,-57.817700,GOES-19,2026-09-22 15:50:00
-2.915700,-57.817700,GOES-19,2026-09-22 16:00:00
-2.915700,-57.817700,GOES-19,2026-09-22 16:10:00
-2.915700,-57.817700,GOES-19,2026-09-22 16:20:00
-2.915700,-57.817700,GOES-19,2026-09-22 17:40:00
-2.934000,-57.817400,GOES-19,2026-09-22 14:20:00
-2.934000,-57.817400,GOES-19,2026-09-22 14:30:00
-2.934000,-57.817400,GOES-19,2026-09-22 14:40:00
-2.934000,-57.817400,GOES-19,2026-09-22 14:50:00
-2.934000,-57.817400,GOES-19,2026-09-22 15:00:00
-2.934000,-57.817400,GOES-19,2026-09-22 15:10:00
-2.934000,-57.817400,GOES-19,2026-09-22 15:20:00
-2.934000,-57.817400,GOES-19,2026-09-22 15:30:00
-2.952300,-57.817000,GOES-19,2026-09-22 14:20:00
-2.952300,-57.817000,GOES-19,2026-09-22 14:30:00
-2.952300,-57.817000,GOES-19,2026-09-22 14:40:00
-2.952300,-57.817000,GOES-19,2026-09-22 14:50:00
-2.952300,-57.817000,GOES-19,2026-09-22 15:00:00
-2.952300,-57.817000,GOES-19,2026-09-22 15:20:00
-2.952300,-57.817000,GOES-19,2026-09-22 15:30:00
-2.952300,-57.817000,GOES-19,2026-09-22 15:40:00
-2.952300,-57.817000,GOES-19,2026-09-22 15:50:00
-2.952300,-57.817000,GOES-19,2026-09-22 16:00:00
-2.860800,-57.818800,GOES-19,2026-09-22 14:50:00
-2.860800,-57.818800,GOES-19,2026-09-22 15:00:00
-2.860800,-57.818800,GOES-19,2026-09-22 15:10:00
-2.860800,-57.818800,GOES-19,2026-09-22 15:20:00
-2.860800,-57.818800,GOES-19,2026-09-22 15:30:00
-2.860800,-57.818800,GOES-19,2026-09-22 15:40:00
-2.860800,-57.818800,GOES-19,2026-09-22 15:50:00
-2.860800,-57.818800,GOES-19,2026-09-22 16:00:00
-2.860800,-57.818800,GOES-19,2026-09-22 16:10:00
-2.879100,-57.818400,GOES-19,2026-09-22 15:20:00
-2.879100,-57.818400,GOES-19,2026-09-22 15:30:00
-2.879100,-57.818400,GOES-19,2026-09-22 15:40:00
-2.879100,-57.818400,GOES-19,2026-09-22 15:50:00
-2.879100,-57.818400,GOES-19,2026-09-22 16:00:00
-2.879100,-57.818400,GOES-19,2026-09-22 16:10:00
-2.879100,-57.818400,GOES-19,2026-09-22 16:20:00
-2.879100,-57.818400,GOES-19,2026-09-22 17:40:00
-2.860800,-57.799400,GOES-19,2026-09-22 14:50:00
-2.860800,-57.799400,GOES-19,2026-09-22 15:00:00
-2.860800,-57.799400,GOES-19,2026-09-22 15:10:00
-2.860800,-57.799400,GOES-19,2026-09-22 15:20:00
-2.860800,-57.799400,GOES-19,2026-09-22 15:30:00
-2.860800,-57.799400,GOES-19,2026-09-22 15:40:00
-2.860800,-57.799400,GOES-19,2026-09-22 15:50:00
-2.860800,-57.799400,GOES-19,2026-09-22 16:00:00
-2.860800,-57.799400,GOES-19,2026-09-22 16:10:00
-2.860800,-57.799400,GOES-19,2026-09-22 16:20:00
-2.860800,-57.799400,GOES-19,2026-09-22 17:40:00
-2.879100,-57.799000,GOES-19,2026-09-22 14:50:00
-2.879100,-57.799000,GOES-19,2026-09-22 15:00:00
-2.879100,-57.799000,GOES-19,2026-09-22 15:10:00
-2.879100,-57.799000,GOES-19,2026-09-22 15:20:00
-2.879100,-57.799000,GOES-19,2026-09-22 15:30:00
-2.879100,-57.799000,GOES-19,2026-09-22 15:40:00
-2.879100,-57.799000,GOES-19,2026-09-22 15:50:00
-2.879100,-57.799000,GOES-19,2026-09-22 16:00:00
-2.879100,-57.799000,GOES-19,2026-09-22 16:10:00
-2.879100,-57.799000,GOES-19,2026-09-22 17:40:00
-2.934000,-57.798000,GOES-19,2026-09-22 14:20:00
-2.934000,-57.798000,GOES-19,2026-09-22 14:30:00
-2.934000,-57.798000,GOES-19,2026-09-22 14:40:00
-2.934000,-57.798000,GOES-19,2026-09-22 14:50:00
-2.934000,-57.798000,GOES-19,2026-09-22 15:00:00
-2.934000,-57.798000,GOES-19,2026-09-22 15:10:00
-2.934000,-57.798000,GOES-19,2026-09-22 15:20:00
-2.934000,-57.798000,GOES-19,2026-09-22 15:30:00
-2.934000,-57.798000,GOES-19,2026-09-22 15:40:00
-2.934000,-57.798000,GOES-19,2026-09-22 15:50:00
-2.934000,-57.798000,GOES-19,2026-09-22 16:00:00
-2.934000,-57.798000,GOES-19,2026-09-22 16:20:00
-2.952300,-57.797600,GOES-19,2026-09-22 14:10:00
-2.952300,-57.797600,GOES-19,2026-09-22 14:20:00
-2.952300,-57.797600,GOES-19,2026-09-22 14:30:00
-2.952300,-57.797600,GOES-19,2026-09-22 14:40:00
-2.952300,-57.797600,GOES-19,2026-09-22 14:50:00
-2.952300,-57.797600,GOES-19,2026-09-22 15:00:00
-2.952300,-57.797600,GOES-19,2026-09-22 15:10:00
-2.952300,-57.797600,GOES-19,2026-09-22 15:20:00
-2.952300,-57.797600,GOES-19,2026-09-22 15:30:00
-2.952300,-57.797600,GOES-19,2026-09-22 15:40:00
-2.952300,-57.797600,GOES-19,2026-09-22 15:50:00
-2.952300,-57.797600,GOES-19,2026-09-22 16:00:00
-2.952300,-57.797600,GOES-19,2026-09-22 16:10:00
-2.952300,-57.797600,GOES-19,2026-09-22 17:30:00
-2.952300,-57.797600,GOES-19,2026-09-22 17:40:00
-2.952300,-57.797600,GOES-19,2026-09-22 17:50:00
-2.952300,-57.797600,GOES-19,2026-09-22 18:00:00
-2.952300,-57.797600,GOES-19,2026-09-22 18:20:00
-2.952300,-57.797600,GOES-19,2026-09-22 18:40:00
-2.915800,-57.778900,GOES-19,2026-09-22 14:20:00
-2.915800,-57.778900,GOES-19,2026-09-22 14:30:00
-2.915800,-57.778900,GOES-19,2026-09-22 14:40:00
-2.915800,-57.778900,GOES-19,2026-09-22 14:50:00
-2.915800,-57.778900,GOES-19,2026-09-22 15:00:00
-2.915800,-57.778900,GOES-19,2026-09-22 15:10:00
-2.915800,-57.778900,GOES-19,2026-09-22 15:20:00
-2.915800,-57.778900,GOES-19,2026-09-22 15:30:00
-2.915800,-57.778900,GOES-19,2026-09-22 15:40:00
-2.934100,-57.778600,GOES-19,2026-09-22 14:10:00
-2.934100,-57.778600,GOES-19,2026-09-22 14:20:00
-2.934100,-57.778600,GOES-19,2026-09-22 14:30:00
-2.934100,-57.778600,GOES-19,2026-09-22 14:40:00
-2.934100,-57.778600,GOES-19,2026-09-22 14:50:00
-2.934100,-57.778600,GOES-19,2026-09-22 15:00:00
-2.934100,-57.778600,GOES-19,2026-09-22 15:10:00
-2.934100,-57.778600,GOES-19,2026-09-22 15:20:00
-2.934100,-57.778600,GOES-19,2026-09-22 15:30:00
-2.934100,-57.778600,GOES-19,2026-09-22 15:40:00
-2.934100,-57.778600,GOES-19,2026-09-22 15:50:00
-2.934100,-57.778600,GOES-19,2026-09-22 17:40:00
-2.934100,-57.778600,GOES-19,2026-09-22 17:50:00
-2.934100,-57.778600,GOES-19,2026-09-22 18:00:00
-2.934100,-57.778600,GOES-19,2026-09-22 18:10:00
-2.934100,-57.778600,GOES-19,2026-09-22 18:20:00
-2.934100,-57.778600,GOES-19,2026-09-22 18:30:00
-2.934100,-57.778600,GOES-19,2026-09-22 18:50:00
-3.154000,-57.696600,GOES-19,2026-09-22 18:40:00
-5.853400,-57.616200,GOES-19,2026-09-22 18:40:00
-3.172400,-57.676800,GOES-19,2026-09-22 15:30:00
-2.513500,-57.650300,GOES-19,2026-09-22 15:20:00
-2.587200,-57.416000,GOES-19,2026-09-22 15:20:00
-2.587200,-57.416000,GOES-19,2026-09-22 15:30:00
-2.587200,-57.416000,GOES-19,2026-09-22 15:40:00
-2.587200,-57.416000,GOES-19,2026-09-22 16:00:00
-2.587200,-57.416000,GOES-19,2026-09-22 17:40:00
-2.587200,-57.416000,GOES-19,2026-09-22 17:50:00
-2.587200,-57.416000,GOES-19,2026-09-22 18:00:00
-2.587200,-57.416000,GOES-19,2026-09-22 18:10:00
-2.587200,-57.416000,GOES-19,2026-09-22 18:20:00
-2.587200,-57.416000,GOES-19,2026-09-22 18:30:00
-2.587200,-57.416000,GOES-19,2026-09-22 18:40:00
-2.587200,-57.416000,GOES-19,2026-09-22 18:50:00
-2.880400,-57.313300,GOES-19,2026-09-22 18:10:00
-2.880400,-57.313300,GOES-19,2026-09-22 18:20:00
-2.880500,-57.293800,GOES-19,2026-09-22 18:00:00
-2.880500,-57.293800,GOES-19,2026-09-22 18:10:00
-3.173700,-57.248800,GOES-19,2026-09-22 18:00:00
-3.173700,-57.229300,GOES-19,2026-09-22 18:00:00
-3.192000,-57.228900,GOES-19,2026-09-22 18:00:00
-3.192000,-57.228900,GOES-19,2026-09-22 18:10:00
-4.973300,-56.964200,GOES-19,2026-09-22 18:20:00
-10.904600,-56.194500,GOES-19,2026-09-22 13:20:00
-10.904600,-56.194500,GOES-19,2026-09-22 13:30:00
-10.904600,-56.194500,GOES-19,2026-09-22 13:40:00
-10.904600,-56.194500,GOES-19,2026-09-22 13:50:00
-10.904600,-56.194500,GOES-19,2026-09-22 14:00:00
-10.904600,-56.194500,GOES-19,2026-09-22 14:10:00
-10.904600,-56.194500,GOES-19,2026-09-22 14:40:00
-10.904600,-56.194500,GOES-19,2026-09-22 15:10:00
-4.204100,-56.360900,GOES-19,2026-09-22 18:20:00
-4.277900,-56.279900,GOES-19,2026-09-22 18:30:00
-4.277900,-56.279900,GOES-19,2026-09-22 18:40:00
-4.277900,-56.279900,GOES-19,2026-09-22 18:50:00
-4.277900,-56.279900,GOES-19,2026-09-22 19:00:00
-4.277900,-56.279900,GOES-19,2026-09-22 19:10:00
-4.277900,-56.279900,GOES-19,2026-09-22 19:20:00
-4.277900,-56.279900,GOES-19,2026-09-22 19:30:00
-4.277900,-56.279900,GOES-19,2026-09-22 19:50:00
-5.179600,-56.170300,GOES-19,2026-09-22 19:30:00
-4.076100,-56.207200,GOES-19,2026-09-22 19:00:00
-4.076100,-56.207200,GOES-19,2026-09-22 19:10:00
-4.076100,-56.207200,GOES-19,2026-09-22 19:20:00
-4.076100,-56.207200,GOES-19,2026-09-22 19:30:00
-4.076100,-56.207200,GOES-19,2026-09-22 19:40:00
-4.518100,-55.996200,GOES-19,2026-09-22 19:30:00
1.802900,-56.039000,GOES-19,2026-09-22 15:10:00
1.784600,-56.039300,GOES-19,2026-09-22 15:10:00
1.784600,-56.039300,GOES-19,2026-09-22 15:20:00
1.784600,-56.039300,GOES-19,2026-09-22 15:30:00
1.784600,-56.039300,GOES-19,2026-09-22 15:40:00
1.784600,-56.039300,GOES-19,2026-09-22 15:50:00
1.528300,-56.022700,GOES-19,2026-09-22 15:40:00
1.528300,-56.022700,GOES-19,2026-09-22 15:50:00
1.528300,-56.022700,GOES-19,2026-09-22 18:00:00
1.528300,-56.022700,GOES-19,2026-09-22 18:20:00
1.802900,-56.019400,GOES-19,2026-09-22 15:20:00
1.802900,-56.019400,GOES-19,2026-09-22 15:30:00
1.802900,-56.019400,GOES-19,2026-09-22 16:00:00
1.784600,-56.019600,GOES-19,2026-09-22 15:20:00
1.784600,-56.019600,GOES-19,2026-09-22 15:30:00
1.784600,-56.019600,GOES-19,2026-09-22 15:40:00
-4.591800,-55.954200,GOES-19,2026-09-22 18:30:00
-4.591800,-55.954200,GOES-19,2026-09-22 18:40:00
1.546700,-55.924000,GOES-19,2026-09-22 15:20:00
1.565100,-55.904100,GOES-19,2026-09-22 15:20:00
1.565100,-55.904100,GOES-19,2026-09-22 15:50:00
1.565100,-55.904100,GOES-19,2026-09-22 16:00:00
1.565100,-55.904100,GOES-19,2026-09-22 16:10:00
1.565100,-55.904100,GOES-19,2026-09-22 16:20:00
1.565100,-55.904100,GOES-19,2026-09-22 17:30:00
1.565100,-55.904100,GOES-19,2026-09-22 17:40:00
1.565100,-55.904100,GOES-19,2026-09-22 17:50:00
1.565100,-55.904100,GOES-19,2026-09-22 18:10:00
1.565100,-55.904100,GOES-19,2026-09-22 18:40:00
1.546800,-55.904300,GOES-19,2026-09-22 15:10:00
1.546800,-55.904300,GOES-19,2026-09-22 15:20:00
1.546800,-55.904300,GOES-19,2026-09-22 16:10:00
1.546800,-55.904300,GOES-19,2026-09-22 16:20:00
1.528400,-55.904500,GOES-19,2026-09-22 15:20:00
1.528400,-55.904500,GOES-19,2026-09-22 15:30:00
1.528400,-55.904500,GOES-19,2026-09-22 15:40:00
1.528400,-55.904500,GOES-19,2026-09-22 15:50:00
1.528400,-55.904500,GOES-19,2026-09-22 16:00:00
1.528400,-55.904500,GOES-19,2026-09-22 16:10:00
1.510100,-55.904700,GOES-19,2026-09-22 15:10:00
1.510100,-55.904700,GOES-19,2026-09-22 15:20:00
1.510100,-55.904700,GOES-19,2026-09-22 15:30:00
1.510100,-55.904700,GOES-19,2026-09-22 15:40:00
1.510100,-55.904700,GOES-19,2026-09-22 15:50:00
1.510100,-55.904700,GOES-19,2026-09-22 16:00:00
1.510100,-55.904700,GOES-19,2026-09-22 16:20:00
1.565100,-55.884400,GOES-19,2026-09-22 15:10:00
1.565100,-55.884400,GOES-19,2026-09-22 15:20:00
1.565100,-55.884400,GOES-19,2026-09-22 15:50:00
1.565100,-55.884400,GOES-19,2026-09-22 16:10:00
1.565100,-55.884400,GOES-19,2026-09-22 16:20:00
1.565100,-55.884400,GOES-19,2026-09-22 17:40:00
1.565100,-55.884400,GOES-19,2026-09-22 19:40:00
1.546800,-55.884600,GOES-19,2026-09-22 15:10:00
1.546800,-55.884600,GOES-19,2026-09-22 16:00:00
1.546800,-55.884600,GOES-19,2026-09-22 16:10:00
1.546800,-55.884600,GOES-19,2026-09-22 16:20:00
1.528500,-55.884800,GOES-19,2026-09-22 15:10:00
1.528500,-55.884800,GOES-19,2026-09-22 15:20:00
1.528500,-55.884800,GOES-19,2026-09-22 15:30:00
1.528500,-55.884800,GOES-19,2026-09-22 15:40:00
1.528500,-55.884800,GOES-19,2026-09-22 15:50:00
1.528500,-55.884800,GOES-19,2026-09-22 16:00:00
1.528500,-55.884800,GOES-19,2026-09-22 16:10:00
1.510200,-55.885000,GOES-19,2026-09-22 15:10:00
1.510200,-55.885000,GOES-19,2026-09-22 15:20:00
1.510200,-55.885000,GOES-19,2026-09-22 15:30:00
1.510200,-55.885000,GOES-19,2026-09-22 15:40:00
1.510200,-55.885000,GOES-19,2026-09-22 15:50:00
1.510200,-55.885000,GOES-19,2026-09-22 16:00:00
1.510200,-55.885000,GOES-19,2026-09-22 16:10:00
1.510200,-55.885000,GOES-19,2026-09-22 16:20:00
1.491900,-55.885200,GOES-19,2026-09-22 15:10:00
1.491900,-55.885200,GOES-19,2026-09-22 15:20:00
1.491900,-55.885200,GOES-19,2026-09-22 15:30:00
1.491900,-55.885200,GOES-19,2026-09-22 15:40:00
1.491900,-55.885200,GOES-19,2026-09-22 15:50:00
1.491900,-55.885200,GOES-19,2026-09-22 16:00:00
1.491900,-55.885200,GOES-19,2026-09-22 16:10:00
1.491900,-55.885200,GOES-19,2026-09-22 16:20:00
1.491900,-55.885200,GOES-19,2026-09-22 18:00:00
1.491900,-55.885200,GOES-19,2026-09-22 18:10:00
1.491900,-55.885200,GOES-19,2026-09-22 18:30:00
1.491900,-55.885200,GOES-19,2026-09-22 18:40:00
1.565100,-55.864700,GOES-19,2026-09-22 15:10:00
1.565100,-55.864700,GOES-19,2026-09-22 15:20:00
1.565100,-55.864700,GOES-19,2026-09-22 15:30:00
1.565100,-55.864700,GOES-19,2026-09-22 15:40:00
1.565100,-55.864700,GOES-19,2026-09-22 15:50:00
1.565100,-55.864700,GOES-19,2026-09-22 16:10:00
1.565100,-55.864700,GOES-19,2026-09-22 16:20:00
1.565100,-55.864700,GOES-19,2026-09-22 18:20:00
1.546800,-55.864900,GOES-19,2026-09-22 15:10:00
1.546800,-55.864900,GOES-19,2026-09-22 15:20:00
1.546800,-55.864900,GOES-19,2026-09-22 15:30:00
1.546800,-55.864900,GOES-19,2026-09-22 15:40:00
1.546800,-55.864900,GOES-19,2026-09-22 16:20:00
1.510200,-55.865300,GOES-19,2026-09-22 15:10:00
1.510200,-55.865300,GOES-19,2026-09-22 15:20:00
1.510200,-55.865300,GOES-19,2026-09-22 15:30:00
1.510200,-55.865300,GOES-19,2026-09-22 15:40:00
1.510200,-55.865300,GOES-19,2026-09-22 15:50:00
1.510200,-55.865300,GOES-19,2026-09-22 16:00:00
1.510200,-55.865300,GOES-19,2026-09-22 16:10:00
1.510200,-55.865300,GOES-19,2026-09-22 16:20:00
1.491900,-55.865500,GOES-19,2026-09-22 15:20:00
1.491900,-55.865500,GOES-19,2026-09-22 15:30:00
1.491900,-55.865500,GOES-19,2026-09-22 15:40:00
1.491900,-55.865500,GOES-19,2026-09-22 17:50:00
1.491900,-55.865500,GOES-19,2026-09-22 18:30:00
1.491900,-55.865500,GOES-19,2026-09-22 18:40:00
2.023000,-55.858700,GOES-19,2026-09-22 14:50:00
2.023000,-55.858700,GOES-19,2026-09-22 15:00:00
2.023000,-55.858700,GOES-19,2026-09-22 15:30:00
2.023000,-55.858700,GOES-19,2026-09-22 18:00:00
1.565200,-55.845000,GOES-19,2026-09-22 15:10:00
1.565200,-55.845000,GOES-19,2026-09-22 15:30:00
1.565200,-55.845000,GOES-19,2026-09-22 15:40:00
1.565200,-55.845000,GOES-19,2026-09-22 15:50:00
1.565200,-55.845000,GOES-19,2026-09-22 16:00:00
1.565200,-55.845000,GOES-19,2026-09-22 16:10:00
1.565200,-55.845000,GOES-19,2026-09-22 16:20:00
1.565200,-55.845000,GOES-19,2026-09-22 18:10:00
1.546900,-55.845200,GOES-19,2026-09-22 15:10:00
1.546900,-55.845200,GOES-19,2026-09-22 15:20:00
1.546900,-55.845200,GOES-19,2026-09-22 15:30:00
1.546900,-55.845200,GOES-19,2026-09-22 16:10:00
1.546900,-55.845200,GOES-19,2026-09-22 16:20:00
1.528600,-55.825700,GOES-19,2026-09-22 15:10:00
1.528600,-55.825700,GOES-19,2026-09-22 15:20:00
1.528600,-55.825700,GOES-19,2026-09-22 15:30:00
1.528600,-55.825700,GOES-19,2026-09-22 15:40:00
1.528600,-55.825700,GOES-19,2026-09-22 15:50:00
1.528600,-55.825700,GOES-19,2026-09-22 16:00:00
1.528600,-55.825700,GOES-19,2026-09-22 16:10:00
1.528600,-55.825700,GOES-19,2026-09-22 16:20:00
1.565300,-55.785800,GOES-19,2026-09-22 16:10:00
1.528700,-55.727000,GOES-19,2026-09-22 15:40:00
1.528700,-55.727000,GOES-19,2026-09-22 15:50:00
1.528700,-55.727000,GOES-19,2026-09-22 17:30:00
1.528700,-55.727000,GOES-19,2026-09-22 17:40:00
1.528700,-55.727000,GOES-19,2026-09-22 18:10:00
1.528700,-55.727000,GOES-19,2026-09-22 18:30:00
-1.254000,-55.729900,GOES-19,2026-09-22 17:40:00
-8.573200,-55.340400,GOES-19,2026-09-22 18:50:00
-6.753900,-55.306400,GOES-19,2026-09-22 13:00:00
-6.402500,-55.284100,GOES-19,2026-09-22 13:00:00
-6.681500,-55.070300,GOES-19,2026-09-22 18:10:00
-6.681500,-55.070300,GOES-19,2026-09-22 18:40:00
-6.681500,-55.070300,GOES-19,2026-09-22 18:50:00
-6.681600,-55.050200,GOES-19,2026-09-22 18:30:00
-6.681600,-55.050200,GOES-19,2026-09-22 18:40:00
-6.681600,-55.050200,GOES-19,2026-09-22 18:50:00
-8.280200,-54.776400,GOES-19,2026-09-22 14:00:00
-8.280200,-54.776400,GOES-19,2026-09-22 14:10:00
-8.280200,-54.776400,GOES-19,2026-09-22 14:20:00
-8.280200,-54.776400,GOES-19,2026-09-22 14:30:00
-8.280200,-54.776400,GOES-19,2026-09-22 15:00:00
-8.280200,-54.776400,GOES-19,2026-09-22 15:10:00
-8.280200,-54.776400,GOES-19,2026-09-22 18:50:00
-8.298800,-54.775100,GOES-19,2026-09-22 14:10:00
-8.280400,-54.756200,GOES-19,2026-09-22 14:20:00
-8.280400,-54.756200,GOES-19,2026-09-22 18:30:00
-8.280400,-54.756200,GOES-19,2026-09-22 18:40:00
-8.280400,-54.756200,GOES-19,2026-09-22 18:50:00
-12.786200,-54.068900,GOES-19,2026-09-22 00:00:00
-12.786200,-54.068900,GOES-19,2026-09-22 22:30:00
-12.805300,-54.066900,GOES-19,2026-09-22 00:00:00
-12.786500,-54.048200,GOES-19,2026-09-22 00:00:00
-12.786500,-54.048200,GOES-19,2026-09-22 22:30:00
-12.805600,-54.046200,GOES-19,2026-09-22 00:00:00
-12.805600,-54.046200,GOES-19,2026-09-22 22:30:00
-12.786800,-54.027500,GOES-19,2026-09-22 00:00:00
-12.786800,-54.027500,GOES-19,2026-09-22 14:30:00
-12.786800,-54.027500,GOES-19,2026-09-22 14:40:00
-12.786800,-54.027500,GOES-19,2026-09-22 22:30:00
-12.805900,-54.025500,GOES-19,2026-09-22 00:00:00
-12.805900,-54.025500,GOES-19,2026-09-22 14:20:00
-12.805900,-54.025500,GOES-19,2026-09-22 14:30:00
-12.805900,-54.025500,GOES-19,2026-09-22 14:40:00
-12.824900,-54.023500,GOES-19,2026-09-22 00:00:00
-3.586700,-54.514100,GOES-19,2026-09-22 18:30:00
-3.586700,-54.514100,GOES-19,2026-09-22 18:40:00
-3.586700,-54.514100,GOES-19,2026-09-22 18:50:00
-3.586700,-54.514100,GOES-19,2026-09-22 19:10:00
-10.590400,-54.012300,GOES-19,2026-09-22 00:20:00
-10.590400,-54.012300,GOES-19,2026-09-22 00:30:00
-10.590400,-54.012300,GOES-19,2026-09-22 00:40:00
-10.609200,-54.010700,GOES-19,2026-09-22 00:20:00
-10.609200,-54.010700,GOES-19,2026-09-22 00:30:00
-10.609200,-54.010700,GOES-19,2026-09-22 00:40:00
-10.609200,-54.010700,GOES-19,2026-09-22 00:50:00
-10.609200,-54.010700,GOES-19,2026-09-22 01:00:00
-10.609200,-54.010700,GOES-19,2026-09-22 01:10:00
-10.609200,-54.010700,GOES-19,2026-09-22 01:20:00
-10.609200,-54.010700,GOES-19,2026-09-22 01:30:00
-10.628000,-54.009000,GOES-19,2026-09-22 00:20:00
-10.628000,-54.009000,GOES-19,2026-09-22 00:30:00
-10.628000,-54.009000,GOES-19,2026-09-22 00:40:00
-10.628000,-54.009000,GOES-19,2026-09-22 01:10:00
-10.590600,-53.991800,GOES-19,2026-09-22 00:20:00
-10.590600,-53.991800,GOES-19,2026-09-22 00:30:00
-10.590600,-53.991800,GOES-19,2026-09-22 00:40:00
-10.590600,-53.991800,GOES-19,2026-09-22 00:50:00
-10.590600,-53.991800,GOES-19,2026-09-22 01:00:00
-10.590600,-53.991800,GOES-19,2026-09-22 01:10:00
-10.590600,-53.991800,GOES-19,2026-09-22 01:20:00
-10.590600,-53.991800,GOES-19,2026-09-22 01:30:00
-10.609400,-53.990200,GOES-19,2026-09-22 00:20:00
-10.609400,-53.990200,GOES-19,2026-09-22 00:30:00
-10.609400,-53.990200,GOES-19,2026-09-22 00:40:00
-10.609400,-53.990200,GOES-19,2026-09-22 00:50:00
-10.609400,-53.990200,GOES-19,2026-09-22 01:00:00
-10.609400,-53.990200,GOES-19,2026-09-22 01:10:00
-10.609400,-53.990200,GOES-19,2026-09-22 01:20:00
-10.609400,-53.990200,GOES-19,2026-09-22 01:30:00
-10.590800,-53.971300,GOES-19,2026-09-22 00:20:00
-10.590800,-53.971300,GOES-19,2026-09-22 00:30:00
-10.590800,-53.971300,GOES-19,2026-09-22 00:40:00
-10.590800,-53.971300,GOES-19,2026-09-22 00:50:00
-10.590800,-53.971300,GOES-19,2026-09-22 01:00:00
-10.590800,-53.971300,GOES-19,2026-09-22 01:10:00
-10.590800,-53.971300,GOES-19,2026-09-22 01:20:00
-10.590800,-53.971300,GOES-19,2026-09-22 01:30:00
-10.609700,-53.969700,GOES-19,2026-09-22 00:20:00
-10.609700,-53.969700,GOES-19,2026-09-22 00:30:00
-10.609700,-53.969700,GOES-19,2026-09-22 00:40:00
-10.609700,-53.969700,GOES-19,2026-09-22 00:50:00
-10.609700,-53.969700,GOES-19,2026-09-22 01:00:00
-10.609700,-53.969700,GOES-19,2026-09-22 01:10:00
-10.609700,-53.969700,GOES-19,2026-09-22 01:20:00
-10.609700,-53.969700,GOES-19,2026-09-22 01:30:00
-10.047600,-53.792300,GOES-19,2026-09-22 18:50:00
-6.078500,-53.954400,GOES-19,2026-09-22 18:40:00
-6.078500,-53.954400,GOES-19,2026-09-22 18:50:00
-6.152800,-53.910300,GOES-19,2026-09-22 15:20:00
-6.152800,-53.910300,GOES-19,2026-09-22 15:30:00
-3.257900,-53.941200,GOES-19,2026-09-22 14:00:00
-3.257900,-53.941200,GOES-19,2026-09-22 14:10:00
-3.257900,-53.941200,GOES-19,2026-09-22 14:20:00
-3.257900,-53.941200,GOES-19,2026-09-22 14:30:00
-3.257900,-53.941200,GOES-19,2026-09-22 14:40:00
-3.257900,-53.941200,GOES-19,2026-09-22 15:40:00
-6.488200,-53.608900,GOES-19,2026-09-22 18:30:00
-6.488200,-53.608900,GOES-19,2026-09-22 18:50:00
-6.488200,-53.608900,GOES-19,2026-09-22 19:00:00
-6.488200,-53.608900,GOES-19,2026-09-22 19:20:00
-6.340400,-53.555900,GOES-19,2026-09-22 14:50:00
-6.175700,-53.279900,GOES-19,2026-09-22 18:20:00
-6.175700,-53.279900,GOES-19,2026-09-22 18:30:00
-3.499900,-53.206900,GOES-19,2026-09-22 18:30:00
-3.499900,-53.206900,GOES-19,2026-09-22 18:40:00
-14.407600,-52.118800,GOES-19,2026-09-22 14:10:00
-14.407600,-52.118800,GOES-19,2026-09-22 14:20:00
-14.349900,-52.105100,GOES-19,2026-09-22 14:00:00
-14.349900,-52.105100,GOES-19,2026-09-22 14:10:00
-14.349900,-52.105100,GOES-19,2026-09-22 14:20:00
-14.369300,-52.102600,GOES-19,2026-09-22 14:10:00
-14.369300,-52.102600,GOES-19,2026-09-22 14:20:00
-14.350300,-52.083800,GOES-19,2026-09-22 14:00:00
-14.350300,-52.083800,GOES-19,2026-09-22 14:10:00
-14.350300,-52.083800,GOES-19,2026-09-22 14:20:00
-14.350300,-52.083800,GOES-19,2026-09-22 14:30:00
-14.369600,-52.081300,GOES-19,2026-09-22 14:10:00
-14.369600,-52.081300,GOES-19,2026-09-22 14:20:00
-6.123700,-52.772100,GOES-19,2026-09-22 18:20:00
-6.123700,-52.772100,GOES-19,2026-09-22 18:30:00
-6.123700,-52.772100,GOES-19,2026-09-22 18:40:00
-6.123700,-52.772100,GOES-19,2026-09-22 18:50:00
-6.123700,-52.772100,GOES-19,2026-09-22 19:00:00
-6.123700,-52.772100,GOES-19,2026-09-22 19:10:00
-6.123700,-52.772100,GOES-19,2026-09-22 19:20:00
-6.123700,-52.772100,GOES-19,2026-09-22 19:30:00
-6.123700,-52.772100,GOES-19,2026-09-22 19:50:00
-6.142200,-52.771100,GOES-19,2026-09-22 18:20:00
-6.142200,-52.771100,GOES-19,2026-09-22 18:30:00
-6.142200,-52.771100,GOES-19,2026-09-22 18:40:00
-6.142200,-52.771100,GOES-19,2026-09-22 18:50:00
-6.142200,-52.771100,GOES-19,2026-09-22 19:00:00
-6.142200,-52.771100,GOES-19,2026-09-22 19:10:00
-6.142200,-52.771100,GOES-19,2026-09-22 19:20:00
-6.123900,-52.751600,GOES-19,2026-09-22 18:40:00
-6.123900,-52.751600,GOES-19,2026-09-22 18:50:00
-6.123900,-52.751600,GOES-19,2026-09-22 19:00:00
-6.123900,-52.751600,GOES-19,2026-09-22 19:10:00
-6.123900,-52.751600,GOES-19,2026-09-22 19:20:00
-6.123900,-52.751600,GOES-19,2026-09-22 19:30:00
-6.123900,-52.751600,GOES-19,2026-09-22 19:50:00
-6.829700,-52.609000,GOES-19,2026-09-22 15:20:00
-13.853900,-51.829100,GOES-19,2026-09-22 13:10:00
-13.853900,-51.829100,GOES-19,2026-09-22 13:20:00
-13.873200,-51.826600,GOES-19,2026-09-22 13:00:00
-13.873200,-51.826600,GOES-19,2026-09-22 13:10:00
-13.873200,-51.826600,GOES-19,2026-09-22 13:20:00
-13.873200,-51.826600,GOES-19,2026-09-22 14:20:00
-6.218500,-52.479700,GOES-19,2026-09-22 18:20:00
-6.218500,-52.479700,GOES-19,2026-09-22 18:30:00
-13.278700,-51.795000,GOES-19,2026-09-22 14:00:00
-13.297900,-51.792600,GOES-19,2026-09-22 14:00:00
-13.279100,-51.773700,GOES-19,2026-09-22 14:00:00
-13.298300,-51.771300,GOES-19,2026-09-22 14:00:00
-5.981700,-51.894900,GOES-19,2026-09-22 18:10:00
-6.000300,-51.893800,GOES-19,2026-09-22 15:00:00
-6.000300,-51.893800,GOES-19,2026-09-22 15:20:00
-3.873800,-51.948000,GOES-19,2026-09-22 18:40:00
-3.873800,-51.948000,GOES-19,2026-09-22 19:30:00
-3.892300,-51.947300,GOES-19,2026-09-22 18:40:00
-3.892300,-51.947300,GOES-19,2026-09-22 19:30:00
-3.892300,-51.947300,GOES-19,2026-09-22 19:40:00
-11.360300,-51.400900,GOES-19,2026-09-22 13:50:00
-11.360300,-51.400900,GOES-19,2026-09-22 14:00:00
-11.360300,-51.400900,GOES-19,2026-09-22 14:10:00
-11.303700,-51.385800,GOES-19,2026-09-22 14:40:00
-11.322600,-51.383800,GOES-19,2026-09-22 13:50:00
-11.322600,-51.383800,GOES-19,2026-09-22 14:00:00
-11.322600,-51.383800,GOES-19,2026-09-22 14:10:00
-11.360600,-51.379700,GOES-19,2026-09-22 13:50:00
-11.360600,-51.379700,GOES-19,2026-09-22 14:00:00
-11.360600,-51.379700,GOES-19,2026-09-22 14:10:00
-11.304000,-51.364600,GOES-19,2026-09-22 13:40:00
-11.304000,-51.364600,GOES-19,2026-09-22 13:50:00
-11.304000,-51.364600,GOES-19,2026-09-22 14:00:00
-11.304000,-51.364600,GOES-19,2026-09-22 14:10:00
-11.304000,-51.364600,GOES-19,2026-09-22 14:20:00
-11.304000,-51.364600,GOES-19,2026-09-22 14:30:00
-11.304000,-51.364600,GOES-19,2026-09-22 18:30:00
-11.304000,-51.364600,GOES-19,2026-09-22 18:40:00
-11.304000,-51.364600,GOES-19,2026-09-22 18:50:00
-11.322900,-51.362600,GOES-19,2026-09-22 13:50:00
-11.322900,-51.362600,GOES-19,2026-09-22 14:00:00
-11.322900,-51.362600,GOES-19,2026-09-22 14:10:00
-11.304300,-51.343400,GOES-19,2026-09-22 14:00:00
-11.304300,-51.343400,GOES-19,2026-09-22 14:20:00
-11.304300,-51.343400,GOES-19,2026-09-22 14:30:00
-11.304300,-51.343400,GOES-19,2026-09-22 15:10:00
-11.304300,-51.343400,GOES-19,2026-09-22 18:40:00
-11.304300,-51.343400,GOES-19,2026-09-22 18:50:00
-11.323200,-51.341400,GOES-19,2026-09-22 13:50:00
-11.323200,-51.341400,GOES-19,2026-09-22 14:00:00
-11.323200,-51.341400,GOES-19,2026-09-22 14:10:00
-8.460800,-51.501300,GOES-19,2026-09-22 18:30:00
-12.947800,-50.941000,GOES-19,2026-09-22 13:20:00
-11.174700,-51.124300,GOES-19,2026-09-22 14:00:00
-11.174700,-51.124300,GOES-19,2026-09-22 14:10:00
-11.174700,-51.124300,GOES-19,2026-09-22 14:30:00
-11.155700,-51.126300,GOES-19,2026-09-22 14:30:00
-12.890600,-50.926700,GOES-19,2026-09-22 13:10:00
-12.890600,-50.926700,GOES-19,2026-09-22 13:20:00
-12.890600,-50.926700,GOES-19,2026-09-22 13:30:00
-12.890600,-50.926700,GOES-19,2026-09-22 13:40:00
-12.890600,-50.926700,GOES-19,2026-09-22 13:50:00
-12.890600,-50.926700,GOES-19,2026-09-22 14:20:00
-12.909800,-50.924300,GOES-19,2026-09-22 13:10:00
-12.909800,-50.924300,GOES-19,2026-09-22 13:20:00
-12.909800,-50.924300,GOES-19,2026-09-22 13:40:00
-12.929000,-50.921900,GOES-19,2026-09-22 13:20:00
-12.948100,-50.919500,GOES-19,2026-09-22 13:20:00
-11.156000,-51.105100,GOES-19,2026-09-22 13:10:00
-11.156000,-51.105100,GOES-19,2026-09-22 13:20:00
-11.156000,-51.105100,GOES-19,2026-09-22 14:00:00
-11.156000,-51.105100,GOES-19,2026-09-22 14:10:00
-11.156000,-51.105100,GOES-19,2026-09-22 14:30:00
-11.175000,-51.103100,GOES-19,2026-09-22 13:10:00
-11.175000,-51.103100,GOES-19,2026-09-22 13:20:00
-11.175000,-51.103100,GOES-19,2026-09-22 14:00:00
-11.175000,-51.103100,GOES-19,2026-09-22 14:10:00
-11.175000,-51.103100,GOES-19,2026-09-22 14:30:00
-11.193900,-51.101100,GOES-19,2026-09-22 13:00:00
-11.193900,-51.101100,GOES-19,2026-09-22 14:10:00
-11.193900,-51.101100,GOES-19,2026-09-22 14:20:00
-11.193900,-51.101100,GOES-19,2026-09-22 14:30:00
-12.814300,-50.914700,GOES-19,2026-09-22 23:40:00
-12.814300,-50.914700,GOES-19,2026-09-22 23:50:00
-12.833500,-50.912400,GOES-19,2026-09-22 23:40:00
-12.833500,-50.912400,GOES-19,2026-09-22 23:50:00
-12.852600,-50.910000,GOES-19,2026-09-22 13:20:00
-12.852600,-50.910000,GOES-19,2026-09-22 13:30:00
-12.852600,-50.910000,GOES-19,2026-09-22 13:40:00
-12.852600,-50.910000,GOES-19,2026-09-22 13:50:00
-12.852600,-50.910000,GOES-19,2026-09-22 14:20:00
-12.891000,-50.905200,GOES-19,2026-09-22 13:10:00
-12.891000,-50.905200,GOES-19,2026-09-22 13:20:00
-12.891000,-50.905200,GOES-19,2026-09-22 13:30:00
-12.891000,-50.905200,GOES-19,2026-09-22 13:40:00
-12.891000,-50.905200,GOES-19,2026-09-22 13:50:00
-12.891000,-50.905200,GOES-19,2026-09-22 14:20:00
-12.910100,-50.902900,GOES-19,2026-09-22 13:00:00
-12.910100,-50.902900,GOES-19,2026-09-22 13:10:00
-12.910100,-50.902900,GOES-19,2026-09-22 13:20:00
-12.910100,-50.902900,GOES-19,2026-09-22 13:40:00
-12.910100,-50.902900,GOES-19,2026-09-22 13:50:00
-12.910100,-50.902900,GOES-19,2026-09-22 14:20:00
-12.910100,-50.902900,GOES-19,2026-09-22 14:30:00
-11.137300,-51.085900,GOES-19,2026-09-22 13:10:00
-11.137300,-51.085900,GOES-19,2026-09-22 13:20:00
-11.137300,-51.085900,GOES-19,2026-09-22 14:50:00
-11.137300,-51.085900,GOES-19,2026-09-22 15:00:00
-11.137300,-51.085900,GOES-19,2026-09-22 18:50:00
-11.156300,-51.083900,GOES-19,2026-09-22 13:10:00
-11.156300,-51.083900,GOES-19,2026-09-22 13:20:00
-11.156300,-51.083900,GOES-19,2026-09-22 14:00:00
-11.156300,-51.083900,GOES-19,2026-09-22 14:10:00
-11.156300,-51.083900,GOES-19,2026-09-22 14:30:00
-11.175300,-51.081900,GOES-19,2026-09-22 13:00:00
-11.175300,-51.081900,GOES-19,2026-09-22 13:10:00
-11.175300,-51.081900,GOES-19,2026-09-22 13:20:00
-11.175300,-51.081900,GOES-19,2026-09-22 13:30:00
-11.175300,-51.081900,GOES-19,2026-09-22 13:40:00
-11.175300,-51.081900,GOES-19,2026-09-22 13:50:00
-11.175300,-51.081900,GOES-19,2026-09-22 14:00:00
-11.175300,-51.081900,GOES-19,2026-09-22 14:10:00
-11.194200,-51.079800,GOES-19,2026-09-22 13:00:00
-11.194200,-51.079800,GOES-19,2026-09-22 14:10:00
-12.795500,-50.895700,GOES-19,2026-09-22 23:40:00
-12.795500,-50.895700,GOES-19,2026-09-22 23:50:00
-12.814700,-50.893300,GOES-19,2026-09-22 23:40:00
-12.814700,-50.893300,GOES-19,2026-09-22 23:50:00
-12.833800,-50.890900,GOES-19,2026-09-22 23:40:00
-12.833800,-50.890900,GOES-19,2026-09-22 23:50:00
-12.853000,-50.888500,GOES-19,2026-09-22 13:20:00
-12.853000,-50.888500,GOES-19,2026-09-22 13:30:00
-12.853000,-50.888500,GOES-19,2026-09-22 13:40:00
-12.853000,-50.888500,GOES-19,2026-09-22 13:50:00
-12.891300,-50.883800,GOES-19,2026-09-22 13:00:00
-12.891300,-50.883800,GOES-19,2026-09-22 13:10:00
-12.891300,-50.883800,GOES-19,2026-09-22 13:20:00
-12.891300,-50.883800,GOES-19,2026-09-22 13:30:00
-12.891300,-50.883800,GOES-19,2026-09-22 13:40:00
-12.891300,-50.883800,GOES-19,2026-09-22 13:50:00
-12.891300,-50.883800,GOES-19,2026-09-22 14:00:00
-12.891300,-50.883800,GOES-19,2026-09-22 14:10:00
-12.891300,-50.883800,GOES-19,2026-09-22 14:20:00
-11.137600,-51.064700,GOES-19,2026-09-22 18:50:00
-11.156600,-51.062600,GOES-19,2026-09-22 13:10:00
-11.156600,-51.062600,GOES-19,2026-09-22 13:20:00
-11.156600,-51.062600,GOES-19,2026-09-22 13:30:00
-11.156600,-51.062600,GOES-19,2026-09-22 13:40:00
-11.156600,-51.062600,GOES-19,2026-09-22 13:50:00
-11.156600,-51.062600,GOES-19,2026-09-22 14:00:00
-11.156600,-51.062600,GOES-19,2026-09-22 14:10:00
-11.156600,-51.062600,GOES-19,2026-09-22 14:20:00
-11.156600,-51.062600,GOES-19,2026-09-22 14:30:00
-11.175500,-51.060600,GOES-19,2026-09-22 13:10:00
-11.175500,-51.060600,GOES-19,2026-09-22 13:20:00
-11.175500,-51.060600,GOES-19,2026-09-22 13:40:00
-11.175500,-51.060600,GOES-19,2026-09-22 13:50:00
-11.175500,-51.060600,GOES-19,2026-09-22 14:00:00
-11.175500,-51.060600,GOES-19,2026-09-22 14:10:00
-11.707600,-51.002400,GOES-19,2026-09-22 14:00:00
-11.726600,-51.000300,GOES-19,2026-09-22 13:50:00
-11.726600,-51.000300,GOES-19,2026-09-22 14:00:00
-11.726600,-51.000300,GOES-19,2026-09-22 14:30:00
-11.745600,-50.998200,GOES-19,2026-09-22 14:00:00
-11.745600,-50.998200,GOES-19,2026-09-22 14:30:00
-11.783700,-50.993900,GOES-19,2026-09-22 22:50:00
-11.783700,-50.993900,GOES-19,2026-09-22 23:00:00
-11.783700,-50.993900,GOES-19,2026-09-22 23:10:00
-11.783700,-50.993900,GOES-19,2026-09-22 23:20:00
-12.795800,-50.874200,GOES-19,2026-09-22 23:40:00
-12.795800,-50.874200,GOES-19,2026-09-22 23:50:00
-12.815000,-50.871800,GOES-19,2026-09-22 23:40:00
-12.815000,-50.871800,GOES-19,2026-09-22 23:50:00
-12.834200,-50.869500,GOES-19,2026-09-22 23:40:00
-12.834200,-50.869500,GOES-19,2026-09-22 23:50:00
-12.853300,-50.867100,GOES-19,2026-09-22 23:50:00
-12.872500,-50.864700,GOES-19,2026-09-22 13:40:00
-12.872500,-50.864700,GOES-19,2026-09-22 13:50:00
-12.872500,-50.864700,GOES-19,2026-09-22 14:00:00
-12.872500,-50.864700,GOES-19,2026-09-22 14:20:00
-12.872500,-50.864700,GOES-19,2026-09-22 23:50:00
-11.707900,-50.981100,GOES-19,2026-09-22 14:00:00
-11.707900,-50.981100,GOES-19,2026-09-22 23:00:00
-11.726900,-50.979000,GOES-19,2026-09-22 13:00:00
-11.726900,-50.979000,GOES-19,2026-09-22 13:20:00
-11.726900,-50.979000,GOES-19,2026-09-22 13:30:00
-11.726900,-50.979000,GOES-19,2026-09-22 13:40:00
-11.726900,-50.979000,GOES-19,2026-09-22 13:50:00
-11.726900,-50.979000,GOES-19,2026-09-22 14:00:00
-11.726900,-50.979000,GOES-19,2026-09-22 14:10:00
-11.726900,-50.979000,GOES-19,2026-09-22 14:20:00
-11.726900,-50.979000,GOES-19,2026-09-22 14:30:00
-11.726900,-50.979000,GOES-19,2026-09-22 23:00:00
-11.745900,-50.976800,GOES-19,2026-09-22 14:00:00
-11.745900,-50.976800,GOES-19,2026-09-22 14:30:00
-11.745900,-50.976800,GOES-19,2026-09-22 22:50:00
-11.745900,-50.976800,GOES-19,2026-09-22 23:00:00
-11.689100,-50.961900,GOES-19,2026-09-22 23:20:00
-11.708200,-50.959800,GOES-19,2026-09-22 13:40:00
-11.708200,-50.959800,GOES-19,2026-09-22 14:00:00
-11.708200,-50.959800,GOES-19,2026-09-22 14:10:00
-11.708200,-50.959800,GOES-19,2026-09-22 23:00:00
-11.708200,-50.959800,GOES-19,2026-09-22 23:10:00
-11.708200,-50.959800,GOES-19,2026-09-22 23:20:00
-11.708200,-50.959800,GOES-19,2026-09-22 23:30:00
-11.708200,-50.959800,GOES-19,2026-09-22 23:40:00
-11.708200,-50.959800,GOES-19,2026-09-22 23:50:00
-11.727200,-50.957700,GOES-19,2026-09-22 13:30:00
-11.727200,-50.957700,GOES-19,2026-09-22 13:40:00
-11.727200,-50.957700,GOES-19,2026-09-22 13:50:00
-11.727200,-50.957700,GOES-19,2026-09-22 14:00:00
-11.727200,-50.957700,GOES-19,2026-09-22 22:50:00
-11.727200,-50.957700,GOES-19,2026-09-22 23:00:00
-11.727200,-50.957700,GOES-19,2026-09-22 23:10:00
-11.727200,-50.957700,GOES-19,2026-09-22 23:20:00
-11.727200,-50.957700,GOES-19,2026-09-22 23:30:00
-11.727200,-50.957700,GOES-19,2026-09-22 23:40:00
-11.727200,-50.957700,GOES-19,2026-09-22 23:50:00
-11.746200,-50.955500,GOES-19,2026-09-22 22:40:00
-11.746200,-50.955500,GOES-19,2026-09-22 22:50:00
-11.746200,-50.955500,GOES-19,2026-09-22 23:00:00
-11.746200,-50.955500,GOES-19,2026-09-22 23:10:00
-11.746200,-50.955500,GOES-19,2026-09-22 23:20:00
-11.746200,-50.955500,GOES-19,2026-09-22 23:40:00
-11.765300,-50.953400,GOES-19,2026-09-22 22:40:00
-11.765300,-50.953400,GOES-19,2026-09-22 22:50:00
-11.765300,-50.953400,GOES-19,2026-09-22 23:00:00
-11.765300,-50.953400,GOES-19,2026-09-22 23:10:00
-11.765300,-50.953400,GOES-19,2026-09-22 23:20:00
-11.765300,-50.953400,GOES-19,2026-09-22 23:30:00
-11.765300,-50.953400,GOES-19,2026-09-22 23:40:00
-11.765300,-50.953400,GOES-19,2026-09-22 23:50:00
-11.708500,-50.938500,GOES-19,2026-09-22 23:00:00
-11.708500,-50.938500,GOES-19,2026-09-22 23:20:00
-11.708500,-50.938500,GOES-19,2026-09-22 23:30:00
-11.708500,-50.938500,GOES-19,2026-09-22 23:40:00
-11.708500,-50.938500,GOES-19,2026-09-22 23:50:00
-11.708800,-50.917200,GOES-19,2026-09-22 23:50:00
-11.727800,-50.915000,GOES-19,2026-09-22 23:40:00
-11.727800,-50.915000,GOES-19,2026-09-22 23:50:00
-11.786500,-50.801800,GOES-19,2026-09-22 13:40:00
-11.729700,-50.786900,GOES-19,2026-09-22 14:50:00
-10.762400,-50.828200,GOES-19,2026-09-22 15:00:00
-10.724800,-50.810900,GOES-19,2026-09-22 15:00:00
-10.743700,-50.808900,GOES-19,2026-09-22 15:00:00
-8.373900,-50.857800,GOES-19,2026-09-22 19:00:00
-10.312900,-50.534100,GOES-19,2026-09-22 13:30:00
-10.312900,-50.534100,GOES-19,2026-09-22 14:00:00
-10.312900,-50.534100,GOES-19,2026-09-22 14:10:00
-10.312900,-50.534100,GOES-19,2026-09-22 14:20:00
-10.312900,-50.534100,GOES-19,2026-09-22 14:30:00
-10.312900,-50.534100,GOES-19,2026-09-22 14:40:00
-10.331800,-50.532200,GOES-19,2026-09-22 14:00:00
-10.331800,-50.532200,GOES-19,2026-09-22 14:50:00
2.568500,-50.993800,GOES-19,2026-09-22 17:30:00
2.568500,-50.993800,GOES-19,2026-09-22 17:40:00
2.458000,-50.975600,GOES-19,2026-09-22 17:30:00
2.458000,-50.975600,GOES-19,2026-09-22 17:40:00
2.458000,-50.975600,GOES-19,2026-09-22 17:50:00
2.458000,-50.975600,GOES-19,2026-09-22 18:00:00
2.458000,-50.975600,GOES-19,2026-09-22 18:10:00
2.071100,-50.963100,GOES-19,2026-09-22 15:20:00
2.071200,-50.942300,GOES-19,2026-09-22 15:20:00
1.979100,-50.944100,GOES-19,2026-09-22 18:00:00
-12.347800,-50.221000,GOES-19,2026-09-22 14:30:00
-12.348100,-50.199400,GOES-19,2026-09-22 14:30:00
-12.367200,-50.197100,GOES-19,2026-09-22 14:30:00
-10.314500,-50.406100,GOES-19,2026-09-22 18:00:00
-12.329300,-50.180200,GOES-19,2026-09-22 14:30:00
-12.348400,-50.177900,GOES-19,2026-09-22 14:30:00
-12.367600,-50.175500,GOES-19,2026-09-22 14:30:00
-12.367600,-50.175500,GOES-19,2026-09-22 23:10:00
-12.386700,-50.173100,GOES-19,2026-09-22 23:10:00
1.997600,-50.881300,GOES-19,2026-09-22 15:00:00
1.997600,-50.881300,GOES-19,2026-09-22 17:40:00
1.979200,-50.881700,GOES-19,2026-09-22 15:20:00
1.979200,-50.881700,GOES-19,2026-09-22 17:40:00
-12.329700,-50.158600,GOES-19,2026-09-22 14:30:00
-12.348800,-50.156300,GOES-19,2026-09-22 13:40:00
-12.348800,-50.156300,GOES-19,2026-09-22 13:50:00
-12.348800,-50.156300,GOES-19,2026-09-22 14:00:00
-12.348800,-50.156300,GOES-19,2026-09-22 14:10:00
-12.348800,-50.156300,GOES-19,2026-09-22 14:20:00
-12.367900,-50.153900,GOES-19,2026-09-22 23:10:00
1.997700,-50.860500,GOES-19,2026-09-22 15:00:00
1.997700,-50.860500,GOES-19,2026-09-22 15:10:00
1.997700,-50.860500,GOES-19,2026-09-22 15:20:00
1.997700,-50.860500,GOES-19,2026-09-22 17:40:00
1.979300,-50.860900,GOES-19,2026-09-22 15:00:00
1.979300,-50.860900,GOES-19,2026-09-22 15:10:00
1.979300,-50.860900,GOES-19,2026-09-22 15:20:00
1.979300,-50.860900,GOES-19,2026-09-22 17:40:00
-10.447500,-50.349900,GOES-19,2026-09-22 14:30:00
-10.428800,-50.330500,GOES-19,2026-09-22 14:10:00
-1.411100,-49.314900,GOES-19,2026-09-22 17:40:00
-11.681500,-50.193200,GOES-19,2026-09-22 14:40:00
-10.430300,-50.223500,GOES-19,2026-09-22 14:10:00
-11.778400,-50.074300,GOES-19,2026-09-22 19:20:00
-12.103000,-50.013900,GOES-19,2026-09-22 13:10:00
-12.103000,-50.013900,GOES-19,2026-09-22 13:20:00
-12.103000,-50.013900,GOES-19,2026-09-22 13:50:00
-12.103000,-50.013900,GOES-19,2026-09-22 14:10:00
-10.260600,-50.198200,GOES-19,2026-09-22 15:00:00
-10.260600,-50.198200,GOES-19,2026-09-22 15:10:00
-10.260600,-50.198200,GOES-19,2026-09-22 16:10:00
-8.323100,-50.354900,GOES-19,2026-09-22 18:20:00
-11.856300,-49.957400,GOES-19,2026-09-22 13:50:00
-11.856300,-49.957400,GOES-19,2026-09-22 14:00:00
-11.856300,-49.957400,GOES-19,2026-09-22 14:20:00
-11.856300,-49.957400,GOES-19,2026-09-22 14:30:00
-11.856300,-49.957400,GOES-19,2026-09-22 14:40:00
-11.856300,-49.957400,GOES-19,2026-09-22 15:00:00
-11.152700,-49.995700,GOES-19,2026-09-22 15:00:00
-11.152700,-49.995700,GOES-19,2026-09-22 15:10:00
-11.152700,-49.995700,GOES-19,2026-09-22 15:30:00
-11.153000,-49.974200,GOES-19,2026-09-22 15:00:00
-2.847000,-50.464800,GOES-19,2026-09-22 14:40:00
-2.847000,-50.464800,GOES-19,2026-09-22 14:50:00
-8.662900,-50.114000,GOES-19,2026-09-22 15:20:00
-9.151800,-50.028000,GOES-19,2026-09-22 14:20:00
-5.827100,-50.211900,GOES-19,2026-09-22 18:20:00
-5.827100,-50.211900,GOES-19,2026-09-22 18:30:00
-5.827100,-50.211900,GOES-19,2026-09-22 18:50:00
-7.168700,-49.977100,GOES-19,2026-09-22 14:30:00
-7.150200,-49.957200,GOES-19,2026-09-22 13:40:00
-8.910600,-49.772300,GOES-19,2026-09-22 18:10:00
-8.910600,-49.772300,GOES-19,2026-09-22 18:30:00
-8.910600,-49.772300,GOES-19,2026-09-22 18:50:00
-8.929400,-49.770600,GOES-19,2026-09-22 18:50:00
-13.423000,-48.947300,GOES-19,2026-09-22 19:20:00
-13.423000,-48.947300,GOES-19,2026-09-22 19:40:00
-13.442300,-48.944500,GOES-19,2026-09-22 19:00:00
-13.442300,-48.944500,GOES-19,2026-09-22 19:10:00
-13.442300,-48.944500,GOES-19,2026-09-22 19:20:00
-13.442300,-48.944500,GOES-19,2026-09-22 19:30:00
-13.442300,-48.944500,GOES-19,2026-09-22 19:40:00
-13.442300,-48.944500,GOES-19,2026-09-22 19:50:00
-2.592000,-49.481600,GOES-19,2026-09-22 19:10:00
-5.388300,-49.282000,GOES-19,2026-09-22 18:30:00
-5.388300,-49.282000,GOES-19,2026-09-22 18:40:00
-5.406900,-49.281000,GOES-19,2026-09-22 18:50:00
-5.406900,-49.281000,GOES-19,2026-09-22 19:20:00
-5.388500,-49.260700,GOES-19,2026-09-22 18:30:00
-5.407100,-49.259600,GOES-19,2026-09-22 18:30:00
-1.411100,-49.314900,GOES-19,2026-09-22 17:50:00
-1.411100,-49.314900,GOES-19,2026-09-22 18:00:00
-0.765500,-49.237200,GOES-19,2026-09-22 18:30:00
-0.765500,-49.237200,GOES-19,2026-09-22 18:40:00
-11.117700,-48.502800,GOES-19,2026-09-22 18:20:00
-11.117700,-48.502800,GOES-19,2026-09-22 18:30:00
-11.117700,-48.502800,GOES-19,2026-09-22 18:40:00
-1.374700,-49.060300,GOES-19,2026-09-22 17:30:00
-23.829100,-64.553600,GOES-19,2026-09-23 03:20:00
-23.829300,-64.533100,GOES-19,2026-09-23 03:20:00
-6.593900,-43.756500,GOES-19,2026-09-23 03:20:00
-6.594100,-43.733300,GOES-19,2026-09-23 03:20:00
-6.612700,-43.754900,GOES-19,2026-09-23 03:20:00
-6.612900,-43.731700,GOES-19,2026-09-23 03:20:00
-6.631500,-43.753300,GOES-19,2026-09-23 03:20:00
-6.631700,-43.730000,GOES-19,2026-09-23 03:20:00
-11.887100,-45.762300,GOES-19,2026-09-23 03:20:00
-3.231300,-46.959600,GOES-19,2026-09-23 03:20:00
-3.231400,-46.937600,GOES-19,2026-09-23 03:20:00
-3.676300,-60.583900,GOES-19,2026-09-23 03:20:00
-3.694600,-60.583500,GOES-19,2026-09-23 03:20:00
-3.694700,-60.564500,GOES-19,2026-09-23 03:20:00
-5.624600,-45.251800,GOES-19,2026-09-23 03:20:00
-5.756700,-45.106700,GOES-19,2026-09-23 03:20:00
-5.775400,-45.105300,GOES-19,2026-09-23 03:20:00
-6.614500,-59.946400,GOES-19,2026-09-23 03:20:00
-6.614600,-59.927200,GOES-19,2026-09-23 03:20:00
-6.614800,-59.908000,GOES-19,2026-09-23 03:20:00
-6.633000,-59.945700,GOES-19,2026-09-23 03:20:00
-6.633100,-59.926500,GOES-19,2026-09-23 03:20:00
-7.881100,-61.177900,GOES-19,2026-09-23 03:20:00
-8.453800,-48.694400,GOES-19,2026-09-23 03:20:00
-8.472600,-48.692700,GOES-19,2026-09-23 03:20:00
-8.916400,-61.495800,GOES-19,2026-09-23 03:20:00
-8.916500,-61.476700,GOES-19,2026-09-23 03:20:00
-8.935000,-61.495000,GOES-19,2026-09-23 03:20:00
-8.935100,-61.475900,GOES-19,2026-09-23 03:20:00
-9.083900,-61.430800,GOES-19,2026-09-23 03:20:00
-9.102400,-61.449100,GOES-19,2026-09-23 03:20:00
-9.102500,-61.429900,GOES-19,2026-09-23 03:20:00
-11.285300,-51.345400,GOES-19,2026-09-23 03:20:00
-11.304000,-51.364600,GOES-19,2026-09-23 03:20:00
-11.304300,-51.343400,GOES-19,2026-09-23 03:20:00
-12.348800,-50.156300,GOES-19,2026-09-23 03:20:00
-12.367600,-50.175500,GOES-19,2026-09-23 03:20:00
-12.367900,-50.153900,GOES-19,2026-09-23 03:20:00