lat,lon,satelite,data
-1.024400,-48.808700,GOES-19,2026-09-21 15:10:00
-1.024400,-48.808700,GOES-19,2026-09-21 15:20:00
-1.024400,-48.808700,GOES-19,2026-09-21 15:30:00
-1.024400,-48.808700,GOES-19,2026-09-21 15:40:00
-1.024400,-48.808700,GOES-19,2026-09-21 15:50:00
-1.024400,-48.808700,GOES-19,2026-09-21 16:00:00
-1.024400,-48.808700,GOES-19,2026-09-21 16:10:00
-1.024400,-48.808700,GOES-19,2026-09-21 16:20:00
-1.024400,-48.808700,GOES-19,2026-09-21 16:30:00
-1.024400,-48.808700,GOES-19,2026-09-21 16:40:00
-1.024400,-48.808700,GOES-19,2026-09-21 16:50:00
-1.024400,-48.808700,GOES-19,2026-09-21 17:20:00
-1.024400,-48.808700,GOES-19,2026-09-21 17:30:00
-1.024400,-48.808700,GOES-19,2026-09-21 17:40:00
-9.417700,-48.297500,GOES-19,2026-09-21 19:00:00
-9.024200,-48.140300,GOES-19,2026-09-21 14:10:00
-9.024200,-48.140300,GOES-19,2026-09-21 14:40:00
-9.024200,-48.140300,GOES-19,2026-09-21 14:50:00
-11.661700,-47.795900,GOES-19,2026-09-21 14:10:00
-9.535300,-47.956900,GOES-19,2026-09-21 15:00:00
-9.535300,-47.956900,GOES-19,2026-09-21 15:10:00
-9.535300,-47.956900,GOES-19,2026-09-21 15:20:00
-9.535300,-47.956900,GOES-19,2026-09-21 16:10:00
-9.535300,-47.956900,GOES-19,2026-09-21 17:30:00
-9.535300,-47.956900,GOES-19,2026-09-21 17:50:00
-9.535300,-47.956900,GOES-19,2026-09-21 18:00:00
-9.554200,-47.954900,GOES-19,2026-09-21 18:00:00
-9.535600,-47.934900,GOES-19,2026-09-21 14:50:00
-9.535600,-47.934900,GOES-19,2026-09-21 15:20:00
-9.386800,-47.774700,GOES-19,2026-09-21 14:40:00
-3.170600,-48.094400,GOES-19,2026-09-21 19:10:00
-3.170600,-48.094400,GOES-19,2026-09-21 19:40:00
-6.796300,-47.896700,GOES-19,2026-09-21 15:20:00
-6.815200,-47.873500,GOES-19,2026-09-21 14:30:00
-6.031400,-47.907100,GOES-19,2026-09-21 18:10:00
-13.246400,-47.035800,GOES-19,2026-09-21 19:10:00
-12.400800,-47.048100,GOES-19,2026-09-21 13:10:00
-12.400800,-47.048100,GOES-19,2026-09-21 13:20:00
-12.400800,-47.048100,GOES-19,2026-09-21 13:30:00
-12.400800,-47.048100,GOES-19,2026-09-21 13:40:00
-12.400800,-47.048100,GOES-19,2026-09-21 13:50:00
-12.400800,-47.048100,GOES-19,2026-09-21 14:00:00
-12.400800,-47.048100,GOES-19,2026-09-21 14:10:00
-12.400800,-47.048100,GOES-19,2026-09-21 14:20:00
-6.986800,-47.510400,GOES-19,2026-09-21 17:50:00
-6.986800,-47.510400,GOES-19,2026-09-21 18:00:00
-6.986800,-47.510400,GOES-19,2026-09-21 18:10:00
-6.986800,-47.510400,GOES-19,2026-09-21 18:20:00
-6.986800,-47.510400,GOES-19,2026-09-21 18:30:00
-6.986800,-47.510400,GOES-19,2026-09-21 18:50:00
-6.987100,-47.488500,GOES-19,2026-09-21 15:20:00
-6.987100,-47.488500,GOES-19,2026-09-21 17:30:00
-6.987100,-47.488500,GOES-19,2026-09-21 17:40:00
-6.987100,-47.488500,GOES-19,2026-09-21 17:50:00
-6.987100,-47.488500,GOES-19,2026-09-21 18:00:00
-6.987300,-47.466500,GOES-19,2026-09-21 15:00:00
-7.550100,-47.332600,GOES-19,2026-09-21 14:40:00
-7.550100,-47.332600,GOES-19,2026-09-21 15:10:00
-11.849100,-46.855600,GOES-19,2026-09-21 19:20:00
-11.868200,-46.852900,GOES-19,2026-09-21 19:20:00
-11.887400,-46.850300,GOES-19,2026-09-21 19:20:00
-6.689100,-47.379700,GOES-19,2026-09-21 19:20:00
-11.830300,-46.835700,GOES-19,2026-09-21 19:20:00
-11.849500,-46.833000,GOES-19,2026-09-21 19:20:00
-11.868600,-46.830400,GOES-19,2026-09-21 11:30:00
-11.868600,-46.830400,GOES-19,2026-09-21 11:40:00
-11.868600,-46.830400,GOES-19,2026-09-21 11:50:00
-11.868600,-46.830400,GOES-19,2026-09-21 12:00:00
-11.868600,-46.830400,GOES-19,2026-09-21 12:10:00
-11.868600,-46.830400,GOES-19,2026-09-21 12:30:00
-11.868600,-46.830400,GOES-19,2026-09-21 13:20:00
-11.868600,-46.830400,GOES-19,2026-09-21 14:20:00
-11.868600,-46.830400,GOES-19,2026-09-21 18:50:00
-11.868600,-46.830400,GOES-19,2026-09-21 19:10:00
-11.868600,-46.830400,GOES-19,2026-09-21 19:30:00
-11.868600,-46.830400,GOES-19,2026-09-21 19:40:00
-5.532300,-47.437200,GOES-19,2026-09-21 14:30:00
-11.830700,-46.813100,GOES-19,2026-09-21 19:20:00
-11.849900,-46.810500,GOES-19,2026-09-21 18:00:00
-11.849900,-46.810500,GOES-19,2026-09-21 19:20:00
-11.869000,-46.807900,GOES-19,2026-09-21 19:00:00
-11.392200,-46.782400,GOES-19,2026-09-21 19:50:00
-11.392500,-46.759800,GOES-19,2026-09-21 18:20:00
-11.392500,-46.759800,GOES-19,2026-09-21 18:50:00
-11.392500,-46.759800,GOES-19,2026-09-21 19:20:00
-11.392500,-46.759800,GOES-19,2026-09-21 19:40:00
-8.511100,-47.023900,GOES-19,2026-09-21 17:50:00
-11.052100,-46.602000,GOES-19,2026-09-21 18:50:00
-11.052100,-46.602000,GOES-19,2026-09-21 19:00:00
-7.743600,-46.785100,GOES-19,2026-09-21 15:10:00
-7.743600,-46.785100,GOES-19,2026-09-21 18:00:00
-10.751700,-46.347800,GOES-19,2026-09-21 15:00:00
-14.668200,-45.679800,GOES-19,2026-09-21 12:20:00
-14.668200,-45.679800,GOES-19,2026-09-21 12:30:00
-14.668200,-45.679800,GOES-19,2026-09-21 12:50:00
-14.668200,-45.679800,GOES-19,2026-09-21 14:40:00
-14.668200,-45.679800,GOES-19,2026-09-21 14:50:00
-14.668200,-45.679800,GOES-19,2026-09-21 15:00:00
-14.668200,-45.679800,GOES-19,2026-09-21 15:10:00
-12.555600,-45.914700,GOES-19,2026-09-21 19:10:00
-12.555600,-45.914700,GOES-19,2026-09-21 19:20:00
-12.555600,-45.914700,GOES-19,2026-09-21 19:30:00
-12.555600,-45.914700,GOES-19,2026-09-21 19:40:00
-4.328500,-46.647400,GOES-19,2026-09-21 19:20:00
-4.328500,-46.647400,GOES-19,2026-09-21 19:30:00
-4.328500,-46.647400,GOES-19,2026-09-21 19:40:00
-4.328500,-46.647400,GOES-19,2026-09-21 19:50:00
-9.275900,-46.185200,GOES-19,2026-09-21 23:40:00
-9.276200,-46.162700,GOES-19,2026-09-21 23:40:00
-9.295100,-46.160600,GOES-19,2026-09-21 23:40:00
-9.276500,-46.140100,GOES-19,2026-09-21 23:40:00
-13.895200,-45.491300,GOES-19,2026-09-21 11:40:00
-13.895200,-45.491300,GOES-19,2026-09-21 11:50:00
-13.895200,-45.491300,GOES-19,2026-09-21 12:00:00
-13.895200,-45.491300,GOES-19,2026-09-21 12:10:00
-13.895200,-45.491300,GOES-19,2026-09-21 12:20:00
-13.895200,-45.491300,GOES-19,2026-09-21 12:30:00
-13.895200,-45.491300,GOES-19,2026-09-21 12:40:00
-13.895200,-45.491300,GOES-19,2026-09-21 12:50:00
-13.895200,-45.491300,GOES-19,2026-09-21 13:00:00
-13.895200,-45.491300,GOES-19,2026-09-21 13:10:00
-13.895200,-45.491300,GOES-19,2026-09-21 13:20:00
-13.895200,-45.491300,GOES-19,2026-09-21 13:30:00
-13.895200,-45.491300,GOES-19,2026-09-21 13:40:00
-13.895200,-45.491300,GOES-19,2026-09-21 13:50:00
-13.895200,-45.491300,GOES-19,2026-09-21 14:00:00
-13.895200,-45.491300,GOES-19,2026-09-21 14:10:00
-13.895200,-45.491300,GOES-19,2026-09-21 14:20:00
-13.895700,-45.468100,GOES-19,2026-09-21 11:30:00
-13.895700,-45.468100,GOES-19,2026-09-21 11:40:00
-13.895700,-45.468100,GOES-19,2026-09-21 11:50:00
-13.895700,-45.468100,GOES-19,2026-09-21 12:00:00
-13.895700,-45.468100,GOES-19,2026-09-21 12:10:00
-13.895700,-45.468100,GOES-19,2026-09-21 12:20:00
-13.895700,-45.468100,GOES-19,2026-09-21 12:30:00
-13.895700,-45.468100,GOES-19,2026-09-21 12:40:00
-10.095100,-45.819000,GOES-19,2026-09-21 14:00:00
-10.095100,-45.819000,GOES-19,2026-09-21 14:10:00
-8.316900,-45.970900,GOES-19,2026-09-21 15:10:00
-9.963400,-45.744200,GOES-19,2026-09-21 14:30:00
-8.751700,-45.858700,GOES-19,2026-09-21 14:50:00
-8.751700,-45.858700,GOES-19,2026-09-21 15:10:00
-8.412600,-45.848600,GOES-19,2026-09-21 14:00:00
-8.412600,-45.848600,GOES-19,2026-09-21 15:10:00
-8.412600,-45.848600,GOES-19,2026-09-21 18:10:00
-10.270400,-45.524400,GOES-19,2026-09-21 18:50:00
-11.434900,-45.368900,GOES-19,2026-09-21 13:40:00
-11.434900,-45.368900,GOES-19,2026-09-21 13:50:00
-6.497600,-45.885500,GOES-19,2026-09-21 14:50:00
-12.609700,-45.077900,GOES-19,2026-09-21 19:00:00
-12.609700,-45.077900,GOES-19,2026-09-21 19:10:00
-12.609700,-45.077900,GOES-19,2026-09-21 19:20:00
-9.588500,-45.470700,GOES-19,2026-09-21 15:00:00
-5.321500,-45.789800,GOES-19,2026-09-21 19:10:00
-5.546100,-45.707700,GOES-19,2026-09-21 15:00:00
-5.546100,-45.707700,GOES-19,2026-09-21 15:10:00
-5.564800,-45.706500,GOES-19,2026-09-21 15:00:00
-5.564800,-45.706500,GOES-19,2026-09-21 15:10:00
-5.565000,-45.684000,GOES-19,2026-09-21 15:00:00
-5.565000,-45.684000,GOES-19,2026-09-21 15:20:00
-8.814600,-45.376200,GOES-19,2026-09-21 17:50:00
-6.575600,-45.564500,GOES-19,2026-09-21 12:40:00
-6.575600,-45.564500,GOES-19,2026-09-21 13:30:00
-6.575600,-45.564500,GOES-19,2026-09-21 13:40:00
-6.575600,-45.564500,GOES-19,2026-09-21 13:50:00
-6.575600,-45.564500,GOES-19,2026-09-21 14:00:00
-6.575600,-45.564500,GOES-19,2026-09-21 14:20:00
-6.575600,-45.564500,GOES-19,2026-09-21 14:40:00
-6.575600,-45.564500,GOES-19,2026-09-21 14:50:00
-6.575600,-45.564500,GOES-19,2026-09-21 15:10:00
-6.575600,-45.564500,GOES-19,2026-09-21 15:20:00
-6.575600,-45.564500,GOES-19,2026-09-21 15:30:00
-6.575600,-45.564500,GOES-19,2026-09-21 15:40:00
-6.575600,-45.564500,GOES-19,2026-09-21 15:50:00
-6.575600,-45.564500,GOES-19,2026-09-21 16:30:00
-6.575600,-45.564500,GOES-19,2026-09-21 16:40:00
-6.838300,-45.520500,GOES-19,2026-09-21 13:20:00
-6.838300,-45.520500,GOES-19,2026-09-21 14:00:00
-4.055500,-45.682200,GOES-19,2026-09-21 14:30:00
-4.055500,-45.682200,GOES-19,2026-09-21 14:40:00
-4.055500,-45.682200,GOES-19,2026-09-21 14:50:00
-4.055500,-45.682200,GOES-19,2026-09-21 15:00:00
-5.584400,-45.592800,GOES-19,2026-09-21 18:50:00
-6.557300,-45.520900,GOES-19,2026-09-21 13:00:00
-6.557300,-45.520900,GOES-19,2026-09-21 15:00:00
-5.904600,-45.299700,GOES-19,2026-09-21 13:50:00
-7.409000,-44.811400,GOES-19,2026-09-21 11:30:00
-5.904600,-45.299700,GOES-19,2026-09-21 14:00:00
-5.904600,-45.299700,GOES-19,2026-09-21 14:10:00
-8.745600,-44.881500,GOES-19,2026-09-21 15:10:00
-4.953300,-45.160000,GOES-19,2026-09-21 21:40:00
-3.723200,-45.225900,GOES-19,2026-09-21 19:30:00
-5.981200,-45.090300,GOES-19,2026-09-21 14:00:00
-5.981200,-45.090300,GOES-19,2026-09-21 14:40:00
-5.756700,-45.106700,GOES-19,2026-09-21 20:40:00
-5.756700,-45.106700,GOES-19,2026-09-21 20:50:00
-5.756700,-45.106700,GOES-19,2026-09-21 21:40:00
-5.756700,-45.106700,GOES-19,2026-09-21 21:50:00
-5.756700,-45.106700,GOES-19,2026-09-21 22:50:00
-5.756700,-45.106700,GOES-19,2026-09-21 23:00:00
-5.756700,-45.106700,GOES-19,2026-09-21 23:10:00
-5.756700,-45.106700,GOES-19,2026-09-21 23:20:00
-5.756700,-45.106700,GOES-19,2026-09-21 23:50:00
-4.953500,-45.137400,GOES-19,2026-09-21 21:40:00
-5.756900,-45.084000,GOES-19,2026-09-21 20:40:00
-5.756900,-45.084000,GOES-19,2026-09-21 20:50:00
-5.756900,-45.084000,GOES-19,2026-09-21 21:40:00
-5.756900,-45.084000,GOES-19,2026-09-21 21:50:00
-5.756900,-45.084000,GOES-19,2026-09-21 22:50:00
-5.756900,-45.084000,GOES-19,2026-09-21 23:00:00
-5.756900,-45.084000,GOES-19,2026-09-21 23:10:00
-5.756900,-45.084000,GOES-19,2026-09-21 23:20:00
-5.756900,-45.084000,GOES-19,2026-09-21 23:50:00
-5.981500,-45.067600,GOES-19,2026-09-21 12:30:00
-5.981500,-45.067600,GOES-19,2026-09-21 14:00:00
-5.981500,-45.067600,GOES-19,2026-09-21 14:40:00
-6.000200,-45.066200,GOES-19,2026-09-21 12:30:00
-12.799500,-44.230800,GOES-19,2026-09-21 14:00:00
-12.799500,-44.230800,GOES-19,2026-09-21 14:10:00
-12.818800,-44.227600,GOES-19,2026-09-21 14:00:00
-12.818800,-44.227600,GOES-19,2026-09-21 15:30:00
-12.800000,-44.207300,GOES-19,2026-09-21 14:00:00
-12.800000,-44.207300,GOES-19,2026-09-21 14:10:00
-12.800000,-44.207300,GOES-19,2026-09-21 14:20:00
-12.800000,-44.207300,GOES-19,2026-09-21 17:30:00
-12.800000,-44.207300,GOES-19,2026-09-21 18:00:00
-12.819300,-44.204100,GOES-19,2026-09-21 14:00:00
-12.819300,-44.204100,GOES-19,2026-09-21 14:10:00
-12.819300,-44.204100,GOES-19,2026-09-21 15:00:00
-12.819300,-44.204100,GOES-19,2026-09-21 15:10:00
-12.838700,-44.200800,GOES-19,2026-09-21 14:20:00
-12.838700,-44.200800,GOES-19,2026-09-21 14:30:00
-12.838700,-44.200800,GOES-19,2026-09-21 15:10:00
-6.525700,-44.934200,GOES-19,2026-09-21 15:10:00
-6.544400,-44.932700,GOES-19,2026-09-21 15:10:00
-8.332000,-44.765600,GOES-19,2026-09-21 13:50:00
-8.332000,-44.765600,GOES-19,2026-09-21 14:00:00
-8.332000,-44.765600,GOES-19,2026-09-21 14:10:00
-8.332000,-44.765600,GOES-19,2026-09-21 14:20:00
-8.332000,-44.765600,GOES-19,2026-09-21 14:30:00
-6.544600,-44.909900,GOES-19,2026-09-21 13:30:00
-6.544600,-44.909900,GOES-19,2026-09-21 13:50:00
-6.544600,-44.909900,GOES-19,2026-09-21 14:00:00
-6.544600,-44.909900,GOES-19,2026-09-21 14:10:00
-6.544600,-44.909900,GOES-19,2026-09-21 14:20:00
-6.544600,-44.909900,GOES-19,2026-09-21 14:30:00
-6.544600,-44.909900,GOES-19,2026-09-21 14:40:00
-6.544600,-44.909900,GOES-19,2026-09-21 14:50:00
-6.544600,-44.909900,GOES-19,2026-09-21 15:00:00
-6.544600,-44.909900,GOES-19,2026-09-21 15:10:00
-6.544600,-44.909900,GOES-19,2026-09-21 15:20:00
-6.544600,-44.909900,GOES-19,2026-09-21 15:30:00
-6.544600,-44.909900,GOES-19,2026-09-21 15:50:00
-6.544600,-44.909900,GOES-19,2026-09-21 16:00:00
-6.544600,-44.909900,GOES-19,2026-09-21 16:40:00
-6.544600,-44.909900,GOES-19,2026-09-21 17:20:00
-6.563400,-44.908400,GOES-19,2026-09-21 15:10:00
-7.408700,-44.834300,GOES-19,2026-09-21 13:20:00
-8.332300,-44.742600,GOES-19,2026-09-21 14:20:00
-8.332300,-44.742600,GOES-19,2026-09-21 14:30:00
-8.332300,-44.742600,GOES-19,2026-09-21 14:40:00
-16.568300,-43.401500,GOES-19,2026-09-21 14:30:00
-7.409000,-44.811400,GOES-19,2026-09-21 11:00:00
-7.409000,-44.811400,GOES-19,2026-09-21 12:20:00
-7.409000,-44.811400,GOES-19,2026-09-21 12:30:00
-7.409000,-44.811400,GOES-19,2026-09-21 12:40:00
-7.409000,-44.811400,GOES-19,2026-09-21 12:50:00
-7.409000,-44.811400,GOES-19,2026-09-21 13:00:00
-7.409000,-44.811400,GOES-19,2026-09-21 13:10:00
-7.409000,-44.811400,GOES-19,2026-09-21 13:20:00
-7.409000,-44.811400,GOES-19,2026-09-21 13:30:00
-7.409000,-44.811400,GOES-19,2026-09-21 13:40:00
-7.409000,-44.811400,GOES-19,2026-09-21 13:50:00
-7.409000,-44.811400,GOES-19,2026-09-21 14:00:00
-7.409000,-44.811400,GOES-19,2026-09-21 14:10:00
-7.409000,-44.811400,GOES-19,2026-09-21 14:20:00
-7.409000,-44.811400,GOES-19,2026-09-21 14:30:00
-6.526100,-44.888700,GOES-19,2026-09-21 17:50:00
-6.544900,-44.887100,GOES-19,2026-09-21 15:10:00
-16.569000,-43.377100,GOES-19,2026-09-21 14:10:00
-16.569000,-43.377100,GOES-19,2026-09-21 14:20:00
-16.569000,-43.377100,GOES-19,2026-09-21 14:30:00
-7.390400,-44.790300,GOES-19,2026-09-21 14:20:00
-6.526300,-44.865900,GOES-19,2026-09-21 14:40:00
-6.526300,-44.865900,GOES-19,2026-09-21 14:50:00
-6.545100,-44.864300,GOES-19,2026-09-21 15:10:00
-6.489700,-44.777600,GOES-19,2026-09-21 14:00:00
-6.978000,-44.713300,GOES-19,2026-09-21 13:30:00
-6.978000,-44.713300,GOES-19,2026-09-21 15:10:00
-6.996800,-44.711700,GOES-19,2026-09-21 12:50:00
-6.996800,-44.711700,GOES-19,2026-09-21 13:20:00
-6.996800,-44.711700,GOES-19,2026-09-21 13:30:00
-6.996800,-44.711700,GOES-19,2026-09-21 13:40:00
-6.996800,-44.711700,GOES-19,2026-09-21 13:50:00
-6.996800,-44.711700,GOES-19,2026-09-21 14:00:00
-6.996800,-44.711700,GOES-19,2026-09-21 15:10:00
-6.978300,-44.690400,GOES-19,2026-09-21 13:30:00
-5.984600,-44.726100,GOES-19,2026-09-21 13:00:00
-5.984600,-44.726100,GOES-19,2026-09-21 13:10:00
-5.984600,-44.726100,GOES-19,2026-09-21 13:20:00
-5.984600,-44.726100,GOES-19,2026-09-21 13:40:00
-5.984600,-44.726100,GOES-19,2026-09-21 13:50:00
-5.984600,-44.726100,GOES-19,2026-09-21 14:00:00
-5.984600,-44.726100,GOES-19,2026-09-21 14:10:00
-5.984600,-44.726100,GOES-19,2026-09-21 14:20:00
-5.984600,-44.726100,GOES-19,2026-09-21 14:30:00
-5.984600,-44.726100,GOES-19,2026-09-21 14:40:00
-5.984600,-44.726100,GOES-19,2026-09-21 14:50:00
-5.984600,-44.726100,GOES-19,2026-09-21 15:10:00
-6.454000,-44.597800,GOES-19,2026-09-21 14:50:00
-8.109800,-44.444100,GOES-19,2026-09-21 18:00:00
-8.109800,-44.444100,GOES-19,2026-09-21 19:10:00
-8.109800,-44.444100,GOES-19,2026-09-21 19:40:00
-11.305800,-43.996300,GOES-19,2026-09-21 19:10:00
-11.305800,-43.996300,GOES-19,2026-09-21 19:20:00
-11.305800,-43.996300,GOES-19,2026-09-21 19:30:00
-3.856600,-44.698800,GOES-19,2026-09-21 18:30:00
-8.091800,-44.376900,GOES-19,2026-09-21 18:50:00
-8.772300,-44.303100,GOES-19,2026-09-21 13:50:00
-8.791200,-44.301000,GOES-19,2026-09-21 13:50:00
-8.753700,-44.282100,GOES-19,2026-09-21 13:50:00
-8.772600,-44.280000,GOES-19,2026-09-21 13:50:00
-8.791600,-44.277800,GOES-19,2026-09-21 13:00:00
-8.791600,-44.277800,GOES-19,2026-09-21 13:10:00
-8.791600,-44.277800,GOES-19,2026-09-21 13:20:00
-8.791600,-44.277800,GOES-19,2026-09-21 13:30:00
-8.791600,-44.277800,GOES-19,2026-09-21 13:40:00
-8.791600,-44.277800,GOES-19,2026-09-21 13:50:00
-8.791600,-44.277800,GOES-19,2026-09-21 14:00:00
-8.791600,-44.277800,GOES-19,2026-09-21 14:10:00
-8.791600,-44.277800,GOES-19,2026-09-21 14:20:00
-8.791600,-44.277800,GOES-19,2026-09-21 14:30:00
-8.791600,-44.277800,GOES-19,2026-09-21 14:40:00
-8.791600,-44.277800,GOES-19,2026-09-21 14:50:00
-8.772900,-44.256800,GOES-19,2026-09-21 13:50:00
-8.791900,-44.254600,GOES-19,2026-09-21 13:50:00
-8.791900,-44.254600,GOES-19,2026-09-21 14:10:00
-8.791900,-44.254600,GOES-19,2026-09-21 14:30:00
-8.791900,-44.254600,GOES-19,2026-09-21 14:40:00
-8.791900,-44.254600,GOES-19,2026-09-21 17:40:00
-8.791900,-44.254600,GOES-19,2026-09-21 17:50:00
-8.791900,-44.254600,GOES-19,2026-09-21 18:00:00
-9.610800,-43.947700,GOES-19,2026-09-21 14:10:00
-9.610800,-43.947700,GOES-19,2026-09-21 14:20:00
-9.610800,-43.947700,GOES-19,2026-09-21 14:30:00
-9.610800,-43.947700,GOES-19,2026-09-21 14:40:00
-9.629800,-43.945300,GOES-19,2026-09-21 14:30:00
-9.629800,-43.945300,GOES-19,2026-09-21 14:40:00
-9.629800,-43.945300,GOES-19,2026-09-21 14:50:00
-9.629800,-43.945300,GOES-19,2026-09-21 18:30:00
-9.629800,-43.945300,GOES-19,2026-09-21 19:20:00
-9.629800,-43.945300,GOES-19,2026-09-21 19:40:00
-9.611100,-43.924300,GOES-19,2026-09-21 13:10:00
-9.611100,-43.924300,GOES-19,2026-09-21 13:20:00
-9.611100,-43.924300,GOES-19,2026-09-21 13:30:00
-9.611100,-43.924300,GOES-19,2026-09-21 13:40:00
-9.611100,-43.924300,GOES-19,2026-09-21 13:50:00
-9.611100,-43.924300,GOES-19,2026-09-21 14:00:00
-9.611100,-43.924300,GOES-19,2026-09-21 14:10:00
-9.611100,-43.924300,GOES-19,2026-09-21 17:40:00
-9.611100,-43.924300,GOES-19,2026-09-21 17:50:00
-9.611100,-43.924300,GOES-19,2026-09-21 18:00:00
-9.630200,-43.921900,GOES-19,2026-09-21 13:20:00
-9.630200,-43.921900,GOES-19,2026-09-21 13:30:00
-9.630200,-43.921900,GOES-19,2026-09-21 13:40:00
-9.630200,-43.921900,GOES-19,2026-09-21 13:50:00
-9.630200,-43.921900,GOES-19,2026-09-21 14:00:00
-9.630200,-43.921900,GOES-19,2026-09-21 14:10:00
-9.630200,-43.921900,GOES-19,2026-09-21 14:20:00
-9.630200,-43.921900,GOES-19,2026-09-21 14:30:00
-9.630200,-43.921900,GOES-19,2026-09-21 17:50:00
-9.630200,-43.921900,GOES-19,2026-09-21 18:00:00
-9.630200,-43.921900,GOES-19,2026-09-21 18:10:00
-9.630200,-43.921900,GOES-19,2026-09-21 18:20:00
-9.630200,-43.921900,GOES-19,2026-09-21 18:30:00
-9.630200,-43.921900,GOES-19,2026-09-21 18:50:00
-9.630200,-43.921900,GOES-19,2026-09-21 19:00:00
-9.630200,-43.921900,GOES-19,2026-09-21 19:10:00
-9.630200,-43.921900,GOES-19,2026-09-21 19:20:00
-9.630200,-43.921900,GOES-19,2026-09-21 19:30:00
-9.630200,-43.921900,GOES-19,2026-09-21 19:40:00
-6.589800,-44.150000,GOES-19,2026-09-21 20:20:00
-6.589800,-44.150000,GOES-19,2026-09-21 20:30:00
-6.589800,-44.150000,GOES-19,2026-09-21 20:50:00
-6.571000,-44.151600,GOES-19,2026-09-21 20:20:00
-6.571000,-44.151600,GOES-19,2026-09-21 20:30:00
-6.571000,-44.151600,GOES-19,2026-09-21 20:50:00
-8.417700,-43.971800,GOES-19,2026-09-21 18:00:00
-8.418000,-43.948600,GOES-19,2026-09-21 18:20:00
-11.679300,-43.468400,GOES-19,2026-09-21 14:20:00
-11.679300,-43.468400,GOES-19,2026-09-21 18:50:00
-11.699000,-43.441600,GOES-19,2026-09-21 14:20:00
-11.641300,-43.450600,GOES-19,2026-09-21 18:50:00
-11.660500,-43.447600,GOES-19,2026-09-21 18:50:00
-11.679800,-43.444600,GOES-19,2026-09-21 18:50:00
-11.660900,-43.423900,GOES-19,2026-09-21 18:50:00
-11.680200,-43.420900,GOES-19,2026-09-21 18:50:00
-7.720600,-43.906000,GOES-19,2026-09-21 14:20:00
-7.720600,-43.906000,GOES-19,2026-09-21 14:50:00
-7.720600,-43.906000,GOES-19,2026-09-21 15:10:00
-7.739500,-43.904100,GOES-19,2026-09-21 13:50:00
-7.739500,-43.904100,GOES-19,2026-09-21 14:00:00
-7.739500,-43.904100,GOES-19,2026-09-21 14:10:00
-7.739500,-43.904100,GOES-19,2026-09-21 14:20:00
-7.739800,-43.880900,GOES-19,2026-09-21 13:20:00
-7.739800,-43.880900,GOES-19,2026-09-21 13:50:00
-7.739800,-43.880900,GOES-19,2026-09-21 14:00:00
-7.739800,-43.880900,GOES-19,2026-09-21 14:10:00
-5.805200,-43.867000,GOES-19,2026-09-21 15:10:00
-5.805200,-43.867000,GOES-19,2026-09-21 17:40:00
-5.805200,-43.867000,GOES-19,2026-09-21 17:50:00
-5.823900,-43.865600,GOES-19,2026-09-21 12:20:00
-5.823900,-43.865600,GOES-19,2026-09-21 12:40:00
-5.823900,-43.865600,GOES-19,2026-09-21 12:50:00
-5.823900,-43.865600,GOES-19,2026-09-21 13:00:00
-5.823900,-43.865600,GOES-19,2026-09-21 13:40:00
-5.823900,-43.865600,GOES-19,2026-09-21 14:00:00
-5.823900,-43.865600,GOES-19,2026-09-21 14:10:00
-5.823900,-43.865600,GOES-19,2026-09-21 14:20:00
-5.823900,-43.865600,GOES-19,2026-09-21 14:30:00
-5.823900,-43.865600,GOES-19,2026-09-21 14:40:00
-5.823900,-43.865600,GOES-19,2026-09-21 14:50:00
-5.823900,-43.865600,GOES-19,2026-09-21 15:00:00
-5.823900,-43.865600,GOES-19,2026-09-21 15:10:00
-5.823900,-43.865600,GOES-19,2026-09-21 15:20:00
-5.823900,-43.865600,GOES-19,2026-09-21 17:50:00
-5.823900,-43.865600,GOES-19,2026-09-21 18:00:00
-5.842700,-43.864100,GOES-19,2026-09-21 12:10:00
-5.842700,-43.864100,GOES-19,2026-09-21 12:20:00
-5.842700,-43.864100,GOES-19,2026-09-21 12:30:00
-5.842700,-43.864100,GOES-19,2026-09-21 12:40:00
-5.842700,-43.864100,GOES-19,2026-09-21 12:50:00
-5.842700,-43.864100,GOES-19,2026-09-21 13:00:00
-5.842700,-43.864100,GOES-19,2026-09-21 13:20:00
-5.842700,-43.864100,GOES-19,2026-09-21 13:50:00
-5.842700,-43.864100,GOES-19,2026-09-21 14:00:00
-5.842700,-43.864100,GOES-19,2026-09-21 14:40:00
-5.842900,-43.841000,GOES-19,2026-09-21 12:20:00
-5.842900,-43.841000,GOES-19,2026-09-21 12:40:00
-5.842900,-43.841000,GOES-19,2026-09-21 12:50:00
-5.842900,-43.841000,GOES-19,2026-09-21 13:00:00
-6.819500,-43.736600,GOES-19,2026-09-21 14:40:00
-5.750200,-43.732300,GOES-19,2026-09-21 14:10:00
-5.750200,-43.732300,GOES-19,2026-09-21 14:20:00
-5.750200,-43.732300,GOES-19,2026-09-21 14:30:00
-5.750200,-43.732300,GOES-19,2026-09-21 14:40:00
-5.750200,-43.732300,GOES-19,2026-09-21 14:50:00
-5.750200,-43.732300,GOES-19,2026-09-21 15:00:00
-5.750200,-43.732300,GOES-19,2026-09-21 15:10:00
-5.750200,-43.732300,GOES-19,2026-09-21 15:20:00
-11.711500,-42.772700,GOES-19,2026-09-21 14:00:00
-11.711900,-42.748700,GOES-19,2026-09-21 14:00:00
-5.603400,-43.394800,GOES-19,2026-09-21 14:30:00
-4.389700,-43.056200,GOES-19,2026-09-21 14:40:00
-4.389700,-43.056200,GOES-19,2026-09-21 14:50:00
-4.408400,-43.055100,GOES-19,2026-09-21 14:40:00
-4.408400,-43.055100,GOES-19,2026-09-21 14:50:00
-4.408400,-43.055100,GOES-19,2026-09-21 15:00:00
-4.389800,-43.032800,GOES-19,2026-09-21 14:40:00
-4.389800,-43.032800,GOES-19,2026-09-21 14:50:00
-5.382500,-42.943600,GOES-19,2026-09-21 19:50:00
-5.158100,-42.889300,GOES-19,2026-09-21 18:00:00
-5.158100,-42.889300,GOES-19,2026-09-21 18:20:00
-14.528100,-41.568100,GOES-19,2026-09-21 14:50:00
-14.528100,-41.568100,GOES-19,2026-09-21 15:00:00
-3.326600,-42.784100,GOES-19,2026-09-21 13:40:00
-3.326600,-42.784100,GOES-19,2026-09-21 13:50:00
-3.326600,-42.784100,GOES-19,2026-09-21 14:00:00
-3.326600,-42.784100,GOES-19,2026-09-21 14:10:00
-3.326600,-42.784100,GOES-19,2026-09-21 14:20:00
-3.326600,-42.784100,GOES-19,2026-09-21 14:30:00
-3.326600,-42.784100,GOES-19,2026-09-21 14:50:00
-14.874700,-41.020200,GOES-19,2026-09-21 13:50:00
-14.874700,-41.020200,GOES-19,2026-09-21 14:10:00
-3.216300,-42.459700,GOES-19,2026-09-21 13:40:00
-3.216300,-42.459700,GOES-19,2026-09-21 14:00:00
-3.216300,-42.459700,GOES-19,2026-09-21 14:10:00
-3.216300,-42.459700,GOES-19,2026-09-21 14:30:00
-3.216300,-42.459700,GOES-19,2026-09-21 14:50:00
-14.503300,-40.976200,GOES-19,2026-09-21 13:30:00
-14.503900,-40.951000,GOES-19,2026-09-21 12:40:00
-14.503900,-40.951000,GOES-19,2026-09-21 13:30:00
-14.784200,-40.713900,GOES-19,2026-09-21 13:20:00
-14.784200,-40.713900,GOES-19,2026-09-21 13:30:00
-14.784200,-40.713900,GOES-19,2026-09-21 13:40:00
-6.239600,-41.663400,GOES-19,2026-09-21 15:40:00
-6.239600,-41.663400,GOES-19,2026-09-21 18:00:00
-6.239900,-41.639400,GOES-19,2026-09-21 18:10:00
-6.239900,-41.639400,GOES-19,2026-09-21 18:50:00
-3.565200,-40.327400,GOES-19,2026-09-21 14:10:00
-6.588000,-39.145900,GOES-19,2026-09-21 18:50:00
-6.914800,-38.731000,GOES-19,2026-09-21 13:20:00
-6.914800,-38.731000,GOES-19,2026-09-21 13:30:00
-6.914800,-38.731000,GOES-19,2026-09-21 13:50:00
-6.933800,-38.728900,GOES-19,2026-09-21 12:30:00
-6.933800,-38.728900,GOES-19,2026-09-21 12:40:00
-6.933800,-38.728900,GOES-19,2026-09-21 13:00:00
-6.933800,-38.728900,GOES-19,2026-09-21 13:20:00
-7.976500,-37.492500,GOES-19,2026-09-21 14:40:00
-7.976500,-37.492500,GOES-19,2026-09-21 14:50:00
-6.390200,-35.045400,GOES-19,2026-09-21 13:20:00
-6.390200,-35.045400,GOES-19,2026-09-21 13:30:00
-7.491800,-73.553800,GOES-19,2026-09-21 17:50:00
-7.436700,-73.517600,GOES-19,2026-09-21 17:40:00
-7.436700,-73.517600,GOES-19,2026-09-21 17:50:00
-7.436700,-73.517600,GOES-19,2026-09-21 18:00:00
-7.436700,-73.517600,GOES-19,2026-09-21 18:10:00
-7.436700,-73.517600,GOES-19,2026-09-21 18:20:00
-7.436700,-73.517600,GOES-19,2026-09-21 18:50:00
-7.436700,-73.517600,GOES-19,2026-09-21 19:40:00
-7.455200,-73.426500,GOES-19,2026-09-21 17:50:00
-7.822800,-73.406700,GOES-19,2026-09-21 17:40:00
-7.822800,-73.406700,GOES-19,2026-09-21 18:10:00
-7.822800,-73.406700,GOES-19,2026-09-21 18:30:00
-7.804400,-73.388500,GOES-19,2026-09-21 18:10:00
-7.822800,-73.388500,GOES-19,2026-09-21 18:10:00
-7.822800,-73.388500,GOES-19,2026-09-21 18:30:00
-7.822800,-73.388500,GOES-19,2026-09-21 18:50:00
-7.822800,-73.388500,GOES-19,2026-09-21 19:10:00
-7.822800,-73.388500,GOES-19,2026-09-21 19:30:00
-7.473600,-73.371800,GOES-19,2026-09-21 19:00:00
-7.473600,-73.371800,GOES-19,2026-09-21 19:10:00
-7.381900,-73.135700,GOES-19,2026-09-21 17:30:00
-7.418600,-73.135500,GOES-19,2026-09-21 18:00:00
-7.216700,-73.136500,GOES-19,2026-09-21 18:30:00
-7.216700,-73.136500,GOES-19,2026-09-21 19:00:00
-7.216700,-73.136500,GOES-19,2026-09-21 19:10:00
-7.235000,-73.136400,GOES-19,2026-09-21 19:10:00
-7.235000,-73.136400,GOES-19,2026-09-21 19:40:00
-7.235000,-73.136400,GOES-19,2026-09-21 19:50:00
-7.437000,-73.117200,GOES-19,2026-09-21 18:00:00
-7.492100,-73.116900,GOES-19,2026-09-21 17:30:00
-7.492100,-73.116900,GOES-19,2026-09-21 17:50:00
-7.418700,-73.099100,GOES-19,2026-09-21 18:00:00
-7.418700,-73.099100,GOES-19,2026-09-21 18:50:00
-7.437000,-73.099000,GOES-19,2026-09-21 17:30:00
-7.437000,-73.099000,GOES-19,2026-09-21 19:00:00
-7.437000,-73.099000,GOES-19,2026-09-21 19:30:00
-8.209600,-73.076500,GOES-19,2026-09-21 17:30:00
-8.209600,-73.076500,GOES-19,2026-09-21 17:40:00
-8.209600,-73.076500,GOES-19,2026-09-21 17:50:00
-8.209600,-73.076500,GOES-19,2026-09-21 18:00:00
-8.209600,-73.076500,GOES-19,2026-09-21 18:20:00
-7.712700,-73.079300,GOES-19,2026-09-21 18:00:00
-7.712700,-73.079300,GOES-19,2026-09-21 18:10:00
-7.712700,-73.079300,GOES-19,2026-09-21 18:20:00
-7.437000,-73.080800,GOES-19,2026-09-21 18:50:00
-7.437000,-73.080800,GOES-19,2026-09-21 19:10:00
-7.437000,-73.080800,GOES-19,2026-09-21 19:30:00
-8.228100,-73.021700,GOES-19,2026-09-21 18:10:00
-7.878300,-73.005500,GOES-19,2026-09-21 18:00:00
-7.878300,-73.005500,GOES-19,2026-09-21 18:10:00
-7.878300,-73.005500,GOES-19,2026-09-21 18:20:00
-7.878300,-72.950800,GOES-19,2026-09-21 18:10:00
-7.878300,-72.950800,GOES-19,2026-09-21 19:10:00
-7.878300,-72.950800,GOES-19,2026-09-21 19:40:00
-7.896700,-72.950700,GOES-19,2026-09-21 18:50:00
-7.896700,-72.950700,GOES-19,2026-09-21 19:00:00
-7.896700,-72.950700,GOES-19,2026-09-21 19:10:00
-7.896700,-72.950700,GOES-19,2026-09-21 19:20:00
-7.896700,-72.950700,GOES-19,2026-09-21 19:30:00
-7.896700,-72.950700,GOES-19,2026-09-21 19:40:00
-7.896700,-72.950700,GOES-19,2026-09-21 19:50:00
-7.933500,-72.950500,GOES-19,2026-09-21 17:40:00
-7.933500,-72.950500,GOES-19,2026-09-21 17:50:00
-7.933500,-72.950500,GOES-19,2026-09-21 18:20:00
-7.933500,-72.950500,GOES-19,2026-09-21 18:30:00
-8.246600,-72.948600,GOES-19,2026-09-21 17:40:00
-8.246600,-72.948600,GOES-19,2026-09-21 18:00:00
-8.246600,-72.948600,GOES-19,2026-09-21 18:30:00
-7.933600,-72.932300,GOES-19,2026-09-21 18:50:00
-7.786400,-72.896700,GOES-19,2026-09-21 17:50:00
-7.860000,-72.878100,GOES-19,2026-09-21 18:20:00
-7.860000,-72.859800,GOES-19,2026-09-21 17:40:00
-7.860000,-72.859800,GOES-19,2026-09-21 17:50:00
-7.860000,-72.859800,GOES-19,2026-09-21 18:10:00
-8.947800,-72.852600,GOES-19,2026-09-21 18:50:00
-7.860000,-72.841600,GOES-19,2026-09-21 17:40:00
-7.860000,-72.841600,GOES-19,2026-09-21 17:50:00
-7.860000,-72.841600,GOES-19,2026-09-21 18:00:00
-7.860000,-72.841600,GOES-19,2026-09-21 18:10:00
-7.878400,-72.841500,GOES-19,2026-09-21 17:50:00
-8.283500,-72.838900,GOES-19,2026-09-21 19:20:00
-8.763100,-72.817300,GOES-19,2026-09-21 17:50:00
-8.763100,-72.817300,GOES-19,2026-09-21 18:10:00
-8.265100,-72.820700,GOES-19,2026-09-21 18:30:00
-8.265100,-72.820700,GOES-19,2026-09-21 18:50:00
-8.763100,-72.799100,GOES-19,2026-09-21 17:50:00
-8.763100,-72.799100,GOES-19,2026-09-21 18:00:00
-8.763100,-72.799100,GOES-19,2026-09-21 18:10:00
-8.763100,-72.799100,GOES-19,2026-09-21 18:20:00
-8.781600,-72.798900,GOES-19,2026-09-21 17:30:00
-8.781600,-72.798900,GOES-19,2026-09-21 18:20:00
-8.984800,-72.779200,GOES-19,2026-09-21 19:40:00
-8.744700,-72.780900,GOES-19,2026-09-21 19:00:00
-8.744700,-72.780900,GOES-19,2026-09-21 19:10:00
-8.744700,-72.780900,GOES-19,2026-09-21 19:20:00
-8.744700,-72.780900,GOES-19,2026-09-21 19:40:00
-8.744700,-72.780900,GOES-19,2026-09-21 19:50:00
-8.781600,-72.780700,GOES-19,2026-09-21 18:10:00
-9.077400,-72.668700,GOES-19,2026-09-21 17:40:00
-7.308900,-72.644700,GOES-19,2026-09-21 17:50:00
-8.966600,-72.559800,GOES-19,2026-09-21 18:00:00
-8.966600,-72.559800,GOES-19,2026-09-21 18:50:00
-8.985100,-72.559600,GOES-19,2026-09-21 18:10:00
-7.327300,-72.553500,GOES-19,2026-09-21 16:20:00
-7.676500,-72.514700,GOES-19,2026-09-21 17:40:00
-7.676500,-72.514700,GOES-19,2026-09-21 17:50:00
-8.247000,-72.510600,GOES-19,2026-09-21 18:50:00
-7.970800,-72.457900,GOES-19,2026-09-21 18:10:00
-9.022200,-72.431200,GOES-19,2026-09-21 18:20:00
-9.022200,-72.431200,GOES-19,2026-09-21 18:50:00
-8.062900,-72.420700,GOES-19,2026-09-21 19:00:00
-9.040800,-72.376200,GOES-19,2026-09-21 17:50:00
-9.059400,-72.266100,GOES-19,2026-09-21 18:30:00
-9.077900,-72.247700,GOES-19,2026-09-21 19:00:00
-6.850600,-72.229200,GOES-19,2026-09-21 18:00:00
-6.887300,-72.228900,GOES-19,2026-09-21 17:50:00
-9.059500,-72.211200,GOES-19,2026-09-21 18:10:00
-9.059500,-72.211200,GOES-19,2026-09-21 18:30:00
-9.078000,-72.192700,GOES-19,2026-09-21 18:30:00
-8.155400,-72.073100,GOES-19,2026-09-21 18:00:00
-8.155400,-72.073100,GOES-19,2026-09-21 18:10:00
-7.291100,-72.043900,GOES-19,2026-09-21 18:10:00
-9.096800,-71.936100,GOES-19,2026-09-21 17:50:00
-7.805900,-71.930200,GOES-19,2026-09-21 18:30:00
-9.244900,-71.897900,GOES-19,2026-09-21 17:50:00
-9.244900,-71.897900,GOES-19,2026-09-21 18:20:00
-9.171000,-71.843700,GOES-19,2026-09-21 16:10:00
-7.861200,-71.801900,GOES-19,2026-09-21 17:50:00
-8.838300,-71.792300,GOES-19,2026-09-21 18:00:00
-8.838300,-71.792300,GOES-19,2026-09-21 18:10:00
-7.879800,-71.710500,GOES-19,2026-09-21 19:40:00
-8.653900,-71.629500,GOES-19,2026-09-21 18:30:00
-6.998000,-71.609100,GOES-19,2026-09-21 17:50:00
-7.935300,-71.509100,GOES-19,2026-09-21 17:50:00
-7.935300,-71.509100,GOES-19,2026-09-21 18:00:00
-7.935300,-71.509100,GOES-19,2026-09-21 18:10:00
-7.935300,-71.509100,GOES-19,2026-09-21 18:30:00
-8.875700,-71.498900,GOES-19,2026-09-21 18:00:00
-8.875700,-71.498900,GOES-19,2026-09-21 18:10:00
-8.857300,-71.480800,GOES-19,2026-09-21 17:50:00
-8.857300,-71.480800,GOES-19,2026-09-21 18:00:00
-7.935500,-71.344600,GOES-19,2026-09-21 18:10:00
-7.935500,-71.344600,GOES-19,2026-09-21 19:20:00
-8.857700,-71.242600,GOES-19,2026-09-21 18:20:00
-8.876200,-71.242400,GOES-19,2026-09-21 18:20:00
-8.377800,-71.230000,GOES-19,2026-09-21 17:50:00
-8.377800,-71.230000,GOES-19,2026-09-21 18:30:00
-8.285800,-71.176200,GOES-19,2026-09-21 17:50:00
-8.765600,-71.115400,GOES-19,2026-09-21 17:30:00
-8.765600,-71.115400,GOES-19,2026-09-21 17:40:00
-8.765600,-71.115400,GOES-19,2026-09-21 17:50:00
-8.765600,-71.115400,GOES-19,2026-09-21 18:00:00
-8.765600,-71.115400,GOES-19,2026-09-21 18:10:00
-8.765600,-71.115400,GOES-19,2026-09-21 18:20:00
-8.765600,-71.115400,GOES-19,2026-09-21 18:30:00
-8.765600,-71.097100,GOES-19,2026-09-21 17:30:00
-8.765600,-71.097100,GOES-19,2026-09-21 17:40:00
-8.765600,-71.097100,GOES-19,2026-09-21 17:50:00
-8.765600,-71.097100,GOES-19,2026-09-21 18:00:00
-8.747200,-71.079000,GOES-19,2026-09-21 17:40:00
-8.784200,-71.041900,GOES-19,2026-09-21 18:20:00
-8.784200,-71.041900,GOES-19,2026-09-21 18:30:00
-8.969300,-70.856100,GOES-19,2026-09-21 18:20:00
-7.863100,-70.650800,GOES-19,2026-09-21 14:30:00
-7.844800,-70.596200,GOES-19,2026-09-21 18:10:00
-7.844800,-70.596200,GOES-19,2026-09-21 18:20:00
-8.434400,-70.551700,GOES-19,2026-09-21 17:50:00
-9.414200,-70.482200,GOES-19,2026-09-21 18:10:00
-8.324100,-70.406700,GOES-19,2026-09-21 18:00:00
-8.324100,-70.406700,GOES-19,2026-09-21 19:10:00
-8.342500,-70.406400,GOES-19,2026-09-21 17:50:00
-8.342500,-70.406400,GOES-19,2026-09-21 19:10:00
-8.342500,-70.406400,GOES-19,2026-09-21 19:20:00
-8.342600,-70.388100,GOES-19,2026-09-21 19:00:00
-8.767300,-70.271800,GOES-19,2026-09-21 17:50:00
-7.551200,-70.215900,GOES-19,2026-09-21 19:00:00
-7.569600,-70.215600,GOES-19,2026-09-21 17:50:00
-8.435200,-70.203400,GOES-19,2026-09-21 18:10:00
-8.435200,-70.203400,GOES-19,2026-09-21 18:20:00
-7.569600,-70.197300,GOES-19,2026-09-21 17:50:00
-7.569600,-70.197300,GOES-19,2026-09-21 18:10:00
-8.085000,-70.153500,GOES-19,2026-09-21 18:50:00
-8.085000,-70.153500,GOES-19,2026-09-21 19:00:00
-8.085000,-70.153500,GOES-19,2026-09-21 19:10:00
-8.085000,-70.153500,GOES-19,2026-09-21 19:20:00
-8.085000,-70.153500,GOES-19,2026-09-21 19:30:00
-8.085000,-70.153500,GOES-19,2026-09-21 19:40:00
-8.085000,-70.153500,GOES-19,2026-09-21 19:50:00
-8.675300,-70.126300,GOES-19,2026-09-21 17:50:00
-8.085100,-70.135200,GOES-19,2026-09-21 19:00:00
-8.085100,-70.135200,GOES-19,2026-09-21 19:10:00
-8.085100,-70.135200,GOES-19,2026-09-21 19:20:00
-8.085100,-70.135200,GOES-19,2026-09-21 19:30:00
-8.085100,-70.135200,GOES-19,2026-09-21 19:40:00
-8.195700,-70.096900,GOES-19,2026-09-21 17:50:00
-7.772200,-70.066400,GOES-19,2026-09-21 18:10:00
-7.772200,-70.066400,GOES-19,2026-09-21 18:30:00
-7.772200,-70.066400,GOES-19,2026-09-21 18:50:00
-8.675500,-70.016200,GOES-19,2026-09-21 18:10:00
-8.675500,-70.016200,GOES-19,2026-09-21 18:20:00
-8.675500,-70.016200,GOES-19,2026-09-21 18:30:00
-8.675500,-70.016200,GOES-19,2026-09-21 19:20:00
-7.643700,-69.940100,GOES-19,2026-09-21 18:20:00
-7.643700,-69.940100,GOES-19,2026-09-21 18:50:00
-7.643700,-69.940100,GOES-19,2026-09-21 19:10:00
-7.827700,-69.937400,GOES-19,2026-09-21 19:10:00
-7.846100,-69.937100,GOES-19,2026-09-21 18:50:00
-7.846100,-69.937100,GOES-19,2026-09-21 19:00:00
-7.846100,-69.937100,GOES-19,2026-09-21 19:10:00
-7.846100,-69.937100,GOES-19,2026-09-21 19:20:00
-7.643700,-69.921800,GOES-19,2026-09-21 18:00:00
-7.643700,-69.921800,GOES-19,2026-09-21 18:20:00
-7.643700,-69.921800,GOES-19,2026-09-21 18:50:00
-7.643700,-69.921800,GOES-19,2026-09-21 19:20:00
-7.643700,-69.921800,GOES-19,2026-09-21 19:30:00
-7.643700,-69.921800,GOES-19,2026-09-21 19:40:00
-7.643700,-69.921800,GOES-19,2026-09-21 19:50:00
-10.941000,-69.697200,GOES-19,2026-09-21 19:00:00
-10.829200,-69.644100,GOES-19,2026-09-21 18:20:00
-10.642700,-69.648000,GOES-19,2026-09-21 19:20:00
-10.661400,-69.647600,GOES-19,2026-09-21 19:00:00
-10.661400,-69.647600,GOES-19,2026-09-21 19:10:00
-10.661400,-69.647600,GOES-19,2026-09-21 19:20:00
-10.661400,-69.647600,GOES-19,2026-09-21 19:30:00
-8.713300,-69.666500,GOES-19,2026-09-21 18:10:00
-10.642800,-69.629500,GOES-19,2026-09-21 19:20:00
-10.642800,-69.629500,GOES-19,2026-09-21 19:30:00
-10.642800,-69.629500,GOES-19,2026-09-21 19:40:00
-10.661400,-69.629100,GOES-19,2026-09-21 19:00:00
-8.713400,-69.648100,GOES-19,2026-09-21 17:50:00
-8.713400,-69.648100,GOES-19,2026-09-21 18:00:00
-8.713400,-69.648100,GOES-19,2026-09-21 18:10:00
-8.713400,-69.648100,GOES-19,2026-09-21 18:20:00
-8.713400,-69.648100,GOES-19,2026-09-21 18:30:00
-8.713400,-69.648100,GOES-19,2026-09-21 18:50:00
-10.642900,-69.592500,GOES-19,2026-09-21 19:00:00
-10.642900,-69.592500,GOES-19,2026-09-21 19:20:00
-10.642900,-69.592500,GOES-19,2026-09-21 19:40:00
-8.806000,-69.536100,GOES-19,2026-09-21 17:50:00
-8.806000,-69.536100,GOES-19,2026-09-21 18:00:00
-10.568700,-69.483000,GOES-19,2026-09-21 18:30:00
-8.991000,-69.496000,GOES-19,2026-09-21 16:10:00
-8.991000,-69.496000,GOES-19,2026-09-21 16:20:00
-8.991000,-69.477600,GOES-19,2026-09-21 16:10:00
-10.625000,-69.352200,GOES-19,2026-09-21 18:50:00
-10.625000,-69.352200,GOES-19,2026-09-21 19:00:00
-10.625000,-69.352200,GOES-19,2026-09-21 19:30:00
-9.306000,-69.361100,GOES-19,2026-09-21 17:40:00
-9.306000,-69.361100,GOES-19,2026-09-21 17:50:00
-9.306000,-69.361100,GOES-19,2026-09-21 18:00:00
-9.306000,-69.361100,GOES-19,2026-09-21 18:10:00
-9.306000,-69.361100,GOES-19,2026-09-21 18:20:00
-9.306000,-69.361100,GOES-19,2026-09-21 18:50:00
-9.306000,-69.361100,GOES-19,2026-09-21 19:00:00
-9.306000,-69.361100,GOES-19,2026-09-21 19:10:00
-9.306000,-69.361100,GOES-19,2026-09-21 19:20:00
-9.306000,-69.361100,GOES-19,2026-09-21 19:40:00
-10.904900,-69.308800,GOES-19,2026-09-21 18:30:00
-10.681100,-69.313900,GOES-19,2026-09-21 18:10:00
-10.681100,-69.295300,GOES-19,2026-09-21 18:00:00
-10.513400,-69.299100,GOES-19,2026-09-21 18:10:00
-10.513400,-69.299100,GOES-19,2026-09-21 18:20:00
-10.141200,-69.288700,GOES-19,2026-09-21 14:50:00
-10.141200,-69.288700,GOES-19,2026-09-21 15:00:00
-10.141200,-69.288700,GOES-19,2026-09-21 15:20:00
-10.159800,-69.288300,GOES-19,2026-09-21 14:40:00
-10.159800,-69.288300,GOES-19,2026-09-21 14:50:00
-10.159800,-69.288300,GOES-19,2026-09-21 15:00:00
-10.159800,-69.288300,GOES-19,2026-09-21 15:10:00
-10.159800,-69.288300,GOES-19,2026-09-21 15:20:00
-10.159800,-69.288300,GOES-19,2026-09-21 15:30:00
-10.606700,-69.241400,GOES-19,2026-09-21 17:50:00
-10.625400,-69.241000,GOES-19,2026-09-21 17:50:00
-8.973200,-69.257000,GOES-19,2026-09-21 18:50:00
-9.028600,-69.255900,GOES-19,2026-09-21 18:10:00
-9.028600,-69.255900,GOES-19,2026-09-21 18:20:00
-9.028700,-69.237500,GOES-19,2026-09-21 18:10:00
-9.028700,-69.237500,GOES-19,2026-09-21 18:30:00
-9.028700,-69.237500,GOES-19,2026-09-21 19:00:00
-9.028700,-69.237500,GOES-19,2026-09-21 19:10:00
-9.028700,-69.237500,GOES-19,2026-09-21 19:20:00
-9.028700,-69.237500,GOES-19,2026-09-21 19:30:00
-10.085700,-69.197400,GOES-19,2026-09-21 18:10:00
-10.476500,-69.188800,GOES-19,2026-09-21 18:00:00
-10.476500,-69.188800,GOES-19,2026-09-21 18:20:00
-10.476500,-69.188800,GOES-19,2026-09-21 18:30:00
-10.476500,-69.188800,GOES-19,2026-09-21 18:50:00
-10.476500,-69.188800,GOES-19,2026-09-21 19:20:00
-9.140000,-69.124800,GOES-19,2026-09-21 18:20:00
-10.179200,-69.047400,GOES-19,2026-09-21 19:00:00
-10.179200,-69.047400,GOES-19,2026-09-21 19:30:00
-10.197800,-69.047000,GOES-19,2026-09-21 18:20:00
-9.158800,-69.050600,GOES-19,2026-09-21 18:10:00
-10.663400,-69.017700,GOES-19,2026-09-21 17:40:00
-8.881300,-69.037700,GOES-19,2026-09-21 18:10:00
-8.881300,-69.037700,GOES-19,2026-09-21 18:30:00
-8.881300,-69.037700,GOES-19,2026-09-21 18:50:00
-8.881300,-69.037700,GOES-19,2026-09-21 19:00:00
-8.881300,-69.037700,GOES-19,2026-09-21 19:10:00
-8.881300,-69.037700,GOES-19,2026-09-21 19:20:00
-8.881300,-69.037700,GOES-19,2026-09-21 19:30:00
-8.788900,-69.021100,GOES-19,2026-09-21 15:50:00
-8.788900,-69.021100,GOES-19,2026-09-21 16:10:00
-8.788900,-69.021100,GOES-19,2026-09-21 16:20:00
-8.788900,-69.021100,GOES-19,2026-09-21 17:50:00
-8.788900,-69.021100,GOES-19,2026-09-21 18:00:00
-8.788900,-69.021100,GOES-19,2026-09-21 18:50:00
-8.788900,-69.021100,GOES-19,2026-09-21 19:00:00
-8.788900,-69.021100,GOES-19,2026-09-21 19:10:00
-8.788900,-69.021100,GOES-19,2026-09-21 19:20:00
-8.788900,-69.021100,GOES-19,2026-09-21 19:30:00
-8.788900,-69.021100,GOES-19,2026-09-21 19:40:00
-8.788900,-69.021100,GOES-19,2026-09-21 19:50:00
-8.862900,-69.019700,GOES-19,2026-09-21 18:50:00
-8.862900,-69.019700,GOES-19,2026-09-21 19:20:00
-10.645000,-68.962500,GOES-19,2026-09-21 19:30:00
-10.645000,-68.962500,GOES-19,2026-09-21 19:40:00
-10.272800,-68.878600,GOES-19,2026-09-21 17:50:00
-10.272800,-68.878600,GOES-19,2026-09-21 18:10:00
-10.272800,-68.878600,GOES-19,2026-09-21 18:20:00
-10.272800,-68.878600,GOES-19,2026-09-21 19:00:00
-10.272800,-68.878600,GOES-19,2026-09-21 19:10:00
-10.272800,-68.878600,GOES-19,2026-09-21 19:20:00
-10.272800,-68.878600,GOES-19,2026-09-21 19:30:00
-10.272800,-68.878600,GOES-19,2026-09-21 19:50:00
-9.085300,-68.867700,GOES-19,2026-09-21 17:50:00
-9.085300,-68.867700,GOES-19,2026-09-21 18:20:00
-9.122300,-68.848500,GOES-19,2026-09-21 17:50:00
-9.122300,-68.848500,GOES-19,2026-09-21 18:00:00
-8.918800,-68.852700,GOES-19,2026-09-21 17:50:00
-10.049800,-68.828200,GOES-19,2026-09-21 18:20:00
-10.254400,-68.805000,GOES-19,2026-09-21 18:00:00
-10.254400,-68.805000,GOES-19,2026-09-21 18:10:00
-10.254400,-68.805000,GOES-19,2026-09-21 18:30:00
-10.273000,-68.804500,GOES-19,2026-09-21 18:10:00
-10.384800,-68.783300,GOES-19,2026-09-21 18:00:00
-9.437300,-68.804900,GOES-19,2026-09-21 16:20:00
-9.994100,-68.792500,GOES-19,2026-09-21 18:10:00
-9.994100,-68.792500,GOES-19,2026-09-21 18:20:00
-9.994100,-68.792500,GOES-19,2026-09-21 19:00:00
-10.254500,-68.786400,GOES-19,2026-09-21 18:10:00
-10.254500,-68.786400,GOES-19,2026-09-21 20:10:00
-10.254500,-68.786400,GOES-19,2026-09-21 20:20:00
-10.273100,-68.786000,GOES-19,2026-09-21 18:10:00
-9.307700,-68.789200,GOES-19,2026-09-21 18:30:00
-10.235900,-68.768300,GOES-19,2026-09-21 19:10:00
-10.235900,-68.768300,GOES-19,2026-09-21 20:10:00
-10.235900,-68.768300,GOES-19,2026-09-21 20:20:00
-10.254500,-68.767900,GOES-19,2026-09-21 20:10:00
-10.254500,-68.767900,GOES-19,2026-09-21 20:20:00
-10.273100,-68.767500,GOES-19,2026-09-21 16:10:00
-10.273100,-68.767500,GOES-19,2026-09-21 18:10:00
-10.273100,-68.767500,GOES-19,2026-09-21 18:20:00
-10.236000,-68.749800,GOES-19,2026-09-21 18:10:00
-10.236000,-68.749800,GOES-19,2026-09-21 20:10:00
-10.236000,-68.749800,GOES-19,2026-09-21 20:20:00
-10.254600,-68.749400,GOES-19,2026-09-21 20:10:00
-10.254600,-68.749400,GOES-19,2026-09-21 20:20:00
-10.273200,-68.748900,GOES-19,2026-09-21 18:10:00
-10.273200,-68.748900,GOES-19,2026-09-21 20:10:00
-8.771200,-68.763500,GOES-19,2026-09-21 18:10:00
-8.789700,-68.763100,GOES-19,2026-09-21 18:00:00
-8.789700,-68.763100,GOES-19,2026-09-21 18:10:00
-8.789700,-68.763100,GOES-19,2026-09-21 18:20:00
-8.789700,-68.763100,GOES-19,2026-09-21 18:30:00
-8.789700,-68.763100,GOES-19,2026-09-21 19:00:00
-8.789700,-68.763100,GOES-19,2026-09-21 19:10:00
-10.254700,-68.730800,GOES-19,2026-09-21 18:10:00
-10.254700,-68.730800,GOES-19,2026-09-21 18:20:00
-10.254700,-68.730800,GOES-19,2026-09-21 19:40:00
-10.254700,-68.730800,GOES-19,2026-09-21 19:50:00
-10.254700,-68.730800,GOES-19,2026-09-21 20:10:00
-10.254700,-68.730800,GOES-19,2026-09-21 20:20:00
-10.236100,-68.731300,GOES-19,2026-09-21 18:20:00
-10.236100,-68.731300,GOES-19,2026-09-21 18:50:00
-10.236100,-68.731300,GOES-19,2026-09-21 19:00:00
-10.236100,-68.731300,GOES-19,2026-09-21 19:10:00
-10.236100,-68.731300,GOES-19,2026-09-21 19:50:00
-10.236100,-68.731300,GOES-19,2026-09-21 20:10:00
-10.236100,-68.731300,GOES-19,2026-09-21 20:20:00
-8.771300,-68.745100,GOES-19,2026-09-21 18:10:00
-8.789700,-68.744700,GOES-19,2026-09-21 17:50:00
-8.679000,-68.691700,GOES-19,2026-09-21 16:00:00
-8.679000,-68.691700,GOES-19,2026-09-21 16:20:00
-8.863900,-68.687900,GOES-19,2026-09-21 17:50:00
-8.863900,-68.687900,GOES-19,2026-09-21 18:00:00
-8.863900,-68.687900,GOES-19,2026-09-21 18:10:00
-10.870000,-68.641400,GOES-19,2026-09-21 18:10:00
-10.870000,-68.641400,GOES-19,2026-09-21 18:20:00
-10.870000,-68.641400,GOES-19,2026-09-21 18:30:00
-8.679100,-68.673200,GOES-19,2026-09-21 17:40:00
-8.679100,-68.673200,GOES-19,2026-09-21 17:50:00
-9.363700,-68.658700,GOES-19,2026-09-21 18:00:00
-9.012100,-68.592500,GOES-19,2026-09-21 18:20:00
-10.180800,-68.565800,GOES-19,2026-09-21 19:00:00
-10.180800,-68.565800,GOES-19,2026-09-21 19:10:00
-10.069600,-68.475900,GOES-19,2026-09-21 18:20:00
-10.069600,-68.475900,GOES-19,2026-09-21 18:30:00
-10.162800,-68.399500,GOES-19,2026-09-21 17:40:00
-10.181400,-68.399000,GOES-19,2026-09-21 17:40:00
-10.181400,-68.399000,GOES-19,2026-09-21 17:50:00
-10.181400,-68.399000,GOES-19,2026-09-21 18:00:00
-10.181400,-68.399000,GOES-19,2026-09-21 18:10:00
-10.181400,-68.399000,GOES-19,2026-09-21 18:20:00
-10.181400,-68.399000,GOES-19,2026-09-21 18:30:00
-10.255900,-68.378600,GOES-19,2026-09-21 17:50:00
-9.401700,-68.362200,GOES-19,2026-09-21 18:10:00
-9.401700,-68.362200,GOES-19,2026-09-21 18:30:00
-9.401700,-68.362200,GOES-19,2026-09-21 18:50:00
-9.401700,-68.362200,GOES-19,2026-09-21 19:00:00
-9.198000,-68.348300,GOES-19,2026-09-21 18:30:00
-10.554100,-68.315200,GOES-19,2026-09-21 17:50:00
-10.554100,-68.315200,GOES-19,2026-09-21 18:10:00
-10.125900,-68.326200,GOES-19,2026-09-21 18:20:00
-10.125900,-68.326200,GOES-19,2026-09-21 18:30:00
-10.125900,-68.326200,GOES-19,2026-09-21 18:50:00
-10.125900,-68.326200,GOES-19,2026-09-21 19:00:00
-10.125900,-68.326200,GOES-19,2026-09-21 19:10:00
-10.126000,-68.307700,GOES-19,2026-09-21 18:10:00
-10.126000,-68.307700,GOES-19,2026-09-21 18:20:00
-10.126000,-68.307700,GOES-19,2026-09-21 18:30:00
-10.126000,-68.307700,GOES-19,2026-09-21 18:50:00
-10.126000,-68.307700,GOES-19,2026-09-21 19:00:00
-10.126000,-68.307700,GOES-19,2026-09-21 19:20:00
-10.088900,-68.271500,GOES-19,2026-09-21 18:00:00
-9.125300,-67.943200,GOES-19,2026-09-21 17:50:00
-9.125300,-67.943200,GOES-19,2026-09-21 18:00:00
-9.125300,-67.943200,GOES-19,2026-09-21 19:10:00
-9.125300,-67.943200,GOES-19,2026-09-21 19:20:00
-9.125300,-67.943200,GOES-19,2026-09-21 19:40:00
-9.125300,-67.943200,GOES-19,2026-09-21 19:50:00
-9.143800,-67.942800,GOES-19,2026-09-21 17:50:00
-9.143800,-67.942800,GOES-19,2026-09-21 18:00:00
-9.143800,-67.942800,GOES-19,2026-09-21 18:10:00
-9.143800,-67.942800,GOES-19,2026-09-21 18:30:00
-9.143800,-67.942800,GOES-19,2026-09-21 19:00:00
-9.143800,-67.942800,GOES-19,2026-09-21 19:10:00
-9.143800,-67.942800,GOES-19,2026-09-21 19:20:00
-9.143800,-67.942800,GOES-19,2026-09-21 19:30:00
-9.143800,-67.942800,GOES-19,2026-09-21 19:40:00
-9.143800,-67.942800,GOES-19,2026-09-21 19:50:00
-8.793100,-67.710600,GOES-19,2026-09-21 18:20:00
-8.793100,-67.710600,GOES-19,2026-09-21 18:30:00
-8.811600,-67.710200,GOES-19,2026-09-21 18:20:00
-9.182100,-67.590000,GOES-19,2026-09-21 18:30:00
-9.182100,-67.590000,GOES-19,2026-09-21 18:50:00
-9.182100,-67.590000,GOES-19,2026-09-21 19:00:00
-9.182100,-67.590000,GOES-19,2026-09-21 19:10:00
-9.182200,-67.571500,GOES-19,2026-09-21 18:30:00
-8.518300,-67.013900,GOES-19,2026-09-21 15:20:00
-8.518300,-67.013900,GOES-19,2026-09-21 15:30:00
-8.518300,-67.013900,GOES-19,2026-09-21 15:40:00
-8.536800,-67.013500,GOES-19,2026-09-21 14:40:00
-8.536800,-67.013500,GOES-19,2026-09-21 14:50:00
-8.536800,-67.013500,GOES-19,2026-09-21 15:20:00
-8.536800,-67.013500,GOES-19,2026-09-21 15:30:00
-8.536800,-67.013500,GOES-19,2026-09-21 15:40:00
-8.518400,-66.995400,GOES-19,2026-09-21 15:00:00
-9.246000,-65.597700,GOES-19,2026-09-21 14:50:00
-9.246000,-65.597700,GOES-19,2026-09-21 15:00:00
-9.246000,-65.597700,GOES-19,2026-09-21 15:10:00
-11.617500,-65.076300,GOES-19,2026-09-21 19:20:00
-10.330500,-64.450800,GOES-19,2026-09-21 15:00:00
-10.330500,-64.450800,GOES-19,2026-09-21 15:10:00
-10.330500,-64.450800,GOES-19,2026-09-21 15:20:00
-10.330500,-64.450800,GOES-19,2026-09-21 15:30:00
-4.217700,-63.078900,GOES-19,2026-09-21 15:30:00
-4.217700,-63.078900,GOES-19,2026-09-21 15:40:00
-4.217700,-63.078900,GOES-19,2026-09-21 15:50:00
-4.217700,-63.078900,GOES-19,2026-09-21 16:00:00
-4.217700,-63.078900,GOES-19,2026-09-21 17:50:00
-4.217700,-63.078900,GOES-19,2026-09-21 18:00:00
-4.217700,-63.078900,GOES-19,2026-09-21 18:10:00
-4.217700,-63.078900,GOES-19,2026-09-21 18:20:00
-4.217700,-63.078900,GOES-19,2026-09-21 18:30:00
-4.217700,-63.078900,GOES-19,2026-09-21 18:50:00
-4.217700,-63.078900,GOES-19,2026-09-21 19:00:00
-4.217700,-63.078900,GOES-19,2026-09-21 19:10:00
-4.217700,-63.078900,GOES-19,2026-09-21 19:20:00
-4.217700,-63.078900,GOES-19,2026-09-21 19:30:00
-4.236000,-63.078500,GOES-19,2026-09-21 18:30:00
-4.236000,-63.078500,GOES-19,2026-09-21 18:50:00
-4.236000,-63.078500,GOES-19,2026-09-21 19:00:00
-4.236000,-63.078500,GOES-19,2026-09-21 19:10:00
-4.236000,-63.078500,GOES-19,2026-09-21 19:20:00
-4.236000,-63.078500,GOES-19,2026-09-21 19:30:00
-4.217800,-63.060200,GOES-19,2026-09-21 17:40:00
-4.217800,-63.060200,GOES-19,2026-09-21 17:50:00
-4.217800,-63.060200,GOES-19,2026-09-21 18:00:00
-4.217800,-63.060200,GOES-19,2026-09-21 18:10:00
-4.217800,-63.060200,GOES-19,2026-09-21 18:20:00
-4.217800,-63.060200,GOES-19,2026-09-21 18:30:00
-4.217800,-63.060200,GOES-19,2026-09-21 18:50:00
-4.217800,-63.060200,GOES-19,2026-09-21 19:00:00
-4.217800,-63.060200,GOES-19,2026-09-21 19:10:00
-4.217800,-63.060200,GOES-19,2026-09-21 19:20:00
-4.217800,-63.060200,GOES-19,2026-09-21 19:30:00
-7.840500,-61.807700,GOES-19,2026-09-21 17:50:00
-7.840500,-61.807700,GOES-19,2026-09-21 18:00:00
-7.840500,-61.807700,GOES-19,2026-09-21 18:10:00
-7.840500,-61.807700,GOES-19,2026-09-21 18:20:00
-7.840500,-61.807700,GOES-19,2026-09-21 19:50:00
-7.822100,-61.789400,GOES-19,2026-09-21 15:50:00
-7.822100,-61.789400,GOES-19,2026-09-21 18:10:00
-7.822100,-61.789400,GOES-19,2026-09-21 18:20:00
-7.822100,-61.789400,GOES-19,2026-09-21 18:30:00
-7.822200,-61.770400,GOES-19,2026-09-21 18:00:00
-7.822200,-61.770400,GOES-19,2026-09-21 18:10:00
3.672900,-61.850700,GOES-19,2026-09-21 18:50:00
-7.694300,-61.528300,GOES-19,2026-09-21 18:30:00
-7.694300,-61.528300,GOES-19,2026-09-21 18:50:00
-7.694300,-61.528300,GOES-19,2026-09-21 19:00:00
-7.694300,-61.528300,GOES-19,2026-09-21 19:10:00
-7.694300,-61.528300,GOES-19,2026-09-21 19:20:00
-7.694300,-61.528300,GOES-19,2026-09-21 19:30:00
-7.714100,-61.280000,GOES-19,2026-09-21 18:20:00
-7.714100,-61.280000,GOES-19,2026-09-21 18:50:00
-7.714200,-61.261000,GOES-19,2026-09-21 15:40:00
-7.714200,-61.261000,GOES-19,2026-09-21 18:50:00
-7.714200,-61.261000,GOES-19,2026-09-21 19:00:00
-7.714200,-61.261000,GOES-19,2026-09-21 19:10:00
-7.714200,-61.261000,GOES-19,2026-09-21 19:20:00
-7.714200,-61.261000,GOES-19,2026-09-21 19:30:00
-7.714200,-61.261000,GOES-19,2026-09-21 19:40:00
-7.714200,-61.261000,GOES-19,2026-09-21 19:50:00
-7.714200,-61.261000,GOES-19,2026-09-21 20:00:00
-7.732700,-61.260200,GOES-19,2026-09-21 19:40:00
-7.732700,-61.260200,GOES-19,2026-09-21 19:50:00
-7.732700,-61.260200,GOES-19,2026-09-21 20:00:00
-9.141200,-61.198500,GOES-19,2026-09-21 19:30:00
-9.159800,-61.197600,GOES-19,2026-09-21 19:40:00
-7.695900,-61.242600,GOES-19,2026-09-21 15:40:00
-7.695900,-61.242600,GOES-19,2026-09-21 18:30:00
-7.695900,-61.242600,GOES-19,2026-09-21 18:50:00
-7.695900,-61.242600,GOES-19,2026-09-21 19:00:00
-7.695900,-61.242600,GOES-19,2026-09-21 19:10:00
-7.695900,-61.242600,GOES-19,2026-09-21 19:20:00
-7.695900,-61.242600,GOES-19,2026-09-21 19:50:00
-7.695900,-61.242600,GOES-19,2026-09-21 20:00:00
-7.714400,-61.241900,GOES-19,2026-09-21 19:00:00
-7.714400,-61.241900,GOES-19,2026-09-21 20:00:00
-9.141400,-61.179400,GOES-19,2026-09-21 19:40:00
-7.696000,-61.223600,GOES-19,2026-09-21 18:20:00
-7.696000,-61.223600,GOES-19,2026-09-21 18:30:00
-7.696000,-61.223600,GOES-19,2026-09-21 18:50:00
-7.696000,-61.223600,GOES-19,2026-09-21 19:00:00
-7.696000,-61.223600,GOES-19,2026-09-21 19:10:00
-7.696000,-61.223600,GOES-19,2026-09-21 19:20:00
-7.696000,-61.223600,GOES-19,2026-09-21 19:30:00
-7.696000,-61.223600,GOES-19,2026-09-21 19:40:00
-7.696000,-61.223600,GOES-19,2026-09-21 20:00:00
-7.714500,-61.222800,GOES-19,2026-09-21 15:10:00
-7.714500,-61.222800,GOES-19,2026-09-21 15:20:00
-7.714500,-61.222800,GOES-19,2026-09-21 18:50:00
-7.714500,-61.222800,GOES-19,2026-09-21 19:00:00
-7.714500,-61.222800,GOES-19,2026-09-21 19:10:00
-7.714500,-61.222800,GOES-19,2026-09-21 19:30:00
-7.714500,-61.222800,GOES-19,2026-09-21 19:40:00
-7.714500,-61.222800,GOES-19,2026-09-21 20:00:00
-7.732900,-61.222100,GOES-19,2026-09-21 18:50:00
-7.732900,-61.222100,GOES-19,2026-09-21 19:00:00
-7.732900,-61.222100,GOES-19,2026-09-21 19:10:00
-7.732900,-61.222100,GOES-19,2026-09-21 19:20:00
-7.732900,-61.222100,GOES-19,2026-09-21 19:30:00
-7.732900,-61.222100,GOES-19,2026-09-21 19:40:00
-7.732900,-61.222100,GOES-19,2026-09-21 19:50:00
-7.732900,-61.222100,GOES-19,2026-09-21 20:00:00
4.131400,-61.313400,GOES-19,2026-09-21 19:20:00
4.131400,-61.313400,GOES-19,2026-09-21 19:30:00
4.131400,-61.313400,GOES-19,2026-09-21 19:40:00
4.131400,-61.313400,GOES-19,2026-09-21 19:50:00
-7.567000,-61.171500,GOES-19,2026-09-21 15:00:00
-7.567000,-61.171500,GOES-19,2026-09-21 15:10:00
-7.567000,-61.171500,GOES-19,2026-09-21 15:20:00
-7.567000,-61.171500,GOES-19,2026-09-21 15:30:00
-7.567000,-61.171500,GOES-19,2026-09-21 15:40:00
-7.567000,-61.171500,GOES-19,2026-09-21 15:50:00
-7.567000,-61.171500,GOES-19,2026-09-21 18:20:00
-7.585500,-61.170800,GOES-19,2026-09-21 15:20:00
-7.585500,-61.170800,GOES-19,2026-09-21 15:30:00
-7.585500,-61.170800,GOES-19,2026-09-21 15:40:00
-7.585500,-61.170800,GOES-19,2026-09-21 15:50:00
-7.585500,-61.170800,GOES-19,2026-09-21 18:00:00
-7.585600,-61.151700,GOES-19,2026-09-21 15:10:00
-7.567100,-61.152400,GOES-19,2026-09-21 14:50:00
-7.567100,-61.152400,GOES-19,2026-09-21 15:00:00
-7.567100,-61.152400,GOES-19,2026-09-21 15:10:00
-7.567100,-61.152400,GOES-19,2026-09-21 15:20:00
-7.567100,-61.152400,GOES-19,2026-09-21 15:30:00
-7.567100,-61.152400,GOES-19,2026-09-21 15:40:00
-7.567100,-61.152400,GOES-19,2026-09-21 15:50:00
-7.567100,-61.152400,GOES-19,2026-09-21 18:20:00
-3.766000,-61.207400,GOES-19,2026-09-21 18:10:00
-3.857400,-61.205600,GOES-19,2026-09-21 14:20:00
-3.857400,-61.205600,GOES-19,2026-09-21 14:30:00
-3.857400,-61.205600,GOES-19,2026-09-21 15:00:00
-3.766100,-61.188500,GOES-19,2026-09-21 17:50:00
-3.766100,-61.188500,GOES-19,2026-09-21 18:00:00
-3.766100,-61.188500,GOES-19,2026-09-21 18:10:00
-3.784300,-61.188200,GOES-19,2026-09-21 18:10:00
-3.857500,-61.186700,GOES-19,2026-09-21 14:00:00
-3.857500,-61.186700,GOES-19,2026-09-21 14:10:00
-3.857500,-61.186700,GOES-19,2026-09-21 14:20:00
-3.857500,-61.186700,GOES-19,2026-09-21 14:30:00
-7.087700,-61.094600,GOES-19,2026-09-21 18:20:00
-9.218000,-60.849700,GOES-19,2026-09-21 18:00:00
-9.162300,-60.833200,GOES-19,2026-09-21 18:00:00
-9.180900,-60.832300,GOES-19,2026-09-21 17:50:00
-9.180900,-60.832300,GOES-19,2026-09-21 18:00:00
-9.180900,-60.832300,GOES-19,2026-09-21 18:10:00
-9.199500,-60.831400,GOES-19,2026-09-21 18:10:00
-9.181000,-60.813100,GOES-19,2026-09-21 17:40:00
-9.181000,-60.813100,GOES-19,2026-09-21 17:50:00
-9.181000,-60.813100,GOES-19,2026-09-21 18:10:00
-3.767300,-60.733900,GOES-19,2026-09-21 19:40:00
-3.767300,-60.733900,GOES-19,2026-09-21 19:50:00
-7.330100,-60.608100,GOES-19,2026-09-21 18:30:00
-7.330100,-60.608100,GOES-19,2026-09-21 18:50:00
-7.330100,-60.608100,GOES-19,2026-09-21 19:00:00
-7.330100,-60.608100,GOES-19,2026-09-21 19:10:00
-7.330100,-60.608100,GOES-19,2026-09-21 19:20:00
-7.440900,-60.603700,GOES-19,2026-09-21 18:10:00
-7.440900,-60.603700,GOES-19,2026-09-21 18:20:00
-7.440900,-60.603700,GOES-19,2026-09-21 18:30:00
-7.440900,-60.603700,GOES-19,2026-09-21 18:50:00
-7.440900,-60.603700,GOES-19,2026-09-21 19:00:00
-7.440900,-60.603700,GOES-19,2026-09-21 19:10:00
-7.440900,-60.603700,GOES-19,2026-09-21 19:20:00
-7.440900,-60.603700,GOES-19,2026-09-21 19:30:00
-7.440900,-60.603700,GOES-19,2026-09-21 19:40:00
1.066200,-60.674200,GOES-19,2026-09-21 18:10:00
1.066200,-60.674200,GOES-19,2026-09-21 19:20:00
-3.676200,-60.621900,GOES-19,2026-09-21 19:20:00
-3.676200,-60.621900,GOES-19,2026-09-21 19:30:00
-3.676200,-60.621900,GOES-19,2026-09-21 19:40:00
-3.676200,-60.621900,GOES-19,2026-09-21 20:20:00
-3.676200,-60.621900,GOES-19,2026-09-21 20:30:00
-3.694500,-60.621500,GOES-19,2026-09-21 19:10:00
-3.694500,-60.621500,GOES-19,2026-09-21 19:20:00
-3.694500,-60.621500,GOES-19,2026-09-21 19:30:00
-3.694500,-60.621500,GOES-19,2026-09-21 19:40:00
-3.694500,-60.621500,GOES-19,2026-09-21 20:20:00
-3.694500,-60.621500,GOES-19,2026-09-21 20:40:00
-3.676300,-60.602900,GOES-19,2026-09-21 19:20:00
-3.676300,-60.602900,GOES-19,2026-09-21 19:30:00
-3.676300,-60.602900,GOES-19,2026-09-21 19:40:00
-3.676300,-60.602900,GOES-19,2026-09-21 20:30:00
-3.694600,-60.602500,GOES-19,2026-09-21 19:10:00
-3.694600,-60.602500,GOES-19,2026-09-21 19:20:00
-3.694600,-60.602500,GOES-19,2026-09-21 19:30:00
-3.694600,-60.602500,GOES-19,2026-09-21 19:40:00
-3.694600,-60.602500,GOES-19,2026-09-21 20:20:00
-3.694600,-60.602500,GOES-19,2026-09-21 20:40:00
-3.914000,-60.598000,GOES-19,2026-09-21 18:10:00
-3.914000,-60.598000,GOES-19,2026-09-21 18:20:00
-3.914000,-60.598000,GOES-19,2026-09-21 18:30:00
-3.914000,-60.598000,GOES-19,2026-09-21 18:50:00
-3.914000,-60.598000,GOES-19,2026-09-21 19:10:00
-3.914000,-60.598000,GOES-19,2026-09-21 19:20:00
-3.914000,-60.598000,GOES-19,2026-09-21 19:30:00
-3.914000,-60.598000,GOES-19,2026-09-21 19:40:00
-3.914000,-60.598000,GOES-19,2026-09-21 19:50:00
0.045600,-60.620500,GOES-19,2026-09-21 18:30:00
0.045600,-60.620500,GOES-19,2026-09-21 18:50:00
-3.603200,-60.585300,GOES-19,2026-09-21 19:00:00
-3.603200,-60.585300,GOES-19,2026-09-21 19:10:00
-3.603200,-60.585300,GOES-19,2026-09-21 19:20:00
-3.603200,-60.585300,GOES-19,2026-09-21 19:30:00
-3.621500,-60.585000,GOES-19,2026-09-21 19:00:00
-3.621500,-60.585000,GOES-19,2026-09-21 19:10:00
-3.621500,-60.585000,GOES-19,2026-09-21 19:20:00
-3.621500,-60.585000,GOES-19,2026-09-21 19:30:00
-3.621500,-60.585000,GOES-19,2026-09-21 19:40:00
-3.621500,-60.585000,GOES-19,2026-09-21 19:50:00
-3.639800,-60.584600,GOES-19,2026-09-21 19:00:00
-3.639800,-60.584600,GOES-19,2026-09-21 19:10:00
-3.639800,-60.584600,GOES-19,2026-09-21 19:20:00
-3.639800,-60.584600,GOES-19,2026-09-21 19:30:00
-3.639800,-60.584600,GOES-19,2026-09-21 19:40:00
-3.694600,-60.583500,GOES-19,2026-09-21 19:20:00
-3.694600,-60.583500,GOES-19,2026-09-21 19:50:00
-3.694600,-60.583500,GOES-19,2026-09-21 20:20:00
-3.694600,-60.583500,GOES-19,2026-09-21 20:30:00
-3.712900,-60.583200,GOES-19,2026-09-21 19:40:00
-3.712900,-60.583200,GOES-19,2026-09-21 20:20:00
-3.712900,-60.583200,GOES-19,2026-09-21 20:30:00
-3.712900,-60.583200,GOES-19,2026-09-21 20:40:00
-3.731200,-60.582800,GOES-19,2026-09-21 19:30:00
-3.731200,-60.582800,GOES-19,2026-09-21 19:40:00
-3.731200,-60.582800,GOES-19,2026-09-21 20:20:00
-3.731200,-60.582800,GOES-19,2026-09-21 20:30:00
-3.731200,-60.582800,GOES-19,2026-09-21 20:40:00
-3.548400,-60.586400,GOES-19,2026-09-21 18:20:00
-3.895800,-60.579400,GOES-19,2026-09-21 18:30:00
-3.895800,-60.579400,GOES-19,2026-09-21 18:50:00
-3.895800,-60.579400,GOES-19,2026-09-21 19:00:00
-3.895800,-60.579400,GOES-19,2026-09-21 19:10:00
-3.895800,-60.579400,GOES-19,2026-09-21 19:20:00
-3.895800,-60.579400,GOES-19,2026-09-21 19:30:00
-3.895800,-60.579400,GOES-19,2026-09-21 19:40:00
-3.895800,-60.579400,GOES-19,2026-09-21 19:50:00
-3.548400,-60.567400,GOES-19,2026-09-21 18:30:00
-3.694700,-60.564500,GOES-19,2026-09-21 19:10:00
-3.694700,-60.564500,GOES-19,2026-09-21 19:20:00
-3.694700,-60.564500,GOES-19,2026-09-21 19:30:00
-3.694700,-60.564500,GOES-19,2026-09-21 19:40:00
-3.694700,-60.564500,GOES-19,2026-09-21 19:50:00
-3.694700,-60.564500,GOES-19,2026-09-21 20:20:00
-3.694700,-60.564500,GOES-19,2026-09-21 20:30:00
-3.694700,-60.564500,GOES-19,2026-09-21 20:40:00
-3.713000,-60.564200,GOES-19,2026-09-21 19:20:00
-3.713000,-60.564200,GOES-19,2026-09-21 19:30:00
-3.713000,-60.564200,GOES-19,2026-09-21 19:40:00
-3.713000,-60.564200,GOES-19,2026-09-21 19:50:00
-3.713000,-60.564200,GOES-19,2026-09-21 20:20:00
-3.713000,-60.564200,GOES-19,2026-09-21 20:30:00
-3.713000,-60.564200,GOES-19,2026-09-21 20:40:00
-3.731300,-60.563800,GOES-19,2026-09-21 19:30:00
-3.731300,-60.563800,GOES-19,2026-09-21 19:40:00
-3.731300,-60.563800,GOES-19,2026-09-21 19:50:00
-3.713000,-60.545200,GOES-19,2026-09-21 19:10:00
-3.713000,-60.545200,GOES-19,2026-09-21 19:20:00
-3.713000,-60.545200,GOES-19,2026-09-21 19:30:00
-3.713000,-60.545200,GOES-19,2026-09-21 19:50:00
-9.165700,-60.352300,GOES-19,2026-09-21 14:50:00
-9.389200,-60.321500,GOES-19,2026-09-21 18:30:00
-9.389200,-60.321500,GOES-19,2026-09-21 18:50:00
-9.370700,-60.303200,GOES-19,2026-09-21 18:50:00
0.173100,-60.506700,GOES-19,2026-09-21 18:30:00
0.173100,-60.506700,GOES-19,2026-09-21 19:00:00
0.173100,-60.506700,GOES-19,2026-09-21 19:10:00
0.173100,-60.506700,GOES-19,2026-09-21 19:20:00
0.173100,-60.506700,GOES-19,2026-09-21 19:30:00
0.173100,-60.506700,GOES-19,2026-09-21 19:40:00
0.173100,-60.506700,GOES-19,2026-09-21 19:50:00
0.173200,-60.487800,GOES-19,2026-09-21 15:50:00
0.173200,-60.487800,GOES-19,2026-09-21 18:10:00
0.173200,-60.487800,GOES-19,2026-09-21 18:20:00
0.173200,-60.487800,GOES-19,2026-09-21 18:30:00
0.173200,-60.487800,GOES-19,2026-09-21 18:50:00
0.173200,-60.487800,GOES-19,2026-09-21 19:00:00
0.173200,-60.487800,GOES-19,2026-09-21 19:10:00
0.173200,-60.487800,GOES-19,2026-09-21 19:20:00
0.173200,-60.487800,GOES-19,2026-09-21 19:30:00
0.173200,-60.487800,GOES-19,2026-09-21 19:40:00
0.173200,-60.487800,GOES-19,2026-09-21 19:50:00
0.191400,-60.487800,GOES-19,2026-09-21 18:10:00
0.191400,-60.487800,GOES-19,2026-09-21 18:30:00
0.191400,-60.487800,GOES-19,2026-09-21 18:50:00
0.191400,-60.487800,GOES-19,2026-09-21 19:20:00
0.191400,-60.487800,GOES-19,2026-09-21 19:40:00
0.191400,-60.487800,GOES-19,2026-09-21 19:50:00
-16.051200,-59.759700,GOES-19,2026-09-21 18:20:00
-16.051200,-59.759700,GOES-19,2026-09-21 18:30:00
-16.051200,-59.759700,GOES-19,2026-09-21 18:50:00
-16.051200,-59.759700,GOES-19,2026-09-21 19:00:00
-16.051200,-59.759700,GOES-19,2026-09-21 19:10:00
-16.051200,-59.759700,GOES-19,2026-09-21 19:20:00
-16.051200,-59.759700,GOES-19,2026-09-21 19:30:00
-16.051200,-59.759700,GOES-19,2026-09-21 19:40:00
-16.051200,-59.759700,GOES-19,2026-09-21 19:50:00
-16.051500,-59.739700,GOES-19,2026-09-21 19:20:00
-5.124000,-60.282500,GOES-19,2026-09-21 18:30:00
-5.124000,-60.282500,GOES-19,2026-09-21 18:50:00
-5.124000,-60.282500,GOES-19,2026-09-21 19:00:00
-5.124000,-60.282500,GOES-19,2026-09-21 19:10:00
-1.467800,-60.273200,GOES-19,2026-09-21 18:20:00
-1.467800,-60.273200,GOES-19,2026-09-21 18:30:00
-1.467800,-60.273200,GOES-19,2026-09-21 18:50:00
-1.467800,-60.273200,GOES-19,2026-09-21 19:00:00
-1.467800,-60.273200,GOES-19,2026-09-21 19:50:00
-3.713900,-60.240900,GOES-19,2026-09-21 18:00:00
1.759700,-60.232600,GOES-19,2026-09-21 18:30:00
1.759700,-60.232600,GOES-19,2026-09-21 19:00:00
1.759700,-60.232600,GOES-19,2026-09-21 19:20:00
1.759700,-60.232600,GOES-19,2026-09-21 19:40:00
1.759700,-60.232600,GOES-19,2026-09-21 19:50:00
-3.421400,-60.208600,GOES-19,2026-09-21 17:50:00
-3.421400,-60.208600,GOES-19,2026-09-21 18:10:00
-3.421400,-60.208600,GOES-19,2026-09-21 18:20:00
-3.421400,-60.208600,GOES-19,2026-09-21 18:30:00
-3.421400,-60.208600,GOES-19,2026-09-21 18:50:00
-3.421400,-60.208600,GOES-19,2026-09-21 19:00:00
-3.421400,-60.208600,GOES-19,2026-09-21 19:10:00
-3.421400,-60.208600,GOES-19,2026-09-21 19:20:00
-3.421400,-60.208600,GOES-19,2026-09-21 19:30:00
-3.421400,-60.208600,GOES-19,2026-09-21 19:40:00
-3.421400,-60.208600,GOES-19,2026-09-21 19:50:00
-5.454900,-60.158200,GOES-19,2026-09-21 14:40:00
-5.454900,-60.158200,GOES-19,2026-09-21 14:50:00
-5.454900,-60.158200,GOES-19,2026-09-21 15:00:00
-5.454900,-60.158200,GOES-19,2026-09-21 15:10:00
-5.455000,-60.139100,GOES-19,2026-09-21 15:50:00
-6.374700,-60.031900,GOES-19,2026-09-21 14:30:00
-6.319500,-60.014700,GOES-19,2026-09-21 19:40:00
-6.319500,-60.014700,GOES-19,2026-09-21 19:50:00
-6.319500,-60.014700,GOES-19,2026-09-21 20:00:00
-6.319500,-60.014700,GOES-19,2026-09-21 20:10:00
-6.319500,-60.014700,GOES-19,2026-09-21 20:20:00
-6.448400,-60.010100,GOES-19,2026-09-21 19:30:00
-6.448400,-60.010100,GOES-19,2026-09-21 19:40:00
-6.448400,-60.010100,GOES-19,2026-09-21 19:50:00
-6.301200,-59.996200,GOES-19,2026-09-21 19:40:00
-6.301200,-59.996200,GOES-19,2026-09-21 19:50:00
-6.301200,-59.996200,GOES-19,2026-09-21 20:00:00
-6.301200,-59.996200,GOES-19,2026-09-21 20:10:00
-6.301200,-59.996200,GOES-19,2026-09-21 20:20:00
-6.319600,-59.995600,GOES-19,2026-09-21 19:40:00
-6.319600,-59.995600,GOES-19,2026-09-21 19:50:00
-6.319600,-59.995600,GOES-19,2026-09-21 20:10:00
-6.319600,-59.995600,GOES-19,2026-09-21 20:20:00
-6.430100,-59.991600,GOES-19,2026-09-21 19:30:00
-6.430100,-59.991600,GOES-19,2026-09-21 19:40:00
-6.430100,-59.991600,GOES-19,2026-09-21 19:50:00
-6.448500,-59.990900,GOES-19,2026-09-21 19:30:00
-6.448500,-59.990900,GOES-19,2026-09-21 19:40:00
-6.448500,-59.990900,GOES-19,2026-09-21 19:50:00
-6.467000,-59.990200,GOES-19,2026-09-21 19:30:00
-6.467000,-59.990200,GOES-19,2026-09-21 19:40:00
-6.430200,-59.972400,GOES-19,2026-09-21 19:30:00
-6.430200,-59.972400,GOES-19,2026-09-21 19:40:00
-6.430200,-59.972400,GOES-19,2026-09-21 19:50:00
-6.448600,-59.971700,GOES-19,2026-09-21 19:30:00
-6.448600,-59.971700,GOES-19,2026-09-21 19:40:00
-6.448600,-59.971700,GOES-19,2026-09-21 19:50:00
-6.467100,-59.971100,GOES-19,2026-09-21 19:30:00
-6.467100,-59.971100,GOES-19,2026-09-21 19:40:00
-6.467100,-59.971100,GOES-19,2026-09-21 19:50:00
-5.933300,-59.989900,GOES-19,2026-09-21 15:20:00
-5.933300,-59.989900,GOES-19,2026-09-21 18:30:00
-5.933300,-59.989900,GOES-19,2026-09-21 18:50:00
-5.933300,-59.989900,GOES-19,2026-09-21 19:00:00
-5.933300,-59.989900,GOES-19,2026-09-21 19:30:00
-5.933300,-59.989900,GOES-19,2026-09-21 19:40:00
-5.933300,-59.989900,GOES-19,2026-09-21 19:50:00
-6.485500,-59.970400,GOES-19,2026-09-21 18:00:00
-6.706600,-59.962100,GOES-19,2026-09-21 19:40:00
-6.301300,-59.977100,GOES-19,2026-09-21 18:30:00
-6.301300,-59.977100,GOES-19,2026-09-21 19:40:00
-6.301300,-59.977100,GOES-19,2026-09-21 19:50:00
-6.301300,-59.977100,GOES-19,2026-09-21 20:00:00
-6.301300,-59.977100,GOES-19,2026-09-21 20:10:00
-6.301300,-59.977100,GOES-19,2026-09-21 20:20:00
-6.319700,-59.976400,GOES-19,2026-09-21 20:00:00
-6.319700,-59.976400,GOES-19,2026-09-21 20:10:00
-6.798800,-59.958600,GOES-19,2026-09-21 18:50:00
-6.798800,-59.958600,GOES-19,2026-09-21 19:00:00
-6.798800,-59.958600,GOES-19,2026-09-21 19:10:00
-6.798800,-59.958600,GOES-19,2026-09-21 19:30:00
-4.263600,-60.018900,GOES-19,2026-09-21 15:50:00
-5.951800,-59.970100,GOES-19,2026-09-21 13:30:00
-5.951800,-59.970100,GOES-19,2026-09-21 13:40:00
-5.951800,-59.970100,GOES-19,2026-09-21 14:20:00
-5.951800,-59.970100,GOES-19,2026-09-21 18:00:00
-5.951800,-59.970100,GOES-19,2026-09-21 18:10:00
-5.951800,-59.970100,GOES-19,2026-09-21 19:00:00
-5.951800,-59.970100,GOES-19,2026-09-21 19:10:00
-5.951800,-59.970100,GOES-19,2026-09-21 19:30:00
-5.951800,-59.970100,GOES-19,2026-09-21 19:40:00
-6.099000,-59.965000,GOES-19,2026-09-21 18:10:00
-6.099000,-59.965000,GOES-19,2026-09-21 18:30:00
-6.099000,-59.965000,GOES-19,2026-09-21 19:10:00
-6.117400,-59.964400,GOES-19,2026-09-21 20:40:00
-6.135800,-59.963800,GOES-19,2026-09-21 20:40:00
-6.283000,-59.958600,GOES-19,2026-09-21 18:30:00
-6.301400,-59.957900,GOES-19,2026-09-21 18:30:00
-6.301400,-59.957900,GOES-19,2026-09-21 19:40:00
-6.301400,-59.957900,GOES-19,2026-09-21 19:50:00
-6.301400,-59.957900,GOES-19,2026-09-21 20:00:00
-6.301400,-59.957900,GOES-19,2026-09-21 20:10:00
-6.301400,-59.957900,GOES-19,2026-09-21 20:20:00
-6.319800,-59.957200,GOES-19,2026-09-21 18:30:00
-6.319800,-59.957200,GOES-19,2026-09-21 19:40:00
-6.319800,-59.957200,GOES-19,2026-09-21 19:50:00
-6.319800,-59.957200,GOES-19,2026-09-21 20:00:00
-6.319800,-59.957200,GOES-19,2026-09-21 20:10:00
-6.319800,-59.957200,GOES-19,2026-09-21 20:20:00
-6.338200,-59.956600,GOES-19,2026-09-21 19:50:00
-6.338200,-59.956600,GOES-19,2026-09-21 20:00:00
-6.338200,-59.956600,GOES-19,2026-09-21 20:10:00
-6.338200,-59.956600,GOES-19,2026-09-21 20:20:00
-6.356700,-59.955900,GOES-19,2026-09-21 19:50:00
-6.356700,-59.955900,GOES-19,2026-09-21 20:00:00
-6.798900,-59.939400,GOES-19,2026-09-21 18:50:00
-6.798900,-59.939400,GOES-19,2026-09-21 19:10:00
-6.872600,-59.936500,GOES-19,2026-09-21 19:40:00
-6.872600,-59.936500,GOES-19,2026-09-21 19:50:00
-4.263700,-59.999900,GOES-19,2026-09-21 15:40:00
-6.117500,-59.945200,GOES-19,2026-09-21 20:40:00
-6.135900,-59.944600,GOES-19,2026-09-21 20:40:00
-6.154300,-59.944000,GOES-19,2026-09-21 20:40:00
-6.301500,-59.938700,GOES-19,2026-09-21 18:30:00
-6.301500,-59.938700,GOES-19,2026-09-21 19:40:00
-6.301500,-59.938700,GOES-19,2026-09-21 19:50:00
-6.301500,-59.938700,GOES-19,2026-09-21 20:00:00
-6.301500,-59.938700,GOES-19,2026-09-21 20:10:00
-6.301500,-59.938700,GOES-19,2026-09-21 20:20:00
-6.319900,-59.938100,GOES-19,2026-09-21 18:30:00
-6.338300,-59.937400,GOES-19,2026-09-21 18:30:00
-6.633100,-59.926500,GOES-19,2026-09-21 19:10:00
-6.633100,-59.926500,GOES-19,2026-09-21 19:30:00
-6.633100,-59.926500,GOES-19,2026-09-21 19:40:00
-6.633100,-59.926500,GOES-19,2026-09-21 22:50:00
-6.633100,-59.926500,GOES-19,2026-09-21 23:00:00
-6.633100,-59.926500,GOES-19,2026-09-21 23:10:00
-6.633100,-59.926500,GOES-19,2026-09-21 23:20:00
-6.633100,-59.926500,GOES-19,2026-09-21 23:30:00
-6.633100,-59.926500,GOES-19,2026-09-21 23:40:00
-6.633100,-59.926500,GOES-19,2026-09-21 23:50:00
-6.669900,-59.925100,GOES-19,2026-09-21 23:30:00
-6.669900,-59.925100,GOES-19,2026-09-21 23:50:00
-6.872800,-59.917300,GOES-19,2026-09-21 19:00:00
-6.872800,-59.917300,GOES-19,2026-09-21 19:10:00
-6.872800,-59.917300,GOES-19,2026-09-21 19:20:00
-6.872800,-59.917300,GOES-19,2026-09-21 19:30:00
-6.872800,-59.917300,GOES-19,2026-09-21 19:40:00
2.143200,-60.019200,GOES-19,2026-09-21 18:20:00
2.143200,-60.019200,GOES-19,2026-09-21 18:50:00
-6.872900,-59.898100,GOES-19,2026-09-21 19:20:00
-6.872900,-59.898100,GOES-19,2026-09-21 19:30:00
-6.872900,-59.898100,GOES-19,2026-09-21 19:40:00
-6.872900,-59.898100,GOES-19,2026-09-21 19:50:00
-6.614800,-59.908000,GOES-19,2026-09-21 18:50:00
-6.614800,-59.908000,GOES-19,2026-09-21 19:00:00
-6.614800,-59.908000,GOES-19,2026-09-21 19:10:00
-6.614800,-59.908000,GOES-19,2026-09-21 19:20:00
-6.614800,-59.908000,GOES-19,2026-09-21 19:30:00
-6.614800,-59.908000,GOES-19,2026-09-21 19:40:00
-6.614800,-59.908000,GOES-19,2026-09-21 19:50:00
-6.614800,-59.908000,GOES-19,2026-09-21 22:50:00
-6.614800,-59.908000,GOES-19,2026-09-21 23:00:00
-6.614800,-59.908000,GOES-19,2026-09-21 23:10:00
-6.614800,-59.908000,GOES-19,2026-09-21 23:20:00
-6.614800,-59.908000,GOES-19,2026-09-21 23:30:00
-6.614800,-59.908000,GOES-19,2026-09-21 23:40:00
-6.614800,-59.908000,GOES-19,2026-09-21 23:50:00
-6.633200,-59.907300,GOES-19,2026-09-21 18:30:00
-6.633200,-59.907300,GOES-19,2026-09-21 18:50:00
-6.633200,-59.907300,GOES-19,2026-09-21 19:00:00
-6.633200,-59.907300,GOES-19,2026-09-21 19:10:00
-6.633200,-59.907300,GOES-19,2026-09-21 19:20:00
-6.633200,-59.907300,GOES-19,2026-09-21 19:30:00
-6.633200,-59.907300,GOES-19,2026-09-21 19:40:00
-6.633200,-59.907300,GOES-19,2026-09-21 19:50:00
-6.633200,-59.907300,GOES-19,2026-09-21 22:50:00
-6.633200,-59.907300,GOES-19,2026-09-21 23:00:00
-6.633200,-59.907300,GOES-19,2026-09-21 23:10:00
-6.633200,-59.907300,GOES-19,2026-09-21 23:20:00
-6.633200,-59.907300,GOES-19,2026-09-21 23:30:00
-6.633200,-59.907300,GOES-19,2026-09-21 23:40:00
-6.633200,-59.907300,GOES-19,2026-09-21 23:50:00
-6.099200,-59.926700,GOES-19,2026-09-21 17:50:00
-6.099200,-59.926700,GOES-19,2026-09-21 18:30:00
-6.117600,-59.926100,GOES-19,2026-09-21 15:10:00
-6.117600,-59.926100,GOES-19,2026-09-21 15:30:00
-6.117600,-59.926100,GOES-19,2026-09-21 18:20:00
-6.136000,-59.925400,GOES-19,2026-09-21 18:00:00
-6.136000,-59.925400,GOES-19,2026-09-21 18:30:00
-6.136000,-59.925400,GOES-19,2026-09-21 19:00:00
-6.136000,-59.925400,GOES-19,2026-09-21 19:10:00
-6.136000,-59.925400,GOES-19,2026-09-21 19:20:00
-6.136000,-59.925400,GOES-19,2026-09-21 19:30:00
-6.136000,-59.925400,GOES-19,2026-09-21 19:40:00
-6.136000,-59.925400,GOES-19,2026-09-21 19:50:00
-6.136000,-59.925400,GOES-19,2026-09-21 20:40:00
-3.550100,-59.958400,GOES-19,2026-09-21 19:50:00
-3.349200,-59.867000,GOES-19,2026-09-21 18:30:00
-3.331000,-59.848300,GOES-19,2026-09-21 18:30:00
-3.349300,-59.847900,GOES-19,2026-09-21 18:30:00
-3.331000,-59.829200,GOES-19,2026-09-21 18:30:00
-3.331100,-59.810100,GOES-19,2026-09-21 18:30:00
-6.911200,-59.646700,GOES-19,2026-09-21 18:20:00
-6.929600,-59.646000,GOES-19,2026-09-21 19:00:00
-6.929600,-59.646000,GOES-19,2026-09-21 19:10:00
-3.788600,-59.724300,GOES-19,2026-09-21 19:10:00
-6.763700,-59.633400,GOES-19,2026-09-21 14:50:00
-6.763700,-59.633400,GOES-19,2026-09-21 15:20:00
-6.763700,-59.633400,GOES-19,2026-09-21 15:50:00
-6.763700,-59.633400,GOES-19,2026-09-21 17:50:00
-6.763700,-59.633400,GOES-19,2026-09-21 18:50:00
-6.763700,-59.633400,GOES-19,2026-09-21 19:00:00
-6.911300,-59.627500,GOES-19,2026-09-21 18:50:00
-6.911300,-59.627500,GOES-19,2026-09-21 19:00:00
-6.911300,-59.627500,GOES-19,2026-09-21 19:10:00
-6.911300,-59.627500,GOES-19,2026-09-21 19:20:00
-6.911300,-59.627500,GOES-19,2026-09-21 19:30:00
-6.911300,-59.627500,GOES-19,2026-09-21 19:40:00
-6.911300,-59.627500,GOES-19,2026-09-21 19:50:00
-3.935300,-59.644600,GOES-19,2026-09-21 15:20:00
-3.972000,-59.624600,GOES-19,2026-09-21 15:00:00
-3.972000,-59.624600,GOES-19,2026-09-21 15:10:00
-3.972000,-59.624600,GOES-19,2026-09-21 15:20:00
-7.281100,-59.515900,GOES-19,2026-09-21 19:30:00
-7.281100,-59.515900,GOES-19,2026-09-21 19:40:00
-7.281100,-59.515900,GOES-19,2026-09-21 19:50:00
-7.299600,-59.515100,GOES-19,2026-09-21 19:30:00
-7.299600,-59.515100,GOES-19,2026-09-21 19:40:00
-7.299600,-59.515100,GOES-19,2026-09-21 19:50:00
-3.477900,-59.616100,GOES-19,2026-09-21 20:30:00
-3.478000,-59.597000,GOES-19,2026-09-21 20:30:00
-3.496300,-59.596700,GOES-19,2026-09-21 20:30:00
-3.478000,-59.577900,GOES-19,2026-09-21 20:30:00
-3.496300,-59.577500,GOES-19,2026-09-21 20:30:00
-3.478100,-59.558800,GOES-19,2026-09-21 20:30:00
-3.459900,-59.540000,GOES-19,2026-09-21 20:30:00
-3.478100,-59.539600,GOES-19,2026-09-21 15:10:00
-3.478100,-59.539600,GOES-19,2026-09-21 18:20:00
-3.478100,-59.539600,GOES-19,2026-09-21 18:50:00
-3.478100,-59.539600,GOES-19,2026-09-21 19:00:00
-3.478100,-59.539600,GOES-19,2026-09-21 19:20:00
-3.478100,-59.539600,GOES-19,2026-09-21 19:30:00
-6.820100,-59.438600,GOES-19,2026-09-21 18:00:00
-3.313700,-59.466400,GOES-19,2026-09-21 18:30:00
-3.313800,-59.447200,GOES-19,2026-09-21 18:30:00
-3.332100,-59.446900,GOES-19,2026-09-21 18:30:00
-3.277300,-59.428800,GOES-19,2026-09-21 18:10:00
-3.277300,-59.428800,GOES-19,2026-09-21 18:20:00
-3.277300,-59.428800,GOES-19,2026-09-21 18:30:00
-3.350400,-59.427400,GOES-19,2026-09-21 18:30:00
-3.588300,-59.422500,GOES-19,2026-09-21 19:30:00
-4.137600,-59.390800,GOES-19,2026-09-21 19:00:00
-3.313900,-59.389800,GOES-19,2026-09-21 18:30:00
-3.332200,-59.389400,GOES-19,2026-09-21 18:30:00
-3.003100,-59.376400,GOES-19,2026-09-21 18:50:00
-3.003100,-59.376400,GOES-19,2026-09-21 19:10:00
-3.003100,-59.376400,GOES-19,2026-09-21 19:20:00
-3.003100,-59.376400,GOES-19,2026-09-21 19:30:00
-3.003100,-59.376400,GOES-19,2026-09-21 19:40:00
-3.003100,-59.376400,GOES-19,2026-09-21 19:50:00
-6.784800,-59.150800,GOES-19,2026-09-21 14:00:00
-6.784800,-59.150800,GOES-19,2026-09-21 14:10:00
-3.405800,-59.234700,GOES-19,2026-09-21 17:50:00
-3.405800,-59.234700,GOES-19,2026-09-21 18:00:00
-6.785000,-59.131500,GOES-19,2026-09-21 13:00:00
-6.785000,-59.131500,GOES-19,2026-09-21 13:50:00
-6.785000,-59.131500,GOES-19,2026-09-21 14:00:00
-6.785000,-59.131500,GOES-19,2026-09-21 14:10:00
-6.785000,-59.131500,GOES-19,2026-09-21 15:10:00
-3.497400,-59.213600,GOES-19,2026-09-21 18:00:00
-3.497400,-59.213600,GOES-19,2026-09-21 18:10:00
-6.729900,-59.075800,GOES-19,2026-09-21 18:20:00
-6.729900,-59.075800,GOES-19,2026-09-21 18:30:00
-6.729900,-59.075800,GOES-19,2026-09-21 19:10:00
0.775500,-59.190900,GOES-19,2026-09-21 18:00:00
0.775500,-59.190900,GOES-19,2026-09-21 18:10:00
0.775500,-59.190900,GOES-19,2026-09-21 18:20:00
0.775500,-59.190900,GOES-19,2026-09-21 19:00:00
0.775500,-59.190900,GOES-19,2026-09-21 19:10:00
0.775500,-59.190900,GOES-19,2026-09-21 19:20:00
0.775500,-59.190900,GOES-19,2026-09-21 19:30:00
0.775500,-59.190900,GOES-19,2026-09-21 19:40:00
0.775500,-59.190900,GOES-19,2026-09-21 19:50:00
-9.306700,-58.930700,GOES-19,2026-09-21 19:30:00
-9.306700,-58.930700,GOES-19,2026-09-21 19:40:00
-9.306700,-58.930700,GOES-19,2026-09-21 19:50:00
-9.306900,-58.911200,GOES-19,2026-09-21 19:10:00
-9.306900,-58.911200,GOES-19,2026-09-21 19:20:00
-9.306900,-58.911200,GOES-19,2026-09-21 19:30:00
-9.306900,-58.911200,GOES-19,2026-09-21 19:40:00
-9.306900,-58.911200,GOES-19,2026-09-21 19:50:00
-6.711800,-59.018600,GOES-19,2026-09-21 18:30:00
-6.711800,-59.018600,GOES-19,2026-09-21 18:50:00
-6.711800,-59.018600,GOES-19,2026-09-21 19:00:00
-6.711800,-59.018600,GOES-19,2026-09-21 19:10:00
-6.711800,-59.018600,GOES-19,2026-09-21 19:20:00
-6.711800,-59.018600,GOES-19,2026-09-21 19:30:00
-6.711800,-59.018600,GOES-19,2026-09-21 19:40:00
-6.711800,-59.018600,GOES-19,2026-09-21 19:50:00
-9.120700,-58.902300,GOES-19,2026-09-21 19:00:00
-9.120700,-58.902300,GOES-19,2026-09-21 19:10:00
-9.120900,-58.882800,GOES-19,2026-09-21 19:00:00
-3.644700,-58.922400,GOES-19,2026-09-21 18:00:00
-3.644700,-58.922400,GOES-19,2026-09-21 18:10:00
-3.644700,-58.922400,GOES-19,2026-09-21 18:20:00
-3.644700,-58.922400,GOES-19,2026-09-21 18:50:00
-3.644700,-58.922400,GOES-19,2026-09-21 19:00:00
-3.644700,-58.922400,GOES-19,2026-09-21 19:10:00
-3.736400,-58.881800,GOES-19,2026-09-21 18:50:00
-3.645000,-58.826200,GOES-19,2026-09-21 18:30:00
-3.535600,-58.674600,GOES-19,2026-09-21 18:50:00
-3.535600,-58.674600,GOES-19,2026-09-21 19:00:00
-3.535600,-58.674600,GOES-19,2026-09-21 19:10:00
-3.535600,-58.674600,GOES-19,2026-09-21 19:20:00
-3.535600,-58.674600,GOES-19,2026-09-21 19:30:00
-6.548500,-58.560700,GOES-19,2026-09-21 18:20:00
-6.548500,-58.560700,GOES-19,2026-09-21 18:30:00
-6.548600,-58.541300,GOES-19,2026-09-21 18:30:00
-3.169800,-58.605100,GOES-19,2026-09-21 15:10:00
-3.169800,-58.605100,GOES-19,2026-09-21 15:20:00
-3.169800,-58.605100,GOES-19,2026-09-21 15:30:00
-3.169800,-58.605100,GOES-19,2026-09-21 15:40:00
-3.169800,-58.605100,GOES-19,2026-09-21 15:50:00
-3.169800,-58.605100,GOES-19,2026-09-21 18:20:00
-3.590900,-58.557700,GOES-19,2026-09-21 15:00:00
-3.756300,-58.399500,GOES-19,2026-09-21 17:30:00
-2.895900,-58.379000,GOES-19,2026-09-21 18:20:00
-2.347300,-58.368800,GOES-19,2026-09-21 19:30:00
-3.463500,-58.309600,GOES-19,2026-09-21 15:50:00
-2.420600,-58.290500,GOES-19,2026-09-21 18:20:00
-2.420600,-58.290500,GOES-19,2026-09-21 18:50:00
-2.420600,-58.290500,GOES-19,2026-09-21 19:00:00
-2.420600,-58.290500,GOES-19,2026-09-21 19:10:00
-2.420600,-58.290500,GOES-19,2026-09-21 19:20:00
-2.420600,-58.290500,GOES-19,2026-09-21 19:30:00
-2.420600,-58.290500,GOES-19,2026-09-21 19:40:00
-2.420600,-58.290500,GOES-19,2026-09-21 19:50:00
-1.927000,-58.278000,GOES-19,2026-09-21 16:40:00
-3.299000,-58.197200,GOES-19,2026-09-21 15:10:00
-3.299000,-58.197200,GOES-19,2026-09-21 15:20:00
-3.317500,-58.138800,GOES-19,2026-09-21 15:10:00
-3.317500,-58.138800,GOES-19,2026-09-21 15:20:00
-3.317500,-58.138800,GOES-19,2026-09-21 15:40:00
-3.427800,-58.020300,GOES-19,2026-09-21 15:30:00
-3.427800,-58.020300,GOES-19,2026-09-21 15:40:00
-3.427800,-58.020300,GOES-19,2026-09-21 15:50:00
-3.427800,-58.020300,GOES-19,2026-09-21 16:00:00
-3.427800,-58.020300,GOES-19,2026-09-21 16:10:00
-3.427800,-58.020300,GOES-19,2026-09-21 16:20:00
-3.427800,-58.020300,GOES-19,2026-09-21 16:30:00
-3.427800,-58.020300,GOES-19,2026-09-21 18:00:00
-2.549200,-58.017900,GOES-19,2026-09-21 19:00:00
-2.549200,-58.017900,GOES-19,2026-09-21 19:10:00
-2.549200,-58.017900,GOES-19,2026-09-21 19:20:00
-2.549200,-58.017900,GOES-19,2026-09-21 19:30:00
-2.549200,-58.017900,GOES-19,2026-09-21 19:40:00
-2.549200,-58.017900,GOES-19,2026-09-21 19:50:00
-3.647700,-57.995900,GOES-19,2026-09-21 18:00:00
-3.025200,-57.931900,GOES-19,2026-09-21 19:30:00
-3.025200,-57.931900,GOES-19,2026-09-21 19:40:00
-3.208300,-57.908800,GOES-19,2026-09-21 19:30:00
-3.208300,-57.908800,GOES-19,2026-09-21 19:40:00
-3.208300,-57.908800,GOES-19,2026-09-21 19:50:00
-6.036500,-57.823500,GOES-19,2026-09-21 18:20:00
-6.036500,-57.823500,GOES-19,2026-09-21 18:30:00
-6.036500,-57.823500,GOES-19,2026-09-21 19:00:00
-6.036500,-57.823500,GOES-19,2026-09-21 19:10:00
-6.036500,-57.823500,GOES-19,2026-09-21 19:20:00
-6.036500,-57.823500,GOES-19,2026-09-21 19:30:00
-6.036500,-57.823500,GOES-19,2026-09-21 19:40:00
-6.036500,-57.823500,GOES-19,2026-09-21 19:50:00
-6.036500,-57.823500,GOES-19,2026-09-21 20:10:00
-6.054900,-57.822700,GOES-19,2026-09-21 18:10:00
-6.054900,-57.822700,GOES-19,2026-09-21 18:20:00
-6.054900,-57.822700,GOES-19,2026-09-21 18:30:00
-6.054900,-57.822700,GOES-19,2026-09-21 18:50:00
-6.054900,-57.822700,GOES-19,2026-09-21 19:00:00
-6.054900,-57.822700,GOES-19,2026-09-21 19:10:00
-6.054900,-57.822700,GOES-19,2026-09-21 19:20:00
-6.054900,-57.822700,GOES-19,2026-09-21 19:40:00
-6.054900,-57.822700,GOES-19,2026-09-21 19:50:00
-6.054900,-57.822700,GOES-19,2026-09-21 20:10:00
-3.281800,-57.849100,GOES-19,2026-09-21 19:20:00
-3.281800,-57.849100,GOES-19,2026-09-21 19:30:00
-3.281800,-57.849100,GOES-19,2026-09-21 19:40:00
-3.281800,-57.849100,GOES-19,2026-09-21 19:50:00
-3.300100,-57.848700,GOES-19,2026-09-21 15:30:00
-3.300100,-57.848700,GOES-19,2026-09-21 15:40:00
-3.300100,-57.848700,GOES-19,2026-09-21 15:50:00
-3.300100,-57.848700,GOES-19,2026-09-21 18:20:00
-3.300100,-57.848700,GOES-19,2026-09-21 18:30:00
-3.300100,-57.848700,GOES-19,2026-09-21 19:00:00
-3.300100,-57.848700,GOES-19,2026-09-21 19:30:00
-3.300100,-57.848700,GOES-19,2026-09-21 19:40:00
-3.300100,-57.848700,GOES-19,2026-09-21 19:50:00
-7.570300,-57.696200,GOES-19,2026-09-21 18:30:00
-7.570300,-57.696200,GOES-19,2026-09-21 18:50:00
-7.570300,-57.696200,GOES-19,2026-09-21 20:00:00
-7.570300,-57.696200,GOES-19,2026-09-21 20:10:00
-7.570300,-57.696200,GOES-19,2026-09-21 20:50:00
-7.570300,-57.696200,GOES-19,2026-09-21 21:00:00
-7.570300,-57.696200,GOES-19,2026-09-21 21:10:00
-7.570300,-57.696200,GOES-19,2026-09-21 21:20:00
-7.570300,-57.696200,GOES-19,2026-09-21 21:30:00
-7.570300,-57.696200,GOES-19,2026-09-21 21:40:00
-7.570300,-57.696200,GOES-19,2026-09-21 22:40:00
-7.588800,-57.695300,GOES-19,2026-09-21 20:50:00
-7.588800,-57.695300,GOES-19,2026-09-21 21:00:00
-7.588800,-57.695300,GOES-19,2026-09-21 21:10:00
-7.588800,-57.695300,GOES-19,2026-09-21 21:20:00
-7.588800,-57.695300,GOES-19,2026-09-21 21:30:00
-7.588800,-57.695300,GOES-19,2026-09-21 21:40:00
-7.588800,-57.695300,GOES-19,2026-09-21 22:40:00
-2.915600,-57.837100,GOES-19,2026-09-21 15:30:00
-2.933900,-57.836800,GOES-19,2026-09-21 15:40:00
-5.815800,-57.754100,GOES-19,2026-09-21 18:50:00
-5.815800,-57.754100,GOES-19,2026-09-21 19:00:00
-5.815800,-57.754100,GOES-19,2026-09-21 19:10:00
-5.815800,-57.754100,GOES-19,2026-09-21 19:20:00
-5.815800,-57.754100,GOES-19,2026-09-21 19:30:00
-5.815800,-57.754100,GOES-19,2026-09-21 19:40:00
-5.815800,-57.754100,GOES-19,2026-09-21 19:50:00
-7.570400,-57.676600,GOES-19,2026-09-21 18:20:00
-7.570400,-57.676600,GOES-19,2026-09-21 18:30:00
-7.570400,-57.676600,GOES-19,2026-09-21 18:50:00
-7.570400,-57.676600,GOES-19,2026-09-21 20:00:00
-7.570400,-57.676600,GOES-19,2026-09-21 20:10:00
-7.570400,-57.676600,GOES-19,2026-09-21 20:50:00
-7.570400,-57.676600,GOES-19,2026-09-21 21:00:00
-7.570400,-57.676600,GOES-19,2026-09-21 21:10:00
-7.570400,-57.676600,GOES-19,2026-09-21 21:20:00
-7.570400,-57.676600,GOES-19,2026-09-21 21:30:00
-7.570400,-57.676600,GOES-19,2026-09-21 21:40:00
-7.570400,-57.676600,GOES-19,2026-09-21 22:40:00
-7.588900,-57.675700,GOES-19,2026-09-21 20:00:00
-7.588900,-57.675700,GOES-19,2026-09-21 20:10:00
-7.588900,-57.675700,GOES-19,2026-09-21 20:50:00
-7.588900,-57.675700,GOES-19,2026-09-21 21:00:00
-7.588900,-57.675700,GOES-19,2026-09-21 21:10:00
-7.588900,-57.675700,GOES-19,2026-09-21 21:20:00
-7.588900,-57.675700,GOES-19,2026-09-21 21:30:00
-7.588900,-57.675700,GOES-19,2026-09-21 21:40:00
-7.588900,-57.675700,GOES-19,2026-09-21 22:40:00
-7.607500,-57.674700,GOES-19,2026-09-21 20:00:00
-7.607500,-57.674700,GOES-19,2026-09-21 20:10:00
-7.607500,-57.674700,GOES-19,2026-09-21 20:50:00
-7.607500,-57.674700,GOES-19,2026-09-21 21:00:00
-7.607500,-57.674700,GOES-19,2026-09-21 21:10:00
-7.607500,-57.674700,GOES-19,2026-09-21 21:20:00
-7.607500,-57.674700,GOES-19,2026-09-21 21:30:00
-7.607500,-57.674700,GOES-19,2026-09-21 21:40:00
-7.607500,-57.674700,GOES-19,2026-09-21 22:40:00
-2.915700,-57.817700,GOES-19,2026-09-21 15:30:00
-2.915700,-57.817700,GOES-19,2026-09-21 15:40:00
-2.934000,-57.817400,GOES-19,2026-09-21 15:30:00
-2.934000,-57.817400,GOES-19,2026-09-21 15:40:00
-2.934000,-57.817400,GOES-19,2026-09-21 15:50:00
-2.934000,-57.817400,GOES-19,2026-09-21 18:00:00
-2.934000,-57.817400,GOES-19,2026-09-21 18:20:00
-2.934000,-57.817400,GOES-19,2026-09-21 18:30:00
-2.934000,-57.817400,GOES-19,2026-09-21 18:50:00
-3.190300,-57.812200,GOES-19,2026-09-21 14:10:00
-3.190300,-57.812200,GOES-19,2026-09-21 14:20:00
-3.190300,-57.812200,GOES-19,2026-09-21 14:30:00
-3.190300,-57.812200,GOES-19,2026-09-21 14:50:00
-3.190300,-57.812200,GOES-19,2026-09-21 18:10:00
-3.190300,-57.812200,GOES-19,2026-09-21 18:20:00
-3.190300,-57.812200,GOES-19,2026-09-21 18:30:00
-5.834300,-57.733900,GOES-19,2026-09-21 19:00:00
-5.834300,-57.733900,GOES-19,2026-09-21 19:10:00
-7.570500,-57.657000,GOES-19,2026-09-21 18:20:00
-7.570500,-57.657000,GOES-19,2026-09-21 18:30:00
-7.570500,-57.657000,GOES-19,2026-09-21 18:50:00
-7.570500,-57.657000,GOES-19,2026-09-21 20:00:00
-7.570500,-57.657000,GOES-19,2026-09-21 20:10:00
-7.570500,-57.657000,GOES-19,2026-09-21 20:50:00
-7.570500,-57.657000,GOES-19,2026-09-21 21:00:00
-7.570500,-57.657000,GOES-19,2026-09-21 21:10:00
-7.570500,-57.657000,GOES-19,2026-09-21 21:20:00
-7.570500,-57.657000,GOES-19,2026-09-21 21:30:00
-7.570500,-57.657000,GOES-19,2026-09-21 21:40:00
-7.570500,-57.657000,GOES-19,2026-09-21 22:40:00
-7.589100,-57.656100,GOES-19,2026-09-21 18:20:00
-7.589100,-57.656100,GOES-19,2026-09-21 18:30:00
-7.589100,-57.656100,GOES-19,2026-09-21 18:50:00
-7.589100,-57.656100,GOES-19,2026-09-21 20:00:00
-7.589100,-57.656100,GOES-19,2026-09-21 20:10:00
-7.589100,-57.656100,GOES-19,2026-09-21 20:50:00
-7.589100,-57.656100,GOES-19,2026-09-21 21:00:00
-7.589100,-57.656100,GOES-19,2026-09-21 21:10:00
-7.589100,-57.656100,GOES-19,2026-09-21 21:20:00
-7.589100,-57.656100,GOES-19,2026-09-21 21:30:00
-7.589100,-57.656100,GOES-19,2026-09-21 21:40:00
-7.589100,-57.656100,GOES-19,2026-09-21 22:40:00
-7.607600,-57.655100,GOES-19,2026-09-21 18:10:00
-7.607600,-57.655100,GOES-19,2026-09-21 18:20:00
-7.607600,-57.655100,GOES-19,2026-09-21 18:30:00
-7.607600,-57.655100,GOES-19,2026-09-21 18:50:00
-8.498500,-57.607500,GOES-19,2026-09-21 19:00:00
-8.498500,-57.607500,GOES-19,2026-09-21 19:40:00
-2.860800,-57.799400,GOES-19,2026-09-21 15:30:00
-2.860800,-57.799400,GOES-19,2026-09-21 15:40:00
-2.879100,-57.799000,GOES-19,2026-09-21 15:30:00
-2.879100,-57.799000,GOES-19,2026-09-21 15:40:00
-2.915700,-57.798300,GOES-19,2026-09-21 15:30:00
-2.915700,-57.798300,GOES-19,2026-09-21 15:40:00
-2.934000,-57.798000,GOES-19,2026-09-21 14:40:00
-2.934000,-57.798000,GOES-19,2026-09-21 14:50:00
-2.934000,-57.798000,GOES-19,2026-09-21 15:00:00
-2.934000,-57.798000,GOES-19,2026-09-21 15:10:00
-2.934000,-57.798000,GOES-19,2026-09-21 15:20:00
-2.934000,-57.798000,GOES-19,2026-09-21 15:30:00
-2.934000,-57.798000,GOES-19,2026-09-21 15:40:00
-2.934000,-57.798000,GOES-19,2026-09-21 15:50:00
-2.934000,-57.798000,GOES-19,2026-09-21 17:40:00
-2.934000,-57.798000,GOES-19,2026-09-21 18:00:00
-2.934000,-57.798000,GOES-19,2026-09-21 18:10:00
-2.934000,-57.798000,GOES-19,2026-09-21 18:20:00
-2.934000,-57.798000,GOES-19,2026-09-21 18:30:00
-2.934000,-57.798000,GOES-19,2026-09-21 18:50:00
-7.644800,-57.633700,GOES-19,2026-09-21 18:30:00
-7.644800,-57.633700,GOES-19,2026-09-21 18:50:00
-2.915800,-57.778900,GOES-19,2026-09-21 15:30:00
-7.607900,-57.616000,GOES-19,2026-09-21 18:20:00
-7.607900,-57.616000,GOES-19,2026-09-21 18:30:00
-7.607900,-57.616000,GOES-19,2026-09-21 18:50:00
-7.626400,-57.615000,GOES-19,2026-09-21 18:20:00
-7.626400,-57.615000,GOES-19,2026-09-21 18:30:00
-7.626400,-57.615000,GOES-19,2026-09-21 18:50:00
-3.318700,-57.751300,GOES-19,2026-09-21 19:20:00
-16.853700,-56.799300,GOES-19,2026-09-21 18:00:00
-16.853700,-56.799300,GOES-19,2026-09-21 18:20:00
-16.853700,-56.799300,GOES-19,2026-09-21 18:30:00
-16.853700,-56.799300,GOES-19,2026-09-21 19:10:00
-16.853700,-56.799300,GOES-19,2026-09-21 19:20:00
-16.853700,-56.799300,GOES-19,2026-09-21 19:30:00
-16.853700,-56.799300,GOES-19,2026-09-21 19:40:00
-16.854100,-56.778700,GOES-19,2026-09-21 18:10:00
-16.854100,-56.778700,GOES-19,2026-09-21 18:30:00
-16.854100,-56.778700,GOES-19,2026-09-21 18:50:00
-16.854100,-56.778700,GOES-19,2026-09-21 19:00:00
-16.854100,-56.778700,GOES-19,2026-09-21 19:10:00
-16.854100,-56.778700,GOES-19,2026-09-21 19:20:00
-3.392300,-57.633200,GOES-19,2026-09-21 18:10:00
-2.971100,-57.642000,GOES-19,2026-09-21 18:00:00
-2.971100,-57.642000,GOES-19,2026-09-21 18:10:00
-2.971100,-57.642000,GOES-19,2026-09-21 18:20:00
-2.971100,-57.622600,GOES-19,2026-09-21 18:50:00
-2.733200,-57.588300,GOES-19,2026-09-21 19:40:00
-3.392700,-57.516500,GOES-19,2026-09-21 18:30:00
-3.392700,-57.516500,GOES-19,2026-09-21 18:50:00
-21.484400,-55.875500,GOES-19,2026-09-21 18:30:00
-21.484400,-55.875500,GOES-19,2026-09-21 18:50:00
-21.484400,-55.875500,GOES-19,2026-09-21 19:00:00
-21.484400,-55.875500,GOES-19,2026-09-21 19:10:00
-2.568900,-57.416300,GOES-19,2026-09-21 17:40:00
-2.568900,-57.416300,GOES-19,2026-09-21 18:00:00
-2.568900,-57.416300,GOES-19,2026-09-21 18:20:00
-2.569000,-57.396800,GOES-19,2026-09-21 17:40:00
-2.569000,-57.396800,GOES-19,2026-09-21 18:00:00
-2.569000,-57.396800,GOES-19,2026-09-21 18:20:00
-2.569000,-57.396800,GOES-19,2026-09-21 18:30:00
-2.587300,-57.396500,GOES-19,2026-09-21 17:20:00
-2.587300,-57.396500,GOES-19,2026-09-21 17:30:00
-2.587300,-57.396500,GOES-19,2026-09-21 17:40:00
-2.587300,-57.396500,GOES-19,2026-09-21 17:50:00
-2.587300,-57.396500,GOES-19,2026-09-21 18:20:00
-2.587300,-57.396500,GOES-19,2026-09-21 18:30:00
-2.587300,-57.396500,GOES-19,2026-09-21 18:50:00
-1.690800,-57.409400,GOES-19,2026-09-21 18:10:00
-1.690800,-57.409400,GOES-19,2026-09-21 18:20:00
-1.690800,-57.409400,GOES-19,2026-09-21 18:30:00
-1.690800,-57.409400,GOES-19,2026-09-21 18:50:00
-1.690800,-57.409400,GOES-19,2026-09-21 19:00:00
-1.690800,-57.409400,GOES-19,2026-09-21 19:10:00
-1.690800,-57.409400,GOES-19,2026-09-21 19:20:00
-1.690800,-57.409400,GOES-19,2026-09-21 19:30:00
-1.690800,-57.409400,GOES-19,2026-09-21 19:40:00
-1.690800,-57.409400,GOES-19,2026-09-21 19:50:00
-1.709100,-57.409200,GOES-19,2026-09-21 18:50:00
-1.709100,-57.409200,GOES-19,2026-09-21 19:00:00
-1.709100,-57.409200,GOES-19,2026-09-21 19:10:00
-2.569000,-57.377400,GOES-19,2026-09-21 18:30:00
-5.579300,-57.216400,GOES-19,2026-09-21 17:20:00
-2.972300,-57.214000,GOES-19,2026-09-21 17:40:00
-2.972300,-57.214000,GOES-19,2026-09-21 18:00:00
-2.972300,-57.214000,GOES-19,2026-09-21 18:10:00
-2.972300,-57.214000,GOES-19,2026-09-21 18:20:00
-2.972300,-57.214000,GOES-19,2026-09-21 18:30:00
-9.342100,-56.944800,GOES-19,2026-09-21 18:50:00
-9.342100,-56.944800,GOES-19,2026-09-21 19:00:00
-2.807500,-57.178300,GOES-19,2026-09-21 15:40:00
-2.807500,-57.178300,GOES-19,2026-09-21 15:50:00
-3.870600,-57.154100,GOES-19,2026-09-21 18:10:00
-2.807600,-57.158800,GOES-19,2026-09-21 15:40:00
-3.669000,-57.100700,GOES-19,2026-09-21 15:00:00
-3.266000,-57.012700,GOES-19,2026-09-21 18:30:00
-1.930000,-56.606600,GOES-19,2026-09-21 18:30:00
-1.930000,-56.606600,GOES-19,2026-09-21 18:50:00
-1.930000,-56.606600,GOES-19,2026-09-21 19:00:00
-1.930000,-56.606600,GOES-19,2026-09-21 19:10:00
-1.930000,-56.606600,GOES-19,2026-09-21 19:20:00
-1.930000,-56.606600,GOES-19,2026-09-21 19:30:00
-1.930000,-56.606600,GOES-19,2026-09-21 19:40:00
-1.930000,-56.606600,GOES-19,2026-09-21 19:50:00
-1.948300,-56.606400,GOES-19,2026-09-21 18:20:00
-1.948300,-56.606400,GOES-19,2026-09-21 18:30:00
-1.948300,-56.606400,GOES-19,2026-09-21 18:50:00
-1.948300,-56.606400,GOES-19,2026-09-21 19:00:00
-1.948300,-56.606400,GOES-19,2026-09-21 19:10:00
-1.948300,-56.606400,GOES-19,2026-09-21 19:20:00
-1.948300,-56.606400,GOES-19,2026-09-21 19:30:00
-1.948300,-56.606400,GOES-19,2026-09-21 19:40:00
-1.948300,-56.606400,GOES-19,2026-09-21 19:50:00
-1.948400,-56.586800,GOES-19,2026-09-21 18:30:00
-1.948400,-56.586800,GOES-19,2026-09-21 18:50:00
-1.948400,-56.586800,GOES-19,2026-09-21 19:00:00
-1.948400,-56.586800,GOES-19,2026-09-21 19:10:00
-1.948400,-56.586800,GOES-19,2026-09-21 19:20:00
-1.948400,-56.586800,GOES-19,2026-09-21 19:30:00
-1.948400,-56.586800,GOES-19,2026-09-21 19:40:00
-1.948400,-56.586800,GOES-19,2026-09-21 19:50:00
-2.534600,-56.459900,GOES-19,2026-09-21 18:50:00
-2.534700,-56.440300,GOES-19,2026-09-21 18:50:00
-4.057300,-56.325900,GOES-19,2026-09-21 19:20:00
-4.057300,-56.325900,GOES-19,2026-09-21 19:30:00
-4.057400,-56.306200,GOES-19,2026-09-21 18:50:00
-4.057400,-56.306200,GOES-19,2026-09-21 19:00:00
-4.057400,-56.306200,GOES-19,2026-09-21 19:10:00
-4.057400,-56.306200,GOES-19,2026-09-21 19:20:00
-4.057400,-56.306200,GOES-19,2026-09-21 19:30:00
-4.057400,-56.306200,GOES-19,2026-09-21 19:50:00
-3.929800,-56.053800,GOES-19,2026-09-21 18:10:00
-3.929800,-56.053800,GOES-19,2026-09-21 18:20:00
-3.929800,-56.053800,GOES-19,2026-09-21 18:30:00
-3.929800,-56.053800,GOES-19,2026-09-21 18:50:00
-3.929800,-56.053800,GOES-19,2026-09-21 19:00:00
-3.929800,-56.053800,GOES-19,2026-09-21 19:20:00
-3.929800,-56.053800,GOES-19,2026-09-21 19:30:00
-3.929800,-56.053800,GOES-19,2026-09-21 19:40:00
-3.929800,-56.053800,GOES-19,2026-09-21 19:50:00
-5.272600,-56.008700,GOES-19,2026-09-21 15:40:00
-6.805700,-55.841600,GOES-19,2026-09-21 14:20:00
-6.805700,-55.841600,GOES-19,2026-09-21 14:40:00
-6.805700,-55.841600,GOES-19,2026-09-21 14:50:00
-6.805700,-55.841600,GOES-19,2026-09-21 15:00:00
-6.805700,-55.841600,GOES-19,2026-09-21 15:10:00
-6.805700,-55.841600,GOES-19,2026-09-21 15:20:00
-6.805700,-55.841600,GOES-19,2026-09-21 15:30:00
-6.805700,-55.841600,GOES-19,2026-09-21 15:40:00
-6.805700,-55.841600,GOES-19,2026-09-21 15:50:00
-6.824200,-55.840700,GOES-19,2026-09-21 14:40:00
-4.886400,-55.904400,GOES-19,2026-09-21 18:30:00
-4.886400,-55.904400,GOES-19,2026-09-21 19:00:00
-4.886400,-55.904400,GOES-19,2026-09-21 19:10:00
-4.886400,-55.904400,GOES-19,2026-09-21 19:20:00
-7.324800,-55.754800,GOES-19,2026-09-21 15:10:00
-7.324800,-55.754800,GOES-19,2026-09-21 15:20:00
-4.960400,-55.842400,GOES-19,2026-09-21 14:20:00
-4.960400,-55.842400,GOES-19,2026-09-21 14:30:00
-4.960400,-55.842400,GOES-19,2026-09-21 14:40:00
-4.960400,-55.842400,GOES-19,2026-09-21 14:50:00
-4.960400,-55.842400,GOES-19,2026-09-21 15:00:00
-4.978800,-55.841700,GOES-19,2026-09-21 15:30:00
-1.455200,-55.905300,GOES-19,2026-09-21 18:50:00
-1.455200,-55.905300,GOES-19,2026-09-21 19:00:00
-1.455200,-55.905300,GOES-19,2026-09-21 19:10:00
-1.455200,-55.905300,GOES-19,2026-09-21 19:20:00
-1.455200,-55.905300,GOES-19,2026-09-21 19:40:00
-4.960500,-55.822600,GOES-19,2026-09-21 14:00:00
-4.960500,-55.822600,GOES-19,2026-09-21 14:10:00
-4.960500,-55.822600,GOES-19,2026-09-21 14:20:00
-4.960500,-55.822600,GOES-19,2026-09-21 14:30:00
-4.960500,-55.822600,GOES-19,2026-09-21 14:40:00
-4.960500,-55.822600,GOES-19,2026-09-21 14:50:00
-4.960500,-55.822600,GOES-19,2026-09-21 15:00:00
-4.960500,-55.822600,GOES-19,2026-09-21 15:10:00
-4.960500,-55.822600,GOES-19,2026-09-21 15:30:00
-4.960500,-55.822600,GOES-19,2026-09-21 18:30:00
-4.960500,-55.822600,GOES-19,2026-09-21 18:50:00
-4.978900,-55.821900,GOES-19,2026-09-21 14:10:00
-4.978900,-55.821900,GOES-19,2026-09-21 14:20:00
-4.978900,-55.821900,GOES-19,2026-09-21 14:30:00
-4.978900,-55.821900,GOES-19,2026-09-21 14:40:00
-4.978900,-55.821900,GOES-19,2026-09-21 14:50:00
-4.978900,-55.821900,GOES-19,2026-09-21 15:00:00
-4.978900,-55.821900,GOES-19,2026-09-21 15:10:00
-4.978900,-55.821900,GOES-19,2026-09-21 15:20:00
-4.978900,-55.821900,GOES-19,2026-09-21 15:30:00
1.528500,-55.884800,GOES-19,2026-09-21 19:10:00
1.546800,-55.864900,GOES-19,2026-09-21 18:10:00
1.546800,-55.864900,GOES-19,2026-09-21 19:00:00
1.546800,-55.864900,GOES-19,2026-09-21 19:10:00
1.528500,-55.865100,GOES-19,2026-09-21 18:10:00
1.528500,-55.865100,GOES-19,2026-09-21 18:50:00
1.510200,-55.865300,GOES-19,2026-09-21 17:40:00
1.510200,-55.865300,GOES-19,2026-09-21 19:10:00
1.546900,-55.845200,GOES-19,2026-09-21 15:40:00
1.546900,-55.845200,GOES-19,2026-09-21 18:10:00
1.528500,-55.845400,GOES-19,2026-09-21 15:20:00
1.528500,-55.845400,GOES-19,2026-09-21 15:30:00
1.528500,-55.845400,GOES-19,2026-09-21 15:50:00
1.528500,-55.845400,GOES-19,2026-09-21 17:50:00
-4.647900,-55.774300,GOES-19,2026-09-21 19:10:00
2.059800,-55.818700,GOES-19,2026-09-21 15:10:00
2.059800,-55.818700,GOES-19,2026-09-21 16:00:00
1.528600,-55.825700,GOES-19,2026-09-21 15:30:00
1.528600,-55.825700,GOES-19,2026-09-21 18:10:00
-4.519200,-55.758900,GOES-19,2026-09-21 18:20:00
-4.519200,-55.758900,GOES-19,2026-09-21 18:30:00
-4.519200,-55.758900,GOES-19,2026-09-21 18:50:00
-6.733300,-55.606600,GOES-19,2026-09-21 18:20:00
-7.233500,-55.580400,GOES-19,2026-09-21 15:00:00
-7.233500,-55.580400,GOES-19,2026-09-21 15:10:00
-7.233500,-55.580400,GOES-19,2026-09-21 15:20:00
-7.233500,-55.580400,GOES-19,2026-09-21 15:30:00
-7.233500,-55.580400,GOES-19,2026-09-21 15:40:00
-7.233500,-55.580400,GOES-19,2026-09-21 18:20:00
-7.233500,-55.580400,GOES-19,2026-09-21 18:50:00
1.528700,-55.746800,GOES-19,2026-09-21 18:10:00
1.528700,-55.746800,GOES-19,2026-09-21 18:20:00
1.528700,-55.746800,GOES-19,2026-09-21 18:30:00
1.528700,-55.746800,GOES-19,2026-09-21 18:50:00
1.510400,-55.747000,GOES-19,2026-09-21 18:20:00
1.510400,-55.747000,GOES-19,2026-09-21 18:30:00
1.510400,-55.747000,GOES-19,2026-09-21 18:50:00
1.510400,-55.727300,GOES-19,2026-09-21 18:30:00
1.510400,-55.727300,GOES-19,2026-09-21 18:50:00
-4.666900,-55.635000,GOES-19,2026-09-21 18:20:00
-4.446300,-55.602800,GOES-19,2026-09-21 18:10:00
-4.446300,-55.602800,GOES-19,2026-09-21 18:30:00
-4.446400,-55.583000,GOES-19,2026-09-21 18:50:00
-8.107600,-55.369900,GOES-19,2026-09-21 19:50:00
-8.107800,-55.349900,GOES-19,2026-09-21 18:50:00
-7.606100,-55.359800,GOES-19,2026-09-21 18:50:00
-7.624700,-55.358800,GOES-19,2026-09-21 18:20:00
-7.624700,-55.358800,GOES-19,2026-09-21 18:50:00
-7.624700,-55.358800,GOES-19,2026-09-21 19:00:00
-7.624700,-55.358800,GOES-19,2026-09-21 19:10:00
-7.624700,-55.358800,GOES-19,2026-09-21 19:20:00
-7.624700,-55.358800,GOES-19,2026-09-21 19:40:00
-7.606300,-55.339800,GOES-19,2026-09-21 18:30:00
-7.606300,-55.339800,GOES-19,2026-09-21 18:50:00
-7.606300,-55.339800,GOES-19,2026-09-21 19:00:00
-7.606300,-55.339800,GOES-19,2026-09-21 19:10:00
-7.606300,-55.339800,GOES-19,2026-09-21 19:20:00
-7.606300,-55.339800,GOES-19,2026-09-21 19:30:00
-7.606300,-55.339800,GOES-19,2026-09-21 19:40:00
-7.624800,-55.338800,GOES-19,2026-09-21 18:10:00
-7.624800,-55.338800,GOES-19,2026-09-21 18:50:00
-7.624800,-55.338800,GOES-19,2026-09-21 19:00:00
-7.624800,-55.338800,GOES-19,2026-09-21 19:10:00
-8.257000,-55.300500,GOES-19,2026-09-21 20:20:00
-3.509600,-55.492000,GOES-19,2026-09-21 18:30:00
-3.509600,-55.492000,GOES-19,2026-09-21 18:50:00
-3.509600,-55.492000,GOES-19,2026-09-21 19:00:00
-3.509600,-55.492000,GOES-19,2026-09-21 19:10:00
-3.509600,-55.492000,GOES-19,2026-09-21 19:20:00
-3.509600,-55.492000,GOES-19,2026-09-21 19:30:00
-3.509600,-55.492000,GOES-19,2026-09-21 19:40:00
-3.509600,-55.492000,GOES-19,2026-09-21 19:50:00
-6.512900,-55.378400,GOES-19,2026-09-21 15:40:00
-6.512900,-55.378400,GOES-19,2026-09-21 18:20:00
-6.512900,-55.378400,GOES-19,2026-09-21 18:30:00
-6.531400,-55.377500,GOES-19,2026-09-21 18:20:00
-8.238600,-55.281600,GOES-19,2026-09-21 15:10:00
-8.238600,-55.281600,GOES-19,2026-09-21 15:30:00
-8.238600,-55.281600,GOES-19,2026-09-21 19:10:00
-8.238600,-55.281600,GOES-19,2026-09-21 19:50:00
-8.238600,-55.281600,GOES-19,2026-09-21 20:20:00
-8.257200,-55.280500,GOES-19,2026-09-21 18:50:00
-8.257200,-55.280500,GOES-19,2026-09-21 20:20:00
-3.509600,-55.472200,GOES-19,2026-09-21 19:00:00
-3.509600,-55.472200,GOES-19,2026-09-21 19:10:00
-3.509600,-55.472200,GOES-19,2026-09-21 19:20:00
-3.509600,-55.472200,GOES-19,2026-09-21 19:30:00
-3.509600,-55.472200,GOES-19,2026-09-21 19:40:00
-3.509600,-55.472200,GOES-19,2026-09-21 19:50:00
-4.263100,-55.450200,GOES-19,2026-09-21 19:00:00
-4.263100,-55.450200,GOES-19,2026-09-21 19:20:00
-4.263100,-55.450200,GOES-19,2026-09-21 19:30:00
-4.263100,-55.450200,GOES-19,2026-09-21 19:40:00
-4.263100,-55.450200,GOES-19,2026-09-21 19:50:00
-4.281500,-55.449600,GOES-19,2026-09-21 19:00:00
-4.281500,-55.449600,GOES-19,2026-09-21 19:10:00
-4.281500,-55.449600,GOES-19,2026-09-21 19:30:00
-8.238800,-55.261600,GOES-19,2026-09-21 20:20:00
-8.257400,-55.260400,GOES-19,2026-09-21 15:00:00
-8.257400,-55.260400,GOES-19,2026-09-21 15:30:00
-8.257400,-55.260400,GOES-19,2026-09-21 18:10:00
-8.257400,-55.260400,GOES-19,2026-09-21 18:30:00
-8.257400,-55.260400,GOES-19,2026-09-21 18:50:00
-8.257400,-55.260400,GOES-19,2026-09-21 20:20:00
-6.531500,-55.357600,GOES-19,2026-09-21 18:20:00
-4.281600,-55.429700,GOES-19,2026-09-21 18:30:00
-4.281600,-55.429700,GOES-19,2026-09-21 19:00:00
-4.281600,-55.429700,GOES-19,2026-09-21 19:20:00
-4.281600,-55.429700,GOES-19,2026-09-21 19:40:00
-4.281600,-55.429700,GOES-19,2026-09-21 19:50:00
-8.238900,-55.241500,GOES-19,2026-09-21 15:30:00
-8.238900,-55.241500,GOES-19,2026-09-21 18:30:00
-8.238900,-55.241500,GOES-19,2026-09-21 18:50:00
-8.238900,-55.241500,GOES-19,2026-09-21 19:00:00
-8.238900,-55.241500,GOES-19,2026-09-21 19:20:00
-6.384000,-55.285000,GOES-19,2026-09-21 19:30:00
-6.865300,-55.260700,GOES-19,2026-09-21 15:50:00
-7.310500,-55.196600,GOES-19,2026-09-21 12:00:00
-7.310500,-55.196600,GOES-19,2026-09-21 12:30:00
-7.310500,-55.196600,GOES-19,2026-09-21 12:40:00
-7.310500,-55.196600,GOES-19,2026-09-21 12:50:00
-7.310500,-55.196600,GOES-19,2026-09-21 13:00:00
-7.310500,-55.196600,GOES-19,2026-09-21 13:30:00
-7.310500,-55.196600,GOES-19,2026-09-21 13:40:00
-7.310500,-55.196600,GOES-19,2026-09-21 13:50:00
-7.310500,-55.196600,GOES-19,2026-09-21 14:20:00
-7.310500,-55.196600,GOES-19,2026-09-21 14:40:00
-7.310500,-55.196600,GOES-19,2026-09-21 14:50:00
-7.310500,-55.196600,GOES-19,2026-09-21 15:10:00
-7.310500,-55.196600,GOES-19,2026-09-21 15:20:00
-8.148400,-54.945900,GOES-19,2026-09-21 15:40:00
-1.364700,-55.154900,GOES-19,2026-09-21 18:50:00
-1.364700,-55.154900,GOES-19,2026-09-21 19:00:00
-1.364700,-55.154900,GOES-19,2026-09-21 19:10:00
-7.312500,-54.935900,GOES-19,2026-09-21 12:30:00
-7.312500,-54.935900,GOES-19,2026-09-21 12:40:00
-7.331100,-54.934800,GOES-19,2026-09-21 15:20:00
-8.615000,-54.834800,GOES-19,2026-09-21 16:10:00
-8.615000,-54.834800,GOES-19,2026-09-21 16:30:00
-8.168400,-54.783600,GOES-19,2026-09-21 15:20:00
-8.187100,-54.782400,GOES-19,2026-09-21 15:20:00
-8.168600,-54.763400,GOES-19,2026-09-21 15:20:00
-8.187200,-54.762200,GOES-19,2026-09-21 15:20:00
-8.187400,-54.742000,GOES-19,2026-09-21 15:20:00
-8.187600,-54.721900,GOES-19,2026-09-21 15:20:00
-1.695000,-54.932400,GOES-19,2026-09-21 15:50:00
-1.695000,-54.932400,GOES-19,2026-09-21 16:40:00
-1.695000,-54.932400,GOES-19,2026-09-21 17:40:00
-8.243800,-54.677900,GOES-19,2026-09-21 18:50:00
-8.598200,-54.634100,GOES-19,2026-09-21 19:50:00
-8.598200,-54.634100,GOES-19,2026-09-21 20:10:00
-8.598200,-54.634100,GOES-19,2026-09-21 20:20:00
-8.598200,-54.634100,GOES-19,2026-09-21 20:30:00
-8.616900,-54.632800,GOES-19,2026-09-21 19:50:00
-8.616900,-54.632800,GOES-19,2026-09-21 20:10:00
-8.616900,-54.632800,GOES-19,2026-09-21 20:20:00
-8.616900,-54.632800,GOES-19,2026-09-21 20:30:00
-8.635500,-54.631600,GOES-19,2026-09-21 20:10:00
-8.635500,-54.631600,GOES-19,2026-09-21 20:20:00
-8.635500,-54.631600,GOES-19,2026-09-21 20:30:00
-8.598400,-54.613900,GOES-19,2026-09-21 19:50:00
-8.598400,-54.613900,GOES-19,2026-09-21 20:10:00
-8.598400,-54.613900,GOES-19,2026-09-21 20:20:00
-8.598400,-54.613900,GOES-19,2026-09-21 20:30:00
-8.617100,-54.612600,GOES-19,2026-09-21 19:50:00
-8.617100,-54.612600,GOES-19,2026-09-21 20:10:00
-8.617100,-54.612600,GOES-19,2026-09-21 20:20:00
-8.617100,-54.612600,GOES-19,2026-09-21 20:30:00
-1.768600,-54.792100,GOES-19,2026-09-21 17:50:00
-1.768600,-54.792100,GOES-19,2026-09-21 18:20:00
-1.768600,-54.792100,GOES-19,2026-09-21 18:30:00
-1.768600,-54.792100,GOES-19,2026-09-21 18:50:00
-1.786900,-54.791800,GOES-19,2026-09-21 17:50:00
-1.786900,-54.791800,GOES-19,2026-09-21 18:00:00
-1.786900,-54.791800,GOES-19,2026-09-21 18:20:00
-1.786900,-54.791800,GOES-19,2026-09-21 18:50:00
-1.750400,-54.712600,GOES-19,2026-09-21 18:50:00
-1.750400,-54.712600,GOES-19,2026-09-21 19:00:00
-1.750400,-54.712600,GOES-19,2026-09-21 19:10:00
-12.805300,-54.066900,GOES-19,2026-09-21 13:40:00
-12.805300,-54.066900,GOES-19,2026-09-21 23:40:00
-12.805300,-54.066900,GOES-19,2026-09-21 23:50:00
-12.824400,-54.064900,GOES-19,2026-09-21 13:20:00
-12.824400,-54.064900,GOES-19,2026-09-21 13:40:00
-12.843400,-54.062900,GOES-19,2026-09-21 13:20:00
-12.843400,-54.062900,GOES-19,2026-09-21 13:40:00
-12.805600,-54.046200,GOES-19,2026-09-21 13:20:00
-12.805600,-54.046200,GOES-19,2026-09-21 13:40:00
-12.805600,-54.046200,GOES-19,2026-09-21 23:00:00
-12.805600,-54.046200,GOES-19,2026-09-21 23:10:00
-12.805600,-54.046200,GOES-19,2026-09-21 23:20:00
-12.805600,-54.046200,GOES-19,2026-09-21 23:30:00
-12.805600,-54.046200,GOES-19,2026-09-21 23:40:00
-12.805600,-54.046200,GOES-19,2026-09-21 23:50:00
-12.824600,-54.044200,GOES-19,2026-09-21 13:20:00
-12.824600,-54.044200,GOES-19,2026-09-21 13:40:00
-12.824600,-54.044200,GOES-19,2026-09-21 23:00:00
-12.824600,-54.044200,GOES-19,2026-09-21 23:10:00
-12.824600,-54.044200,GOES-19,2026-09-21 23:20:00
-12.824600,-54.044200,GOES-19,2026-09-21 23:30:00
-12.824600,-54.044200,GOES-19,2026-09-21 23:40:00
-12.824600,-54.044200,GOES-19,2026-09-21 23:50:00
-12.843700,-54.042200,GOES-19,2026-09-21 13:20:00
-12.843700,-54.042200,GOES-19,2026-09-21 13:40:00
-12.843700,-54.042200,GOES-19,2026-09-21 23:00:00
-12.843700,-54.042200,GOES-19,2026-09-21 23:10:00
-12.843700,-54.042200,GOES-19,2026-09-21 23:20:00
-11.267500,-54.156600,GOES-19,2026-09-21 19:30:00
-10.910000,-54.066100,GOES-19,2026-09-21 15:00:00
-10.910000,-54.066100,GOES-19,2026-09-21 15:10:00
-10.910000,-54.066100,GOES-19,2026-09-21 15:30:00
-10.910000,-54.066100,GOES-19,2026-09-21 19:30:00
-10.910000,-54.066100,GOES-19,2026-09-21 19:40:00
-10.910000,-54.066100,GOES-19,2026-09-21 19:50:00
-14.672100,-53.603800,GOES-19,2026-09-21 13:20:00
-14.672100,-53.603800,GOES-19,2026-09-21 13:30:00
-14.672100,-53.603800,GOES-19,2026-09-21 13:40:00
-14.672100,-53.603800,GOES-19,2026-09-21 13:50:00
-10.609200,-54.010700,GOES-19,2026-09-21 18:50:00
-10.609200,-54.010700,GOES-19,2026-09-21 20:40:00
-10.609200,-54.010700,GOES-19,2026-09-21 21:10:00
-10.609200,-54.010700,GOES-19,2026-09-21 23:30:00
-11.024300,-53.973800,GOES-19,2026-09-21 14:40:00
-11.024300,-53.973800,GOES-19,2026-09-21 15:10:00
-11.024300,-53.973800,GOES-19,2026-09-21 15:20:00
-3.054200,-54.408100,GOES-19,2026-09-21 19:20:00
-3.054200,-54.408100,GOES-19,2026-09-21 19:30:00
-3.054200,-54.408100,GOES-19,2026-09-21 19:40:00
-3.054200,-54.408100,GOES-19,2026-09-21 19:50:00
-3.054200,-54.408100,GOES-19,2026-09-21 20:20:00
-3.054200,-54.408100,GOES-19,2026-09-21 20:30:00
-3.054200,-54.408100,GOES-19,2026-09-21 21:30:00
-3.072600,-54.407600,GOES-19,2026-09-21 19:00:00
-3.072600,-54.407600,GOES-19,2026-09-21 19:10:00
-3.072600,-54.407600,GOES-19,2026-09-21 19:20:00
-3.072600,-54.407600,GOES-19,2026-09-21 19:30:00
-3.072600,-54.407600,GOES-19,2026-09-21 19:40:00
-3.072600,-54.407600,GOES-19,2026-09-21 19:50:00
-3.072600,-54.407600,GOES-19,2026-09-21 20:20:00
-3.072600,-54.407600,GOES-19,2026-09-21 20:30:00
-3.072600,-54.407600,GOES-19,2026-09-21 21:30:00
-10.590600,-53.991800,GOES-19,2026-09-21 11:50:00
-10.590600,-53.991800,GOES-19,2026-09-21 12:00:00
-10.590600,-53.991800,GOES-19,2026-09-21 12:10:00
-10.590600,-53.991800,GOES-19,2026-09-21 12:40:00
-10.590600,-53.991800,GOES-19,2026-09-21 13:30:00
-10.590600,-53.991800,GOES-19,2026-09-21 20:40:00
-10.590600,-53.991800,GOES-19,2026-09-21 21:10:00
-10.590600,-53.991800,GOES-19,2026-09-21 21:30:00
-10.590600,-53.991800,GOES-19,2026-09-21 23:30:00
-10.609400,-53.990200,GOES-19,2026-09-21 14:30:00
-10.609400,-53.990200,GOES-19,2026-09-21 15:20:00
-10.609400,-53.990200,GOES-19,2026-09-21 18:50:00
-10.609400,-53.990200,GOES-19,2026-09-21 20:40:00
-10.609400,-53.990200,GOES-19,2026-09-21 21:10:00
-10.609400,-53.990200,GOES-19,2026-09-21 21:30:00
-10.609400,-53.990200,GOES-19,2026-09-21 23:30:00
-3.072600,-54.387600,GOES-19,2026-09-21 19:00:00
-3.072600,-54.387600,GOES-19,2026-09-21 19:10:00
-3.072600,-54.387600,GOES-19,2026-09-21 19:20:00
-3.072600,-54.387600,GOES-19,2026-09-21 19:30:00
-3.072600,-54.387600,GOES-19,2026-09-21 19:40:00
-3.072600,-54.387600,GOES-19,2026-09-21 19:50:00
-3.072600,-54.387600,GOES-19,2026-09-21 20:20:00
-3.072600,-54.387600,GOES-19,2026-09-21 20:30:00
-3.072600,-54.387600,GOES-19,2026-09-21 21:30:00
-10.873700,-53.946300,GOES-19,2026-09-21 13:50:00
-10.873700,-53.946300,GOES-19,2026-09-21 14:00:00
-10.873700,-53.946300,GOES-19,2026-09-21 14:40:00
-10.873700,-53.946300,GOES-19,2026-09-21 15:20:00
-10.234200,-53.899500,GOES-19,2026-09-21 19:40:00
-1.091000,-54.220400,GOES-19,2026-09-21 19:30:00
-1.091000,-54.200400,GOES-19,2026-09-21 18:50:00
-1.091000,-54.200400,GOES-19,2026-09-21 19:20:00
-1.091000,-54.200400,GOES-19,2026-09-21 19:30:00
-6.195500,-53.095300,GOES-19,2026-09-21 18:20:00
-6.864700,-52.873600,GOES-19,2026-09-21 19:00:00
-14.445500,-52.156300,GOES-19,2026-09-21 14:50:00
-14.118600,-52.113900,GOES-19,2026-09-21 13:20:00
-13.507900,-51.851500,GOES-19,2026-09-21 14:20:00
-13.507900,-51.851500,GOES-19,2026-09-21 14:40:00
-13.507900,-51.851500,GOES-19,2026-09-21 15:00:00
-13.259200,-51.818600,GOES-19,2026-09-21 13:30:00
-13.259200,-51.818600,GOES-19,2026-09-21 14:40:00
-13.259200,-51.818600,GOES-19,2026-09-21 15:00:00
-13.259200,-51.818600,GOES-19,2026-09-21 15:10:00
-13.278400,-51.816200,GOES-19,2026-09-21 14:40:00
-13.278400,-51.816200,GOES-19,2026-09-21 15:20:00
-13.355200,-51.806800,GOES-19,2026-09-21 14:10:00
-13.355200,-51.806800,GOES-19,2026-09-21 14:20:00
-13.355200,-51.806800,GOES-19,2026-09-21 14:40:00
-13.259900,-51.776100,GOES-19,2026-09-21 12:50:00
-13.259900,-51.776100,GOES-19,2026-09-21 13:10:00
-13.259900,-51.776100,GOES-19,2026-09-21 13:20:00
-13.259900,-51.776100,GOES-19,2026-09-21 13:30:00
-13.259900,-51.776100,GOES-19,2026-09-21 13:40:00
-13.259900,-51.776100,GOES-19,2026-09-21 13:50:00
-13.259900,-51.776100,GOES-19,2026-09-21 14:00:00
-13.259900,-51.776100,GOES-19,2026-09-21 14:10:00
-13.259900,-51.776100,GOES-19,2026-09-21 14:20:00
-13.259900,-51.776100,GOES-19,2026-09-21 14:30:00
-13.259900,-51.776100,GOES-19,2026-09-21 15:20:00
-13.259900,-51.776100,GOES-19,2026-09-21 15:30:00
-3.909200,-52.275600,GOES-19,2026-09-21 18:50:00
-3.909200,-52.275600,GOES-19,2026-09-21 19:10:00
-13.363200,-51.316300,GOES-19,2026-09-21 14:00:00
-11.510500,-51.511600,GOES-19,2026-09-21 15:10:00
-13.363500,-51.294900,GOES-19,2026-09-21 13:10:00
-13.363500,-51.294900,GOES-19,2026-09-21 13:20:00
-13.363500,-51.294900,GOES-19,2026-09-21 13:30:00
-13.363500,-51.294900,GOES-19,2026-09-21 13:50:00
-13.363500,-51.294900,GOES-19,2026-09-21 14:00:00
-13.363500,-51.294900,GOES-19,2026-09-21 14:10:00
-13.363500,-51.294900,GOES-19,2026-09-21 14:20:00
-3.911000,-51.884900,GOES-19,2026-09-21 18:20:00
-3.911000,-51.884900,GOES-19,2026-09-21 18:50:00
-5.834700,-51.716500,GOES-19,2026-09-21 15:10:00
-5.834700,-51.716500,GOES-19,2026-09-21 15:20:00
-10.453600,-51.325000,GOES-19,2026-09-21 15:00:00
-10.472500,-51.323100,GOES-19,2026-09-21 15:00:00
-10.472800,-51.302000,GOES-19,2026-09-21 15:00:00
-10.491700,-51.300100,GOES-19,2026-09-21 15:00:00
-12.946400,-51.026700,GOES-19,2026-09-21 19:10:00
-10.454100,-51.282700,GOES-19,2026-09-21 15:00:00
-10.473000,-51.280800,GOES-19,2026-09-21 15:00:00
-10.491900,-51.279000,GOES-19,2026-09-21 15:00:00
-12.870800,-50.971900,GOES-19,2026-09-21 13:00:00
-12.870800,-50.971900,GOES-19,2026-09-21 13:30:00
-12.889900,-50.969500,GOES-19,2026-09-21 13:00:00
-12.889900,-50.969500,GOES-19,2026-09-21 13:30:00
-12.889900,-50.969500,GOES-19,2026-09-21 14:10:00
-12.889900,-50.969500,GOES-19,2026-09-21 14:40:00
-12.909100,-50.967200,GOES-19,2026-09-21 13:00:00
-12.909100,-50.967200,GOES-19,2026-09-21 13:30:00
-12.909100,-50.967200,GOES-19,2026-09-21 14:10:00
-12.909100,-50.967200,GOES-19,2026-09-21 14:40:00
-12.928300,-50.964800,GOES-19,2026-09-21 13:00:00
-12.947500,-50.962400,GOES-19,2026-09-21 19:30:00
-12.871100,-50.950500,GOES-19,2026-09-21 13:00:00
-12.871100,-50.950500,GOES-19,2026-09-21 13:30:00
-12.871100,-50.950500,GOES-19,2026-09-21 14:10:00
-12.871100,-50.950500,GOES-19,2026-09-21 14:40:00
-12.890300,-50.948100,GOES-19,2026-09-21 11:50:00
-12.890300,-50.948100,GOES-19,2026-09-21 12:00:00
-12.890300,-50.948100,GOES-19,2026-09-21 12:10:00
-12.890300,-50.948100,GOES-19,2026-09-21 12:20:00
-12.890300,-50.948100,GOES-19,2026-09-21 12:30:00
-12.890300,-50.948100,GOES-19,2026-09-21 12:40:00
-12.890300,-50.948100,GOES-19,2026-09-21 12:50:00
-12.890300,-50.948100,GOES-19,2026-09-21 13:00:00
-12.890300,-50.948100,GOES-19,2026-09-21 13:10:00
-12.890300,-50.948100,GOES-19,2026-09-21 13:20:00
-12.890300,-50.948100,GOES-19,2026-09-21 13:30:00
-12.890300,-50.948100,GOES-19,2026-09-21 13:40:00
-12.890300,-50.948100,GOES-19,2026-09-21 13:50:00
-12.890300,-50.948100,GOES-19,2026-09-21 14:00:00
-12.890300,-50.948100,GOES-19,2026-09-21 14:10:00
-12.890300,-50.948100,GOES-19,2026-09-21 14:20:00
-12.890300,-50.948100,GOES-19,2026-09-21 14:30:00
-12.890300,-50.948100,GOES-19,2026-09-21 14:40:00
-12.890300,-50.948100,GOES-19,2026-09-21 14:50:00
-12.890300,-50.948100,GOES-19,2026-09-21 15:20:00
-12.890300,-50.948100,GOES-19,2026-09-21 15:30:00
-12.890300,-50.948100,GOES-19,2026-09-21 15:40:00
-12.909500,-50.945700,GOES-19,2026-09-21 12:00:00
-12.909500,-50.945700,GOES-19,2026-09-21 12:20:00
-12.909500,-50.945700,GOES-19,2026-09-21 12:30:00
-12.909500,-50.945700,GOES-19,2026-09-21 12:40:00
-12.909500,-50.945700,GOES-19,2026-09-21 12:50:00
-12.909500,-50.945700,GOES-19,2026-09-21 13:00:00
-12.909500,-50.945700,GOES-19,2026-09-21 13:10:00
-12.909500,-50.945700,GOES-19,2026-09-21 13:20:00
-12.909500,-50.945700,GOES-19,2026-09-21 13:30:00
-12.909500,-50.945700,GOES-19,2026-09-21 13:40:00
-12.909500,-50.945700,GOES-19,2026-09-21 13:50:00
-12.909500,-50.945700,GOES-19,2026-09-21 14:00:00
-12.909500,-50.945700,GOES-19,2026-09-21 14:10:00
-12.909500,-50.945700,GOES-19,2026-09-21 14:20:00
-12.909500,-50.945700,GOES-19,2026-09-21 14:30:00
-12.909500,-50.945700,GOES-19,2026-09-21 14:40:00
-12.909500,-50.945700,GOES-19,2026-09-21 14:50:00
-12.909500,-50.945700,GOES-19,2026-09-21 15:20:00
-12.909500,-50.945700,GOES-19,2026-09-21 15:30:00
-12.909500,-50.945700,GOES-19,2026-09-21 15:40:00
-12.928600,-50.943400,GOES-19,2026-09-21 15:00:00
-11.117800,-51.130400,GOES-19,2026-09-21 18:10:00
-11.117800,-51.130400,GOES-19,2026-09-21 18:20:00
-11.117800,-51.130400,GOES-19,2026-09-21 18:30:00
-11.117800,-51.130400,GOES-19,2026-09-21 18:50:00
-11.117800,-51.130400,GOES-19,2026-09-21 20:20:00
-11.117800,-51.130400,GOES-19,2026-09-21 20:30:00
-11.136700,-51.128400,GOES-19,2026-09-21 18:20:00
-11.136700,-51.128400,GOES-19,2026-09-21 20:20:00
-11.136700,-51.128400,GOES-19,2026-09-21 20:30:00
-12.699100,-50.950300,GOES-19,2026-09-21 14:10:00
-12.699100,-50.950300,GOES-19,2026-09-21 14:20:00
-12.890600,-50.926700,GOES-19,2026-09-21 13:30:00
-12.890600,-50.926700,GOES-19,2026-09-21 13:40:00
-12.890600,-50.926700,GOES-19,2026-09-21 13:50:00
-12.890600,-50.926700,GOES-19,2026-09-21 14:00:00
-12.890600,-50.926700,GOES-19,2026-09-21 14:10:00
-12.890600,-50.926700,GOES-19,2026-09-21 14:20:00
-12.890600,-50.926700,GOES-19,2026-09-21 14:30:00
-12.890600,-50.926700,GOES-19,2026-09-21 14:40:00
-12.890600,-50.926700,GOES-19,2026-09-21 14:50:00
-12.890600,-50.926700,GOES-19,2026-09-21 15:00:00
-12.909800,-50.924300,GOES-19,2026-09-21 14:10:00
-12.909800,-50.924300,GOES-19,2026-09-21 14:30:00
-12.909800,-50.924300,GOES-19,2026-09-21 14:40:00
-11.099100,-51.111100,GOES-19,2026-09-21 18:00:00
-11.118100,-51.109100,GOES-19,2026-09-21 18:20:00
-11.118100,-51.109100,GOES-19,2026-09-21 18:50:00
-11.118100,-51.109100,GOES-19,2026-09-21 20:20:00
-11.137000,-51.107100,GOES-19,2026-09-21 19:40:00
-11.137000,-51.107100,GOES-19,2026-09-21 19:50:00
-11.137000,-51.107100,GOES-19,2026-09-21 20:20:00
-11.137000,-51.107100,GOES-19,2026-09-21 20:30:00
-11.099400,-51.089900,GOES-19,2026-09-21 15:30:00
-11.099400,-51.089900,GOES-19,2026-09-21 18:10:00
-11.118400,-51.087900,GOES-19,2026-09-21 18:50:00
-3.119300,-51.600900,GOES-19,2026-09-21 19:40:00
-3.119300,-51.600900,GOES-19,2026-09-21 19:50:00
-11.080700,-51.070700,GOES-19,2026-09-21 11:50:00
-11.080700,-51.070700,GOES-19,2026-09-21 12:00:00
-11.080700,-51.070700,GOES-19,2026-09-21 14:20:00
-11.080700,-51.070700,GOES-19,2026-09-21 14:30:00
-11.080700,-51.070700,GOES-19,2026-09-21 14:50:00
-11.080700,-51.070700,GOES-19,2026-09-21 15:00:00
-10.760600,-50.955700,GOES-19,2026-09-21 18:00:00
-3.765900,-51.352600,GOES-19,2026-09-21 19:10:00
-3.784300,-51.351900,GOES-19,2026-09-21 15:20:00
-3.784300,-51.351900,GOES-19,2026-09-21 18:50:00
-3.784300,-51.351900,GOES-19,2026-09-21 19:10:00
-3.784300,-51.351900,GOES-19,2026-09-21 19:40:00
-10.799900,-50.845500,GOES-19,2026-09-21 14:20:00
-10.762400,-50.828200,GOES-19,2026-09-21 00:00:00
-10.762400,-50.828200,GOES-19,2026-09-21 00:10:00
-10.781300,-50.826200,GOES-19,2026-09-21 00:00:00
-10.781300,-50.826200,GOES-19,2026-09-21 00:10:00
-10.781300,-50.826200,GOES-19,2026-09-21 14:20:00
-10.800200,-50.824300,GOES-19,2026-09-21 00:00:00
-10.800200,-50.824300,GOES-19,2026-09-21 14:20:00
-10.781600,-50.805000,GOES-19,2026-09-21 00:00:00
-10.781600,-50.805000,GOES-19,2026-09-21 00:10:00
-10.724800,-50.810900,GOES-19,2026-09-21 15:10:00
-10.724800,-50.810900,GOES-19,2026-09-21 15:20:00
-10.724800,-50.810900,GOES-19,2026-09-21 15:30:00
-10.724800,-50.810900,GOES-19,2026-09-21 15:40:00
-10.743700,-50.808900,GOES-19,2026-09-21 00:00:00
-10.743700,-50.808900,GOES-19,2026-09-21 13:10:00
-10.743700,-50.808900,GOES-19,2026-09-21 13:30:00
-10.743700,-50.808900,GOES-19,2026-09-21 13:40:00
-10.743700,-50.808900,GOES-19,2026-09-21 13:50:00
-10.743700,-50.808900,GOES-19,2026-09-21 14:00:00
-10.743700,-50.808900,GOES-19,2026-09-21 14:10:00
-10.743700,-50.808900,GOES-19,2026-09-21 14:20:00
-10.762600,-50.806900,GOES-19,2026-09-21 00:00:00
-10.762600,-50.806900,GOES-19,2026-09-21 00:10:00
-10.762600,-50.806900,GOES-19,2026-09-21 13:10:00
-10.762600,-50.806900,GOES-19,2026-09-21 13:30:00
-10.762600,-50.806900,GOES-19,2026-09-21 13:40:00
-10.762600,-50.806900,GOES-19,2026-09-21 13:50:00
-10.762600,-50.806900,GOES-19,2026-09-21 14:00:00
-10.762600,-50.806900,GOES-19,2026-09-21 14:10:00
-10.762600,-50.806900,GOES-19,2026-09-21 14:20:00
-10.706100,-50.791500,GOES-19,2026-09-21 00:10:00
-10.706100,-50.791500,GOES-19,2026-09-21 13:10:00
-10.706100,-50.791500,GOES-19,2026-09-21 13:30:00
-10.706100,-50.791500,GOES-19,2026-09-21 13:40:00
-10.706100,-50.791500,GOES-19,2026-09-21 13:50:00
-10.706100,-50.791500,GOES-19,2026-09-21 14:00:00
-10.706100,-50.791500,GOES-19,2026-09-21 14:10:00
-10.706100,-50.791500,GOES-19,2026-09-21 14:20:00
-10.706100,-50.791500,GOES-19,2026-09-21 14:30:00
-10.706100,-50.791500,GOES-19,2026-09-21 14:40:00
-10.706100,-50.791500,GOES-19,2026-09-21 14:50:00
-10.725100,-50.789600,GOES-19,2026-09-21 13:00:00
-10.725100,-50.789600,GOES-19,2026-09-21 13:10:00
-10.725100,-50.789600,GOES-19,2026-09-21 13:30:00
-10.725100,-50.789600,GOES-19,2026-09-21 13:40:00
-10.725100,-50.789600,GOES-19,2026-09-21 13:50:00
-10.725100,-50.789600,GOES-19,2026-09-21 14:00:00
-10.725100,-50.789600,GOES-19,2026-09-21 14:10:00
-10.725100,-50.789600,GOES-19,2026-09-21 14:30:00
-10.725100,-50.789600,GOES-19,2026-09-21 14:40:00
-10.744000,-50.787600,GOES-19,2026-09-21 00:00:00
-10.744000,-50.787600,GOES-19,2026-09-21 00:10:00
-10.744000,-50.787600,GOES-19,2026-09-21 13:10:00
-10.744000,-50.787600,GOES-19,2026-09-21 13:30:00
-10.744000,-50.787600,GOES-19,2026-09-21 13:40:00
-10.744000,-50.787600,GOES-19,2026-09-21 13:50:00
-10.744000,-50.787600,GOES-19,2026-09-21 14:00:00
-10.744000,-50.787600,GOES-19,2026-09-21 14:10:00
-10.744000,-50.787600,GOES-19,2026-09-21 14:20:00
-10.762900,-50.785700,GOES-19,2026-09-21 00:00:00
-10.762900,-50.785700,GOES-19,2026-09-21 14:40:00
-4.228100,-51.231500,GOES-19,2026-09-21 14:50:00
-10.687500,-50.772200,GOES-19,2026-09-21 00:00:00
-10.687500,-50.772200,GOES-19,2026-09-21 00:10:00
-10.687500,-50.772200,GOES-19,2026-09-21 13:50:00
-10.687500,-50.772200,GOES-19,2026-09-21 14:00:00
-10.687500,-50.772200,GOES-19,2026-09-21 14:10:00
-10.687500,-50.772200,GOES-19,2026-09-21 14:20:00
-10.687500,-50.772200,GOES-19,2026-09-21 14:30:00
-10.687500,-50.772200,GOES-19,2026-09-21 14:40:00
-10.687500,-50.772200,GOES-19,2026-09-21 14:50:00
-10.706400,-50.770300,GOES-19,2026-09-21 00:00:00
-10.706400,-50.770300,GOES-19,2026-09-21 00:10:00
-10.706400,-50.770300,GOES-19,2026-09-21 13:10:00
-10.706400,-50.770300,GOES-19,2026-09-21 13:30:00
-10.706400,-50.770300,GOES-19,2026-09-21 13:40:00
-10.706400,-50.770300,GOES-19,2026-09-21 13:50:00
-10.706400,-50.770300,GOES-19,2026-09-21 14:00:00
-10.706400,-50.770300,GOES-19,2026-09-21 14:10:00
-10.706400,-50.770300,GOES-19,2026-09-21 14:20:00
-10.706400,-50.770300,GOES-19,2026-09-21 14:30:00
-10.706400,-50.770300,GOES-19,2026-09-21 14:50:00
-10.706400,-50.770300,GOES-19,2026-09-21 15:20:00
-10.725300,-50.768300,GOES-19,2026-09-21 00:00:00
-10.725300,-50.768300,GOES-19,2026-09-21 00:10:00
-10.725300,-50.768300,GOES-19,2026-09-21 13:10:00
-10.725300,-50.768300,GOES-19,2026-09-21 13:30:00
-10.725300,-50.768300,GOES-19,2026-09-21 13:40:00
-10.725300,-50.768300,GOES-19,2026-09-21 13:50:00
-10.725300,-50.768300,GOES-19,2026-09-21 14:00:00
-10.725300,-50.768300,GOES-19,2026-09-21 14:10:00
-10.725300,-50.768300,GOES-19,2026-09-21 14:20:00
-10.725300,-50.768300,GOES-19,2026-09-21 14:30:00
-10.820000,-50.758400,GOES-19,2026-09-21 11:10:00
-10.820000,-50.758400,GOES-19,2026-09-21 11:30:00
-10.820000,-50.758400,GOES-19,2026-09-21 11:40:00
-10.820000,-50.758400,GOES-19,2026-09-21 11:50:00
-10.820000,-50.758400,GOES-19,2026-09-21 12:00:00
-10.820000,-50.758400,GOES-19,2026-09-21 12:10:00
-10.820000,-50.758400,GOES-19,2026-09-21 12:20:00
-10.820000,-50.758400,GOES-19,2026-09-21 12:30:00
-10.820000,-50.758400,GOES-19,2026-09-21 12:40:00
-10.820000,-50.758400,GOES-19,2026-09-21 12:50:00
-10.820000,-50.758400,GOES-19,2026-09-21 13:00:00
-10.820000,-50.758400,GOES-19,2026-09-21 13:10:00
-10.820000,-50.758400,GOES-19,2026-09-21 13:20:00
-10.820000,-50.758400,GOES-19,2026-09-21 13:30:00
-10.820000,-50.758400,GOES-19,2026-09-21 13:40:00
-10.820000,-50.758400,GOES-19,2026-09-21 13:50:00
-10.820000,-50.758400,GOES-19,2026-09-21 14:00:00
-10.820000,-50.758400,GOES-19,2026-09-21 14:10:00
-10.820000,-50.758400,GOES-19,2026-09-21 14:20:00
-10.820000,-50.758400,GOES-19,2026-09-21 14:30:00
-10.820000,-50.758400,GOES-19,2026-09-21 15:10:00
-10.820000,-50.758400,GOES-19,2026-09-21 15:20:00
-10.687800,-50.751000,GOES-19,2026-09-21 00:00:00
-10.687800,-50.751000,GOES-19,2026-09-21 00:10:00
-10.687800,-50.751000,GOES-19,2026-09-21 14:00:00
-10.687800,-50.751000,GOES-19,2026-09-21 14:10:00
-10.687800,-50.751000,GOES-19,2026-09-21 14:20:00
-10.687800,-50.751000,GOES-19,2026-09-21 14:30:00
-10.687800,-50.751000,GOES-19,2026-09-21 14:40:00
-10.687800,-50.751000,GOES-19,2026-09-21 15:20:00
-10.687800,-50.751000,GOES-19,2026-09-21 15:30:00
-10.669100,-50.731600,GOES-19,2026-09-21 15:20:00
-10.669100,-50.731600,GOES-19,2026-09-21 15:30:00
-10.688100,-50.729700,GOES-19,2026-09-21 15:20:00
-10.725900,-50.725700,GOES-19,2026-09-21 14:10:00
-10.725900,-50.725700,GOES-19,2026-09-21 14:20:00
-10.725900,-50.725700,GOES-19,2026-09-21 14:30:00
-10.725900,-50.725700,GOES-19,2026-09-21 15:30:00
-10.744800,-50.723800,GOES-19,2026-09-21 13:00:00
-10.744800,-50.723800,GOES-19,2026-09-21 13:30:00
-10.744800,-50.723800,GOES-19,2026-09-21 13:40:00
-10.744800,-50.723800,GOES-19,2026-09-21 13:50:00
-10.744800,-50.723800,GOES-19,2026-09-21 14:10:00
-10.744800,-50.723800,GOES-19,2026-09-21 14:20:00
-10.744800,-50.723800,GOES-19,2026-09-21 14:30:00
-10.744800,-50.723800,GOES-19,2026-09-21 14:40:00
-10.744800,-50.723800,GOES-19,2026-09-21 15:20:00
-10.669400,-50.710300,GOES-19,2026-09-21 15:30:00
-10.707300,-50.706400,GOES-19,2026-09-21 14:10:00
-10.707300,-50.706400,GOES-19,2026-09-21 14:20:00
-10.707300,-50.706400,GOES-19,2026-09-21 14:30:00
-10.707300,-50.706400,GOES-19,2026-09-21 14:50:00
-10.707300,-50.706400,GOES-19,2026-09-21 15:10:00
-10.707300,-50.706400,GOES-19,2026-09-21 15:20:00
-10.707300,-50.706400,GOES-19,2026-09-21 15:30:00
-10.726200,-50.704400,GOES-19,2026-09-21 14:10:00
-10.726200,-50.704400,GOES-19,2026-09-21 14:20:00
-10.726200,-50.704400,GOES-19,2026-09-21 14:30:00
-10.726200,-50.704400,GOES-19,2026-09-21 15:10:00
-10.726200,-50.704400,GOES-19,2026-09-21 15:30:00
-10.669700,-50.689100,GOES-19,2026-09-21 15:20:00
-10.669700,-50.689100,GOES-19,2026-09-21 15:30:00
-10.688600,-50.687100,GOES-19,2026-09-21 13:20:00
-10.688600,-50.687100,GOES-19,2026-09-21 13:30:00
-10.688600,-50.687100,GOES-19,2026-09-21 13:40:00
-10.688600,-50.687100,GOES-19,2026-09-21 13:50:00
-10.688600,-50.687100,GOES-19,2026-09-21 14:00:00
-10.688600,-50.687100,GOES-19,2026-09-21 14:10:00
-10.688600,-50.687100,GOES-19,2026-09-21 14:20:00
-10.688600,-50.687100,GOES-19,2026-09-21 14:50:00
-10.688600,-50.687100,GOES-19,2026-09-21 15:00:00
-10.688600,-50.687100,GOES-19,2026-09-21 15:10:00
-10.688600,-50.687100,GOES-19,2026-09-21 15:20:00
-10.688600,-50.687100,GOES-19,2026-09-21 15:30:00
-10.688600,-50.687100,GOES-19,2026-09-21 16:10:00
-10.688600,-50.687100,GOES-19,2026-09-21 18:00:00
-10.707600,-50.685100,GOES-19,2026-09-21 14:10:00
-10.707600,-50.685100,GOES-19,2026-09-21 14:20:00
-10.707600,-50.685100,GOES-19,2026-09-21 14:50:00
-10.707600,-50.685100,GOES-19,2026-09-21 15:10:00
-10.707600,-50.685100,GOES-19,2026-09-21 15:20:00
-10.707600,-50.685100,GOES-19,2026-09-21 15:30:00
-10.670000,-50.667800,GOES-19,2026-09-21 15:10:00
-10.670000,-50.667800,GOES-19,2026-09-21 15:20:00
-10.670000,-50.667800,GOES-19,2026-09-21 15:30:00
-10.688900,-50.665800,GOES-19,2026-09-21 14:10:00
-10.688900,-50.665800,GOES-19,2026-09-21 14:20:00
-10.688900,-50.665800,GOES-19,2026-09-21 14:50:00
-10.688900,-50.665800,GOES-19,2026-09-21 15:10:00
-10.688900,-50.665800,GOES-19,2026-09-21 15:20:00
-10.688900,-50.665800,GOES-19,2026-09-21 15:30:00
1.058000,-51.185800,GOES-19,2026-09-21 15:40:00
-4.007300,-51.052900,GOES-19,2026-09-21 18:50:00
-4.654600,-50.984600,GOES-19,2026-09-21 18:30:00
-4.654600,-50.984600,GOES-19,2026-09-21 19:10:00
-4.654600,-50.984600,GOES-19,2026-09-21 19:20:00
1.224000,-50.976400,GOES-19,2026-09-21 15:20:00
1.224000,-50.976400,GOES-19,2026-09-21 15:30:00
1.205600,-50.976600,GOES-19,2026-09-21 15:20:00
1.205600,-50.976600,GOES-19,2026-09-21 15:30:00
-8.939200,-50.557000,GOES-19,2026-09-21 19:30:00
-8.939200,-50.557000,GOES-19,2026-09-21 19:40:00
-8.939200,-50.557000,GOES-19,2026-09-21 19:50:00
-12.329000,-50.201800,GOES-19,2026-09-21 15:30:00
-12.329000,-50.201800,GOES-19,2026-09-21 18:20:00
-12.329000,-50.201800,GOES-19,2026-09-21 18:30:00
-12.329000,-50.201800,GOES-19,2026-09-21 18:50:00
-12.329000,-50.201800,GOES-19,2026-09-21 19:00:00
-12.329000,-50.201800,GOES-19,2026-09-21 19:10:00
-12.329000,-50.201800,GOES-19,2026-09-21 19:20:00
-12.329000,-50.201800,GOES-19,2026-09-21 19:30:00
-12.329000,-50.201800,GOES-19,2026-09-21 19:40:00
-12.329000,-50.201800,GOES-19,2026-09-21 19:50:00
-12.329000,-50.201800,GOES-19,2026-09-21 20:10:00
-12.329000,-50.201800,GOES-19,2026-09-21 20:30:00
-12.329000,-50.201800,GOES-19,2026-09-21 20:40:00
-12.329000,-50.201800,GOES-19,2026-09-21 21:10:00
-12.348100,-50.199400,GOES-19,2026-09-21 18:50:00
-12.348100,-50.199400,GOES-19,2026-09-21 20:10:00
-12.348100,-50.199400,GOES-19,2026-09-21 20:30:00
-12.348100,-50.199400,GOES-19,2026-09-21 20:40:00
-12.348100,-50.199400,GOES-19,2026-09-21 21:10:00
-12.367200,-50.197100,GOES-19,2026-09-21 20:10:00
-12.367200,-50.197100,GOES-19,2026-09-21 20:30:00
-12.367200,-50.197100,GOES-19,2026-09-21 20:40:00
-12.367200,-50.197100,GOES-19,2026-09-21 21:10:00
1.150400,-50.914900,GOES-19,2026-09-21 15:10:00
1.150400,-50.914900,GOES-19,2026-09-21 15:20:00
1.150400,-50.914900,GOES-19,2026-09-21 15:30:00
1.150400,-50.914900,GOES-19,2026-09-21 15:40:00
1.150400,-50.914900,GOES-19,2026-09-21 16:10:00
1.132000,-50.915100,GOES-19,2026-09-21 15:20:00
1.132000,-50.915100,GOES-19,2026-09-21 15:30:00
1.132000,-50.915100,GOES-19,2026-09-21 15:40:00
1.132000,-50.915100,GOES-19,2026-09-21 16:00:00
-12.310200,-50.182600,GOES-19,2026-09-21 13:30:00
-12.310200,-50.182600,GOES-19,2026-09-21 13:40:00
-12.310200,-50.182600,GOES-19,2026-09-21 13:50:00
-12.310200,-50.182600,GOES-19,2026-09-21 20:10:00
-12.329300,-50.180200,GOES-19,2026-09-21 13:10:00
-12.329300,-50.180200,GOES-19,2026-09-21 13:30:00
-12.329300,-50.180200,GOES-19,2026-09-21 13:40:00
-12.329300,-50.180200,GOES-19,2026-09-21 13:50:00
-12.329300,-50.180200,GOES-19,2026-09-21 14:10:00
-12.329300,-50.180200,GOES-19,2026-09-21 20:10:00
-12.329300,-50.180200,GOES-19,2026-09-21 20:30:00
-12.329300,-50.180200,GOES-19,2026-09-21 20:40:00
-12.348400,-50.177900,GOES-19,2026-09-21 20:10:00
-12.348400,-50.177900,GOES-19,2026-09-21 20:30:00
1.150500,-50.894100,GOES-19,2026-09-21 15:10:00
-10.466100,-50.369300,GOES-19,2026-09-21 00:00:00
-10.485000,-50.367400,GOES-19,2026-09-21 00:00:00
-12.272300,-50.165700,GOES-19,2026-09-21 13:30:00
-12.272300,-50.165700,GOES-19,2026-09-21 13:40:00
-12.272300,-50.165700,GOES-19,2026-09-21 13:50:00
-12.291400,-50.163300,GOES-19,2026-09-21 13:30:00
-12.291400,-50.163300,GOES-19,2026-09-21 13:40:00
-12.291400,-50.163300,GOES-19,2026-09-21 13:50:00
-12.310500,-50.161000,GOES-19,2026-09-21 13:30:00
-12.310500,-50.161000,GOES-19,2026-09-21 13:40:00
-12.310500,-50.161000,GOES-19,2026-09-21 13:50:00
-12.329700,-50.158600,GOES-19,2026-09-21 13:50:00
-10.447500,-50.349900,GOES-19,2026-09-21 00:00:00
-10.466400,-50.347900,GOES-19,2026-09-21 00:00:00
-10.485300,-50.346000,GOES-19,2026-09-21 00:00:00
-12.253500,-50.146400,GOES-19,2026-09-21 14:50:00
-12.253500,-50.146400,GOES-19,2026-09-21 15:00:00
-12.253500,-50.146400,GOES-19,2026-09-21 15:20:00
-12.272600,-50.144100,GOES-19,2026-09-21 13:00:00
-12.272600,-50.144100,GOES-19,2026-09-21 13:30:00
-12.272600,-50.144100,GOES-19,2026-09-21 13:40:00
-12.272600,-50.144100,GOES-19,2026-09-21 14:20:00
-12.272600,-50.144100,GOES-19,2026-09-21 15:00:00
-12.272600,-50.144100,GOES-19,2026-09-21 15:20:00
-12.291800,-50.141700,GOES-19,2026-09-21 13:00:00
-12.291800,-50.141700,GOES-19,2026-09-21 13:10:00
-12.291800,-50.141700,GOES-19,2026-09-21 13:20:00
-12.291800,-50.141700,GOES-19,2026-09-21 13:30:00
-12.291800,-50.141700,GOES-19,2026-09-21 13:40:00
-12.291800,-50.141700,GOES-19,2026-09-21 13:50:00
-12.291800,-50.141700,GOES-19,2026-09-21 14:00:00
-12.291800,-50.141700,GOES-19,2026-09-21 14:10:00
-12.291800,-50.141700,GOES-19,2026-09-21 14:20:00
-12.291800,-50.141700,GOES-19,2026-09-21 15:00:00
-12.291800,-50.141700,GOES-19,2026-09-21 15:10:00
-10.428800,-50.330500,GOES-19,2026-09-21 00:00:00
-10.447700,-50.328500,GOES-19,2026-09-21 00:00:00
-11.624300,-50.199800,GOES-19,2026-09-21 15:20:00
-11.624300,-50.199800,GOES-19,2026-09-21 15:30:00
-10.467000,-50.305200,GOES-19,2026-09-21 02:40:00
-10.467000,-50.305200,GOES-19,2026-09-21 03:00:00
-10.467000,-50.305200,GOES-19,2026-09-21 03:20:00
-10.467000,-50.305200,GOES-19,2026-09-21 03:50:00
-10.467000,-50.305200,GOES-19,2026-09-21 04:00:00
-10.485900,-50.303200,GOES-19,2026-09-21 03:50:00
-10.485900,-50.303200,GOES-19,2026-09-21 04:00:00
-12.541200,-50.067600,GOES-19,2026-09-21 14:50:00
-10.448300,-50.285800,GOES-19,2026-09-21 01:20:00
-10.448300,-50.285800,GOES-19,2026-09-21 02:10:00
-10.448300,-50.285800,GOES-19,2026-09-21 02:20:00
-10.448300,-50.285800,GOES-19,2026-09-21 02:30:00
-10.448300,-50.285800,GOES-19,2026-09-21 02:40:00
-10.448300,-50.285800,GOES-19,2026-09-21 02:50:00
-10.448300,-50.285800,GOES-19,2026-09-21 03:00:00
-10.448300,-50.285800,GOES-19,2026-09-21 03:20:00
-10.448300,-50.285800,GOES-19,2026-09-21 03:50:00
-10.448300,-50.285800,GOES-19,2026-09-21 04:00:00
-10.467200,-50.283800,GOES-19,2026-09-21 02:10:00
-10.467200,-50.283800,GOES-19,2026-09-21 02:20:00
-10.467200,-50.283800,GOES-19,2026-09-21 02:30:00
-10.467200,-50.283800,GOES-19,2026-09-21 02:40:00
-10.467200,-50.283800,GOES-19,2026-09-21 02:50:00
-10.467200,-50.283800,GOES-19,2026-09-21 03:00:00
-10.467200,-50.283800,GOES-19,2026-09-21 03:20:00
-10.467200,-50.283800,GOES-19,2026-09-21 03:50:00
-10.467200,-50.283800,GOES-19,2026-09-21 04:00:00
-10.486200,-50.281800,GOES-19,2026-09-21 03:50:00
-10.486200,-50.281800,GOES-19,2026-09-21 04:00:00
-12.541500,-50.046000,GOES-19,2026-09-21 14:40:00
-12.541500,-50.046000,GOES-19,2026-09-21 14:50:00
-10.089500,-50.300900,GOES-19,2026-09-21 13:50:00
-10.089500,-50.300900,GOES-19,2026-09-21 15:50:00
-10.089500,-50.300900,GOES-19,2026-09-21 16:00:00
-10.089500,-50.300900,GOES-19,2026-09-21 17:40:00
-10.089500,-50.300900,GOES-19,2026-09-21 17:50:00
-10.089500,-50.300900,GOES-19,2026-09-21 18:00:00
-10.429700,-50.266300,GOES-19,2026-09-21 01:20:00
-10.429700,-50.266300,GOES-19,2026-09-21 02:10:00
-10.429700,-50.266300,GOES-19,2026-09-21 02:20:00
-10.429700,-50.266300,GOES-19,2026-09-21 02:30:00
-10.429700,-50.266300,GOES-19,2026-09-21 02:40:00
-10.429700,-50.266300,GOES-19,2026-09-21 02:50:00
-10.429700,-50.266300,GOES-19,2026-09-21 03:00:00
-10.429700,-50.266300,GOES-19,2026-09-21 03:20:00
-10.429700,-50.266300,GOES-19,2026-09-21 03:50:00
-10.429700,-50.266300,GOES-19,2026-09-21 04:00:00
-10.448600,-50.264400,GOES-19,2026-09-21 01:20:00
-10.448600,-50.264400,GOES-19,2026-09-21 02:10:00
-10.448600,-50.264400,GOES-19,2026-09-21 02:20:00
-10.448600,-50.264400,GOES-19,2026-09-21 02:30:00
-10.448600,-50.264400,GOES-19,2026-09-21 02:40:00
-10.448600,-50.264400,GOES-19,2026-09-21 02:50:00
-10.448600,-50.264400,GOES-19,2026-09-21 03:00:00
-10.448600,-50.264400,GOES-19,2026-09-21 03:20:00
-10.448600,-50.264400,GOES-19,2026-09-21 03:50:00
-10.448600,-50.264400,GOES-19,2026-09-21 04:00:00
-10.467500,-50.262400,GOES-19,2026-09-21 02:30:00
-10.467500,-50.262400,GOES-19,2026-09-21 02:40:00
-10.467500,-50.262400,GOES-19,2026-09-21 02:50:00
-10.467500,-50.262400,GOES-19,2026-09-21 03:00:00
-10.467500,-50.262400,GOES-19,2026-09-21 03:20:00
-10.467500,-50.262400,GOES-19,2026-09-21 03:50:00
-10.467500,-50.262400,GOES-19,2026-09-21 04:00:00
-12.044800,-50.085600,GOES-19,2026-09-21 14:40:00
-12.044800,-50.085600,GOES-19,2026-09-21 14:50:00
-12.044800,-50.085600,GOES-19,2026-09-21 15:00:00
-12.044800,-50.085600,GOES-19,2026-09-21 15:10:00
-12.044800,-50.085600,GOES-19,2026-09-21 19:00:00
-12.044800,-50.085600,GOES-19,2026-09-21 19:10:00
-12.044800,-50.085600,GOES-19,2026-09-21 19:40:00
-12.063800,-50.083300,GOES-19,2026-09-21 14:40:00
-12.063800,-50.083300,GOES-19,2026-09-21 14:50:00
-12.063800,-50.083300,GOES-19,2026-09-21 15:00:00
-12.063800,-50.083300,GOES-19,2026-09-21 15:10:00
-12.063800,-50.083300,GOES-19,2026-09-21 19:00:00
-12.063800,-50.083300,GOES-19,2026-09-21 19:10:00
-12.063800,-50.083300,GOES-19,2026-09-21 19:30:00
-12.063800,-50.083300,GOES-19,2026-09-21 19:40:00
-12.522700,-50.026700,GOES-19,2026-09-21 14:40:00
-12.522700,-50.026700,GOES-19,2026-09-21 14:50:00
-12.541900,-50.024300,GOES-19,2026-09-21 14:40:00
-12.541900,-50.024300,GOES-19,2026-09-21 14:50:00
-10.070900,-50.281400,GOES-19,2026-09-21 13:30:00
-10.070900,-50.281400,GOES-19,2026-09-21 13:50:00
-10.070900,-50.281400,GOES-19,2026-09-21 14:10:00
-10.070900,-50.281400,GOES-19,2026-09-21 15:40:00
-10.070900,-50.281400,GOES-19,2026-09-21 15:50:00
-10.070900,-50.281400,GOES-19,2026-09-21 16:00:00
-10.089800,-50.279500,GOES-19,2026-09-21 13:30:00
-10.089800,-50.279500,GOES-19,2026-09-21 13:50:00
-10.089800,-50.279500,GOES-19,2026-09-21 15:50:00
-10.392100,-50.248800,GOES-19,2026-09-21 01:20:00
-10.392100,-50.248800,GOES-19,2026-09-21 02:10:00
-10.392100,-50.248800,GOES-19,2026-09-21 02:20:00
-10.392100,-50.248800,GOES-19,2026-09-21 02:30:00
-10.392100,-50.248800,GOES-19,2026-09-21 02:40:00
-10.392100,-50.248800,GOES-19,2026-09-21 14:30:00
-10.411100,-50.246900,GOES-19,2026-09-21 01:20:00
-10.411100,-50.246900,GOES-19,2026-09-21 02:10:00
-10.411100,-50.246900,GOES-19,2026-09-21 02:20:00
-10.411100,-50.246900,GOES-19,2026-09-21 02:30:00
-10.411100,-50.246900,GOES-19,2026-09-21 02:40:00
-10.411100,-50.246900,GOES-19,2026-09-21 02:50:00
-10.411100,-50.246900,GOES-19,2026-09-21 03:00:00
-10.411100,-50.246900,GOES-19,2026-09-21 03:20:00
-10.411100,-50.246900,GOES-19,2026-09-21 03:50:00
-10.411100,-50.246900,GOES-19,2026-09-21 04:00:00
-10.430000,-50.244900,GOES-19,2026-09-21 02:10:00
-10.430000,-50.244900,GOES-19,2026-09-21 02:20:00
-10.430000,-50.244900,GOES-19,2026-09-21 02:30:00
-10.430000,-50.244900,GOES-19,2026-09-21 02:40:00
-10.430000,-50.244900,GOES-19,2026-09-21 02:50:00
-10.430000,-50.244900,GOES-19,2026-09-21 03:00:00
-10.430000,-50.244900,GOES-19,2026-09-21 04:00:00
-11.892400,-50.082300,GOES-19,2026-09-21 15:30:00
-12.026000,-50.066300,GOES-19,2026-09-21 15:00:00
-12.045100,-50.064000,GOES-19,2026-09-21 15:00:00
-12.045100,-50.064000,GOES-19,2026-09-21 19:00:00
-12.064200,-50.061700,GOES-19,2026-09-21 13:50:00
-12.064200,-50.061700,GOES-19,2026-09-21 14:10:00
-12.064200,-50.061700,GOES-19,2026-09-21 14:30:00
-12.064200,-50.061700,GOES-19,2026-09-21 14:40:00
-12.064200,-50.061700,GOES-19,2026-09-21 14:50:00
-12.064200,-50.061700,GOES-19,2026-09-21 15:00:00
-12.064200,-50.061700,GOES-19,2026-09-21 19:00:00
-12.064200,-50.061700,GOES-19,2026-09-21 19:10:00
-12.064200,-50.061700,GOES-19,2026-09-21 19:30:00
-12.064200,-50.061700,GOES-19,2026-09-21 19:40:00
-12.064200,-50.061700,GOES-19,2026-09-21 19:50:00
-12.083300,-50.059400,GOES-19,2026-09-21 19:10:00
-12.083300,-50.059400,GOES-19,2026-09-21 19:20:00
-12.083300,-50.059400,GOES-19,2026-09-21 19:30:00
-12.083300,-50.059400,GOES-19,2026-09-21 19:40:00
-12.083300,-50.059400,GOES-19,2026-09-21 19:50:00
-12.083300,-50.059400,GOES-19,2026-09-21 20:20:00
-12.503900,-50.007500,GOES-19,2026-09-21 14:40:00
-12.503900,-50.007500,GOES-19,2026-09-21 14:50:00
-12.523100,-50.005100,GOES-19,2026-09-21 14:40:00
-12.523100,-50.005100,GOES-19,2026-09-21 14:50:00
-10.411300,-50.225500,GOES-19,2026-09-21 02:10:00
-10.411300,-50.225500,GOES-19,2026-09-21 02:20:00
-10.411300,-50.225500,GOES-19,2026-09-21 02:30:00
-10.411300,-50.225500,GOES-19,2026-09-21 02:40:00
-10.411300,-50.225500,GOES-19,2026-09-21 02:50:00
-10.411300,-50.225500,GOES-19,2026-09-21 03:50:00
-10.411300,-50.225500,GOES-19,2026-09-21 14:30:00
-10.865900,-50.177500,GOES-19,2026-09-21 13:50:00
-10.865900,-50.177500,GOES-19,2026-09-21 14:00:00
-10.865900,-50.177500,GOES-19,2026-09-21 14:10:00
-10.865900,-50.177500,GOES-19,2026-09-21 14:20:00
-10.865900,-50.177500,GOES-19,2026-09-21 14:30:00
-10.865900,-50.177500,GOES-19,2026-09-21 14:40:00
-10.865900,-50.177500,GOES-19,2026-09-21 15:00:00
-10.865900,-50.177500,GOES-19,2026-09-21 15:30:00
-10.884800,-50.175400,GOES-19,2026-09-21 15:00:00
-12.064500,-50.040100,GOES-19,2026-09-21 13:40:00
-12.064500,-50.040100,GOES-19,2026-09-21 13:50:00
-12.064500,-50.040100,GOES-19,2026-09-21 14:50:00
-12.064500,-50.040100,GOES-19,2026-09-21 15:00:00
-12.064500,-50.040100,GOES-19,2026-09-21 15:10:00
-12.064500,-50.040100,GOES-19,2026-09-21 15:20:00
-12.064500,-50.040100,GOES-19,2026-09-21 19:00:00
-12.064500,-50.040100,GOES-19,2026-09-21 19:10:00
-12.083600,-50.037800,GOES-19,2026-09-21 15:10:00
-12.083600,-50.037800,GOES-19,2026-09-21 19:00:00
-12.083600,-50.037800,GOES-19,2026-09-21 19:10:00
-12.083600,-50.037800,GOES-19,2026-09-21 19:30:00
-12.083600,-50.037800,GOES-19,2026-09-21 19:40:00
-12.083600,-50.037800,GOES-19,2026-09-21 19:50:00
-12.083600,-50.037800,GOES-19,2026-09-21 20:20:00
-12.504300,-49.985800,GOES-19,2026-09-21 14:40:00
-12.523400,-49.983400,GOES-19,2026-09-21 14:40:00
-12.523400,-49.983400,GOES-19,2026-09-21 14:50:00
-10.071200,-50.260000,GOES-19,2026-09-21 13:30:00
-10.071200,-50.260000,GOES-19,2026-09-21 13:50:00
-10.071200,-50.260000,GOES-19,2026-09-21 15:00:00
-10.071200,-50.260000,GOES-19,2026-09-21 15:10:00
-10.071200,-50.260000,GOES-19,2026-09-21 15:40:00
-10.071200,-50.260000,GOES-19,2026-09-21 16:00:00
-10.071200,-50.260000,GOES-19,2026-09-21 16:20:00
-10.071200,-50.260000,GOES-19,2026-09-21 16:30:00
-10.090000,-50.258100,GOES-19,2026-09-21 13:30:00
-10.090000,-50.258100,GOES-19,2026-09-21 13:50:00
-10.090000,-50.258100,GOES-19,2026-09-21 15:50:00
-10.108900,-50.256300,GOES-19,2026-09-21 12:50:00
-10.108900,-50.256300,GOES-19,2026-09-21 13:00:00
-10.279000,-50.239100,GOES-19,2026-09-21 14:20:00
-10.373500,-50.229400,GOES-19,2026-09-21 01:20:00
-10.373500,-50.229400,GOES-19,2026-09-21 02:30:00
-10.373500,-50.229400,GOES-19,2026-09-21 02:40:00
-10.373500,-50.229400,GOES-19,2026-09-21 03:50:00
-10.373500,-50.229400,GOES-19,2026-09-21 14:20:00
-10.373500,-50.229400,GOES-19,2026-09-21 14:30:00
-10.392400,-50.227500,GOES-19,2026-09-21 01:20:00
-10.392400,-50.227500,GOES-19,2026-09-21 02:10:00
-10.392400,-50.227500,GOES-19,2026-09-21 02:20:00
-10.392400,-50.227500,GOES-19,2026-09-21 02:30:00
-10.392400,-50.227500,GOES-19,2026-09-21 02:40:00
-10.392400,-50.227500,GOES-19,2026-09-21 02:50:00
-10.392400,-50.227500,GOES-19,2026-09-21 03:00:00
-10.392400,-50.227500,GOES-19,2026-09-21 03:50:00
-10.392400,-50.227500,GOES-19,2026-09-21 04:00:00
-10.392400,-50.227500,GOES-19,2026-09-21 14:20:00
-10.052600,-50.240600,GOES-19,2026-09-21 13:30:00
-10.071400,-50.238700,GOES-19,2026-09-21 13:30:00
-10.071400,-50.238700,GOES-19,2026-09-21 13:50:00
-10.071400,-50.238700,GOES-19,2026-09-21 15:50:00
-10.336000,-50.211900,GOES-19,2026-09-21 14:20:00
-10.336000,-50.211900,GOES-19,2026-09-21 14:30:00
-10.354900,-50.209900,GOES-19,2026-09-21 02:30:00
-10.354900,-50.209900,GOES-19,2026-09-21 02:40:00
-10.354900,-50.209900,GOES-19,2026-09-21 14:20:00
-10.354900,-50.209900,GOES-19,2026-09-21 14:30:00
-10.354900,-50.209900,GOES-19,2026-09-21 15:00:00
-10.373800,-50.208000,GOES-19,2026-09-21 02:30:00
-10.373800,-50.208000,GOES-19,2026-09-21 02:40:00
-10.373800,-50.208000,GOES-19,2026-09-21 14:30:00
-10.373800,-50.208000,GOES-19,2026-09-21 15:00:00
-10.392700,-50.206100,GOES-19,2026-09-21 02:30:00
-10.392700,-50.206100,GOES-19,2026-09-21 12:10:00
-10.392700,-50.206100,GOES-19,2026-09-21 14:00:00
-10.392700,-50.206100,GOES-19,2026-09-21 14:30:00
-10.392700,-50.206100,GOES-19,2026-09-21 14:40:00
-10.392700,-50.206100,GOES-19,2026-09-21 14:50:00
-10.392700,-50.206100,GOES-19,2026-09-21 15:00:00
-10.809300,-50.162100,GOES-19,2026-09-21 13:50:00
-10.809300,-50.162100,GOES-19,2026-09-21 14:00:00
-10.809300,-50.162100,GOES-19,2026-09-21 14:10:00
-10.809300,-50.162100,GOES-19,2026-09-21 14:20:00
-10.809300,-50.162100,GOES-19,2026-09-21 14:30:00
-10.809300,-50.162100,GOES-19,2026-09-21 14:40:00
-10.809300,-50.162100,GOES-19,2026-09-21 14:50:00
-10.809300,-50.162100,GOES-19,2026-09-21 15:00:00
-10.809300,-50.162100,GOES-19,2026-09-21 15:10:00
-10.809300,-50.162100,GOES-19,2026-09-21 15:30:00
-10.828200,-50.160100,GOES-19,2026-09-21 13:50:00
-10.828200,-50.160100,GOES-19,2026-09-21 14:00:00
-10.828200,-50.160100,GOES-19,2026-09-21 14:10:00
-10.828200,-50.160100,GOES-19,2026-09-21 14:20:00
-10.828200,-50.160100,GOES-19,2026-09-21 14:30:00
-10.828200,-50.160100,GOES-19,2026-09-21 14:40:00
-10.828200,-50.160100,GOES-19,2026-09-21 14:50:00
-10.828200,-50.160100,GOES-19,2026-09-21 15:00:00
-10.828200,-50.160100,GOES-19,2026-09-21 15:10:00
-10.828200,-50.160100,GOES-19,2026-09-21 15:30:00
-10.847200,-50.158100,GOES-19,2026-09-21 14:00:00
-10.847200,-50.158100,GOES-19,2026-09-21 14:10:00
-10.847200,-50.158100,GOES-19,2026-09-21 14:20:00
-10.847200,-50.158100,GOES-19,2026-09-21 14:30:00
-10.847200,-50.158100,GOES-19,2026-09-21 14:50:00
-10.847200,-50.158100,GOES-19,2026-09-21 15:10:00
-10.866200,-50.156000,GOES-19,2026-09-21 13:50:00
-10.866200,-50.156000,GOES-19,2026-09-21 14:00:00
-10.866200,-50.156000,GOES-19,2026-09-21 14:10:00
-10.866200,-50.156000,GOES-19,2026-09-21 14:20:00
-10.866200,-50.156000,GOES-19,2026-09-21 14:30:00
-10.866200,-50.156000,GOES-19,2026-09-21 14:40:00
-10.866200,-50.156000,GOES-19,2026-09-21 15:00:00
-10.885100,-50.153900,GOES-19,2026-09-21 13:50:00
-10.885100,-50.153900,GOES-19,2026-09-21 14:20:00
-10.885100,-50.153900,GOES-19,2026-09-21 14:30:00
-10.885100,-50.153900,GOES-19,2026-09-21 14:40:00
-10.885100,-50.153900,GOES-19,2026-09-21 14:50:00
-10.885100,-50.153900,GOES-19,2026-09-21 15:00:00
-10.885100,-50.153900,GOES-19,2026-09-21 15:10:00
-10.885100,-50.153900,GOES-19,2026-09-21 19:10:00
-12.064900,-50.018500,GOES-19,2026-09-21 15:00:00
-12.064900,-50.018500,GOES-19,2026-09-21 19:00:00
-12.064900,-50.018500,GOES-19,2026-09-21 19:10:00
-12.064900,-50.018500,GOES-19,2026-09-21 20:20:00
-12.083900,-50.016200,GOES-19,2026-09-21 15:10:00
-12.083900,-50.016200,GOES-19,2026-09-21 19:00:00
-12.083900,-50.016200,GOES-19,2026-09-21 19:10:00
-12.083900,-50.016200,GOES-19,2026-09-21 19:30:00
-12.083900,-50.016200,GOES-19,2026-09-21 19:40:00
-12.083900,-50.016200,GOES-19,2026-09-21 19:50:00
-12.083900,-50.016200,GOES-19,2026-09-21 20:20:00
-10.809600,-50.140700,GOES-19,2026-09-21 13:50:00
-10.809600,-50.140700,GOES-19,2026-09-21 14:00:00
-10.809600,-50.140700,GOES-19,2026-09-21 14:10:00
-10.809600,-50.140700,GOES-19,2026-09-21 14:20:00
-10.809600,-50.140700,GOES-19,2026-09-21 14:30:00
-10.809600,-50.140700,GOES-19,2026-09-21 14:40:00
-10.809600,-50.140700,GOES-19,2026-09-21 14:50:00
-10.809600,-50.140700,GOES-19,2026-09-21 15:00:00
-10.809600,-50.140700,GOES-19,2026-09-21 15:10:00
-10.809600,-50.140700,GOES-19,2026-09-21 15:30:00
-10.828500,-50.138600,GOES-19,2026-09-21 12:30:00
-10.828500,-50.138600,GOES-19,2026-09-21 12:40:00
-10.828500,-50.138600,GOES-19,2026-09-21 12:50:00
-10.828500,-50.138600,GOES-19,2026-09-21 13:00:00
-10.828500,-50.138600,GOES-19,2026-09-21 13:10:00
-10.828500,-50.138600,GOES-19,2026-09-21 13:20:00
-10.828500,-50.138600,GOES-19,2026-09-21 13:30:00
-10.828500,-50.138600,GOES-19,2026-09-21 13:40:00
-10.828500,-50.138600,GOES-19,2026-09-21 13:50:00
-10.828500,-50.138600,GOES-19,2026-09-21 14:00:00
-10.828500,-50.138600,GOES-19,2026-09-21 14:10:00
-10.828500,-50.138600,GOES-19,2026-09-21 14:20:00
-10.828500,-50.138600,GOES-19,2026-09-21 14:30:00
-10.828500,-50.138600,GOES-19,2026-09-21 14:40:00
-10.828500,-50.138600,GOES-19,2026-09-21 14:50:00
-10.828500,-50.138600,GOES-19,2026-09-21 15:00:00
-10.828500,-50.138600,GOES-19,2026-09-21 15:10:00
-10.828500,-50.138600,GOES-19,2026-09-21 15:20:00
-10.828500,-50.138600,GOES-19,2026-09-21 15:30:00
-10.828500,-50.138600,GOES-19,2026-09-21 15:40:00
-10.828500,-50.138600,GOES-19,2026-09-21 17:40:00
-10.828500,-50.138600,GOES-19,2026-09-21 17:50:00
-10.828500,-50.138600,GOES-19,2026-09-21 18:00:00
-10.847500,-50.136600,GOES-19,2026-09-21 13:50:00
-10.847500,-50.136600,GOES-19,2026-09-21 14:50:00
-10.847500,-50.136600,GOES-19,2026-09-21 15:00:00
-10.847500,-50.136600,GOES-19,2026-09-21 15:10:00
-10.847500,-50.136600,GOES-19,2026-09-21 15:20:00
-10.847500,-50.136600,GOES-19,2026-09-21 15:30:00
-11.817100,-50.026700,GOES-19,2026-09-21 13:30:00
-11.817100,-50.026700,GOES-19,2026-09-21 13:40:00
-11.817100,-50.026700,GOES-19,2026-09-21 13:50:00
-11.817100,-50.026700,GOES-19,2026-09-21 14:00:00
-11.817100,-50.026700,GOES-19,2026-09-21 14:10:00
-11.817100,-50.026700,GOES-19,2026-09-21 14:20:00
-11.817100,-50.026700,GOES-19,2026-09-21 14:30:00
-11.817100,-50.026700,GOES-19,2026-09-21 14:40:00
-11.817100,-50.026700,GOES-19,2026-09-21 14:50:00
-11.817100,-50.026700,GOES-19,2026-09-21 15:00:00
-11.817100,-50.026700,GOES-19,2026-09-21 15:10:00
-11.817100,-50.026700,GOES-19,2026-09-21 15:20:00
-11.817100,-50.026700,GOES-19,2026-09-21 15:30:00
-11.817100,-50.026700,GOES-19,2026-09-21 15:40:00
-11.817100,-50.026700,GOES-19,2026-09-21 18:00:00
-16.288800,-49.361500,GOES-19,2026-09-21 14:10:00
-8.624400,-50.202400,GOES-19,2026-09-21 18:30:00
-4.509700,-50.447100,GOES-19,2026-09-21 18:50:00
-4.509700,-50.447100,GOES-19,2026-09-21 19:00:00
-4.509700,-50.447100,GOES-19,2026-09-21 19:10:00
-4.509700,-50.447100,GOES-19,2026-09-21 19:20:00
-4.509700,-50.447100,GOES-19,2026-09-21 19:30:00
-4.509700,-50.447100,GOES-19,2026-09-21 19:40:00
-9.357700,-50.094300,GOES-19,2026-09-21 14:40:00
-9.357700,-50.094300,GOES-19,2026-09-21 15:10:00
-9.357700,-50.094300,GOES-19,2026-09-21 15:20:00
-9.357700,-50.094300,GOES-19,2026-09-21 15:30:00
-11.820100,-49.832200,GOES-19,2026-09-21 15:00:00
-11.820100,-49.832200,GOES-19,2026-09-21 15:10:00
-3.031600,-50.438600,GOES-19,2026-09-21 14:30:00
-3.382500,-50.406600,GOES-19,2026-09-21 15:20:00
-11.099400,-49.743400,GOES-19,2026-09-21 14:40:00
-11.099400,-49.743400,GOES-19,2026-09-21 15:00:00
-11.080700,-49.724000,GOES-19,2026-09-21 14:20:00
-11.080700,-49.724000,GOES-19,2026-09-21 14:40:00
-11.080700,-49.724000,GOES-19,2026-09-21 14:50:00
-11.080700,-49.724000,GOES-19,2026-09-21 15:00:00
-11.080700,-49.724000,GOES-19,2026-09-21 15:10:00
-11.080700,-49.724000,GOES-19,2026-09-21 15:20:00
-7.057100,-49.942500,GOES-19,2026-09-21 18:50:00
-7.057100,-49.942500,GOES-19,2026-09-21 19:00:00
-7.057100,-49.942500,GOES-19,2026-09-21 19:10:00
-5.698700,-50.008000,GOES-19,2026-09-21 18:50:00
-7.076000,-49.920000,GOES-19,2026-09-21 18:20:00
-7.076000,-49.920000,GOES-19,2026-09-21 19:00:00
-7.431100,-49.851600,GOES-19,2026-09-21 12:30:00
-7.431100,-49.851600,GOES-19,2026-09-21 12:40:00
-7.431100,-49.851600,GOES-19,2026-09-21 13:00:00
-7.431100,-49.851600,GOES-19,2026-09-21 13:10:00
-7.431100,-49.851600,GOES-19,2026-09-21 14:40:00
-7.431100,-49.851600,GOES-19,2026-09-21 14:50:00
-7.431300,-49.830300,GOES-19,2026-09-21 12:30:00
-7.431300,-49.830300,GOES-19,2026-09-21 14:50:00
-2.480100,-49.822900,GOES-19,2026-09-21 15:20:00
-15.625900,-48.314300,GOES-19,2026-09-21 13:30:00
-13.931100,-48.564000,GOES-19,2026-09-21 14:20:00
-5.723600,-49.155900,GOES-19,2026-09-21 18:50:00
-5.742200,-49.154800,GOES-19,2026-09-21 18:30:00
-7.889100,-48.916000,GOES-19,2026-09-21 14:30:00
-0.765500,-49.215900,GOES-19,2026-09-21 18:30:00
-0.765500,-49.215900,GOES-19,2026-09-21 18:50:00
-8.810000,-48.748400,GOES-19,2026-09-21 13:30:00
-8.810000,-48.748400,GOES-19,2026-09-21 13:40:00
-8.810000,-48.748400,GOES-19,2026-09-21 13:50:00
-8.810000,-48.748400,GOES-19,2026-09-21 14:00:00
-8.810000,-48.748400,GOES-19,2026-09-21 14:10:00
-8.810000,-48.748400,GOES-19,2026-09-21 14:30:00
-8.810200,-48.726700,GOES-19,2026-09-21 13:30:00
-8.810200,-48.726700,GOES-19,2026-09-21 13:40:00
-8.810200,-48.726700,GOES-19,2026-09-21 13:50:00
-8.810200,-48.726700,GOES-19,2026-09-21 14:20:00
-8.810200,-48.726700,GOES-19,2026-09-21 14:30:00
-8.810200,-48.726700,GOES-19,2026-09-21 14:40:00
-8.810200,-48.726700,GOES-19,2026-09-21 14:50:00
-8.810200,-48.726700,GOES-19,2026-09-21 15:00:00
-8.810200,-48.726700,GOES-19,2026-09-21 15:10:00
-1.467100,-48.995000,GOES-19,2026-09-21 15:20:00
-1.467100,-48.995000,GOES-19,2026-09-21 15:40:00
-1.467100,-48.995000,GOES-19,2026-09-21 15:50:00
-1.467100,-48.995000,GOES-19,2026-09-21 16:00:00
-1.467100,-48.995000,GOES-19,2026-09-21 16:10:00
-1.467100,-48.995000,GOES-19,2026-09-21 16:30:00
-1.467100,-48.995000,GOES-19,2026-09-21 17:30:00
-1.467100,-48.995000,GOES-19,2026-09-21 17:40:00
-1.467100,-48.995000,GOES-19,2026-09-21 17:50:00
-1.485500,-48.994700,GOES-19,2026-09-21 15:40:00
-1.485500,-48.994700,GOES-19,2026-09-21 15:50:00
-1.485500,-48.994700,GOES-19,2026-09-21 16:10:00
-1.485500,-48.994700,GOES-19,2026-09-21 16:30:00
-1.485500,-48.994700,GOES-19,2026-09-21 17:30:00
-9.868300,-48.468900,GOES-19,2026-09-21 12:50:00
-9.868300,-48.468900,GOES-19,2026-09-21 13:00:00
-9.868300,-48.468900,GOES-19,2026-09-21 13:10:00
-9.868300,-48.468900,GOES-19,2026-09-21 13:20:00
-9.868300,-48.468900,GOES-19,2026-09-21 13:30:00
-9.868300,-48.468900,GOES-19,2026-09-21 13:40:00
-9.868300,-48.468900,GOES-19,2026-09-21 13:50:00
-9.868300,-48.468900,GOES-19,2026-09-21 14:00:00
-9.868300,-48.468900,GOES-19,2026-09-21 14:10:00
-9.868300,-48.468900,GOES-19,2026-09-21 14:20:00
-9.868300,-48.468900,GOES-19,2026-09-21 14:30:00
-9.868300,-48.468900,GOES-19,2026-09-21 14:40:00
-9.868300,-48.468900,GOES-19,2026-09-21 14:50:00
-9.868300,-48.468900,GOES-19,2026-09-21 15:00:00
-9.887200,-48.466900,GOES-19,2026-09-21 12:30:00
-9.887200,-48.466900,GOES-19,2026-09-21 12:40:00
-9.887200,-48.466900,GOES-19,2026-09-21 14:10:00
-9.887200,-48.466900,GOES-19,2026-09-21 18:50:00
-9.906100,-48.464900,GOES-19,2026-09-21 14:10:00
-9.906100,-48.464900,GOES-19,2026-09-21 14:30:00
-1.393300,-48.953400,GOES-19,2026-09-21 15:50:00
-1.393300,-48.953400,GOES-19,2026-09-21 16:00:00
-1.393300,-48.953400,GOES-19,2026-09-21 16:20:00
-9.811800,-48.453000,GOES-19,2026-09-21 11:50:00
-9.811800,-48.453000,GOES-19,2026-09-21 12:30:00
-9.811800,-48.453000,GOES-19,2026-09-21 12:50:00
-9.811800,-48.453000,GOES-19,2026-09-21 13:00:00
-9.811800,-48.453000,GOES-19,2026-09-21 13:10:00
-9.811800,-48.453000,GOES-19,2026-09-21 13:20:00
-9.811800,-48.453000,GOES-19,2026-09-21 13:30:00
-9.811800,-48.453000,GOES-19,2026-09-21 13:40:00
-9.811800,-48.453000,GOES-19,2026-09-21 13:50:00
-9.811800,-48.453000,GOES-19,2026-09-21 14:00:00
-9.811800,-48.453000,GOES-19,2026-09-21 14:10:00
-9.811800,-48.453000,GOES-19,2026-09-21 14:20:00
-9.811800,-48.453000,GOES-19,2026-09-21 14:30:00
-9.811800,-48.453000,GOES-19,2026-09-21 14:40:00
-9.811800,-48.453000,GOES-19,2026-09-21 14:50:00
-9.811800,-48.453000,GOES-19,2026-09-21 15:10:00
-9.811800,-48.453000,GOES-19,2026-09-21 15:20:00
-9.811800,-48.453000,GOES-19,2026-09-21 15:30:00
-9.811800,-48.453000,GOES-19,2026-09-21 15:40:00
-9.811800,-48.453000,GOES-19,2026-09-21 15:50:00
-9.811800,-48.453000,GOES-19,2026-09-21 16:00:00
-9.811800,-48.453000,GOES-19,2026-09-21 16:20:00
-9.811800,-48.453000,GOES-19,2026-09-21 16:30:00
-9.811800,-48.453000,GOES-19,2026-09-21 17:00:00
-9.830700,-48.451000,GOES-19,2026-09-21 12:50:00
-9.887500,-48.445000,GOES-19,2026-09-21 12:00:00
-9.887500,-48.445000,GOES-19,2026-09-21 12:30:00
-9.887500,-48.445000,GOES-19,2026-09-21 12:40:00
-9.887500,-48.445000,GOES-19,2026-09-21 12:50:00
-9.887500,-48.445000,GOES-19,2026-09-21 13:00:00
-9.887500,-48.445000,GOES-19,2026-09-21 13:10:00
-9.887500,-48.445000,GOES-19,2026-09-21 13:20:00
-9.887500,-48.445000,GOES-19,2026-09-21 13:30:00
-9.887500,-48.445000,GOES-19,2026-09-21 13:40:00
-9.887500,-48.445000,GOES-19,2026-09-21 13:50:00
-9.887500,-48.445000,GOES-19,2026-09-21 14:00:00
-9.887500,-48.445000,GOES-19,2026-09-21 14:10:00
-9.887500,-48.445000,GOES-19,2026-09-21 14:20:00
-9.887500,-48.445000,GOES-19,2026-09-21 14:30:00
-9.887500,-48.445000,GOES-19,2026-09-21 14:40:00
-9.887500,-48.445000,GOES-19,2026-09-21 14:50:00
-9.887500,-48.445000,GOES-19,2026-09-21 15:00:00
-9.906400,-48.443000,GOES-19,2026-09-21 12:30:00
-9.906400,-48.443000,GOES-19,2026-09-21 12:40:00
-9.906400,-48.443000,GOES-19,2026-09-21 14:10:00
-9.906400,-48.443000,GOES-19,2026-09-21 14:30:00
-9.831000,-48.429200,GOES-19,2026-09-21 12:50:00
-9.868900,-48.425200,GOES-19,2026-09-21 12:30:00
-9.868900,-48.425200,GOES-19,2026-09-21 12:40:00
-9.868900,-48.425200,GOES-19,2026-09-21 12:50:00
-9.868900,-48.425200,GOES-19,2026-09-21 13:00:00
-9.868900,-48.425200,GOES-19,2026-09-21 13:10:00
-9.868900,-48.425200,GOES-19,2026-09-21 13:20:00
-9.868900,-48.425200,GOES-19,2026-09-21 13:30:00
-9.868900,-48.425200,GOES-19,2026-09-21 13:40:00
-9.868900,-48.425200,GOES-19,2026-09-21 13:50:00
-9.868900,-48.425200,GOES-19,2026-09-21 14:00:00
-9.868900,-48.425200,GOES-19,2026-09-21 14:10:00
-9.868900,-48.425200,GOES-19,2026-09-21 14:20:00
-9.868900,-48.425200,GOES-19,2026-09-21 14:30:00
-9.868900,-48.425200,GOES-19,2026-09-21 14:40:00
-9.868900,-48.425200,GOES-19,2026-09-21 14:50:00
-9.868900,-48.425200,GOES-19,2026-09-21 15:00:00
-9.887800,-48.423100,GOES-19,2026-09-21 11:50:00
-9.887800,-48.423100,GOES-19,2026-09-21 12:00:00
-9.887800,-48.423100,GOES-19,2026-09-21 12:10:00
-9.887800,-48.423100,GOES-19,2026-09-21 12:20:00
-9.887800,-48.423100,GOES-19,2026-09-21 12:30:00
-9.887800,-48.423100,GOES-19,2026-09-21 12:40:00
-9.887800,-48.423100,GOES-19,2026-09-21 12:50:00
-9.887800,-48.423100,GOES-19,2026-09-21 13:00:00
-9.887800,-48.423100,GOES-19,2026-09-21 13:10:00
-9.887800,-48.423100,GOES-19,2026-09-21 13:20:00
-9.887800,-48.423100,GOES-19,2026-09-21 13:30:00
-9.887800,-48.423100,GOES-19,2026-09-21 13:40:00
-9.887800,-48.423100,GOES-19,2026-09-21 13:50:00
-9.887800,-48.423100,GOES-19,2026-09-21 14:00:00
-9.887800,-48.423100,GOES-19,2026-09-21 14:10:00
-9.887800,-48.423100,GOES-19,2026-09-21 14:20:00
-9.887800,-48.423100,GOES-19,2026-09-21 14:30:00
-9.887800,-48.423100,GOES-19,2026-09-21 14:40:00
-9.887800,-48.423100,GOES-19,2026-09-21 14:50:00
-9.887800,-48.423100,GOES-19,2026-09-21 15:00:00
-9.887800,-48.423100,GOES-19,2026-09-21 15:10:00
-9.887800,-48.423100,GOES-19,2026-09-21 15:40:00
-1.061100,-48.915000,GOES-19,2026-09-21 16:10:00
-1.061100,-48.915000,GOES-19,2026-09-21 17:30:00
-1.061100,-48.915000,GOES-19,2026-09-21 17:40:00
-1.061100,-48.915000,GOES-19,2026-09-21 18:00:00
-9.585700,-48.433000,GOES-19,2026-09-21 18:30:00
-9.869200,-48.403300,GOES-19,2026-09-21 12:30:00
-9.869200,-48.403300,GOES-19,2026-09-21 12:40:00
-9.869200,-48.403300,GOES-19,2026-09-21 12:50:00
-9.869200,-48.403300,GOES-19,2026-09-21 13:00:00
-9.869200,-48.403300,GOES-19,2026-09-21 13:10:00
-9.869200,-48.403300,GOES-19,2026-09-21 13:20:00
-9.869200,-48.403300,GOES-19,2026-09-21 13:30:00
-9.869200,-48.403300,GOES-19,2026-09-21 13:40:00
-9.869200,-48.403300,GOES-19,2026-09-21 13:50:00
-9.869200,-48.403300,GOES-19,2026-09-21 14:00:00
-9.869200,-48.403300,GOES-19,2026-09-21 14:10:00
-9.869200,-48.403300,GOES-19,2026-09-21 14:20:00
-9.869200,-48.403300,GOES-19,2026-09-21 14:30:00
-9.869200,-48.403300,GOES-19,2026-09-21 14:40:00
-9.869200,-48.403300,GOES-19,2026-09-21 14:50:00
-9.869200,-48.403300,GOES-19,2026-09-21 15:00:00
-9.888100,-48.401300,GOES-19,2026-09-21 12:20:00
-9.888100,-48.401300,GOES-19,2026-09-21 12:30:00
-9.888100,-48.401300,GOES-19,2026-09-21 12:40:00
-9.888100,-48.401300,GOES-19,2026-09-21 12:50:00
-9.888100,-48.401300,GOES-19,2026-09-21 13:00:00
-9.888100,-48.401300,GOES-19,2026-09-21 13:10:00
-9.888100,-48.401300,GOES-19,2026-09-21 13:20:00
-9.888100,-48.401300,GOES-19,2026-09-21 13:30:00
-9.888100,-48.401300,GOES-19,2026-09-21 13:40:00
-9.888100,-48.401300,GOES-19,2026-09-21 13:50:00
-9.888100,-48.401300,GOES-19,2026-09-21 14:00:00
-9.888100,-48.401300,GOES-19,2026-09-21 14:10:00
-9.888100,-48.401300,GOES-19,2026-09-21 14:20:00
-9.888100,-48.401300,GOES-19,2026-09-21 14:30:00
-9.888100,-48.401300,GOES-19,2026-09-21 14:40:00
-9.888100,-48.401300,GOES-19,2026-09-21 14:50:00
-9.888100,-48.401300,GOES-19,2026-09-21 15:00:00
-9.888100,-48.401300,GOES-19,2026-09-21 15:10:00
-9.888100,-48.401300,GOES-19,2026-09-21 18:00:00
-9.907000,-48.399300,GOES-19,2026-09-21 14:00:00
-9.567100,-48.413100,GOES-19,2026-09-21 18:30:00
-9.567100,-48.413100,GOES-19,2026-09-21 18:50:00
-9.586000,-48.411200,GOES-19,2026-09-21 18:30:00
-9.586000,-48.411200,GOES-19,2026-09-21 18:50:00
-9.586000,-48.411200,GOES-19,2026-09-21 19:00:00
5.171000,-69.769200,GOES-19,2026-09-22 03:20:00
5.171100,-69.751000,GOES-19,2026-09-22 03:20:00
5.152800,-69.769400,GOES-19,2026-09-22 03:20:00
-16.128200,-63.148400,GOES-19,2026-09-22 03:20:00
-19.790400,-59.974500,GOES-19,2026-09-22 03:20:00
-19.790700,-59.954000,GOES-19,2026-09-22 03:20:00
-19.810500,-59.972200,GOES-19,2026-09-22 03:20:00
-19.810800,-59.951700,GOES-19,2026-09-22 03:20:00
-3.680400,-42.954600,GOES-19,2026-09-22 03:20:00
-12.574000,-45.957600,GOES-19,2026-09-22 03:20:00
-18.747200,-46.930000,GOES-19,2026-09-22 03:20:00
-2.860800,-57.799400,GOES-19,2026-09-22 03:20:00
-3.221100,-53.962300,GOES-19,2026-09-22 03:20:00
-3.239500,-53.961800,GOES-19,2026-09-22 03:20:00
-3.239600,-53.941700,GOES-19,2026-09-22 03:20:00
-5.756900,-45.084000,GOES-19,2026-09-22 03:20:00
-6.467000,-59.990200,GOES-19,2026-09-22 03:20:00
-7.588900,-57.675700,GOES-19,2026-09-22 03:20:00
-9.559400,-66.035900,GOES-19,2026-09-22 03:20:00
-10.590600,-53.991800,GOES-19,2026-09-22 03:20:00
-10.609400,-53.990200,GOES-19,2026-09-22 03:20:00
-10.609700,-53.969700,GOES-19,2026-09-22 03:20:00
-11.306600,-54.050500,GOES-19,2026-09-22 03:20:00
-11.325500,-54.048700,GOES-19,2026-09-22 03:20:00
-11.325700,-54.028200,GOES-19,2026-09-22 03:20:00