lat,lon,satelite,data
-11.797000,-47.689400,GOES-19,2026-08-26 14:00:00
-11.797000,-47.689400,GOES-19,2026-08-26 14:10:00
-11.797000,-47.689400,GOES-19,2026-08-26 14:20:00
-11.797000,-47.689400,GOES-19,2026-08-26 14:30:00
-11.797000,-47.689400,GOES-19,2026-08-26 14:40:00
-11.797000,-47.689400,GOES-19,2026-08-26 14:50:00
-11.797000,-47.689400,GOES-19,2026-08-26 18:20:00
-11.797000,-47.689400,GOES-19,2026-08-26 18:30:00
-11.797000,-47.689400,GOES-19,2026-08-26 18:40:00
-10.237200,-47.770200,GOES-19,2026-08-26 17:40:00
-10.237200,-47.770200,GOES-19,2026-08-26 18:30:00
-10.237200,-47.770200,GOES-19,2026-08-26 18:50:00
-7.037600,-48.052700,GOES-19,2026-08-26 17:50:00
-7.037600,-48.052700,GOES-19,2026-08-26 18:00:00
-7.037600,-48.052700,GOES-19,2026-08-26 18:30:00
-7.037600,-48.052700,GOES-19,2026-08-26 18:40:00
-12.035000,-47.166600,GOES-19,2026-08-26 19:00:00
-12.035000,-47.166600,GOES-19,2026-08-26 19:30:00
-12.035000,-47.166600,GOES-19,2026-08-26 19:40:00
-12.035000,-47.166600,GOES-19,2026-08-26 19:50:00
-12.054500,-47.141500,GOES-19,2026-08-26 13:20:00
-12.054500,-47.141500,GOES-19,2026-08-26 14:00:00
-12.054500,-47.141500,GOES-19,2026-08-26 18:20:00
-13.344300,-46.953000,GOES-19,2026-08-26 18:20:00
-8.147900,-47.543800,GOES-19,2026-08-26 14:10:00
-8.167000,-47.520100,GOES-19,2026-08-26 11:40:00
-8.167000,-47.520100,GOES-19,2026-08-26 11:50:00
-8.167000,-47.520100,GOES-19,2026-08-26 12:00:00
-8.167000,-47.520100,GOES-19,2026-08-26 12:10:00
-8.167000,-47.520100,GOES-19,2026-08-26 12:20:00
-8.167000,-47.520100,GOES-19,2026-08-26 12:30:00
-8.167000,-47.520100,GOES-19,2026-08-26 12:40:00
-8.167000,-47.520100,GOES-19,2026-08-26 12:50:00
-8.167000,-47.520100,GOES-19,2026-08-26 13:00:00
-8.167000,-47.520100,GOES-19,2026-08-26 13:10:00
-11.272900,-47.089300,GOES-19,2026-08-26 15:40:00
-11.272900,-47.089300,GOES-19,2026-08-26 15:50:00
-11.272900,-47.089300,GOES-19,2026-08-26 16:00:00
-11.272900,-47.089300,GOES-19,2026-08-26 16:10:00
-11.292000,-47.086800,GOES-19,2026-08-26 12:00:00
-11.292000,-47.086800,GOES-19,2026-08-26 12:30:00
-11.292000,-47.086800,GOES-19,2026-08-26 12:40:00
-11.292000,-47.086800,GOES-19,2026-08-26 15:30:00
-11.292000,-47.086800,GOES-19,2026-08-26 15:40:00
-11.292000,-47.086800,GOES-19,2026-08-26 16:40:00
-11.292000,-47.086800,GOES-19,2026-08-26 17:20:00
-6.595000,-47.452500,GOES-19,2026-08-26 18:40:00
-6.595000,-47.452500,GOES-19,2026-08-26 18:50:00
-6.595000,-47.452500,GOES-19,2026-08-26 19:10:00
-6.595200,-47.430600,GOES-19,2026-08-26 18:40:00
-11.621600,-46.751600,GOES-19,2026-08-26 12:50:00
-11.621600,-46.751600,GOES-19,2026-08-26 14:50:00
-11.621600,-46.751600,GOES-19,2026-08-26 15:00:00
-11.621600,-46.751600,GOES-19,2026-08-26 15:20:00
-11.621600,-46.751600,GOES-19,2026-08-26 15:30:00
-11.621600,-46.751600,GOES-19,2026-08-26 15:40:00
-11.621600,-46.751600,GOES-19,2026-08-26 16:00:00
-11.621600,-46.751600,GOES-19,2026-08-26 16:10:00
-11.621600,-46.751600,GOES-19,2026-08-26 16:20:00
-11.621600,-46.751600,GOES-19,2026-08-26 16:30:00
-11.621600,-46.751600,GOES-19,2026-08-26 17:00:00
-11.621600,-46.751600,GOES-19,2026-08-26 17:10:00
-7.645800,-47.147900,GOES-19,2026-08-26 13:20:00
-7.645800,-47.147900,GOES-19,2026-08-26 13:30:00
-7.645800,-47.147900,GOES-19,2026-08-26 13:40:00
-7.645800,-47.147900,GOES-19,2026-08-26 13:50:00
-7.645800,-47.147900,GOES-19,2026-08-26 14:00:00
-7.645800,-47.147900,GOES-19,2026-08-26 14:10:00
-7.645800,-47.147900,GOES-19,2026-08-26 14:20:00
-7.645800,-47.147900,GOES-19,2026-08-26 14:40:00
-7.645800,-47.147900,GOES-19,2026-08-26 14:50:00
-7.645800,-47.147900,GOES-19,2026-08-26 17:40:00
-7.645800,-47.147900,GOES-19,2026-08-26 17:50:00
-7.645800,-47.147900,GOES-19,2026-08-26 18:00:00
-7.645800,-47.147900,GOES-19,2026-08-26 18:10:00
-7.645800,-47.147900,GOES-19,2026-08-26 18:20:00
-7.645800,-47.147900,GOES-19,2026-08-26 18:30:00
-7.645800,-47.147900,GOES-19,2026-08-26 18:40:00
-7.645800,-47.147900,GOES-19,2026-08-26 18:50:00
-7.664600,-47.146300,GOES-19,2026-08-26 13:20:00
-7.664600,-47.146300,GOES-19,2026-08-26 13:30:00
-7.664600,-47.146300,GOES-19,2026-08-26 13:50:00
-7.664600,-47.146300,GOES-19,2026-08-26 14:00:00
-7.664600,-47.146300,GOES-19,2026-08-26 14:10:00
-7.664600,-47.146300,GOES-19,2026-08-26 14:20:00
-7.664600,-47.146300,GOES-19,2026-08-26 14:40:00
-7.664600,-47.146300,GOES-19,2026-08-26 15:00:00
-7.664600,-47.146300,GOES-19,2026-08-26 15:20:00
-7.664600,-47.146300,GOES-19,2026-08-26 15:50:00
-7.646300,-47.103700,GOES-19,2026-08-26 13:30:00
-7.646300,-47.103700,GOES-19,2026-08-26 14:50:00
-7.646300,-47.103700,GOES-19,2026-08-26 15:00:00
-7.646300,-47.103700,GOES-19,2026-08-26 15:10:00
-7.646300,-47.103700,GOES-19,2026-08-26 18:10:00
-6.487600,-46.954400,GOES-19,2026-08-26 18:30:00
-9.931600,-46.627300,GOES-19,2026-08-26 13:00:00
-9.931600,-46.627300,GOES-19,2026-08-26 13:20:00
-9.931600,-46.627300,GOES-19,2026-08-26 13:30:00
-9.931600,-46.627300,GOES-19,2026-08-26 18:30:00
-9.931600,-46.627300,GOES-19,2026-08-26 18:40:00
-9.705100,-46.586100,GOES-19,2026-08-26 12:30:00
-9.705100,-46.586100,GOES-19,2026-08-26 12:50:00
-9.705100,-46.586100,GOES-19,2026-08-26 13:00:00
-9.705100,-46.586100,GOES-19,2026-08-26 13:10:00
-9.705100,-46.586100,GOES-19,2026-08-26 13:20:00
-9.705100,-46.586100,GOES-19,2026-08-26 13:30:00
-9.705100,-46.586100,GOES-19,2026-08-26 13:40:00
-9.705100,-46.586100,GOES-19,2026-08-26 13:50:00
-9.705100,-46.586100,GOES-19,2026-08-26 17:50:00
-9.724100,-46.583900,GOES-19,2026-08-26 12:50:00
-9.724100,-46.583900,GOES-19,2026-08-26 13:00:00
-9.724100,-46.583900,GOES-19,2026-08-26 13:10:00
-9.724100,-46.583900,GOES-19,2026-08-26 13:40:00
-9.724100,-46.583900,GOES-19,2026-08-26 13:50:00
-9.705400,-46.563600,GOES-19,2026-08-26 12:30:00
-9.705400,-46.563600,GOES-19,2026-08-26 12:50:00
-9.705400,-46.563600,GOES-19,2026-08-26 13:00:00
-9.705400,-46.563600,GOES-19,2026-08-26 13:10:00
-9.914600,-46.494700,GOES-19,2026-08-26 15:00:00
-9.914600,-46.494700,GOES-19,2026-08-26 15:10:00
-5.202100,-46.775900,GOES-19,2026-08-26 18:30:00
-10.487300,-46.245700,GOES-19,2026-08-26 18:10:00
-10.487600,-46.223100,GOES-19,2026-08-26 14:40:00
-10.487600,-46.223100,GOES-19,2026-08-26 17:30:00
-10.487600,-46.223100,GOES-19,2026-08-26 17:40:00
-10.487600,-46.223100,GOES-19,2026-08-26 18:10:00
-10.487900,-46.200500,GOES-19,2026-08-26 14:20:00
-10.487900,-46.200500,GOES-19,2026-08-26 14:30:00
-10.487900,-46.200500,GOES-19,2026-08-26 14:40:00
-10.487900,-46.200500,GOES-19,2026-08-26 14:50:00
-10.487900,-46.200500,GOES-19,2026-08-26 15:00:00
-10.487900,-46.200500,GOES-19,2026-08-26 15:10:00
-10.487900,-46.200500,GOES-19,2026-08-26 15:20:00
-10.089400,-46.204100,GOES-19,2026-08-26 18:00:00
-5.390000,-46.565300,GOES-19,2026-08-26 15:40:00
-5.390000,-46.565300,GOES-19,2026-08-26 15:50:00
-8.960700,-45.745900,GOES-19,2026-08-26 14:00:00
-5.371600,-46.544300,GOES-19,2026-08-26 15:00:00
-5.371600,-46.544300,GOES-19,2026-08-26 15:40:00
-5.390200,-46.543200,GOES-19,2026-08-26 15:40:00
-5.390200,-46.543200,GOES-19,2026-08-26 15:50:00
-7.842900,-46.308100,GOES-19,2026-08-26 18:30:00
-9.598400,-46.103900,GOES-19,2026-08-26 16:00:00
-9.580100,-46.060900,GOES-19,2026-08-26 18:50:00
-9.580400,-46.038300,GOES-19,2026-08-26 14:50:00
-9.580400,-46.038300,GOES-19,2026-08-26 18:20:00
-9.580400,-46.038300,GOES-19,2026-08-26 18:30:00
-9.580400,-46.038300,GOES-19,2026-08-26 18:40:00
-9.580400,-46.038300,GOES-19,2026-08-26 18:50:00
-9.599300,-46.036100,GOES-19,2026-08-26 13:50:00
-9.599300,-46.036100,GOES-19,2026-08-26 14:40:00
-9.599300,-46.036100,GOES-19,2026-08-26 14:50:00
-9.599300,-46.036100,GOES-19,2026-08-26 18:30:00
-9.599300,-46.036100,GOES-19,2026-08-26 18:50:00
-8.941500,-45.770600,GOES-19,2026-08-26 13:40:00
-8.941500,-45.770600,GOES-19,2026-08-26 14:00:00
-8.941500,-45.770600,GOES-19,2026-08-26 17:50:00
-8.941500,-45.770600,GOES-19,2026-08-26 18:00:00
-8.941500,-45.770600,GOES-19,2026-08-26 18:40:00
-8.960400,-45.768600,GOES-19,2026-08-26 14:00:00
-11.586600,-45.439100,GOES-19,2026-08-26 15:10:00
-11.586600,-45.439100,GOES-19,2026-08-26 17:40:00
-8.960700,-45.745900,GOES-19,2026-08-26 14:10:00
-8.960700,-45.745900,GOES-19,2026-08-26 14:40:00
-8.960700,-45.745900,GOES-19,2026-08-26 14:50:00
-8.960700,-45.745900,GOES-19,2026-08-26 15:10:00
-8.960700,-45.745900,GOES-19,2026-08-26 15:30:00
-11.587000,-45.416100,GOES-19,2026-08-26 14:00:00
-11.587000,-45.416100,GOES-19,2026-08-26 14:10:00
-11.587000,-45.416100,GOES-19,2026-08-26 14:20:00
-11.587000,-45.416100,GOES-19,2026-08-26 14:30:00
-11.587000,-45.416100,GOES-19,2026-08-26 14:40:00
-11.587000,-45.416100,GOES-19,2026-08-26 14:50:00
-11.587000,-45.416100,GOES-19,2026-08-26 15:00:00
-11.587000,-45.416100,GOES-19,2026-08-26 15:10:00
-11.587000,-45.416100,GOES-19,2026-08-26 15:40:00
-11.587000,-45.416100,GOES-19,2026-08-26 15:50:00
-11.587000,-45.416100,GOES-19,2026-08-26 16:20:00
-11.587000,-45.416100,GOES-19,2026-08-26 16:50:00
-11.587000,-45.416100,GOES-19,2026-08-26 17:00:00
-11.587000,-45.416100,GOES-19,2026-08-26 17:10:00
-11.587000,-45.416100,GOES-19,2026-08-26 17:20:00
-11.587000,-45.416100,GOES-19,2026-08-26 17:30:00
-11.587000,-45.416100,GOES-19,2026-08-26 17:40:00
-11.606200,-45.413400,GOES-19,2026-08-26 14:00:00
-11.606200,-45.413400,GOES-19,2026-08-26 14:10:00
-11.606200,-45.413400,GOES-19,2026-08-26 14:30:00
-11.606200,-45.413400,GOES-19,2026-08-26 14:50:00
-11.587400,-45.393100,GOES-19,2026-08-26 14:00:00
-11.587400,-45.393100,GOES-19,2026-08-26 14:10:00
-11.587400,-45.393100,GOES-19,2026-08-26 14:20:00
-11.587400,-45.393100,GOES-19,2026-08-26 14:50:00
-11.587400,-45.393100,GOES-19,2026-08-26 15:00:00
-11.587400,-45.393100,GOES-19,2026-08-26 15:10:00
-11.587400,-45.393100,GOES-19,2026-08-26 15:20:00
-11.587400,-45.393100,GOES-19,2026-08-26 15:50:00
-7.041900,-45.773700,GOES-19,2026-08-26 19:10:00
-7.041900,-45.773700,GOES-19,2026-08-26 19:30:00
-9.531200,-45.500200,GOES-19,2026-08-26 14:40:00
-9.589400,-45.402300,GOES-19,2026-08-26 18:20:00
-9.608400,-45.400000,GOES-19,2026-08-26 15:50:00
-9.608400,-45.400000,GOES-19,2026-08-26 16:00:00
-9.608400,-45.400000,GOES-19,2026-08-26 17:50:00
-9.608400,-45.400000,GOES-19,2026-08-26 18:00:00
-9.608400,-45.400000,GOES-19,2026-08-26 18:20:00
-8.115700,-45.494200,GOES-19,2026-08-26 13:10:00
-8.115700,-45.494200,GOES-19,2026-08-26 13:40:00
-8.115700,-45.494200,GOES-19,2026-08-26 14:20:00
-8.115700,-45.494200,GOES-19,2026-08-26 15:10:00
-5.584800,-45.547800,GOES-19,2026-08-26 15:40:00
-6.016200,-45.359300,GOES-19,2026-08-26 18:10:00
-6.016200,-45.359300,GOES-19,2026-08-26 18:20:00
-13.881400,-44.302400,GOES-19,2026-08-26 19:00:00
-13.881400,-44.302400,GOES-19,2026-08-26 19:30:00
-13.861900,-44.305900,GOES-19,2026-08-26 19:00:00
-13.861900,-44.305900,GOES-19,2026-08-26 19:30:00
-13.861900,-44.305900,GOES-19,2026-08-26 19:40:00
-6.766800,-45.187000,GOES-19,2026-08-26 18:00:00
-6.766800,-45.187000,GOES-19,2026-08-26 18:50:00
-6.766800,-45.187000,GOES-19,2026-08-26 19:00:00
-6.766800,-45.187000,GOES-19,2026-08-26 19:10:00
-6.766800,-45.187000,GOES-19,2026-08-26 19:20:00
-6.073600,-45.219400,GOES-19,2026-08-26 17:30:00
-6.729500,-45.167400,GOES-19,2026-08-26 14:20:00
-6.729500,-45.167400,GOES-19,2026-08-26 15:10:00
-6.729500,-45.167400,GOES-19,2026-08-26 18:50:00
-6.748200,-45.165900,GOES-19,2026-08-26 15:50:00
-6.748200,-45.165900,GOES-19,2026-08-26 18:00:00
-6.767000,-45.164300,GOES-19,2026-08-26 15:50:00
-6.055100,-45.198100,GOES-19,2026-08-26 15:50:00
-6.373500,-45.173600,GOES-19,2026-08-26 15:40:00
-7.613400,-45.020400,GOES-19,2026-08-26 15:40:00
-7.613400,-45.020400,GOES-19,2026-08-26 15:50:00
-7.613400,-45.020400,GOES-19,2026-08-26 16:00:00
-7.613400,-45.020400,GOES-19,2026-08-26 16:10:00
-7.613400,-45.020400,GOES-19,2026-08-26 16:20:00
-7.501200,-44.962600,GOES-19,2026-08-26 14:50:00
-7.501200,-44.962600,GOES-19,2026-08-26 15:00:00
-7.501200,-44.962600,GOES-19,2026-08-26 15:10:00
-7.501200,-44.962600,GOES-19,2026-08-26 15:20:00
-7.501200,-44.962600,GOES-19,2026-08-26 15:30:00
-7.501200,-44.962600,GOES-19,2026-08-26 17:50:00
-7.501200,-44.962600,GOES-19,2026-08-26 18:10:00
-7.501200,-44.962600,GOES-19,2026-08-26 18:20:00
-7.501200,-44.962600,GOES-19,2026-08-26 18:30:00
-7.501200,-44.962600,GOES-19,2026-08-26 18:40:00
-7.501200,-44.962600,GOES-19,2026-08-26 18:50:00
-7.520300,-44.938000,GOES-19,2026-08-26 15:20:00
-15.199500,-43.789500,GOES-19,2026-08-26 18:40:00
-6.507400,-44.890200,GOES-19,2026-08-26 13:50:00
-6.507400,-44.890200,GOES-19,2026-08-26 14:40:00
-6.507400,-44.890200,GOES-19,2026-08-26 14:50:00
-6.507400,-44.890200,GOES-19,2026-08-26 15:00:00
-6.470800,-44.802000,GOES-19,2026-08-26 15:30:00
-6.489500,-44.800500,GOES-19,2026-08-26 15:30:00
-6.471000,-44.779200,GOES-19,2026-08-26 15:30:00
-6.471000,-44.779200,GOES-19,2026-08-26 15:40:00
-6.489700,-44.777600,GOES-19,2026-08-26 15:30:00
-7.392700,-44.584000,GOES-19,2026-08-26 17:50:00
-7.392700,-44.584000,GOES-19,2026-08-26 18:10:00
-7.525900,-44.456500,GOES-19,2026-08-26 15:00:00
-5.312300,-44.614400,GOES-19,2026-08-26 14:40:00
-5.312300,-44.614400,GOES-19,2026-08-26 15:10:00
-7.322900,-44.107100,GOES-19,2026-08-26 15:30:00
-7.322900,-44.107100,GOES-19,2026-08-26 15:40:00
-7.322900,-44.107100,GOES-19,2026-08-26 16:00:00
-7.322900,-44.107100,GOES-19,2026-08-26 16:20:00
-7.322900,-44.107100,GOES-19,2026-08-26 17:50:00
-7.341800,-44.105300,GOES-19,2026-08-26 15:30:00
-7.341800,-44.105300,GOES-19,2026-08-26 15:40:00
-7.341800,-44.105300,GOES-19,2026-08-26 16:00:00
-7.323200,-44.084000,GOES-19,2026-08-26 15:40:00
-7.720600,-43.906000,GOES-19,2026-08-26 15:20:00
-7.720900,-43.882800,GOES-19,2026-08-26 15:20:00
-9.749700,-43.555600,GOES-19,2026-08-26 17:00:00
-7.084200,-43.596100,GOES-19,2026-08-26 19:00:00
-14.978500,-42.383700,GOES-19,2026-08-26 14:00:00
-14.978500,-42.383700,GOES-19,2026-08-26 14:10:00
-5.360300,-43.342700,GOES-19,2026-08-26 18:30:00
-5.360300,-43.342700,GOES-19,2026-08-26 18:40:00
-5.360300,-43.342700,GOES-19,2026-08-26 18:50:00
-4.799900,-43.217600,GOES-19,2026-08-26 14:10:00
-4.799900,-43.217600,GOES-19,2026-08-26 14:20:00
-4.818800,-43.193100,GOES-19,2026-08-26 12:50:00
-4.818800,-43.193100,GOES-19,2026-08-26 13:50:00
-4.818800,-43.193100,GOES-19,2026-08-26 14:00:00
-4.818800,-43.193100,GOES-19,2026-08-26 14:20:00
-4.818800,-43.193100,GOES-19,2026-08-26 14:40:00
-4.818800,-43.193100,GOES-19,2026-08-26 14:50:00
-4.818800,-43.193100,GOES-19,2026-08-26 15:00:00
-4.818800,-43.193100,GOES-19,2026-08-26 15:30:00
-4.800100,-43.194300,GOES-19,2026-08-26 12:30:00
-4.800100,-43.194300,GOES-19,2026-08-26 12:40:00
-4.800100,-43.194300,GOES-19,2026-08-26 12:50:00
-4.800100,-43.194300,GOES-19,2026-08-26 13:00:00
-4.800100,-43.194300,GOES-19,2026-08-26 13:10:00
-4.800100,-43.194300,GOES-19,2026-08-26 13:30:00
-4.800100,-43.194300,GOES-19,2026-08-26 13:40:00
-4.800100,-43.194300,GOES-19,2026-08-26 13:50:00
-4.800100,-43.194300,GOES-19,2026-08-26 14:00:00
-4.800100,-43.194300,GOES-19,2026-08-26 14:20:00
-4.800100,-43.194300,GOES-19,2026-08-26 14:40:00
-4.800100,-43.194300,GOES-19,2026-08-26 15:10:00
-4.800100,-43.194300,GOES-19,2026-08-26 15:20:00
-4.800100,-43.194300,GOES-19,2026-08-26 15:30:00
-4.800100,-43.194300,GOES-19,2026-08-26 15:40:00
-4.800100,-43.194300,GOES-19,2026-08-26 15:50:00
-4.800100,-43.194300,GOES-19,2026-08-26 16:10:00
-4.800100,-43.194300,GOES-19,2026-08-26 16:40:00
-4.800100,-43.194300,GOES-19,2026-08-26 17:00:00
-4.800100,-43.194300,GOES-19,2026-08-26 17:10:00
-4.800100,-43.194300,GOES-19,2026-08-26 17:20:00
-4.781500,-43.172100,GOES-19,2026-08-26 12:50:00
-4.781500,-43.172100,GOES-19,2026-08-26 14:40:00
-4.781500,-43.172100,GOES-19,2026-08-26 14:50:00
-4.781500,-43.172100,GOES-19,2026-08-26 15:00:00
-4.781500,-43.172100,GOES-19,2026-08-26 15:10:00
-4.781500,-43.172100,GOES-19,2026-08-26 15:20:00
-4.819000,-43.169700,GOES-19,2026-08-26 12:30:00
-4.819000,-43.169700,GOES-19,2026-08-26 12:40:00
-4.819000,-43.169700,GOES-19,2026-08-26 14:00:00
-4.819000,-43.169700,GOES-19,2026-08-26 14:20:00
-4.819000,-43.169700,GOES-19,2026-08-26 14:40:00
-4.819000,-43.169700,GOES-19,2026-08-26 14:50:00
-7.111800,-42.819900,GOES-19,2026-08-26 14:00:00
-7.111800,-42.819900,GOES-19,2026-08-26 14:20:00
-7.111800,-42.819900,GOES-19,2026-08-26 14:50:00
-7.111800,-42.819900,GOES-19,2026-08-26 15:20:00
-7.111800,-42.819900,GOES-19,2026-08-26 18:20:00
-7.112300,-42.772700,GOES-19,2026-08-26 13:50:00
-7.112300,-42.772700,GOES-19,2026-08-26 14:00:00
-7.112300,-42.772700,GOES-19,2026-08-26 14:10:00
-7.112300,-42.772700,GOES-19,2026-08-26 14:20:00
-5.741500,-42.634000,GOES-19,2026-08-26 17:40:00
-6.969100,-42.121900,GOES-19,2026-08-26 18:40:00
-6.501400,-41.831600,GOES-19,2026-08-26 15:10:00
-9.423000,-37.828600,GOES-19,2026-08-26 18:30:00
-9.442300,-37.825500,GOES-19,2026-08-26 18:20:00
-9.442300,-37.825500,GOES-19,2026-08-26 18:30:00
-8.913100,-71.278600,GOES-19,2026-08-26 17:40:00
-8.913100,-71.278600,GOES-19,2026-08-26 18:00:00
-8.913100,-71.278600,GOES-19,2026-08-26 18:10:00
-8.821100,-71.041400,GOES-19,2026-08-26 16:50:00
-8.821100,-71.041400,GOES-19,2026-08-26 18:10:00
-8.821100,-71.041400,GOES-19,2026-08-26 18:20:00
-8.747300,-71.024000,GOES-19,2026-08-26 18:20:00
-8.747300,-71.024000,GOES-19,2026-08-26 18:30:00
-8.747300,-71.005700,GOES-19,2026-08-26 17:50:00
-8.747300,-71.005700,GOES-19,2026-08-26 18:30:00
-8.858300,-70.930900,GOES-19,2026-08-26 18:00:00
-8.858300,-70.930900,GOES-19,2026-08-26 18:10:00
-8.858300,-70.930900,GOES-19,2026-08-26 18:40:00
-8.858300,-70.930900,GOES-19,2026-08-26 19:20:00
-8.858300,-70.930900,GOES-19,2026-08-26 19:30:00
-9.024600,-70.928700,GOES-19,2026-08-26 17:50:00
-9.024600,-70.928700,GOES-19,2026-08-26 18:20:00
-9.024600,-70.928700,GOES-19,2026-08-26 18:30:00
-8.489100,-70.917400,GOES-19,2026-08-26 18:20:00
-8.489100,-70.917400,GOES-19,2026-08-26 18:30:00
-8.766000,-70.877200,GOES-19,2026-08-26 18:20:00
-8.784500,-70.876900,GOES-19,2026-08-26 18:20:00
-8.784500,-70.876900,GOES-19,2026-08-26 18:30:00
-8.839900,-70.876200,GOES-19,2026-08-26 17:40:00
-9.135800,-70.853800,GOES-19,2026-08-26 18:00:00
-8.563000,-70.861500,GOES-19,2026-08-26 19:00:00
-8.563000,-70.861500,GOES-19,2026-08-26 19:10:00
-8.803000,-70.840000,GOES-19,2026-08-26 17:50:00
-8.821600,-70.803100,GOES-19,2026-08-26 17:40:00
-8.821600,-70.803100,GOES-19,2026-08-26 17:50:00
-8.710800,-70.804600,GOES-19,2026-08-26 18:00:00
-8.710800,-70.804600,GOES-19,2026-08-26 18:20:00
-8.710800,-70.804600,GOES-19,2026-08-26 18:30:00
-8.729200,-70.804300,GOES-19,2026-08-26 16:30:00
-8.729200,-70.804300,GOES-19,2026-08-26 16:40:00
-8.729200,-70.804300,GOES-19,2026-08-26 18:00:00
-8.766200,-70.785500,GOES-19,2026-08-26 18:20:00
-8.637000,-70.750600,GOES-19,2026-08-26 16:10:00
-8.637000,-70.750600,GOES-19,2026-08-26 16:20:00
-8.655500,-70.732000,GOES-19,2026-08-26 16:30:00
-8.674000,-70.731700,GOES-19,2026-08-26 16:30:00
-8.951200,-70.691200,GOES-19,2026-08-26 16:30:00
-8.618700,-70.677500,GOES-19,2026-08-26 16:30:00
-8.563400,-70.641600,GOES-19,2026-08-26 18:10:00
-8.213300,-70.499800,GOES-19,2026-08-26 18:00:00
-8.231800,-70.462900,GOES-19,2026-08-26 18:20:00
-8.231800,-70.462900,GOES-19,2026-08-26 18:30:00
-9.432800,-70.445100,GOES-19,2026-08-26 18:50:00
-9.432800,-70.445100,GOES-19,2026-08-26 19:20:00
-9.432800,-70.445100,GOES-19,2026-08-26 19:30:00
-9.432800,-70.445100,GOES-19,2026-08-26 19:40:00
-9.432800,-70.445100,GOES-19,2026-08-26 19:50:00
-8.324300,-70.278400,GOES-19,2026-08-26 18:40:00
-8.324300,-70.278400,GOES-19,2026-08-26 19:00:00
-8.324300,-70.278400,GOES-19,2026-08-26 19:10:00
-8.324300,-70.278400,GOES-19,2026-08-26 19:20:00
-8.342800,-70.278100,GOES-19,2026-08-26 19:20:00
-8.398200,-70.240600,GOES-19,2026-08-26 19:20:00
-8.582800,-70.219500,GOES-19,2026-08-26 18:30:00
-8.582800,-70.219500,GOES-19,2026-08-26 18:50:00
-8.582800,-70.219500,GOES-19,2026-08-26 19:00:00
-8.582800,-70.219500,GOES-19,2026-08-26 19:10:00
-8.601200,-70.219200,GOES-19,2026-08-26 19:00:00
-8.601200,-70.219200,GOES-19,2026-08-26 19:10:00
-8.601300,-70.200900,GOES-19,2026-08-26 18:30:00
-8.601300,-70.200900,GOES-19,2026-08-26 19:00:00
-8.601300,-70.200900,GOES-19,2026-08-26 19:10:00
-8.601300,-70.200900,GOES-19,2026-08-26 19:20:00
-8.380000,-70.130800,GOES-19,2026-08-26 18:40:00
-8.195600,-70.133600,GOES-19,2026-08-26 18:10:00
-8.195600,-70.133600,GOES-19,2026-08-26 18:20:00
-8.195600,-70.133600,GOES-19,2026-08-26 18:50:00
-8.195600,-70.133600,GOES-19,2026-08-26 19:00:00
-8.417000,-70.075300,GOES-19,2026-08-26 16:10:00
-8.417000,-70.075300,GOES-19,2026-08-26 18:20:00
-8.417000,-70.075300,GOES-19,2026-08-26 18:30:00
-8.417000,-70.075300,GOES-19,2026-08-26 18:40:00
-8.583300,-69.962500,GOES-19,2026-08-26 18:00:00
-8.583300,-69.962500,GOES-19,2026-08-26 18:10:00
-8.583400,-69.944200,GOES-19,2026-08-26 18:00:00
-9.083000,-69.678400,GOES-19,2026-08-26 18:10:00
-9.083000,-69.678400,GOES-19,2026-08-26 18:40:00
-9.083000,-69.678400,GOES-19,2026-08-26 19:00:00
-10.624700,-69.463300,GOES-19,2026-08-26 18:00:00
-10.550800,-69.242700,GOES-19,2026-08-26 17:40:00
-10.550800,-69.242700,GOES-19,2026-08-26 17:50:00
-10.550800,-69.242700,GOES-19,2026-08-26 18:00:00
-10.550800,-69.242700,GOES-19,2026-08-26 18:20:00
-10.550800,-69.242700,GOES-19,2026-08-26 18:30:00
-10.569500,-69.242300,GOES-19,2026-08-26 17:20:00
-10.569500,-69.242300,GOES-19,2026-08-26 18:00:00
-10.569500,-69.242300,GOES-19,2026-08-26 18:10:00
-10.569500,-69.242300,GOES-19,2026-08-26 18:30:00
-10.569500,-69.242300,GOES-19,2026-08-26 18:50:00
-10.569500,-69.242300,GOES-19,2026-08-26 19:20:00
-8.844000,-69.149000,GOES-19,2026-08-26 19:40:00
-8.844000,-69.149000,GOES-19,2026-08-26 19:50:00
-9.381600,-68.843000,GOES-19,2026-08-26 18:40:00
-9.381700,-68.824600,GOES-19,2026-08-26 18:40:00
-9.400200,-68.824200,GOES-19,2026-08-26 18:00:00
-9.400200,-68.824200,GOES-19,2026-08-26 18:10:00
-9.400200,-68.824200,GOES-19,2026-08-26 18:20:00
-9.400200,-68.824200,GOES-19,2026-08-26 18:30:00
-9.400200,-68.824200,GOES-19,2026-08-26 18:40:00
-9.108600,-67.443700,GOES-19,2026-08-26 18:30:00
-9.108600,-67.443700,GOES-19,2026-08-26 18:40:00
-9.108600,-67.443700,GOES-19,2026-08-26 18:50:00
-9.108600,-67.443700,GOES-19,2026-08-26 19:00:00
-9.108600,-67.443700,GOES-19,2026-08-26 19:10:00
-9.108600,-67.443700,GOES-19,2026-08-26 19:20:00
-9.090100,-67.425600,GOES-19,2026-08-26 18:30:00
-9.090100,-67.425600,GOES-19,2026-08-26 19:10:00
-9.462300,-67.025900,GOES-19,2026-08-26 18:40:00
-9.462300,-67.025900,GOES-19,2026-08-26 18:50:00
-9.480900,-67.025400,GOES-19,2026-08-26 18:50:00
-7.381200,-65.391600,GOES-19,2026-08-26 18:00:00
-7.381200,-65.391600,GOES-19,2026-08-26 19:00:00
-7.381200,-65.391600,GOES-19,2026-08-26 19:20:00
-3.647600,-64.929000,GOES-19,2026-08-26 18:30:00
-10.087900,-64.498200,GOES-19,2026-08-26 18:30:00
-10.087900,-64.498200,GOES-19,2026-08-26 18:40:00
-10.087900,-64.498200,GOES-19,2026-08-26 18:50:00
-10.087900,-64.498200,GOES-19,2026-08-26 19:40:00
-10.087900,-64.498200,GOES-19,2026-08-26 19:50:00
-10.088000,-64.479400,GOES-19,2026-08-26 18:20:00
-10.088000,-64.479400,GOES-19,2026-08-26 19:30:00
-10.088000,-64.479400,GOES-19,2026-08-26 19:40:00
-10.088000,-64.479400,GOES-19,2026-08-26 19:50:00
-3.465900,-64.635300,GOES-19,2026-08-26 18:00:00
-3.557400,-64.448800,GOES-19,2026-08-26 17:20:00
-3.557400,-64.448800,GOES-19,2026-08-26 17:30:00
-4.126100,-63.174000,GOES-19,2026-08-26 18:10:00
-4.126100,-63.174000,GOES-19,2026-08-26 18:20:00
-4.126100,-63.174000,GOES-19,2026-08-26 18:30:00
-4.126100,-63.174000,GOES-19,2026-08-26 18:40:00
-4.126100,-63.174000,GOES-19,2026-08-26 18:50:00
-4.144400,-63.173700,GOES-19,2026-08-26 18:10:00
-4.144400,-63.173700,GOES-19,2026-08-26 18:20:00
-4.144400,-63.173700,GOES-19,2026-08-26 18:30:00
-4.144400,-63.173700,GOES-19,2026-08-26 18:40:00
-7.059900,-63.007200,GOES-19,2026-08-26 15:00:00
-6.036300,-61.604800,GOES-19,2026-08-26 17:40:00
-3.107600,-61.558800,GOES-19,2026-08-26 16:20:00
-3.107600,-61.558800,GOES-19,2026-08-26 16:30:00
-3.107600,-61.540000,GOES-19,2026-08-26 16:20:00
-3.107600,-61.540000,GOES-19,2026-08-26 16:30:00
-8.065500,-61.265700,GOES-19,2026-08-26 18:20:00
-8.065500,-61.265700,GOES-19,2026-08-26 18:30:00
-8.065500,-61.265700,GOES-19,2026-08-26 18:40:00
-8.065500,-61.265700,GOES-19,2026-08-26 18:50:00
-8.065500,-61.265700,GOES-19,2026-08-26 19:00:00
-8.065500,-61.265700,GOES-19,2026-08-26 19:10:00
-8.065500,-61.265700,GOES-19,2026-08-26 19:20:00
-8.065500,-61.265700,GOES-19,2026-08-26 19:30:00
-8.065500,-61.265700,GOES-19,2026-08-26 19:40:00
-3.729200,-61.283800,GOES-19,2026-08-26 15:50:00
-3.729200,-61.283800,GOES-19,2026-08-26 16:00:00
-3.729200,-61.283800,GOES-19,2026-08-26 16:10:00
-3.108300,-61.238000,GOES-19,2026-08-26 16:20:00
-3.236100,-61.235900,GOES-19,2026-08-26 13:40:00
-3.236100,-61.235900,GOES-19,2026-08-26 14:10:00
-3.236100,-61.235900,GOES-19,2026-08-26 14:20:00
-3.236100,-61.235900,GOES-19,2026-08-26 14:30:00
-3.236100,-61.235900,GOES-19,2026-08-26 14:40:00
-3.236100,-61.235900,GOES-19,2026-08-26 14:50:00
-3.236100,-61.235900,GOES-19,2026-08-26 15:00:00
-3.236100,-61.235900,GOES-19,2026-08-26 15:50:00
-3.236100,-61.235900,GOES-19,2026-08-26 16:00:00
-3.236100,-61.235900,GOES-19,2026-08-26 16:30:00
-3.236100,-61.235900,GOES-19,2026-08-26 18:10:00
-3.071800,-61.219700,GOES-19,2026-08-26 16:20:00
-3.090100,-61.219400,GOES-19,2026-08-26 16:20:00
-3.108300,-61.219100,GOES-19,2026-08-26 16:20:00
-3.126600,-61.200000,GOES-19,2026-08-26 16:20:00
-3.126700,-61.181100,GOES-19,2026-08-26 16:20:00
-5.544600,-60.651300,GOES-19,2026-08-26 16:30:00
-5.544600,-60.651300,GOES-19,2026-08-26 16:40:00
-9.110200,-60.316600,GOES-19,2026-08-26 18:50:00
-5.123900,-60.320600,GOES-19,2026-08-26 18:10:00
-5.123900,-60.320600,GOES-19,2026-08-26 18:20:00
-12.886400,-59.887100,GOES-19,2026-08-26 18:50:00
-12.886400,-59.887100,GOES-19,2026-08-26 19:00:00
-12.886400,-59.887100,GOES-19,2026-08-26 19:10:00
-12.886400,-59.887100,GOES-19,2026-08-26 19:20:00
-12.886400,-59.887100,GOES-19,2026-08-26 19:30:00
-12.886400,-59.887100,GOES-19,2026-08-26 19:40:00
-12.886400,-59.887100,GOES-19,2026-08-26 19:50:00
-12.905400,-59.885700,GOES-19,2026-08-26 19:00:00
-12.905400,-59.885700,GOES-19,2026-08-26 19:10:00
-12.905400,-59.885700,GOES-19,2026-08-26 19:20:00
-12.905400,-59.885700,GOES-19,2026-08-26 19:50:00
-5.197600,-60.223100,GOES-19,2026-08-26 18:10:00
-5.197600,-60.223100,GOES-19,2026-08-26 18:40:00
-5.197600,-60.223100,GOES-19,2026-08-26 18:50:00
-5.216000,-60.222600,GOES-19,2026-08-26 18:10:00
-5.216000,-60.222600,GOES-19,2026-08-26 18:50:00
-5.216000,-60.222600,GOES-19,2026-08-26 19:00:00
-5.216000,-60.222600,GOES-19,2026-08-26 19:20:00
-5.216000,-60.222600,GOES-19,2026-08-26 19:50:00
-2.307100,-60.264400,GOES-19,2026-08-26 14:10:00
-2.307100,-60.264400,GOES-19,2026-08-26 14:20:00
-12.792300,-59.815600,GOES-19,2026-08-26 17:10:00
-6.392900,-60.069600,GOES-19,2026-08-26 14:20:00
-6.393000,-60.050400,GOES-19,2026-08-26 14:00:00
-6.393000,-60.050400,GOES-19,2026-08-26 14:10:00
-6.393000,-60.050400,GOES-19,2026-08-26 14:20:00
-6.393000,-60.050400,GOES-19,2026-08-26 14:40:00
-6.393000,-60.050400,GOES-19,2026-08-26 14:50:00
-6.393000,-60.050400,GOES-19,2026-08-26 15:00:00
-6.393000,-60.050400,GOES-19,2026-08-26 15:10:00
-6.393000,-60.050400,GOES-19,2026-08-26 15:20:00
-6.393000,-60.050400,GOES-19,2026-08-26 15:30:00
-6.393000,-60.050400,GOES-19,2026-08-26 16:00:00
-6.393000,-60.050400,GOES-19,2026-08-26 18:40:00
-6.393000,-60.050400,GOES-19,2026-08-26 18:50:00
-14.338400,-59.574700,GOES-19,2026-08-26 18:20:00
-14.338400,-59.574700,GOES-19,2026-08-26 18:30:00
-6.393100,-60.031300,GOES-19,2026-08-26 18:10:00
-6.393100,-60.031300,GOES-19,2026-08-26 18:30:00
-6.393100,-60.031300,GOES-19,2026-08-26 18:40:00
-6.393100,-60.031300,GOES-19,2026-08-26 18:50:00
-6.411500,-60.030600,GOES-19,2026-08-26 18:10:00
-6.411500,-60.030600,GOES-19,2026-08-26 18:20:00
-6.411500,-60.030600,GOES-19,2026-08-26 18:30:00
-6.411500,-60.030600,GOES-19,2026-08-26 18:40:00
-6.411500,-60.030600,GOES-19,2026-08-26 18:50:00
-6.800000,-59.728100,GOES-19,2026-08-26 14:20:00
-6.800000,-59.728100,GOES-19,2026-08-26 14:40:00
-6.800000,-59.728100,GOES-19,2026-08-26 14:50:00
-6.800000,-59.728100,GOES-19,2026-08-26 15:00:00
-6.800000,-59.728100,GOES-19,2026-08-26 15:10:00
-6.800000,-59.728100,GOES-19,2026-08-26 15:20:00
-6.800000,-59.728100,GOES-19,2026-08-26 15:30:00
-6.800000,-59.728100,GOES-19,2026-08-26 15:40:00
-6.800000,-59.728100,GOES-19,2026-08-26 15:50:00
-6.800000,-59.728100,GOES-19,2026-08-26 17:30:00
-6.800000,-59.728100,GOES-19,2026-08-26 17:50:00
-6.800000,-59.728100,GOES-19,2026-08-26 18:00:00
-6.800000,-59.728100,GOES-19,2026-08-26 18:30:00
-6.800000,-59.728100,GOES-19,2026-08-26 18:50:00
-6.800000,-59.728100,GOES-19,2026-08-26 19:20:00
-6.800000,-59.728100,GOES-19,2026-08-26 19:30:00
-6.800000,-59.728100,GOES-19,2026-08-26 19:40:00
-6.800000,-59.728100,GOES-19,2026-08-26 19:50:00
-6.800200,-59.708800,GOES-19,2026-08-26 15:10:00
-6.800200,-59.708800,GOES-19,2026-08-26 19:40:00
-6.985600,-59.528200,GOES-19,2026-08-26 18:40:00
-6.985600,-59.528200,GOES-19,2026-08-26 18:50:00
-3.551200,-59.595500,GOES-19,2026-08-26 16:10:00
-3.551200,-59.595500,GOES-19,2026-08-26 16:20:00
-3.807500,-59.551800,GOES-19,2026-08-26 18:50:00
-3.807500,-59.551800,GOES-19,2026-08-26 19:00:00
-3.807500,-59.551800,GOES-19,2026-08-26 19:10:00
-6.709300,-59.462300,GOES-19,2026-08-26 19:10:00
-6.727800,-59.461600,GOES-19,2026-08-26 19:10:00
-6.764700,-59.460100,GOES-19,2026-08-26 19:30:00
-6.764700,-59.460100,GOES-19,2026-08-26 19:40:00
-6.764700,-59.460100,GOES-19,2026-08-26 19:50:00
-3.807500,-59.532600,GOES-19,2026-08-26 18:50:00
-3.807500,-59.532600,GOES-19,2026-08-26 19:10:00
-3.807500,-59.532600,GOES-19,2026-08-26 19:20:00
-3.807500,-59.532600,GOES-19,2026-08-26 19:30:00
-6.709400,-59.443000,GOES-19,2026-08-26 19:10:00
-6.709400,-59.443000,GOES-19,2026-08-26 19:20:00
-6.709400,-59.443000,GOES-19,2026-08-26 19:30:00
-6.709400,-59.443000,GOES-19,2026-08-26 19:40:00
-6.709400,-59.443000,GOES-19,2026-08-26 19:50:00
-6.727900,-59.442300,GOES-19,2026-08-26 19:10:00
-6.727900,-59.442300,GOES-19,2026-08-26 19:20:00
-6.727900,-59.442300,GOES-19,2026-08-26 19:30:00
-6.727900,-59.442300,GOES-19,2026-08-26 19:40:00
-6.727900,-59.442300,GOES-19,2026-08-26 19:50:00
-6.764800,-59.440800,GOES-19,2026-08-26 19:10:00
-6.764800,-59.440800,GOES-19,2026-08-26 19:20:00
-6.764800,-59.440800,GOES-19,2026-08-26 19:30:00
-6.764800,-59.440800,GOES-19,2026-08-26 19:40:00
-6.764800,-59.440800,GOES-19,2026-08-26 19:50:00
-6.783200,-59.440100,GOES-19,2026-08-26 19:10:00
-6.783200,-59.440100,GOES-19,2026-08-26 19:20:00
-6.783200,-59.440100,GOES-19,2026-08-26 19:30:00
-6.783200,-59.440100,GOES-19,2026-08-26 19:40:00
-6.783200,-59.440100,GOES-19,2026-08-26 19:50:00
-6.728000,-59.423000,GOES-19,2026-08-26 18:40:00
-6.728000,-59.423000,GOES-19,2026-08-26 18:50:00
-6.783400,-59.401600,GOES-19,2026-08-26 19:20:00
-6.783400,-59.401600,GOES-19,2026-08-26 19:40:00
-6.783400,-59.401600,GOES-19,2026-08-26 19:50:00
-6.801900,-59.400800,GOES-19,2026-08-26 19:30:00
-6.801900,-59.400800,GOES-19,2026-08-26 19:40:00
-6.801900,-59.400800,GOES-19,2026-08-26 19:50:00
-6.986900,-59.316100,GOES-19,2026-08-26 18:30:00
-3.350500,-59.408200,GOES-19,2026-08-26 13:50:00
-6.950200,-59.279100,GOES-19,2026-08-26 13:40:00
-6.950200,-59.279100,GOES-19,2026-08-26 13:50:00
-6.950200,-59.279100,GOES-19,2026-08-26 14:00:00
-6.950200,-59.279100,GOES-19,2026-08-26 14:10:00
-6.950200,-59.279100,GOES-19,2026-08-26 14:20:00
-6.950200,-59.279100,GOES-19,2026-08-26 14:40:00
-6.950200,-59.279100,GOES-19,2026-08-26 15:00:00
-3.734900,-59.342700,GOES-19,2026-08-26 19:10:00
-3.734900,-59.342700,GOES-19,2026-08-26 19:30:00
-3.734900,-59.342700,GOES-19,2026-08-26 19:50:00
-7.005800,-59.238200,GOES-19,2026-08-26 00:10:00
-7.005800,-59.238200,GOES-19,2026-08-26 00:20:00
-7.005800,-59.238200,GOES-19,2026-08-26 00:30:00
-7.005800,-59.238200,GOES-19,2026-08-26 00:40:00
-7.005800,-59.238200,GOES-19,2026-08-26 01:10:00
-7.024200,-59.237400,GOES-19,2026-08-26 00:10:00
-7.024200,-59.237400,GOES-19,2026-08-26 00:20:00
-7.024200,-59.237400,GOES-19,2026-08-26 00:30:00
-7.024200,-59.237400,GOES-19,2026-08-26 00:40:00
-7.024200,-59.237400,GOES-19,2026-08-26 00:50:00
-7.024200,-59.237400,GOES-19,2026-08-26 01:00:00
-7.024200,-59.237400,GOES-19,2026-08-26 01:10:00
-7.024200,-59.237400,GOES-19,2026-08-26 01:20:00
-7.042700,-59.236600,GOES-19,2026-08-26 00:10:00
-7.042700,-59.236600,GOES-19,2026-08-26 00:20:00
-7.042700,-59.236600,GOES-19,2026-08-26 00:30:00
-7.042700,-59.236600,GOES-19,2026-08-26 00:40:00
-7.042700,-59.236600,GOES-19,2026-08-26 00:50:00
-7.042700,-59.236600,GOES-19,2026-08-26 01:00:00
-7.042700,-59.236600,GOES-19,2026-08-26 01:10:00
-7.042700,-59.236600,GOES-19,2026-08-26 01:20:00
-7.061200,-59.235800,GOES-19,2026-08-26 00:10:00
-7.061200,-59.235800,GOES-19,2026-08-26 00:20:00
-7.061200,-59.235800,GOES-19,2026-08-26 00:30:00
-7.061200,-59.235800,GOES-19,2026-08-26 00:40:00
-7.061200,-59.235800,GOES-19,2026-08-26 00:50:00
-7.061200,-59.235800,GOES-19,2026-08-26 01:00:00
-7.061200,-59.235800,GOES-19,2026-08-26 01:10:00
-7.061200,-59.235800,GOES-19,2026-08-26 01:20:00
-7.079600,-59.235100,GOES-19,2026-08-26 00:10:00
-7.079600,-59.235100,GOES-19,2026-08-26 00:20:00
-7.079600,-59.235100,GOES-19,2026-08-26 00:30:00
-7.079600,-59.235100,GOES-19,2026-08-26 00:40:00
-7.079600,-59.235100,GOES-19,2026-08-26 00:50:00
-7.079600,-59.235100,GOES-19,2026-08-26 01:00:00
-7.079600,-59.235100,GOES-19,2026-08-26 01:10:00
-7.079600,-59.235100,GOES-19,2026-08-26 01:20:00
-3.735000,-59.323500,GOES-19,2026-08-26 19:00:00
-3.735000,-59.323500,GOES-19,2026-08-26 19:10:00
-3.735000,-59.323500,GOES-19,2026-08-26 19:20:00
-3.735000,-59.323500,GOES-19,2026-08-26 19:30:00
-3.735000,-59.323500,GOES-19,2026-08-26 19:40:00
-3.735000,-59.323500,GOES-19,2026-08-26 19:50:00
-7.024300,-59.218100,GOES-19,2026-08-26 00:10:00
-7.024300,-59.218100,GOES-19,2026-08-26 00:20:00
-7.024300,-59.218100,GOES-19,2026-08-26 00:30:00
-7.024300,-59.218100,GOES-19,2026-08-26 00:40:00
-7.024300,-59.218100,GOES-19,2026-08-26 00:50:00
-7.024300,-59.218100,GOES-19,2026-08-26 01:00:00
-7.024300,-59.218100,GOES-19,2026-08-26 01:10:00
-7.024300,-59.218100,GOES-19,2026-08-26 01:20:00
-7.042800,-59.217300,GOES-19,2026-08-26 00:10:00
-7.042800,-59.217300,GOES-19,2026-08-26 00:20:00
-7.042800,-59.217300,GOES-19,2026-08-26 00:30:00
-7.042800,-59.217300,GOES-19,2026-08-26 00:40:00
-7.042800,-59.217300,GOES-19,2026-08-26 00:50:00
-7.042800,-59.217300,GOES-19,2026-08-26 01:00:00
-7.061300,-59.216500,GOES-19,2026-08-26 00:10:00
-7.061300,-59.216500,GOES-19,2026-08-26 00:20:00
-7.061300,-59.216500,GOES-19,2026-08-26 00:30:00
-7.061300,-59.216500,GOES-19,2026-08-26 00:40:00
-7.061300,-59.216500,GOES-19,2026-08-26 00:50:00
-7.061300,-59.216500,GOES-19,2026-08-26 01:00:00
-7.061300,-59.216500,GOES-19,2026-08-26 01:10:00
-7.061300,-59.216500,GOES-19,2026-08-26 01:20:00
-7.079700,-59.215700,GOES-19,2026-08-26 00:10:00
-7.079700,-59.215700,GOES-19,2026-08-26 00:20:00
-7.079700,-59.215700,GOES-19,2026-08-26 00:30:00
-7.079700,-59.215700,GOES-19,2026-08-26 00:40:00
-7.079700,-59.215700,GOES-19,2026-08-26 00:50:00
-7.079700,-59.215700,GOES-19,2026-08-26 01:00:00
-7.079700,-59.215700,GOES-19,2026-08-26 01:10:00
-7.079700,-59.215700,GOES-19,2026-08-26 01:20:00
-3.094800,-59.279000,GOES-19,2026-08-26 18:00:00
-3.516100,-59.078900,GOES-19,2026-08-26 14:50:00
-3.516100,-59.078900,GOES-19,2026-08-26 15:10:00
-3.516100,-59.078900,GOES-19,2026-08-26 18:30:00
-3.497800,-59.060100,GOES-19,2026-08-26 15:30:00
-3.497800,-59.060100,GOES-19,2026-08-26 16:10:00
-3.497800,-59.060100,GOES-19,2026-08-26 18:10:00
-3.497800,-59.060100,GOES-19,2026-08-26 18:20:00
-3.497800,-59.060100,GOES-19,2026-08-26 18:50:00
-3.516100,-59.059700,GOES-19,2026-08-26 14:20:00
-3.516100,-59.059700,GOES-19,2026-08-26 14:30:00
-3.516100,-59.059700,GOES-19,2026-08-26 14:40:00
-3.516100,-59.059700,GOES-19,2026-08-26 14:50:00
-3.516100,-59.059700,GOES-19,2026-08-26 15:00:00
-3.516100,-59.059700,GOES-19,2026-08-26 15:10:00
-3.516100,-59.059700,GOES-19,2026-08-26 15:20:00
-3.516100,-59.059700,GOES-19,2026-08-26 18:30:00
-3.516100,-59.059700,GOES-19,2026-08-26 18:50:00
-3.497900,-59.040900,GOES-19,2026-08-26 16:30:00
-3.497900,-59.040900,GOES-19,2026-08-26 17:50:00
-3.497900,-59.040900,GOES-19,2026-08-26 18:00:00
-3.497900,-59.040900,GOES-19,2026-08-26 18:10:00
-3.497900,-59.040900,GOES-19,2026-08-26 18:20:00
-3.497900,-59.040900,GOES-19,2026-08-26 18:30:00
-3.497900,-59.040900,GOES-19,2026-08-26 18:40:00
-3.497900,-59.040900,GOES-19,2026-08-26 18:50:00
-6.712300,-58.941200,GOES-19,2026-08-26 15:10:00
-6.712300,-58.941200,GOES-19,2026-08-26 15:20:00
-6.712300,-58.941200,GOES-19,2026-08-26 15:30:00
-6.712300,-58.941200,GOES-19,2026-08-26 15:40:00
-6.712300,-58.941200,GOES-19,2026-08-26 15:50:00
-6.712300,-58.941200,GOES-19,2026-08-26 16:10:00
-6.712300,-58.941200,GOES-19,2026-08-26 16:20:00
-6.712300,-58.941200,GOES-19,2026-08-26 18:10:00
-6.712300,-58.941200,GOES-19,2026-08-26 18:30:00
-6.825000,-58.588000,GOES-19,2026-08-26 15:40:00
-6.825000,-58.588000,GOES-19,2026-08-26 15:50:00
-6.825000,-58.588000,GOES-19,2026-08-26 16:00:00
-6.622500,-58.518900,GOES-19,2026-08-26 00:00:00
-6.622500,-58.518900,GOES-19,2026-08-26 20:00:00
-6.622500,-58.518900,GOES-19,2026-08-26 20:10:00
-6.640900,-58.518100,GOES-19,2026-08-26 00:00:00
-6.659400,-58.517400,GOES-19,2026-08-26 00:00:00
-6.622600,-58.499500,GOES-19,2026-08-26 00:00:00
-6.622600,-58.499500,GOES-19,2026-08-26 19:10:00
-6.622600,-58.499500,GOES-19,2026-08-26 19:30:00
-6.622600,-58.499500,GOES-19,2026-08-26 20:00:00
-6.622600,-58.499500,GOES-19,2026-08-26 20:10:00
-6.641000,-58.498700,GOES-19,2026-08-26 00:00:00
-6.641000,-58.498700,GOES-19,2026-08-26 19:10:00
-6.641000,-58.498700,GOES-19,2026-08-26 19:30:00
-6.641000,-58.498700,GOES-19,2026-08-26 20:00:00
-6.641000,-58.498700,GOES-19,2026-08-26 20:10:00
-6.659500,-58.498000,GOES-19,2026-08-26 00:00:00
-6.659500,-58.498000,GOES-19,2026-08-26 19:10:00
-6.659500,-58.498000,GOES-19,2026-08-26 19:30:00
-6.659500,-58.498000,GOES-19,2026-08-26 20:00:00
-6.659500,-58.498000,GOES-19,2026-08-26 20:10:00
-6.622700,-58.480100,GOES-19,2026-08-26 00:00:00
-6.622700,-58.480100,GOES-19,2026-08-26 19:10:00
-6.622700,-58.480100,GOES-19,2026-08-26 19:30:00
-6.622700,-58.480100,GOES-19,2026-08-26 20:00:00
-6.622700,-58.480100,GOES-19,2026-08-26 20:10:00
-6.641100,-58.479300,GOES-19,2026-08-26 19:10:00
-6.641100,-58.479300,GOES-19,2026-08-26 19:30:00
-16.214700,-57.770700,GOES-19,2026-08-26 18:10:00
-16.214700,-57.770700,GOES-19,2026-08-26 18:20:00
-16.214700,-57.770700,GOES-19,2026-08-26 18:30:00
-16.214700,-57.770700,GOES-19,2026-08-26 18:40:00
-16.214700,-57.770700,GOES-19,2026-08-26 18:50:00
-16.214700,-57.770700,GOES-19,2026-08-26 19:00:00
-16.214700,-57.770700,GOES-19,2026-08-26 19:10:00
-16.214700,-57.770700,GOES-19,2026-08-26 19:20:00
-16.214700,-57.770700,GOES-19,2026-08-26 19:30:00
-16.214700,-57.770700,GOES-19,2026-08-26 19:40:00
-3.700800,-58.555200,GOES-19,2026-08-26 15:30:00
-3.700800,-58.555200,GOES-19,2026-08-26 18:00:00
-16.215000,-57.750300,GOES-19,2026-08-26 18:30:00
-16.215000,-57.750300,GOES-19,2026-08-26 18:40:00
-16.215000,-57.750300,GOES-19,2026-08-26 18:50:00
-16.215000,-57.750300,GOES-19,2026-08-26 19:00:00
-16.215000,-57.750300,GOES-19,2026-08-26 19:10:00
-16.215000,-57.750300,GOES-19,2026-08-26 19:20:00
-16.215000,-57.750300,GOES-19,2026-08-26 19:30:00
-16.215000,-57.750300,GOES-19,2026-08-26 19:40:00
-3.700900,-58.535900,GOES-19,2026-08-26 15:50:00
-3.700900,-58.535900,GOES-19,2026-08-26 16:10:00
-3.700900,-58.535900,GOES-19,2026-08-26 16:30:00
-3.700900,-58.535900,GOES-19,2026-08-26 16:40:00
-3.700900,-58.535900,GOES-19,2026-08-26 17:10:00
-3.700900,-58.535900,GOES-19,2026-08-26 18:00:00
-3.700900,-58.535900,GOES-19,2026-08-26 18:10:00
-3.700900,-58.535900,GOES-19,2026-08-26 18:30:00
-3.700900,-58.535900,GOES-19,2026-08-26 18:40:00
-16.215300,-57.730000,GOES-19,2026-08-26 19:00:00
-6.035200,-58.057100,GOES-19,2026-08-26 13:50:00
-6.035200,-58.057100,GOES-19,2026-08-26 14:20:00
-6.035200,-58.057100,GOES-19,2026-08-26 14:40:00
-6.035200,-58.057100,GOES-19,2026-08-26 14:50:00
-6.035200,-58.057100,GOES-19,2026-08-26 15:00:00
-6.035200,-58.057100,GOES-19,2026-08-26 15:10:00
-6.035200,-58.057100,GOES-19,2026-08-26 15:20:00
-5.999600,-57.824900,GOES-19,2026-08-26 15:20:00
-5.999600,-57.824900,GOES-19,2026-08-26 16:10:00
-5.999600,-57.824900,GOES-19,2026-08-26 19:10:00
-5.999600,-57.824900,GOES-19,2026-08-26 19:20:00
-5.999600,-57.824900,GOES-19,2026-08-26 19:30:00
-5.999600,-57.824900,GOES-19,2026-08-26 19:40:00
-5.999600,-57.824900,GOES-19,2026-08-26 19:50:00
-3.208400,-57.889400,GOES-19,2026-08-26 17:40:00
-5.834100,-57.772900,GOES-19,2026-08-26 19:20:00
-5.834100,-57.772900,GOES-19,2026-08-26 19:30:00
-8.386600,-57.653000,GOES-19,2026-08-26 19:20:00
-6.092300,-57.723800,GOES-19,2026-08-26 17:50:00
-9.150200,-57.569100,GOES-19,2026-08-26 15:10:00
-9.001200,-57.558500,GOES-19,2026-08-26 15:30:00
-9.001200,-57.558500,GOES-19,2026-08-26 15:40:00
-9.001200,-57.558500,GOES-19,2026-08-26 15:50:00
-9.001200,-57.558500,GOES-19,2026-08-26 18:50:00
-9.019800,-57.557400,GOES-19,2026-08-26 15:10:00
-9.019800,-57.557400,GOES-19,2026-08-26 19:40:00
-9.150300,-57.549400,GOES-19,2026-08-26 15:10:00
-9.001400,-57.538800,GOES-19,2026-08-26 14:50:00
-9.001400,-57.538800,GOES-19,2026-08-26 15:00:00
-9.001400,-57.538800,GOES-19,2026-08-26 15:10:00
-9.001400,-57.538800,GOES-19,2026-08-26 15:20:00
-9.001400,-57.538800,GOES-19,2026-08-26 15:30:00
-9.001400,-57.538800,GOES-19,2026-08-26 15:40:00
-9.001400,-57.538800,GOES-19,2026-08-26 15:50:00
-9.001400,-57.538800,GOES-19,2026-08-26 18:50:00
-9.020000,-57.537700,GOES-19,2026-08-26 15:40:00
-13.470500,-57.077600,GOES-19,2026-08-26 19:50:00
-13.470500,-57.077600,GOES-19,2026-08-26 20:00:00
-13.470500,-57.077600,GOES-19,2026-08-26 20:30:00
-13.470500,-57.077600,GOES-19,2026-08-26 20:40:00
-13.470700,-57.057400,GOES-19,2026-08-26 20:00:00
-13.470700,-57.057400,GOES-19,2026-08-26 20:30:00
-13.470700,-57.057400,GOES-19,2026-08-26 20:40:00
-15.826700,-56.447500,GOES-19,2026-08-26 13:40:00
-15.826700,-56.447500,GOES-19,2026-08-26 13:50:00
-15.826700,-56.447500,GOES-19,2026-08-26 14:00:00
-15.826700,-56.447500,GOES-19,2026-08-26 14:10:00
-15.826700,-56.447500,GOES-19,2026-08-26 14:20:00
-15.826700,-56.447500,GOES-19,2026-08-26 14:30:00
-15.826700,-56.447500,GOES-19,2026-08-26 14:40:00
-15.826700,-56.447500,GOES-19,2026-08-26 14:50:00
-15.826700,-56.447500,GOES-19,2026-08-26 15:00:00
-15.826700,-56.447500,GOES-19,2026-08-26 15:10:00
-15.826700,-56.447500,GOES-19,2026-08-26 15:50:00
-15.826700,-56.447500,GOES-19,2026-08-26 18:30:00
-15.826700,-56.447500,GOES-19,2026-08-26 18:50:00
-15.768300,-56.454200,GOES-19,2026-08-26 18:40:00
-15.807200,-56.449800,GOES-19,2026-08-26 13:50:00
-15.807200,-56.449800,GOES-19,2026-08-26 14:00:00
-15.807200,-56.449800,GOES-19,2026-08-26 14:10:00
-15.807200,-56.449800,GOES-19,2026-08-26 14:20:00
-15.807200,-56.449800,GOES-19,2026-08-26 14:30:00
-15.807200,-56.449800,GOES-19,2026-08-26 14:40:00
-15.807200,-56.449800,GOES-19,2026-08-26 14:50:00
-15.807200,-56.449800,GOES-19,2026-08-26 15:00:00
-15.807200,-56.449800,GOES-19,2026-08-26 15:10:00
-15.807500,-56.429200,GOES-19,2026-08-26 13:50:00
-15.807500,-56.429200,GOES-19,2026-08-26 14:00:00
-15.807500,-56.429200,GOES-19,2026-08-26 14:10:00
-15.807500,-56.429200,GOES-19,2026-08-26 14:20:00
-15.807500,-56.429200,GOES-19,2026-08-26 14:30:00
-15.807500,-56.429200,GOES-19,2026-08-26 15:10:00
-15.827000,-56.427000,GOES-19,2026-08-26 13:40:00
-15.827000,-56.427000,GOES-19,2026-08-26 13:50:00
-15.827000,-56.427000,GOES-19,2026-08-26 14:00:00
-15.827000,-56.427000,GOES-19,2026-08-26 14:10:00
-15.827000,-56.427000,GOES-19,2026-08-26 14:20:00
-15.827000,-56.427000,GOES-19,2026-08-26 14:30:00
-15.827000,-56.427000,GOES-19,2026-08-26 14:40:00
-9.155200,-56.976600,GOES-19,2026-08-26 15:50:00
-9.173900,-56.975400,GOES-19,2026-08-26 15:40:00
-9.173900,-56.975400,GOES-19,2026-08-26 15:50:00
-9.173900,-56.975400,GOES-19,2026-08-26 16:00:00
-15.594500,-56.412500,GOES-19,2026-08-26 13:30:00
-3.302600,-57.031400,GOES-19,2026-08-26 18:10:00
-6.949000,-56.527800,GOES-19,2026-08-26 15:50:00
-6.949000,-56.527800,GOES-19,2026-08-26 16:00:00
-6.949000,-56.527800,GOES-19,2026-08-26 18:30:00
-6.949000,-56.527800,GOES-19,2026-08-26 18:40:00
-6.949000,-56.527800,GOES-19,2026-08-26 18:50:00
-6.967900,-56.467600,GOES-19,2026-08-26 18:30:00
-6.967900,-56.467600,GOES-19,2026-08-26 18:40:00
-6.967900,-56.467600,GOES-19,2026-08-26 18:50:00
-6.967900,-56.467600,GOES-19,2026-08-26 19:10:00
-6.986400,-56.466600,GOES-19,2026-08-26 18:10:00
-6.986400,-56.466600,GOES-19,2026-08-26 18:30:00
-6.986400,-56.466600,GOES-19,2026-08-26 18:40:00
-6.968100,-56.447800,GOES-19,2026-08-26 18:40:00
-6.968100,-56.447800,GOES-19,2026-08-26 18:50:00
-6.986600,-56.446900,GOES-19,2026-08-26 18:50:00
-5.252200,-56.384500,GOES-19,2026-08-26 18:50:00
-7.156000,-56.042100,GOES-19,2026-08-26 15:50:00
-7.156000,-56.042100,GOES-19,2026-08-26 16:00:00
-6.435100,-55.958900,GOES-19,2026-08-26 18:50:00
1.473400,-55.983900,GOES-19,2026-08-26 02:30:00
1.473400,-55.983900,GOES-19,2026-08-26 02:40:00
1.473400,-55.983900,GOES-19,2026-08-26 02:50:00
1.473400,-55.964200,GOES-19,2026-08-26 02:30:00
1.473400,-55.964200,GOES-19,2026-08-26 02:40:00
1.473400,-55.964200,GOES-19,2026-08-26 02:50:00
1.528400,-55.943900,GOES-19,2026-08-26 00:00:00
1.528400,-55.943900,GOES-19,2026-08-26 00:10:00
1.510100,-55.944100,GOES-19,2026-08-26 00:00:00
1.510100,-55.944100,GOES-19,2026-08-26 00:10:00
-6.769800,-55.684400,GOES-19,2026-08-26 18:10:00
-6.769800,-55.684400,GOES-19,2026-08-26 18:20:00
-6.769800,-55.684400,GOES-19,2026-08-26 18:30:00
-6.769800,-55.684400,GOES-19,2026-08-26 18:40:00
-6.769800,-55.684400,GOES-19,2026-08-26 19:20:00
-6.234800,-55.491500,GOES-19,2026-08-26 19:10:00
-6.253300,-55.490600,GOES-19,2026-08-26 19:10:00
-6.216500,-55.472400,GOES-19,2026-08-26 19:10:00
-6.235000,-55.471500,GOES-19,2026-08-26 19:10:00
-6.253400,-55.470700,GOES-19,2026-08-26 19:10:00
-8.498800,-55.325200,GOES-19,2026-08-26 15:30:00
-8.498800,-55.325200,GOES-19,2026-08-26 15:40:00
-8.498800,-55.325200,GOES-19,2026-08-26 18:30:00
-8.498800,-55.325200,GOES-19,2026-08-26 19:30:00
-4.502200,-55.442300,GOES-19,2026-08-26 18:40:00
-9.621200,-55.106400,GOES-19,2026-08-26 13:20:00
-9.621200,-55.106400,GOES-19,2026-08-26 13:30:00
-9.621200,-55.106400,GOES-19,2026-08-26 13:40:00
-9.621200,-55.106400,GOES-19,2026-08-26 13:50:00
-9.621200,-55.106400,GOES-19,2026-08-26 14:00:00
-9.621200,-55.106400,GOES-19,2026-08-26 14:10:00
-9.621200,-55.106400,GOES-19,2026-08-26 14:20:00
-9.621200,-55.106400,GOES-19,2026-08-26 14:30:00
-9.621200,-55.106400,GOES-19,2026-08-26 14:40:00
-6.513700,-55.258700,GOES-19,2026-08-26 15:00:00
-6.513700,-55.258700,GOES-19,2026-08-26 18:40:00
-6.532300,-55.237800,GOES-19,2026-08-26 18:30:00
-6.532300,-55.237800,GOES-19,2026-08-26 19:10:00
-6.532300,-55.237800,GOES-19,2026-08-26 19:30:00
-6.532300,-55.237800,GOES-19,2026-08-26 19:40:00
-6.532300,-55.237800,GOES-19,2026-08-26 19:50:00
-7.366500,-55.153400,GOES-19,2026-08-26 14:00:00
-7.366500,-55.153400,GOES-19,2026-08-26 14:10:00
-7.366500,-55.153400,GOES-19,2026-08-26 14:20:00
-7.366500,-55.153400,GOES-19,2026-08-26 14:40:00
-7.366500,-55.153400,GOES-19,2026-08-26 14:50:00
-7.366500,-55.153400,GOES-19,2026-08-26 15:00:00
-7.366500,-55.153400,GOES-19,2026-08-26 15:10:00
-7.366500,-55.153400,GOES-19,2026-08-26 15:20:00
-7.366500,-55.153400,GOES-19,2026-08-26 15:40:00
-7.366500,-55.153400,GOES-19,2026-08-26 15:50:00
-7.366500,-55.153400,GOES-19,2026-08-26 16:00:00
-7.366500,-55.153400,GOES-19,2026-08-26 18:10:00
-7.366500,-55.153400,GOES-19,2026-08-26 18:20:00
-7.366500,-55.153400,GOES-19,2026-08-26 18:50:00
-8.222400,-55.001500,GOES-19,2026-08-26 18:50:00
-8.222400,-55.001500,GOES-19,2026-08-26 19:00:00
-8.241000,-55.000300,GOES-19,2026-08-26 18:20:00
-8.241000,-55.000300,GOES-19,2026-08-26 18:40:00
-8.241000,-55.000300,GOES-19,2026-08-26 18:50:00
-8.241000,-55.000300,GOES-19,2026-08-26 19:00:00
-8.241000,-55.000300,GOES-19,2026-08-26 19:20:00
-8.241000,-55.000300,GOES-19,2026-08-26 19:40:00
-8.241000,-55.000300,GOES-19,2026-08-26 19:50:00
-8.222600,-54.981400,GOES-19,2026-08-26 18:50:00
-8.222600,-54.981400,GOES-19,2026-08-26 19:00:00
-8.241200,-54.980200,GOES-19,2026-08-26 17:40:00
-8.241200,-54.980200,GOES-19,2026-08-26 17:50:00
-8.241200,-54.980200,GOES-19,2026-08-26 18:00:00
-8.241200,-54.980200,GOES-19,2026-08-26 18:10:00
-8.241200,-54.980200,GOES-19,2026-08-26 18:20:00
-8.241200,-54.980200,GOES-19,2026-08-26 18:30:00
-8.241200,-54.980200,GOES-19,2026-08-26 18:40:00
-8.241200,-54.980200,GOES-19,2026-08-26 18:50:00
-8.241200,-54.980200,GOES-19,2026-08-26 19:00:00
-8.204100,-54.962500,GOES-19,2026-08-26 18:50:00
-8.204100,-54.962500,GOES-19,2026-08-26 19:00:00
-8.222700,-54.961300,GOES-19,2026-08-26 18:50:00
-8.222700,-54.961300,GOES-19,2026-08-26 19:00:00
-8.558500,-54.899100,GOES-19,2026-08-26 18:00:00
-8.558500,-54.899100,GOES-19,2026-08-26 18:10:00
-8.558500,-54.899100,GOES-19,2026-08-26 18:20:00
-8.558500,-54.899100,GOES-19,2026-08-26 18:30:00
-8.558500,-54.899100,GOES-19,2026-08-26 18:40:00
-8.558500,-54.899100,GOES-19,2026-08-26 18:50:00
-11.697000,-54.587600,GOES-19,2026-08-26 19:50:00
-11.697200,-54.567200,GOES-19,2026-08-26 19:50:00
-16.942300,-53.954900,GOES-19,2026-08-26 18:30:00
-16.942300,-53.954900,GOES-19,2026-08-26 18:40:00
-16.942300,-53.954900,GOES-19,2026-08-26 18:50:00
-16.942300,-53.954900,GOES-19,2026-08-26 19:00:00
-16.942300,-53.954900,GOES-19,2026-08-26 19:20:00
-6.442000,-54.922300,GOES-19,2026-08-26 19:30:00
-11.678600,-54.548400,GOES-19,2026-08-26 19:50:00
-11.697500,-54.546700,GOES-19,2026-08-26 16:20:00
-11.697500,-54.546700,GOES-19,2026-08-26 18:20:00
-11.697500,-54.546700,GOES-19,2026-08-26 19:20:00
-11.697500,-54.546700,GOES-19,2026-08-26 19:40:00
-11.697500,-54.546700,GOES-19,2026-08-26 19:50:00
-11.716500,-54.544900,GOES-19,2026-08-26 19:50:00
-11.735400,-54.543100,GOES-19,2026-08-26 14:00:00
-11.735400,-54.543100,GOES-19,2026-08-26 14:10:00
-11.735400,-54.543100,GOES-19,2026-08-26 14:20:00
-11.735400,-54.543100,GOES-19,2026-08-26 14:50:00
-11.754400,-54.541400,GOES-19,2026-08-26 13:50:00
-11.754400,-54.541400,GOES-19,2026-08-26 14:00:00
-11.754400,-54.541400,GOES-19,2026-08-26 14:10:00
-11.754400,-54.541400,GOES-19,2026-08-26 14:20:00
-11.754400,-54.541400,GOES-19,2026-08-26 14:50:00
-11.773300,-54.539600,GOES-19,2026-08-26 13:50:00
-11.773300,-54.539600,GOES-19,2026-08-26 14:00:00
-11.773300,-54.539600,GOES-19,2026-08-26 14:10:00
-11.773300,-54.539600,GOES-19,2026-08-26 14:20:00
-11.773300,-54.539600,GOES-19,2026-08-26 14:50:00
-8.634200,-54.773000,GOES-19,2026-08-26 15:00:00
-8.634200,-54.773000,GOES-19,2026-08-26 16:00:00
-8.634200,-54.773000,GOES-19,2026-08-26 18:00:00
-11.735700,-54.522700,GOES-19,2026-08-26 13:50:00
-11.735700,-54.522700,GOES-19,2026-08-26 14:00:00
-11.735700,-54.522700,GOES-19,2026-08-26 14:10:00
-11.735700,-54.522700,GOES-19,2026-08-26 14:20:00
-11.735700,-54.522700,GOES-19,2026-08-26 14:50:00
-11.754600,-54.520900,GOES-19,2026-08-26 13:50:00
-11.754600,-54.520900,GOES-19,2026-08-26 14:00:00
-11.754600,-54.520900,GOES-19,2026-08-26 14:10:00
-11.754600,-54.520900,GOES-19,2026-08-26 14:20:00
-11.754600,-54.520900,GOES-19,2026-08-26 14:50:00
-11.773600,-54.519100,GOES-19,2026-08-26 13:50:00
-11.773600,-54.519100,GOES-19,2026-08-26 14:00:00
-11.773600,-54.519100,GOES-19,2026-08-26 14:10:00
-11.773600,-54.519100,GOES-19,2026-08-26 14:20:00
-11.773600,-54.519100,GOES-19,2026-08-26 14:50:00
-8.597100,-54.755300,GOES-19,2026-08-26 18:20:00
-8.597100,-54.755300,GOES-19,2026-08-26 18:30:00
-8.615800,-54.754100,GOES-19,2026-08-26 18:20:00
-8.615800,-54.754100,GOES-19,2026-08-26 18:30:00
-8.634400,-54.752800,GOES-19,2026-08-26 15:00:00
-8.634400,-54.752800,GOES-19,2026-08-26 18:00:00
-8.634400,-54.752800,GOES-19,2026-08-26 18:10:00
-8.634400,-54.752800,GOES-19,2026-08-26 18:30:00
-8.597300,-54.735200,GOES-19,2026-08-26 15:00:00
-8.597300,-54.735200,GOES-19,2026-08-26 18:10:00
-8.597300,-54.735200,GOES-19,2026-08-26 18:30:00
-8.616000,-54.733900,GOES-19,2026-08-26 15:00:00
-8.616000,-54.733900,GOES-19,2026-08-26 18:00:00
-8.616000,-54.733900,GOES-19,2026-08-26 18:10:00
-8.616000,-54.733900,GOES-19,2026-08-26 18:20:00
-8.616000,-54.733900,GOES-19,2026-08-26 18:30:00
-8.634600,-54.732600,GOES-19,2026-08-26 15:00:00
-8.634600,-54.732600,GOES-19,2026-08-26 18:00:00
-8.634600,-54.732600,GOES-19,2026-08-26 18:10:00
-8.634600,-54.732600,GOES-19,2026-08-26 18:20:00
-8.690600,-54.728800,GOES-19,2026-08-26 18:40:00
-8.597500,-54.715000,GOES-19,2026-08-26 15:00:00
-8.597500,-54.715000,GOES-19,2026-08-26 18:00:00
-8.597500,-54.715000,GOES-19,2026-08-26 18:10:00
-8.597500,-54.715000,GOES-19,2026-08-26 18:20:00
-8.616100,-54.713700,GOES-19,2026-08-26 15:00:00
-8.616100,-54.713700,GOES-19,2026-08-26 18:00:00
-8.616100,-54.713700,GOES-19,2026-08-26 18:10:00
-8.616100,-54.713700,GOES-19,2026-08-26 18:20:00
-8.616100,-54.713700,GOES-19,2026-08-26 18:30:00
-8.672100,-54.709900,GOES-19,2026-08-26 17:50:00
-8.672100,-54.709900,GOES-19,2026-08-26 18:20:00
-8.672100,-54.709900,GOES-19,2026-08-26 18:30:00
-8.672100,-54.709900,GOES-19,2026-08-26 18:40:00
-8.597700,-54.694800,GOES-19,2026-08-26 18:00:00
-8.597700,-54.694800,GOES-19,2026-08-26 18:10:00
-8.616300,-54.693500,GOES-19,2026-08-26 18:00:00
-8.616300,-54.693500,GOES-19,2026-08-26 18:10:00
-8.616300,-54.693500,GOES-19,2026-08-26 18:20:00
-15.364000,-53.872700,GOES-19,2026-08-26 13:50:00
-15.364000,-53.872700,GOES-19,2026-08-26 14:20:00
-15.364300,-53.851700,GOES-19,2026-08-26 14:20:00
-15.345300,-53.833200,GOES-19,2026-08-26 14:30:00
-13.858200,-53.972000,GOES-19,2026-08-26 13:10:00
-13.858200,-53.972000,GOES-19,2026-08-26 13:20:00
-1.347100,-54.637700,GOES-19,2026-08-26 18:30:00
-1.347100,-54.637700,GOES-19,2026-08-26 18:40:00
-1.347100,-54.637700,GOES-19,2026-08-26 18:50:00
-1.347100,-54.637700,GOES-19,2026-08-26 19:00:00
-1.347100,-54.637700,GOES-19,2026-08-26 19:10:00
-1.347100,-54.637700,GOES-19,2026-08-26 19:20:00
-1.365500,-54.637500,GOES-19,2026-08-26 19:20:00
-1.365500,-54.637500,GOES-19,2026-08-26 19:50:00
-17.249200,-53.316200,GOES-19,2026-08-26 18:50:00
-17.268900,-53.313300,GOES-19,2026-08-26 18:10:00
-17.268900,-53.313300,GOES-19,2026-08-26 18:20:00
-17.268900,-53.313300,GOES-19,2026-08-26 18:30:00
-17.268900,-53.313300,GOES-19,2026-08-26 18:40:00
-17.268900,-53.313300,GOES-19,2026-08-26 18:50:00
-17.269300,-53.291900,GOES-19,2026-08-26 18:10:00
-17.269300,-53.291900,GOES-19,2026-08-26 18:20:00
-17.269300,-53.291900,GOES-19,2026-08-26 18:30:00
-17.269300,-53.291900,GOES-19,2026-08-26 18:40:00
-17.269300,-53.291900,GOES-19,2026-08-26 18:50:00
-17.269300,-53.291900,GOES-19,2026-08-26 19:00:00
-17.269300,-53.291900,GOES-19,2026-08-26 19:10:00
-1.879200,-54.491200,GOES-19,2026-08-26 15:20:00
-1.879200,-54.491200,GOES-19,2026-08-26 15:40:00
-1.897500,-54.490900,GOES-19,2026-08-26 15:40:00
-1.897500,-54.490900,GOES-19,2026-08-26 15:50:00
-1.897500,-54.490900,GOES-19,2026-08-26 16:00:00
-11.212800,-53.997600,GOES-19,2026-08-26 15:00:00
-11.212800,-53.997600,GOES-19,2026-08-26 15:10:00
-11.212800,-53.997600,GOES-19,2026-08-26 15:20:00
-11.212800,-53.997600,GOES-19,2026-08-26 16:20:00
-11.212800,-53.997600,GOES-19,2026-08-26 18:00:00
-10.759600,-54.038400,GOES-19,2026-08-26 00:00:00
-10.759600,-54.038400,GOES-19,2026-08-26 00:10:00
-10.759600,-54.038400,GOES-19,2026-08-26 00:20:00
-10.759600,-54.038400,GOES-19,2026-08-26 14:40:00
-10.759600,-54.038400,GOES-19,2026-08-26 14:50:00
-10.759600,-54.038400,GOES-19,2026-08-26 15:00:00
-10.759600,-54.038400,GOES-19,2026-08-26 15:10:00
-10.759600,-54.038400,GOES-19,2026-08-26 15:20:00
-10.759600,-54.038400,GOES-19,2026-08-26 15:30:00
-10.759600,-54.038400,GOES-19,2026-08-26 20:40:00
-10.759600,-54.038400,GOES-19,2026-08-26 20:50:00
-10.759600,-54.038400,GOES-19,2026-08-26 21:00:00
-10.759600,-54.038400,GOES-19,2026-08-26 21:10:00
-10.759600,-54.038400,GOES-19,2026-08-26 21:20:00
-10.759600,-54.038400,GOES-19,2026-08-26 21:30:00
-10.759600,-54.038400,GOES-19,2026-08-26 22:10:00
-10.759600,-54.038400,GOES-19,2026-08-26 22:20:00
-10.759600,-54.038400,GOES-19,2026-08-26 22:30:00
-10.759600,-54.038400,GOES-19,2026-08-26 22:40:00
-10.759600,-54.038400,GOES-19,2026-08-26 22:50:00
-10.759600,-54.038400,GOES-19,2026-08-26 23:00:00
-10.759600,-54.038400,GOES-19,2026-08-26 23:10:00
-10.759600,-54.038400,GOES-19,2026-08-26 23:20:00
-10.759600,-54.038400,GOES-19,2026-08-26 23:30:00
-10.759600,-54.038400,GOES-19,2026-08-26 23:40:00
-10.759600,-54.038400,GOES-19,2026-08-26 23:50:00
-10.778400,-54.036800,GOES-19,2026-08-26 00:00:00
-10.778400,-54.036800,GOES-19,2026-08-26 00:10:00
-10.778400,-54.036800,GOES-19,2026-08-26 00:20:00
-10.778400,-54.036800,GOES-19,2026-08-26 14:40:00
-10.778400,-54.036800,GOES-19,2026-08-26 14:50:00
-10.778400,-54.036800,GOES-19,2026-08-26 15:00:00
-10.778400,-54.036800,GOES-19,2026-08-26 15:10:00
-10.778400,-54.036800,GOES-19,2026-08-26 15:20:00
-10.778400,-54.036800,GOES-19,2026-08-26 15:30:00
-10.778400,-54.036800,GOES-19,2026-08-26 20:50:00
-10.778400,-54.036800,GOES-19,2026-08-26 21:00:00
-10.778400,-54.036800,GOES-19,2026-08-26 21:10:00
-10.778400,-54.036800,GOES-19,2026-08-26 21:20:00
-10.778400,-54.036800,GOES-19,2026-08-26 21:30:00
-10.778400,-54.036800,GOES-19,2026-08-26 22:10:00
-10.778400,-54.036800,GOES-19,2026-08-26 22:20:00
-10.778400,-54.036800,GOES-19,2026-08-26 22:30:00
-10.778400,-54.036800,GOES-19,2026-08-26 22:40:00
-10.778400,-54.036800,GOES-19,2026-08-26 22:50:00
-10.778400,-54.036800,GOES-19,2026-08-26 23:00:00
-10.778400,-54.036800,GOES-19,2026-08-26 23:10:00
-10.778400,-54.036800,GOES-19,2026-08-26 23:20:00
-10.778400,-54.036800,GOES-19,2026-08-26 23:30:00
-10.778400,-54.036800,GOES-19,2026-08-26 23:40:00
-10.778400,-54.036800,GOES-19,2026-08-26 23:50:00
-1.879200,-54.471200,GOES-19,2026-08-26 15:10:00
-1.879200,-54.471200,GOES-19,2026-08-26 15:30:00
-1.879200,-54.471200,GOES-19,2026-08-26 15:40:00
-1.879200,-54.471200,GOES-19,2026-08-26 15:50:00
-1.897600,-54.470900,GOES-19,2026-08-26 15:30:00
-10.740900,-54.019600,GOES-19,2026-08-26 00:00:00
-10.740900,-54.019600,GOES-19,2026-08-26 00:10:00
-10.740900,-54.019600,GOES-19,2026-08-26 00:20:00
-10.740900,-54.019600,GOES-19,2026-08-26 14:50:00
-10.740900,-54.019600,GOES-19,2026-08-26 15:10:00
-10.740900,-54.019600,GOES-19,2026-08-26 15:20:00
-10.740900,-54.019600,GOES-19,2026-08-26 15:30:00
-10.740900,-54.019600,GOES-19,2026-08-26 20:50:00
-10.740900,-54.019600,GOES-19,2026-08-26 21:10:00
-10.740900,-54.019600,GOES-19,2026-08-26 21:20:00
-10.759800,-54.017900,GOES-19,2026-08-26 00:00:00
-10.759800,-54.017900,GOES-19,2026-08-26 00:10:00
-10.759800,-54.017900,GOES-19,2026-08-26 00:20:00
-10.759800,-54.017900,GOES-19,2026-08-26 14:40:00
-10.759800,-54.017900,GOES-19,2026-08-26 14:50:00
-10.759800,-54.017900,GOES-19,2026-08-26 15:00:00
-10.759800,-54.017900,GOES-19,2026-08-26 15:10:00
-10.759800,-54.017900,GOES-19,2026-08-26 15:20:00
-10.759800,-54.017900,GOES-19,2026-08-26 15:30:00
-10.759800,-54.017900,GOES-19,2026-08-26 20:40:00
-10.759800,-54.017900,GOES-19,2026-08-26 20:50:00
-10.759800,-54.017900,GOES-19,2026-08-26 21:00:00
-10.759800,-54.017900,GOES-19,2026-08-26 21:10:00
-10.759800,-54.017900,GOES-19,2026-08-26 21:20:00
-10.759800,-54.017900,GOES-19,2026-08-26 21:30:00
-10.759800,-54.017900,GOES-19,2026-08-26 22:10:00
-10.759800,-54.017900,GOES-19,2026-08-26 22:20:00
-10.759800,-54.017900,GOES-19,2026-08-26 22:30:00
-10.759800,-54.017900,GOES-19,2026-08-26 22:40:00
-10.759800,-54.017900,GOES-19,2026-08-26 22:50:00
-10.759800,-54.017900,GOES-19,2026-08-26 23:00:00
-10.759800,-54.017900,GOES-19,2026-08-26 23:10:00
-10.759800,-54.017900,GOES-19,2026-08-26 23:20:00
-10.759800,-54.017900,GOES-19,2026-08-26 23:30:00
-10.759800,-54.017900,GOES-19,2026-08-26 23:40:00
-10.759800,-54.017900,GOES-19,2026-08-26 23:50:00
-10.778700,-54.016300,GOES-19,2026-08-26 00:00:00
-10.778700,-54.016300,GOES-19,2026-08-26 00:10:00
-10.778700,-54.016300,GOES-19,2026-08-26 00:20:00
-10.778700,-54.016300,GOES-19,2026-08-26 14:40:00
-10.778700,-54.016300,GOES-19,2026-08-26 14:50:00
-10.778700,-54.016300,GOES-19,2026-08-26 15:00:00
-10.778700,-54.016300,GOES-19,2026-08-26 15:10:00
-10.778700,-54.016300,GOES-19,2026-08-26 15:20:00
-10.778700,-54.016300,GOES-19,2026-08-26 21:00:00
-10.778700,-54.016300,GOES-19,2026-08-26 21:10:00
-10.778700,-54.016300,GOES-19,2026-08-26 21:20:00
-10.778700,-54.016300,GOES-19,2026-08-26 21:30:00
-10.778700,-54.016300,GOES-19,2026-08-26 22:10:00
-10.778700,-54.016300,GOES-19,2026-08-26 22:20:00
-10.778700,-54.016300,GOES-19,2026-08-26 22:30:00
-10.778700,-54.016300,GOES-19,2026-08-26 22:40:00
-10.778700,-54.016300,GOES-19,2026-08-26 22:50:00
-10.778700,-54.016300,GOES-19,2026-08-26 23:00:00
-10.778700,-54.016300,GOES-19,2026-08-26 23:10:00
-10.778700,-54.016300,GOES-19,2026-08-26 23:20:00
-10.778700,-54.016300,GOES-19,2026-08-26 23:30:00
-10.778700,-54.016300,GOES-19,2026-08-26 23:40:00
-10.778700,-54.016300,GOES-19,2026-08-26 23:50:00
-10.797500,-54.014600,GOES-19,2026-08-26 23:00:00
-10.797500,-54.014600,GOES-19,2026-08-26 23:10:00
-10.797500,-54.014600,GOES-19,2026-08-26 23:20:00
-10.797500,-54.014600,GOES-19,2026-08-26 23:30:00
-10.797500,-54.014600,GOES-19,2026-08-26 23:40:00
-10.797500,-54.014600,GOES-19,2026-08-26 23:50:00
-10.741200,-53.999100,GOES-19,2026-08-26 15:10:00
-10.741200,-53.999100,GOES-19,2026-08-26 15:30:00
-10.741200,-53.999100,GOES-19,2026-08-26 20:50:00
-10.741200,-53.999100,GOES-19,2026-08-26 21:10:00
-10.741200,-53.999100,GOES-19,2026-08-26 21:20:00
-10.760000,-53.997400,GOES-19,2026-08-26 00:00:00
-10.760000,-53.997400,GOES-19,2026-08-26 00:10:00
-10.760000,-53.997400,GOES-19,2026-08-26 00:20:00
-10.760000,-53.997400,GOES-19,2026-08-26 14:40:00
-10.760000,-53.997400,GOES-19,2026-08-26 14:50:00
-10.760000,-53.997400,GOES-19,2026-08-26 15:00:00
-10.760000,-53.997400,GOES-19,2026-08-26 15:10:00
-10.760000,-53.997400,GOES-19,2026-08-26 15:20:00
-10.760000,-53.997400,GOES-19,2026-08-26 15:30:00
-10.760000,-53.997400,GOES-19,2026-08-26 20:40:00
-10.760000,-53.997400,GOES-19,2026-08-26 20:50:00
-10.760000,-53.997400,GOES-19,2026-08-26 21:00:00
-10.760000,-53.997400,GOES-19,2026-08-26 21:10:00
-10.760000,-53.997400,GOES-19,2026-08-26 21:20:00
-10.760000,-53.997400,GOES-19,2026-08-26 21:30:00
-10.760000,-53.997400,GOES-19,2026-08-26 22:10:00
-10.760000,-53.997400,GOES-19,2026-08-26 22:20:00
-10.760000,-53.997400,GOES-19,2026-08-26 22:30:00
-10.760000,-53.997400,GOES-19,2026-08-26 22:40:00
-10.760000,-53.997400,GOES-19,2026-08-26 22:50:00
-10.760000,-53.997400,GOES-19,2026-08-26 23:00:00
-10.760000,-53.997400,GOES-19,2026-08-26 23:10:00
-10.760000,-53.997400,GOES-19,2026-08-26 23:20:00
-10.760000,-53.997400,GOES-19,2026-08-26 23:30:00
-10.760000,-53.997400,GOES-19,2026-08-26 23:40:00
-10.760000,-53.997400,GOES-19,2026-08-26 23:50:00
-10.778900,-53.995800,GOES-19,2026-08-26 14:40:00
-10.778900,-53.995800,GOES-19,2026-08-26 14:50:00
-10.778900,-53.995800,GOES-19,2026-08-26 15:00:00
-10.778900,-53.995800,GOES-19,2026-08-26 15:10:00
-10.778900,-53.995800,GOES-19,2026-08-26 15:20:00
-10.778900,-53.995800,GOES-19,2026-08-26 21:00:00
-10.778900,-53.995800,GOES-19,2026-08-26 21:10:00
-10.778900,-53.995800,GOES-19,2026-08-26 21:20:00
-10.778900,-53.995800,GOES-19,2026-08-26 21:30:00
-10.778900,-53.995800,GOES-19,2026-08-26 22:10:00
-10.778900,-53.995800,GOES-19,2026-08-26 22:20:00
-10.778900,-53.995800,GOES-19,2026-08-26 22:30:00
-10.778900,-53.995800,GOES-19,2026-08-26 22:40:00
-10.778900,-53.995800,GOES-19,2026-08-26 22:50:00
-10.778900,-53.995800,GOES-19,2026-08-26 23:00:00
-10.778900,-53.995800,GOES-19,2026-08-26 23:10:00
-10.778900,-53.995800,GOES-19,2026-08-26 23:20:00
-10.778900,-53.995800,GOES-19,2026-08-26 23:30:00
-10.778900,-53.995800,GOES-19,2026-08-26 23:40:00
-10.778900,-53.995800,GOES-19,2026-08-26 23:50:00
-10.760300,-53.976900,GOES-19,2026-08-26 14:40:00
-10.760300,-53.976900,GOES-19,2026-08-26 15:00:00
-10.760300,-53.976900,GOES-19,2026-08-26 15:10:00
-10.760300,-53.976900,GOES-19,2026-08-26 15:20:00
-10.760300,-53.976900,GOES-19,2026-08-26 15:30:00
-10.760300,-53.976900,GOES-19,2026-08-26 20:40:00
-10.760300,-53.976900,GOES-19,2026-08-26 20:50:00
-10.760300,-53.976900,GOES-19,2026-08-26 21:00:00
-10.760300,-53.976900,GOES-19,2026-08-26 21:10:00
-10.760300,-53.976900,GOES-19,2026-08-26 21:20:00
-10.760300,-53.976900,GOES-19,2026-08-26 21:30:00
-10.760300,-53.976900,GOES-19,2026-08-26 22:10:00
-10.760300,-53.976900,GOES-19,2026-08-26 22:20:00
-10.760300,-53.976900,GOES-19,2026-08-26 22:30:00
-10.760300,-53.976900,GOES-19,2026-08-26 22:40:00
-10.760300,-53.976900,GOES-19,2026-08-26 22:50:00
-10.760300,-53.976900,GOES-19,2026-08-26 23:00:00
-10.760300,-53.976900,GOES-19,2026-08-26 23:10:00
-10.760300,-53.976900,GOES-19,2026-08-26 23:20:00
-10.760300,-53.976900,GOES-19,2026-08-26 23:30:00
-10.760300,-53.976900,GOES-19,2026-08-26 23:40:00
-10.760300,-53.976900,GOES-19,2026-08-26 23:50:00
-10.779100,-53.975200,GOES-19,2026-08-26 14:50:00
-10.779100,-53.975200,GOES-19,2026-08-26 15:00:00
-10.779100,-53.975200,GOES-19,2026-08-26 15:10:00
-10.779100,-53.975200,GOES-19,2026-08-26 15:20:00
-10.779100,-53.975200,GOES-19,2026-08-26 15:30:00
-10.779100,-53.975200,GOES-19,2026-08-26 18:50:00
-10.779100,-53.975200,GOES-19,2026-08-26 20:40:00
-10.779100,-53.975200,GOES-19,2026-08-26 20:50:00
-10.779100,-53.975200,GOES-19,2026-08-26 21:00:00
-10.779100,-53.975200,GOES-19,2026-08-26 21:10:00
-10.779100,-53.975200,GOES-19,2026-08-26 21:20:00
-10.779100,-53.975200,GOES-19,2026-08-26 21:30:00
-10.779100,-53.975200,GOES-19,2026-08-26 22:10:00
-10.779100,-53.975200,GOES-19,2026-08-26 22:20:00
-10.779100,-53.975200,GOES-19,2026-08-26 22:30:00
-10.779100,-53.975200,GOES-19,2026-08-26 22:40:00
-10.779100,-53.975200,GOES-19,2026-08-26 22:50:00
-10.779100,-53.975200,GOES-19,2026-08-26 23:00:00
-10.779100,-53.975200,GOES-19,2026-08-26 23:10:00
-10.779100,-53.975200,GOES-19,2026-08-26 23:20:00
-10.779100,-53.975200,GOES-19,2026-08-26 23:30:00
-10.779100,-53.975200,GOES-19,2026-08-26 23:40:00
-10.779100,-53.975200,GOES-19,2026-08-26 23:50:00
-10.760500,-53.956400,GOES-19,2026-08-26 18:40:00
-10.760500,-53.956400,GOES-19,2026-08-26 18:50:00
-10.760500,-53.956400,GOES-19,2026-08-26 20:40:00
-10.760500,-53.956400,GOES-19,2026-08-26 20:50:00
-10.760500,-53.956400,GOES-19,2026-08-26 21:00:00
-10.760500,-53.956400,GOES-19,2026-08-26 21:10:00
-10.760500,-53.956400,GOES-19,2026-08-26 21:20:00
-10.760500,-53.956400,GOES-19,2026-08-26 21:30:00
-10.779400,-53.954700,GOES-19,2026-08-26 18:40:00
-10.779400,-53.954700,GOES-19,2026-08-26 18:50:00
-10.779400,-53.954700,GOES-19,2026-08-26 20:40:00
-10.779400,-53.954700,GOES-19,2026-08-26 20:50:00
-6.135100,-53.789700,GOES-19,2026-08-26 18:20:00
-6.135100,-53.789700,GOES-19,2026-08-26 18:40:00
-6.135100,-53.789700,GOES-19,2026-08-26 19:10:00
-6.135100,-53.789700,GOES-19,2026-08-26 19:30:00
-6.135100,-53.789700,GOES-19,2026-08-26 19:40:00
-6.153800,-53.768500,GOES-19,2026-08-26 18:30:00
-6.153800,-53.768500,GOES-19,2026-08-26 18:50:00
-6.172300,-53.767600,GOES-19,2026-08-26 18:40:00
-6.303200,-53.578200,GOES-19,2026-08-26 20:10:00
-6.303400,-53.557900,GOES-19,2026-08-26 20:10:00
-6.321900,-53.556900,GOES-19,2026-08-26 20:10:00
-6.303500,-53.537600,GOES-19,2026-08-26 20:10:00
-6.322000,-53.536600,GOES-19,2026-08-26 15:00:00
-6.322000,-53.536600,GOES-19,2026-08-26 15:20:00
-6.322000,-53.536600,GOES-19,2026-08-26 18:40:00
-6.322000,-53.536600,GOES-19,2026-08-26 20:10:00
-6.192500,-53.523100,GOES-19,2026-08-26 20:30:00
-6.192500,-53.523100,GOES-19,2026-08-26 20:40:00
-6.174100,-53.503700,GOES-19,2026-08-26 20:30:00
-6.174100,-53.503700,GOES-19,2026-08-26 20:40:00
-6.192700,-53.502800,GOES-19,2026-08-26 20:30:00
-6.192700,-53.502800,GOES-19,2026-08-26 20:40:00
-6.211200,-53.501800,GOES-19,2026-08-26 20:40:00
-6.229700,-53.500800,GOES-19,2026-08-26 20:30:00
-6.192800,-53.482400,GOES-19,2026-08-26 20:30:00
-6.192800,-53.482400,GOES-19,2026-08-26 20:40:00
-6.229800,-53.480500,GOES-19,2026-08-26 20:30:00
-6.229800,-53.480500,GOES-19,2026-08-26 20:40:00
-6.211500,-53.461100,GOES-19,2026-08-26 15:00:00
-6.211500,-53.461100,GOES-19,2026-08-26 19:20:00
-6.211500,-53.461100,GOES-19,2026-08-26 19:30:00
-6.211500,-53.461100,GOES-19,2026-08-26 19:40:00
-6.211500,-53.461100,GOES-19,2026-08-26 20:30:00
-6.230000,-53.460200,GOES-19,2026-08-26 14:10:00
-6.230000,-53.460200,GOES-19,2026-08-26 14:20:00
-6.230000,-53.460200,GOES-19,2026-08-26 14:40:00
-6.230000,-53.460200,GOES-19,2026-08-26 14:50:00
-6.230000,-53.460200,GOES-19,2026-08-26 15:00:00
-6.230000,-53.460200,GOES-19,2026-08-26 15:50:00
-6.230000,-53.460200,GOES-19,2026-08-26 18:50:00
-6.230000,-53.460200,GOES-19,2026-08-26 20:30:00
-6.230000,-53.460200,GOES-19,2026-08-26 20:40:00
-6.267500,-53.397200,GOES-19,2026-08-26 00:20:00
-6.267500,-53.397200,GOES-19,2026-08-26 00:40:00
-6.249100,-53.377800,GOES-19,2026-08-26 00:20:00
-6.249100,-53.377800,GOES-19,2026-08-26 00:40:00
-6.249100,-53.377800,GOES-19,2026-08-26 19:20:00
-6.249100,-53.377800,GOES-19,2026-08-26 20:00:00
-6.249100,-53.377800,GOES-19,2026-08-26 20:10:00
-6.249100,-53.377800,GOES-19,2026-08-26 20:20:00
-6.249100,-53.377800,GOES-19,2026-08-26 20:30:00
-6.267600,-53.376800,GOES-19,2026-08-26 00:20:00
-6.267600,-53.376800,GOES-19,2026-08-26 00:40:00
-6.267600,-53.376800,GOES-19,2026-08-26 19:20:00
-6.267600,-53.376800,GOES-19,2026-08-26 20:00:00
-6.267600,-53.376800,GOES-19,2026-08-26 20:10:00
-6.267600,-53.376800,GOES-19,2026-08-26 20:20:00
-6.267600,-53.376800,GOES-19,2026-08-26 20:30:00
-6.286100,-53.375800,GOES-19,2026-08-26 00:20:00
-6.286100,-53.375800,GOES-19,2026-08-26 00:40:00
-6.286100,-53.375800,GOES-19,2026-08-26 20:00:00
-6.286100,-53.375800,GOES-19,2026-08-26 20:10:00
-6.286100,-53.375800,GOES-19,2026-08-26 20:20:00
-6.249200,-53.357400,GOES-19,2026-08-26 00:20:00
-6.249200,-53.357400,GOES-19,2026-08-26 00:40:00
-6.249200,-53.357400,GOES-19,2026-08-26 19:20:00
-6.249200,-53.357400,GOES-19,2026-08-26 20:00:00
-6.249200,-53.357400,GOES-19,2026-08-26 20:10:00
-6.249200,-53.357400,GOES-19,2026-08-26 20:20:00
-6.249200,-53.357400,GOES-19,2026-08-26 20:30:00
-6.267700,-53.356500,GOES-19,2026-08-26 00:20:00
-6.267700,-53.356500,GOES-19,2026-08-26 00:40:00
-6.267700,-53.356500,GOES-19,2026-08-26 19:20:00
-6.267700,-53.356500,GOES-19,2026-08-26 20:00:00
-6.267700,-53.356500,GOES-19,2026-08-26 20:10:00
-6.267700,-53.356500,GOES-19,2026-08-26 20:20:00
-6.267700,-53.356500,GOES-19,2026-08-26 20:30:00
-6.286300,-53.355500,GOES-19,2026-08-26 00:20:00
-6.286300,-53.355500,GOES-19,2026-08-26 00:40:00
-6.286300,-53.355500,GOES-19,2026-08-26 19:20:00
-6.286300,-53.355500,GOES-19,2026-08-26 20:00:00
-6.286300,-53.355500,GOES-19,2026-08-26 20:10:00
-6.286300,-53.355500,GOES-19,2026-08-26 20:20:00
-6.286300,-53.355500,GOES-19,2026-08-26 20:30:00
-6.286400,-53.335100,GOES-19,2026-08-26 18:50:00
-6.286400,-53.335100,GOES-19,2026-08-26 19:20:00
-6.286400,-53.335100,GOES-19,2026-08-26 20:20:00
-6.286400,-53.335100,GOES-19,2026-08-26 20:30:00
-6.639600,-53.193400,GOES-19,2026-08-26 18:50:00
-6.621200,-53.174000,GOES-19,2026-08-26 18:40:00
-6.621200,-53.174000,GOES-19,2026-08-26 19:20:00
-6.621200,-53.174000,GOES-19,2026-08-26 19:50:00
-6.269500,-53.111800,GOES-19,2026-08-26 18:50:00
-13.774400,-51.987900,GOES-19,2026-08-26 14:20:00
-14.393000,-51.844000,GOES-19,2026-08-26 15:00:00
-14.393000,-51.844000,GOES-19,2026-08-26 15:10:00
-14.393400,-51.822600,GOES-19,2026-08-26 15:00:00
-14.393400,-51.822600,GOES-19,2026-08-26 15:10:00
-14.374000,-51.825200,GOES-19,2026-08-26 15:10:00
-14.413400,-51.777300,GOES-19,2026-08-26 14:50:00
-14.413400,-51.777300,GOES-19,2026-08-26 15:00:00
-14.413400,-51.777300,GOES-19,2026-08-26 15:10:00
-14.432800,-51.774700,GOES-19,2026-08-26 14:50:00
-14.432800,-51.774700,GOES-19,2026-08-26 15:00:00
-14.432800,-51.774700,GOES-19,2026-08-26 15:10:00
-14.355800,-51.763600,GOES-19,2026-08-26 14:50:00
-14.355800,-51.763600,GOES-19,2026-08-26 15:10:00
-14.375100,-51.761100,GOES-19,2026-08-26 14:50:00
-14.375100,-51.761100,GOES-19,2026-08-26 15:00:00
-14.375100,-51.761100,GOES-19,2026-08-26 15:10:00
-14.394500,-51.758500,GOES-19,2026-08-26 15:00:00
-14.394500,-51.758500,GOES-19,2026-08-26 15:10:00
-14.413800,-51.755900,GOES-19,2026-08-26 13:30:00
-14.413800,-51.755900,GOES-19,2026-08-26 13:40:00
-14.413800,-51.755900,GOES-19,2026-08-26 13:50:00
-14.413800,-51.755900,GOES-19,2026-08-26 15:10:00
-13.604000,-51.839500,GOES-19,2026-08-26 15:00:00
-13.604000,-51.839500,GOES-19,2026-08-26 15:10:00
-14.336800,-51.744800,GOES-19,2026-08-26 14:50:00
-14.336800,-51.744800,GOES-19,2026-08-26 15:00:00
-14.356200,-51.742200,GOES-19,2026-08-26 14:50:00
-14.356200,-51.742200,GOES-19,2026-08-26 15:00:00
-14.356200,-51.742200,GOES-19,2026-08-26 15:10:00
-14.375500,-51.739700,GOES-19,2026-08-26 13:30:00
-14.375500,-51.739700,GOES-19,2026-08-26 14:50:00
-14.375500,-51.739700,GOES-19,2026-08-26 15:10:00
-14.317900,-51.726000,GOES-19,2026-08-26 14:50:00
-14.317900,-51.726000,GOES-19,2026-08-26 15:00:00
-14.317900,-51.726000,GOES-19,2026-08-26 15:10:00
-14.337200,-51.723400,GOES-19,2026-08-26 13:00:00
-14.337200,-51.723400,GOES-19,2026-08-26 13:20:00
-14.337200,-51.723400,GOES-19,2026-08-26 13:30:00
-14.337200,-51.723400,GOES-19,2026-08-26 13:40:00
-14.337200,-51.723400,GOES-19,2026-08-26 13:50:00
-14.337200,-51.723400,GOES-19,2026-08-26 14:50:00
-14.337200,-51.723400,GOES-19,2026-08-26 15:00:00
-14.337200,-51.723400,GOES-19,2026-08-26 15:10:00
-14.337200,-51.723400,GOES-19,2026-08-26 15:20:00
-14.356500,-51.720800,GOES-19,2026-08-26 15:00:00
-13.244500,-51.544200,GOES-19,2026-08-26 16:00:00
-13.263600,-51.541800,GOES-19,2026-08-26 13:40:00
-13.263600,-51.541800,GOES-19,2026-08-26 15:00:00
-13.263600,-51.541800,GOES-19,2026-08-26 15:30:00
-13.263600,-51.541800,GOES-19,2026-08-26 16:00:00
-13.263600,-51.541800,GOES-19,2026-08-26 17:40:00
-13.263600,-51.541800,GOES-19,2026-08-26 17:50:00
-13.282800,-51.539500,GOES-19,2026-08-26 13:40:00
-13.282800,-51.539500,GOES-19,2026-08-26 14:00:00
-13.282800,-51.539500,GOES-19,2026-08-26 15:00:00
-13.282800,-51.539500,GOES-19,2026-08-26 15:10:00
-13.282800,-51.539500,GOES-19,2026-08-26 15:20:00
-13.282800,-51.539500,GOES-19,2026-08-26 15:30:00
-13.282800,-51.539500,GOES-19,2026-08-26 15:40:00
-13.282800,-51.539500,GOES-19,2026-08-26 15:50:00
-13.244800,-51.522900,GOES-19,2026-08-26 13:40:00
-13.244800,-51.522900,GOES-19,2026-08-26 15:10:00
-13.244800,-51.522900,GOES-19,2026-08-26 15:30:00
-13.244800,-51.522900,GOES-19,2026-08-26 15:40:00
-13.244800,-51.522900,GOES-19,2026-08-26 16:00:00
-13.264000,-51.520500,GOES-19,2026-08-26 13:40:00
-13.264000,-51.520500,GOES-19,2026-08-26 14:00:00
-13.264000,-51.520500,GOES-19,2026-08-26 14:20:00
-13.264000,-51.520500,GOES-19,2026-08-26 14:40:00
-13.264000,-51.520500,GOES-19,2026-08-26 14:50:00
-13.264000,-51.520500,GOES-19,2026-08-26 15:00:00
-13.264000,-51.520500,GOES-19,2026-08-26 15:10:00
-13.264000,-51.520500,GOES-19,2026-08-26 15:20:00
-13.264000,-51.520500,GOES-19,2026-08-26 15:30:00
-13.264000,-51.520500,GOES-19,2026-08-26 15:40:00
-13.264000,-51.520500,GOES-19,2026-08-26 16:00:00
-13.264000,-51.520500,GOES-19,2026-08-26 17:50:00
-13.283200,-51.518100,GOES-19,2026-08-26 13:20:00
-13.283200,-51.518100,GOES-19,2026-08-26 13:30:00
-13.283200,-51.518100,GOES-19,2026-08-26 13:40:00
-13.283200,-51.518100,GOES-19,2026-08-26 13:50:00
-13.283200,-51.518100,GOES-19,2026-08-26 14:00:00
-13.283200,-51.518100,GOES-19,2026-08-26 14:10:00
-13.283200,-51.518100,GOES-19,2026-08-26 14:20:00
-13.283200,-51.518100,GOES-19,2026-08-26 14:30:00
-13.283200,-51.518100,GOES-19,2026-08-26 14:40:00
-13.283200,-51.518100,GOES-19,2026-08-26 14:50:00
-13.283200,-51.518100,GOES-19,2026-08-26 15:00:00
-13.283200,-51.518100,GOES-19,2026-08-26 15:10:00
-13.283200,-51.518100,GOES-19,2026-08-26 15:20:00
-13.283200,-51.518100,GOES-19,2026-08-26 15:30:00
-13.283200,-51.518100,GOES-19,2026-08-26 15:40:00
-13.283200,-51.518100,GOES-19,2026-08-26 15:50:00
-13.283200,-51.518100,GOES-19,2026-08-26 17:30:00
-13.283200,-51.518100,GOES-19,2026-08-26 17:40:00
-13.283200,-51.518100,GOES-19,2026-08-26 17:50:00
-13.283200,-51.518100,GOES-19,2026-08-26 18:10:00
-13.302400,-51.515700,GOES-19,2026-08-26 14:00:00
-13.302400,-51.515700,GOES-19,2026-08-26 14:10:00
-13.302400,-51.515700,GOES-19,2026-08-26 14:20:00
-13.302400,-51.515700,GOES-19,2026-08-26 14:30:00
-13.302400,-51.515700,GOES-19,2026-08-26 14:40:00
-13.302400,-51.515700,GOES-19,2026-08-26 14:50:00
-13.302400,-51.515700,GOES-19,2026-08-26 15:00:00
-13.302400,-51.515700,GOES-19,2026-08-26 15:20:00
-13.302400,-51.515700,GOES-19,2026-08-26 15:30:00
-13.302400,-51.515700,GOES-19,2026-08-26 17:50:00
-13.321600,-51.513400,GOES-19,2026-08-26 14:40:00
-13.264300,-51.499200,GOES-19,2026-08-26 13:40:00
-13.264300,-51.499200,GOES-19,2026-08-26 14:00:00
-13.264300,-51.499200,GOES-19,2026-08-26 15:00:00
-13.264300,-51.499200,GOES-19,2026-08-26 15:10:00
-13.264300,-51.499200,GOES-19,2026-08-26 15:20:00
-13.264300,-51.499200,GOES-19,2026-08-26 15:30:00
-13.264300,-51.499200,GOES-19,2026-08-26 15:40:00
-13.264300,-51.499200,GOES-19,2026-08-26 15:50:00
-13.264300,-51.499200,GOES-19,2026-08-26 16:00:00
-13.264300,-51.499200,GOES-19,2026-08-26 17:50:00
-13.283500,-51.496800,GOES-19,2026-08-26 01:50:00
-13.283500,-51.496800,GOES-19,2026-08-26 02:00:00
-13.283500,-51.496800,GOES-19,2026-08-26 02:10:00
-13.283500,-51.496800,GOES-19,2026-08-26 02:20:00
-13.283500,-51.496800,GOES-19,2026-08-26 02:30:00
-13.283500,-51.496800,GOES-19,2026-08-26 13:40:00
-13.283500,-51.496800,GOES-19,2026-08-26 14:00:00
-13.283500,-51.496800,GOES-19,2026-08-26 14:20:00
-13.283500,-51.496800,GOES-19,2026-08-26 14:40:00
-13.283500,-51.496800,GOES-19,2026-08-26 14:50:00
-13.283500,-51.496800,GOES-19,2026-08-26 15:00:00
-13.283500,-51.496800,GOES-19,2026-08-26 15:10:00
-13.283500,-51.496800,GOES-19,2026-08-26 15:20:00
-13.283500,-51.496800,GOES-19,2026-08-26 15:30:00
-13.283500,-51.496800,GOES-19,2026-08-26 15:40:00
-13.283500,-51.496800,GOES-19,2026-08-26 15:50:00
-13.283500,-51.496800,GOES-19,2026-08-26 16:00:00
-13.283500,-51.496800,GOES-19,2026-08-26 17:50:00
-13.302700,-51.494400,GOES-19,2026-08-26 01:50:00
-13.302700,-51.494400,GOES-19,2026-08-26 02:00:00
-13.302700,-51.494400,GOES-19,2026-08-26 02:10:00
-13.302700,-51.494400,GOES-19,2026-08-26 02:20:00
-13.302700,-51.494400,GOES-19,2026-08-26 02:30:00
-13.302700,-51.494400,GOES-19,2026-08-26 13:50:00
-13.302700,-51.494400,GOES-19,2026-08-26 14:00:00
-13.302700,-51.494400,GOES-19,2026-08-26 14:10:00
-13.302700,-51.494400,GOES-19,2026-08-26 14:20:00
-13.302700,-51.494400,GOES-19,2026-08-26 14:30:00
-13.302700,-51.494400,GOES-19,2026-08-26 14:40:00
-13.302700,-51.494400,GOES-19,2026-08-26 14:50:00
-13.302700,-51.494400,GOES-19,2026-08-26 15:00:00
-13.302700,-51.494400,GOES-19,2026-08-26 15:10:00
-13.302700,-51.494400,GOES-19,2026-08-26 15:20:00
-13.302700,-51.494400,GOES-19,2026-08-26 15:30:00
-13.302700,-51.494400,GOES-19,2026-08-26 15:40:00
-13.302700,-51.494400,GOES-19,2026-08-26 15:50:00
-13.302700,-51.494400,GOES-19,2026-08-26 16:00:00
-13.302700,-51.494400,GOES-19,2026-08-26 17:30:00
-13.302700,-51.494400,GOES-19,2026-08-26 17:50:00
-13.302700,-51.494400,GOES-19,2026-08-26 18:10:00
-13.321900,-51.492000,GOES-19,2026-08-26 14:10:00
-13.321900,-51.492000,GOES-19,2026-08-26 14:20:00
-13.321900,-51.492000,GOES-19,2026-08-26 14:30:00
-13.321900,-51.492000,GOES-19,2026-08-26 14:40:00
-13.321900,-51.492000,GOES-19,2026-08-26 15:00:00
-13.321900,-51.492000,GOES-19,2026-08-26 15:20:00
-13.321900,-51.492000,GOES-19,2026-08-26 15:30:00
-13.321900,-51.492000,GOES-19,2026-08-26 15:40:00
-13.321900,-51.492000,GOES-19,2026-08-26 15:50:00
-13.321900,-51.492000,GOES-19,2026-08-26 18:10:00
-13.341200,-51.489600,GOES-19,2026-08-26 18:10:00
-13.264700,-51.477900,GOES-19,2026-08-26 01:50:00
-13.264700,-51.477900,GOES-19,2026-08-26 02:00:00
-13.264700,-51.477900,GOES-19,2026-08-26 02:10:00
-13.264700,-51.477900,GOES-19,2026-08-26 02:20:00
-13.264700,-51.477900,GOES-19,2026-08-26 02:30:00
-13.283900,-51.475500,GOES-19,2026-08-26 01:50:00
-13.283900,-51.475500,GOES-19,2026-08-26 02:00:00
-13.283900,-51.475500,GOES-19,2026-08-26 02:10:00
-13.283900,-51.475500,GOES-19,2026-08-26 02:20:00
-13.283900,-51.475500,GOES-19,2026-08-26 02:30:00
-13.303100,-51.473100,GOES-19,2026-08-26 01:50:00
-13.303100,-51.473100,GOES-19,2026-08-26 02:00:00
-13.303100,-51.473100,GOES-19,2026-08-26 02:10:00
-13.303100,-51.473100,GOES-19,2026-08-26 02:20:00
-13.303100,-51.473100,GOES-19,2026-08-26 02:30:00
-13.303100,-51.473100,GOES-19,2026-08-26 14:20:00
-13.303100,-51.473100,GOES-19,2026-08-26 14:40:00
-13.303100,-51.473100,GOES-19,2026-08-26 14:50:00
-13.303100,-51.473100,GOES-19,2026-08-26 15:00:00
-13.303100,-51.473100,GOES-19,2026-08-26 15:10:00
-13.303100,-51.473100,GOES-19,2026-08-26 15:20:00
-13.303100,-51.473100,GOES-19,2026-08-26 15:30:00
-13.303100,-51.473100,GOES-19,2026-08-26 15:40:00
-13.303100,-51.473100,GOES-19,2026-08-26 15:50:00
-13.303100,-51.473100,GOES-19,2026-08-26 16:00:00
-13.322300,-51.470700,GOES-19,2026-08-26 12:10:00
-13.322300,-51.470700,GOES-19,2026-08-26 14:40:00
-13.322300,-51.470700,GOES-19,2026-08-26 14:50:00
-13.322300,-51.470700,GOES-19,2026-08-26 15:30:00
-13.322300,-51.470700,GOES-19,2026-08-26 15:40:00
-13.322300,-51.470700,GOES-19,2026-08-26 15:50:00
-13.322300,-51.470700,GOES-19,2026-08-26 16:00:00
-13.265000,-51.456500,GOES-19,2026-08-26 01:50:00
-13.265000,-51.456500,GOES-19,2026-08-26 02:00:00
-13.265000,-51.456500,GOES-19,2026-08-26 02:10:00
-13.265000,-51.456500,GOES-19,2026-08-26 02:20:00
-13.265000,-51.456500,GOES-19,2026-08-26 02:30:00
-13.284200,-51.454100,GOES-19,2026-08-26 01:50:00
-13.284200,-51.454100,GOES-19,2026-08-26 02:00:00
-13.284200,-51.454100,GOES-19,2026-08-26 02:10:00
-13.284200,-51.454100,GOES-19,2026-08-26 02:20:00
-13.284200,-51.454100,GOES-19,2026-08-26 02:30:00
-13.284200,-51.454100,GOES-19,2026-08-26 16:00:00
-13.303400,-51.451700,GOES-19,2026-08-26 14:20:00
-13.303400,-51.451700,GOES-19,2026-08-26 14:30:00
-13.303400,-51.451700,GOES-19,2026-08-26 14:40:00
-13.303400,-51.451700,GOES-19,2026-08-26 14:50:00
-13.303400,-51.451700,GOES-19,2026-08-26 15:10:00
-13.322600,-51.449300,GOES-19,2026-08-26 11:40:00
-13.322600,-51.449300,GOES-19,2026-08-26 11:50:00
-13.322600,-51.449300,GOES-19,2026-08-26 12:00:00
-13.322600,-51.449300,GOES-19,2026-08-26 12:10:00
-13.322600,-51.449300,GOES-19,2026-08-26 12:20:00
-13.322600,-51.449300,GOES-19,2026-08-26 12:30:00
-13.322600,-51.449300,GOES-19,2026-08-26 12:40:00
-13.322600,-51.449300,GOES-19,2026-08-26 12:50:00
-13.322600,-51.449300,GOES-19,2026-08-26 13:30:00
-13.322600,-51.449300,GOES-19,2026-08-26 14:20:00
-13.322600,-51.449300,GOES-19,2026-08-26 14:30:00
-13.322600,-51.449300,GOES-19,2026-08-26 14:40:00
-13.322600,-51.449300,GOES-19,2026-08-26 14:50:00
-13.322600,-51.449300,GOES-19,2026-08-26 15:10:00
-5.999000,-52.079800,GOES-19,2026-08-26 13:30:00
-5.999000,-52.079800,GOES-19,2026-08-26 13:40:00
-5.999000,-52.079800,GOES-19,2026-08-26 14:10:00
-5.999000,-52.079800,GOES-19,2026-08-26 15:50:00
-5.999000,-52.079800,GOES-19,2026-08-26 16:00:00
-6.017500,-52.078800,GOES-19,2026-08-26 13:40:00
-13.303800,-51.430400,GOES-19,2026-08-26 14:20:00
-13.303800,-51.430400,GOES-19,2026-08-26 14:30:00
-13.303800,-51.430400,GOES-19,2026-08-26 14:40:00
-13.303800,-51.430400,GOES-19,2026-08-26 14:50:00
-13.303800,-51.430400,GOES-19,2026-08-26 15:10:00
-13.323000,-51.428000,GOES-19,2026-08-26 12:10:00
-13.323000,-51.428000,GOES-19,2026-08-26 14:10:00
-13.323000,-51.428000,GOES-19,2026-08-26 14:20:00
-13.323000,-51.428000,GOES-19,2026-08-26 14:30:00
-13.323000,-51.428000,GOES-19,2026-08-26 14:40:00
-13.323000,-51.428000,GOES-19,2026-08-26 14:50:00
-13.323000,-51.428000,GOES-19,2026-08-26 15:00:00
-13.323000,-51.428000,GOES-19,2026-08-26 18:00:00
-13.323000,-51.428000,GOES-19,2026-08-26 18:20:00
-13.227300,-51.418600,GOES-19,2026-08-26 02:10:00
-13.227300,-51.418600,GOES-19,2026-08-26 02:30:00
-13.246500,-51.416200,GOES-19,2026-08-26 02:10:00
-13.246500,-51.416200,GOES-19,2026-08-26 02:20:00
-13.246500,-51.416200,GOES-19,2026-08-26 02:30:00
-13.284900,-51.411400,GOES-19,2026-08-26 14:40:00
-13.284900,-51.411400,GOES-19,2026-08-26 14:50:00
-13.304100,-51.409000,GOES-19,2026-08-26 14:30:00
-13.304100,-51.409000,GOES-19,2026-08-26 14:50:00
-13.227700,-51.397300,GOES-19,2026-08-26 02:10:00
-13.227700,-51.397300,GOES-19,2026-08-26 02:20:00
-13.227700,-51.397300,GOES-19,2026-08-26 02:30:00
-13.246900,-51.394900,GOES-19,2026-08-26 02:10:00
-13.246900,-51.394900,GOES-19,2026-08-26 02:20:00
-13.246900,-51.394900,GOES-19,2026-08-26 02:30:00
-13.246900,-51.394900,GOES-19,2026-08-26 04:40:00
-13.246900,-51.394900,GOES-19,2026-08-26 04:50:00
-13.246900,-51.394900,GOES-19,2026-08-26 05:00:00
-13.246900,-51.394900,GOES-19,2026-08-26 05:20:00
-13.246900,-51.394900,GOES-19,2026-08-26 05:30:00
-13.246900,-51.394900,GOES-19,2026-08-26 05:40:00
-13.246900,-51.394900,GOES-19,2026-08-26 05:50:00
-13.246900,-51.394900,GOES-19,2026-08-26 06:00:00
-13.246900,-51.394900,GOES-19,2026-08-26 06:10:00
-13.266100,-51.392500,GOES-19,2026-08-26 02:30:00
-13.266100,-51.392500,GOES-19,2026-08-26 04:40:00
-13.266100,-51.392500,GOES-19,2026-08-26 04:50:00
-13.266100,-51.392500,GOES-19,2026-08-26 05:00:00
-13.266100,-51.392500,GOES-19,2026-08-26 05:20:00
-13.266100,-51.392500,GOES-19,2026-08-26 05:30:00
-13.266100,-51.392500,GOES-19,2026-08-26 05:40:00
-13.266100,-51.392500,GOES-19,2026-08-26 05:50:00
-13.266100,-51.392500,GOES-19,2026-08-26 06:00:00
-13.266100,-51.392500,GOES-19,2026-08-26 06:10:00
-13.266100,-51.392500,GOES-19,2026-08-26 13:20:00
-13.266100,-51.392500,GOES-19,2026-08-26 14:30:00
-13.266100,-51.392500,GOES-19,2026-08-26 14:40:00
-13.266100,-51.392500,GOES-19,2026-08-26 14:50:00
-13.266100,-51.392500,GOES-19,2026-08-26 15:10:00
-13.285300,-51.390100,GOES-19,2026-08-26 12:20:00
-13.285300,-51.390100,GOES-19,2026-08-26 12:30:00
-13.285300,-51.390100,GOES-19,2026-08-26 12:40:00
-13.285300,-51.390100,GOES-19,2026-08-26 12:50:00
-13.285300,-51.390100,GOES-19,2026-08-26 13:00:00
-13.285300,-51.390100,GOES-19,2026-08-26 13:10:00
-13.285300,-51.390100,GOES-19,2026-08-26 13:20:00
-13.285300,-51.390100,GOES-19,2026-08-26 13:30:00
-13.285300,-51.390100,GOES-19,2026-08-26 13:40:00
-13.285300,-51.390100,GOES-19,2026-08-26 13:50:00
-13.285300,-51.390100,GOES-19,2026-08-26 14:00:00
-13.285300,-51.390100,GOES-19,2026-08-26 14:30:00
-13.285300,-51.390100,GOES-19,2026-08-26 14:40:00
-13.285300,-51.390100,GOES-19,2026-08-26 14:50:00
-13.285300,-51.390100,GOES-19,2026-08-26 15:10:00
-13.285300,-51.390100,GOES-19,2026-08-26 15:20:00
-13.285300,-51.390100,GOES-19,2026-08-26 15:30:00
-13.285300,-51.390100,GOES-19,2026-08-26 17:00:00
-13.208800,-51.378300,GOES-19,2026-08-26 02:10:00
-13.208800,-51.378300,GOES-19,2026-08-26 02:20:00
-13.208800,-51.378300,GOES-19,2026-08-26 02:30:00
-13.228000,-51.375900,GOES-19,2026-08-26 02:10:00
-13.228000,-51.375900,GOES-19,2026-08-26 02:20:00
-13.228000,-51.375900,GOES-19,2026-08-26 02:30:00
-13.228000,-51.375900,GOES-19,2026-08-26 04:40:00
-13.228000,-51.375900,GOES-19,2026-08-26 04:50:00
-13.228000,-51.375900,GOES-19,2026-08-26 05:00:00
-13.228000,-51.375900,GOES-19,2026-08-26 05:20:00
-13.228000,-51.375900,GOES-19,2026-08-26 05:30:00
-13.228000,-51.375900,GOES-19,2026-08-26 05:40:00
-13.228000,-51.375900,GOES-19,2026-08-26 05:50:00
-13.228000,-51.375900,GOES-19,2026-08-26 06:00:00
-13.228000,-51.375900,GOES-19,2026-08-26 06:10:00
-13.247200,-51.373500,GOES-19,2026-08-26 02:20:00
-13.247200,-51.373500,GOES-19,2026-08-26 04:40:00
-13.247200,-51.373500,GOES-19,2026-08-26 04:50:00
-13.247200,-51.373500,GOES-19,2026-08-26 05:00:00
-13.247200,-51.373500,GOES-19,2026-08-26 05:20:00
-13.247200,-51.373500,GOES-19,2026-08-26 05:30:00
-13.247200,-51.373500,GOES-19,2026-08-26 05:40:00
-13.247200,-51.373500,GOES-19,2026-08-26 05:50:00
-13.247200,-51.373500,GOES-19,2026-08-26 06:00:00
-13.247200,-51.373500,GOES-19,2026-08-26 06:10:00
-13.247200,-51.373500,GOES-19,2026-08-26 06:50:00
-13.266400,-51.371100,GOES-19,2026-08-26 04:40:00
-13.266400,-51.371100,GOES-19,2026-08-26 04:50:00
-13.266400,-51.371100,GOES-19,2026-08-26 05:00:00
-13.266400,-51.371100,GOES-19,2026-08-26 05:20:00
-13.266400,-51.371100,GOES-19,2026-08-26 05:30:00
-13.266400,-51.371100,GOES-19,2026-08-26 05:40:00
-13.266400,-51.371100,GOES-19,2026-08-26 05:50:00
-13.266400,-51.371100,GOES-19,2026-08-26 06:00:00
-13.266400,-51.371100,GOES-19,2026-08-26 06:10:00
-13.266400,-51.371100,GOES-19,2026-08-26 06:50:00
-13.266400,-51.371100,GOES-19,2026-08-26 07:00:00
-13.266400,-51.371100,GOES-19,2026-08-26 13:20:00
-13.266400,-51.371100,GOES-19,2026-08-26 13:50:00
-13.266400,-51.371100,GOES-19,2026-08-26 14:30:00
-13.266400,-51.371100,GOES-19,2026-08-26 14:40:00
-13.266400,-51.371100,GOES-19,2026-08-26 15:10:00
-13.266400,-51.371100,GOES-19,2026-08-26 15:50:00
-11.699900,-51.533300,GOES-19,2026-08-26 15:30:00
-11.699900,-51.533300,GOES-19,2026-08-26 15:40:00
-11.699900,-51.533300,GOES-19,2026-08-26 15:50:00
-11.699900,-51.533300,GOES-19,2026-08-26 16:00:00
-11.718900,-51.531300,GOES-19,2026-08-26 15:30:00
-11.718900,-51.531300,GOES-19,2026-08-26 15:40:00
-13.190000,-51.359300,GOES-19,2026-08-26 02:10:00
-13.190000,-51.359300,GOES-19,2026-08-26 02:20:00
-13.190000,-51.359300,GOES-19,2026-08-26 02:30:00
-13.190000,-51.359300,GOES-19,2026-08-26 05:20:00
-13.190000,-51.359300,GOES-19,2026-08-26 05:40:00
-13.190000,-51.359300,GOES-19,2026-08-26 05:50:00
-13.190000,-51.359300,GOES-19,2026-08-26 14:40:00
-13.190000,-51.359300,GOES-19,2026-08-26 15:50:00
-13.209200,-51.356900,GOES-19,2026-08-26 07:00:00
-13.209200,-51.356900,GOES-19,2026-08-26 12:50:00
-13.209200,-51.356900,GOES-19,2026-08-26 13:10:00
-13.209200,-51.356900,GOES-19,2026-08-26 13:20:00
-13.209200,-51.356900,GOES-19,2026-08-26 13:30:00
-13.209200,-51.356900,GOES-19,2026-08-26 13:50:00
-13.209200,-51.356900,GOES-19,2026-08-26 14:00:00
-13.209200,-51.356900,GOES-19,2026-08-26 14:10:00
-13.209200,-51.356900,GOES-19,2026-08-26 14:20:00
-13.209200,-51.356900,GOES-19,2026-08-26 14:30:00
-13.209200,-51.356900,GOES-19,2026-08-26 14:40:00
-13.209200,-51.356900,GOES-19,2026-08-26 14:50:00
-13.209200,-51.356900,GOES-19,2026-08-26 15:00:00
-13.209200,-51.356900,GOES-19,2026-08-26 15:10:00
-13.209200,-51.356900,GOES-19,2026-08-26 15:50:00
-13.228400,-51.354500,GOES-19,2026-08-26 04:40:00
-13.228400,-51.354500,GOES-19,2026-08-26 04:50:00
-13.228400,-51.354500,GOES-19,2026-08-26 05:00:00
-13.228400,-51.354500,GOES-19,2026-08-26 05:20:00
-13.228400,-51.354500,GOES-19,2026-08-26 05:30:00
-13.228400,-51.354500,GOES-19,2026-08-26 05:40:00
-13.228400,-51.354500,GOES-19,2026-08-26 05:50:00
-13.228400,-51.354500,GOES-19,2026-08-26 06:00:00
-13.228400,-51.354500,GOES-19,2026-08-26 06:10:00
-13.228400,-51.354500,GOES-19,2026-08-26 06:50:00
-13.228400,-51.354500,GOES-19,2026-08-26 07:00:00
-13.228400,-51.354500,GOES-19,2026-08-26 13:30:00
-13.228400,-51.354500,GOES-19,2026-08-26 13:40:00
-13.228400,-51.354500,GOES-19,2026-08-26 13:50:00
-13.228400,-51.354500,GOES-19,2026-08-26 14:00:00
-13.228400,-51.354500,GOES-19,2026-08-26 14:10:00
-13.228400,-51.354500,GOES-19,2026-08-26 14:20:00
-13.228400,-51.354500,GOES-19,2026-08-26 14:30:00
-13.228400,-51.354500,GOES-19,2026-08-26 14:40:00
-13.228400,-51.354500,GOES-19,2026-08-26 14:50:00
-13.228400,-51.354500,GOES-19,2026-08-26 15:00:00
-13.228400,-51.354500,GOES-19,2026-08-26 15:10:00
-13.228400,-51.354500,GOES-19,2026-08-26 15:20:00
-13.228400,-51.354500,GOES-19,2026-08-26 15:50:00
-13.247600,-51.352100,GOES-19,2026-08-26 04:40:00
-13.247600,-51.352100,GOES-19,2026-08-26 04:50:00
-13.247600,-51.352100,GOES-19,2026-08-26 05:00:00
-13.247600,-51.352100,GOES-19,2026-08-26 05:20:00
-13.247600,-51.352100,GOES-19,2026-08-26 05:30:00
-13.247600,-51.352100,GOES-19,2026-08-26 05:40:00
-13.247600,-51.352100,GOES-19,2026-08-26 05:50:00
-13.247600,-51.352100,GOES-19,2026-08-26 06:00:00
-13.247600,-51.352100,GOES-19,2026-08-26 06:10:00
-13.247600,-51.352100,GOES-19,2026-08-26 06:50:00
-13.247600,-51.352100,GOES-19,2026-08-26 07:00:00
-13.247600,-51.352100,GOES-19,2026-08-26 14:20:00
-13.247600,-51.352100,GOES-19,2026-08-26 14:30:00
-13.247600,-51.352100,GOES-19,2026-08-26 14:40:00
-13.247600,-51.352100,GOES-19,2026-08-26 15:10:00
-13.247600,-51.352100,GOES-19,2026-08-26 15:20:00
-13.247600,-51.352100,GOES-19,2026-08-26 15:50:00
-13.266800,-51.349700,GOES-19,2026-08-26 06:00:00
-13.266800,-51.349700,GOES-19,2026-08-26 06:10:00
-13.266800,-51.349700,GOES-19,2026-08-26 06:50:00
-13.266800,-51.349700,GOES-19,2026-08-26 07:00:00
-13.266800,-51.349700,GOES-19,2026-08-26 13:50:00
-13.286000,-51.347300,GOES-19,2026-08-26 12:20:00
-13.286000,-51.347300,GOES-19,2026-08-26 13:20:00
-13.286000,-51.347300,GOES-19,2026-08-26 13:30:00
-13.286000,-51.347300,GOES-19,2026-08-26 13:50:00
-13.190300,-51.338000,GOES-19,2026-08-26 02:20:00
-13.190300,-51.338000,GOES-19,2026-08-26 02:30:00
-13.190300,-51.338000,GOES-19,2026-08-26 04:40:00
-13.190300,-51.338000,GOES-19,2026-08-26 05:20:00
-13.190300,-51.338000,GOES-19,2026-08-26 05:40:00
-13.190300,-51.338000,GOES-19,2026-08-26 05:50:00
-13.190300,-51.338000,GOES-19,2026-08-26 06:00:00
-13.190300,-51.338000,GOES-19,2026-08-26 06:50:00
-13.190300,-51.338000,GOES-19,2026-08-26 07:00:00
-13.190300,-51.338000,GOES-19,2026-08-26 11:50:00
-13.190300,-51.338000,GOES-19,2026-08-26 12:00:00
-13.209500,-51.335600,GOES-19,2026-08-26 04:40:00
-13.209500,-51.335600,GOES-19,2026-08-26 05:20:00
-13.209500,-51.335600,GOES-19,2026-08-26 05:40:00
-13.209500,-51.335600,GOES-19,2026-08-26 05:50:00
-13.209500,-51.335600,GOES-19,2026-08-26 06:00:00
-13.209500,-51.335600,GOES-19,2026-08-26 06:50:00
-13.209500,-51.335600,GOES-19,2026-08-26 11:50:00
-13.209500,-51.335600,GOES-19,2026-08-26 12:00:00
-13.209500,-51.335600,GOES-19,2026-08-26 12:10:00
-13.209500,-51.335600,GOES-19,2026-08-26 12:50:00
-13.209500,-51.335600,GOES-19,2026-08-26 13:10:00
-13.209500,-51.335600,GOES-19,2026-08-26 13:20:00
-13.209500,-51.335600,GOES-19,2026-08-26 13:30:00
-13.209500,-51.335600,GOES-19,2026-08-26 13:40:00
-13.209500,-51.335600,GOES-19,2026-08-26 13:50:00
-13.209500,-51.335600,GOES-19,2026-08-26 14:00:00
-13.209500,-51.335600,GOES-19,2026-08-26 14:10:00
-13.209500,-51.335600,GOES-19,2026-08-26 14:20:00
-13.209500,-51.335600,GOES-19,2026-08-26 14:30:00
-13.209500,-51.335600,GOES-19,2026-08-26 14:40:00
-13.209500,-51.335600,GOES-19,2026-08-26 14:50:00
-13.209500,-51.335600,GOES-19,2026-08-26 15:00:00
-13.209500,-51.335600,GOES-19,2026-08-26 15:10:00
-13.209500,-51.335600,GOES-19,2026-08-26 15:20:00
-13.209500,-51.335600,GOES-19,2026-08-26 15:50:00
-13.171100,-51.340400,GOES-19,2026-08-26 02:30:00
-13.171100,-51.340400,GOES-19,2026-08-26 05:20:00
-13.171100,-51.340400,GOES-19,2026-08-26 05:40:00
-13.171100,-51.340400,GOES-19,2026-08-26 05:50:00
-13.171100,-51.340400,GOES-19,2026-08-26 06:00:00
-13.171100,-51.340400,GOES-19,2026-08-26 06:50:00
-13.171100,-51.340400,GOES-19,2026-08-26 07:00:00
-13.228700,-51.333200,GOES-19,2026-08-26 11:50:00
-13.228700,-51.333200,GOES-19,2026-08-26 12:00:00
-13.228700,-51.333200,GOES-19,2026-08-26 12:10:00
-13.228700,-51.333200,GOES-19,2026-08-26 12:20:00
-13.228700,-51.333200,GOES-19,2026-08-26 12:30:00
-13.228700,-51.333200,GOES-19,2026-08-26 12:40:00
-13.228700,-51.333200,GOES-19,2026-08-26 12:50:00
-13.228700,-51.333200,GOES-19,2026-08-26 13:00:00
-13.228700,-51.333200,GOES-19,2026-08-26 13:10:00
-13.228700,-51.333200,GOES-19,2026-08-26 13:20:00
-13.228700,-51.333200,GOES-19,2026-08-26 13:30:00
-13.228700,-51.333200,GOES-19,2026-08-26 13:40:00
-13.228700,-51.333200,GOES-19,2026-08-26 13:50:00
-13.228700,-51.333200,GOES-19,2026-08-26 14:00:00
-13.228700,-51.333200,GOES-19,2026-08-26 14:10:00
-13.228700,-51.333200,GOES-19,2026-08-26 14:20:00
-13.228700,-51.333200,GOES-19,2026-08-26 14:30:00
-13.228700,-51.333200,GOES-19,2026-08-26 14:40:00
-13.228700,-51.333200,GOES-19,2026-08-26 14:50:00
-13.228700,-51.333200,GOES-19,2026-08-26 15:00:00
-13.228700,-51.333200,GOES-19,2026-08-26 15:10:00
-13.228700,-51.333200,GOES-19,2026-08-26 15:20:00
-13.228700,-51.333200,GOES-19,2026-08-26 15:50:00
-13.247900,-51.330800,GOES-19,2026-08-26 06:50:00
-13.247900,-51.330800,GOES-19,2026-08-26 07:00:00
-13.247900,-51.330800,GOES-19,2026-08-26 13:10:00
-13.247900,-51.330800,GOES-19,2026-08-26 13:20:00
-13.247900,-51.330800,GOES-19,2026-08-26 13:30:00
-13.247900,-51.330800,GOES-19,2026-08-26 13:40:00
-13.247900,-51.330800,GOES-19,2026-08-26 13:50:00
-13.247900,-51.330800,GOES-19,2026-08-26 14:00:00
-13.247900,-51.330800,GOES-19,2026-08-26 14:10:00
-13.247900,-51.330800,GOES-19,2026-08-26 14:20:00
-13.247900,-51.330800,GOES-19,2026-08-26 14:30:00
-13.247900,-51.330800,GOES-19,2026-08-26 14:40:00
-13.247900,-51.330800,GOES-19,2026-08-26 15:10:00
-13.247900,-51.330800,GOES-19,2026-08-26 15:20:00
-13.267100,-51.328400,GOES-19,2026-08-26 14:20:00
-13.267100,-51.328400,GOES-19,2026-08-26 14:30:00
-13.267100,-51.328400,GOES-19,2026-08-26 14:40:00
-13.267100,-51.328400,GOES-19,2026-08-26 15:20:00
-13.171500,-51.319000,GOES-19,2026-08-26 07:00:00
-13.190600,-51.316600,GOES-19,2026-08-26 05:20:00
-13.190600,-51.316600,GOES-19,2026-08-26 06:00:00
-13.190600,-51.316600,GOES-19,2026-08-26 06:50:00
-13.190600,-51.316600,GOES-19,2026-08-26 07:00:00
-13.190600,-51.316600,GOES-19,2026-08-26 11:50:00
-13.190600,-51.316600,GOES-19,2026-08-26 12:00:00
-13.190600,-51.316600,GOES-19,2026-08-26 12:10:00
-13.209800,-51.314200,GOES-19,2026-08-26 11:10:00
-13.209800,-51.314200,GOES-19,2026-08-26 11:20:00
-13.209800,-51.314200,GOES-19,2026-08-26 11:30:00
-13.209800,-51.314200,GOES-19,2026-08-26 11:40:00
-13.209800,-51.314200,GOES-19,2026-08-26 11:50:00
-13.209800,-51.314200,GOES-19,2026-08-26 12:00:00
-13.209800,-51.314200,GOES-19,2026-08-26 12:10:00
-13.209800,-51.314200,GOES-19,2026-08-26 12:20:00
-13.209800,-51.314200,GOES-19,2026-08-26 12:30:00
-13.209800,-51.314200,GOES-19,2026-08-26 12:40:00
-13.209800,-51.314200,GOES-19,2026-08-26 12:50:00
-13.209800,-51.314200,GOES-19,2026-08-26 13:00:00
-13.209800,-51.314200,GOES-19,2026-08-26 13:10:00
-13.209800,-51.314200,GOES-19,2026-08-26 13:20:00
-13.209800,-51.314200,GOES-19,2026-08-26 13:30:00
-13.209800,-51.314200,GOES-19,2026-08-26 13:40:00
-13.209800,-51.314200,GOES-19,2026-08-26 14:10:00
-13.209800,-51.314200,GOES-19,2026-08-26 14:20:00
-13.209800,-51.314200,GOES-19,2026-08-26 14:30:00
-13.209800,-51.314200,GOES-19,2026-08-26 14:40:00
-13.229000,-51.311800,GOES-19,2026-08-26 11:50:00
-13.229000,-51.311800,GOES-19,2026-08-26 12:00:00
-13.229000,-51.311800,GOES-19,2026-08-26 12:10:00
-13.229000,-51.311800,GOES-19,2026-08-26 12:20:00
-13.229000,-51.311800,GOES-19,2026-08-26 12:30:00
-13.229000,-51.311800,GOES-19,2026-08-26 12:40:00
-13.229000,-51.311800,GOES-19,2026-08-26 12:50:00
-13.229000,-51.311800,GOES-19,2026-08-26 13:00:00
-13.229000,-51.311800,GOES-19,2026-08-26 13:10:00
-13.229000,-51.311800,GOES-19,2026-08-26 13:20:00
-13.229000,-51.311800,GOES-19,2026-08-26 13:30:00
-13.229000,-51.311800,GOES-19,2026-08-26 13:40:00
-13.229000,-51.311800,GOES-19,2026-08-26 13:50:00
-13.229000,-51.311800,GOES-19,2026-08-26 14:00:00
-13.229000,-51.311800,GOES-19,2026-08-26 14:10:00
-13.229000,-51.311800,GOES-19,2026-08-26 14:20:00
-13.229000,-51.311800,GOES-19,2026-08-26 14:30:00
-13.229000,-51.311800,GOES-19,2026-08-26 14:40:00
-13.229000,-51.311800,GOES-19,2026-08-26 14:50:00
-13.229000,-51.311800,GOES-19,2026-08-26 15:00:00
-13.229000,-51.311800,GOES-19,2026-08-26 15:10:00
-13.229000,-51.311800,GOES-19,2026-08-26 15:20:00
-13.248200,-51.309400,GOES-19,2026-08-26 13:10:00
-13.248200,-51.309400,GOES-19,2026-08-26 13:20:00
-13.248200,-51.309400,GOES-19,2026-08-26 13:30:00
-13.248200,-51.309400,GOES-19,2026-08-26 13:40:00
-13.248200,-51.309400,GOES-19,2026-08-26 13:50:00
-13.248200,-51.309400,GOES-19,2026-08-26 14:00:00
-13.248200,-51.309400,GOES-19,2026-08-26 14:10:00
-13.248200,-51.309400,GOES-19,2026-08-26 14:20:00
-13.248200,-51.309400,GOES-19,2026-08-26 14:30:00
-13.248200,-51.309400,GOES-19,2026-08-26 14:40:00
-13.248200,-51.309400,GOES-19,2026-08-26 14:50:00
-13.248200,-51.309400,GOES-19,2026-08-26 15:00:00
-13.248200,-51.309400,GOES-19,2026-08-26 15:10:00
-13.248200,-51.309400,GOES-19,2026-08-26 15:20:00
-13.248200,-51.309400,GOES-19,2026-08-26 15:30:00
-13.248200,-51.309400,GOES-19,2026-08-26 15:40:00
-13.248200,-51.309400,GOES-19,2026-08-26 16:00:00
-13.191000,-51.295200,GOES-19,2026-08-26 12:10:00
-13.191000,-51.295200,GOES-19,2026-08-26 12:50:00
-13.191000,-51.295200,GOES-19,2026-08-26 13:10:00
-13.191000,-51.295200,GOES-19,2026-08-26 13:20:00
-13.191000,-51.295200,GOES-19,2026-08-26 13:30:00
-13.191000,-51.295200,GOES-19,2026-08-26 14:00:00
-13.210200,-51.292800,GOES-19,2026-08-26 11:30:00
-13.210200,-51.292800,GOES-19,2026-08-26 11:40:00
-13.210200,-51.292800,GOES-19,2026-08-26 11:50:00
-13.210200,-51.292800,GOES-19,2026-08-26 12:00:00
-13.210200,-51.292800,GOES-19,2026-08-26 12:10:00
-13.210200,-51.292800,GOES-19,2026-08-26 12:20:00
-13.210200,-51.292800,GOES-19,2026-08-26 12:30:00
-13.210200,-51.292800,GOES-19,2026-08-26 12:50:00
-13.210200,-51.292800,GOES-19,2026-08-26 13:00:00
-13.210200,-51.292800,GOES-19,2026-08-26 13:10:00
-13.210200,-51.292800,GOES-19,2026-08-26 13:20:00
-13.210200,-51.292800,GOES-19,2026-08-26 13:30:00
-13.210200,-51.292800,GOES-19,2026-08-26 13:40:00
-13.210200,-51.292800,GOES-19,2026-08-26 13:50:00
-13.210200,-51.292800,GOES-19,2026-08-26 14:00:00
-13.210200,-51.292800,GOES-19,2026-08-26 14:10:00
-13.210200,-51.292800,GOES-19,2026-08-26 14:20:00
-13.210200,-51.292800,GOES-19,2026-08-26 14:30:00
-13.210200,-51.292800,GOES-19,2026-08-26 14:40:00
-13.210200,-51.292800,GOES-19,2026-08-26 15:00:00
-13.229400,-51.290400,GOES-19,2026-08-26 13:10:00
-13.229400,-51.290400,GOES-19,2026-08-26 13:20:00
-13.229400,-51.290400,GOES-19,2026-08-26 13:30:00
-13.229400,-51.290400,GOES-19,2026-08-26 13:40:00
-9.470700,-51.668400,GOES-19,2026-08-26 15:40:00
-9.470700,-51.668400,GOES-19,2026-08-26 15:50:00
-14.348100,-51.100700,GOES-19,2026-08-26 14:40:00
-5.908500,-51.774700,GOES-19,2026-08-26 15:10:00
-9.228200,-51.542800,GOES-19,2026-08-26 18:30:00
-9.228200,-51.542800,GOES-19,2026-08-26 18:40:00
-9.228200,-51.542800,GOES-19,2026-08-26 18:50:00
-9.228200,-51.542800,GOES-19,2026-08-26 19:00:00
-5.871700,-51.735300,GOES-19,2026-08-26 18:30:00
-5.890400,-51.713500,GOES-19,2026-08-26 15:10:00
-5.890500,-51.692800,GOES-19,2026-08-26 15:50:00
-11.003200,-51.205900,GOES-19,2026-08-26 14:40:00
-11.003200,-51.205900,GOES-19,2026-08-26 15:20:00
-11.003200,-51.205900,GOES-19,2026-08-26 18:20:00
-11.003200,-51.205900,GOES-19,2026-08-26 18:30:00
-11.022100,-51.203900,GOES-19,2026-08-26 14:40:00
-11.022100,-51.203900,GOES-19,2026-08-26 15:20:00
-11.022100,-51.203900,GOES-19,2026-08-26 17:20:00
-11.041100,-51.202000,GOES-19,2026-08-26 17:30:00
-11.041100,-51.202000,GOES-19,2026-08-26 19:10:00
-11.041100,-51.202000,GOES-19,2026-08-26 19:30:00
-11.041100,-51.202000,GOES-19,2026-08-26 19:40:00
-11.041100,-51.202000,GOES-19,2026-08-26 19:50:00
-11.003400,-51.184700,GOES-19,2026-08-26 17:00:00
-11.022400,-51.182700,GOES-19,2026-08-26 15:40:00
-11.022400,-51.182700,GOES-19,2026-08-26 15:50:00
-11.022400,-51.182700,GOES-19,2026-08-26 16:00:00
-11.022400,-51.182700,GOES-19,2026-08-26 16:10:00
-11.022400,-51.182700,GOES-19,2026-08-26 16:20:00
-11.022400,-51.182700,GOES-19,2026-08-26 16:30:00
-11.022400,-51.182700,GOES-19,2026-08-26 16:40:00
-11.022400,-51.182700,GOES-19,2026-08-26 17:00:00
-11.022400,-51.182700,GOES-19,2026-08-26 17:10:00
-11.022400,-51.182700,GOES-19,2026-08-26 17:20:00
-11.022400,-51.182700,GOES-19,2026-08-26 17:30:00
-11.022400,-51.182700,GOES-19,2026-08-26 17:40:00
-11.022400,-51.182700,GOES-19,2026-08-26 17:50:00
-11.022400,-51.182700,GOES-19,2026-08-26 18:00:00
-11.041300,-51.180800,GOES-19,2026-08-26 15:40:00
-11.041300,-51.180800,GOES-19,2026-08-26 15:50:00
-11.041300,-51.180800,GOES-19,2026-08-26 16:00:00
-11.041300,-51.180800,GOES-19,2026-08-26 16:10:00
-11.041300,-51.180800,GOES-19,2026-08-26 16:20:00
-11.041300,-51.180800,GOES-19,2026-08-26 16:30:00
-11.041300,-51.180800,GOES-19,2026-08-26 16:40:00
-11.041300,-51.180800,GOES-19,2026-08-26 16:50:00
-11.041300,-51.180800,GOES-19,2026-08-26 17:00:00
-11.041300,-51.180800,GOES-19,2026-08-26 17:10:00
-11.041300,-51.180800,GOES-19,2026-08-26 17:20:00
-11.041300,-51.180800,GOES-19,2026-08-26 17:30:00
-11.041300,-51.180800,GOES-19,2026-08-26 17:40:00
-11.041300,-51.180800,GOES-19,2026-08-26 17:50:00
-11.041300,-51.180800,GOES-19,2026-08-26 18:00:00
-11.060300,-51.178800,GOES-19,2026-08-26 15:50:00
-11.060300,-51.178800,GOES-19,2026-08-26 16:00:00
-11.060300,-51.178800,GOES-19,2026-08-26 16:10:00
-11.060300,-51.178800,GOES-19,2026-08-26 17:00:00
-11.003700,-51.163500,GOES-19,2026-08-26 17:00:00
-11.022700,-51.161500,GOES-19,2026-08-26 13:50:00
-11.022700,-51.161500,GOES-19,2026-08-26 14:30:00
-11.022700,-51.161500,GOES-19,2026-08-26 14:40:00
-11.022700,-51.161500,GOES-19,2026-08-26 14:50:00
-11.022700,-51.161500,GOES-19,2026-08-26 15:00:00
-11.022700,-51.161500,GOES-19,2026-08-26 15:10:00
-11.022700,-51.161500,GOES-19,2026-08-26 15:20:00
-11.022700,-51.161500,GOES-19,2026-08-26 15:30:00
-11.022700,-51.161500,GOES-19,2026-08-26 15:40:00
-11.022700,-51.161500,GOES-19,2026-08-26 15:50:00
-11.022700,-51.161500,GOES-19,2026-08-26 16:00:00
-11.022700,-51.161500,GOES-19,2026-08-26 16:10:00
-11.022700,-51.161500,GOES-19,2026-08-26 16:20:00
-11.022700,-51.161500,GOES-19,2026-08-26 16:30:00
-11.022700,-51.161500,GOES-19,2026-08-26 16:40:00
-11.022700,-51.161500,GOES-19,2026-08-26 17:00:00
-11.022700,-51.161500,GOES-19,2026-08-26 17:10:00
-11.022700,-51.161500,GOES-19,2026-08-26 17:20:00
-11.022700,-51.161500,GOES-19,2026-08-26 17:30:00
-11.022700,-51.161500,GOES-19,2026-08-26 17:40:00
-11.022700,-51.161500,GOES-19,2026-08-26 17:50:00
-11.041600,-51.159600,GOES-19,2026-08-26 15:10:00
-11.041600,-51.159600,GOES-19,2026-08-26 15:20:00
-11.041600,-51.159600,GOES-19,2026-08-26 15:30:00
-11.041600,-51.159600,GOES-19,2026-08-26 15:40:00
-11.041600,-51.159600,GOES-19,2026-08-26 15:50:00
-11.041600,-51.159600,GOES-19,2026-08-26 16:00:00
-11.041600,-51.159600,GOES-19,2026-08-26 16:10:00
-11.041600,-51.159600,GOES-19,2026-08-26 16:20:00
-11.041600,-51.159600,GOES-19,2026-08-26 16:30:00
-11.041600,-51.159600,GOES-19,2026-08-26 16:40:00
-11.041600,-51.159600,GOES-19,2026-08-26 16:50:00
-11.041600,-51.159600,GOES-19,2026-08-26 17:00:00
-11.041600,-51.159600,GOES-19,2026-08-26 17:10:00
-11.041600,-51.159600,GOES-19,2026-08-26 17:20:00
-11.041600,-51.159600,GOES-19,2026-08-26 17:30:00
-11.041600,-51.159600,GOES-19,2026-08-26 17:40:00
-11.041600,-51.159600,GOES-19,2026-08-26 17:50:00
-11.041600,-51.159600,GOES-19,2026-08-26 18:00:00
-11.060600,-51.157600,GOES-19,2026-08-26 16:00:00
-11.060600,-51.157600,GOES-19,2026-08-26 16:20:00
-11.060600,-51.157600,GOES-19,2026-08-26 16:40:00
-11.060600,-51.157600,GOES-19,2026-08-26 17:00:00
-11.060600,-51.157600,GOES-19,2026-08-26 17:30:00
-11.004000,-51.142300,GOES-19,2026-08-26 17:00:00
-11.023000,-51.140300,GOES-19,2026-08-26 14:30:00
-11.023000,-51.140300,GOES-19,2026-08-26 14:40:00
-11.023000,-51.140300,GOES-19,2026-08-26 15:00:00
-11.023000,-51.140300,GOES-19,2026-08-26 17:00:00
-10.985400,-51.123100,GOES-19,2026-08-26 15:40:00
-10.985400,-51.123100,GOES-19,2026-08-26 15:50:00
-10.985400,-51.123100,GOES-19,2026-08-26 16:10:00
-10.985400,-51.123100,GOES-19,2026-08-26 16:20:00
-12.188900,-50.626700,GOES-19,2026-08-26 17:10:00
-12.188900,-50.626700,GOES-19,2026-08-26 18:20:00
-12.188900,-50.626700,GOES-19,2026-08-26 19:20:00
-12.188900,-50.626700,GOES-19,2026-08-26 19:30:00
-12.188900,-50.626700,GOES-19,2026-08-26 19:40:00
-12.208000,-50.624400,GOES-19,2026-08-26 19:30:00
-11.502900,-50.705800,GOES-19,2026-08-26 19:10:00
-11.351200,-50.701400,GOES-19,2026-08-26 15:00:00
-11.351200,-50.701400,GOES-19,2026-08-26 15:20:00
-11.522300,-50.682300,GOES-19,2026-08-26 18:30:00
-12.055600,-50.621100,GOES-19,2026-08-26 17:40:00
-12.055600,-50.621100,GOES-19,2026-08-26 17:50:00
-12.055600,-50.621100,GOES-19,2026-08-26 18:00:00
-12.189200,-50.605300,GOES-19,2026-08-26 16:40:00
-12.189200,-50.605300,GOES-19,2026-08-26 16:50:00
-12.189200,-50.605300,GOES-19,2026-08-26 17:00:00
-12.189200,-50.605300,GOES-19,2026-08-26 17:10:00
-12.189200,-50.605300,GOES-19,2026-08-26 17:30:00
-12.189200,-50.605300,GOES-19,2026-08-26 17:50:00
-12.189200,-50.605300,GOES-19,2026-08-26 18:10:00
-12.189200,-50.605300,GOES-19,2026-08-26 18:20:00
-12.189200,-50.605300,GOES-19,2026-08-26 18:30:00
-12.189200,-50.605300,GOES-19,2026-08-26 18:40:00
-12.189200,-50.605300,GOES-19,2026-08-26 18:50:00
-12.208300,-50.603000,GOES-19,2026-08-26 17:50:00
-12.208300,-50.603000,GOES-19,2026-08-26 18:30:00
-12.208300,-50.603000,GOES-19,2026-08-26 18:40:00
-12.208300,-50.603000,GOES-19,2026-08-26 19:20:00
-12.208300,-50.603000,GOES-19,2026-08-26 19:30:00
-12.189500,-50.583800,GOES-19,2026-08-26 17:00:00
-12.189500,-50.583800,GOES-19,2026-08-26 17:10:00
-12.189500,-50.583800,GOES-19,2026-08-26 17:20:00
-12.189500,-50.583800,GOES-19,2026-08-26 17:30:00
-12.189500,-50.583800,GOES-19,2026-08-26 17:40:00
-12.189500,-50.583800,GOES-19,2026-08-26 18:10:00
-12.189500,-50.583800,GOES-19,2026-08-26 18:20:00
-12.189500,-50.583800,GOES-19,2026-08-26 18:30:00
-9.630900,-50.833400,GOES-19,2026-08-26 14:00:00
-9.630900,-50.833400,GOES-19,2026-08-26 14:10:00
-9.630900,-50.833400,GOES-19,2026-08-26 18:40:00
-9.630900,-50.833400,GOES-19,2026-08-26 18:50:00
-9.649700,-50.831700,GOES-19,2026-08-26 14:00:00
-9.649700,-50.831700,GOES-19,2026-08-26 14:10:00
-9.649700,-50.831700,GOES-19,2026-08-26 14:20:00
-9.649700,-50.831700,GOES-19,2026-08-26 14:40:00
-9.649700,-50.831700,GOES-19,2026-08-26 14:50:00
-9.649700,-50.831700,GOES-19,2026-08-26 15:00:00
-9.649700,-50.831700,GOES-19,2026-08-26 15:10:00
-9.649700,-50.831700,GOES-19,2026-08-26 15:20:00
-9.668500,-50.829900,GOES-19,2026-08-26 15:20:00
-9.668500,-50.829900,GOES-19,2026-08-26 15:30:00
-9.612300,-50.814000,GOES-19,2026-08-26 18:20:00
-9.612300,-50.814000,GOES-19,2026-08-26 18:30:00
-9.612300,-50.814000,GOES-19,2026-08-26 18:40:00
-9.612300,-50.814000,GOES-19,2026-08-26 18:50:00
-9.631100,-50.812200,GOES-19,2026-08-26 13:40:00
-9.631100,-50.812200,GOES-19,2026-08-26 13:50:00
-9.631100,-50.812200,GOES-19,2026-08-26 14:00:00
-9.631100,-50.812200,GOES-19,2026-08-26 14:10:00
-9.631100,-50.812200,GOES-19,2026-08-26 14:20:00
-9.631100,-50.812200,GOES-19,2026-08-26 14:30:00
-9.631100,-50.812200,GOES-19,2026-08-26 14:40:00
-9.631100,-50.812200,GOES-19,2026-08-26 14:50:00
-9.631100,-50.812200,GOES-19,2026-08-26 18:10:00
-9.631100,-50.812200,GOES-19,2026-08-26 18:20:00
-9.631100,-50.812200,GOES-19,2026-08-26 18:30:00
-9.631100,-50.812200,GOES-19,2026-08-26 18:40:00
-9.631100,-50.812200,GOES-19,2026-08-26 18:50:00
-9.650000,-50.810500,GOES-19,2026-08-26 13:50:00
-9.650000,-50.810500,GOES-19,2026-08-26 14:00:00
-9.650000,-50.810500,GOES-19,2026-08-26 18:10:00
-9.650000,-50.810500,GOES-19,2026-08-26 18:20:00
-9.650000,-50.810500,GOES-19,2026-08-26 18:30:00
-9.650000,-50.810500,GOES-19,2026-08-26 18:40:00
-9.650000,-50.810500,GOES-19,2026-08-26 18:50:00
-10.879200,-50.581900,GOES-19,2026-08-26 16:30:00
-10.898200,-50.579900,GOES-19,2026-08-26 16:30:00
-10.898200,-50.579900,GOES-19,2026-08-26 16:40:00
-10.898200,-50.579900,GOES-19,2026-08-26 16:50:00
-10.898200,-50.579900,GOES-19,2026-08-26 17:00:00
-10.898200,-50.579900,GOES-19,2026-08-26 17:10:00
-10.898200,-50.579900,GOES-19,2026-08-26 17:20:00
-10.917100,-50.577900,GOES-19,2026-08-26 16:30:00
-10.879500,-50.560600,GOES-19,2026-08-26 16:30:00
-10.879500,-50.560600,GOES-19,2026-08-26 16:40:00
-10.879500,-50.560600,GOES-19,2026-08-26 16:50:00
-10.898400,-50.558600,GOES-19,2026-08-26 16:30:00
-10.898400,-50.558600,GOES-19,2026-08-26 16:40:00
-10.898400,-50.558600,GOES-19,2026-08-26 16:50:00
-10.955300,-50.552500,GOES-19,2026-08-26 15:50:00
-10.955300,-50.552500,GOES-19,2026-08-26 16:00:00
-10.955300,-50.552500,GOES-19,2026-08-26 16:10:00
-10.955300,-50.552500,GOES-19,2026-08-26 16:20:00
-10.955300,-50.552500,GOES-19,2026-08-26 16:40:00
-10.955300,-50.552500,GOES-19,2026-08-26 16:50:00
-10.955300,-50.552500,GOES-19,2026-08-26 17:30:00
-10.955300,-50.552500,GOES-19,2026-08-26 17:40:00
-10.955300,-50.552500,GOES-19,2026-08-26 18:00:00
-10.841900,-50.543300,GOES-19,2026-08-26 16:30:00
-10.860800,-50.541200,GOES-19,2026-08-26 16:30:00
-13.381200,-50.239700,GOES-19,2026-08-26 18:50:00
-13.381200,-50.239700,GOES-19,2026-08-26 19:00:00
-13.400400,-50.237100,GOES-19,2026-08-26 19:00:00
-10.842200,-50.521900,GOES-19,2026-08-26 16:20:00
-10.842200,-50.521900,GOES-19,2026-08-26 16:50:00
-10.559300,-50.466300,GOES-19,2026-08-26 14:30:00
-10.559300,-50.466300,GOES-19,2026-08-26 14:50:00
-10.559300,-50.466300,GOES-19,2026-08-26 15:00:00
-10.559300,-50.466300,GOES-19,2026-08-26 15:20:00
-10.559300,-50.466300,GOES-19,2026-08-26 17:30:00
-10.559300,-50.466300,GOES-19,2026-08-26 18:00:00
-10.559300,-50.466300,GOES-19,2026-08-26 18:20:00
-10.559300,-50.466300,GOES-19,2026-08-26 19:00:00
-10.559300,-50.466300,GOES-19,2026-08-26 19:10:00
-10.559300,-50.466300,GOES-19,2026-08-26 19:50:00
-10.578200,-50.464300,GOES-19,2026-08-26 14:30:00
-10.578200,-50.464300,GOES-19,2026-08-26 14:40:00
-10.578200,-50.464300,GOES-19,2026-08-26 14:50:00
-10.578200,-50.464300,GOES-19,2026-08-26 15:00:00
-10.578200,-50.464300,GOES-19,2026-08-26 15:10:00
-10.578200,-50.464300,GOES-19,2026-08-26 15:20:00
-10.578200,-50.464300,GOES-19,2026-08-26 15:30:00
-10.578200,-50.464300,GOES-19,2026-08-26 15:40:00
-10.578200,-50.464300,GOES-19,2026-08-26 15:50:00
-10.578200,-50.464300,GOES-19,2026-08-26 16:00:00
-10.578200,-50.464300,GOES-19,2026-08-26 16:10:00
-10.578200,-50.464300,GOES-19,2026-08-26 16:20:00
-10.578200,-50.464300,GOES-19,2026-08-26 16:30:00
-10.578200,-50.464300,GOES-19,2026-08-26 16:50:00
-10.578200,-50.464300,GOES-19,2026-08-26 17:10:00
-10.578200,-50.464300,GOES-19,2026-08-26 17:30:00
-10.578200,-50.464300,GOES-19,2026-08-26 17:40:00
-10.578200,-50.464300,GOES-19,2026-08-26 17:50:00
-10.578200,-50.464300,GOES-19,2026-08-26 18:00:00
-10.578200,-50.464300,GOES-19,2026-08-26 18:20:00
-10.578200,-50.464300,GOES-19,2026-08-26 18:30:00
-10.578200,-50.464300,GOES-19,2026-08-26 18:50:00
-10.578500,-50.443000,GOES-19,2026-08-26 12:40:00
-10.578500,-50.443000,GOES-19,2026-08-26 14:10:00
-10.578500,-50.443000,GOES-19,2026-08-26 14:20:00
-10.578500,-50.443000,GOES-19,2026-08-26 14:30:00
-10.578500,-50.443000,GOES-19,2026-08-26 14:40:00
-10.578500,-50.443000,GOES-19,2026-08-26 14:50:00
-10.578500,-50.443000,GOES-19,2026-08-26 15:00:00
-10.578500,-50.443000,GOES-19,2026-08-26 15:10:00
-10.578500,-50.443000,GOES-19,2026-08-26 15:20:00
-10.578500,-50.443000,GOES-19,2026-08-26 15:30:00
-10.578500,-50.443000,GOES-19,2026-08-26 15:40:00
-10.578500,-50.443000,GOES-19,2026-08-26 15:50:00
-10.578500,-50.443000,GOES-19,2026-08-26 16:00:00
-10.578500,-50.443000,GOES-19,2026-08-26 16:10:00
-10.578500,-50.443000,GOES-19,2026-08-26 16:20:00
-10.578500,-50.443000,GOES-19,2026-08-26 16:30:00
-10.578500,-50.443000,GOES-19,2026-08-26 16:40:00
-10.578500,-50.443000,GOES-19,2026-08-26 16:50:00
-10.578500,-50.443000,GOES-19,2026-08-26 17:00:00
-10.578500,-50.443000,GOES-19,2026-08-26 17:10:00
-10.578500,-50.443000,GOES-19,2026-08-26 17:20:00
-10.578500,-50.443000,GOES-19,2026-08-26 17:30:00
-10.578500,-50.443000,GOES-19,2026-08-26 17:40:00
-10.578500,-50.443000,GOES-19,2026-08-26 17:50:00
-10.578500,-50.443000,GOES-19,2026-08-26 18:00:00
-10.578500,-50.443000,GOES-19,2026-08-26 18:10:00
-10.578500,-50.443000,GOES-19,2026-08-26 18:20:00
-10.578500,-50.443000,GOES-19,2026-08-26 18:30:00
-6.677700,-50.749300,GOES-19,2026-08-26 19:50:00
-8.771000,-50.508000,GOES-19,2026-08-26 18:20:00
-8.771000,-50.508000,GOES-19,2026-08-26 18:30:00
-8.771000,-50.508000,GOES-19,2026-08-26 18:40:00
-8.771000,-50.508000,GOES-19,2026-08-26 18:50:00
-8.789700,-50.506400,GOES-19,2026-08-26 14:40:00
-8.789700,-50.506400,GOES-19,2026-08-26 18:10:00
-8.789700,-50.506400,GOES-19,2026-08-26 18:20:00
-8.789700,-50.506400,GOES-19,2026-08-26 18:30:00
-8.789700,-50.506400,GOES-19,2026-08-26 18:40:00
-8.789700,-50.506400,GOES-19,2026-08-26 18:50:00
-10.958900,-50.295800,GOES-19,2026-08-26 17:40:00
-10.958900,-50.295800,GOES-19,2026-08-26 17:50:00
-10.958900,-50.295800,GOES-19,2026-08-26 18:00:00
-10.958900,-50.295800,GOES-19,2026-08-26 18:10:00
-10.958900,-50.295800,GOES-19,2026-08-26 18:20:00
-10.958900,-50.295800,GOES-19,2026-08-26 18:30:00
-10.977900,-50.293700,GOES-19,2026-08-26 17:50:00
-10.977900,-50.293700,GOES-19,2026-08-26 18:10:00
-10.977900,-50.293700,GOES-19,2026-08-26 18:20:00
-10.977900,-50.293700,GOES-19,2026-08-26 19:00:00
-10.977900,-50.293700,GOES-19,2026-08-26 19:10:00
-8.771200,-50.486800,GOES-19,2026-08-26 14:40:00
-8.771200,-50.486800,GOES-19,2026-08-26 14:50:00
-8.771200,-50.486800,GOES-19,2026-08-26 15:00:00
-8.771200,-50.486800,GOES-19,2026-08-26 15:10:00
-8.771200,-50.486800,GOES-19,2026-08-26 15:20:00
-8.771200,-50.486800,GOES-19,2026-08-26 15:30:00
-8.771200,-50.486800,GOES-19,2026-08-26 15:40:00
-8.771200,-50.486800,GOES-19,2026-08-26 18:10:00
-8.771200,-50.486800,GOES-19,2026-08-26 18:30:00
-8.771200,-50.486800,GOES-19,2026-08-26 18:50:00
-8.790000,-50.485200,GOES-19,2026-08-26 18:30:00
-8.790000,-50.485200,GOES-19,2026-08-26 18:40:00
-8.790000,-50.485200,GOES-19,2026-08-26 18:50:00
-10.959200,-50.274400,GOES-19,2026-08-26 15:30:00
-10.959200,-50.274400,GOES-19,2026-08-26 15:40:00
-10.959200,-50.274400,GOES-19,2026-08-26 18:30:00
-10.959200,-50.274400,GOES-19,2026-08-26 18:40:00
-10.959200,-50.274400,GOES-19,2026-08-26 18:50:00
-10.959200,-50.274400,GOES-19,2026-08-26 19:00:00
-10.959200,-50.274400,GOES-19,2026-08-26 19:10:00
-10.959200,-50.274400,GOES-19,2026-08-26 19:20:00
-10.959200,-50.274400,GOES-19,2026-08-26 19:30:00
-10.959200,-50.274400,GOES-19,2026-08-26 19:40:00
-10.959200,-50.274400,GOES-19,2026-08-26 19:50:00
-10.978200,-50.272300,GOES-19,2026-08-26 18:30:00
-10.978200,-50.272300,GOES-19,2026-08-26 18:40:00
-10.978200,-50.272300,GOES-19,2026-08-26 18:50:00
-10.978200,-50.272300,GOES-19,2026-08-26 19:00:00
-10.978200,-50.272300,GOES-19,2026-08-26 19:10:00
-10.978200,-50.272300,GOES-19,2026-08-26 19:20:00
-10.978200,-50.272300,GOES-19,2026-08-26 19:30:00
-10.978200,-50.272300,GOES-19,2026-08-26 19:40:00
-10.978200,-50.272300,GOES-19,2026-08-26 19:50:00
-10.940200,-50.276400,GOES-19,2026-08-26 15:00:00
-10.940200,-50.276400,GOES-19,2026-08-26 15:10:00
-10.940200,-50.276400,GOES-19,2026-08-26 15:20:00
-10.940200,-50.276400,GOES-19,2026-08-26 15:30:00
-10.940200,-50.276400,GOES-19,2026-08-26 15:40:00
-10.940200,-50.276400,GOES-19,2026-08-26 15:50:00
-10.940200,-50.276400,GOES-19,2026-08-26 16:00:00
-10.940200,-50.276400,GOES-19,2026-08-26 16:10:00
-10.940200,-50.276400,GOES-19,2026-08-26 16:20:00
-10.940200,-50.276400,GOES-19,2026-08-26 16:50:00
-10.940200,-50.276400,GOES-19,2026-08-26 17:00:00
-10.940200,-50.276400,GOES-19,2026-08-26 17:10:00
-10.940200,-50.276400,GOES-19,2026-08-26 17:40:00
-10.940200,-50.276400,GOES-19,2026-08-26 18:00:00
-10.940200,-50.276400,GOES-19,2026-08-26 18:10:00
-10.940200,-50.276400,GOES-19,2026-08-26 18:20:00
-10.940200,-50.276400,GOES-19,2026-08-26 18:30:00
-10.940200,-50.276400,GOES-19,2026-08-26 18:40:00
-10.940200,-50.276400,GOES-19,2026-08-26 18:50:00
-10.940200,-50.276400,GOES-19,2026-08-26 19:00:00
-10.940200,-50.276400,GOES-19,2026-08-26 19:10:00
-10.940200,-50.276400,GOES-19,2026-08-26 19:20:00
-10.940200,-50.276400,GOES-19,2026-08-26 19:30:00
-10.940200,-50.276400,GOES-19,2026-08-26 19:40:00
-10.940200,-50.276400,GOES-19,2026-08-26 19:50:00
-10.921600,-50.257100,GOES-19,2026-08-26 15:00:00
-10.921600,-50.257100,GOES-19,2026-08-26 15:20:00
-10.921600,-50.257100,GOES-19,2026-08-26 15:30:00
-10.921600,-50.257100,GOES-19,2026-08-26 15:40:00
-10.921600,-50.257100,GOES-19,2026-08-26 16:00:00
-10.921600,-50.257100,GOES-19,2026-08-26 16:10:00
-10.921600,-50.257100,GOES-19,2026-08-26 16:20:00
-10.921600,-50.257100,GOES-19,2026-08-26 17:00:00
-10.921600,-50.257100,GOES-19,2026-08-26 17:40:00
-10.921600,-50.257100,GOES-19,2026-08-26 18:00:00
-10.921600,-50.257100,GOES-19,2026-08-26 18:10:00
-10.921600,-50.257100,GOES-19,2026-08-26 18:20:00
-10.921600,-50.257100,GOES-19,2026-08-26 18:30:00
-10.921600,-50.257100,GOES-19,2026-08-26 18:40:00
-10.921600,-50.257100,GOES-19,2026-08-26 18:50:00
-10.921600,-50.257100,GOES-19,2026-08-26 19:00:00
-10.921600,-50.257100,GOES-19,2026-08-26 19:10:00
-10.921600,-50.257100,GOES-19,2026-08-26 19:20:00
-10.921600,-50.257100,GOES-19,2026-08-26 19:30:00
-10.921600,-50.257100,GOES-19,2026-08-26 19:40:00
-10.921600,-50.257100,GOES-19,2026-08-26 19:50:00
-10.940500,-50.255000,GOES-19,2026-08-26 15:00:00
-10.940500,-50.255000,GOES-19,2026-08-26 15:20:00
-10.940500,-50.255000,GOES-19,2026-08-26 15:30:00
-10.940500,-50.255000,GOES-19,2026-08-26 15:40:00
-10.940500,-50.255000,GOES-19,2026-08-26 16:00:00
-10.940500,-50.255000,GOES-19,2026-08-26 16:10:00
-10.940500,-50.255000,GOES-19,2026-08-26 16:20:00
-10.940500,-50.255000,GOES-19,2026-08-26 17:00:00
-10.940500,-50.255000,GOES-19,2026-08-26 18:00:00
-10.940500,-50.255000,GOES-19,2026-08-26 18:10:00
-10.940500,-50.255000,GOES-19,2026-08-26 18:20:00
-10.940500,-50.255000,GOES-19,2026-08-26 18:30:00
-10.940500,-50.255000,GOES-19,2026-08-26 18:40:00
-10.940500,-50.255000,GOES-19,2026-08-26 18:50:00
-10.940500,-50.255000,GOES-19,2026-08-26 19:00:00
-10.940500,-50.255000,GOES-19,2026-08-26 19:10:00
-10.940500,-50.255000,GOES-19,2026-08-26 19:20:00
-10.940500,-50.255000,GOES-19,2026-08-26 19:30:00
-10.940500,-50.255000,GOES-19,2026-08-26 19:40:00
-10.940500,-50.255000,GOES-19,2026-08-26 19:50:00
-10.959500,-50.252900,GOES-19,2026-08-26 15:00:00
-10.959500,-50.252900,GOES-19,2026-08-26 15:20:00
-10.959500,-50.252900,GOES-19,2026-08-26 15:30:00
-10.959500,-50.252900,GOES-19,2026-08-26 15:40:00
-10.959500,-50.252900,GOES-19,2026-08-26 15:50:00
-10.959500,-50.252900,GOES-19,2026-08-26 16:00:00
-10.959500,-50.252900,GOES-19,2026-08-26 16:10:00
-10.959500,-50.252900,GOES-19,2026-08-26 17:00:00
-10.959500,-50.252900,GOES-19,2026-08-26 18:00:00
-10.959500,-50.252900,GOES-19,2026-08-26 18:10:00
-10.959500,-50.252900,GOES-19,2026-08-26 18:20:00
-10.959500,-50.252900,GOES-19,2026-08-26 18:30:00
-10.959500,-50.252900,GOES-19,2026-08-26 18:40:00
-10.959500,-50.252900,GOES-19,2026-08-26 18:50:00
-10.959500,-50.252900,GOES-19,2026-08-26 19:00:00
-10.959500,-50.252900,GOES-19,2026-08-26 19:10:00
-10.959500,-50.252900,GOES-19,2026-08-26 19:20:00
-10.959500,-50.252900,GOES-19,2026-08-26 19:30:00
-10.959500,-50.252900,GOES-19,2026-08-26 19:40:00
-10.978500,-50.250900,GOES-19,2026-08-26 16:10:00
-10.978500,-50.250900,GOES-19,2026-08-26 17:00:00
-10.978500,-50.250900,GOES-19,2026-08-26 19:00:00
-12.139600,-50.117200,GOES-19,2026-08-26 16:00:00
-12.158700,-50.114900,GOES-19,2026-08-26 16:00:00
-12.158700,-50.114900,GOES-19,2026-08-26 16:20:00
-12.158700,-50.114900,GOES-19,2026-08-26 18:00:00
-12.158700,-50.114900,GOES-19,2026-08-26 18:10:00
-12.158700,-50.114900,GOES-19,2026-08-26 18:30:00
-10.902900,-50.237700,GOES-19,2026-08-26 17:00:00
-10.902900,-50.237700,GOES-19,2026-08-26 17:40:00
-10.902900,-50.237700,GOES-19,2026-08-26 18:00:00
-10.921900,-50.235600,GOES-19,2026-08-26 15:00:00
-10.921900,-50.235600,GOES-19,2026-08-26 15:20:00
-10.921900,-50.235600,GOES-19,2026-08-26 16:00:00
-10.921900,-50.235600,GOES-19,2026-08-26 16:10:00
-10.921900,-50.235600,GOES-19,2026-08-26 16:20:00
-10.921900,-50.235600,GOES-19,2026-08-26 17:00:00
-10.921900,-50.235600,GOES-19,2026-08-26 17:40:00
-10.921900,-50.235600,GOES-19,2026-08-26 18:00:00
-10.921900,-50.235600,GOES-19,2026-08-26 18:10:00
-10.921900,-50.235600,GOES-19,2026-08-26 18:20:00
-10.921900,-50.235600,GOES-19,2026-08-26 18:30:00
-10.921900,-50.235600,GOES-19,2026-08-26 18:40:00
-10.921900,-50.235600,GOES-19,2026-08-26 18:50:00
-10.921900,-50.235600,GOES-19,2026-08-26 19:00:00
-10.921900,-50.235600,GOES-19,2026-08-26 19:10:00
-10.921900,-50.235600,GOES-19,2026-08-26 19:20:00
-10.921900,-50.235600,GOES-19,2026-08-26 19:30:00
-10.921900,-50.235600,GOES-19,2026-08-26 19:40:00
-10.921900,-50.235600,GOES-19,2026-08-26 19:50:00
-12.083300,-50.059400,GOES-19,2026-08-26 15:20:00
-12.083300,-50.059400,GOES-19,2026-08-26 15:50:00
-12.083300,-50.059400,GOES-19,2026-08-26 16:00:00
-11.721800,-50.037900,GOES-19,2026-08-26 19:00:00
-11.134000,-49.976300,GOES-19,2026-08-26 16:00:00
-11.134000,-49.976300,GOES-19,2026-08-26 16:10:00
-11.134000,-49.976300,GOES-19,2026-08-26 16:20:00
-11.134000,-49.976300,GOES-19,2026-08-26 18:10:00
-11.115300,-49.956900,GOES-19,2026-08-26 15:10:00
-11.115300,-49.956900,GOES-19,2026-08-26 15:20:00
-11.115300,-49.956900,GOES-19,2026-08-26 16:00:00
-11.115300,-49.956900,GOES-19,2026-08-26 18:10:00
-10.301300,-49.980100,GOES-19,2026-08-26 16:00:00
-10.301300,-49.980100,GOES-19,2026-08-26 18:20:00
-10.301300,-49.980100,GOES-19,2026-08-26 18:30:00
-10.301300,-49.980100,GOES-19,2026-08-26 18:40:00
-10.301300,-49.980100,GOES-19,2026-08-26 18:50:00
-10.301300,-49.980100,GOES-19,2026-08-26 19:00:00
-10.301300,-49.980100,GOES-19,2026-08-26 19:10:00
-10.301300,-49.980100,GOES-19,2026-08-26 19:20:00
-10.301300,-49.980100,GOES-19,2026-08-26 19:30:00
-10.301300,-49.980100,GOES-19,2026-08-26 19:40:00
-10.320200,-49.978200,GOES-19,2026-08-26 16:00:00
-10.320200,-49.978200,GOES-19,2026-08-26 16:10:00
-10.320200,-49.978200,GOES-19,2026-08-26 18:50:00
-10.320200,-49.978200,GOES-19,2026-08-26 19:00:00
-10.320200,-49.978200,GOES-19,2026-08-26 19:10:00
-10.320200,-49.978200,GOES-19,2026-08-26 19:20:00
-10.320200,-49.978200,GOES-19,2026-08-26 19:30:00
-10.320500,-49.956700,GOES-19,2026-08-26 16:00:00
-10.320500,-49.956700,GOES-19,2026-08-26 17:50:00
-10.320500,-49.956700,GOES-19,2026-08-26 18:00:00
-10.320500,-49.956700,GOES-19,2026-08-26 18:10:00
-10.320500,-49.956700,GOES-19,2026-08-26 18:30:00
-10.320500,-49.956700,GOES-19,2026-08-26 18:40:00
-10.320500,-49.956700,GOES-19,2026-08-26 18:50:00
-11.135500,-49.868600,GOES-19,2026-08-26 14:10:00
-8.776200,-50.040300,GOES-19,2026-08-26 18:20:00
-8.776200,-50.040300,GOES-19,2026-08-26 18:50:00
-8.776200,-50.040300,GOES-19,2026-08-26 19:00:00
-8.776200,-50.040300,GOES-19,2026-08-26 19:10:00
-8.776200,-50.040300,GOES-19,2026-08-26 19:20:00
-8.776200,-50.040300,GOES-19,2026-08-26 19:30:00
-8.776200,-50.040300,GOES-19,2026-08-26 19:40:00
-8.776200,-50.040300,GOES-19,2026-08-26 19:50:00
-8.776200,-50.040300,GOES-19,2026-08-26 20:00:00
-8.776200,-50.040300,GOES-19,2026-08-26 20:10:00
-8.776200,-50.040300,GOES-19,2026-08-26 20:20:00
-8.776200,-50.040300,GOES-19,2026-08-26 20:30:00
-8.776200,-50.040300,GOES-19,2026-08-26 20:40:00
-8.776200,-50.040300,GOES-19,2026-08-26 20:50:00
-8.776200,-50.040300,GOES-19,2026-08-26 21:00:00
-8.776200,-50.040300,GOES-19,2026-08-26 21:10:00
-8.776200,-50.040300,GOES-19,2026-08-26 22:00:00
-8.776200,-50.040300,GOES-19,2026-08-26 22:10:00
-8.776200,-50.040300,GOES-19,2026-08-26 22:20:00
-8.776200,-50.040300,GOES-19,2026-08-26 22:30:00
-8.776200,-50.040300,GOES-19,2026-08-26 22:40:00
-8.776200,-50.040300,GOES-19,2026-08-26 22:50:00
-8.776200,-50.040300,GOES-19,2026-08-26 23:00:00
-8.776200,-50.040300,GOES-19,2026-08-26 23:10:00
-8.776200,-50.040300,GOES-19,2026-08-26 23:20:00
-8.795000,-50.038700,GOES-19,2026-08-26 19:20:00
-8.795000,-50.038700,GOES-19,2026-08-26 19:30:00
-8.795000,-50.038700,GOES-19,2026-08-26 19:40:00
-8.795000,-50.038700,GOES-19,2026-08-26 19:50:00
-8.795000,-50.038700,GOES-19,2026-08-26 20:00:00
-8.795000,-50.038700,GOES-19,2026-08-26 20:10:00
-8.795000,-50.038700,GOES-19,2026-08-26 20:20:00
-8.795000,-50.038700,GOES-19,2026-08-26 20:30:00
-8.795000,-50.038700,GOES-19,2026-08-26 20:40:00
-8.795000,-50.038700,GOES-19,2026-08-26 20:50:00
-8.795000,-50.038700,GOES-19,2026-08-26 21:00:00
-8.795000,-50.038700,GOES-19,2026-08-26 21:10:00
-8.795000,-50.038700,GOES-19,2026-08-26 22:00:00
-8.795000,-50.038700,GOES-19,2026-08-26 22:10:00
-8.795000,-50.038700,GOES-19,2026-08-26 22:20:00
-8.795000,-50.038700,GOES-19,2026-08-26 22:30:00
-8.795000,-50.038700,GOES-19,2026-08-26 22:40:00
-8.795000,-50.038700,GOES-19,2026-08-26 22:50:00
-8.795000,-50.038700,GOES-19,2026-08-26 23:00:00
-8.795000,-50.038700,GOES-19,2026-08-26 23:10:00
-8.795000,-50.038700,GOES-19,2026-08-26 23:20:00
-9.208500,-50.001400,GOES-19,2026-08-26 16:10:00
-8.776400,-50.019000,GOES-19,2026-08-26 18:20:00
-8.776400,-50.019000,GOES-19,2026-08-26 18:50:00
-8.776400,-50.019000,GOES-19,2026-08-26 19:00:00
-8.776400,-50.019000,GOES-19,2026-08-26 19:10:00
-8.776400,-50.019000,GOES-19,2026-08-26 19:20:00
-8.776400,-50.019000,GOES-19,2026-08-26 19:30:00
-8.776400,-50.019000,GOES-19,2026-08-26 19:40:00
-8.776400,-50.019000,GOES-19,2026-08-26 19:50:00
-8.776400,-50.019000,GOES-19,2026-08-26 20:00:00
-8.776400,-50.019000,GOES-19,2026-08-26 20:10:00
-8.776400,-50.019000,GOES-19,2026-08-26 20:20:00
-8.776400,-50.019000,GOES-19,2026-08-26 20:30:00
-8.776400,-50.019000,GOES-19,2026-08-26 20:40:00
-8.776400,-50.019000,GOES-19,2026-08-26 20:50:00
-8.776400,-50.019000,GOES-19,2026-08-26 21:00:00
-8.776400,-50.019000,GOES-19,2026-08-26 21:10:00
-8.776400,-50.019000,GOES-19,2026-08-26 22:00:00
-8.776400,-50.019000,GOES-19,2026-08-26 22:10:00
-8.776400,-50.019000,GOES-19,2026-08-26 22:20:00
-8.776400,-50.019000,GOES-19,2026-08-26 22:30:00
-8.776400,-50.019000,GOES-19,2026-08-26 22:40:00
-8.776400,-50.019000,GOES-19,2026-08-26 22:50:00
-8.776400,-50.019000,GOES-19,2026-08-26 23:00:00
-8.795200,-50.017300,GOES-19,2026-08-26 18:50:00
-8.795200,-50.017300,GOES-19,2026-08-26 19:00:00
-8.795200,-50.017300,GOES-19,2026-08-26 19:10:00
-8.795200,-50.017300,GOES-19,2026-08-26 19:20:00
-8.795200,-50.017300,GOES-19,2026-08-26 19:30:00
-8.795200,-50.017300,GOES-19,2026-08-26 19:40:00
-8.795200,-50.017300,GOES-19,2026-08-26 19:50:00
-8.795200,-50.017300,GOES-19,2026-08-26 20:00:00
-8.795200,-50.017300,GOES-19,2026-08-26 20:10:00
-8.795200,-50.017300,GOES-19,2026-08-26 20:20:00
-8.795200,-50.017300,GOES-19,2026-08-26 20:30:00
-8.795200,-50.017300,GOES-19,2026-08-26 20:40:00
-8.795200,-50.017300,GOES-19,2026-08-26 20:50:00
-8.795200,-50.017300,GOES-19,2026-08-26 21:00:00
-8.795200,-50.017300,GOES-19,2026-08-26 21:10:00
-8.795200,-50.017300,GOES-19,2026-08-26 22:00:00
-8.795200,-50.017300,GOES-19,2026-08-26 22:10:00
-8.795200,-50.017300,GOES-19,2026-08-26 22:20:00
-8.795200,-50.017300,GOES-19,2026-08-26 22:30:00
-8.795200,-50.017300,GOES-19,2026-08-26 22:40:00
-8.795200,-50.017300,GOES-19,2026-08-26 22:50:00
-8.795200,-50.017300,GOES-19,2026-08-26 23:00:00
-8.795200,-50.017300,GOES-19,2026-08-26 23:10:00
-8.795200,-50.017300,GOES-19,2026-08-26 23:20:00
-8.757900,-49.999300,GOES-19,2026-08-26 15:00:00
-8.757900,-49.999300,GOES-19,2026-08-26 15:20:00
-8.757900,-49.999300,GOES-19,2026-08-26 17:50:00
-8.757900,-49.999300,GOES-19,2026-08-26 18:00:00
-8.757900,-49.999300,GOES-19,2026-08-26 18:10:00
-8.757900,-49.999300,GOES-19,2026-08-26 18:20:00
-8.757900,-49.999300,GOES-19,2026-08-26 18:30:00
-8.757900,-49.999300,GOES-19,2026-08-26 18:40:00
-8.757900,-49.999300,GOES-19,2026-08-26 18:50:00
-8.757900,-49.999300,GOES-19,2026-08-26 19:00:00
-8.757900,-49.999300,GOES-19,2026-08-26 19:10:00
-8.757900,-49.999300,GOES-19,2026-08-26 19:20:00
-8.757900,-49.999300,GOES-19,2026-08-26 19:30:00
-8.757900,-49.999300,GOES-19,2026-08-26 19:40:00
-8.757900,-49.999300,GOES-19,2026-08-26 20:00:00
-8.776700,-49.997700,GOES-19,2026-08-26 15:10:00
-8.776700,-49.997700,GOES-19,2026-08-26 15:20:00
-8.776700,-49.997700,GOES-19,2026-08-26 15:40:00
-8.776700,-49.997700,GOES-19,2026-08-26 16:10:00
-8.776700,-49.997700,GOES-19,2026-08-26 17:50:00
-8.776700,-49.997700,GOES-19,2026-08-26 18:00:00
-8.776700,-49.997700,GOES-19,2026-08-26 18:10:00
-8.776700,-49.997700,GOES-19,2026-08-26 18:20:00
-8.776700,-49.997700,GOES-19,2026-08-26 18:30:00
-8.776700,-49.997700,GOES-19,2026-08-26 18:40:00
-8.776700,-49.997700,GOES-19,2026-08-26 18:50:00
-8.776700,-49.997700,GOES-19,2026-08-26 19:00:00
-8.776700,-49.997700,GOES-19,2026-08-26 19:10:00
-8.776700,-49.997700,GOES-19,2026-08-26 19:20:00
-8.776700,-49.997700,GOES-19,2026-08-26 19:30:00
-8.776700,-49.997700,GOES-19,2026-08-26 19:40:00
-8.776700,-49.997700,GOES-19,2026-08-26 19:50:00
-8.776700,-49.997700,GOES-19,2026-08-26 20:00:00
-8.776700,-49.997700,GOES-19,2026-08-26 20:10:00
-8.776700,-49.997700,GOES-19,2026-08-26 20:20:00
-8.776700,-49.997700,GOES-19,2026-08-26 20:30:00
-8.776700,-49.997700,GOES-19,2026-08-26 20:40:00
-8.776700,-49.997700,GOES-19,2026-08-26 20:50:00
-8.776700,-49.997700,GOES-19,2026-08-26 21:00:00
-8.776700,-49.997700,GOES-19,2026-08-26 21:10:00
-8.776700,-49.997700,GOES-19,2026-08-26 22:00:00
-8.776700,-49.997700,GOES-19,2026-08-26 22:10:00
-8.776700,-49.997700,GOES-19,2026-08-26 22:20:00
-8.776700,-49.997700,GOES-19,2026-08-26 22:30:00
-8.776700,-49.997700,GOES-19,2026-08-26 22:40:00
-8.776700,-49.997700,GOES-19,2026-08-26 23:00:00
-8.795500,-49.996000,GOES-19,2026-08-26 17:50:00
-8.795500,-49.996000,GOES-19,2026-08-26 18:00:00
-8.795500,-49.996000,GOES-19,2026-08-26 18:10:00
-8.795500,-49.996000,GOES-19,2026-08-26 18:20:00
-8.795500,-49.996000,GOES-19,2026-08-26 18:30:00
-8.795500,-49.996000,GOES-19,2026-08-26 18:40:00
-8.795500,-49.996000,GOES-19,2026-08-26 18:50:00
-8.795500,-49.996000,GOES-19,2026-08-26 19:00:00
-8.795500,-49.996000,GOES-19,2026-08-26 19:10:00
-8.795500,-49.996000,GOES-19,2026-08-26 19:20:00
-8.795500,-49.996000,GOES-19,2026-08-26 19:30:00
-8.795500,-49.996000,GOES-19,2026-08-26 19:40:00
-8.795500,-49.996000,GOES-19,2026-08-26 19:50:00
-8.795500,-49.996000,GOES-19,2026-08-26 20:00:00
-8.795500,-49.996000,GOES-19,2026-08-26 20:10:00
-8.795500,-49.996000,GOES-19,2026-08-26 20:20:00
-8.795500,-49.996000,GOES-19,2026-08-26 20:30:00
-8.795500,-49.996000,GOES-19,2026-08-26 20:40:00
-8.795500,-49.996000,GOES-19,2026-08-26 20:50:00
-8.795500,-49.996000,GOES-19,2026-08-26 21:00:00
-8.795500,-49.996000,GOES-19,2026-08-26 21:10:00
-8.795500,-49.996000,GOES-19,2026-08-26 22:00:00
-8.795500,-49.996000,GOES-19,2026-08-26 22:10:00
-8.795500,-49.996000,GOES-19,2026-08-26 22:20:00
-8.795500,-49.996000,GOES-19,2026-08-26 22:30:00
-8.795500,-49.996000,GOES-19,2026-08-26 22:40:00
-8.795500,-49.996000,GOES-19,2026-08-26 22:50:00
-8.795500,-49.996000,GOES-19,2026-08-26 23:00:00
-8.795500,-49.996000,GOES-19,2026-08-26 23:10:00
-8.795500,-49.996000,GOES-19,2026-08-26 23:20:00
-8.814200,-49.994400,GOES-19,2026-08-26 18:50:00
-8.814200,-49.994400,GOES-19,2026-08-26 19:00:00
-8.814200,-49.994400,GOES-19,2026-08-26 19:10:00
-8.814200,-49.994400,GOES-19,2026-08-26 19:20:00
-8.814200,-49.994400,GOES-19,2026-08-26 22:20:00
-8.758200,-49.978000,GOES-19,2026-08-26 17:50:00
-8.758200,-49.978000,GOES-19,2026-08-26 18:00:00
-8.758200,-49.978000,GOES-19,2026-08-26 18:10:00
-8.758200,-49.978000,GOES-19,2026-08-26 18:20:00
-8.758200,-49.978000,GOES-19,2026-08-26 18:30:00
-8.758200,-49.978000,GOES-19,2026-08-26 18:40:00
-8.758200,-49.978000,GOES-19,2026-08-26 18:50:00
-8.758200,-49.978000,GOES-19,2026-08-26 19:00:00
-8.758200,-49.978000,GOES-19,2026-08-26 19:10:00
-8.758200,-49.978000,GOES-19,2026-08-26 19:20:00
-8.758200,-49.978000,GOES-19,2026-08-26 19:30:00
-8.776900,-49.976300,GOES-19,2026-08-26 17:50:00
-8.776900,-49.976300,GOES-19,2026-08-26 18:00:00
-8.776900,-49.976300,GOES-19,2026-08-26 18:10:00
-8.776900,-49.976300,GOES-19,2026-08-26 18:20:00
-8.776900,-49.976300,GOES-19,2026-08-26 18:30:00
-8.776900,-49.976300,GOES-19,2026-08-26 18:40:00
-8.776900,-49.976300,GOES-19,2026-08-26 18:50:00
-8.776900,-49.976300,GOES-19,2026-08-26 19:00:00
-8.776900,-49.976300,GOES-19,2026-08-26 19:10:00
-8.776900,-49.976300,GOES-19,2026-08-26 19:20:00
-8.776900,-49.976300,GOES-19,2026-08-26 19:30:00
-8.776900,-49.976300,GOES-19,2026-08-26 19:40:00
-8.776900,-49.976300,GOES-19,2026-08-26 19:50:00
-8.776900,-49.976300,GOES-19,2026-08-26 20:10:00
-8.776900,-49.976300,GOES-19,2026-08-26 20:20:00
-8.776900,-49.976300,GOES-19,2026-08-26 20:30:00
-8.776900,-49.976300,GOES-19,2026-08-26 20:40:00
-8.776900,-49.976300,GOES-19,2026-08-26 20:50:00
-8.776900,-49.976300,GOES-19,2026-08-26 22:00:00
-8.776900,-49.976300,GOES-19,2026-08-26 22:10:00
-8.776900,-49.976300,GOES-19,2026-08-26 22:20:00
-8.795700,-49.974700,GOES-19,2026-08-26 17:40:00
-8.795700,-49.974700,GOES-19,2026-08-26 17:50:00
-8.795700,-49.974700,GOES-19,2026-08-26 18:00:00
-8.795700,-49.974700,GOES-19,2026-08-26 18:10:00
-8.795700,-49.974700,GOES-19,2026-08-26 18:20:00
-8.795700,-49.974700,GOES-19,2026-08-26 18:30:00
-8.795700,-49.974700,GOES-19,2026-08-26 18:40:00
-8.795700,-49.974700,GOES-19,2026-08-26 18:50:00
-8.795700,-49.974700,GOES-19,2026-08-26 19:00:00
-8.795700,-49.974700,GOES-19,2026-08-26 19:10:00
-8.795700,-49.974700,GOES-19,2026-08-26 19:20:00
-8.795700,-49.974700,GOES-19,2026-08-26 19:30:00
-8.795700,-49.974700,GOES-19,2026-08-26 20:20:00
-8.795700,-49.974700,GOES-19,2026-08-26 20:30:00
-8.795700,-49.974700,GOES-19,2026-08-26 20:40:00
-8.795700,-49.974700,GOES-19,2026-08-26 20:50:00
-8.795700,-49.974700,GOES-19,2026-08-26 21:00:00
-8.795700,-49.974700,GOES-19,2026-08-26 21:10:00
-8.795700,-49.974700,GOES-19,2026-08-26 22:00:00
-8.795700,-49.974700,GOES-19,2026-08-26 22:10:00
-8.795700,-49.974700,GOES-19,2026-08-26 22:20:00
-8.795700,-49.974700,GOES-19,2026-08-26 22:30:00
-8.795700,-49.974700,GOES-19,2026-08-26 22:40:00
-8.795700,-49.974700,GOES-19,2026-08-26 23:00:00
-8.758400,-49.956600,GOES-19,2026-08-26 17:50:00
-8.758400,-49.956600,GOES-19,2026-08-26 18:00:00
-8.758400,-49.956600,GOES-19,2026-08-26 18:10:00
-8.758400,-49.956600,GOES-19,2026-08-26 18:20:00
-8.758400,-49.956600,GOES-19,2026-08-26 18:30:00
-8.758400,-49.956600,GOES-19,2026-08-26 18:40:00
-8.758400,-49.956600,GOES-19,2026-08-26 18:50:00
-8.758400,-49.956600,GOES-19,2026-08-26 19:00:00
-8.758400,-49.956600,GOES-19,2026-08-26 19:10:00
-8.758400,-49.956600,GOES-19,2026-08-26 19:20:00
-8.777200,-49.955000,GOES-19,2026-08-26 17:50:00
-8.777200,-49.955000,GOES-19,2026-08-26 18:00:00
-8.777200,-49.955000,GOES-19,2026-08-26 18:10:00
-8.777200,-49.955000,GOES-19,2026-08-26 18:20:00
-8.777200,-49.955000,GOES-19,2026-08-26 18:30:00
-8.777200,-49.955000,GOES-19,2026-08-26 18:40:00
-8.777200,-49.955000,GOES-19,2026-08-26 18:50:00
-8.777200,-49.955000,GOES-19,2026-08-26 19:00:00
-8.777200,-49.955000,GOES-19,2026-08-26 19:10:00
-8.777200,-49.955000,GOES-19,2026-08-26 19:20:00
-11.005700,-49.667700,GOES-19,2026-08-26 19:00:00
-11.005700,-49.667700,GOES-19,2026-08-26 19:20:00
-11.005700,-49.667700,GOES-19,2026-08-26 19:30:00
-11.005700,-49.667700,GOES-19,2026-08-26 19:50:00
-9.870900,-49.702200,GOES-19,2026-08-26 13:40:00
-9.870900,-49.702200,GOES-19,2026-08-26 13:50:00
-9.870900,-49.702200,GOES-19,2026-08-26 14:00:00
-9.870900,-49.702200,GOES-19,2026-08-26 14:10:00
-9.870900,-49.702200,GOES-19,2026-08-26 14:20:00
-10.968900,-49.585600,GOES-19,2026-08-26 17:50:00
-10.968900,-49.585600,GOES-19,2026-08-26 18:00:00
-10.968900,-49.585600,GOES-19,2026-08-26 18:20:00
-6.406100,-49.859200,GOES-19,2026-08-26 18:20:00
-8.818400,-49.630800,GOES-19,2026-08-26 14:10:00
-8.818400,-49.630800,GOES-19,2026-08-26 14:20:00
-8.818400,-49.630800,GOES-19,2026-08-26 14:30:00
-8.818400,-49.630800,GOES-19,2026-08-26 14:40:00
-8.818400,-49.630800,GOES-19,2026-08-26 14:50:00
-8.818400,-49.630800,GOES-19,2026-08-26 15:00:00
-8.818400,-49.630800,GOES-19,2026-08-26 15:10:00
-8.818400,-49.630800,GOES-19,2026-08-26 15:20:00
-8.818400,-49.630800,GOES-19,2026-08-26 15:30:00
-8.818400,-49.630800,GOES-19,2026-08-26 15:40:00
-8.818400,-49.630800,GOES-19,2026-08-26 15:50:00
-8.818400,-49.630800,GOES-19,2026-08-26 16:00:00
-8.818400,-49.630800,GOES-19,2026-08-26 18:20:00
-8.818400,-49.630800,GOES-19,2026-08-26 18:30:00
-8.818400,-49.630800,GOES-19,2026-08-26 18:40:00
-8.818400,-49.630800,GOES-19,2026-08-26 18:50:00
-8.837200,-49.629100,GOES-19,2026-08-26 14:40:00
-8.837200,-49.629100,GOES-19,2026-08-26 14:50:00
-8.837200,-49.629100,GOES-19,2026-08-26 15:00:00
-8.837200,-49.629100,GOES-19,2026-08-26 15:10:00
-8.837200,-49.629100,GOES-19,2026-08-26 15:20:00
-8.837200,-49.629100,GOES-19,2026-08-26 15:40:00
-8.837200,-49.629100,GOES-19,2026-08-26 15:50:00
-8.837200,-49.629100,GOES-19,2026-08-26 16:10:00
-8.837200,-49.629100,GOES-19,2026-08-26 17:40:00
-8.837200,-49.629100,GOES-19,2026-08-26 18:10:00
-8.837200,-49.629100,GOES-19,2026-08-26 18:20:00
-8.837400,-49.607600,GOES-19,2026-08-26 13:30:00
-8.837400,-49.607600,GOES-19,2026-08-26 13:40:00
-8.837400,-49.607600,GOES-19,2026-08-26 13:50:00
-8.837400,-49.607600,GOES-19,2026-08-26 14:00:00
-8.837400,-49.607600,GOES-19,2026-08-26 14:10:00
-8.837400,-49.607600,GOES-19,2026-08-26 14:20:00
-8.837400,-49.607600,GOES-19,2026-08-26 14:30:00
-8.837400,-49.607600,GOES-19,2026-08-26 14:40:00
-8.837400,-49.607600,GOES-19,2026-08-26 14:50:00
-8.837400,-49.607600,GOES-19,2026-08-26 15:00:00
-8.837400,-49.607600,GOES-19,2026-08-26 15:10:00
-8.837400,-49.607600,GOES-19,2026-08-26 17:30:00
-8.837400,-49.607600,GOES-19,2026-08-26 17:40:00
-8.837400,-49.607600,GOES-19,2026-08-26 17:50:00
-8.837400,-49.607600,GOES-19,2026-08-26 18:00:00
-8.837400,-49.607600,GOES-19,2026-08-26 18:10:00
-8.837400,-49.607600,GOES-19,2026-08-26 18:20:00
-8.837400,-49.607600,GOES-19,2026-08-26 18:30:00
-8.837400,-49.607600,GOES-19,2026-08-26 18:40:00
-8.837400,-49.607600,GOES-19,2026-08-26 18:50:00
-13.653000,-49.002300,GOES-19,2026-08-26 18:20:00
-13.653000,-49.002300,GOES-19,2026-08-26 18:30:00
-13.634100,-48.983100,GOES-19,2026-08-26 14:00:00
-13.634100,-48.983100,GOES-19,2026-08-26 14:10:00
-13.634100,-48.983100,GOES-19,2026-08-26 14:30:00
-13.634100,-48.983100,GOES-19,2026-08-26 14:40:00
-13.634100,-48.983100,GOES-19,2026-08-26 14:50:00
-13.634100,-48.983100,GOES-19,2026-08-26 15:00:00
-13.634100,-48.983100,GOES-19,2026-08-26 18:00:00
-9.743200,-49.370900,GOES-19,2026-08-26 19:10:00
-9.743500,-49.349300,GOES-19,2026-08-26 13:30:00
-9.743500,-49.349300,GOES-19,2026-08-26 13:40:00
-9.743500,-49.349300,GOES-19,2026-08-26 13:50:00
-9.743500,-49.349300,GOES-19,2026-08-26 14:00:00
-9.743500,-49.349300,GOES-19,2026-08-26 14:10:00
-9.743500,-49.349300,GOES-19,2026-08-26 14:20:00
-9.743500,-49.349300,GOES-19,2026-08-26 14:30:00
-9.743500,-49.349300,GOES-19,2026-08-26 14:40:00
-9.743500,-49.349300,GOES-19,2026-08-26 14:50:00
-9.743500,-49.349300,GOES-19,2026-08-26 15:00:00
-9.743500,-49.349300,GOES-19,2026-08-26 15:10:00
-9.743500,-49.349300,GOES-19,2026-08-26 15:20:00
-9.743500,-49.349300,GOES-19,2026-08-26 17:50:00
-9.743500,-49.349300,GOES-19,2026-08-26 18:30:00
-9.743500,-49.349300,GOES-19,2026-08-26 18:40:00
-9.743800,-49.327700,GOES-19,2026-08-26 13:30:00
-9.743800,-49.327700,GOES-19,2026-08-26 13:40:00
-9.743800,-49.327700,GOES-19,2026-08-26 14:10:00
-9.743800,-49.327700,GOES-19,2026-08-26 14:20:00
-9.743800,-49.327700,GOES-19,2026-08-26 14:50:00
-9.743800,-49.327700,GOES-19,2026-08-26 15:00:00
-9.743800,-49.327700,GOES-19,2026-08-26 18:50:00
-9.593400,-49.299600,GOES-19,2026-08-26 12:30:00
-9.593400,-49.299600,GOES-19,2026-08-26 12:40:00
-9.593400,-49.299600,GOES-19,2026-08-26 12:50:00
-9.593400,-49.299600,GOES-19,2026-08-26 13:20:00
-9.593400,-49.299600,GOES-19,2026-08-26 13:30:00
-9.593400,-49.299600,GOES-19,2026-08-26 13:40:00
-9.593400,-49.299600,GOES-19,2026-08-26 13:50:00
-9.593400,-49.299600,GOES-19,2026-08-26 14:00:00
-9.593400,-49.299600,GOES-19,2026-08-26 14:10:00
-9.593400,-49.299600,GOES-19,2026-08-26 14:20:00
-9.593400,-49.299600,GOES-19,2026-08-26 14:30:00
-9.593400,-49.299600,GOES-19,2026-08-26 14:40:00
-9.612200,-49.297800,GOES-19,2026-08-26 13:30:00
-9.612200,-49.297800,GOES-19,2026-08-26 13:40:00
-9.612200,-49.297800,GOES-19,2026-08-26 13:50:00
-9.612200,-49.297800,GOES-19,2026-08-26 14:00:00
-9.612200,-49.297800,GOES-19,2026-08-26 14:10:00
-9.574500,-49.301500,GOES-19,2026-08-26 12:30:00
-9.574500,-49.301500,GOES-19,2026-08-26 12:40:00
-9.574500,-49.301500,GOES-19,2026-08-26 12:50:00
-9.574500,-49.301500,GOES-19,2026-08-26 13:00:00
-9.574500,-49.301500,GOES-19,2026-08-26 13:30:00
-9.574500,-49.301500,GOES-19,2026-08-26 13:40:00
-8.864600,-48.894800,GOES-19,2026-08-26 14:20:00
-8.864600,-48.894800,GOES-19,2026-08-26 14:40:00
-8.864600,-48.894800,GOES-19,2026-08-26 14:50:00
-8.864600,-48.894800,GOES-19,2026-08-26 15:00:00
-8.864600,-48.894800,GOES-19,2026-08-26 15:10:00
-8.864600,-48.894800,GOES-19,2026-08-26 15:20:00
-8.864600,-48.894800,GOES-19,2026-08-26 15:40:00
-7.870400,-48.917600,GOES-19,2026-08-26 15:20:00
-7.870400,-48.917600,GOES-19,2026-08-26 15:30:00
-7.870600,-48.896000,GOES-19,2026-08-26 14:40:00
-7.870600,-48.896000,GOES-19,2026-08-26 15:10:00
-7.870600,-48.896000,GOES-19,2026-08-26 15:20:00
-10.073400,-48.665000,GOES-19,2026-08-26 18:50:00
-9.356100,-48.695700,GOES-19,2026-08-26 14:00:00
-9.356100,-48.695700,GOES-19,2026-08-26 14:10:00
-9.356100,-48.695700,GOES-19,2026-08-26 14:20:00
-9.356100,-48.695700,GOES-19,2026-08-26 14:30:00
-9.356100,-48.695700,GOES-19,2026-08-26 14:50:00
-9.356100,-48.695700,GOES-19,2026-08-26 15:00:00
-9.356100,-48.695700,GOES-19,2026-08-26 15:10:00
-9.375000,-48.693800,GOES-19,2026-08-26 14:10:00
-9.375000,-48.693800,GOES-19,2026-08-26 14:50:00
-9.375000,-48.693800,GOES-19,2026-08-26 18:20:00
-9.375000,-48.693800,GOES-19,2026-08-26 18:30:00
-9.375000,-48.693800,GOES-19,2026-08-26 18:40:00
-9.375000,-48.693800,GOES-19,2026-08-26 18:50:00
-9.356400,-48.673900,GOES-19,2026-08-26 13:40:00
-9.356400,-48.673900,GOES-19,2026-08-26 13:50:00
-9.356400,-48.673900,GOES-19,2026-08-26 14:00:00
-9.356400,-48.673900,GOES-19,2026-08-26 14:10:00
-9.356400,-48.673900,GOES-19,2026-08-26 14:20:00
-9.356400,-48.673900,GOES-19,2026-08-26 14:30:00
-9.356400,-48.673900,GOES-19,2026-08-26 14:40:00
-9.356400,-48.673900,GOES-19,2026-08-26 14:50:00
-9.356400,-48.673900,GOES-19,2026-08-26 15:00:00
-9.356400,-48.673900,GOES-19,2026-08-26 15:10:00
-9.356400,-48.673900,GOES-19,2026-08-26 15:20:00
-9.356400,-48.673900,GOES-19,2026-08-26 15:30:00
-9.356400,-48.673900,GOES-19,2026-08-26 15:40:00
-9.356400,-48.673900,GOES-19,2026-08-26 15:50:00
-9.356400,-48.673900,GOES-19,2026-08-26 16:00:00
-9.356400,-48.673900,GOES-19,2026-08-26 16:10:00
-9.356400,-48.673900,GOES-19,2026-08-26 16:20:00
-9.356400,-48.673900,GOES-19,2026-08-26 16:30:00
-9.375300,-48.672100,GOES-19,2026-08-26 13:50:00
-13.829800,-64.818200,GOES-19,2026-08-27 03:20:00
-15.612900,-60.772300,GOES-19,2026-08-27 03:20:00
-15.680900,-61.575300,GOES-19,2026-08-27 03:20:00
-15.681200,-61.555600,GOES-19,2026-08-27 03:20:00
-15.700300,-61.573700,GOES-19,2026-08-27 03:20:00
-17.400100,-59.505900,GOES-19,2026-08-27 03:20:00
-17.419700,-59.503900,GOES-19,2026-08-27 03:20:00
-17.420000,-59.483700,GOES-19,2026-08-27 03:20:00
-17.439400,-59.501800,GOES-19,2026-08-27 03:20:00
-20.853600,-60.218500,GOES-19,2026-08-27 03:20:00
-22.244300,-57.778300,GOES-19,2026-08-27 03:20:00
-22.789600,-61.823000,GOES-19,2026-08-27 03:20:00
-24.405700,-57.019300,GOES-19,2026-08-27 03:20:00
-5.919800,-43.626400,GOES-19,2026-08-27 03:20:00
-2.816900,-48.622400,GOES-19,2026-08-27 03:20:00
-4.569200,-44.088700,GOES-19,2026-08-27 03:20:00
-4.569400,-44.065700,GOES-19,2026-08-27 03:20:00
-5.999500,-57.844400,GOES-19,2026-08-27 03:20:00
-5.999600,-57.824900,GOES-19,2026-08-27 03:20:00
-9.228200,-51.542800,GOES-19,2026-08-27 03:20:00
-10.759600,-54.038400,GOES-19,2026-08-27 03:20:00
-10.759800,-54.017900,GOES-19,2026-08-27 03:20:00
-10.760000,-53.997400,GOES-19,2026-08-27 03:20:00
-10.760300,-53.976900,GOES-19,2026-08-27 03:20:00