lat,lon,satelite,data
-12.663500,-47.369400,GOES-19,2026-09-28 13:10:00
-12.682800,-47.366600,GOES-19,2026-09-28 13:00:00
-12.682800,-47.366600,GOES-19,2026-09-28 13:10:00
-12.682800,-47.366600,GOES-19,2026-09-28 18:30:00
-12.682800,-47.366600,GOES-19,2026-09-28 18:40:00
-12.682800,-47.366600,GOES-19,2026-09-28 18:50:00
-12.760200,-47.333000,GOES-19,2026-09-28 18:10:00
-12.644700,-47.349700,GOES-19,2026-09-28 13:30:00
-12.663900,-47.346900,GOES-19,2026-09-28 11:40:00
-12.663900,-47.346900,GOES-19,2026-09-28 12:00:00
-12.663900,-47.346900,GOES-19,2026-09-28 12:10:00
-12.663900,-47.346900,GOES-19,2026-09-28 12:20:00
-12.663900,-47.346900,GOES-19,2026-09-28 12:30:00
-12.663900,-47.346900,GOES-19,2026-09-28 12:50:00
-12.663900,-47.346900,GOES-19,2026-09-28 13:00:00
-12.663900,-47.346900,GOES-19,2026-09-28 13:10:00
-12.663900,-47.346900,GOES-19,2026-09-28 13:20:00
-12.663900,-47.346900,GOES-19,2026-09-28 13:30:00
-12.663900,-47.346900,GOES-19,2026-09-28 13:40:00
-12.663900,-47.346900,GOES-19,2026-09-28 18:20:00
-12.683200,-47.344200,GOES-19,2026-09-28 13:00:00
-12.683200,-47.344200,GOES-19,2026-09-28 13:10:00
-12.683200,-47.344200,GOES-19,2026-09-28 13:30:00
-12.683200,-47.344200,GOES-19,2026-09-28 13:40:00
-12.702400,-47.341400,GOES-19,2026-09-28 13:10:00
-14.464000,-47.067500,GOES-19,2026-09-28 11:40:00
-14.464000,-47.067500,GOES-19,2026-09-28 11:50:00
-14.464000,-47.067500,GOES-19,2026-09-28 12:10:00
-14.464000,-47.067500,GOES-19,2026-09-28 12:20:00
-14.464000,-47.067500,GOES-19,2026-09-28 13:00:00
-14.464000,-47.067500,GOES-19,2026-09-28 13:10:00
-12.625900,-47.330000,GOES-19,2026-09-28 13:00:00
-12.625900,-47.330000,GOES-19,2026-09-28 13:30:00
-12.625900,-47.330000,GOES-19,2026-09-28 13:40:00
-12.645100,-47.327200,GOES-19,2026-09-28 13:00:00
-12.645100,-47.327200,GOES-19,2026-09-28 13:30:00
-12.645100,-47.327200,GOES-19,2026-09-28 13:40:00
-12.664300,-47.324500,GOES-19,2026-09-28 13:00:00
-12.664300,-47.324500,GOES-19,2026-09-28 13:10:00
-12.664300,-47.324500,GOES-19,2026-09-28 13:30:00
-12.664300,-47.324500,GOES-19,2026-09-28 13:40:00
-12.683600,-47.321700,GOES-19,2026-09-28 13:00:00
-12.683600,-47.321700,GOES-19,2026-09-28 13:10:00
-12.683600,-47.321700,GOES-19,2026-09-28 13:30:00
-12.683600,-47.321700,GOES-19,2026-09-28 13:40:00
-12.702800,-47.318900,GOES-19,2026-09-28 13:00:00
-12.702800,-47.318900,GOES-19,2026-09-28 13:10:00
-12.702800,-47.318900,GOES-19,2026-09-28 13:30:00
-12.702800,-47.318900,GOES-19,2026-09-28 13:40:00
-14.464400,-47.044700,GOES-19,2026-09-28 11:50:00
-14.464400,-47.044700,GOES-19,2026-09-28 12:10:00
-14.464400,-47.044700,GOES-19,2026-09-28 12:20:00
-14.464400,-47.044700,GOES-19,2026-09-28 12:40:00
-14.464400,-47.044700,GOES-19,2026-09-28 19:10:00
-12.626300,-47.307500,GOES-19,2026-09-28 13:30:00
-12.626300,-47.307500,GOES-19,2026-09-28 13:40:00
-12.761000,-47.288100,GOES-19,2026-09-28 13:50:00
-12.761000,-47.288100,GOES-19,2026-09-28 15:10:00
-12.742100,-47.268400,GOES-19,2026-09-28 14:10:00
-12.607400,-47.287800,GOES-19,2026-09-28 18:30:00
-12.607400,-47.287800,GOES-19,2026-09-28 18:40:00
-11.553500,-47.409900,GOES-19,2026-09-28 14:00:00
-11.553500,-47.409900,GOES-19,2026-09-28 14:50:00
-11.382000,-47.409900,GOES-19,2026-09-28 18:10:00
-11.534800,-47.390100,GOES-19,2026-09-28 13:10:00
-11.534800,-47.390100,GOES-19,2026-09-28 13:20:00
-11.534800,-47.390100,GOES-19,2026-09-28 13:40:00
-11.534800,-47.390100,GOES-19,2026-09-28 13:50:00
-11.534800,-47.390100,GOES-19,2026-09-28 14:00:00
-11.534800,-47.390100,GOES-19,2026-09-28 14:10:00
-11.534800,-47.390100,GOES-19,2026-09-28 14:20:00
-11.534800,-47.390100,GOES-19,2026-09-28 14:30:00
-11.534800,-47.390100,GOES-19,2026-09-28 14:40:00
-11.534800,-47.390100,GOES-19,2026-09-28 14:50:00
-11.534800,-47.390100,GOES-19,2026-09-28 18:50:00
-11.553900,-47.387600,GOES-19,2026-09-28 13:40:00
-11.553900,-47.387600,GOES-19,2026-09-28 13:50:00
-11.553900,-47.387600,GOES-19,2026-09-28 14:00:00
-11.553900,-47.387600,GOES-19,2026-09-28 14:10:00
-11.553900,-47.387600,GOES-19,2026-09-28 14:20:00
-11.553900,-47.387600,GOES-19,2026-09-28 18:10:00
-11.553900,-47.387600,GOES-19,2026-09-28 18:20:00
-11.573000,-47.385100,GOES-19,2026-09-28 18:00:00
-11.573000,-47.385100,GOES-19,2026-09-28 18:10:00
-11.382400,-47.387600,GOES-19,2026-09-28 18:10:00
-11.382400,-47.387600,GOES-19,2026-09-28 18:20:00
-11.382400,-47.387600,GOES-19,2026-09-28 18:30:00
-11.554300,-47.365300,GOES-19,2026-09-28 13:10:00
-11.554300,-47.365300,GOES-19,2026-09-28 13:40:00
-11.554300,-47.365300,GOES-19,2026-09-28 13:50:00
-11.554300,-47.365300,GOES-19,2026-09-28 14:00:00
-11.554300,-47.365300,GOES-19,2026-09-28 14:20:00
-11.497700,-47.328100,GOES-19,2026-09-28 17:50:00
-11.863700,-47.122900,GOES-19,2026-09-28 19:30:00
-11.519300,-47.168900,GOES-19,2026-09-28 18:30:00
-11.519300,-47.168900,GOES-19,2026-09-28 18:40:00
-11.538400,-47.166400,GOES-19,2026-09-28 18:20:00
-11.538400,-47.166400,GOES-19,2026-09-28 18:30:00
-11.538400,-47.166400,GOES-19,2026-09-28 18:40:00
-11.538400,-47.166400,GOES-19,2026-09-28 18:50:00
-11.883200,-47.097800,GOES-19,2026-09-28 12:10:00
-11.883200,-47.097800,GOES-19,2026-09-28 13:30:00
-11.883200,-47.097800,GOES-19,2026-09-28 13:50:00
-11.883200,-47.097800,GOES-19,2026-09-28 14:00:00
-11.903500,-47.027800,GOES-19,2026-09-28 18:30:00
-9.073900,-47.189000,GOES-19,2026-09-28 18:00:00
-9.073900,-47.189000,GOES-19,2026-09-28 18:10:00
-12.945200,-46.674800,GOES-19,2026-09-28 19:10:00
-12.945200,-46.674800,GOES-19,2026-09-28 19:20:00
-8.452500,-47.206700,GOES-19,2026-09-28 15:10:00
-12.926300,-46.655000,GOES-19,2026-09-28 19:00:00
-12.926300,-46.655000,GOES-19,2026-09-28 19:10:00
-12.926300,-46.655000,GOES-19,2026-09-28 19:20:00
-12.945600,-46.652000,GOES-19,2026-09-28 18:50:00
-12.945600,-46.652000,GOES-19,2026-09-28 19:00:00
-12.946000,-46.629300,GOES-19,2026-09-28 18:40:00
-15.203300,-46.183800,GOES-19,2026-09-28 11:00:00
-15.203300,-46.183800,GOES-19,2026-09-28 11:20:00
-15.203300,-46.183800,GOES-19,2026-09-28 11:40:00
-15.203300,-46.183800,GOES-19,2026-09-28 12:10:00
-15.203300,-46.183800,GOES-19,2026-09-28 12:40:00
-15.203300,-46.183800,GOES-19,2026-09-28 13:10:00
-15.203300,-46.183800,GOES-19,2026-09-28 13:20:00
-15.203300,-46.183800,GOES-19,2026-09-28 13:30:00
-15.203300,-46.183800,GOES-19,2026-09-28 13:50:00
-15.203300,-46.183800,GOES-19,2026-09-28 14:10:00
-15.203300,-46.183800,GOES-19,2026-09-28 14:20:00
-15.203300,-46.183800,GOES-19,2026-09-28 14:30:00
-15.203300,-46.183800,GOES-19,2026-09-28 14:40:00
-15.222900,-46.180200,GOES-19,2026-09-28 13:20:00
-15.203800,-46.160600,GOES-19,2026-09-28 11:00:00
-15.203800,-46.160600,GOES-19,2026-09-28 11:10:00
-15.203800,-46.160600,GOES-19,2026-09-28 11:20:00
-15.203800,-46.160600,GOES-19,2026-09-28 11:30:00
-15.203800,-46.160600,GOES-19,2026-09-28 11:40:00
-15.203800,-46.160600,GOES-19,2026-09-28 11:50:00
-15.203800,-46.160600,GOES-19,2026-09-28 12:00:00
-15.203800,-46.160600,GOES-19,2026-09-28 12:10:00
-15.203800,-46.160600,GOES-19,2026-09-28 12:20:00
-15.203800,-46.160600,GOES-19,2026-09-28 12:40:00
-15.203800,-46.160600,GOES-19,2026-09-28 12:50:00
-15.203800,-46.160600,GOES-19,2026-09-28 13:00:00
-15.203800,-46.160600,GOES-19,2026-09-28 13:20:00
-15.203800,-46.160600,GOES-19,2026-09-28 13:30:00
-15.203800,-46.160600,GOES-19,2026-09-28 13:40:00
-15.203800,-46.160600,GOES-19,2026-09-28 13:50:00
-15.203800,-46.160600,GOES-19,2026-09-28 14:10:00
-15.203800,-46.160600,GOES-19,2026-09-28 14:20:00
-15.203800,-46.160600,GOES-19,2026-09-28 14:30:00
-15.203800,-46.160600,GOES-19,2026-09-28 14:40:00
-15.203800,-46.160600,GOES-19,2026-09-28 15:00:00
-15.203800,-46.160600,GOES-19,2026-09-28 15:20:00
-9.398000,-46.932700,GOES-19,2026-09-28 18:30:00
-9.890500,-46.855600,GOES-19,2026-09-28 18:10:00
-9.890500,-46.855600,GOES-19,2026-09-28 18:20:00
-9.890500,-46.855600,GOES-19,2026-09-28 18:30:00
-9.890500,-46.855600,GOES-19,2026-09-28 18:40:00
-8.116400,-47.017100,GOES-19,2026-09-28 18:50:00
-9.645200,-46.816300,GOES-19,2026-09-28 19:10:00
-9.645200,-46.816300,GOES-19,2026-09-28 19:20:00
-12.046300,-46.512400,GOES-19,2026-09-28 18:40:00
-12.046300,-46.512400,GOES-19,2026-09-28 18:50:00
-12.046300,-46.512400,GOES-19,2026-09-28 19:00:00
-12.046300,-46.512400,GOES-19,2026-09-28 19:40:00
-12.046600,-46.489700,GOES-19,2026-09-28 18:20:00
-12.046600,-46.489700,GOES-19,2026-09-28 18:30:00
-12.046600,-46.489700,GOES-19,2026-09-28 18:40:00
-12.046600,-46.489700,GOES-19,2026-09-28 18:50:00
-8.512700,-46.890600,GOES-19,2026-09-28 13:50:00
-8.512700,-46.890600,GOES-19,2026-09-28 14:00:00
-8.512700,-46.890600,GOES-19,2026-09-28 14:10:00
-8.512700,-46.890600,GOES-19,2026-09-28 14:20:00
-8.512700,-46.890600,GOES-19,2026-09-28 14:30:00
-8.512700,-46.890600,GOES-19,2026-09-28 14:40:00
-8.512700,-46.890600,GOES-19,2026-09-28 15:00:00
-8.512700,-46.890600,GOES-19,2026-09-28 18:20:00
-9.645800,-46.771600,GOES-19,2026-09-28 18:20:00
-7.854600,-46.930400,GOES-19,2026-09-28 18:30:00
-10.215000,-46.683600,GOES-19,2026-09-28 18:20:00
-10.215000,-46.683600,GOES-19,2026-09-28 18:30:00
-10.215000,-46.683600,GOES-19,2026-09-28 18:50:00
-10.234300,-46.658900,GOES-19,2026-09-28 18:20:00
-10.253300,-46.656600,GOES-19,2026-09-28 18:20:00
-10.253300,-46.656600,GOES-19,2026-09-28 18:30:00
-10.253300,-46.656600,GOES-19,2026-09-28 19:00:00
-9.173500,-46.778500,GOES-19,2026-09-28 18:50:00
-7.273300,-46.936600,GOES-19,2026-09-28 14:00:00
-7.273300,-46.936600,GOES-19,2026-09-28 14:20:00
-8.758800,-46.777100,GOES-19,2026-09-28 18:40:00
-8.758800,-46.777100,GOES-19,2026-09-28 18:50:00
-10.178700,-46.575800,GOES-19,2026-09-28 11:10:00
-10.178700,-46.575800,GOES-19,2026-09-28 12:50:00
-9.327500,-46.560900,GOES-19,2026-09-28 13:20:00
-9.327500,-46.560900,GOES-19,2026-09-28 13:30:00
-9.327500,-46.560900,GOES-19,2026-09-28 13:40:00
-9.327500,-46.560900,GOES-19,2026-09-28 13:50:00
-9.327500,-46.560900,GOES-19,2026-09-28 14:00:00
-9.327500,-46.560900,GOES-19,2026-09-28 14:10:00
-9.346400,-46.558900,GOES-19,2026-09-28 13:30:00
-9.346400,-46.558900,GOES-19,2026-09-28 13:40:00
-9.346400,-46.558900,GOES-19,2026-09-28 13:50:00
-9.441000,-46.548500,GOES-19,2026-09-28 18:00:00
-8.836600,-46.590700,GOES-19,2026-09-28 14:10:00
-8.836600,-46.590700,GOES-19,2026-09-28 14:20:00
-8.836600,-46.590700,GOES-19,2026-09-28 14:30:00
-8.836600,-46.590700,GOES-19,2026-09-28 14:40:00
-9.327800,-46.538500,GOES-19,2026-09-28 13:20:00
-9.327800,-46.538500,GOES-19,2026-09-28 13:30:00
-9.327800,-46.538500,GOES-19,2026-09-28 13:40:00
-9.327800,-46.538500,GOES-19,2026-09-28 13:50:00
-9.327800,-46.538500,GOES-19,2026-09-28 14:00:00
-9.327800,-46.538500,GOES-19,2026-09-28 14:10:00
-9.327800,-46.538500,GOES-19,2026-09-28 14:20:00
-9.327800,-46.538500,GOES-19,2026-09-28 14:30:00
-9.327800,-46.538500,GOES-19,2026-09-28 14:40:00
-9.327800,-46.538500,GOES-19,2026-09-28 14:50:00
-9.327800,-46.538500,GOES-19,2026-09-28 15:00:00
-9.327800,-46.538500,GOES-19,2026-09-28 15:10:00
-9.327800,-46.538500,GOES-19,2026-09-28 15:20:00
-9.346700,-46.536500,GOES-19,2026-09-28 13:30:00
-9.346700,-46.536500,GOES-19,2026-09-28 13:40:00
-9.346700,-46.536500,GOES-19,2026-09-28 13:50:00
-9.346700,-46.536500,GOES-19,2026-09-28 14:20:00
-9.346700,-46.536500,GOES-19,2026-09-28 14:30:00
-9.346700,-46.536500,GOES-19,2026-09-28 14:40:00
-9.346700,-46.536500,GOES-19,2026-09-28 14:50:00
-9.346700,-46.536500,GOES-19,2026-09-28 15:00:00
-9.346700,-46.536500,GOES-19,2026-09-28 15:10:00
-9.346700,-46.536500,GOES-19,2026-09-28 15:20:00
-9.346700,-46.536500,GOES-19,2026-09-28 15:30:00
-9.346700,-46.536500,GOES-19,2026-09-28 18:10:00
-9.346700,-46.536500,GOES-19,2026-09-28 18:20:00
-9.365600,-46.534400,GOES-19,2026-09-28 14:00:00
-9.365600,-46.534400,GOES-19,2026-09-28 14:20:00
-9.365600,-46.534400,GOES-19,2026-09-28 15:10:00
-9.291100,-46.452900,GOES-19,2026-09-28 18:30:00
-9.291100,-46.452900,GOES-19,2026-09-28 18:40:00
-9.310100,-46.450900,GOES-19,2026-09-28 18:40:00
-14.746500,-45.665600,GOES-19,2026-09-28 18:10:00
-14.746500,-45.665600,GOES-19,2026-09-28 18:40:00
-14.766000,-45.662100,GOES-19,2026-09-28 17:50:00
-14.766000,-45.662100,GOES-19,2026-09-28 18:00:00
-14.766000,-45.662100,GOES-19,2026-09-28 18:10:00
-14.766000,-45.662100,GOES-19,2026-09-28 18:30:00
-14.766000,-45.662100,GOES-19,2026-09-28 18:40:00
-9.291400,-46.430500,GOES-19,2026-09-28 18:30:00
-9.291400,-46.430500,GOES-19,2026-09-28 18:40:00
-8.385500,-46.524500,GOES-19,2026-09-28 12:10:00
-8.385500,-46.524500,GOES-19,2026-09-28 12:40:00
-8.385500,-46.524500,GOES-19,2026-09-28 13:10:00
-8.385500,-46.524500,GOES-19,2026-09-28 13:20:00
-8.385500,-46.524500,GOES-19,2026-09-28 13:30:00
-8.385500,-46.524500,GOES-19,2026-09-28 13:40:00
-9.499600,-46.407500,GOES-19,2026-09-28 13:20:00
-9.499600,-46.407500,GOES-19,2026-09-28 13:30:00
-9.499600,-46.407500,GOES-19,2026-09-28 13:40:00
-9.499600,-46.407500,GOES-19,2026-09-28 13:50:00
-9.499600,-46.407500,GOES-19,2026-09-28 14:30:00
-9.481000,-46.387100,GOES-19,2026-09-28 13:40:00
-9.481000,-46.387100,GOES-19,2026-09-28 14:20:00
-9.499900,-46.385000,GOES-19,2026-09-28 13:40:00
-9.499900,-46.385000,GOES-19,2026-09-28 14:20:00
-9.518800,-46.382900,GOES-19,2026-09-28 14:20:00
-9.518800,-46.382900,GOES-19,2026-09-28 14:30:00
-9.537800,-46.380700,GOES-19,2026-09-28 14:50:00
-9.481300,-46.364600,GOES-19,2026-09-28 13:40:00
-9.481300,-46.364600,GOES-19,2026-09-28 14:20:00
-9.500200,-46.362500,GOES-19,2026-09-28 13:00:00
-9.500200,-46.362500,GOES-19,2026-09-28 13:20:00
-9.500200,-46.362500,GOES-19,2026-09-28 13:30:00
-9.500200,-46.362500,GOES-19,2026-09-28 13:40:00
-9.500200,-46.362500,GOES-19,2026-09-28 13:50:00
-9.500200,-46.362500,GOES-19,2026-09-28 14:00:00
-9.500200,-46.362500,GOES-19,2026-09-28 14:10:00
-9.500200,-46.362500,GOES-19,2026-09-28 14:20:00
-9.500200,-46.362500,GOES-19,2026-09-28 14:30:00
-9.500200,-46.362500,GOES-19,2026-09-28 14:40:00
-9.500200,-46.362500,GOES-19,2026-09-28 14:50:00
-9.500200,-46.362500,GOES-19,2026-09-28 15:20:00
-9.500200,-46.362500,GOES-19,2026-09-28 18:00:00
-9.500200,-46.362500,GOES-19,2026-09-28 18:10:00
-9.519200,-46.360400,GOES-19,2026-09-28 13:40:00
-9.519200,-46.360400,GOES-19,2026-09-28 14:00:00
-9.519200,-46.360400,GOES-19,2026-09-28 14:10:00
-9.519200,-46.360400,GOES-19,2026-09-28 14:20:00
-9.519200,-46.360400,GOES-19,2026-09-28 18:10:00
-9.519200,-46.360400,GOES-19,2026-09-28 18:30:00
-14.709900,-45.556300,GOES-19,2026-09-28 19:00:00
-14.709900,-45.556300,GOES-19,2026-09-28 19:10:00
-14.709900,-45.556300,GOES-19,2026-09-28 19:20:00
-11.060200,-46.104300,GOES-19,2026-09-28 18:50:00
-11.060200,-46.104300,GOES-19,2026-09-28 19:00:00
-11.060200,-46.104300,GOES-19,2026-09-28 19:10:00
-11.060200,-46.104300,GOES-19,2026-09-28 19:20:00
-11.079200,-46.101700,GOES-19,2026-09-28 18:00:00
-11.079200,-46.101700,GOES-19,2026-09-28 18:20:00
-11.079200,-46.101700,GOES-19,2026-09-28 18:30:00
-11.079200,-46.101700,GOES-19,2026-09-28 18:40:00
-11.079200,-46.101700,GOES-19,2026-09-28 18:50:00
-11.079200,-46.101700,GOES-19,2026-09-28 19:00:00
-11.079200,-46.101700,GOES-19,2026-09-28 19:10:00
-11.079200,-46.101700,GOES-19,2026-09-28 19:20:00
-11.079200,-46.101700,GOES-19,2026-09-28 19:30:00
-11.079200,-46.101700,GOES-19,2026-09-28 19:40:00
-11.098300,-46.099200,GOES-19,2026-09-28 18:20:00
-11.098300,-46.099200,GOES-19,2026-09-28 18:30:00
-11.098300,-46.099200,GOES-19,2026-09-28 18:40:00
-11.098300,-46.099200,GOES-19,2026-09-28 18:50:00
-11.098300,-46.099200,GOES-19,2026-09-28 19:00:00
-11.098300,-46.099200,GOES-19,2026-09-28 19:10:00
-11.098300,-46.099200,GOES-19,2026-09-28 19:20:00
-11.079600,-46.079000,GOES-19,2026-09-28 17:30:00
-11.079600,-46.079000,GOES-19,2026-09-28 17:40:00
-11.079600,-46.079000,GOES-19,2026-09-28 17:50:00
-11.079600,-46.079000,GOES-19,2026-09-28 18:00:00
-11.079600,-46.079000,GOES-19,2026-09-28 18:10:00
-11.079600,-46.079000,GOES-19,2026-09-28 18:20:00
-11.079600,-46.079000,GOES-19,2026-09-28 18:30:00
-11.079600,-46.079000,GOES-19,2026-09-28 18:40:00
-11.079600,-46.079000,GOES-19,2026-09-28 18:50:00
-9.770300,-45.993700,GOES-19,2026-09-28 17:50:00
-14.503000,-45.221500,GOES-19,2026-09-28 13:40:00
-14.503000,-45.221500,GOES-19,2026-09-28 14:00:00
-9.033000,-45.986500,GOES-19,2026-09-28 12:50:00
-9.279300,-45.936900,GOES-19,2026-09-28 14:50:00
-9.279300,-45.936900,GOES-19,2026-09-28 15:00:00
-9.279300,-45.936900,GOES-19,2026-09-28 15:10:00
-9.279300,-45.936900,GOES-19,2026-09-28 18:30:00
-9.279300,-45.936900,GOES-19,2026-09-28 19:00:00
-9.298200,-45.934800,GOES-19,2026-09-28 15:10:00
-9.298200,-45.934800,GOES-19,2026-09-28 18:40:00
-9.298200,-45.934800,GOES-19,2026-09-28 19:00:00
-9.298200,-45.934800,GOES-19,2026-09-28 19:10:00
-9.298200,-45.934800,GOES-19,2026-09-28 19:30:00
-9.583000,-45.857200,GOES-19,2026-09-28 14:50:00
-9.583000,-45.857200,GOES-19,2026-09-28 15:00:00
-17.312500,-44.535300,GOES-19,2026-09-28 14:20:00
-17.312500,-44.535300,GOES-19,2026-09-28 14:50:00
-9.469900,-45.824900,GOES-19,2026-09-28 14:50:00
-9.469900,-45.824900,GOES-19,2026-09-28 19:10:00
-9.469900,-45.824900,GOES-19,2026-09-28 19:40:00
-17.313200,-44.511200,GOES-19,2026-09-28 14:20:00
-17.313200,-44.511200,GOES-19,2026-09-28 14:50:00
-9.205100,-45.832200,GOES-19,2026-09-28 18:50:00
-9.470200,-45.802300,GOES-19,2026-09-28 18:40:00
-9.470200,-45.802300,GOES-19,2026-09-28 19:40:00
-9.186800,-45.789000,GOES-19,2026-09-28 18:20:00
-11.586200,-45.462100,GOES-19,2026-09-28 14:20:00
-9.187400,-45.743600,GOES-19,2026-09-28 15:00:00
-9.206300,-45.741500,GOES-19,2026-09-28 13:20:00
-9.206300,-45.741500,GOES-19,2026-09-28 14:10:00
-9.206300,-45.741500,GOES-19,2026-09-28 14:30:00
-9.206300,-45.741500,GOES-19,2026-09-28 14:40:00
-9.206300,-45.741500,GOES-19,2026-09-28 14:50:00
-9.206300,-45.741500,GOES-19,2026-09-28 15:00:00
-9.206300,-45.741500,GOES-19,2026-09-28 18:40:00
-11.395800,-45.420300,GOES-19,2026-09-28 11:00:00
-11.395800,-45.420300,GOES-19,2026-09-28 11:10:00
-12.107100,-45.247900,GOES-19,2026-09-28 14:50:00
-12.088300,-45.227700,GOES-19,2026-09-28 14:50:00
-12.088300,-45.227700,GOES-19,2026-09-28 18:10:00
-9.132800,-45.591100,GOES-19,2026-09-28 18:50:00
-10.519700,-45.378400,GOES-19,2026-09-28 19:10:00
-6.367700,-45.783300,GOES-19,2026-09-28 17:50:00
-8.982700,-45.516900,GOES-19,2026-09-28 13:40:00
-8.982700,-45.516900,GOES-19,2026-09-28 13:50:00
-9.988200,-45.354200,GOES-19,2026-09-28 14:30:00
-9.988200,-45.354200,GOES-19,2026-09-28 14:40:00
-9.988200,-45.354200,GOES-19,2026-09-28 14:50:00
-9.988200,-45.354200,GOES-19,2026-09-28 15:00:00
-9.988600,-45.331300,GOES-19,2026-09-28 13:50:00
-9.988600,-45.331300,GOES-19,2026-09-28 14:30:00
-12.496600,-44.956700,GOES-19,2026-09-28 18:30:00
-12.496600,-44.956700,GOES-19,2026-09-28 18:40:00
-12.496600,-44.956700,GOES-19,2026-09-28 18:50:00
-12.496600,-44.956700,GOES-19,2026-09-28 19:20:00
-8.379700,-45.467500,GOES-19,2026-09-28 11:50:00
-8.379700,-45.467500,GOES-19,2026-09-28 12:00:00
-8.379700,-45.467500,GOES-19,2026-09-28 12:10:00
-8.379700,-45.467500,GOES-19,2026-09-28 12:20:00
-8.379700,-45.467500,GOES-19,2026-09-28 12:30:00
-8.379700,-45.467500,GOES-19,2026-09-28 12:40:00
-8.379700,-45.467500,GOES-19,2026-09-28 12:50:00
-8.379700,-45.467500,GOES-19,2026-09-28 13:00:00
-8.379700,-45.467500,GOES-19,2026-09-28 13:10:00
-8.379700,-45.467500,GOES-19,2026-09-28 13:20:00
-8.379700,-45.467500,GOES-19,2026-09-28 13:30:00
-8.379700,-45.467500,GOES-19,2026-09-28 13:40:00
-8.379700,-45.467500,GOES-19,2026-09-28 13:50:00
-8.379700,-45.467500,GOES-19,2026-09-28 14:00:00
-8.379700,-45.467500,GOES-19,2026-09-28 14:10:00
-8.379700,-45.467500,GOES-19,2026-09-28 18:00:00
-11.190700,-45.127400,GOES-19,2026-09-28 19:10:00
-8.644200,-45.417200,GOES-19,2026-09-28 12:20:00
-8.644200,-45.417200,GOES-19,2026-09-28 12:30:00
-8.247900,-45.458300,GOES-19,2026-09-28 13:20:00
-8.247900,-45.458300,GOES-19,2026-09-28 13:40:00
-8.247900,-45.458300,GOES-19,2026-09-28 14:00:00
-8.247900,-45.458300,GOES-19,2026-09-28 14:20:00
-8.247900,-45.458300,GOES-19,2026-09-28 14:40:00
-8.247900,-45.458300,GOES-19,2026-09-28 14:50:00
-8.247900,-45.458300,GOES-19,2026-09-28 18:30:00
-8.247900,-45.458300,GOES-19,2026-09-28 18:50:00
-8.380000,-45.444800,GOES-19,2026-09-28 11:50:00
-8.380000,-45.444800,GOES-19,2026-09-28 12:00:00
-8.380000,-45.444800,GOES-19,2026-09-28 12:10:00
-8.380000,-45.444800,GOES-19,2026-09-28 15:10:00
-8.304800,-45.429800,GOES-19,2026-09-28 12:20:00
-8.304800,-45.429800,GOES-19,2026-09-28 12:40:00
-8.304800,-45.429800,GOES-19,2026-09-28 13:00:00
-8.304800,-45.429800,GOES-19,2026-09-28 13:10:00
-8.304800,-45.429800,GOES-19,2026-09-28 13:20:00
-8.304800,-45.429800,GOES-19,2026-09-28 13:30:00
-8.304800,-45.429800,GOES-19,2026-09-28 13:40:00
-8.304800,-45.429800,GOES-19,2026-09-28 13:50:00
-8.304800,-45.429800,GOES-19,2026-09-28 14:00:00
-8.304800,-45.429800,GOES-19,2026-09-28 14:10:00
-8.304800,-45.429800,GOES-19,2026-09-28 14:20:00
-8.304800,-45.429800,GOES-19,2026-09-28 14:30:00
-8.304800,-45.429800,GOES-19,2026-09-28 14:40:00
-8.304800,-45.429800,GOES-19,2026-09-28 14:50:00
-8.304800,-45.429800,GOES-19,2026-09-28 15:00:00
-8.304800,-45.429800,GOES-19,2026-09-28 15:10:00
-8.304800,-45.429800,GOES-19,2026-09-28 15:20:00
-8.663400,-45.392400,GOES-19,2026-09-28 12:20:00
-8.663400,-45.392400,GOES-19,2026-09-28 12:30:00
-7.909300,-45.446500,GOES-19,2026-09-28 18:20:00
-7.664600,-45.469800,GOES-19,2026-09-28 14:00:00
-7.664600,-45.469800,GOES-19,2026-09-28 14:20:00
-8.305100,-45.407100,GOES-19,2026-09-28 11:50:00
-8.305100,-45.407100,GOES-19,2026-09-28 12:20:00
-8.305100,-45.407100,GOES-19,2026-09-28 12:30:00
-8.305100,-45.407100,GOES-19,2026-09-28 12:40:00
-8.305100,-45.407100,GOES-19,2026-09-28 13:10:00
-8.305100,-45.407100,GOES-19,2026-09-28 13:20:00
-8.305100,-45.407100,GOES-19,2026-09-28 13:30:00
-8.305100,-45.407100,GOES-19,2026-09-28 13:40:00
-8.305100,-45.407100,GOES-19,2026-09-28 13:50:00
-8.305100,-45.407100,GOES-19,2026-09-28 14:00:00
-8.305100,-45.407100,GOES-19,2026-09-28 14:10:00
-8.305100,-45.407100,GOES-19,2026-09-28 14:20:00
-8.305100,-45.407100,GOES-19,2026-09-28 15:00:00
-8.644800,-45.371700,GOES-19,2026-09-28 14:30:00
-8.644800,-45.371700,GOES-19,2026-09-28 14:40:00
-8.644800,-45.371700,GOES-19,2026-09-28 15:00:00
-8.663700,-45.369700,GOES-19,2026-09-28 13:50:00
-8.663700,-45.369700,GOES-19,2026-09-28 14:10:00
-8.663700,-45.369700,GOES-19,2026-09-28 14:20:00
-8.663700,-45.369700,GOES-19,2026-09-28 14:30:00
-8.663700,-45.369700,GOES-19,2026-09-28 14:40:00
-8.663700,-45.369700,GOES-19,2026-09-28 15:00:00
-8.663700,-45.369700,GOES-19,2026-09-28 18:00:00
-8.663700,-45.369700,GOES-19,2026-09-28 18:30:00
-8.663700,-45.369700,GOES-19,2026-09-28 18:50:00
-8.682600,-45.367700,GOES-19,2026-09-28 18:50:00
-8.664000,-45.346900,GOES-19,2026-09-28 13:40:00
-8.664000,-45.346900,GOES-19,2026-09-28 13:50:00
-8.664000,-45.346900,GOES-19,2026-09-28 14:00:00
-8.664000,-45.346900,GOES-19,2026-09-28 14:10:00
-8.664000,-45.346900,GOES-19,2026-09-28 14:20:00
-8.664000,-45.346900,GOES-19,2026-09-28 14:30:00
-8.664000,-45.346900,GOES-19,2026-09-28 14:40:00
-8.664000,-45.346900,GOES-19,2026-09-28 14:50:00
-12.982300,-44.738900,GOES-19,2026-09-28 18:20:00
-7.009300,-45.302400,GOES-19,2026-09-28 12:10:00
-7.009300,-45.302400,GOES-19,2026-09-28 14:30:00
-11.195800,-44.826900,GOES-19,2026-09-28 00:10:00
-11.195800,-44.826900,GOES-19,2026-09-28 00:20:00
-11.195800,-44.826900,GOES-19,2026-09-28 00:30:00
-11.195800,-44.826900,GOES-19,2026-09-28 00:40:00
-11.195800,-44.826900,GOES-19,2026-09-28 00:50:00
-11.195800,-44.826900,GOES-19,2026-09-28 01:00:00
-11.195800,-44.826900,GOES-19,2026-09-28 01:30:00
-11.195800,-44.826900,GOES-19,2026-09-28 01:40:00
-11.195800,-44.826900,GOES-19,2026-09-28 01:50:00
-11.195800,-44.826900,GOES-19,2026-09-28 02:00:00
-11.195800,-44.826900,GOES-19,2026-09-28 02:10:00
-11.195800,-44.826900,GOES-19,2026-09-28 02:20:00
-11.195800,-44.826900,GOES-19,2026-09-28 02:30:00
-11.195800,-44.826900,GOES-19,2026-09-28 03:00:00
-11.195800,-44.826900,GOES-19,2026-09-28 03:10:00
-11.195800,-44.826900,GOES-19,2026-09-28 12:10:00
-11.195800,-44.826900,GOES-19,2026-09-28 12:20:00
-11.195800,-44.826900,GOES-19,2026-09-28 12:30:00
-11.195800,-44.826900,GOES-19,2026-09-28 12:40:00
-11.195800,-44.826900,GOES-19,2026-09-28 12:50:00
-11.195800,-44.826900,GOES-19,2026-09-28 13:20:00
-11.195800,-44.826900,GOES-19,2026-09-28 13:40:00
-11.176700,-44.829600,GOES-19,2026-09-28 01:30:00
-11.176700,-44.829600,GOES-19,2026-09-28 01:40:00
-11.176700,-44.829600,GOES-19,2026-09-28 01:50:00
-11.176700,-44.829600,GOES-19,2026-09-28 02:00:00
-11.176700,-44.829600,GOES-19,2026-09-28 02:10:00
-11.176700,-44.829600,GOES-19,2026-09-28 02:20:00
-11.176700,-44.829600,GOES-19,2026-09-28 02:30:00
-11.176700,-44.829600,GOES-19,2026-09-28 03:00:00
-11.176700,-44.829600,GOES-19,2026-09-28 03:10:00
-11.196200,-44.803700,GOES-19,2026-09-28 00:10:00
-11.196200,-44.803700,GOES-19,2026-09-28 00:20:00
-11.196200,-44.803700,GOES-19,2026-09-28 00:30:00
-11.196200,-44.803700,GOES-19,2026-09-28 00:40:00
-11.196200,-44.803700,GOES-19,2026-09-28 00:50:00
-11.196200,-44.803700,GOES-19,2026-09-28 01:00:00
-11.196200,-44.803700,GOES-19,2026-09-28 01:30:00
-11.196200,-44.803700,GOES-19,2026-09-28 01:40:00
-11.196200,-44.803700,GOES-19,2026-09-28 01:50:00
-11.196200,-44.803700,GOES-19,2026-09-28 02:00:00
-11.196200,-44.803700,GOES-19,2026-09-28 02:10:00
-11.196200,-44.803700,GOES-19,2026-09-28 02:20:00
-11.196200,-44.803700,GOES-19,2026-09-28 02:30:00
-11.196200,-44.803700,GOES-19,2026-09-28 03:00:00
-11.196200,-44.803700,GOES-19,2026-09-28 03:10:00
-11.196200,-44.803700,GOES-19,2026-09-28 12:10:00
-11.196200,-44.803700,GOES-19,2026-09-28 12:20:00
-11.196200,-44.803700,GOES-19,2026-09-28 12:30:00
-11.196200,-44.803700,GOES-19,2026-09-28 12:40:00
-11.196200,-44.803700,GOES-19,2026-09-28 12:50:00
-11.196200,-44.803700,GOES-19,2026-09-28 13:20:00
-11.196200,-44.803700,GOES-19,2026-09-28 13:40:00
-11.215400,-44.801000,GOES-19,2026-09-28 00:10:00
-11.215400,-44.801000,GOES-19,2026-09-28 00:20:00
-11.215400,-44.801000,GOES-19,2026-09-28 00:30:00
-11.215400,-44.801000,GOES-19,2026-09-28 00:40:00
-11.215400,-44.801000,GOES-19,2026-09-28 00:50:00
-11.215400,-44.801000,GOES-19,2026-09-28 01:00:00
-11.215400,-44.801000,GOES-19,2026-09-28 01:30:00
-11.215400,-44.801000,GOES-19,2026-09-28 01:40:00
-11.215400,-44.801000,GOES-19,2026-09-28 01:50:00
-11.215400,-44.801000,GOES-19,2026-09-28 02:00:00
-11.215400,-44.801000,GOES-19,2026-09-28 02:10:00
-11.215400,-44.801000,GOES-19,2026-09-28 02:20:00
-11.215400,-44.801000,GOES-19,2026-09-28 02:30:00
-11.215400,-44.801000,GOES-19,2026-09-28 03:00:00
-11.215400,-44.801000,GOES-19,2026-09-28 03:10:00
-11.215400,-44.801000,GOES-19,2026-09-28 12:10:00
-11.215400,-44.801000,GOES-19,2026-09-28 12:20:00
-11.215400,-44.801000,GOES-19,2026-09-28 12:30:00
-11.215400,-44.801000,GOES-19,2026-09-28 12:40:00
-11.215400,-44.801000,GOES-19,2026-09-28 12:50:00
-11.215400,-44.801000,GOES-19,2026-09-28 13:20:00
-11.215400,-44.801000,GOES-19,2026-09-28 13:40:00
-11.177100,-44.806400,GOES-19,2026-09-28 00:10:00
-11.177100,-44.806400,GOES-19,2026-09-28 00:20:00
-11.177100,-44.806400,GOES-19,2026-09-28 00:30:00
-11.177100,-44.806400,GOES-19,2026-09-28 00:40:00
-11.177100,-44.806400,GOES-19,2026-09-28 00:50:00
-11.177100,-44.806400,GOES-19,2026-09-28 01:00:00
-11.177100,-44.806400,GOES-19,2026-09-28 01:30:00
-11.177100,-44.806400,GOES-19,2026-09-28 01:40:00
-11.177100,-44.806400,GOES-19,2026-09-28 01:50:00
-11.177100,-44.806400,GOES-19,2026-09-28 02:00:00
-11.177100,-44.806400,GOES-19,2026-09-28 02:10:00
-11.177100,-44.806400,GOES-19,2026-09-28 02:20:00
-11.177100,-44.806400,GOES-19,2026-09-28 02:30:00
-11.177100,-44.806400,GOES-19,2026-09-28 03:00:00
-11.177100,-44.806400,GOES-19,2026-09-28 03:10:00
-11.177100,-44.806400,GOES-19,2026-09-28 12:10:00
-11.177100,-44.806400,GOES-19,2026-09-28 12:20:00
-11.177100,-44.806400,GOES-19,2026-09-28 12:30:00
-11.177100,-44.806400,GOES-19,2026-09-28 12:40:00
-11.177100,-44.806400,GOES-19,2026-09-28 12:50:00
-11.177100,-44.806400,GOES-19,2026-09-28 13:20:00
-11.177100,-44.806400,GOES-19,2026-09-28 13:40:00
-11.177500,-44.783200,GOES-19,2026-09-28 00:20:00
-11.177500,-44.783200,GOES-19,2026-09-28 00:30:00
-11.177500,-44.783200,GOES-19,2026-09-28 00:40:00
-11.177500,-44.783200,GOES-19,2026-09-28 01:40:00
-11.177500,-44.783200,GOES-19,2026-09-28 02:10:00
-11.177500,-44.783200,GOES-19,2026-09-28 02:20:00
-11.177500,-44.783200,GOES-19,2026-09-28 02:30:00
-11.177500,-44.783200,GOES-19,2026-09-28 03:00:00
-11.177500,-44.783200,GOES-19,2026-09-28 03:10:00
-11.177500,-44.783200,GOES-19,2026-09-28 12:10:00
-11.177500,-44.783200,GOES-19,2026-09-28 12:20:00
-11.177500,-44.783200,GOES-19,2026-09-28 12:30:00
-11.177500,-44.783200,GOES-19,2026-09-28 12:40:00
-11.177500,-44.783200,GOES-19,2026-09-28 12:50:00
-11.177500,-44.783200,GOES-19,2026-09-28 13:20:00
-11.177500,-44.783200,GOES-19,2026-09-28 13:40:00
-11.196600,-44.780500,GOES-19,2026-09-28 00:10:00
-11.196600,-44.780500,GOES-19,2026-09-28 00:20:00
-11.196600,-44.780500,GOES-19,2026-09-28 00:30:00
-11.196600,-44.780500,GOES-19,2026-09-28 00:40:00
-11.196600,-44.780500,GOES-19,2026-09-28 00:50:00
-11.196600,-44.780500,GOES-19,2026-09-28 01:00:00
-11.196600,-44.780500,GOES-19,2026-09-28 01:30:00
-11.196600,-44.780500,GOES-19,2026-09-28 01:40:00
-11.196600,-44.780500,GOES-19,2026-09-28 01:50:00
-11.196600,-44.780500,GOES-19,2026-09-28 02:00:00
-11.196600,-44.780500,GOES-19,2026-09-28 02:10:00
-11.196600,-44.780500,GOES-19,2026-09-28 02:20:00
-11.196600,-44.780500,GOES-19,2026-09-28 02:30:00
-11.196600,-44.780500,GOES-19,2026-09-28 03:00:00
-11.196600,-44.780500,GOES-19,2026-09-28 03:10:00
-11.196600,-44.780500,GOES-19,2026-09-28 12:10:00
-11.196600,-44.780500,GOES-19,2026-09-28 12:20:00
-11.196600,-44.780500,GOES-19,2026-09-28 12:30:00
-11.196600,-44.780500,GOES-19,2026-09-28 12:40:00
-11.196600,-44.780500,GOES-19,2026-09-28 12:50:00
-11.196600,-44.780500,GOES-19,2026-09-28 13:20:00
-11.196600,-44.780500,GOES-19,2026-09-28 13:40:00
-11.215800,-44.777800,GOES-19,2026-09-28 00:10:00
-11.215800,-44.777800,GOES-19,2026-09-28 00:20:00
-11.215800,-44.777800,GOES-19,2026-09-28 00:30:00
-11.215800,-44.777800,GOES-19,2026-09-28 00:40:00
-11.215800,-44.777800,GOES-19,2026-09-28 00:50:00
-11.215800,-44.777800,GOES-19,2026-09-28 01:00:00
-11.215800,-44.777800,GOES-19,2026-09-28 01:30:00
-11.215800,-44.777800,GOES-19,2026-09-28 01:40:00
-11.215800,-44.777800,GOES-19,2026-09-28 01:50:00
-11.215800,-44.777800,GOES-19,2026-09-28 02:00:00
-11.215800,-44.777800,GOES-19,2026-09-28 02:10:00
-11.215800,-44.777800,GOES-19,2026-09-28 02:20:00
-11.215800,-44.777800,GOES-19,2026-09-28 12:10:00
-11.215800,-44.777800,GOES-19,2026-09-28 12:20:00
-11.215800,-44.777800,GOES-19,2026-09-28 12:30:00
-11.215800,-44.777800,GOES-19,2026-09-28 12:40:00
-11.215800,-44.777800,GOES-19,2026-09-28 12:50:00
-11.215800,-44.777800,GOES-19,2026-09-28 13:20:00
-11.215800,-44.777800,GOES-19,2026-09-28 13:40:00
-11.197000,-44.757300,GOES-19,2026-09-28 01:50:00
-11.197000,-44.757300,GOES-19,2026-09-28 02:00:00
-11.197000,-44.757300,GOES-19,2026-09-28 13:40:00
-11.216200,-44.754600,GOES-19,2026-09-28 01:50:00
-11.216200,-44.754600,GOES-19,2026-09-28 02:00:00
-11.216200,-44.754600,GOES-19,2026-09-28 02:20:00
-9.768000,-44.854300,GOES-19,2026-09-28 14:40:00
-9.768000,-44.854300,GOES-19,2026-09-28 18:10:00
-9.768000,-44.854300,GOES-19,2026-09-28 18:20:00
-9.768000,-44.854300,GOES-19,2026-09-28 18:40:00
-9.806400,-44.826500,GOES-19,2026-09-28 14:20:00
-9.806400,-44.826500,GOES-19,2026-09-28 18:00:00
-7.218100,-45.079700,GOES-19,2026-09-28 18:10:00
-9.787700,-44.805800,GOES-19,2026-09-28 14:20:00
-5.737400,-45.176000,GOES-19,2026-09-28 18:40:00
-5.737400,-45.176000,GOES-19,2026-09-28 19:00:00
-5.737400,-45.176000,GOES-19,2026-09-28 19:40:00
-5.737400,-45.176000,GOES-19,2026-09-28 20:00:00
-8.726400,-44.906600,GOES-19,2026-09-28 13:30:00
-8.726400,-44.906600,GOES-19,2026-09-28 13:40:00
-8.726400,-44.906600,GOES-19,2026-09-28 14:00:00
-8.726400,-44.906600,GOES-19,2026-09-28 14:10:00
-8.726400,-44.906600,GOES-19,2026-09-28 18:10:00
-8.726400,-44.906600,GOES-19,2026-09-28 18:20:00
-8.745300,-44.904500,GOES-19,2026-09-28 18:10:00
-6.824500,-45.045800,GOES-19,2026-09-28 18:20:00
-5.719700,-45.064000,GOES-19,2026-09-28 18:30:00
-5.719700,-45.064000,GOES-19,2026-09-28 19:00:00
-7.671200,-44.900800,GOES-19,2026-09-28 18:30:00
-7.671200,-44.900800,GOES-19,2026-09-28 18:40:00
-7.690000,-44.899000,GOES-19,2026-09-28 18:00:00
-7.690000,-44.899000,GOES-19,2026-09-28 18:40:00
-7.671400,-44.877900,GOES-19,2026-09-28 18:20:00
-7.671400,-44.877900,GOES-19,2026-09-28 18:30:00
-7.671400,-44.877900,GOES-19,2026-09-28 18:40:00
-7.671400,-44.877900,GOES-19,2026-09-28 18:50:00
-7.671400,-44.877900,GOES-19,2026-09-28 19:00:00
-7.520800,-44.892300,GOES-19,2026-09-28 14:40:00
-7.897800,-44.832900,GOES-19,2026-09-28 18:00:00
-8.067500,-44.815800,GOES-19,2026-09-28 13:40:00
-8.067500,-44.815800,GOES-19,2026-09-28 13:50:00
-8.067500,-44.815800,GOES-19,2026-09-28 14:00:00
-8.067500,-44.815800,GOES-19,2026-09-28 14:10:00
-8.067500,-44.815800,GOES-19,2026-09-28 14:20:00
-8.067500,-44.815800,GOES-19,2026-09-28 14:30:00
-7.220600,-44.851600,GOES-19,2026-09-28 14:40:00
-7.239400,-44.849800,GOES-19,2026-09-28 14:10:00
-7.578400,-44.795400,GOES-19,2026-09-28 14:30:00
-7.597200,-44.793600,GOES-19,2026-09-28 14:30:00
-13.383500,-44.013200,GOES-19,2026-09-28 18:10:00
-13.383500,-44.013200,GOES-19,2026-09-28 18:20:00
-13.326700,-43.952300,GOES-19,2026-09-28 14:50:00
-13.326700,-43.952300,GOES-19,2026-09-28 18:10:00
-13.326700,-43.952300,GOES-19,2026-09-28 18:20:00
-13.326700,-43.952300,GOES-19,2026-09-28 18:30:00
-13.326700,-43.952300,GOES-19,2026-09-28 18:40:00
-13.326700,-43.952300,GOES-19,2026-09-28 18:50:00
-13.307300,-43.955700,GOES-19,2026-09-28 18:30:00
-13.307300,-43.955700,GOES-19,2026-09-28 18:40:00
-13.307300,-43.955700,GOES-19,2026-09-28 18:50:00
-7.524300,-44.594400,GOES-19,2026-09-28 18:40:00
-7.524300,-44.594400,GOES-19,2026-09-28 23:20:00
-2.311600,-44.894700,GOES-19,2026-09-28 18:50:00
-7.524500,-44.571500,GOES-19,2026-09-28 18:40:00
-7.524500,-44.571500,GOES-19,2026-09-28 23:20:00
-2.311700,-44.872100,GOES-19,2026-09-28 18:50:00
-7.487100,-44.552100,GOES-19,2026-09-28 12:40:00
-7.487100,-44.552100,GOES-19,2026-09-28 13:20:00
-7.487100,-44.552100,GOES-19,2026-09-28 13:30:00
-7.487100,-44.552100,GOES-19,2026-09-28 13:40:00
-7.487100,-44.552100,GOES-19,2026-09-28 15:00:00
-7.506000,-44.550300,GOES-19,2026-09-28 12:40:00
-7.506000,-44.550300,GOES-19,2026-09-28 12:50:00
-7.506000,-44.550300,GOES-19,2026-09-28 13:20:00
-7.506000,-44.550300,GOES-19,2026-09-28 13:30:00
-7.506000,-44.550300,GOES-19,2026-09-28 13:40:00
-7.506000,-44.550300,GOES-19,2026-09-28 13:50:00
-7.506000,-44.550300,GOES-19,2026-09-28 14:00:00
-7.506000,-44.550300,GOES-19,2026-09-28 14:10:00
-7.506000,-44.550300,GOES-19,2026-09-28 14:30:00
-7.506000,-44.550300,GOES-19,2026-09-28 14:40:00
-7.506000,-44.550300,GOES-19,2026-09-28 14:50:00
-7.506000,-44.550300,GOES-19,2026-09-28 15:00:00
-7.506000,-44.550300,GOES-19,2026-09-28 23:20:00
-8.982300,-44.163300,GOES-19,2026-09-28 14:20:00
-8.982300,-44.163300,GOES-19,2026-09-28 17:50:00
-8.982300,-44.163300,GOES-19,2026-09-28 18:30:00
-8.982300,-44.163300,GOES-19,2026-09-28 18:40:00
-8.982300,-44.163300,GOES-19,2026-09-28 18:50:00
-10.925000,-43.911100,GOES-19,2026-09-28 18:20:00
-10.925000,-43.911100,GOES-19,2026-09-28 19:20:00
-10.944100,-43.908400,GOES-19,2026-09-28 18:20:00
-8.982600,-44.140000,GOES-19,2026-09-28 13:40:00
-8.982600,-44.140000,GOES-19,2026-09-28 18:30:00
-8.982600,-44.140000,GOES-19,2026-09-28 18:40:00
-8.982600,-44.140000,GOES-19,2026-09-28 19:00:00
-10.925400,-43.887600,GOES-19,2026-09-28 18:20:00
-10.944500,-43.884900,GOES-19,2026-09-28 18:20:00
-10.963700,-43.882100,GOES-19,2026-09-28 18:20:00
-10.925800,-43.864100,GOES-19,2026-09-28 18:20:00
-10.944900,-43.861400,GOES-19,2026-09-28 18:20:00
-10.162700,-43.899500,GOES-19,2026-09-28 14:00:00
-10.162700,-43.899500,GOES-19,2026-09-28 14:10:00
-10.162700,-43.899500,GOES-19,2026-09-28 18:00:00
-10.162700,-43.899500,GOES-19,2026-09-28 18:10:00
-10.162700,-43.899500,GOES-19,2026-09-28 18:20:00
-10.162700,-43.899500,GOES-19,2026-09-28 18:30:00
-10.162700,-43.899500,GOES-19,2026-09-28 18:40:00
-10.449700,-43.813900,GOES-19,2026-09-28 18:00:00
-10.449700,-43.813900,GOES-19,2026-09-28 18:10:00
-11.639500,-43.545500,GOES-19,2026-09-28 19:30:00
-11.639500,-43.545500,GOES-19,2026-09-28 19:40:00
-11.639500,-43.545500,GOES-19,2026-09-28 20:20:00
-11.639500,-43.545500,GOES-19,2026-09-28 20:30:00
-11.658800,-43.542500,GOES-19,2026-09-28 18:30:00
-11.658800,-43.542500,GOES-19,2026-09-28 19:00:00
-11.658800,-43.542500,GOES-19,2026-09-28 19:10:00
-11.658800,-43.542500,GOES-19,2026-09-28 19:40:00
-11.658800,-43.542500,GOES-19,2026-09-28 20:20:00
-11.658800,-43.542500,GOES-19,2026-09-28 20:30:00
-11.678000,-43.539600,GOES-19,2026-09-28 18:20:00
-11.678000,-43.539600,GOES-19,2026-09-28 18:40:00
-11.678000,-43.539600,GOES-19,2026-09-28 19:00:00
-11.678000,-43.539600,GOES-19,2026-09-28 19:10:00
-11.678000,-43.539600,GOES-19,2026-09-28 19:20:00
-11.678000,-43.539600,GOES-19,2026-09-28 19:30:00
-11.678000,-43.539600,GOES-19,2026-09-28 19:40:00
-11.678000,-43.539600,GOES-19,2026-09-28 20:10:00
-11.640000,-43.521800,GOES-19,2026-09-28 18:10:00
-11.640000,-43.521800,GOES-19,2026-09-28 19:00:00
-11.640000,-43.521800,GOES-19,2026-09-28 19:10:00
-11.640000,-43.521800,GOES-19,2026-09-28 19:20:00
-11.640000,-43.521800,GOES-19,2026-09-28 19:30:00
-11.640000,-43.521800,GOES-19,2026-09-28 19:40:00
-11.640000,-43.521800,GOES-19,2026-09-28 20:10:00
-11.640000,-43.521800,GOES-19,2026-09-28 20:20:00
-11.640000,-43.521800,GOES-19,2026-09-28 20:30:00
-11.659200,-43.518800,GOES-19,2026-09-28 18:20:00
-11.659200,-43.518800,GOES-19,2026-09-28 18:40:00
-11.659200,-43.518800,GOES-19,2026-09-28 19:00:00
-11.659200,-43.518800,GOES-19,2026-09-28 19:10:00
-11.659200,-43.518800,GOES-19,2026-09-28 19:20:00
-11.659200,-43.518800,GOES-19,2026-09-28 19:30:00
-11.659200,-43.518800,GOES-19,2026-09-28 19:40:00
-11.659200,-43.518800,GOES-19,2026-09-28 20:10:00
-11.659200,-43.518800,GOES-19,2026-09-28 20:20:00
-11.659200,-43.518800,GOES-19,2026-09-28 20:30:00
-11.678400,-43.515800,GOES-19,2026-09-28 18:20:00
-11.678400,-43.515800,GOES-19,2026-09-28 18:40:00
-11.678400,-43.515800,GOES-19,2026-09-28 19:00:00
-11.678400,-43.515800,GOES-19,2026-09-28 19:10:00
-11.678400,-43.515800,GOES-19,2026-09-28 19:20:00
-11.678400,-43.515800,GOES-19,2026-09-28 19:30:00
-11.678400,-43.515800,GOES-19,2026-09-28 19:40:00
-11.678400,-43.515800,GOES-19,2026-09-28 20:10:00
-11.678400,-43.515800,GOES-19,2026-09-28 20:20:00
-11.294500,-43.551000,GOES-19,2026-09-28 18:00:00
-11.294500,-43.551000,GOES-19,2026-09-28 18:10:00
-11.294500,-43.551000,GOES-19,2026-09-28 18:20:00
-11.294500,-43.551000,GOES-19,2026-09-28 18:30:00
-11.294500,-43.551000,GOES-19,2026-09-28 18:40:00
-11.294500,-43.551000,GOES-19,2026-09-28 18:50:00
-11.294500,-43.551000,GOES-19,2026-09-28 19:10:00
-11.294500,-43.551000,GOES-19,2026-09-28 19:40:00
-11.294500,-43.551000,GOES-19,2026-09-28 19:50:00
-11.313700,-43.548100,GOES-19,2026-09-28 18:20:00
-11.313700,-43.548100,GOES-19,2026-09-28 18:30:00
-11.313700,-43.548100,GOES-19,2026-09-28 18:40:00
-11.313700,-43.548100,GOES-19,2026-09-28 18:50:00
-11.313700,-43.548100,GOES-19,2026-09-28 19:00:00
-11.313700,-43.548100,GOES-19,2026-09-28 19:10:00
-11.313700,-43.548100,GOES-19,2026-09-28 19:20:00
-11.313700,-43.548100,GOES-19,2026-09-28 19:30:00
-11.313700,-43.548100,GOES-19,2026-09-28 19:40:00
-11.313700,-43.548100,GOES-19,2026-09-28 19:50:00
-11.621200,-43.501100,GOES-19,2026-09-28 17:50:00
-11.621200,-43.501100,GOES-19,2026-09-28 18:00:00
-11.621200,-43.501100,GOES-19,2026-09-28 18:10:00
-11.621200,-43.501100,GOES-19,2026-09-28 18:20:00
-11.621200,-43.501100,GOES-19,2026-09-28 18:30:00
-11.621200,-43.501100,GOES-19,2026-09-28 18:40:00
-11.621200,-43.501100,GOES-19,2026-09-28 18:50:00
-11.621200,-43.501100,GOES-19,2026-09-28 19:00:00
-11.621200,-43.501100,GOES-19,2026-09-28 19:10:00
-11.621200,-43.501100,GOES-19,2026-09-28 19:20:00
-11.621200,-43.501100,GOES-19,2026-09-28 19:30:00
-11.621200,-43.501100,GOES-19,2026-09-28 19:40:00
-11.621200,-43.501100,GOES-19,2026-09-28 20:10:00
-11.621200,-43.501100,GOES-19,2026-09-28 20:20:00
-11.621200,-43.501100,GOES-19,2026-09-28 20:30:00
-11.640400,-43.498100,GOES-19,2026-09-28 18:20:00
-11.640400,-43.498100,GOES-19,2026-09-28 18:40:00
-11.640400,-43.498100,GOES-19,2026-09-28 19:00:00
-11.640400,-43.498100,GOES-19,2026-09-28 19:10:00
-11.640400,-43.498100,GOES-19,2026-09-28 19:20:00
-11.640400,-43.498100,GOES-19,2026-09-28 19:30:00
-11.640400,-43.498100,GOES-19,2026-09-28 19:40:00
-11.640400,-43.498100,GOES-19,2026-09-28 20:10:00
-11.640400,-43.498100,GOES-19,2026-09-28 20:20:00
-11.640400,-43.498100,GOES-19,2026-09-28 20:30:00
-11.659600,-43.495100,GOES-19,2026-09-28 18:20:00
-11.659600,-43.495100,GOES-19,2026-09-28 18:40:00
-11.659600,-43.495100,GOES-19,2026-09-28 19:10:00
-11.659600,-43.495100,GOES-19,2026-09-28 19:20:00
-11.659600,-43.495100,GOES-19,2026-09-28 19:40:00
-11.659600,-43.495100,GOES-19,2026-09-28 20:10:00
-11.659600,-43.495100,GOES-19,2026-09-28 20:20:00
-11.659600,-43.495100,GOES-19,2026-09-28 20:30:00
-11.275300,-43.553900,GOES-19,2026-09-28 18:40:00
-11.275300,-43.553900,GOES-19,2026-09-28 18:50:00
-11.275300,-43.553900,GOES-19,2026-09-28 19:10:00
-11.275800,-43.530300,GOES-19,2026-09-28 18:40:00
-11.275800,-43.530300,GOES-19,2026-09-28 18:50:00
-11.295000,-43.527400,GOES-19,2026-09-28 17:50:00
-11.295000,-43.527400,GOES-19,2026-09-28 18:00:00
-11.295000,-43.527400,GOES-19,2026-09-28 18:10:00
-11.295000,-43.527400,GOES-19,2026-09-28 18:20:00
-11.295000,-43.527400,GOES-19,2026-09-28 18:30:00
-11.295000,-43.527400,GOES-19,2026-09-28 18:40:00
-11.295000,-43.527400,GOES-19,2026-09-28 18:50:00
-11.295000,-43.527400,GOES-19,2026-09-28 19:00:00
-11.295000,-43.527400,GOES-19,2026-09-28 19:10:00
-11.295000,-43.527400,GOES-19,2026-09-28 19:20:00
-11.295000,-43.527400,GOES-19,2026-09-28 19:30:00
-11.295000,-43.527400,GOES-19,2026-09-28 19:40:00
-11.295000,-43.527400,GOES-19,2026-09-28 19:50:00
-11.640800,-43.474400,GOES-19,2026-09-28 18:20:00
-11.640800,-43.474400,GOES-19,2026-09-28 20:30:00
-11.429800,-43.483300,GOES-19,2026-09-28 22:20:00
-11.429800,-43.483300,GOES-19,2026-09-28 22:50:00
-11.429800,-43.483300,GOES-19,2026-09-28 23:10:00
-11.429800,-43.483300,GOES-19,2026-09-28 23:20:00
-11.429800,-43.483300,GOES-19,2026-09-28 23:30:00
-11.429800,-43.483300,GOES-19,2026-09-28 23:40:00
-11.429800,-43.483300,GOES-19,2026-09-28 23:50:00
-11.449000,-43.480300,GOES-19,2026-09-28 23:10:00
-11.449000,-43.480300,GOES-19,2026-09-28 23:20:00
-11.449000,-43.480300,GOES-19,2026-09-28 23:30:00
-11.449000,-43.480300,GOES-19,2026-09-28 23:40:00
-11.449000,-43.480300,GOES-19,2026-09-28 23:50:00
-11.391800,-43.465400,GOES-19,2026-09-28 18:10:00
-11.391800,-43.465400,GOES-19,2026-09-28 18:50:00
-11.391800,-43.465400,GOES-19,2026-09-28 19:00:00
-11.391800,-43.465400,GOES-19,2026-09-28 19:10:00
-11.391800,-43.465400,GOES-19,2026-09-28 19:20:00
-11.391800,-43.465400,GOES-19,2026-09-28 19:30:00
-11.391800,-43.465400,GOES-19,2026-09-28 19:40:00
-11.391800,-43.465400,GOES-19,2026-09-28 19:50:00
-11.391800,-43.465400,GOES-19,2026-09-28 20:00:00
-11.391800,-43.465400,GOES-19,2026-09-28 20:10:00
-11.391800,-43.465400,GOES-19,2026-09-28 20:20:00
-11.391800,-43.465400,GOES-19,2026-09-28 20:30:00
-11.391800,-43.465400,GOES-19,2026-09-28 20:40:00
-11.391800,-43.465400,GOES-19,2026-09-28 21:30:00
-11.391800,-43.465400,GOES-19,2026-09-28 21:40:00
-11.391800,-43.465400,GOES-19,2026-09-28 21:50:00
-11.391800,-43.465400,GOES-19,2026-09-28 22:00:00
-11.391800,-43.465400,GOES-19,2026-09-28 22:10:00
-11.391800,-43.465400,GOES-19,2026-09-28 22:20:00
-11.391800,-43.465400,GOES-19,2026-09-28 22:30:00
-11.391800,-43.465400,GOES-19,2026-09-28 22:40:00
-11.391800,-43.465400,GOES-19,2026-09-28 22:50:00
-11.391800,-43.465400,GOES-19,2026-09-28 23:00:00
-11.391800,-43.465400,GOES-19,2026-09-28 23:10:00
-11.391800,-43.465400,GOES-19,2026-09-28 23:20:00
-11.391800,-43.465400,GOES-19,2026-09-28 23:30:00
-11.391800,-43.465400,GOES-19,2026-09-28 23:40:00
-11.411000,-43.462500,GOES-19,2026-09-28 19:00:00
-11.411000,-43.462500,GOES-19,2026-09-28 19:10:00
-11.411000,-43.462500,GOES-19,2026-09-28 19:20:00
-11.411000,-43.462500,GOES-19,2026-09-28 19:30:00
-11.411000,-43.462500,GOES-19,2026-09-28 19:40:00
-11.411000,-43.462500,GOES-19,2026-09-28 19:50:00
-11.411000,-43.462500,GOES-19,2026-09-28 20:00:00
-11.411000,-43.462500,GOES-19,2026-09-28 20:10:00
-11.411000,-43.462500,GOES-19,2026-09-28 20:20:00
-11.411000,-43.462500,GOES-19,2026-09-28 20:30:00
-11.411000,-43.462500,GOES-19,2026-09-28 20:40:00
-11.411000,-43.462500,GOES-19,2026-09-28 21:30:00
-11.411000,-43.462500,GOES-19,2026-09-28 21:40:00
-11.411000,-43.462500,GOES-19,2026-09-28 21:50:00
-11.411000,-43.462500,GOES-19,2026-09-28 22:00:00
-11.411000,-43.462500,GOES-19,2026-09-28 22:10:00
-11.411000,-43.462500,GOES-19,2026-09-28 22:20:00
-11.411000,-43.462500,GOES-19,2026-09-28 22:30:00
-11.411000,-43.462500,GOES-19,2026-09-28 22:40:00
-11.411000,-43.462500,GOES-19,2026-09-28 22:50:00
-11.411000,-43.462500,GOES-19,2026-09-28 23:00:00
-11.411000,-43.462500,GOES-19,2026-09-28 23:10:00
-11.411000,-43.462500,GOES-19,2026-09-28 23:20:00
-11.411000,-43.462500,GOES-19,2026-09-28 23:30:00
-11.411000,-43.462500,GOES-19,2026-09-28 23:40:00
-11.411000,-43.462500,GOES-19,2026-09-28 23:50:00
-11.430200,-43.459600,GOES-19,2026-09-28 21:30:00
-11.430200,-43.459600,GOES-19,2026-09-28 21:40:00
-11.430200,-43.459600,GOES-19,2026-09-28 21:50:00
-11.430200,-43.459600,GOES-19,2026-09-28 22:00:00
-11.430200,-43.459600,GOES-19,2026-09-28 22:10:00
-11.430200,-43.459600,GOES-19,2026-09-28 22:20:00
-11.430200,-43.459600,GOES-19,2026-09-28 22:30:00
-11.430200,-43.459600,GOES-19,2026-09-28 22:40:00
-11.430200,-43.459600,GOES-19,2026-09-28 22:50:00
-11.430200,-43.459600,GOES-19,2026-09-28 23:00:00
-11.430200,-43.459600,GOES-19,2026-09-28 23:10:00
-11.430200,-43.459600,GOES-19,2026-09-28 23:20:00
-11.430200,-43.459600,GOES-19,2026-09-28 23:30:00
-11.430200,-43.459600,GOES-19,2026-09-28 23:40:00
-11.430200,-43.459600,GOES-19,2026-09-28 23:50:00
-11.449500,-43.456600,GOES-19,2026-09-28 21:40:00
-11.449500,-43.456600,GOES-19,2026-09-28 21:50:00
-11.449500,-43.456600,GOES-19,2026-09-28 22:00:00
-11.449500,-43.456600,GOES-19,2026-09-28 22:10:00
-11.449500,-43.456600,GOES-19,2026-09-28 22:20:00
-11.449500,-43.456600,GOES-19,2026-09-28 22:30:00
-11.449500,-43.456600,GOES-19,2026-09-28 22:40:00
-11.449500,-43.456600,GOES-19,2026-09-28 22:50:00
-11.449500,-43.456600,GOES-19,2026-09-28 23:00:00
-11.449500,-43.456600,GOES-19,2026-09-28 23:10:00
-11.449500,-43.456600,GOES-19,2026-09-28 23:20:00
-11.449500,-43.456600,GOES-19,2026-09-28 23:30:00
-11.449500,-43.456600,GOES-19,2026-09-28 23:40:00
-11.449500,-43.456600,GOES-19,2026-09-28 23:50:00
-11.373000,-43.444600,GOES-19,2026-09-28 18:20:00
-11.373000,-43.444600,GOES-19,2026-09-28 18:50:00
-11.373000,-43.444600,GOES-19,2026-09-28 19:00:00
-11.373000,-43.444600,GOES-19,2026-09-28 19:10:00
-11.373000,-43.444600,GOES-19,2026-09-28 19:20:00
-11.373000,-43.444600,GOES-19,2026-09-28 19:30:00
-11.373000,-43.444600,GOES-19,2026-09-28 19:40:00
-11.373000,-43.444600,GOES-19,2026-09-28 19:50:00
-11.373000,-43.444600,GOES-19,2026-09-28 20:00:00
-11.373000,-43.444600,GOES-19,2026-09-28 20:10:00
-11.373000,-43.444600,GOES-19,2026-09-28 20:30:00
-11.373000,-43.444600,GOES-19,2026-09-28 20:40:00
-11.392200,-43.441700,GOES-19,2026-09-28 18:20:00
-11.392200,-43.441700,GOES-19,2026-09-28 18:50:00
-11.392200,-43.441700,GOES-19,2026-09-28 19:00:00
-11.392200,-43.441700,GOES-19,2026-09-28 19:10:00
-11.392200,-43.441700,GOES-19,2026-09-28 19:20:00
-11.392200,-43.441700,GOES-19,2026-09-28 19:30:00
-11.392200,-43.441700,GOES-19,2026-09-28 19:40:00
-11.392200,-43.441700,GOES-19,2026-09-28 19:50:00
-11.392200,-43.441700,GOES-19,2026-09-28 20:00:00
-11.392200,-43.441700,GOES-19,2026-09-28 20:10:00
-11.392200,-43.441700,GOES-19,2026-09-28 20:20:00
-11.392200,-43.441700,GOES-19,2026-09-28 20:30:00
-11.392200,-43.441700,GOES-19,2026-09-28 20:40:00
-11.392200,-43.441700,GOES-19,2026-09-28 21:30:00
-11.392200,-43.441700,GOES-19,2026-09-28 21:40:00
-11.392200,-43.441700,GOES-19,2026-09-28 21:50:00
-11.392200,-43.441700,GOES-19,2026-09-28 22:00:00
-11.392200,-43.441700,GOES-19,2026-09-28 22:10:00
-11.392200,-43.441700,GOES-19,2026-09-28 22:20:00
-11.392200,-43.441700,GOES-19,2026-09-28 22:30:00
-11.392200,-43.441700,GOES-19,2026-09-28 22:40:00
-11.392200,-43.441700,GOES-19,2026-09-28 22:50:00
-11.392200,-43.441700,GOES-19,2026-09-28 23:00:00
-11.392200,-43.441700,GOES-19,2026-09-28 23:10:00
-11.392200,-43.441700,GOES-19,2026-09-28 23:20:00
-11.392200,-43.441700,GOES-19,2026-09-28 23:30:00
-11.392200,-43.441700,GOES-19,2026-09-28 23:40:00
-11.392200,-43.441700,GOES-19,2026-09-28 23:50:00
-9.862500,-43.634800,GOES-19,2026-09-28 18:40:00
-9.862500,-43.634800,GOES-19,2026-09-28 18:50:00
-9.862500,-43.634800,GOES-19,2026-09-28 19:00:00
-9.881600,-43.632300,GOES-19,2026-09-28 18:40:00
-9.881600,-43.632300,GOES-19,2026-09-28 18:50:00
-9.881600,-43.632300,GOES-19,2026-09-28 19:00:00
-9.881600,-43.632300,GOES-19,2026-09-28 19:10:00
-11.373500,-43.420900,GOES-19,2026-09-28 18:20:00
-11.373500,-43.420900,GOES-19,2026-09-28 18:50:00
-11.373500,-43.420900,GOES-19,2026-09-28 19:00:00
-11.373500,-43.420900,GOES-19,2026-09-28 19:10:00
-11.373500,-43.420900,GOES-19,2026-09-28 19:20:00
-11.373500,-43.420900,GOES-19,2026-09-28 19:30:00
-11.373500,-43.420900,GOES-19,2026-09-28 19:40:00
-11.373500,-43.420900,GOES-19,2026-09-28 19:50:00
-11.373500,-43.420900,GOES-19,2026-09-28 20:00:00
-11.373500,-43.420900,GOES-19,2026-09-28 20:10:00
-11.373500,-43.420900,GOES-19,2026-09-28 20:20:00
-11.373500,-43.420900,GOES-19,2026-09-28 20:30:00
-11.373500,-43.420900,GOES-19,2026-09-28 20:40:00
-11.392700,-43.418000,GOES-19,2026-09-28 18:20:00
-11.392700,-43.418000,GOES-19,2026-09-28 18:50:00
-11.392700,-43.418000,GOES-19,2026-09-28 19:00:00
-11.392700,-43.418000,GOES-19,2026-09-28 19:10:00
-11.392700,-43.418000,GOES-19,2026-09-28 19:20:00
-11.392700,-43.418000,GOES-19,2026-09-28 19:30:00
-11.392700,-43.418000,GOES-19,2026-09-28 19:40:00
-11.392700,-43.418000,GOES-19,2026-09-28 19:50:00
-11.392700,-43.418000,GOES-19,2026-09-28 20:00:00
-11.392700,-43.418000,GOES-19,2026-09-28 20:10:00
-11.392700,-43.418000,GOES-19,2026-09-28 20:20:00
-11.392700,-43.418000,GOES-19,2026-09-28 20:30:00
-11.392700,-43.418000,GOES-19,2026-09-28 20:40:00
-11.392700,-43.418000,GOES-19,2026-09-28 21:30:00
-11.392700,-43.418000,GOES-19,2026-09-28 21:40:00
-11.392700,-43.418000,GOES-19,2026-09-28 21:50:00
-11.392700,-43.418000,GOES-19,2026-09-28 22:00:00
-11.392700,-43.418000,GOES-19,2026-09-28 22:10:00
-11.392700,-43.418000,GOES-19,2026-09-28 22:20:00
-11.392700,-43.418000,GOES-19,2026-09-28 22:30:00
-11.392700,-43.418000,GOES-19,2026-09-28 22:40:00
-11.392700,-43.418000,GOES-19,2026-09-28 22:50:00
-11.392700,-43.418000,GOES-19,2026-09-28 23:00:00
-11.392700,-43.418000,GOES-19,2026-09-28 23:10:00
-11.392700,-43.418000,GOES-19,2026-09-28 23:20:00
-11.392700,-43.418000,GOES-19,2026-09-28 23:30:00
-11.392700,-43.418000,GOES-19,2026-09-28 23:40:00
-11.392700,-43.418000,GOES-19,2026-09-28 23:50:00
-11.411900,-43.415000,GOES-19,2026-09-28 14:20:00
-11.411900,-43.415000,GOES-19,2026-09-28 17:50:00
-11.411900,-43.415000,GOES-19,2026-09-28 18:00:00
-11.411900,-43.415000,GOES-19,2026-09-28 19:10:00
-11.411900,-43.415000,GOES-19,2026-09-28 19:50:00
-11.411900,-43.415000,GOES-19,2026-09-28 20:00:00
-11.411900,-43.415000,GOES-19,2026-09-28 20:10:00
-11.411900,-43.415000,GOES-19,2026-09-28 20:20:00
-11.411900,-43.415000,GOES-19,2026-09-28 20:30:00
-11.411900,-43.415000,GOES-19,2026-09-28 20:40:00
-11.411900,-43.415000,GOES-19,2026-09-28 21:30:00
-11.411900,-43.415000,GOES-19,2026-09-28 21:40:00
-11.411900,-43.415000,GOES-19,2026-09-28 21:50:00
-11.411900,-43.415000,GOES-19,2026-09-28 22:00:00
-11.411900,-43.415000,GOES-19,2026-09-28 22:10:00
-11.411900,-43.415000,GOES-19,2026-09-28 22:20:00
-11.411900,-43.415000,GOES-19,2026-09-28 22:30:00
-11.411900,-43.415000,GOES-19,2026-09-28 22:40:00
-11.411900,-43.415000,GOES-19,2026-09-28 22:50:00
-11.411900,-43.415000,GOES-19,2026-09-28 23:00:00
-11.411900,-43.415000,GOES-19,2026-09-28 23:10:00
-11.411900,-43.415000,GOES-19,2026-09-28 23:20:00
-11.411900,-43.415000,GOES-19,2026-09-28 23:30:00
-11.411900,-43.415000,GOES-19,2026-09-28 23:40:00
-11.411900,-43.415000,GOES-19,2026-09-28 23:50:00
-11.431100,-43.412100,GOES-19,2026-09-28 20:40:00
-11.431100,-43.412100,GOES-19,2026-09-28 21:30:00
-11.431100,-43.412100,GOES-19,2026-09-28 21:40:00
-11.431100,-43.412100,GOES-19,2026-09-28 21:50:00
-11.431100,-43.412100,GOES-19,2026-09-28 22:00:00
-11.431100,-43.412100,GOES-19,2026-09-28 22:10:00
-11.431100,-43.412100,GOES-19,2026-09-28 22:20:00
-11.431100,-43.412100,GOES-19,2026-09-28 22:30:00
-11.431100,-43.412100,GOES-19,2026-09-28 22:40:00
-11.431100,-43.412100,GOES-19,2026-09-28 22:50:00
-11.431100,-43.412100,GOES-19,2026-09-28 23:00:00
-11.431100,-43.412100,GOES-19,2026-09-28 23:10:00
-11.431100,-43.412100,GOES-19,2026-09-28 23:20:00
-11.431100,-43.412100,GOES-19,2026-09-28 23:30:00
-11.431100,-43.412100,GOES-19,2026-09-28 23:40:00
-11.431100,-43.412100,GOES-19,2026-09-28 23:50:00
-9.881900,-43.608800,GOES-19,2026-09-28 18:00:00
-9.881900,-43.608800,GOES-19,2026-09-28 18:10:00
-9.881900,-43.608800,GOES-19,2026-09-28 18:20:00
-9.881900,-43.608800,GOES-19,2026-09-28 18:40:00
-9.881900,-43.608800,GOES-19,2026-09-28 18:50:00
-11.373900,-43.397200,GOES-19,2026-09-28 18:20:00
-11.373900,-43.397200,GOES-19,2026-09-28 19:00:00
-11.373900,-43.397200,GOES-19,2026-09-28 19:20:00
-11.373900,-43.397200,GOES-19,2026-09-28 19:30:00
-11.373900,-43.397200,GOES-19,2026-09-28 19:40:00
-11.373900,-43.397200,GOES-19,2026-09-28 19:50:00
-11.373900,-43.397200,GOES-19,2026-09-28 20:00:00
-11.373900,-43.397200,GOES-19,2026-09-28 20:10:00
-11.373900,-43.397200,GOES-19,2026-09-28 20:20:00
-11.373900,-43.397200,GOES-19,2026-09-28 20:30:00
-11.373900,-43.397200,GOES-19,2026-09-28 20:40:00
-11.373900,-43.397200,GOES-19,2026-09-28 21:30:00
-11.373900,-43.397200,GOES-19,2026-09-28 21:40:00
-11.373900,-43.397200,GOES-19,2026-09-28 21:50:00
-11.373900,-43.397200,GOES-19,2026-09-28 22:00:00
-11.373900,-43.397200,GOES-19,2026-09-28 22:10:00
-11.393100,-43.394200,GOES-19,2026-09-28 17:50:00
-11.393100,-43.394200,GOES-19,2026-09-28 18:00:00
-11.393100,-43.394200,GOES-19,2026-09-28 18:10:00
-11.393100,-43.394200,GOES-19,2026-09-28 18:20:00
-11.393100,-43.394200,GOES-19,2026-09-28 19:20:00
-11.393100,-43.394200,GOES-19,2026-09-28 19:30:00
-11.393100,-43.394200,GOES-19,2026-09-28 19:40:00
-11.393100,-43.394200,GOES-19,2026-09-28 19:50:00
-11.393100,-43.394200,GOES-19,2026-09-28 20:00:00
-11.393100,-43.394200,GOES-19,2026-09-28 20:10:00
-11.393100,-43.394200,GOES-19,2026-09-28 20:20:00
-11.393100,-43.394200,GOES-19,2026-09-28 20:30:00
-11.393100,-43.394200,GOES-19,2026-09-28 20:40:00
-11.393100,-43.394200,GOES-19,2026-09-28 21:30:00
-11.393100,-43.394200,GOES-19,2026-09-28 21:40:00
-11.393100,-43.394200,GOES-19,2026-09-28 21:50:00
-11.393100,-43.394200,GOES-19,2026-09-28 22:00:00
-11.393100,-43.394200,GOES-19,2026-09-28 22:10:00
-11.393100,-43.394200,GOES-19,2026-09-28 22:20:00
-11.393100,-43.394200,GOES-19,2026-09-28 22:30:00
-11.393100,-43.394200,GOES-19,2026-09-28 22:40:00
-11.393100,-43.394200,GOES-19,2026-09-28 22:50:00
-11.393100,-43.394200,GOES-19,2026-09-28 23:20:00
-11.393100,-43.394200,GOES-19,2026-09-28 23:40:00
-11.393100,-43.394200,GOES-19,2026-09-28 23:50:00
-9.862900,-43.611300,GOES-19,2026-09-28 18:00:00
-9.862900,-43.611300,GOES-19,2026-09-28 18:10:00
-9.862900,-43.611300,GOES-19,2026-09-28 18:20:00
-9.862900,-43.611300,GOES-19,2026-09-28 18:30:00
-9.862900,-43.611300,GOES-19,2026-09-28 18:40:00
-9.862900,-43.611300,GOES-19,2026-09-28 18:50:00
-11.374300,-43.373400,GOES-19,2026-09-28 20:30:00
-11.355500,-43.352600,GOES-19,2026-09-28 18:00:00
-11.355500,-43.352600,GOES-19,2026-09-28 18:40:00
-11.355500,-43.352600,GOES-19,2026-09-28 18:50:00
-14.895600,-42.572000,GOES-19,2026-09-28 18:20:00
-5.882700,-43.582900,GOES-19,2026-09-28 18:40:00
-7.256400,-43.346200,GOES-19,2026-09-28 12:00:00
-7.256400,-43.346200,GOES-19,2026-09-28 12:40:00
-7.256400,-43.346200,GOES-19,2026-09-28 12:50:00
-7.256400,-43.346200,GOES-19,2026-09-28 13:00:00
-7.256400,-43.346200,GOES-19,2026-09-28 13:10:00
-7.256400,-43.346200,GOES-19,2026-09-28 13:20:00
-7.256400,-43.346200,GOES-19,2026-09-28 13:30:00
-7.256400,-43.346200,GOES-19,2026-09-28 13:40:00
-7.256400,-43.346200,GOES-19,2026-09-28 13:50:00
-7.256400,-43.346200,GOES-19,2026-09-28 14:00:00
-7.992500,-43.271000,GOES-19,2026-09-28 14:10:00
-7.992500,-43.271000,GOES-19,2026-09-28 18:30:00
-7.992500,-43.271000,GOES-19,2026-09-28 18:50:00
-7.992500,-43.271000,GOES-19,2026-09-28 19:00:00
-8.011400,-43.269000,GOES-19,2026-09-28 18:30:00
-8.011400,-43.269000,GOES-19,2026-09-28 18:40:00
-8.011400,-43.269000,GOES-19,2026-09-28 19:00:00
-8.011400,-43.269000,GOES-19,2026-09-28 19:40:00
-8.011400,-43.269000,GOES-19,2026-09-28 19:50:00
-7.992800,-43.247500,GOES-19,2026-09-28 13:20:00
-7.992800,-43.247500,GOES-19,2026-09-28 13:30:00
-7.992800,-43.247500,GOES-19,2026-09-28 13:40:00
-7.992800,-43.247500,GOES-19,2026-09-28 14:10:00
-7.992800,-43.247500,GOES-19,2026-09-28 18:50:00
-5.734200,-43.431500,GOES-19,2026-09-28 18:40:00
-5.734200,-43.431500,GOES-19,2026-09-28 19:10:00
-5.734200,-43.431500,GOES-19,2026-09-28 19:30:00
-12.023300,-42.553400,GOES-19,2026-09-28 18:20:00
-8.035500,-42.866000,GOES-19,2026-09-28 13:30:00
-7.035900,-42.874400,GOES-19,2026-09-28 12:20:00
-7.035900,-42.874400,GOES-19,2026-09-28 13:00:00
-7.035900,-42.874400,GOES-19,2026-09-28 13:10:00
-7.035900,-42.874400,GOES-19,2026-09-28 13:20:00
-7.035900,-42.874400,GOES-19,2026-09-28 13:30:00
-7.035900,-42.874400,GOES-19,2026-09-28 13:40:00
-7.035900,-42.874400,GOES-19,2026-09-28 13:50:00
-15.454000,-41.440300,GOES-19,2026-09-28 15:00:00
-15.454000,-41.440300,GOES-19,2026-09-28 15:10:00
-15.454000,-41.440300,GOES-19,2026-09-28 15:20:00
-15.454000,-41.440300,GOES-19,2026-09-28 15:30:00
-15.454000,-41.440300,GOES-19,2026-09-28 17:50:00
-14.886300,-41.342200,GOES-19,2026-09-28 18:40:00
-13.885800,-41.478300,GOES-19,2026-09-28 13:40:00
-13.885800,-41.478300,GOES-19,2026-09-28 13:50:00
-9.434400,-41.811300,GOES-19,2026-09-28 18:10:00
-9.434400,-41.811300,GOES-19,2026-09-28 18:20:00
-9.434400,-41.811300,GOES-19,2026-09-28 18:50:00
-14.525400,-40.871200,GOES-19,2026-09-28 13:40:00
-14.525400,-40.871200,GOES-19,2026-09-28 13:50:00
-14.525400,-40.871200,GOES-19,2026-09-28 14:00:00
-14.525400,-40.871200,GOES-19,2026-09-28 14:10:00
-14.525400,-40.871200,GOES-19,2026-09-28 14:20:00
-14.448500,-40.812700,GOES-19,2026-09-28 13:40:00
-14.448500,-40.812700,GOES-19,2026-09-28 13:50:00
-14.448500,-40.812700,GOES-19,2026-09-28 14:00:00
-14.448500,-40.812700,GOES-19,2026-09-28 14:10:00
-14.448500,-40.812700,GOES-19,2026-09-28 14:20:00
-14.448500,-40.812700,GOES-19,2026-09-28 14:30:00
-14.448500,-40.812700,GOES-19,2026-09-28 14:40:00
-14.448500,-40.812700,GOES-19,2026-09-28 14:50:00
-13.371400,-40.986100,GOES-19,2026-09-28 13:30:00
-13.352500,-40.965000,GOES-19,2026-09-28 13:20:00
-13.352500,-40.965000,GOES-19,2026-09-28 13:30:00
-13.352500,-40.965000,GOES-19,2026-09-28 13:40:00
-13.352500,-40.965000,GOES-19,2026-09-28 13:50:00
-13.352500,-40.965000,GOES-19,2026-09-28 14:10:00
-13.372000,-40.961100,GOES-19,2026-09-28 12:20:00
-13.372000,-40.961100,GOES-19,2026-09-28 12:30:00
-13.372000,-40.961100,GOES-19,2026-09-28 13:20:00
-13.372000,-40.961100,GOES-19,2026-09-28 13:30:00
-13.372000,-40.961100,GOES-19,2026-09-28 13:40:00
-13.372000,-40.961100,GOES-19,2026-09-28 13:50:00
-13.372000,-40.961100,GOES-19,2026-09-28 14:20:00
-10.817000,-41.341900,GOES-19,2026-09-28 18:20:00
-10.817000,-41.341900,GOES-19,2026-09-28 18:30:00
-10.817500,-41.317300,GOES-19,2026-09-28 18:40:00
-14.159000,-40.648900,GOES-19,2026-09-28 14:10:00
-9.763900,-36.984200,GOES-19,2026-09-28 19:20:00
-9.763900,-36.984200,GOES-19,2026-09-28 19:30:00
-9.763900,-36.984200,GOES-19,2026-09-28 19:40:00
-11.786900,-65.012200,GOES-19,2026-09-28 18:20:00
-11.786900,-65.012200,GOES-19,2026-09-28 18:30:00
-11.786900,-65.012200,GOES-19,2026-09-28 18:50:00
-11.384400,-63.436800,GOES-19,2026-09-28 17:10:00
-11.384500,-63.417800,GOES-19,2026-09-28 15:50:00
-11.384500,-63.417800,GOES-19,2026-09-28 16:00:00
-11.384500,-63.417800,GOES-19,2026-09-28 16:10:00
-11.384500,-63.417800,GOES-19,2026-09-28 17:10:00
-11.384500,-63.417800,GOES-19,2026-09-28 17:40:00
-11.384500,-63.417800,GOES-19,2026-09-28 17:50:00
-12.389500,-62.444800,GOES-19,2026-09-28 18:10:00
-12.389500,-62.444800,GOES-19,2026-09-28 18:20:00
-12.389500,-62.444800,GOES-19,2026-09-28 18:30:00
-12.389500,-62.444800,GOES-19,2026-09-28 18:40:00
-13.519700,-61.131900,GOES-19,2026-09-28 18:20:00
-10.990700,-60.966000,GOES-19,2026-09-28 18:00:00
-9.049600,-61.011300,GOES-19,2026-09-28 14:30:00
-9.049600,-61.011300,GOES-19,2026-09-28 14:40:00
-9.049600,-61.011300,GOES-19,2026-09-28 14:50:00
-9.049600,-61.011300,GOES-19,2026-09-28 15:10:00
-9.105600,-60.970300,GOES-19,2026-09-28 14:50:00
-9.105600,-60.970300,GOES-19,2026-09-28 15:00:00
-10.805100,-60.745000,GOES-19,2026-09-28 14:00:00
-10.805100,-60.745000,GOES-19,2026-09-28 14:10:00
-10.805100,-60.745000,GOES-19,2026-09-28 14:20:00
-10.805100,-60.745000,GOES-19,2026-09-28 15:00:00
-10.805100,-60.745000,GOES-19,2026-09-28 17:50:00
-10.823800,-60.744000,GOES-19,2026-09-28 14:00:00
-10.823800,-60.744000,GOES-19,2026-09-28 14:10:00
-10.823800,-60.744000,GOES-19,2026-09-28 14:20:00
-10.823800,-60.744000,GOES-19,2026-09-28 15:00:00
-10.823800,-60.744000,GOES-19,2026-09-28 17:50:00
-10.842600,-60.742900,GOES-19,2026-09-28 18:40:00
-10.805200,-60.725700,GOES-19,2026-09-28 14:00:00
-10.805200,-60.725700,GOES-19,2026-09-28 14:10:00
-10.805200,-60.725700,GOES-19,2026-09-28 14:20:00
-10.805200,-60.725700,GOES-19,2026-09-28 15:00:00
-10.805200,-60.725700,GOES-19,2026-09-28 15:20:00
-10.805200,-60.725700,GOES-19,2026-09-28 17:50:00
-10.824000,-60.724600,GOES-19,2026-09-28 14:20:00
-10.824000,-60.724600,GOES-19,2026-09-28 17:50:00
-9.816600,-60.472400,GOES-19,2026-09-28 18:20:00
-9.816600,-60.472400,GOES-19,2026-09-28 18:30:00
-9.816600,-60.472400,GOES-19,2026-09-28 18:40:00
-9.816600,-60.472400,GOES-19,2026-09-28 18:50:00
-9.183700,-60.428400,GOES-19,2026-09-28 18:20:00
-9.202300,-60.427500,GOES-19,2026-09-28 18:20:00
-9.183900,-60.409200,GOES-19,2026-09-28 18:10:00
-9.183900,-60.409200,GOES-19,2026-09-28 18:20:00
-9.202500,-60.408200,GOES-19,2026-09-28 18:10:00
3.531200,-60.168400,GOES-19,2026-09-28 19:40:00
-9.896700,-59.771700,GOES-19,2026-09-28 18:30:00
-9.896700,-59.771700,GOES-19,2026-09-28 18:40:00
-9.896700,-59.771700,GOES-19,2026-09-28 18:50:00
-9.896700,-59.771700,GOES-19,2026-09-28 19:00:00
-9.896700,-59.771700,GOES-19,2026-09-28 19:10:00
-15.343400,-59.147100,GOES-19,2026-09-28 18:40:00
-15.343400,-59.147100,GOES-19,2026-09-28 19:00:00
-15.362700,-59.145300,GOES-19,2026-09-28 18:30:00
-15.362700,-59.145300,GOES-19,2026-09-28 18:40:00
-10.257900,-59.030000,GOES-19,2026-09-28 19:00:00
-9.705100,-58.124700,GOES-19,2026-09-28 18:50:00
-10.516100,-57.439500,GOES-19,2026-09-28 17:40:00
-10.516100,-57.439500,GOES-19,2026-09-28 17:50:00
-10.516100,-57.439500,GOES-19,2026-09-28 18:00:00
-10.516100,-57.439500,GOES-19,2026-09-28 18:10:00
-22.220700,-55.968200,GOES-19,2026-09-28 14:30:00
-13.375200,-57.066300,GOES-19,2026-09-28 19:30:00
-12.120400,-57.156700,GOES-19,2026-09-28 19:00:00
-10.818500,-57.239100,GOES-19,2026-09-28 14:40:00
-10.818500,-57.239100,GOES-19,2026-09-28 19:00:00
-10.799900,-57.220600,GOES-19,2026-09-28 14:40:00
-10.799900,-57.220600,GOES-19,2026-09-28 14:50:00
-10.799900,-57.220600,GOES-19,2026-09-28 15:00:00
-10.799900,-57.220600,GOES-19,2026-09-28 15:10:00
-10.799900,-57.220600,GOES-19,2026-09-28 15:20:00
-10.799900,-57.220600,GOES-19,2026-09-28 15:40:00
-10.799900,-57.220600,GOES-19,2026-09-28 18:20:00
-10.799900,-57.220600,GOES-19,2026-09-28 18:30:00
-10.799900,-57.220600,GOES-19,2026-09-28 18:40:00
-10.799900,-57.220600,GOES-19,2026-09-28 19:00:00
-10.799900,-57.220600,GOES-19,2026-09-28 19:10:00
-10.799900,-57.220600,GOES-19,2026-09-28 19:20:00
-10.799900,-57.220600,GOES-19,2026-09-28 19:30:00
-10.799900,-57.220600,GOES-19,2026-09-28 19:40:00
-10.799900,-57.220600,GOES-19,2026-09-28 19:50:00
-10.818700,-57.219200,GOES-19,2026-09-28 14:40:00
-10.818700,-57.219200,GOES-19,2026-09-28 19:00:00
-10.800100,-57.200700,GOES-19,2026-09-28 14:40:00
-10.800100,-57.200700,GOES-19,2026-09-28 19:00:00
-10.818900,-57.199300,GOES-19,2026-09-28 14:40:00
-10.818900,-57.199300,GOES-19,2026-09-28 19:00:00
-10.837700,-57.197900,GOES-19,2026-09-28 14:40:00
-10.819100,-57.179500,GOES-19,2026-09-28 14:40:00
-10.819100,-57.179500,GOES-19,2026-09-28 19:00:00
-10.837900,-57.178100,GOES-19,2026-09-28 19:00:00
-15.905100,-56.397500,GOES-19,2026-09-28 18:40:00
-15.905100,-56.397500,GOES-19,2026-09-28 18:50:00
-15.905100,-56.397500,GOES-19,2026-09-28 19:00:00
-15.905100,-56.397500,GOES-19,2026-09-28 19:10:00
-15.905100,-56.397500,GOES-19,2026-09-28 19:20:00
-15.905100,-56.397500,GOES-19,2026-09-28 19:30:00
-15.905100,-56.397500,GOES-19,2026-09-28 19:40:00
-15.905100,-56.397500,GOES-19,2026-09-28 19:50:00
-13.705800,-56.611200,GOES-19,2026-09-28 18:10:00
-13.705800,-56.611200,GOES-19,2026-09-28 18:50:00
-13.705800,-56.611200,GOES-19,2026-09-28 19:00:00
-13.705800,-56.611200,GOES-19,2026-09-28 19:10:00
-13.705800,-56.611200,GOES-19,2026-09-28 19:20:00
-13.705800,-56.611200,GOES-19,2026-09-28 19:50:00
1.839600,-55.979500,GOES-19,2026-09-28 14:20:00
1.839600,-55.979500,GOES-19,2026-09-28 14:30:00
1.839600,-55.979500,GOES-19,2026-09-28 14:40:00
1.674900,-55.942200,GOES-19,2026-09-28 14:50:00
1.674900,-55.922500,GOES-19,2026-09-28 14:50:00
1.656600,-55.903000,GOES-19,2026-09-28 14:50:00
1.620000,-55.903500,GOES-19,2026-09-28 14:50:00
-7.584900,-55.700500,GOES-19,2026-09-28 18:20:00
-7.584900,-55.700500,GOES-19,2026-09-28 19:00:00
-7.603400,-55.699500,GOES-19,2026-09-28 18:20:00
-7.603400,-55.699500,GOES-19,2026-09-28 18:30:00
-7.603400,-55.699500,GOES-19,2026-09-28 18:40:00
-7.603400,-55.699500,GOES-19,2026-09-28 18:50:00
2.096300,-55.877300,GOES-19,2026-09-28 14:30:00
2.078000,-55.877500,GOES-19,2026-09-28 14:30:00
-7.436900,-55.649000,GOES-19,2026-09-28 14:00:00
-7.436900,-55.649000,GOES-19,2026-09-28 18:50:00
-7.437000,-55.629100,GOES-19,2026-09-28 18:20:00
-7.437000,-55.629100,GOES-19,2026-09-28 18:30:00
-7.437000,-55.629100,GOES-19,2026-09-28 18:50:00
1.968400,-55.701600,GOES-19,2026-09-28 18:40:00
1.968400,-55.701600,GOES-19,2026-09-28 18:50:00
1.968400,-55.701600,GOES-19,2026-09-28 19:00:00
1.840300,-55.624400,GOES-19,2026-09-28 19:10:00
1.858700,-55.604400,GOES-19,2026-09-28 19:30:00
1.858700,-55.604400,GOES-19,2026-09-28 19:40:00
1.840300,-55.604600,GOES-19,2026-09-28 18:40:00
1.840300,-55.604600,GOES-19,2026-09-28 19:30:00
1.877000,-55.584400,GOES-19,2026-09-28 14:00:00
1.877000,-55.584400,GOES-19,2026-09-28 14:10:00
1.877000,-55.584400,GOES-19,2026-09-28 14:20:00
1.877000,-55.584400,GOES-19,2026-09-28 14:40:00
1.877000,-55.584400,GOES-19,2026-09-28 15:00:00
1.877000,-55.584400,GOES-19,2026-09-28 15:10:00
1.877000,-55.584400,GOES-19,2026-09-28 15:40:00
1.877000,-55.584400,GOES-19,2026-09-28 18:20:00
1.877000,-55.584400,GOES-19,2026-09-28 18:50:00
1.877000,-55.584400,GOES-19,2026-09-28 19:30:00
1.858700,-55.584600,GOES-19,2026-09-28 14:20:00
1.858700,-55.584600,GOES-19,2026-09-28 14:30:00
1.858700,-55.584600,GOES-19,2026-09-28 14:50:00
1.858700,-55.584600,GOES-19,2026-09-28 18:20:00
1.858700,-55.584600,GOES-19,2026-09-28 18:40:00
1.858700,-55.584600,GOES-19,2026-09-28 18:50:00
1.858700,-55.584600,GOES-19,2026-09-28 19:30:00
1.840400,-55.584900,GOES-19,2026-09-28 15:20:00
1.840400,-55.584900,GOES-19,2026-09-28 15:50:00
1.840400,-55.584900,GOES-19,2026-09-28 18:40:00
1.895300,-55.584100,GOES-19,2026-09-28 14:00:00
1.895300,-55.584100,GOES-19,2026-09-28 14:10:00
1.895300,-55.584100,GOES-19,2026-09-28 15:10:00
-15.079000,-54.721200,GOES-19,2026-09-28 15:10:00
-15.079000,-54.721200,GOES-19,2026-09-28 15:30:00
1.895400,-55.564300,GOES-19,2026-09-28 14:00:00
1.895400,-55.564300,GOES-19,2026-09-28 14:10:00
1.895400,-55.564300,GOES-19,2026-09-28 15:40:00
1.877100,-55.564600,GOES-19,2026-09-28 14:00:00
1.877100,-55.564600,GOES-19,2026-09-28 14:10:00
1.877100,-55.564600,GOES-19,2026-09-28 15:10:00
1.877100,-55.564600,GOES-19,2026-09-28 15:20:00
1.877100,-55.564600,GOES-19,2026-09-28 15:30:00
1.877100,-55.564600,GOES-19,2026-09-28 15:40:00
1.877100,-55.564600,GOES-19,2026-09-28 18:40:00
1.877100,-55.564600,GOES-19,2026-09-28 18:50:00
1.877100,-55.564600,GOES-19,2026-09-28 19:30:00
-15.118100,-54.695800,GOES-19,2026-09-28 18:10:00
-15.118100,-54.695800,GOES-19,2026-09-28 19:30:00
-8.555500,-55.241200,GOES-19,2026-09-28 15:00:00
-15.081300,-54.575600,GOES-19,2026-09-28 19:00:00
-15.081300,-54.575600,GOES-19,2026-09-28 19:10:00
-6.662700,-55.111200,GOES-19,2026-09-28 20:30:00
-6.662700,-55.111200,GOES-19,2026-09-28 20:40:00
-6.662800,-55.091200,GOES-19,2026-09-28 20:30:00
-6.662800,-55.091200,GOES-19,2026-09-28 20:40:00
-7.330400,-55.015100,GOES-19,2026-09-28 15:30:00
-17.335200,-53.962300,GOES-19,2026-09-28 18:10:00
-8.261600,-54.777600,GOES-19,2026-09-28 18:10:00
-8.280200,-54.776400,GOES-19,2026-09-28 18:10:00
-8.280400,-54.756200,GOES-19,2026-09-28 18:10:00
-8.280600,-54.736000,GOES-19,2026-09-28 18:00:00
-8.280600,-54.736000,GOES-19,2026-09-28 18:10:00
-8.280600,-54.736000,GOES-19,2026-09-28 18:20:00
-8.280600,-54.736000,GOES-19,2026-09-28 18:30:00
-8.280600,-54.736000,GOES-19,2026-09-28 18:40:00
-8.280600,-54.736000,GOES-19,2026-09-28 18:50:00
-8.280600,-54.736000,GOES-19,2026-09-28 19:00:00
-8.299200,-54.734800,GOES-19,2026-09-28 18:10:00
-8.262100,-54.717000,GOES-19,2026-09-28 15:30:00
-8.262100,-54.717000,GOES-19,2026-09-28 18:20:00
-8.262100,-54.717000,GOES-19,2026-09-28 18:30:00
-8.280700,-54.715800,GOES-19,2026-09-28 18:10:00
-8.299400,-54.714600,GOES-19,2026-09-28 18:50:00
-8.262300,-54.696900,GOES-19,2026-09-28 18:10:00
-8.280900,-54.695700,GOES-19,2026-09-28 14:50:00
-8.280900,-54.695700,GOES-19,2026-09-28 15:00:00
-8.280900,-54.695700,GOES-19,2026-09-28 15:10:00
-8.280900,-54.695700,GOES-19,2026-09-28 15:20:00
-8.280900,-54.695700,GOES-19,2026-09-28 15:30:00
-8.280900,-54.695700,GOES-19,2026-09-28 18:40:00
-8.280900,-54.695700,GOES-19,2026-09-28 18:50:00
-13.973300,-53.979500,GOES-19,2026-09-28 15:20:00
-12.767400,-54.050200,GOES-19,2026-09-28 15:10:00
-12.767700,-54.029600,GOES-19,2026-09-28 14:50:00
-12.767700,-54.029600,GOES-19,2026-09-28 15:00:00
-12.786800,-54.027500,GOES-19,2026-09-28 14:50:00
-12.786800,-54.027500,GOES-19,2026-09-28 15:00:00
-12.786800,-54.027500,GOES-19,2026-09-28 15:10:00
-12.805900,-54.025500,GOES-19,2026-09-28 14:50:00
-12.805900,-54.025500,GOES-19,2026-09-28 15:00:00
-12.805900,-54.025500,GOES-19,2026-09-28 15:10:00
-12.787100,-54.006900,GOES-19,2026-09-28 14:00:00
-12.787100,-54.006900,GOES-19,2026-09-28 14:10:00
-12.787100,-54.006900,GOES-19,2026-09-28 14:20:00
-12.787100,-54.006900,GOES-19,2026-09-28 14:30:00
-12.787100,-54.006900,GOES-19,2026-09-28 14:40:00
-12.787100,-54.006900,GOES-19,2026-09-28 14:50:00
-12.787100,-54.006900,GOES-19,2026-09-28 15:00:00
-12.787100,-54.006900,GOES-19,2026-09-28 15:10:00
-12.787100,-54.006900,GOES-19,2026-09-28 18:40:00
-12.787100,-54.006900,GOES-19,2026-09-28 18:50:00
-12.806100,-54.004800,GOES-19,2026-09-28 14:50:00
-11.324700,-54.110300,GOES-19,2026-09-28 20:10:00
-11.324700,-54.110300,GOES-19,2026-09-28 20:20:00
-11.343600,-54.108600,GOES-19,2026-09-28 20:10:00
-11.343600,-54.108600,GOES-19,2026-09-28 20:20:00
-11.344400,-54.047000,GOES-19,2026-09-28 20:10:00
-11.344400,-54.047000,GOES-19,2026-09-28 20:20:00
-11.344400,-54.047000,GOES-19,2026-09-28 20:30:00
-11.344400,-54.047000,GOES-19,2026-09-28 22:20:00
-11.344400,-54.047000,GOES-19,2026-09-28 22:30:00
-10.853400,-54.071100,GOES-19,2026-09-28 14:50:00
-10.853400,-54.071100,GOES-19,2026-09-28 15:10:00
-11.175000,-54.001000,GOES-19,2026-09-28 15:50:00
-11.175000,-54.001000,GOES-19,2026-09-28 18:40:00
-13.901200,-53.675700,GOES-19,2026-09-28 15:10:00
-13.901200,-53.675700,GOES-19,2026-09-28 18:50:00
-13.882200,-53.657100,GOES-19,2026-09-28 15:10:00
-13.882200,-53.657100,GOES-19,2026-09-28 19:00:00
-12.207800,-53.239000,GOES-19,2026-09-28 14:20:00
-12.207800,-53.239000,GOES-19,2026-09-28 14:30:00
-12.207800,-53.239000,GOES-19,2026-09-28 14:40:00
-12.207800,-53.239000,GOES-19,2026-09-28 14:50:00
-12.226900,-53.237000,GOES-19,2026-09-28 14:20:00
-12.226900,-53.237000,GOES-19,2026-09-28 14:30:00
-12.226900,-53.237000,GOES-19,2026-09-28 14:50:00
-14.536100,-52.505100,GOES-19,2026-09-28 19:10:00
-14.536100,-52.505100,GOES-19,2026-09-28 19:30:00
-14.536100,-52.505100,GOES-19,2026-09-28 19:40:00
-14.517100,-52.486400,GOES-19,2026-09-28 18:20:00
-14.517100,-52.486400,GOES-19,2026-09-28 18:40:00
-14.536400,-52.483900,GOES-19,2026-09-28 19:00:00
-14.536400,-52.483900,GOES-19,2026-09-28 19:10:00
-14.536400,-52.483900,GOES-19,2026-09-28 19:30:00
-14.536400,-52.483900,GOES-19,2026-09-28 19:40:00
-20.755000,-51.313400,GOES-19,2026-09-28 18:30:00
-20.775500,-51.309300,GOES-19,2026-09-28 17:30:00
-20.775500,-51.309300,GOES-19,2026-09-28 17:40:00
-20.775500,-51.309300,GOES-19,2026-09-28 18:30:00
-20.775500,-51.309300,GOES-19,2026-09-28 18:40:00
-20.775500,-51.309300,GOES-19,2026-09-28 18:50:00
-20.776100,-51.286900,GOES-19,2026-09-28 18:40:00
-20.776100,-51.286900,GOES-19,2026-09-28 18:50:00
-20.776100,-51.286900,GOES-19,2026-09-28 19:00:00
-14.639400,-52.109400,GOES-19,2026-09-28 18:00:00
-14.658800,-52.106800,GOES-19,2026-09-28 18:00:00
-14.388600,-52.100000,GOES-19,2026-09-28 15:50:00
-6.160500,-52.811000,GOES-19,2026-09-28 15:00:00
-6.886400,-52.482100,GOES-19,2026-09-28 14:50:00
-6.886400,-52.482100,GOES-19,2026-09-28 15:00:00
-13.221500,-51.780800,GOES-19,2026-09-28 17:40:00
-15.019500,-51.415400,GOES-19,2026-09-28 18:40:00
-13.591500,-51.436600,GOES-19,2026-09-28 13:50:00
-13.591500,-51.436600,GOES-19,2026-09-28 14:00:00
-13.591500,-51.436600,GOES-19,2026-09-28 14:10:00
-13.591500,-51.436600,GOES-19,2026-09-28 14:20:00
-13.591500,-51.436600,GOES-19,2026-09-28 14:30:00
-13.591500,-51.436600,GOES-19,2026-09-28 15:50:00
-11.322400,-51.404900,GOES-19,2026-09-28 13:40:00
-11.322400,-51.404900,GOES-19,2026-09-28 13:50:00
-11.322400,-51.404900,GOES-19,2026-09-28 14:20:00
-11.322400,-51.404900,GOES-19,2026-09-28 14:40:00
-11.076100,-51.409700,GOES-19,2026-09-28 14:20:00
-11.076100,-51.409700,GOES-19,2026-09-28 14:30:00
-11.076400,-51.388500,GOES-19,2026-09-28 13:30:00
-11.076400,-51.388500,GOES-19,2026-09-28 14:10:00
-11.076400,-51.388500,GOES-19,2026-09-28 14:20:00
-11.076400,-51.388500,GOES-19,2026-09-28 14:30:00
-11.076400,-51.388500,GOES-19,2026-09-28 16:10:00
-11.076400,-51.388500,GOES-19,2026-09-28 17:10:00
-11.095300,-51.386600,GOES-19,2026-09-28 14:10:00
-11.095300,-51.386600,GOES-19,2026-09-28 14:20:00
-11.095300,-51.386600,GOES-19,2026-09-28 17:10:00
-11.095300,-51.386600,GOES-19,2026-09-28 17:20:00
-11.095300,-51.386600,GOES-19,2026-09-28 17:30:00
-11.095300,-51.386600,GOES-19,2026-09-28 17:50:00
-11.095300,-51.386600,GOES-19,2026-09-28 18:10:00
-11.095300,-51.386600,GOES-19,2026-09-28 18:40:00
-11.190100,-51.376600,GOES-19,2026-09-28 14:20:00
-11.190100,-51.376600,GOES-19,2026-09-28 14:30:00
-11.095600,-51.365400,GOES-19,2026-09-28 14:10:00
-11.095600,-51.365400,GOES-19,2026-09-28 14:20:00
-11.095600,-51.365400,GOES-19,2026-09-28 17:10:00
-11.095900,-51.344300,GOES-19,2026-09-28 13:30:00
-11.095900,-51.344300,GOES-19,2026-09-28 14:10:00
-11.095900,-51.344300,GOES-19,2026-09-28 14:20:00
-11.095900,-51.344300,GOES-19,2026-09-28 17:10:00
-11.285900,-51.303100,GOES-19,2026-09-28 14:30:00
-11.285900,-51.303100,GOES-19,2026-09-28 14:40:00
-11.096200,-51.323100,GOES-19,2026-09-28 14:10:00
-11.096200,-51.323100,GOES-19,2026-09-28 14:20:00
-11.039600,-51.307900,GOES-19,2026-09-28 15:20:00
-12.964600,-51.088600,GOES-19,2026-09-28 14:10:00
-12.964600,-51.088600,GOES-19,2026-09-28 14:20:00
-12.964600,-51.088600,GOES-19,2026-09-28 14:30:00
-12.964600,-51.088600,GOES-19,2026-09-28 15:00:00
-12.964600,-51.088600,GOES-19,2026-09-28 15:10:00
-12.964600,-51.088600,GOES-19,2026-09-28 15:20:00
-12.964600,-51.088600,GOES-19,2026-09-28 15:30:00
-12.964600,-51.088600,GOES-19,2026-09-28 18:00:00
-12.964600,-51.088600,GOES-19,2026-09-28 18:20:00
-12.964600,-51.088600,GOES-19,2026-09-28 18:50:00
-12.965300,-51.045700,GOES-19,2026-09-28 18:40:00
-10.510600,-51.298200,GOES-19,2026-09-28 18:10:00
-12.850900,-51.017100,GOES-19,2026-09-28 18:30:00
-11.097900,-51.196000,GOES-19,2026-09-28 15:00:00
-11.097900,-51.196000,GOES-19,2026-09-28 15:10:00
-11.097900,-51.196000,GOES-19,2026-09-28 17:30:00
-11.116900,-51.194000,GOES-19,2026-09-28 15:00:00
-11.135900,-51.192000,GOES-19,2026-09-28 14:10:00
-11.098200,-51.174800,GOES-19,2026-09-28 15:00:00
-11.098200,-51.174800,GOES-19,2026-09-28 17:10:00
-11.098200,-51.174800,GOES-19,2026-09-28 17:40:00
-11.098200,-51.174800,GOES-19,2026-09-28 18:00:00
-11.098200,-51.174800,GOES-19,2026-09-28 18:20:00
-11.098200,-51.174800,GOES-19,2026-09-28 18:30:00
-11.098200,-51.174800,GOES-19,2026-09-28 18:40:00
-11.117200,-51.172800,GOES-19,2026-09-28 15:00:00
-11.117200,-51.172800,GOES-19,2026-09-28 15:10:00
-11.117200,-51.172800,GOES-19,2026-09-28 15:30:00
-11.117200,-51.172800,GOES-19,2026-09-28 16:00:00
-11.117200,-51.172800,GOES-19,2026-09-28 17:10:00
-11.117200,-51.172800,GOES-19,2026-09-28 18:10:00
-11.117200,-51.172800,GOES-19,2026-09-28 18:30:00
-11.117200,-51.172800,GOES-19,2026-09-28 18:40:00
-11.136100,-51.170800,GOES-19,2026-09-28 15:20:00
-11.136100,-51.170800,GOES-19,2026-09-28 17:50:00
-11.782400,-51.079100,GOES-19,2026-09-28 13:40:00
-11.782400,-51.079100,GOES-19,2026-09-28 13:50:00
-11.782400,-51.079100,GOES-19,2026-09-28 14:00:00
-11.782400,-51.079100,GOES-19,2026-09-28 14:40:00
-11.782400,-51.079100,GOES-19,2026-09-28 14:50:00
-11.782400,-51.079100,GOES-19,2026-09-28 15:00:00
4.022900,-51.633100,GOES-19,2026-09-28 15:40:00
-11.782800,-51.057800,GOES-19,2026-09-28 13:30:00
-11.782800,-51.057800,GOES-19,2026-09-28 13:40:00
-11.782800,-51.057800,GOES-19,2026-09-28 13:50:00
-11.782800,-51.057800,GOES-19,2026-09-28 14:00:00
-11.099100,-51.111100,GOES-19,2026-09-28 13:10:00
-11.099100,-51.111100,GOES-19,2026-09-28 14:20:00
-11.099100,-51.111100,GOES-19,2026-09-28 14:30:00
-11.099100,-51.111100,GOES-19,2026-09-28 14:40:00
-11.099100,-51.111100,GOES-19,2026-09-28 15:10:00
-11.099100,-51.111100,GOES-19,2026-09-28 15:20:00
-11.099100,-51.111100,GOES-19,2026-09-28 15:50:00
-11.099100,-51.111100,GOES-19,2026-09-28 16:20:00
-11.099100,-51.111100,GOES-19,2026-09-28 16:30:00
-11.099100,-51.111100,GOES-19,2026-09-28 16:40:00
-11.879900,-50.919100,GOES-19,2026-09-28 17:50:00
-11.879900,-50.919100,GOES-19,2026-09-28 18:00:00
-11.879900,-50.919100,GOES-19,2026-09-28 18:10:00
-11.879900,-50.919100,GOES-19,2026-09-28 18:20:00
-11.879900,-50.919100,GOES-19,2026-09-28 19:30:00
-11.879900,-50.919100,GOES-19,2026-09-28 19:40:00
-11.879900,-50.919100,GOES-19,2026-09-28 19:50:00
-11.879900,-50.919100,GOES-19,2026-09-28 20:10:00
-11.879900,-50.919100,GOES-19,2026-09-28 20:20:00
-11.879900,-50.919100,GOES-19,2026-09-28 20:30:00
-11.898900,-50.916900,GOES-19,2026-09-28 18:20:00
-11.898900,-50.916900,GOES-19,2026-09-28 18:30:00
-11.898900,-50.916900,GOES-19,2026-09-28 18:40:00
-11.898900,-50.916900,GOES-19,2026-09-28 19:40:00
-11.898900,-50.916900,GOES-19,2026-09-28 19:50:00
-11.898900,-50.916900,GOES-19,2026-09-28 20:00:00
-11.860800,-50.921200,GOES-19,2026-09-28 17:30:00
-11.860800,-50.921200,GOES-19,2026-09-28 17:40:00
-11.860800,-50.921200,GOES-19,2026-09-28 17:50:00
-11.860800,-50.921200,GOES-19,2026-09-28 18:00:00
-11.860800,-50.921200,GOES-19,2026-09-28 18:10:00
-11.860800,-50.921200,GOES-19,2026-09-28 19:40:00
-11.860800,-50.921200,GOES-19,2026-09-28 20:10:00
-11.860800,-50.921200,GOES-19,2026-09-28 20:20:00
-11.842100,-50.902100,GOES-19,2026-09-28 17:20:00
-11.842100,-50.902100,GOES-19,2026-09-28 17:30:00
-11.842100,-50.902100,GOES-19,2026-09-28 17:40:00
-11.842100,-50.902100,GOES-19,2026-09-28 17:50:00
-11.842100,-50.902100,GOES-19,2026-09-28 18:00:00
-11.861100,-50.899900,GOES-19,2026-09-28 17:10:00
-11.861100,-50.899900,GOES-19,2026-09-28 17:20:00
-11.861100,-50.899900,GOES-19,2026-09-28 17:30:00
-11.861100,-50.899900,GOES-19,2026-09-28 17:40:00
-11.861100,-50.899900,GOES-19,2026-09-28 17:50:00
-11.861100,-50.899900,GOES-19,2026-09-28 18:00:00
-11.861100,-50.899900,GOES-19,2026-09-28 18:10:00
-11.861100,-50.899900,GOES-19,2026-09-28 18:20:00
-11.880200,-50.897700,GOES-19,2026-09-28 17:50:00
-11.880200,-50.897700,GOES-19,2026-09-28 18:00:00
-11.880200,-50.897700,GOES-19,2026-09-28 18:10:00
-11.880200,-50.897700,GOES-19,2026-09-28 18:20:00
-11.899200,-50.895500,GOES-19,2026-09-28 18:00:00
-11.899200,-50.895500,GOES-19,2026-09-28 18:10:00
-11.899200,-50.895500,GOES-19,2026-09-28 18:50:00
-11.842400,-50.880700,GOES-19,2026-09-28 17:10:00
-11.842400,-50.880700,GOES-19,2026-09-28 17:20:00
-11.842400,-50.880700,GOES-19,2026-09-28 17:40:00
-11.861400,-50.878500,GOES-19,2026-09-28 17:00:00
-11.861400,-50.878500,GOES-19,2026-09-28 17:10:00
-11.861400,-50.878500,GOES-19,2026-09-28 17:20:00
-11.861400,-50.878500,GOES-19,2026-09-28 17:30:00
-11.861400,-50.878500,GOES-19,2026-09-28 17:40:00
-11.861400,-50.878500,GOES-19,2026-09-28 17:50:00
-11.861400,-50.878500,GOES-19,2026-09-28 18:00:00
-11.861400,-50.878500,GOES-19,2026-09-28 18:10:00
-11.861400,-50.878500,GOES-19,2026-09-28 18:20:00
-11.880500,-50.876400,GOES-19,2026-09-28 18:00:00
-11.842700,-50.859400,GOES-19,2026-09-28 17:40:00
-11.842700,-50.859400,GOES-19,2026-09-28 17:50:00
-11.842700,-50.859400,GOES-19,2026-09-28 18:00:00
-11.842700,-50.859400,GOES-19,2026-09-28 18:10:00
-11.861800,-50.857200,GOES-19,2026-09-28 17:40:00
-11.861800,-50.857200,GOES-19,2026-09-28 17:50:00
-11.861800,-50.857200,GOES-19,2026-09-28 18:00:00
-11.861800,-50.857200,GOES-19,2026-09-28 18:10:00
-11.861800,-50.857200,GOES-19,2026-09-28 18:20:00
-11.843000,-50.838000,GOES-19,2026-09-28 18:00:00
-12.741500,-50.688100,GOES-19,2026-09-28 14:00:00
-12.741500,-50.688100,GOES-19,2026-09-28 14:10:00
-12.741500,-50.688100,GOES-19,2026-09-28 14:30:00
-12.741500,-50.688100,GOES-19,2026-09-28 15:20:00
-12.741500,-50.688100,GOES-19,2026-09-28 15:30:00
-10.742600,-50.893900,GOES-19,2026-09-28 14:30:00
-10.742600,-50.893900,GOES-19,2026-09-28 14:50:00
-10.742600,-50.893900,GOES-19,2026-09-28 15:00:00
-10.742600,-50.893900,GOES-19,2026-09-28 15:10:00
-10.742600,-50.893900,GOES-19,2026-09-28 15:20:00
-10.742600,-50.893900,GOES-19,2026-09-28 15:50:00
-10.742600,-50.893900,GOES-19,2026-09-28 16:20:00
-11.749100,-50.763400,GOES-19,2026-09-28 18:20:00
-11.749100,-50.763400,GOES-19,2026-09-28 18:30:00
-11.768100,-50.761200,GOES-19,2026-09-28 18:10:00
-11.768100,-50.761200,GOES-19,2026-09-28 18:40:00
-12.283400,-50.679700,GOES-19,2026-09-28 15:20:00
-12.283400,-50.679700,GOES-19,2026-09-28 15:30:00
-10.705600,-50.834100,GOES-19,2026-09-28 17:20:00
-10.705600,-50.834100,GOES-19,2026-09-28 17:40:00
-10.705600,-50.834100,GOES-19,2026-09-28 17:50:00
-10.705600,-50.834100,GOES-19,2026-09-28 18:00:00
-10.705600,-50.834100,GOES-19,2026-09-28 18:20:00
-10.705600,-50.834100,GOES-19,2026-09-28 18:40:00
-10.705600,-50.834100,GOES-19,2026-09-28 18:50:00
-10.705600,-50.834100,GOES-19,2026-09-28 19:00:00
-12.800300,-50.594900,GOES-19,2026-09-28 13:50:00
-12.800300,-50.594900,GOES-19,2026-09-28 14:00:00
-12.800300,-50.594900,GOES-19,2026-09-28 14:10:00
-12.800300,-50.594900,GOES-19,2026-09-28 14:20:00
-12.800300,-50.594900,GOES-19,2026-09-28 14:30:00
-12.800300,-50.594900,GOES-19,2026-09-28 18:10:00
-11.712600,-50.660800,GOES-19,2026-09-28 15:30:00
-11.731600,-50.658700,GOES-19,2026-09-28 15:30:00
-10.934000,-50.725200,GOES-19,2026-09-28 18:50:00
-10.934000,-50.725200,GOES-19,2026-09-28 19:00:00
-10.934000,-50.725200,GOES-19,2026-09-28 19:10:00
-10.934000,-50.725200,GOES-19,2026-09-28 19:20:00
-10.934000,-50.725200,GOES-19,2026-09-28 19:30:00
-10.934000,-50.725200,GOES-19,2026-09-28 19:40:00
-10.934000,-50.725200,GOES-19,2026-09-28 20:10:00
-11.560600,-50.656700,GOES-19,2026-09-28 18:40:00
-10.934300,-50.703900,GOES-19,2026-09-28 18:40:00
-10.934300,-50.703900,GOES-19,2026-09-28 18:50:00
-10.934300,-50.703900,GOES-19,2026-09-28 19:00:00
-10.934300,-50.703900,GOES-19,2026-09-28 19:10:00
-10.934300,-50.703900,GOES-19,2026-09-28 20:10:00
-10.953300,-50.701800,GOES-19,2026-09-28 14:30:00
-10.953300,-50.701800,GOES-19,2026-09-28 14:40:00
-10.953300,-50.701800,GOES-19,2026-09-28 14:50:00
-10.953300,-50.701800,GOES-19,2026-09-28 19:00:00
-10.953300,-50.701800,GOES-19,2026-09-28 19:10:00
-10.953300,-50.701800,GOES-19,2026-09-28 20:10:00
-10.972200,-50.699800,GOES-19,2026-09-28 15:00:00
-10.972200,-50.699800,GOES-19,2026-09-28 17:50:00
-10.972200,-50.699800,GOES-19,2026-09-28 18:20:00
-10.972200,-50.699800,GOES-19,2026-09-28 19:00:00
-10.972200,-50.699800,GOES-19,2026-09-28 20:10:00
-10.991200,-50.697800,GOES-19,2026-09-28 18:30:00
-10.991200,-50.697800,GOES-19,2026-09-28 20:10:00
-10.896400,-50.707900,GOES-19,2026-09-28 12:30:00
-10.896400,-50.707900,GOES-19,2026-09-28 14:10:00
-10.896400,-50.707900,GOES-19,2026-09-28 14:20:00
-10.896400,-50.707900,GOES-19,2026-09-28 14:30:00
-10.896400,-50.707900,GOES-19,2026-09-28 14:40:00
-10.896400,-50.707900,GOES-19,2026-09-28 14:50:00
-10.896400,-50.707900,GOES-19,2026-09-28 15:20:00
-10.896400,-50.707900,GOES-19,2026-09-28 15:30:00
-10.896400,-50.707900,GOES-19,2026-09-28 15:40:00
-10.896400,-50.707900,GOES-19,2026-09-28 15:50:00
-10.896400,-50.707900,GOES-19,2026-09-28 17:50:00
-10.896400,-50.707900,GOES-19,2026-09-28 18:20:00
-10.896400,-50.707900,GOES-19,2026-09-28 18:30:00
-10.896400,-50.707900,GOES-19,2026-09-28 18:40:00
-10.896400,-50.707900,GOES-19,2026-09-28 18:50:00
-10.896400,-50.707900,GOES-19,2026-09-28 19:00:00
-10.896400,-50.707900,GOES-19,2026-09-28 19:10:00
-10.915400,-50.705900,GOES-19,2026-09-28 14:20:00
-10.915400,-50.705900,GOES-19,2026-09-28 14:30:00
-10.915400,-50.705900,GOES-19,2026-09-28 14:40:00
-10.915400,-50.705900,GOES-19,2026-09-28 14:50:00
-10.915400,-50.705900,GOES-19,2026-09-28 18:40:00
-10.915400,-50.705900,GOES-19,2026-09-28 19:00:00
-10.915400,-50.705900,GOES-19,2026-09-28 19:10:00
-10.877700,-50.688600,GOES-19,2026-09-28 14:40:00
-10.877700,-50.688600,GOES-19,2026-09-28 14:50:00
-10.877700,-50.688600,GOES-19,2026-09-28 15:00:00
-10.877700,-50.688600,GOES-19,2026-09-28 15:10:00
-10.877700,-50.688600,GOES-19,2026-09-28 15:20:00
-10.877700,-50.688600,GOES-19,2026-09-28 15:30:00
-10.877700,-50.688600,GOES-19,2026-09-28 18:10:00
-10.896700,-50.686600,GOES-19,2026-09-28 14:10:00
-10.896700,-50.686600,GOES-19,2026-09-28 14:20:00
-10.896700,-50.686600,GOES-19,2026-09-28 14:30:00
-10.896700,-50.686600,GOES-19,2026-09-28 14:40:00
-10.896700,-50.686600,GOES-19,2026-09-28 14:50:00
-10.896700,-50.686600,GOES-19,2026-09-28 18:40:00
-10.896700,-50.686600,GOES-19,2026-09-28 19:00:00
-10.915600,-50.684500,GOES-19,2026-09-28 14:10:00
-10.915600,-50.684500,GOES-19,2026-09-28 14:20:00
-10.915600,-50.684500,GOES-19,2026-09-28 14:30:00
-10.915600,-50.684500,GOES-19,2026-09-28 14:40:00
-10.915600,-50.684500,GOES-19,2026-09-28 14:50:00
-10.915600,-50.684500,GOES-19,2026-09-28 19:10:00
-10.934600,-50.682500,GOES-19,2026-09-28 14:10:00
-10.934600,-50.682500,GOES-19,2026-09-28 14:20:00
-10.934600,-50.682500,GOES-19,2026-09-28 14:30:00
-10.934600,-50.682500,GOES-19,2026-09-28 14:40:00
-10.934600,-50.682500,GOES-19,2026-09-28 14:50:00
-10.934600,-50.682500,GOES-19,2026-09-28 18:30:00
-10.934600,-50.682500,GOES-19,2026-09-28 18:40:00
-10.934600,-50.682500,GOES-19,2026-09-28 19:00:00
-10.934600,-50.682500,GOES-19,2026-09-28 19:10:00
-10.953600,-50.680500,GOES-19,2026-09-28 14:10:00
-10.953600,-50.680500,GOES-19,2026-09-28 14:20:00
-10.953600,-50.680500,GOES-19,2026-09-28 14:30:00
-10.953600,-50.680500,GOES-19,2026-09-28 14:40:00
-10.953600,-50.680500,GOES-19,2026-09-28 14:50:00
-10.953600,-50.680500,GOES-19,2026-09-28 18:30:00
-10.953600,-50.680500,GOES-19,2026-09-28 18:40:00
-10.972500,-50.678500,GOES-19,2026-09-28 14:20:00
-10.972500,-50.678500,GOES-19,2026-09-28 14:30:00
-10.972500,-50.678500,GOES-19,2026-09-28 14:40:00
-10.972500,-50.678500,GOES-19,2026-09-28 14:50:00
-10.972500,-50.678500,GOES-19,2026-09-28 15:50:00
-10.972500,-50.678500,GOES-19,2026-09-28 16:10:00
-10.972500,-50.678500,GOES-19,2026-09-28 17:50:00
-10.972500,-50.678500,GOES-19,2026-09-28 18:10:00
-10.972500,-50.678500,GOES-19,2026-09-28 18:30:00
-10.972500,-50.678500,GOES-19,2026-09-28 18:40:00
-10.972500,-50.678500,GOES-19,2026-09-28 19:00:00
-11.694500,-50.598800,GOES-19,2026-09-28 13:30:00
-11.694500,-50.598800,GOES-19,2026-09-28 13:40:00
-11.694500,-50.598800,GOES-19,2026-09-28 13:50:00
-11.694500,-50.598800,GOES-19,2026-09-28 15:00:00
-11.713500,-50.596600,GOES-19,2026-09-28 13:30:00
-11.713500,-50.596600,GOES-19,2026-09-28 13:40:00
-11.713500,-50.596600,GOES-19,2026-09-28 13:50:00
-11.713500,-50.596600,GOES-19,2026-09-28 14:00:00
-11.713500,-50.596600,GOES-19,2026-09-28 14:30:00
-11.713500,-50.596600,GOES-19,2026-09-28 15:00:00
-11.713500,-50.596600,GOES-19,2026-09-28 15:10:00
-10.915900,-50.663200,GOES-19,2026-09-28 19:10:00
-10.934900,-50.661200,GOES-19,2026-09-28 14:10:00
-10.934900,-50.661200,GOES-19,2026-09-28 14:20:00
-10.934900,-50.661200,GOES-19,2026-09-28 14:30:00
-10.934900,-50.661200,GOES-19,2026-09-28 14:40:00
-10.934900,-50.661200,GOES-19,2026-09-28 14:50:00
-10.934900,-50.661200,GOES-19,2026-09-28 18:30:00
-10.934900,-50.661200,GOES-19,2026-09-28 18:40:00
-10.953800,-50.659200,GOES-19,2026-09-28 12:30:00
-10.953800,-50.659200,GOES-19,2026-09-28 12:50:00
-10.953800,-50.659200,GOES-19,2026-09-28 14:10:00
-10.953800,-50.659200,GOES-19,2026-09-28 14:20:00
-10.953800,-50.659200,GOES-19,2026-09-28 14:30:00
-10.953800,-50.659200,GOES-19,2026-09-28 14:40:00
-10.953800,-50.659200,GOES-19,2026-09-28 14:50:00
-10.953800,-50.659200,GOES-19,2026-09-28 18:30:00
-10.953800,-50.659200,GOES-19,2026-09-28 18:40:00
-10.953800,-50.659200,GOES-19,2026-09-28 19:00:00
-10.688900,-50.665800,GOES-19,2026-09-28 13:50:00
-10.688900,-50.665800,GOES-19,2026-09-28 14:00:00
-10.688900,-50.665800,GOES-19,2026-09-28 14:10:00
-10.688900,-50.665800,GOES-19,2026-09-28 14:20:00
-10.688900,-50.665800,GOES-19,2026-09-28 14:30:00
-10.688900,-50.665800,GOES-19,2026-09-28 14:40:00
-10.688900,-50.665800,GOES-19,2026-09-28 14:50:00
-10.688900,-50.665800,GOES-19,2026-09-28 15:30:00
-10.688900,-50.665800,GOES-19,2026-09-28 16:00:00
-11.847800,-50.517000,GOES-19,2026-09-28 14:40:00
-11.847800,-50.517000,GOES-19,2026-09-28 15:40:00
-11.847800,-50.517000,GOES-19,2026-09-28 15:50:00
-11.847800,-50.517000,GOES-19,2026-09-28 16:00:00
-11.847800,-50.517000,GOES-19,2026-09-28 16:10:00
-11.847800,-50.517000,GOES-19,2026-09-28 16:20:00
-11.848100,-50.495500,GOES-19,2026-09-28 14:30:00
-11.848100,-50.495500,GOES-19,2026-09-28 14:40:00
-11.562800,-50.506900,GOES-19,2026-09-28 13:40:00
-11.562800,-50.506900,GOES-19,2026-09-28 14:10:00
-11.562800,-50.506900,GOES-19,2026-09-28 15:50:00
-12.173100,-50.414200,GOES-19,2026-09-28 15:20:00
-12.173100,-50.414200,GOES-19,2026-09-28 15:30:00
-12.173100,-50.414200,GOES-19,2026-09-28 15:40:00
-12.173100,-50.414200,GOES-19,2026-09-28 15:50:00
-12.173100,-50.414200,GOES-19,2026-09-28 16:00:00
-12.173100,-50.414200,GOES-19,2026-09-28 16:10:00
-12.154300,-50.395000,GOES-19,2026-09-28 13:10:00
-12.154300,-50.395000,GOES-19,2026-09-28 14:50:00
-12.154300,-50.395000,GOES-19,2026-09-28 15:00:00
-12.154300,-50.395000,GOES-19,2026-09-28 15:10:00
-12.154300,-50.395000,GOES-19,2026-09-28 15:30:00
-12.154300,-50.395000,GOES-19,2026-09-28 15:40:00
-12.154300,-50.395000,GOES-19,2026-09-28 17:50:00
-12.154300,-50.395000,GOES-19,2026-09-28 18:00:00
-12.154300,-50.395000,GOES-19,2026-09-28 18:20:00
-12.173400,-50.392700,GOES-19,2026-09-28 15:00:00
-12.173400,-50.392700,GOES-19,2026-09-28 15:10:00
-12.173400,-50.392700,GOES-19,2026-09-28 15:20:00
-12.173400,-50.392700,GOES-19,2026-09-28 15:30:00
-12.173400,-50.392700,GOES-19,2026-09-28 15:40:00
-12.173400,-50.392700,GOES-19,2026-09-28 15:50:00
-12.173400,-50.392700,GOES-19,2026-09-28 16:00:00
-12.173400,-50.392700,GOES-19,2026-09-28 16:10:00
-12.135600,-50.375800,GOES-19,2026-09-28 15:00:00
-12.135600,-50.375800,GOES-19,2026-09-28 15:40:00
-12.154700,-50.373500,GOES-19,2026-09-28 14:00:00
-12.154700,-50.373500,GOES-19,2026-09-28 14:50:00
-12.154700,-50.373500,GOES-19,2026-09-28 15:00:00
-12.154700,-50.373500,GOES-19,2026-09-28 15:10:00
-12.154700,-50.373500,GOES-19,2026-09-28 15:20:00
-12.154700,-50.373500,GOES-19,2026-09-28 15:30:00
-12.154700,-50.373500,GOES-19,2026-09-28 15:40:00
-12.154700,-50.373500,GOES-19,2026-09-28 15:50:00
-12.154700,-50.373500,GOES-19,2026-09-28 16:00:00
-12.154700,-50.373500,GOES-19,2026-09-28 16:10:00
-12.154700,-50.373500,GOES-19,2026-09-28 16:50:00
-12.135900,-50.354300,GOES-19,2026-09-28 14:50:00
-12.135900,-50.354300,GOES-19,2026-09-28 15:00:00
-12.135900,-50.354300,GOES-19,2026-09-28 15:10:00
-12.135900,-50.354300,GOES-19,2026-09-28 15:20:00
-12.135900,-50.354300,GOES-19,2026-09-28 15:30:00
-12.135900,-50.354300,GOES-19,2026-09-28 15:40:00
-12.135900,-50.354300,GOES-19,2026-09-28 15:50:00
-12.135900,-50.354300,GOES-19,2026-09-28 16:00:00
-12.135900,-50.354300,GOES-19,2026-09-28 16:10:00
-12.155000,-50.352000,GOES-19,2026-09-28 14:00:00
-12.155000,-50.352000,GOES-19,2026-09-28 15:00:00
-12.155000,-50.352000,GOES-19,2026-09-28 15:10:00
-12.155000,-50.352000,GOES-19,2026-09-28 15:20:00
-12.155000,-50.352000,GOES-19,2026-09-28 15:30:00
-12.155000,-50.352000,GOES-19,2026-09-28 15:40:00
-12.155000,-50.352000,GOES-19,2026-09-28 15:50:00
-12.155000,-50.352000,GOES-19,2026-09-28 16:00:00
-12.155000,-50.352000,GOES-19,2026-09-28 16:10:00
-12.155000,-50.352000,GOES-19,2026-09-28 16:50:00
-12.174100,-50.349700,GOES-19,2026-09-28 14:50:00
-12.174100,-50.349700,GOES-19,2026-09-28 15:00:00
-12.174100,-50.349700,GOES-19,2026-09-28 15:10:00
-12.174100,-50.349700,GOES-19,2026-09-28 16:50:00
2.457900,-51.017200,GOES-19,2026-09-28 18:30:00
-12.136200,-50.332800,GOES-19,2026-09-28 14:00:00
-12.136200,-50.332800,GOES-19,2026-09-28 14:10:00
-12.136200,-50.332800,GOES-19,2026-09-28 14:50:00
-12.136200,-50.332800,GOES-19,2026-09-28 15:00:00
-12.136200,-50.332800,GOES-19,2026-09-28 15:10:00
-12.136200,-50.332800,GOES-19,2026-09-28 15:20:00
-12.136200,-50.332800,GOES-19,2026-09-28 15:30:00
-12.136200,-50.332800,GOES-19,2026-09-28 15:40:00
-12.136200,-50.332800,GOES-19,2026-09-28 15:50:00
-12.136200,-50.332800,GOES-19,2026-09-28 16:00:00
-12.136200,-50.332800,GOES-19,2026-09-28 16:10:00
-12.136200,-50.332800,GOES-19,2026-09-28 16:50:00
-12.327300,-50.309600,GOES-19,2026-09-28 18:40:00
-8.863100,-50.648300,GOES-19,2026-09-28 18:00:00
-10.710400,-50.471800,GOES-19,2026-09-28 13:50:00
-10.710400,-50.471800,GOES-19,2026-09-28 14:00:00
-10.710400,-50.471800,GOES-19,2026-09-28 14:10:00
-10.710400,-50.471800,GOES-19,2026-09-28 14:20:00
-10.710400,-50.471800,GOES-19,2026-09-28 15:00:00
-10.710400,-50.471800,GOES-19,2026-09-28 15:10:00
-10.710400,-50.471800,GOES-19,2026-09-28 15:20:00
-10.710400,-50.471800,GOES-19,2026-09-28 15:30:00
-10.710400,-50.471800,GOES-19,2026-09-28 15:40:00
-10.710400,-50.471800,GOES-19,2026-09-28 15:50:00
-10.729400,-50.469900,GOES-19,2026-09-28 14:10:00
-10.729400,-50.469900,GOES-19,2026-09-28 14:20:00
-10.729400,-50.469900,GOES-19,2026-09-28 15:00:00
-12.098400,-50.315800,GOES-19,2026-09-28 13:50:00
-12.098400,-50.315800,GOES-19,2026-09-28 14:00:00
-12.098400,-50.315800,GOES-19,2026-09-28 14:10:00
-12.098400,-50.315800,GOES-19,2026-09-28 14:20:00
-12.098400,-50.315800,GOES-19,2026-09-28 14:30:00
-12.098400,-50.315800,GOES-19,2026-09-28 14:40:00
-12.098400,-50.315800,GOES-19,2026-09-28 14:50:00
-12.098400,-50.315800,GOES-19,2026-09-28 15:00:00
-12.098400,-50.315800,GOES-19,2026-09-28 15:50:00
-12.098400,-50.315800,GOES-19,2026-09-28 16:00:00
-12.098400,-50.315800,GOES-19,2026-09-28 16:10:00
-12.098400,-50.315800,GOES-19,2026-09-28 16:20:00
-12.098400,-50.315800,GOES-19,2026-09-28 16:30:00
-12.098700,-50.294300,GOES-19,2026-09-28 13:50:00
-12.098700,-50.294300,GOES-19,2026-09-28 14:00:00
-12.098700,-50.294300,GOES-19,2026-09-28 14:10:00
-12.098700,-50.294300,GOES-19,2026-09-28 14:30:00
-12.098700,-50.294300,GOES-19,2026-09-28 14:40:00
-12.098700,-50.294300,GOES-19,2026-09-28 14:50:00
-12.098700,-50.294300,GOES-19,2026-09-28 15:00:00
-12.098700,-50.294300,GOES-19,2026-09-28 15:20:00
-12.098700,-50.294300,GOES-19,2026-09-28 15:30:00
-12.098700,-50.294300,GOES-19,2026-09-28 16:00:00
-12.098700,-50.294300,GOES-19,2026-09-28 16:10:00
-12.289700,-50.271200,GOES-19,2026-09-28 14:20:00
-12.308800,-50.268800,GOES-19,2026-09-28 14:20:00
1.721100,-50.969400,GOES-19,2026-09-28 18:00:00
-12.290100,-50.249600,GOES-19,2026-09-28 12:40:00
-12.290100,-50.249600,GOES-19,2026-09-28 13:20:00
-12.290100,-50.249600,GOES-19,2026-09-28 13:30:00
-12.290100,-50.249600,GOES-19,2026-09-28 14:00:00
-12.290100,-50.249600,GOES-19,2026-09-28 14:10:00
-12.290100,-50.249600,GOES-19,2026-09-28 14:20:00
-12.290100,-50.249600,GOES-19,2026-09-28 14:30:00
-12.290100,-50.249600,GOES-19,2026-09-28 14:40:00
-12.290100,-50.249600,GOES-19,2026-09-28 14:50:00
-12.290100,-50.249600,GOES-19,2026-09-28 15:00:00
-12.290100,-50.249600,GOES-19,2026-09-28 15:10:00
-12.290100,-50.249600,GOES-19,2026-09-28 15:30:00
-12.309200,-50.247300,GOES-19,2026-09-28 12:40:00
-12.309200,-50.247300,GOES-19,2026-09-28 12:50:00
-12.309200,-50.247300,GOES-19,2026-09-28 13:20:00
-12.309200,-50.247300,GOES-19,2026-09-28 13:30:00
-12.309200,-50.247300,GOES-19,2026-09-28 14:20:00
-12.309200,-50.247300,GOES-19,2026-09-28 14:30:00
-12.309200,-50.247300,GOES-19,2026-09-28 14:50:00
-12.309200,-50.247300,GOES-19,2026-09-28 15:00:00
-12.309200,-50.247300,GOES-19,2026-09-28 15:10:00
-12.309200,-50.247300,GOES-19,2026-09-28 15:20:00
-12.309200,-50.247300,GOES-19,2026-09-28 15:30:00
-12.366500,-50.240200,GOES-19,2026-09-28 14:40:00
-12.366500,-50.240200,GOES-19,2026-09-28 14:50:00
-12.366500,-50.240200,GOES-19,2026-09-28 15:10:00
-12.366500,-50.240200,GOES-19,2026-09-28 15:20:00
-12.366500,-50.240200,GOES-19,2026-09-28 15:40:00
-12.366500,-50.240200,GOES-19,2026-09-28 18:10:00
-12.366500,-50.240200,GOES-19,2026-09-28 18:20:00
-12.385700,-50.237900,GOES-19,2026-09-28 14:50:00
-12.385700,-50.237900,GOES-19,2026-09-28 18:20:00
-12.385700,-50.237900,GOES-19,2026-09-28 18:30:00
-12.385700,-50.237900,GOES-19,2026-09-28 18:50:00
-12.404800,-50.235500,GOES-19,2026-09-28 18:50:00
-12.366900,-50.218700,GOES-19,2026-09-28 14:40:00
-12.366900,-50.218700,GOES-19,2026-09-28 15:00:00
-12.366900,-50.218700,GOES-19,2026-09-28 15:10:00
-12.366900,-50.218700,GOES-19,2026-09-28 15:20:00
-12.366900,-50.218700,GOES-19,2026-09-28 15:30:00
-12.366900,-50.218700,GOES-19,2026-09-28 16:10:00
-12.366900,-50.218700,GOES-19,2026-09-28 18:10:00
-12.061500,-50.234300,GOES-19,2026-09-28 13:50:00
-12.061500,-50.234300,GOES-19,2026-09-28 14:10:00
-12.061500,-50.234300,GOES-19,2026-09-28 14:20:00
-12.061500,-50.234300,GOES-19,2026-09-28 14:30:00
-12.061800,-50.212700,GOES-19,2026-09-28 14:10:00
-12.061800,-50.212700,GOES-19,2026-09-28 14:20:00
-12.061800,-50.212700,GOES-19,2026-09-28 14:30:00
-12.310500,-50.161000,GOES-19,2026-09-28 16:10:00
-18.710600,-49.139400,GOES-19,2026-09-28 12:10:00
-18.710600,-49.139400,GOES-19,2026-09-28 12:20:00
-18.710600,-49.139400,GOES-19,2026-09-28 12:30:00
-18.710600,-49.139400,GOES-19,2026-09-28 13:20:00
-18.710600,-49.139400,GOES-19,2026-09-28 13:30:00
-18.710600,-49.139400,GOES-19,2026-09-28 13:40:00
-18.730700,-49.135400,GOES-19,2026-09-28 12:10:00
-18.730700,-49.135400,GOES-19,2026-09-28 12:30:00
-18.730700,-49.135400,GOES-19,2026-09-28 13:30:00
-18.730700,-49.135400,GOES-19,2026-09-28 13:40:00
-10.088400,-50.386200,GOES-19,2026-09-28 17:30:00
-10.088400,-50.386200,GOES-19,2026-09-28 17:40:00
-18.731200,-49.112700,GOES-19,2026-09-28 12:10:00
-18.731200,-49.112700,GOES-19,2026-09-28 13:40:00
-12.523400,-49.983400,GOES-19,2026-09-28 18:30:00
-12.523400,-49.983400,GOES-19,2026-09-28 18:40:00
-12.523400,-49.983400,GOES-19,2026-09-28 18:50:00
-9.939300,-50.251800,GOES-19,2026-09-28 13:20:00
-9.939300,-50.251800,GOES-19,2026-09-28 13:30:00
-9.939300,-50.251800,GOES-19,2026-09-28 13:50:00
-9.939300,-50.251800,GOES-19,2026-09-28 14:00:00
-9.939300,-50.251800,GOES-19,2026-09-28 14:10:00
-9.939300,-50.251800,GOES-19,2026-09-28 14:20:00
-9.939300,-50.251800,GOES-19,2026-09-28 14:30:00
-9.939300,-50.251800,GOES-19,2026-09-28 14:40:00
-9.939300,-50.251800,GOES-19,2026-09-28 14:50:00
-9.939300,-50.251800,GOES-19,2026-09-28 15:00:00
-9.939300,-50.251800,GOES-19,2026-09-28 15:10:00
-9.939300,-50.251800,GOES-19,2026-09-28 15:20:00
-9.939300,-50.251800,GOES-19,2026-09-28 15:30:00
-9.977000,-50.248000,GOES-19,2026-09-28 14:10:00
-9.977000,-50.248000,GOES-19,2026-09-28 14:20:00
-9.977000,-50.248000,GOES-19,2026-09-28 14:50:00
-9.977000,-50.248000,GOES-19,2026-09-28 15:00:00
-9.977000,-50.248000,GOES-19,2026-09-28 15:10:00
-9.977000,-50.248000,GOES-19,2026-09-28 15:20:00
-9.977000,-50.248000,GOES-19,2026-09-28 15:50:00
-9.977000,-50.248000,GOES-19,2026-09-28 17:50:00
-9.977000,-50.248000,GOES-19,2026-09-28 18:10:00
-9.977000,-50.248000,GOES-19,2026-09-28 18:20:00
-9.977000,-50.248000,GOES-19,2026-09-28 18:30:00
-9.977000,-50.248000,GOES-19,2026-09-28 18:40:00
-9.995900,-50.246200,GOES-19,2026-09-28 18:00:00
-9.995900,-50.246200,GOES-19,2026-09-28 18:10:00
-9.995900,-50.246200,GOES-19,2026-09-28 19:00:00
-9.995900,-50.246200,GOES-19,2026-09-28 19:20:00
-9.995900,-50.246200,GOES-19,2026-09-28 20:20:00
-10.014800,-50.244300,GOES-19,2026-09-28 19:00:00
-10.014800,-50.244300,GOES-19,2026-09-28 20:20:00
-10.014800,-50.244300,GOES-19,2026-09-28 22:40:00
-9.920700,-50.232300,GOES-19,2026-09-28 14:20:00
-9.920700,-50.232300,GOES-19,2026-09-28 15:10:00
-9.920700,-50.232300,GOES-19,2026-09-28 15:20:00
-9.920700,-50.232300,GOES-19,2026-09-28 15:30:00
-9.920700,-50.232300,GOES-19,2026-09-28 18:00:00
-9.920700,-50.232300,GOES-19,2026-09-28 18:10:00
-9.920700,-50.232300,GOES-19,2026-09-28 18:20:00
-9.920700,-50.232300,GOES-19,2026-09-28 18:50:00
-9.939600,-50.230400,GOES-19,2026-09-28 13:10:00
-9.939600,-50.230400,GOES-19,2026-09-28 13:20:00
-9.939600,-50.230400,GOES-19,2026-09-28 13:30:00
-9.939600,-50.230400,GOES-19,2026-09-28 13:40:00
-9.939600,-50.230400,GOES-19,2026-09-28 13:50:00
-9.939600,-50.230400,GOES-19,2026-09-28 14:00:00
-9.939600,-50.230400,GOES-19,2026-09-28 14:10:00
-9.939600,-50.230400,GOES-19,2026-09-28 14:20:00
-9.939600,-50.230400,GOES-19,2026-09-28 14:30:00
-9.939600,-50.230400,GOES-19,2026-09-28 14:40:00
-9.939600,-50.230400,GOES-19,2026-09-28 14:50:00
-9.939600,-50.230400,GOES-19,2026-09-28 15:00:00
-9.939600,-50.230400,GOES-19,2026-09-28 15:10:00
-9.939600,-50.230400,GOES-19,2026-09-28 15:20:00
-9.939600,-50.230400,GOES-19,2026-09-28 15:30:00
-11.702800,-50.040200,GOES-19,2026-09-28 18:50:00
-15.034800,-49.587300,GOES-19,2026-09-28 13:40:00
-15.034800,-49.587300,GOES-19,2026-09-28 14:20:00
-15.034800,-49.587300,GOES-19,2026-09-28 14:30:00
-15.034800,-49.587300,GOES-19,2026-09-28 14:40:00
-15.034800,-49.587300,GOES-19,2026-09-28 18:00:00
-15.034800,-49.587300,GOES-19,2026-09-28 18:10:00
-15.034800,-49.587300,GOES-19,2026-09-28 18:30:00
-15.034800,-49.587300,GOES-19,2026-09-28 18:40:00
-10.109800,-50.192100,GOES-19,2026-09-28 13:20:00
-10.109800,-50.192100,GOES-19,2026-09-28 13:30:00
-10.109800,-50.192100,GOES-19,2026-09-28 13:40:00
-10.109800,-50.192100,GOES-19,2026-09-28 13:50:00
-10.109800,-50.192100,GOES-19,2026-09-28 14:00:00
-10.109800,-50.192100,GOES-19,2026-09-28 14:20:00
-10.109800,-50.192100,GOES-19,2026-09-28 14:30:00
-10.109800,-50.192100,GOES-19,2026-09-28 17:30:00
-10.109800,-50.192100,GOES-19,2026-09-28 17:40:00
-10.128600,-50.190200,GOES-19,2026-09-28 13:40:00
-10.128600,-50.190200,GOES-19,2026-09-28 13:50:00
-10.128600,-50.190200,GOES-19,2026-09-28 14:00:00
-10.128600,-50.190200,GOES-19,2026-09-28 17:40:00
-11.132400,-50.083900,GOES-19,2026-09-28 14:00:00
-11.132400,-50.083900,GOES-19,2026-09-28 14:10:00
-11.132400,-50.083900,GOES-19,2026-09-28 15:00:00
-11.132400,-50.083900,GOES-19,2026-09-28 15:30:00
-11.132400,-50.083900,GOES-19,2026-09-28 18:10:00
-11.132400,-50.083900,GOES-19,2026-09-28 18:20:00
-11.132400,-50.083900,GOES-19,2026-09-28 18:30:00
-11.132400,-50.083900,GOES-19,2026-09-28 18:50:00
-11.151400,-50.081800,GOES-19,2026-09-28 15:20:00
-11.151400,-50.081800,GOES-19,2026-09-28 18:50:00
-9.977900,-50.184000,GOES-19,2026-09-28 13:50:00
-9.977900,-50.184000,GOES-19,2026-09-28 14:10:00
-9.977900,-50.184000,GOES-19,2026-09-28 14:20:00
-9.977900,-50.184000,GOES-19,2026-09-28 14:40:00
-9.977900,-50.184000,GOES-19,2026-09-28 14:50:00
-9.977900,-50.184000,GOES-19,2026-09-28 15:00:00
-11.132700,-50.062400,GOES-19,2026-09-28 14:10:00
-11.132700,-50.062400,GOES-19,2026-09-28 15:20:00
-11.151700,-50.060300,GOES-19,2026-09-28 14:10:00
-11.151700,-50.060300,GOES-19,2026-09-28 14:40:00
-9.959300,-50.164400,GOES-19,2026-09-28 13:50:00
-9.959300,-50.164400,GOES-19,2026-09-28 14:00:00
-9.959300,-50.164400,GOES-19,2026-09-28 14:10:00
-9.959300,-50.164400,GOES-19,2026-09-28 14:40:00
-9.959300,-50.164400,GOES-19,2026-09-28 14:50:00
-9.959300,-50.164400,GOES-19,2026-09-28 15:20:00
-9.959300,-50.164400,GOES-19,2026-09-28 18:20:00
-9.959300,-50.164400,GOES-19,2026-09-28 18:30:00
-9.959300,-50.164400,GOES-19,2026-09-28 18:40:00
-9.959300,-50.164400,GOES-19,2026-09-28 18:50:00
-9.978100,-50.162600,GOES-19,2026-09-28 13:20:00
-9.978100,-50.162600,GOES-19,2026-09-28 13:40:00
-9.978100,-50.162600,GOES-19,2026-09-28 13:50:00
-9.978100,-50.162600,GOES-19,2026-09-28 14:00:00
-9.978100,-50.162600,GOES-19,2026-09-28 14:10:00
-9.978100,-50.162600,GOES-19,2026-09-28 14:20:00
-9.978100,-50.162600,GOES-19,2026-09-28 14:40:00
-9.978100,-50.162600,GOES-19,2026-09-28 15:00:00
-9.978100,-50.162600,GOES-19,2026-09-28 15:20:00
-10.053700,-50.155000,GOES-19,2026-09-28 15:30:00
-11.133100,-50.040900,GOES-19,2026-09-28 14:10:00
-11.133100,-50.040900,GOES-19,2026-09-28 14:40:00
-11.133100,-50.040900,GOES-19,2026-09-28 14:50:00
-11.133100,-50.040900,GOES-19,2026-09-28 15:00:00
-11.133100,-50.040900,GOES-19,2026-09-28 15:10:00
-11.133100,-50.040900,GOES-19,2026-09-28 15:20:00
-11.133100,-50.040900,GOES-19,2026-09-28 15:30:00
-11.133100,-50.040900,GOES-19,2026-09-28 15:40:00
-11.133100,-50.040900,GOES-19,2026-09-28 15:50:00
-11.152000,-50.038800,GOES-19,2026-09-28 14:10:00
-11.152000,-50.038800,GOES-19,2026-09-28 14:50:00
-11.152000,-50.038800,GOES-19,2026-09-28 15:00:00
-11.152000,-50.038800,GOES-19,2026-09-28 15:20:00
-11.152000,-50.038800,GOES-19,2026-09-28 15:40:00
-11.152000,-50.038800,GOES-19,2026-09-28 15:50:00
-11.152000,-50.038800,GOES-19,2026-09-28 16:00:00
-9.959500,-50.143100,GOES-19,2026-09-28 13:10:00
-9.959500,-50.143100,GOES-19,2026-09-28 13:20:00
-9.959500,-50.143100,GOES-19,2026-09-28 13:30:00
-9.959500,-50.143100,GOES-19,2026-09-28 13:40:00
-9.959500,-50.143100,GOES-19,2026-09-28 13:50:00
-9.959500,-50.143100,GOES-19,2026-09-28 14:00:00
-9.959500,-50.143100,GOES-19,2026-09-28 14:10:00
-9.959500,-50.143100,GOES-19,2026-09-28 14:20:00
-9.959500,-50.143100,GOES-19,2026-09-28 14:30:00
-9.959500,-50.143100,GOES-19,2026-09-28 14:40:00
-9.959500,-50.143100,GOES-19,2026-09-28 15:20:00
-9.959500,-50.143100,GOES-19,2026-09-28 17:30:00
-9.959500,-50.143100,GOES-19,2026-09-28 17:40:00
-9.959500,-50.143100,GOES-19,2026-09-28 17:50:00
-9.959500,-50.143100,GOES-19,2026-09-28 18:00:00
-9.959500,-50.143100,GOES-19,2026-09-28 18:10:00
-9.959500,-50.143100,GOES-19,2026-09-28 18:20:00
-9.959500,-50.143100,GOES-19,2026-09-28 18:30:00
-9.978400,-50.141200,GOES-19,2026-09-28 13:20:00
-9.978400,-50.141200,GOES-19,2026-09-28 13:40:00
-9.978400,-50.141200,GOES-19,2026-09-28 13:50:00
-9.978400,-50.141200,GOES-19,2026-09-28 14:00:00
-9.978400,-50.141200,GOES-19,2026-09-28 14:10:00
-9.978400,-50.141200,GOES-19,2026-09-28 14:20:00
-9.978400,-50.141200,GOES-19,2026-09-28 14:40:00
-9.997300,-50.139300,GOES-19,2026-09-28 13:20:00
-9.997300,-50.139300,GOES-19,2026-09-28 13:40:00
-9.997300,-50.139300,GOES-19,2026-09-28 13:50:00
-9.997300,-50.139300,GOES-19,2026-09-28 14:00:00
-9.997300,-50.139300,GOES-19,2026-09-28 14:10:00
-9.997300,-50.139300,GOES-19,2026-09-28 14:40:00
-9.978700,-50.119800,GOES-19,2026-09-28 13:00:00
-9.978700,-50.119800,GOES-19,2026-09-28 13:10:00
-9.978700,-50.119800,GOES-19,2026-09-28 13:20:00
-9.978700,-50.119800,GOES-19,2026-09-28 13:30:00
-9.978700,-50.119800,GOES-19,2026-09-28 13:40:00
-9.978700,-50.119800,GOES-19,2026-09-28 13:50:00
-9.978700,-50.119800,GOES-19,2026-09-28 14:00:00
-9.978700,-50.119800,GOES-19,2026-09-28 14:10:00
-9.978700,-50.119800,GOES-19,2026-09-28 14:20:00
-9.978700,-50.119800,GOES-19,2026-09-28 14:30:00
-9.978700,-50.119800,GOES-19,2026-09-28 14:40:00
-9.978700,-50.119800,GOES-19,2026-09-28 14:50:00
-9.978700,-50.119800,GOES-19,2026-09-28 15:10:00
-9.978700,-50.119800,GOES-19,2026-09-28 18:00:00
-9.978700,-50.119800,GOES-19,2026-09-28 18:10:00
-9.978700,-50.119800,GOES-19,2026-09-28 18:30:00
-9.997600,-50.117900,GOES-19,2026-09-28 13:20:00
-9.997600,-50.117900,GOES-19,2026-09-28 13:40:00
-9.997600,-50.117900,GOES-19,2026-09-28 13:50:00
-9.997600,-50.117900,GOES-19,2026-09-28 14:00:00
-9.997600,-50.117900,GOES-19,2026-09-28 14:10:00
-10.016400,-50.116000,GOES-19,2026-09-28 14:00:00
-10.016400,-50.116000,GOES-19,2026-09-28 14:10:00
-18.780000,-48.763000,GOES-19,2026-09-28 12:40:00
-18.780000,-48.763000,GOES-19,2026-09-28 12:50:00
-18.780000,-48.763000,GOES-19,2026-09-28 13:10:00
-18.780000,-48.763000,GOES-19,2026-09-28 13:20:00
-18.780000,-48.763000,GOES-19,2026-09-28 13:30:00
-10.206200,-50.032700,GOES-19,2026-09-28 15:00:00
-10.206200,-50.032700,GOES-19,2026-09-28 15:10:00
-10.206200,-50.032700,GOES-19,2026-09-28 18:10:00
-10.206200,-50.032700,GOES-19,2026-09-28 18:20:00
-10.206200,-50.032700,GOES-19,2026-09-28 18:30:00
-10.206200,-50.032700,GOES-19,2026-09-28 18:50:00
-10.584600,-49.993300,GOES-19,2026-09-28 14:20:00
-10.584600,-49.993300,GOES-19,2026-09-28 15:00:00
-10.584600,-49.993300,GOES-19,2026-09-28 15:10:00
-10.584600,-49.993300,GOES-19,2026-09-28 15:30:00
-10.225400,-50.009300,GOES-19,2026-09-28 18:20:00
-10.225400,-50.009300,GOES-19,2026-09-28 18:50:00
-10.244300,-50.007400,GOES-19,2026-09-28 18:50:00
-10.206500,-50.011300,GOES-19,2026-09-28 18:20:00
-10.206500,-50.011300,GOES-19,2026-09-28 18:50:00
-10.187800,-49.991800,GOES-19,2026-09-28 14:10:00
-10.187800,-49.991800,GOES-19,2026-09-28 14:20:00
-10.187800,-49.991800,GOES-19,2026-09-28 18:20:00
-10.187800,-49.991800,GOES-19,2026-09-28 18:30:00
-10.206700,-49.989800,GOES-19,2026-09-28 18:20:00
-10.206700,-49.989800,GOES-19,2026-09-28 18:50:00
-10.225700,-49.987900,GOES-19,2026-09-28 18:20:00
-10.225700,-49.987900,GOES-19,2026-09-28 18:50:00
-10.244600,-49.986000,GOES-19,2026-09-28 18:20:00
-10.207000,-49.968400,GOES-19,2026-09-28 18:20:00
-11.497800,-49.762400,GOES-19,2026-09-28 19:30:00
-18.683400,-48.623400,GOES-19,2026-09-28 13:00:00
-18.683400,-48.623400,GOES-19,2026-09-28 13:10:00
-18.683400,-48.623400,GOES-19,2026-09-28 13:20:00
-18.683400,-48.623400,GOES-19,2026-09-28 13:30:00
-18.683400,-48.623400,GOES-19,2026-09-28 13:40:00
-18.683400,-48.623400,GOES-19,2026-09-28 13:50:00
-18.683400,-48.623400,GOES-19,2026-09-28 14:00:00
-18.683400,-48.623400,GOES-19,2026-09-28 14:10:00
-18.683400,-48.623400,GOES-19,2026-09-28 14:20:00
-18.683400,-48.623400,GOES-19,2026-09-28 14:30:00
-18.683400,-48.623400,GOES-19,2026-09-28 14:40:00
-18.683400,-48.623400,GOES-19,2026-09-28 14:50:00
-18.683400,-48.623400,GOES-19,2026-09-28 15:00:00
-18.683400,-48.623400,GOES-19,2026-09-28 18:50:00
-9.133500,-49.987000,GOES-19,2026-09-28 18:50:00
-9.133500,-49.987000,GOES-19,2026-09-28 19:00:00
-9.152300,-49.985300,GOES-19,2026-09-28 13:40:00
-9.152300,-49.985300,GOES-19,2026-09-28 14:00:00
-9.152300,-49.985300,GOES-19,2026-09-28 14:50:00
-9.152300,-49.985300,GOES-19,2026-09-28 15:00:00
-9.152300,-49.985300,GOES-19,2026-09-28 18:20:00
-9.152300,-49.985300,GOES-19,2026-09-28 18:50:00
-9.152300,-49.985300,GOES-19,2026-09-28 19:00:00
-11.460100,-49.745200,GOES-19,2026-09-28 13:30:00
-11.460100,-49.745200,GOES-19,2026-09-28 14:00:00
-11.460100,-49.745200,GOES-19,2026-09-28 14:10:00
-11.460100,-49.745200,GOES-19,2026-09-28 14:20:00
-11.460100,-49.745200,GOES-19,2026-09-28 14:30:00
-11.460100,-49.745200,GOES-19,2026-09-28 14:40:00
-11.460100,-49.745200,GOES-19,2026-09-28 14:50:00
-11.460100,-49.745200,GOES-19,2026-09-28 15:00:00
-11.460100,-49.745200,GOES-19,2026-09-28 15:10:00
-11.460100,-49.745200,GOES-19,2026-09-28 15:20:00
-11.460100,-49.745200,GOES-19,2026-09-28 18:10:00
-11.460100,-49.745200,GOES-19,2026-09-28 18:20:00
-11.460100,-49.745200,GOES-19,2026-09-28 18:30:00
-11.460100,-49.745200,GOES-19,2026-09-28 18:50:00
-11.479100,-49.743000,GOES-19,2026-09-28 15:10:00
-11.479100,-49.743000,GOES-19,2026-09-28 15:20:00
-11.479100,-49.743000,GOES-19,2026-09-28 15:30:00
-11.479100,-49.743000,GOES-19,2026-09-28 18:00:00
-11.479100,-49.743000,GOES-19,2026-09-28 18:30:00
-11.479100,-49.743000,GOES-19,2026-09-28 18:50:00
-11.498100,-49.740800,GOES-19,2026-09-28 19:00:00
-11.498100,-49.740800,GOES-19,2026-09-28 19:30:00
-11.024100,-49.708800,GOES-19,2026-09-28 15:20:00
-11.024100,-49.708800,GOES-19,2026-09-28 15:30:00
-20.048400,-48.056800,GOES-19,2026-09-28 18:40:00
-9.174900,-49.662400,GOES-19,2026-09-28 13:20:00
-9.174900,-49.662400,GOES-19,2026-09-28 13:30:00
-9.174900,-49.662400,GOES-19,2026-09-28 13:40:00
-9.174900,-49.662400,GOES-19,2026-09-28 13:50:00
-9.174900,-49.662400,GOES-19,2026-09-28 14:00:00
-13.959900,-49.089700,GOES-19,2026-09-28 18:30:00
-13.959900,-49.089700,GOES-19,2026-09-28 18:40:00
-9.043500,-49.653100,GOES-19,2026-09-28 18:20:00
-9.043500,-49.653100,GOES-19,2026-09-28 18:30:00
-13.941000,-49.070500,GOES-19,2026-09-28 18:20:00
-13.941000,-49.070500,GOES-19,2026-09-28 18:30:00
-13.941000,-49.070500,GOES-19,2026-09-28 18:40:00
-13.941000,-49.070500,GOES-19,2026-09-28 18:50:00
-13.960300,-49.067600,GOES-19,2026-09-28 18:20:00
-13.960300,-49.067600,GOES-19,2026-09-28 18:30:00
-13.960300,-49.067600,GOES-19,2026-09-28 18:40:00
-13.960300,-49.067600,GOES-19,2026-09-28 18:50:00
-13.960300,-49.067600,GOES-19,2026-09-28 19:10:00
-13.960300,-49.067600,GOES-19,2026-09-28 19:20:00
-9.062500,-49.629900,GOES-19,2026-09-28 18:40:00
-9.062500,-49.629900,GOES-19,2026-09-28 18:50:00
-8.499700,-49.616000,GOES-19,2026-09-28 18:30:00
-8.499900,-49.594600,GOES-19,2026-09-28 18:30:00
-10.422700,-49.386500,GOES-19,2026-09-28 18:50:00
-10.422700,-49.386500,GOES-19,2026-09-28 19:30:00
-2.388500,-49.592700,GOES-19,2026-09-28 19:40:00
-2.093200,-49.578200,GOES-19,2026-09-28 18:10:00
-2.093200,-49.578200,GOES-19,2026-09-28 18:30:00
-2.093200,-49.578200,GOES-19,2026-09-28 18:40:00
-2.093200,-49.578200,GOES-19,2026-09-28 18:50:00
-2.093200,-49.578200,GOES-19,2026-09-28 19:00:00
-2.111700,-49.577800,GOES-19,2026-09-28 18:40:00
-2.111700,-49.577800,GOES-19,2026-09-28 18:50:00
-2.093300,-49.557000,GOES-19,2026-09-28 17:30:00
-2.093300,-49.557000,GOES-19,2026-09-28 17:50:00
-2.093300,-49.557000,GOES-19,2026-09-28 18:00:00
-2.093300,-49.557000,GOES-19,2026-09-28 18:10:00
-2.093300,-49.557000,GOES-19,2026-09-28 18:20:00
-2.093300,-49.557000,GOES-19,2026-09-28 18:40:00
-2.093300,-49.557000,GOES-19,2026-09-28 18:50:00
-13.486900,-48.607400,GOES-19,2026-09-28 14:20:00
-13.486900,-48.607400,GOES-19,2026-09-28 14:50:00
-13.486900,-48.607400,GOES-19,2026-09-28 15:00:00
-11.073800,-48.901200,GOES-19,2026-09-28 13:30:00
-11.073800,-48.901200,GOES-19,2026-09-28 13:40:00
-11.073800,-48.901200,GOES-19,2026-09-28 13:50:00
-11.073800,-48.901200,GOES-19,2026-09-28 14:00:00
-11.073800,-48.901200,GOES-19,2026-09-28 14:10:00
-11.073800,-48.901200,GOES-19,2026-09-28 14:20:00
-11.073800,-48.901200,GOES-19,2026-09-28 14:30:00
-11.073800,-48.901200,GOES-19,2026-09-28 14:40:00
-11.092800,-48.899000,GOES-19,2026-09-28 14:20:00
-13.487300,-48.585300,GOES-19,2026-09-28 15:00:00
-13.487300,-48.585300,GOES-19,2026-09-28 15:10:00
-15.079300,-48.338900,GOES-19,2026-09-28 19:00:00
-15.098800,-48.335600,GOES-19,2026-09-28 18:00:00
-11.074100,-48.879400,GOES-19,2026-09-28 13:40:00
-11.074100,-48.879400,GOES-19,2026-09-28 13:50:00
-11.074100,-48.879400,GOES-19,2026-09-28 14:00:00
-11.074100,-48.879400,GOES-19,2026-09-28 14:10:00
-11.074100,-48.879400,GOES-19,2026-09-28 14:20:00
-11.074100,-48.879400,GOES-19,2026-09-28 14:30:00
-13.160600,-48.565800,GOES-19,2026-09-28 11:00:00
-13.160600,-48.565800,GOES-19,2026-09-28 11:10:00
-13.160600,-48.565800,GOES-19,2026-09-28 11:20:00
-13.160600,-48.565800,GOES-19,2026-09-28 11:30:00
-13.160600,-48.565800,GOES-19,2026-09-28 11:40:00
-13.160600,-48.565800,GOES-19,2026-09-28 11:50:00
-13.160600,-48.565800,GOES-19,2026-09-28 12:00:00
-13.160600,-48.565800,GOES-19,2026-09-28 12:10:00
-13.160600,-48.565800,GOES-19,2026-09-28 12:20:00
-13.160600,-48.565800,GOES-19,2026-09-28 12:30:00
-13.160600,-48.565800,GOES-19,2026-09-28 13:30:00
-13.160600,-48.565800,GOES-19,2026-09-28 13:40:00
-13.179900,-48.563100,GOES-19,2026-09-28 14:10:00
-13.179900,-48.563100,GOES-19,2026-09-28 14:30:00
-10.791300,-48.759600,GOES-19,2026-09-28 14:50:00
-10.791300,-48.759600,GOES-19,2026-09-28 18:20:00
-10.791300,-48.759600,GOES-19,2026-09-28 18:30:00
-10.791300,-48.759600,GOES-19,2026-09-28 19:10:00
-10.791300,-48.759600,GOES-19,2026-09-28 19:20:00
-10.791300,-48.759600,GOES-19,2026-09-28 19:30:00
-10.791300,-48.759600,GOES-19,2026-09-28 19:40:00
-10.791300,-48.759600,GOES-19,2026-09-28 19:50:00
-12.050300,-48.540200,GOES-19,2026-09-28 18:30:00
-12.050300,-48.540200,GOES-19,2026-09-28 18:50:00
-12.050300,-48.540200,GOES-19,2026-09-28 19:00:00
-12.069400,-48.537700,GOES-19,2026-09-28 17:30:00
-12.069400,-48.537700,GOES-19,2026-09-28 17:40:00
-12.069400,-48.537700,GOES-19,2026-09-28 17:50:00
-12.069400,-48.537700,GOES-19,2026-09-28 18:00:00
-12.069400,-48.537700,GOES-19,2026-09-28 18:10:00
-12.069400,-48.537700,GOES-19,2026-09-28 18:20:00
-12.069400,-48.537700,GOES-19,2026-09-28 18:30:00
-12.069400,-48.537700,GOES-19,2026-09-28 18:50:00
-8.454600,-48.629300,GOES-19,2026-09-28 18:50:00
-1.467200,-48.931000,GOES-19,2026-09-28 15:00:00
-1.467200,-48.931000,GOES-19,2026-09-28 15:10:00
-1.467200,-48.931000,GOES-19,2026-09-28 15:30:00
-1.467200,-48.931000,GOES-19,2026-09-28 15:40:00
-1.467200,-48.931000,GOES-19,2026-09-28 15:50:00
-1.467200,-48.931000,GOES-19,2026-09-28 16:10:00
-1.467200,-48.931000,GOES-19,2026-09-28 16:20:00
-1.430300,-48.910200,GOES-19,2026-09-28 17:30:00
-1.430300,-48.910200,GOES-19,2026-09-28 17:40:00
-9.850200,-48.405300,GOES-19,2026-09-28 14:50:00
-12.594000,-65.411700,GOES-19,2026-09-29 03:20:00
-12.612900,-65.410800,GOES-19,2026-09-29 03:20:00
-12.613000,-65.391900,GOES-19,2026-09-29 03:20:00
-12.631800,-65.410000,GOES-19,2026-09-29 03:20:00
-12.650900,-65.371200,GOES-19,2026-09-29 03:20:00
-12.651000,-65.352200,GOES-19,2026-09-29 03:20:00
-12.669800,-65.370300,GOES-19,2026-09-29 03:20:00
-12.669900,-65.351300,GOES-19,2026-09-29 03:20:00
-13.337000,-64.672000,GOES-19,2026-09-29 03:20:00
-13.356000,-64.671100,GOES-19,2026-09-29 03:20:00
-13.374900,-64.670100,GOES-19,2026-09-29 03:20:00
-17.469300,-60.162900,GOES-19,2026-09-29 03:20:00
-17.613400,-59.685400,GOES-19,2026-09-29 03:20:00
-17.633100,-59.683400,GOES-19,2026-09-29 03:20:00
-18.152400,-62.037600,GOES-19,2026-09-29 03:20:00
-18.368800,-62.077800,GOES-19,2026-09-29 03:20:00
-18.369100,-62.057900,GOES-19,2026-09-29 03:20:00
-18.388600,-62.076000,GOES-19,2026-09-29 03:20:00
-18.388900,-62.056100,GOES-19,2026-09-29 03:20:00
-18.408400,-62.074200,GOES-19,2026-09-29 03:20:00
-20.300600,-58.305000,GOES-19,2026-09-29 03:20:00
-11.177500,-44.783200,GOES-19,2026-09-29 03:20:00
-7.407400,-40.229900,GOES-19,2026-09-29 03:20:00
-11.411000,-43.462500,GOES-19,2026-09-29 03:20:00
-11.411500,-43.438800,GOES-19,2026-09-29 03:20:00
-11.429800,-43.483300,GOES-19,2026-09-29 03:20:00
-11.430200,-43.459600,GOES-19,2026-09-29 03:20:00
-11.430700,-43.435800,GOES-19,2026-09-29 03:20:00
-11.449500,-43.456600,GOES-19,2026-09-29 03:20:00
-15.251100,-43.274300,GOES-19,2026-09-29 03:20:00
-15.251700,-43.250100,GOES-19,2026-09-29 03:20:00
1.656700,-55.883300,GOES-19,2026-09-29 03:20:00
-3.820200,-55.918700,GOES-19,2026-09-29 03:20:00
-3.820200,-55.899000,GOES-19,2026-09-29 03:20:00
-5.608100,-45.003800,GOES-19,2026-09-29 03:20:00
-7.829700,-45.815600,GOES-19,2026-09-29 03:20:00
-7.848600,-45.813800,GOES-19,2026-09-29 03:20:00
-9.177000,-61.407300,GOES-19,2026-09-29 03:20:00