lat,lon,satelite,data
-9.702800,-48.136600,GOES-19,2026-08-27 15:50:00
-9.702800,-48.136600,GOES-19,2026-08-27 17:30:00
-11.948600,-47.758200,GOES-19,2026-08-27 14:10:00
-11.948600,-47.758200,GOES-19,2026-08-27 14:20:00
-11.948600,-47.758200,GOES-19,2026-08-27 14:40:00
-11.948600,-47.758200,GOES-19,2026-08-27 14:50:00
-11.948600,-47.758200,GOES-19,2026-08-27 15:00:00
-11.948600,-47.758200,GOES-19,2026-08-27 15:10:00
-11.948900,-47.736000,GOES-19,2026-08-27 14:10:00
-11.948900,-47.736000,GOES-19,2026-08-27 14:40:00
-11.948900,-47.736000,GOES-19,2026-08-27 14:50:00
-10.995500,-47.791200,GOES-19,2026-08-27 15:10:00
-10.995500,-47.791200,GOES-19,2026-08-27 15:40:00
-10.995500,-47.791200,GOES-19,2026-08-27 15:50:00
-9.497800,-47.938900,GOES-19,2026-08-27 15:50:00
-1.967200,-48.386500,GOES-19,2026-08-27 19:20:00
-12.053800,-47.186500,GOES-19,2026-08-27 13:50:00
-12.053800,-47.186500,GOES-19,2026-08-27 14:50:00
-12.053800,-47.186500,GOES-19,2026-08-27 15:00:00
-12.072900,-47.183800,GOES-19,2026-08-27 15:10:00
-11.824300,-47.195400,GOES-19,2026-08-27 14:00:00
-11.824300,-47.195400,GOES-19,2026-08-27 14:10:00
-11.824600,-47.172900,GOES-19,2026-08-27 13:10:00
-11.824600,-47.172900,GOES-19,2026-08-27 13:20:00
-11.824600,-47.172900,GOES-19,2026-08-27 13:30:00
-11.824600,-47.172900,GOES-19,2026-08-27 13:40:00
-11.824600,-47.172900,GOES-19,2026-08-27 14:00:00
-11.824600,-47.172900,GOES-19,2026-08-27 14:10:00
-11.824600,-47.172900,GOES-19,2026-08-27 14:20:00
-11.824600,-47.172900,GOES-19,2026-08-27 14:30:00
-11.824600,-47.172900,GOES-19,2026-08-27 14:40:00
-13.292400,-46.644100,GOES-19,2026-08-27 18:30:00
-13.292400,-46.644100,GOES-19,2026-08-27 18:50:00
-11.583000,-46.779400,GOES-19,2026-08-27 18:20:00
-11.640800,-46.749100,GOES-19,2026-08-27 13:00:00
-11.640800,-46.749100,GOES-19,2026-08-27 13:10:00
-11.640800,-46.749100,GOES-19,2026-08-27 13:20:00
-11.640800,-46.749100,GOES-19,2026-08-27 13:30:00
-11.640800,-46.749100,GOES-19,2026-08-27 13:50:00
-11.640800,-46.749100,GOES-19,2026-08-27 14:10:00
-11.640800,-46.749100,GOES-19,2026-08-27 14:30:00
-11.640800,-46.749100,GOES-19,2026-08-27 15:40:00
-11.641100,-46.726500,GOES-19,2026-08-27 13:00:00
-11.641100,-46.726500,GOES-19,2026-08-27 13:10:00
-11.641100,-46.726500,GOES-19,2026-08-27 13:20:00
-11.641100,-46.726500,GOES-19,2026-08-27 13:30:00
-11.641100,-46.726500,GOES-19,2026-08-27 14:10:00
-11.641100,-46.726500,GOES-19,2026-08-27 14:30:00
-11.641100,-46.726500,GOES-19,2026-08-27 15:00:00
-11.641100,-46.726500,GOES-19,2026-08-27 15:40:00
-10.193700,-46.842700,GOES-19,2026-08-27 14:00:00
-8.836300,-46.613100,GOES-19,2026-08-27 15:10:00
-2.267300,-47.011800,GOES-19,2026-08-27 14:30:00
-10.525000,-46.263600,GOES-19,2026-08-27 13:00:00
-10.525000,-46.263600,GOES-19,2026-08-27 14:00:00
-10.525000,-46.263600,GOES-19,2026-08-27 14:20:00
-10.525300,-46.240900,GOES-19,2026-08-27 12:30:00
-10.525300,-46.240900,GOES-19,2026-08-27 12:40:00
-10.525300,-46.240900,GOES-19,2026-08-27 13:50:00
-10.525300,-46.240900,GOES-19,2026-08-27 14:50:00
-10.506600,-46.220700,GOES-19,2026-08-27 11:40:00
-10.506600,-46.220700,GOES-19,2026-08-27 12:10:00
-10.506600,-46.220700,GOES-19,2026-08-27 12:20:00
-10.506600,-46.220700,GOES-19,2026-08-27 12:30:00
-10.506600,-46.220700,GOES-19,2026-08-27 12:40:00
-10.506600,-46.220700,GOES-19,2026-08-27 12:50:00
-10.506600,-46.220700,GOES-19,2026-08-27 13:00:00
-10.506600,-46.220700,GOES-19,2026-08-27 13:10:00
-10.506600,-46.220700,GOES-19,2026-08-27 13:30:00
-10.506600,-46.220700,GOES-19,2026-08-27 13:40:00
-10.506600,-46.220700,GOES-19,2026-08-27 13:50:00
-10.506600,-46.220700,GOES-19,2026-08-27 14:00:00
-10.506600,-46.220700,GOES-19,2026-08-27 14:10:00
-10.506600,-46.220700,GOES-19,2026-08-27 14:40:00
-10.469300,-46.180200,GOES-19,2026-08-27 17:40:00
-14.229200,-45.293900,GOES-19,2026-08-27 13:30:00
-14.229200,-45.293900,GOES-19,2026-08-27 14:10:00
-14.229200,-45.293900,GOES-19,2026-08-27 14:30:00
-14.229200,-45.293900,GOES-19,2026-08-27 14:40:00
-14.210200,-45.274000,GOES-19,2026-08-27 13:30:00
-14.229700,-45.270500,GOES-19,2026-08-27 13:30:00
-14.249200,-45.267100,GOES-19,2026-08-27 12:20:00
-14.249200,-45.267100,GOES-19,2026-08-27 13:00:00
-14.249200,-45.267100,GOES-19,2026-08-27 13:10:00
-14.249200,-45.267100,GOES-19,2026-08-27 13:20:00
-14.249200,-45.267100,GOES-19,2026-08-27 13:30:00
-14.249200,-45.267100,GOES-19,2026-08-27 13:40:00
-14.249200,-45.267100,GOES-19,2026-08-27 13:50:00
-14.249200,-45.267100,GOES-19,2026-08-27 14:00:00
-14.249200,-45.267100,GOES-19,2026-08-27 14:10:00
-14.249200,-45.267100,GOES-19,2026-08-27 14:20:00
-14.249200,-45.267100,GOES-19,2026-08-27 14:30:00
-14.249200,-45.267100,GOES-19,2026-08-27 14:40:00
-14.210700,-45.250600,GOES-19,2026-08-27 13:30:00
-14.230200,-45.247200,GOES-19,2026-08-27 13:30:00
-5.803100,-46.227100,GOES-19,2026-08-27 19:00:00
-5.803100,-46.227100,GOES-19,2026-08-27 19:10:00
-5.803100,-46.227100,GOES-19,2026-08-27 19:20:00
-11.164300,-45.566800,GOES-19,2026-08-27 18:10:00
-11.566700,-45.487800,GOES-19,2026-08-27 19:10:00
-11.566700,-45.487800,GOES-19,2026-08-27 19:20:00
-11.566700,-45.487800,GOES-19,2026-08-27 19:30:00
-11.566700,-45.487800,GOES-19,2026-08-27 19:40:00
-11.566700,-45.487800,GOES-19,2026-08-27 19:50:00
-8.073400,-45.882300,GOES-19,2026-08-27 13:10:00
-8.073400,-45.882300,GOES-19,2026-08-27 13:20:00
-8.073400,-45.882300,GOES-19,2026-08-27 13:40:00
-8.073400,-45.882300,GOES-19,2026-08-27 14:30:00
-8.073400,-45.882300,GOES-19,2026-08-27 15:00:00
-8.073400,-45.882300,GOES-19,2026-08-27 15:40:00
-8.054600,-45.884200,GOES-19,2026-08-27 18:10:00
-8.054600,-45.884200,GOES-19,2026-08-27 19:20:00
-11.547900,-45.467600,GOES-19,2026-08-27 18:00:00
-11.547900,-45.467600,GOES-19,2026-08-27 18:50:00
-11.547900,-45.467600,GOES-19,2026-08-27 19:20:00
-11.547900,-45.467600,GOES-19,2026-08-27 19:30:00
-11.547900,-45.467600,GOES-19,2026-08-27 19:40:00
-11.567100,-45.464900,GOES-19,2026-08-27 18:30:00
-11.567100,-45.464900,GOES-19,2026-08-27 18:50:00
-11.567100,-45.464900,GOES-19,2026-08-27 19:00:00
-11.567100,-45.464900,GOES-19,2026-08-27 19:10:00
-11.567100,-45.464900,GOES-19,2026-08-27 19:20:00
-11.567100,-45.464900,GOES-19,2026-08-27 19:30:00
-11.567100,-45.464900,GOES-19,2026-08-27 19:40:00
-11.586200,-45.462100,GOES-19,2026-08-27 17:50:00
-11.586200,-45.462100,GOES-19,2026-08-27 18:30:00
-11.586200,-45.462100,GOES-19,2026-08-27 19:20:00
-8.054800,-45.861600,GOES-19,2026-08-27 18:10:00
-8.073700,-45.859800,GOES-19,2026-08-27 14:30:00
-8.073900,-45.837200,GOES-19,2026-08-27 18:30:00
-8.073900,-45.837200,GOES-19,2026-08-27 18:40:00
-8.073900,-45.837200,GOES-19,2026-08-27 19:00:00
-7.265700,-45.889300,GOES-19,2026-08-27 22:40:00
-7.265700,-45.889300,GOES-19,2026-08-27 22:50:00
-7.265700,-45.889300,GOES-19,2026-08-27 23:10:00
-7.265700,-45.889300,GOES-19,2026-08-27 23:30:00
-7.265700,-45.889300,GOES-19,2026-08-27 23:40:00
-7.265700,-45.889300,GOES-19,2026-08-27 23:50:00
-8.074200,-45.814700,GOES-19,2026-08-27 14:50:00
-8.074200,-45.814700,GOES-19,2026-08-27 15:20:00
-8.961000,-45.723300,GOES-19,2026-08-27 15:00:00
-11.606600,-45.390400,GOES-19,2026-08-27 15:10:00
-7.247100,-45.868500,GOES-19,2026-08-27 22:40:00
-7.247100,-45.868500,GOES-19,2026-08-27 22:50:00
-7.247100,-45.868500,GOES-19,2026-08-27 23:10:00
-7.247100,-45.868500,GOES-19,2026-08-27 23:30:00
-7.247100,-45.868500,GOES-19,2026-08-27 23:40:00
-7.247100,-45.868500,GOES-19,2026-08-27 23:50:00
-7.265900,-45.866800,GOES-19,2026-08-27 22:40:00
-7.265900,-45.866800,GOES-19,2026-08-27 22:50:00
-7.265900,-45.866800,GOES-19,2026-08-27 23:10:00
-7.265900,-45.866800,GOES-19,2026-08-27 23:30:00
-7.265900,-45.866800,GOES-19,2026-08-27 23:40:00
-7.265900,-45.866800,GOES-19,2026-08-27 23:50:00
-6.179300,-45.932100,GOES-19,2026-08-27 18:10:00
-6.179300,-45.932100,GOES-19,2026-08-27 18:50:00
-7.247400,-45.846000,GOES-19,2026-08-27 22:40:00
-7.247400,-45.846000,GOES-19,2026-08-27 22:50:00
-7.247400,-45.846000,GOES-19,2026-08-27 23:10:00
-7.247400,-45.846000,GOES-19,2026-08-27 23:30:00
-7.247400,-45.846000,GOES-19,2026-08-27 23:40:00
-7.247400,-45.846000,GOES-19,2026-08-27 23:50:00
-7.266100,-45.844300,GOES-19,2026-08-27 22:40:00
-7.266100,-45.844300,GOES-19,2026-08-27 22:50:00
-7.266100,-45.844300,GOES-19,2026-08-27 23:10:00
-7.266100,-45.844300,GOES-19,2026-08-27 23:30:00
-7.266100,-45.844300,GOES-19,2026-08-27 23:40:00
-7.266100,-45.844300,GOES-19,2026-08-27 23:50:00
-8.338800,-45.720700,GOES-19,2026-08-27 17:50:00
-8.338800,-45.720700,GOES-19,2026-08-27 18:50:00
-8.339100,-45.698100,GOES-19,2026-08-27 16:20:00
-8.320500,-45.677300,GOES-19,2026-08-27 14:30:00
-8.320500,-45.677300,GOES-19,2026-08-27 14:50:00
-8.320500,-45.677300,GOES-19,2026-08-27 15:00:00
-8.320500,-45.677300,GOES-19,2026-08-27 15:20:00
-8.320500,-45.677300,GOES-19,2026-08-27 15:40:00
-7.680600,-45.716900,GOES-19,2026-08-27 19:40:00
-7.662000,-45.696000,GOES-19,2026-08-27 19:10:00
-7.662000,-45.696000,GOES-19,2026-08-27 19:20:00
-7.662000,-45.696000,GOES-19,2026-08-27 19:40:00
-7.662000,-45.696000,GOES-19,2026-08-27 19:50:00
-7.680800,-45.694300,GOES-19,2026-08-27 19:10:00
-7.680800,-45.694300,GOES-19,2026-08-27 19:20:00
-7.680800,-45.694300,GOES-19,2026-08-27 19:40:00
-11.153200,-45.086600,GOES-19,2026-08-27 18:30:00
-11.153200,-45.086600,GOES-19,2026-08-27 18:40:00
-11.153200,-45.086600,GOES-19,2026-08-27 18:50:00
-11.153200,-45.086600,GOES-19,2026-08-27 19:10:00
-11.172400,-45.084000,GOES-19,2026-08-27 18:40:00
-11.249300,-45.050100,GOES-19,2026-08-27 18:40:00
-11.249300,-45.050100,GOES-19,2026-08-27 18:50:00
-12.750300,-44.776800,GOES-19,2026-08-27 18:40:00
-12.500100,-44.770300,GOES-19,2026-08-27 12:40:00
-12.500100,-44.770300,GOES-19,2026-08-27 13:00:00
-14.112300,-44.402000,GOES-19,2026-08-27 19:00:00
-14.112300,-44.402000,GOES-19,2026-08-27 19:50:00
-14.112800,-44.378300,GOES-19,2026-08-27 18:40:00
-14.112800,-44.378300,GOES-19,2026-08-27 18:50:00
-14.112800,-44.378300,GOES-19,2026-08-27 19:00:00
-14.112800,-44.378300,GOES-19,2026-08-27 19:10:00
-14.112800,-44.378300,GOES-19,2026-08-27 19:20:00
-14.112800,-44.378300,GOES-19,2026-08-27 19:30:00
-14.112800,-44.378300,GOES-19,2026-08-27 19:40:00
-14.112800,-44.378300,GOES-19,2026-08-27 19:50:00
-14.132400,-44.374700,GOES-19,2026-08-27 18:50:00
-14.132400,-44.374700,GOES-19,2026-08-27 19:00:00
-14.132400,-44.374700,GOES-19,2026-08-27 19:10:00
-14.132400,-44.374700,GOES-19,2026-08-27 19:20:00
-14.132400,-44.374700,GOES-19,2026-08-27 19:30:00
-14.132400,-44.374700,GOES-19,2026-08-27 19:40:00
-14.132400,-44.374700,GOES-19,2026-08-27 19:50:00
-4.839500,-45.415100,GOES-19,2026-08-27 22:50:00
-4.839500,-45.415100,GOES-19,2026-08-27 23:00:00
-4.839500,-45.415100,GOES-19,2026-08-27 23:20:00
-4.839500,-45.415100,GOES-19,2026-08-27 23:30:00
-4.858200,-45.414000,GOES-19,2026-08-27 22:50:00
-4.858200,-45.414000,GOES-19,2026-08-27 23:00:00
-4.858200,-45.414000,GOES-19,2026-08-27 23:20:00
-4.858200,-45.414000,GOES-19,2026-08-27 23:30:00
-4.839700,-45.392600,GOES-19,2026-08-27 22:50:00
-4.839700,-45.392600,GOES-19,2026-08-27 23:00:00
-4.839700,-45.392600,GOES-19,2026-08-27 23:20:00
-4.839700,-45.392600,GOES-19,2026-08-27 23:30:00
-4.858300,-45.391500,GOES-19,2026-08-27 22:50:00
-4.858300,-45.391500,GOES-19,2026-08-27 23:00:00
-4.858300,-45.391500,GOES-19,2026-08-27 23:20:00
-4.858300,-45.391500,GOES-19,2026-08-27 23:30:00
-6.843200,-45.044200,GOES-19,2026-08-27 13:20:00
-8.217800,-44.846200,GOES-19,2026-08-27 13:00:00
-8.199300,-44.825200,GOES-19,2026-08-27 12:40:00
-14.270700,-43.397900,GOES-19,2026-08-27 12:30:00
-7.210800,-44.048300,GOES-19,2026-08-27 13:00:00
-4.550500,-44.089900,GOES-19,2026-08-27 00:20:00
-4.550500,-44.089900,GOES-19,2026-08-27 00:30:00
-4.550500,-44.089900,GOES-19,2026-08-27 00:40:00
-4.550500,-44.089900,GOES-19,2026-08-27 00:50:00
-4.569200,-44.088700,GOES-19,2026-08-27 00:20:00
-4.569200,-44.088700,GOES-19,2026-08-27 00:30:00
-4.569200,-44.088700,GOES-19,2026-08-27 00:40:00
-4.569200,-44.088700,GOES-19,2026-08-27 00:50:00
-5.597800,-44.020900,GOES-19,2026-08-27 14:00:00
-5.597800,-44.020900,GOES-19,2026-08-27 14:10:00
-4.550700,-44.066800,GOES-19,2026-08-27 00:20:00
-4.550700,-44.066800,GOES-19,2026-08-27 00:30:00
-4.550700,-44.066800,GOES-19,2026-08-27 00:40:00
-4.550700,-44.066800,GOES-19,2026-08-27 00:50:00
-4.569400,-44.065700,GOES-19,2026-08-27 00:20:00
-4.569400,-44.065700,GOES-19,2026-08-27 00:30:00
-4.569400,-44.065700,GOES-19,2026-08-27 00:40:00
-4.569400,-44.065700,GOES-19,2026-08-27 00:50:00
-9.787400,-43.574200,GOES-19,2026-08-27 19:00:00
-9.787400,-43.574200,GOES-19,2026-08-27 19:20:00
-9.787400,-43.574200,GOES-19,2026-08-27 19:30:00
-9.787400,-43.574200,GOES-19,2026-08-27 19:40:00
-13.385300,-43.012200,GOES-19,2026-08-27 12:00:00
-9.768700,-43.553100,GOES-19,2026-08-27 19:00:00
-9.787800,-43.550600,GOES-19,2026-08-27 19:00:00
-9.788100,-43.527100,GOES-19,2026-08-27 19:00:00
-9.659900,-43.214100,GOES-19,2026-08-27 18:10:00
-7.164000,-43.191200,GOES-19,2026-08-27 13:00:00
-7.164000,-43.191200,GOES-19,2026-08-27 13:20:00
-7.164000,-43.191200,GOES-19,2026-08-27 14:20:00
-3.006800,-43.311400,GOES-19,2026-08-27 18:10:00
-14.001000,-41.553700,GOES-19,2026-08-27 15:30:00
-14.001000,-41.553700,GOES-19,2026-08-27 15:40:00
-14.001000,-41.553700,GOES-19,2026-08-27 15:50:00
-7.235500,-72.590500,GOES-19,2026-08-27 17:50:00
-7.235500,-72.590500,GOES-19,2026-08-27 18:00:00
-9.189200,-72.008500,GOES-19,2026-08-27 17:30:00
-9.189200,-72.008500,GOES-19,2026-08-27 17:40:00
-9.189200,-72.008500,GOES-19,2026-08-27 17:50:00
-9.189200,-72.008500,GOES-19,2026-08-27 18:00:00
-9.226300,-71.953100,GOES-19,2026-08-27 19:20:00
-9.226300,-71.934800,GOES-19,2026-08-27 16:30:00
-9.226300,-71.934800,GOES-19,2026-08-27 16:40:00
-7.879800,-71.692200,GOES-19,2026-08-27 17:50:00
-7.879800,-71.692200,GOES-19,2026-08-27 18:10:00
-9.042500,-71.277000,GOES-19,2026-08-27 17:30:00
-8.968500,-71.259500,GOES-19,2026-08-27 18:40:00
-8.968500,-71.259500,GOES-19,2026-08-27 18:50:00
-9.042500,-71.258600,GOES-19,2026-08-27 17:10:00
-8.950100,-71.241400,GOES-19,2026-08-27 18:40:00
-8.618100,-70.989100,GOES-19,2026-08-27 16:00:00
-8.618100,-70.989100,GOES-19,2026-08-27 16:10:00
-8.618100,-70.989100,GOES-19,2026-08-27 16:20:00
-8.618100,-70.989100,GOES-19,2026-08-27 16:30:00
-9.043100,-70.946800,GOES-19,2026-08-27 18:10:00
-9.043100,-70.946800,GOES-19,2026-08-27 18:20:00
-9.043100,-70.946800,GOES-19,2026-08-27 18:30:00
-9.043100,-70.928500,GOES-19,2026-08-27 18:00:00
-9.043100,-70.928500,GOES-19,2026-08-27 18:10:00
-9.043100,-70.928500,GOES-19,2026-08-27 18:20:00
-9.043100,-70.928500,GOES-19,2026-08-27 18:30:00
-9.043100,-70.928500,GOES-19,2026-08-27 18:40:00
-9.061600,-70.928200,GOES-19,2026-08-27 18:00:00
-9.061600,-70.928200,GOES-19,2026-08-27 18:10:00
-9.061600,-70.928200,GOES-19,2026-08-27 18:20:00
-9.172600,-70.926700,GOES-19,2026-08-27 16:00:00
-9.172600,-70.926700,GOES-19,2026-08-27 16:20:00
-9.172600,-70.926700,GOES-19,2026-08-27 16:30:00
-9.172600,-70.926700,GOES-19,2026-08-27 16:40:00
-8.433800,-70.899800,GOES-19,2026-08-27 16:00:00
-8.433800,-70.899800,GOES-19,2026-08-27 16:10:00
-8.433800,-70.899800,GOES-19,2026-08-27 16:20:00
-8.433800,-70.899800,GOES-19,2026-08-27 16:30:00
-8.433800,-70.899800,GOES-19,2026-08-27 17:40:00
-8.433800,-70.899800,GOES-19,2026-08-27 17:50:00
-8.433800,-70.899800,GOES-19,2026-08-27 18:00:00
-8.433800,-70.899800,GOES-19,2026-08-27 18:10:00
-8.433800,-70.899800,GOES-19,2026-08-27 18:20:00
-8.433800,-70.899800,GOES-19,2026-08-27 18:30:00
-8.452200,-70.899600,GOES-19,2026-08-27 15:40:00
-8.452200,-70.899600,GOES-19,2026-08-27 15:50:00
-8.452200,-70.899600,GOES-19,2026-08-27 16:00:00
-8.452200,-70.899600,GOES-19,2026-08-27 18:00:00
-8.452200,-70.899600,GOES-19,2026-08-27 18:10:00
-8.452200,-70.899600,GOES-19,2026-08-27 18:20:00
-8.452200,-70.899600,GOES-19,2026-08-27 18:30:00
-8.452200,-70.899600,GOES-19,2026-08-27 18:40:00
-8.452200,-70.899600,GOES-19,2026-08-27 18:50:00
-8.452200,-70.899600,GOES-19,2026-08-27 19:00:00
-9.172700,-70.890000,GOES-19,2026-08-27 18:00:00
-9.172700,-70.890000,GOES-19,2026-08-27 18:10:00
-9.172700,-70.890000,GOES-19,2026-08-27 18:20:00
-9.172700,-70.890000,GOES-19,2026-08-27 18:40:00
-9.172700,-70.890000,GOES-19,2026-08-27 18:50:00
-9.172700,-70.890000,GOES-19,2026-08-27 19:00:00
-9.172700,-70.890000,GOES-19,2026-08-27 19:20:00
-8.286300,-70.883400,GOES-19,2026-08-27 18:00:00
-8.286300,-70.883400,GOES-19,2026-08-27 18:20:00
-8.286300,-70.883400,GOES-19,2026-08-27 18:30:00
-8.839900,-70.876200,GOES-19,2026-08-27 17:50:00
-8.858400,-70.875900,GOES-19,2026-08-27 17:40:00
-8.858400,-70.875900,GOES-19,2026-08-27 17:50:00
-8.895300,-70.875400,GOES-19,2026-08-27 18:00:00
-8.396900,-70.882000,GOES-19,2026-08-27 17:50:00
-8.396900,-70.882000,GOES-19,2026-08-27 18:00:00
-8.839900,-70.857800,GOES-19,2026-08-27 17:50:00
-8.839900,-70.857800,GOES-19,2026-08-27 18:00:00
-8.821500,-70.839700,GOES-19,2026-08-27 17:40:00
-8.821500,-70.839700,GOES-19,2026-08-27 17:50:00
-8.821500,-70.839700,GOES-19,2026-08-27 18:00:00
-8.821500,-70.839700,GOES-19,2026-08-27 18:10:00
-8.784600,-70.821900,GOES-19,2026-08-27 16:00:00
-8.784600,-70.821900,GOES-19,2026-08-27 16:10:00
-8.784600,-70.821900,GOES-19,2026-08-27 16:20:00
-8.784600,-70.821900,GOES-19,2026-08-27 16:30:00
-8.784600,-70.821900,GOES-19,2026-08-27 16:40:00
-8.784600,-70.821900,GOES-19,2026-08-27 16:50:00
-8.784600,-70.821900,GOES-19,2026-08-27 17:00:00
-8.784600,-70.821900,GOES-19,2026-08-27 17:30:00
-8.784600,-70.821900,GOES-19,2026-08-27 17:40:00
-8.784600,-70.821900,GOES-19,2026-08-27 17:50:00
-8.803100,-70.821700,GOES-19,2026-08-27 17:50:00
-8.821500,-70.821400,GOES-19,2026-08-27 18:00:00
-8.821500,-70.821400,GOES-19,2026-08-27 18:10:00
-8.821500,-70.821400,GOES-19,2026-08-27 18:20:00
-9.135900,-70.798700,GOES-19,2026-08-27 18:30:00
-9.135900,-70.798700,GOES-19,2026-08-27 19:00:00
-9.135900,-70.798700,GOES-19,2026-08-27 19:10:00
-9.135900,-70.798700,GOES-19,2026-08-27 19:20:00
-9.135900,-70.798700,GOES-19,2026-08-27 19:30:00
-9.135900,-70.798700,GOES-19,2026-08-27 19:40:00
-9.135900,-70.798700,GOES-19,2026-08-27 19:50:00
-8.729300,-70.786000,GOES-19,2026-08-27 18:40:00
-8.729300,-70.786000,GOES-19,2026-08-27 18:50:00
-8.729300,-70.786000,GOES-19,2026-08-27 19:00:00
-8.729300,-70.786000,GOES-19,2026-08-27 19:10:00
-8.729300,-70.786000,GOES-19,2026-08-27 19:20:00
-8.729300,-70.786000,GOES-19,2026-08-27 19:30:00
-8.932500,-70.783200,GOES-19,2026-08-27 18:00:00
-8.341800,-70.772800,GOES-19,2026-08-27 18:30:00
-8.932500,-70.764800,GOES-19,2026-08-27 17:20:00
-8.932500,-70.764800,GOES-19,2026-08-27 17:50:00
-8.932500,-70.764800,GOES-19,2026-08-27 18:00:00
-8.452500,-70.753000,GOES-19,2026-08-27 18:10:00
-8.932600,-70.746500,GOES-19,2026-08-27 17:20:00
-8.932600,-70.746500,GOES-19,2026-08-27 17:30:00
-8.932600,-70.746500,GOES-19,2026-08-27 17:40:00
-8.932600,-70.746500,GOES-19,2026-08-27 18:00:00
-9.006500,-70.745500,GOES-19,2026-08-27 17:50:00
-9.006500,-70.745500,GOES-19,2026-08-27 18:30:00
-8.360300,-70.735900,GOES-19,2026-08-27 18:30:00
-8.360300,-70.735900,GOES-19,2026-08-27 18:40:00
-8.397200,-70.735500,GOES-19,2026-08-27 16:10:00
-8.397200,-70.735500,GOES-19,2026-08-27 16:20:00
-8.397200,-70.735500,GOES-19,2026-08-27 16:30:00
-8.397200,-70.735500,GOES-19,2026-08-27 18:50:00
-8.397200,-70.735500,GOES-19,2026-08-27 19:00:00
-8.397200,-70.735500,GOES-19,2026-08-27 19:10:00
-8.397200,-70.735500,GOES-19,2026-08-27 19:20:00
-8.397200,-70.735500,GOES-19,2026-08-27 19:30:00
-8.914100,-70.728400,GOES-19,2026-08-27 17:40:00
-8.360300,-70.717600,GOES-19,2026-08-27 18:00:00
-8.360300,-70.717600,GOES-19,2026-08-27 18:10:00
-8.434100,-70.716600,GOES-19,2026-08-27 17:00:00
-8.434100,-70.716600,GOES-19,2026-08-27 17:20:00
-8.434100,-70.716600,GOES-19,2026-08-27 17:40:00
-8.452500,-70.716400,GOES-19,2026-08-27 17:20:00
-8.452500,-70.716400,GOES-19,2026-08-27 17:30:00
-8.434100,-70.698300,GOES-19,2026-08-27 17:10:00
-8.434100,-70.698300,GOES-19,2026-08-27 17:30:00
-8.434100,-70.698300,GOES-19,2026-08-27 17:40:00
-8.434100,-70.698300,GOES-19,2026-08-27 17:50:00
-8.434100,-70.698300,GOES-19,2026-08-27 18:00:00
-8.434100,-70.698300,GOES-19,2026-08-27 18:10:00
-8.452600,-70.698100,GOES-19,2026-08-27 16:50:00
-8.452600,-70.698100,GOES-19,2026-08-27 17:00:00
-8.581700,-70.696300,GOES-19,2026-08-27 15:40:00
-8.581700,-70.696300,GOES-19,2026-08-27 15:50:00
-8.581700,-70.696300,GOES-19,2026-08-27 16:00:00
-8.581700,-70.696300,GOES-19,2026-08-27 16:10:00
-8.581700,-70.696300,GOES-19,2026-08-27 16:20:00
-8.581700,-70.696300,GOES-19,2026-08-27 16:30:00
-8.988100,-70.690700,GOES-19,2026-08-27 17:20:00
-8.821800,-70.674700,GOES-19,2026-08-27 17:20:00
-8.821800,-70.674700,GOES-19,2026-08-27 17:40:00
-8.821800,-70.674700,GOES-19,2026-08-27 17:50:00
-8.581800,-70.678000,GOES-19,2026-08-27 15:40:00
-8.581800,-70.678000,GOES-19,2026-08-27 15:50:00
-8.581800,-70.678000,GOES-19,2026-08-27 16:00:00
-8.581800,-70.678000,GOES-19,2026-08-27 16:10:00
-8.581800,-70.678000,GOES-19,2026-08-27 16:20:00
-8.581800,-70.678000,GOES-19,2026-08-27 16:30:00
-8.618700,-70.659200,GOES-19,2026-08-27 17:40:00
-8.618700,-70.659200,GOES-19,2026-08-27 18:00:00
-8.877300,-70.655500,GOES-19,2026-08-27 16:30:00
-8.895800,-70.655300,GOES-19,2026-08-27 16:30:00
-8.895800,-70.655300,GOES-19,2026-08-27 16:40:00
-8.932900,-70.599700,GOES-19,2026-08-27 17:30:00
-8.305300,-70.590100,GOES-19,2026-08-27 15:50:00
-8.305300,-70.590100,GOES-19,2026-08-27 16:00:00
-8.305300,-70.590100,GOES-19,2026-08-27 16:10:00
-8.305300,-70.590100,GOES-19,2026-08-27 16:20:00
-8.305300,-70.590100,GOES-19,2026-08-27 16:30:00
-8.951400,-70.581100,GOES-19,2026-08-27 18:10:00
-8.951400,-70.581100,GOES-19,2026-08-27 18:40:00
-8.951400,-70.562700,GOES-19,2026-08-27 18:00:00
-8.951400,-70.562700,GOES-19,2026-08-27 18:10:00
-8.951400,-70.562700,GOES-19,2026-08-27 18:30:00
-8.951400,-70.562700,GOES-19,2026-08-27 18:40:00
-8.951400,-70.562700,GOES-19,2026-08-27 18:50:00
-8.951400,-70.562700,GOES-19,2026-08-27 19:00:00
-8.951400,-70.562700,GOES-19,2026-08-27 19:10:00
-8.951400,-70.562700,GOES-19,2026-08-27 19:20:00
-8.951400,-70.562700,GOES-19,2026-08-27 19:30:00
-8.951400,-70.562700,GOES-19,2026-08-27 19:40:00
-8.305300,-70.571800,GOES-19,2026-08-27 15:50:00
-8.305300,-70.571800,GOES-19,2026-08-27 16:00:00
-8.305300,-70.571800,GOES-19,2026-08-27 16:10:00
-8.305300,-70.571800,GOES-19,2026-08-27 16:20:00
-8.305300,-70.571800,GOES-19,2026-08-27 16:30:00
-8.157900,-70.537200,GOES-19,2026-08-27 18:30:00
-8.268500,-70.517400,GOES-19,2026-08-27 16:50:00
-9.525400,-70.498800,GOES-19,2026-08-27 17:20:00
-9.525400,-70.498800,GOES-19,2026-08-27 17:30:00
-9.525400,-70.498800,GOES-19,2026-08-27 17:40:00
-9.525400,-70.498800,GOES-19,2026-08-27 18:00:00
-9.525400,-70.498800,GOES-19,2026-08-27 18:10:00
-9.525400,-70.498800,GOES-19,2026-08-27 18:40:00
-8.231700,-70.499500,GOES-19,2026-08-27 17:40:00
-8.231700,-70.499500,GOES-19,2026-08-27 17:50:00
-8.231700,-70.499500,GOES-19,2026-08-27 18:00:00
-8.231700,-70.499500,GOES-19,2026-08-27 18:10:00
-8.231700,-70.499500,GOES-19,2026-08-27 18:20:00
-8.231700,-70.499500,GOES-19,2026-08-27 18:30:00
-8.231700,-70.499500,GOES-19,2026-08-27 18:40:00
-8.231700,-70.499500,GOES-19,2026-08-27 18:50:00
-8.231700,-70.499500,GOES-19,2026-08-27 19:30:00
-8.231700,-70.499500,GOES-19,2026-08-27 19:40:00
-8.231700,-70.499500,GOES-19,2026-08-27 19:50:00
-8.250100,-70.499300,GOES-19,2026-08-27 17:40:00
-8.250100,-70.499300,GOES-19,2026-08-27 17:50:00
-8.250100,-70.499300,GOES-19,2026-08-27 18:00:00
-8.250100,-70.499300,GOES-19,2026-08-27 18:10:00
-8.250100,-70.499300,GOES-19,2026-08-27 18:20:00
-8.250100,-70.499300,GOES-19,2026-08-27 18:40:00
-8.250100,-70.499300,GOES-19,2026-08-27 18:50:00
-8.250100,-70.499300,GOES-19,2026-08-27 19:00:00
-8.250100,-70.499300,GOES-19,2026-08-27 19:30:00
-8.250100,-70.499300,GOES-19,2026-08-27 19:40:00
-8.250100,-70.499300,GOES-19,2026-08-27 19:50:00
-9.488300,-70.481000,GOES-19,2026-08-27 18:00:00
-9.488300,-70.481000,GOES-19,2026-08-27 18:30:00
-9.488300,-70.481000,GOES-19,2026-08-27 18:40:00
-9.506900,-70.480700,GOES-19,2026-08-27 17:30:00
-9.506900,-70.480700,GOES-19,2026-08-27 17:50:00
-9.506900,-70.480700,GOES-19,2026-08-27 18:00:00
-9.506900,-70.480700,GOES-19,2026-08-27 18:10:00
-9.506900,-70.480700,GOES-19,2026-08-27 18:30:00
-9.506900,-70.480700,GOES-19,2026-08-27 18:40:00
-9.506900,-70.480700,GOES-19,2026-08-27 18:50:00
-9.506900,-70.480700,GOES-19,2026-08-27 19:00:00
-8.656000,-70.475300,GOES-19,2026-08-27 17:40:00
-8.656000,-70.475300,GOES-19,2026-08-27 17:50:00
-8.656000,-70.475300,GOES-19,2026-08-27 18:00:00
-9.432800,-70.463500,GOES-19,2026-08-27 17:50:00
-9.432800,-70.463500,GOES-19,2026-08-27 18:00:00
-9.432800,-70.463500,GOES-19,2026-08-27 18:10:00
-9.432800,-70.463500,GOES-19,2026-08-27 18:20:00
-9.432800,-70.463500,GOES-19,2026-08-27 18:30:00
-9.432800,-70.463500,GOES-19,2026-08-27 18:40:00
-9.432800,-70.463500,GOES-19,2026-08-27 18:50:00
-9.432800,-70.463500,GOES-19,2026-08-27 19:00:00
-9.432800,-70.463500,GOES-19,2026-08-27 19:10:00
-9.432800,-70.463500,GOES-19,2026-08-27 19:20:00
-9.432800,-70.463500,GOES-19,2026-08-27 19:30:00
-9.432800,-70.463500,GOES-19,2026-08-27 19:50:00
-9.451300,-70.463200,GOES-19,2026-08-27 18:20:00
-9.451300,-70.463200,GOES-19,2026-08-27 18:30:00
-9.451300,-70.463200,GOES-19,2026-08-27 18:40:00
-9.451300,-70.463200,GOES-19,2026-08-27 18:50:00
-9.451300,-70.463200,GOES-19,2026-08-27 19:00:00
-9.451300,-70.463200,GOES-19,2026-08-27 19:10:00
-9.451300,-70.463200,GOES-19,2026-08-27 19:20:00
-9.451300,-70.463200,GOES-19,2026-08-27 19:30:00
-9.469900,-70.462900,GOES-19,2026-08-27 18:00:00
-9.469900,-70.462900,GOES-19,2026-08-27 18:30:00
-9.469900,-70.462900,GOES-19,2026-08-27 18:40:00
-9.488400,-70.462600,GOES-19,2026-08-27 17:30:00
-9.488400,-70.462600,GOES-19,2026-08-27 17:40:00
-9.488400,-70.462600,GOES-19,2026-08-27 17:50:00
-9.488400,-70.462600,GOES-19,2026-08-27 18:00:00
-9.488400,-70.462600,GOES-19,2026-08-27 18:10:00
-9.488400,-70.462600,GOES-19,2026-08-27 18:20:00
-9.488400,-70.462600,GOES-19,2026-08-27 18:30:00
-9.488400,-70.462600,GOES-19,2026-08-27 18:40:00
-9.488400,-70.462600,GOES-19,2026-08-27 18:50:00
-9.488400,-70.462600,GOES-19,2026-08-27 19:00:00
-9.488400,-70.462600,GOES-19,2026-08-27 19:20:00
-9.432800,-70.445100,GOES-19,2026-08-27 18:30:00
-9.432800,-70.445100,GOES-19,2026-08-27 18:40:00
-9.451400,-70.444800,GOES-19,2026-08-27 17:40:00
-9.451400,-70.444800,GOES-19,2026-08-27 19:00:00
-9.451400,-70.444800,GOES-19,2026-08-27 19:20:00
-9.451400,-70.444800,GOES-19,2026-08-27 19:30:00
-9.451400,-70.444800,GOES-19,2026-08-27 19:40:00
-9.451400,-70.444800,GOES-19,2026-08-27 19:50:00
-8.490300,-70.312600,GOES-19,2026-08-27 17:40:00
-8.471900,-70.257900,GOES-19,2026-08-27 17:40:00
-8.471900,-70.257900,GOES-19,2026-08-27 18:20:00
-8.471900,-70.257900,GOES-19,2026-08-27 18:30:00
-8.472000,-70.239500,GOES-19,2026-08-27 16:50:00
-8.472000,-70.239500,GOES-19,2026-08-27 17:00:00
-8.472000,-70.239500,GOES-19,2026-08-27 17:10:00
-8.472000,-70.239500,GOES-19,2026-08-27 17:20:00
-8.472000,-70.239500,GOES-19,2026-08-27 17:30:00
-8.472000,-70.239500,GOES-19,2026-08-27 17:40:00
-8.472000,-70.239500,GOES-19,2026-08-27 17:50:00
-8.472000,-70.239500,GOES-19,2026-08-27 18:20:00
-8.490500,-70.220900,GOES-19,2026-08-27 16:50:00
-8.490500,-70.220900,GOES-19,2026-08-27 17:00:00
-8.490500,-70.220900,GOES-19,2026-08-27 17:10:00
-8.490500,-70.220900,GOES-19,2026-08-27 17:20:00
-8.490500,-70.220900,GOES-19,2026-08-27 17:30:00
-8.177100,-70.152200,GOES-19,2026-08-27 19:50:00
-8.195600,-70.151900,GOES-19,2026-08-27 17:40:00
-8.214000,-70.133300,GOES-19,2026-08-27 17:00:00
-7.716900,-70.103800,GOES-19,2026-08-27 17:50:00
-7.716900,-70.103800,GOES-19,2026-08-27 18:00:00
-7.716900,-70.103800,GOES-19,2026-08-27 18:10:00
-7.716900,-70.103800,GOES-19,2026-08-27 18:20:00
-7.716900,-70.103800,GOES-19,2026-08-27 18:30:00
-7.716900,-70.103800,GOES-19,2026-08-27 18:40:00
-7.716900,-70.103800,GOES-19,2026-08-27 18:50:00
-7.716900,-70.103800,GOES-19,2026-08-27 19:00:00
-7.716900,-70.103800,GOES-19,2026-08-27 19:10:00
-7.716900,-70.103800,GOES-19,2026-08-27 19:20:00
-7.716900,-70.103800,GOES-19,2026-08-27 19:30:00
-8.085100,-70.098600,GOES-19,2026-08-27 17:20:00
-8.085100,-70.098600,GOES-19,2026-08-27 17:30:00
-8.269400,-70.095800,GOES-19,2026-08-27 17:30:00
-8.269400,-70.095800,GOES-19,2026-08-27 17:40:00
-8.269400,-70.095800,GOES-19,2026-08-27 17:50:00
-8.269400,-70.095800,GOES-19,2026-08-27 18:00:00
-8.269400,-70.095800,GOES-19,2026-08-27 18:10:00
-8.269400,-70.095800,GOES-19,2026-08-27 18:20:00
-8.269400,-70.095800,GOES-19,2026-08-27 18:30:00
-8.269400,-70.095800,GOES-19,2026-08-27 18:40:00
-8.269400,-70.095800,GOES-19,2026-08-27 18:50:00
-8.269400,-70.095800,GOES-19,2026-08-27 19:00:00
-8.269400,-70.095800,GOES-19,2026-08-27 19:10:00
-8.269400,-70.095800,GOES-19,2026-08-27 19:20:00
-8.269400,-70.095800,GOES-19,2026-08-27 19:30:00
-7.717000,-70.085500,GOES-19,2026-08-27 17:50:00
-7.717000,-70.085500,GOES-19,2026-08-27 18:00:00
-7.717000,-70.085500,GOES-19,2026-08-27 18:10:00
-7.717000,-70.085500,GOES-19,2026-08-27 18:50:00
-7.717000,-70.085500,GOES-19,2026-08-27 19:00:00
-7.717000,-70.085500,GOES-19,2026-08-27 19:10:00
-7.717000,-70.085500,GOES-19,2026-08-27 19:20:00
-7.717000,-70.085500,GOES-19,2026-08-27 19:30:00
-7.698700,-70.049100,GOES-19,2026-08-27 16:40:00
-7.809100,-70.047600,GOES-19,2026-08-27 18:20:00
-7.809100,-70.047600,GOES-19,2026-08-27 18:30:00
-8.583200,-70.017600,GOES-19,2026-08-27 18:40:00
-8.583200,-70.017600,GOES-19,2026-08-27 18:50:00
-8.583200,-70.017600,GOES-19,2026-08-27 19:00:00
-8.583200,-70.017600,GOES-19,2026-08-27 19:10:00
-8.601700,-70.017300,GOES-19,2026-08-27 18:20:00
-8.601700,-70.017300,GOES-19,2026-08-27 18:30:00
-7.772400,-69.993200,GOES-19,2026-08-27 18:20:00
-8.048600,-69.952500,GOES-19,2026-08-27 18:20:00
-8.048600,-69.952500,GOES-19,2026-08-27 18:30:00
-8.048600,-69.952500,GOES-19,2026-08-27 18:40:00
-9.082300,-69.935900,GOES-19,2026-08-27 17:00:00
-9.082300,-69.935900,GOES-19,2026-08-27 17:10:00
-8.011900,-69.916400,GOES-19,2026-08-27 18:10:00
-7.993500,-69.898300,GOES-19,2026-08-27 17:50:00
-7.993500,-69.898300,GOES-19,2026-08-27 18:00:00
-7.993500,-69.898300,GOES-19,2026-08-27 18:10:00
-8.011900,-69.898000,GOES-19,2026-08-27 17:50:00
-8.233100,-69.858000,GOES-19,2026-08-27 16:40:00
-8.713400,-69.648100,GOES-19,2026-08-27 17:50:00
-8.713400,-69.648100,GOES-19,2026-08-27 18:00:00
-8.713400,-69.648100,GOES-19,2026-08-27 18:10:00
-8.713400,-69.648100,GOES-19,2026-08-27 18:20:00
-8.713400,-69.648100,GOES-19,2026-08-27 18:30:00
-8.713400,-69.648100,GOES-19,2026-08-27 18:40:00
-8.713400,-69.648100,GOES-19,2026-08-27 18:50:00
-10.661500,-69.610600,GOES-19,2026-08-27 18:10:00
-10.661500,-69.610600,GOES-19,2026-08-27 18:20:00
-8.991200,-69.422400,GOES-19,2026-08-27 18:10:00
-8.991200,-69.422400,GOES-19,2026-08-27 18:20:00
-8.991200,-69.422400,GOES-19,2026-08-27 18:30:00
-8.991200,-69.422400,GOES-19,2026-08-27 18:40:00
-8.991200,-69.422400,GOES-19,2026-08-27 18:50:00
-9.009700,-69.422000,GOES-19,2026-08-27 17:30:00
-9.009700,-69.422000,GOES-19,2026-08-27 18:00:00
-9.009700,-69.422000,GOES-19,2026-08-27 18:10:00
-9.009700,-69.422000,GOES-19,2026-08-27 18:20:00
-9.009700,-69.422000,GOES-19,2026-08-27 18:30:00
-9.009700,-69.422000,GOES-19,2026-08-27 18:40:00
-9.269000,-69.325000,GOES-19,2026-08-27 16:50:00
-8.788900,-69.039500,GOES-19,2026-08-27 15:50:00
-8.788900,-69.039500,GOES-19,2026-08-27 16:00:00
-8.788900,-69.039500,GOES-19,2026-08-27 16:10:00
-8.788900,-69.039500,GOES-19,2026-08-27 16:20:00
-8.788900,-69.039500,GOES-19,2026-08-27 16:30:00
-8.770500,-69.021500,GOES-19,2026-08-27 18:20:00
-9.659300,-68.966400,GOES-19,2026-08-27 17:50:00
-9.659300,-68.966400,GOES-19,2026-08-27 18:00:00
-9.659300,-68.966400,GOES-19,2026-08-27 18:20:00
-9.659300,-68.966400,GOES-19,2026-08-27 18:40:00
-9.400000,-68.898000,GOES-19,2026-08-27 19:10:00
-9.381500,-68.880000,GOES-19,2026-08-27 19:00:00
-9.381500,-68.880000,GOES-19,2026-08-27 19:10:00
-9.381500,-68.880000,GOES-19,2026-08-27 19:20:00
-9.381500,-68.880000,GOES-19,2026-08-27 19:30:00
-9.381500,-68.880000,GOES-19,2026-08-27 19:40:00
-9.400000,-68.879600,GOES-19,2026-08-27 19:00:00
-9.400000,-68.879600,GOES-19,2026-08-27 19:10:00
-9.400000,-68.879600,GOES-19,2026-08-27 19:20:00
-9.400000,-68.879600,GOES-19,2026-08-27 19:30:00
-9.400000,-68.879600,GOES-19,2026-08-27 19:40:00
-9.400000,-68.879600,GOES-19,2026-08-27 19:50:00
-10.180100,-68.788200,GOES-19,2026-08-27 19:40:00
-9.270600,-68.790000,GOES-19,2026-08-27 17:40:00
-9.270600,-68.790000,GOES-19,2026-08-27 17:50:00
-9.270600,-68.790000,GOES-19,2026-08-27 18:00:00
-9.270600,-68.790000,GOES-19,2026-08-27 18:10:00
-9.270600,-68.790000,GOES-19,2026-08-27 18:20:00
-9.270600,-68.790000,GOES-19,2026-08-27 18:30:00
-9.270600,-68.790000,GOES-19,2026-08-27 18:40:00
-9.270600,-68.790000,GOES-19,2026-08-27 18:50:00
-9.270600,-68.790000,GOES-19,2026-08-27 19:00:00
-9.270600,-68.790000,GOES-19,2026-08-27 19:10:00
-9.270600,-68.790000,GOES-19,2026-08-27 19:20:00
-9.270600,-68.790000,GOES-19,2026-08-27 19:30:00
-9.270600,-68.790000,GOES-19,2026-08-27 19:40:00
-9.289200,-68.789600,GOES-19,2026-08-27 17:50:00
-9.289200,-68.789600,GOES-19,2026-08-27 18:00:00
-9.289200,-68.789600,GOES-19,2026-08-27 18:10:00
-9.289200,-68.789600,GOES-19,2026-08-27 18:20:00
-9.289200,-68.789600,GOES-19,2026-08-27 18:30:00
-9.289200,-68.789600,GOES-19,2026-08-27 18:40:00
-9.289200,-68.789600,GOES-19,2026-08-27 18:50:00
-9.289200,-68.789600,GOES-19,2026-08-27 19:00:00
-9.289200,-68.789600,GOES-19,2026-08-27 19:50:00
-9.270700,-68.771600,GOES-19,2026-08-27 16:40:00
-9.270700,-68.771600,GOES-19,2026-08-27 17:30:00
-9.270700,-68.771600,GOES-19,2026-08-27 17:40:00
-9.270700,-68.771600,GOES-19,2026-08-27 17:50:00
-9.270700,-68.771600,GOES-19,2026-08-27 18:00:00
-9.270700,-68.771600,GOES-19,2026-08-27 18:10:00
-9.270700,-68.771600,GOES-19,2026-08-27 18:20:00
-9.270700,-68.771600,GOES-19,2026-08-27 18:30:00
-9.270700,-68.771600,GOES-19,2026-08-27 18:40:00
-9.270700,-68.771600,GOES-19,2026-08-27 18:50:00
-9.270700,-68.771600,GOES-19,2026-08-27 19:00:00
-9.270700,-68.771600,GOES-19,2026-08-27 19:10:00
-9.270700,-68.771600,GOES-19,2026-08-27 19:20:00
-9.270700,-68.771600,GOES-19,2026-08-27 19:30:00
-9.270700,-68.771600,GOES-19,2026-08-27 19:40:00
-9.289200,-68.771200,GOES-19,2026-08-27 17:30:00
-9.289200,-68.771200,GOES-19,2026-08-27 18:30:00
-9.289200,-68.771200,GOES-19,2026-08-27 18:40:00
-9.289200,-68.771200,GOES-19,2026-08-27 19:00:00
-9.289200,-68.771200,GOES-19,2026-08-27 19:50:00
-9.307700,-68.770800,GOES-19,2026-08-27 16:30:00
-9.252200,-68.753500,GOES-19,2026-08-27 16:30:00
-9.252200,-68.753500,GOES-19,2026-08-27 16:40:00
-10.218600,-68.398100,GOES-19,2026-08-27 17:40:00
-10.218600,-68.398100,GOES-19,2026-08-27 17:50:00
-10.218600,-68.398100,GOES-19,2026-08-27 18:00:00
-10.218600,-68.398100,GOES-19,2026-08-27 18:10:00
-10.088800,-68.290000,GOES-19,2026-08-27 18:20:00
-10.088800,-68.290000,GOES-19,2026-08-27 18:30:00
-10.088800,-68.290000,GOES-19,2026-08-27 18:40:00
-10.089400,-68.141700,GOES-19,2026-08-27 18:40:00
-10.089400,-68.141700,GOES-19,2026-08-27 19:00:00
-10.089400,-68.141700,GOES-19,2026-08-27 19:10:00
-10.108000,-68.141200,GOES-19,2026-08-27 18:40:00
-10.108000,-68.141200,GOES-19,2026-08-27 19:00:00
-10.108000,-68.122600,GOES-19,2026-08-27 19:00:00
-9.200000,-67.774800,GOES-19,2026-08-27 16:10:00
-9.200000,-67.774800,GOES-19,2026-08-27 19:40:00
-8.978800,-67.502500,GOES-19,2026-08-27 16:10:00
-8.978800,-67.502500,GOES-19,2026-08-27 16:20:00
-8.978800,-67.502500,GOES-19,2026-08-27 16:30:00
-8.978800,-67.484000,GOES-19,2026-08-27 16:00:00
-8.978800,-67.484000,GOES-19,2026-08-27 16:10:00
-8.978800,-67.484000,GOES-19,2026-08-27 16:20:00
-8.978800,-67.484000,GOES-19,2026-08-27 16:30:00
-8.978800,-67.484000,GOES-19,2026-08-27 16:40:00
-9.517400,-67.173000,GOES-19,2026-08-27 18:00:00
-9.517400,-67.173000,GOES-19,2026-08-27 18:10:00
-9.517400,-67.173000,GOES-19,2026-08-27 18:20:00
-9.517400,-67.173000,GOES-19,2026-08-27 18:30:00
-9.517400,-67.173000,GOES-19,2026-08-27 18:40:00
-9.517400,-67.173000,GOES-19,2026-08-27 18:50:00
-9.517400,-67.173000,GOES-19,2026-08-27 19:00:00
-9.535900,-67.172500,GOES-19,2026-08-27 18:40:00
-9.517400,-67.154400,GOES-19,2026-08-27 17:50:00
-9.517400,-67.154400,GOES-19,2026-08-27 18:00:00
-9.517400,-67.154400,GOES-19,2026-08-27 18:10:00
-9.517400,-67.154400,GOES-19,2026-08-27 18:20:00
-9.517400,-67.154400,GOES-19,2026-08-27 18:30:00
-9.517400,-67.154400,GOES-19,2026-08-27 18:40:00
-9.517400,-67.154400,GOES-19,2026-08-27 18:50:00
-5.048000,-67.138300,GOES-19,2026-08-27 18:00:00
-8.870000,-66.912100,GOES-19,2026-08-27 18:00:00
-8.870000,-66.912100,GOES-19,2026-08-27 18:20:00
-8.870000,-66.912100,GOES-19,2026-08-27 18:30:00
-8.870000,-66.912100,GOES-19,2026-08-27 18:40:00
-8.870000,-66.912100,GOES-19,2026-08-27 18:50:00
-8.870000,-66.912100,GOES-19,2026-08-27 19:00:00
-8.870000,-66.912100,GOES-19,2026-08-27 19:10:00
-8.870000,-66.912100,GOES-19,2026-08-27 19:40:00
-8.870000,-66.912100,GOES-19,2026-08-27 19:50:00
-8.888500,-66.911600,GOES-19,2026-08-27 18:10:00
-8.888500,-66.911600,GOES-19,2026-08-27 18:30:00
-8.888500,-66.911600,GOES-19,2026-08-27 18:40:00
-8.888500,-66.911600,GOES-19,2026-08-27 18:50:00
-8.888500,-66.911600,GOES-19,2026-08-27 19:00:00
-8.888500,-66.911600,GOES-19,2026-08-27 19:10:00
-8.888500,-66.911600,GOES-19,2026-08-27 19:20:00
-8.888500,-66.911600,GOES-19,2026-08-27 19:50:00
-8.649500,-66.546800,GOES-19,2026-08-27 19:00:00
-8.649500,-66.546800,GOES-19,2026-08-27 19:10:00
-8.649500,-66.546800,GOES-19,2026-08-27 19:30:00
-8.649500,-66.546800,GOES-19,2026-08-27 19:40:00
-8.649500,-66.546800,GOES-19,2026-08-27 19:50:00
-9.169800,-66.048000,GOES-19,2026-08-27 19:50:00
-9.169900,-66.029400,GOES-19,2026-08-27 18:50:00
-9.169900,-66.029400,GOES-19,2026-08-27 19:00:00
-9.169900,-66.029400,GOES-19,2026-08-27 19:30:00
-9.169900,-66.029400,GOES-19,2026-08-27 19:40:00
-9.169900,-66.029400,GOES-19,2026-08-27 19:50:00
-9.208000,-65.804400,GOES-19,2026-08-27 18:20:00
-9.208000,-65.804400,GOES-19,2026-08-27 19:40:00
-8.987200,-65.456600,GOES-19,2026-08-27 16:00:00
-8.987200,-65.456600,GOES-19,2026-08-27 16:10:00
-8.987200,-65.456600,GOES-19,2026-08-27 16:20:00
-8.987200,-65.456600,GOES-19,2026-08-27 16:30:00
-8.987200,-65.456600,GOES-19,2026-08-27 17:50:00
-8.987200,-65.456600,GOES-19,2026-08-27 18:00:00
-8.987200,-65.456600,GOES-19,2026-08-27 18:10:00
-8.987200,-65.456600,GOES-19,2026-08-27 18:20:00
-8.987200,-65.456600,GOES-19,2026-08-27 18:30:00
-8.987200,-65.456600,GOES-19,2026-08-27 18:40:00
-8.987200,-65.456600,GOES-19,2026-08-27 18:50:00
-8.987200,-65.456600,GOES-19,2026-08-27 19:00:00
-8.987200,-65.456600,GOES-19,2026-08-27 19:10:00
-8.987200,-65.456600,GOES-19,2026-08-27 19:20:00
-8.987200,-65.456600,GOES-19,2026-08-27 19:30:00
-8.987200,-65.456600,GOES-19,2026-08-27 19:40:00
-8.987200,-65.456600,GOES-19,2026-08-27 19:50:00
-9.005700,-65.456000,GOES-19,2026-08-27 18:00:00
-9.005700,-65.456000,GOES-19,2026-08-27 18:10:00
-9.005700,-65.456000,GOES-19,2026-08-27 18:20:00
-9.005700,-65.456000,GOES-19,2026-08-27 18:30:00
-9.005700,-65.456000,GOES-19,2026-08-27 18:40:00
-9.005700,-65.456000,GOES-19,2026-08-27 19:00:00
-9.005700,-65.456000,GOES-19,2026-08-27 19:10:00
-9.005700,-65.456000,GOES-19,2026-08-27 19:20:00
-8.987300,-65.437900,GOES-19,2026-08-27 16:00:00
-8.987300,-65.437900,GOES-19,2026-08-27 16:10:00
-8.987300,-65.437900,GOES-19,2026-08-27 16:20:00
-8.987300,-65.437900,GOES-19,2026-08-27 18:10:00
-8.987300,-65.437900,GOES-19,2026-08-27 18:20:00
-8.987300,-65.437900,GOES-19,2026-08-27 18:30:00
-8.987300,-65.437900,GOES-19,2026-08-27 18:40:00
-8.987300,-65.437900,GOES-19,2026-08-27 19:00:00
-8.987300,-65.437900,GOES-19,2026-08-27 19:20:00
-8.987300,-65.437900,GOES-19,2026-08-27 19:30:00
-8.987300,-65.437900,GOES-19,2026-08-27 19:40:00
-8.987300,-65.437900,GOES-19,2026-08-27 19:50:00
-9.005800,-65.437300,GOES-19,2026-08-27 16:00:00
-8.987400,-65.419200,GOES-19,2026-08-27 16:10:00
-8.987400,-65.419200,GOES-19,2026-08-27 16:20:00
-8.987400,-65.419200,GOES-19,2026-08-27 18:10:00
-8.987400,-65.419200,GOES-19,2026-08-27 18:20:00
-8.987400,-65.419200,GOES-19,2026-08-27 18:40:00
-8.987400,-65.419200,GOES-19,2026-08-27 19:00:00
-8.987400,-65.419200,GOES-19,2026-08-27 19:10:00
-8.987400,-65.419200,GOES-19,2026-08-27 19:20:00
-8.987400,-65.419200,GOES-19,2026-08-27 19:30:00
-8.987400,-65.419200,GOES-19,2026-08-27 19:40:00
-8.987400,-65.419200,GOES-19,2026-08-27 19:50:00
-10.661600,-65.285100,GOES-19,2026-08-27 18:50:00
-10.661600,-65.285100,GOES-19,2026-08-27 19:00:00
-10.307900,-65.148200,GOES-19,2026-08-27 17:40:00
-10.307900,-65.148200,GOES-19,2026-08-27 17:50:00
-10.326500,-65.147500,GOES-19,2026-08-27 17:50:00
-10.326500,-65.147500,GOES-19,2026-08-27 18:00:00
-7.455600,-65.203600,GOES-19,2026-08-27 16:00:00
-11.186500,-65.038000,GOES-19,2026-08-27 18:40:00
-11.186500,-65.038000,GOES-19,2026-08-27 18:50:00
-11.186500,-65.038000,GOES-19,2026-08-27 19:00:00
-11.186500,-65.038000,GOES-19,2026-08-27 19:10:00
-11.186500,-65.038000,GOES-19,2026-08-27 19:20:00
-11.186500,-65.038000,GOES-19,2026-08-27 19:30:00
-11.186500,-65.038000,GOES-19,2026-08-27 19:40:00
-11.186500,-65.038000,GOES-19,2026-08-27 19:50:00
-11.186700,-65.019100,GOES-19,2026-08-27 18:40:00
-11.186700,-65.019100,GOES-19,2026-08-27 18:50:00
-11.186700,-65.019100,GOES-19,2026-08-27 19:10:00
-11.186700,-65.019100,GOES-19,2026-08-27 19:40:00
-9.843100,-65.034100,GOES-19,2026-08-27 15:30:00
-9.843100,-65.034100,GOES-19,2026-08-27 18:10:00
-9.843100,-65.034100,GOES-19,2026-08-27 18:40:00
-9.843100,-65.034100,GOES-19,2026-08-27 19:50:00
-9.861700,-65.033400,GOES-19,2026-08-27 18:00:00
-9.861700,-65.033400,GOES-19,2026-08-27 18:10:00
-9.861700,-65.033400,GOES-19,2026-08-27 18:30:00
-9.843200,-65.015300,GOES-19,2026-08-27 15:00:00
-9.843200,-65.015300,GOES-19,2026-08-27 15:10:00
-9.843200,-65.015300,GOES-19,2026-08-27 15:20:00
-9.843200,-65.015300,GOES-19,2026-08-27 15:30:00
-9.843200,-65.015300,GOES-19,2026-08-27 15:40:00
-9.843200,-65.015300,GOES-19,2026-08-27 17:50:00
-9.861800,-65.014600,GOES-19,2026-08-27 15:20:00
-9.861800,-65.014600,GOES-19,2026-08-27 19:30:00
-10.349000,-64.468900,GOES-19,2026-08-27 16:00:00
-10.349000,-64.468900,GOES-19,2026-08-27 19:00:00
-10.349000,-64.468900,GOES-19,2026-08-27 19:50:00
-10.367700,-64.468100,GOES-19,2026-08-27 19:30:00
-10.367700,-64.468100,GOES-19,2026-08-27 19:50:00
-9.274200,-63.719700,GOES-19,2026-08-27 15:00:00
-9.274200,-63.719700,GOES-19,2026-08-27 15:10:00
-9.274200,-63.719700,GOES-19,2026-08-27 15:30:00
-9.274200,-63.719700,GOES-19,2026-08-27 15:50:00
-9.274200,-63.719700,GOES-19,2026-08-27 18:20:00
-9.274200,-63.719700,GOES-19,2026-08-27 18:30:00
-9.274300,-63.700900,GOES-19,2026-08-27 16:10:00
-9.274300,-63.700900,GOES-19,2026-08-27 16:20:00
-8.648600,-62.856500,GOES-19,2026-08-27 19:00:00
-8.648600,-62.856500,GOES-19,2026-08-27 19:10:00
-8.648600,-62.856500,GOES-19,2026-08-27 19:20:00
-8.648600,-62.856500,GOES-19,2026-08-27 19:50:00
-8.685900,-62.817200,GOES-19,2026-08-27 19:50:00
-8.371700,-62.716000,GOES-19,2026-08-27 17:30:00
-8.371700,-62.716000,GOES-19,2026-08-27 17:40:00
-8.837100,-62.318100,GOES-19,2026-08-27 19:20:00
-10.389400,-61.250200,GOES-19,2026-08-27 19:30:00
-10.389400,-61.250200,GOES-19,2026-08-27 19:40:00
-10.389400,-61.250200,GOES-19,2026-08-27 19:50:00
-10.389500,-61.231000,GOES-19,2026-08-27 18:30:00
-10.389500,-61.231000,GOES-19,2026-08-27 18:50:00
-10.389500,-61.231000,GOES-19,2026-08-27 19:00:00
-10.389500,-61.231000,GOES-19,2026-08-27 19:10:00
-10.389500,-61.231000,GOES-19,2026-08-27 19:20:00
-10.389500,-61.231000,GOES-19,2026-08-27 19:30:00
-10.389500,-61.231000,GOES-19,2026-08-27 19:40:00
-10.389500,-61.231000,GOES-19,2026-08-27 19:50:00
-9.218000,-60.849700,GOES-19,2026-08-27 16:00:00
-8.960000,-60.535800,GOES-19,2026-08-27 15:40:00
-8.960000,-60.535800,GOES-19,2026-08-27 15:50:00
-9.836700,-60.278300,GOES-19,2026-08-27 18:50:00
-9.836700,-60.278300,GOES-19,2026-08-27 19:00:00
-9.836700,-60.278300,GOES-19,2026-08-27 19:40:00
-9.855400,-60.277200,GOES-19,2026-08-27 18:50:00
-9.855400,-60.277200,GOES-19,2026-08-27 19:00:00
-9.855400,-60.277200,GOES-19,2026-08-27 19:40:00
-9.874000,-60.276200,GOES-19,2026-08-27 14:30:00
-9.874000,-60.276200,GOES-19,2026-08-27 14:40:00
-9.874000,-60.276200,GOES-19,2026-08-27 14:50:00
-9.874000,-60.276200,GOES-19,2026-08-27 15:00:00
-9.874000,-60.276200,GOES-19,2026-08-27 15:10:00
-9.874000,-60.276200,GOES-19,2026-08-27 15:20:00
-9.874000,-60.276200,GOES-19,2026-08-27 15:30:00
-9.874000,-60.276200,GOES-19,2026-08-27 15:40:00
-9.874000,-60.276200,GOES-19,2026-08-27 15:50:00
-9.874000,-60.276200,GOES-19,2026-08-27 16:00:00
-9.874000,-60.276200,GOES-19,2026-08-27 18:50:00
-9.874000,-60.276200,GOES-19,2026-08-27 19:00:00
-9.874000,-60.276200,GOES-19,2026-08-27 19:20:00
-9.874000,-60.276200,GOES-19,2026-08-27 19:30:00
-9.874000,-60.276200,GOES-19,2026-08-27 19:40:00
-9.874000,-60.276200,GOES-19,2026-08-27 19:50:00
-9.892700,-60.275200,GOES-19,2026-08-27 15:20:00
-9.892700,-60.275200,GOES-19,2026-08-27 15:30:00
-9.892700,-60.275200,GOES-19,2026-08-27 19:50:00
-9.110300,-60.297300,GOES-19,2026-08-27 16:00:00
-9.110300,-60.297300,GOES-19,2026-08-27 16:10:00
-9.855500,-60.257900,GOES-19,2026-08-27 14:20:00
-9.855500,-60.257900,GOES-19,2026-08-27 14:30:00
-9.855500,-60.257900,GOES-19,2026-08-27 14:40:00
-9.855500,-60.257900,GOES-19,2026-08-27 14:50:00
-9.855500,-60.257900,GOES-19,2026-08-27 15:00:00
-9.855500,-60.257900,GOES-19,2026-08-27 15:10:00
-9.855500,-60.257900,GOES-19,2026-08-27 15:20:00
-9.855500,-60.257900,GOES-19,2026-08-27 15:30:00
-9.855500,-60.257900,GOES-19,2026-08-27 15:40:00
-9.855500,-60.257900,GOES-19,2026-08-27 15:50:00
-9.855500,-60.257900,GOES-19,2026-08-27 18:40:00
-9.855500,-60.257900,GOES-19,2026-08-27 18:50:00
-9.855500,-60.257900,GOES-19,2026-08-27 19:00:00
-9.855500,-60.257900,GOES-19,2026-08-27 19:10:00
-9.855500,-60.257900,GOES-19,2026-08-27 19:20:00
-9.855500,-60.257900,GOES-19,2026-08-27 19:30:00
-9.855500,-60.257900,GOES-19,2026-08-27 19:40:00
-9.855500,-60.257900,GOES-19,2026-08-27 19:50:00
-9.874200,-60.256900,GOES-19,2026-08-27 14:00:00
-9.874200,-60.256900,GOES-19,2026-08-27 14:10:00
-9.874200,-60.256900,GOES-19,2026-08-27 14:20:00
-9.874200,-60.256900,GOES-19,2026-08-27 14:30:00
-9.874200,-60.256900,GOES-19,2026-08-27 15:00:00
-9.874200,-60.256900,GOES-19,2026-08-27 18:40:00
-9.874200,-60.256900,GOES-19,2026-08-27 18:50:00
-9.874200,-60.256900,GOES-19,2026-08-27 19:00:00
-9.874200,-60.256900,GOES-19,2026-08-27 19:30:00
-9.874200,-60.256900,GOES-19,2026-08-27 19:40:00
-9.874200,-60.256900,GOES-19,2026-08-27 19:50:00
-9.892800,-60.255800,GOES-19,2026-08-27 19:40:00
-9.892800,-60.255800,GOES-19,2026-08-27 19:50:00
-12.924200,-59.903900,GOES-19,2026-08-27 18:10:00
-12.924200,-59.903900,GOES-19,2026-08-27 18:40:00
-12.924200,-59.903900,GOES-19,2026-08-27 19:30:00
-12.924200,-59.903900,GOES-19,2026-08-27 19:40:00
-12.924200,-59.903900,GOES-19,2026-08-27 19:50:00
3.037900,-60.082300,GOES-19,2026-08-27 15:10:00
3.037900,-60.082300,GOES-19,2026-08-27 15:20:00
3.037900,-60.082300,GOES-19,2026-08-27 15:30:00
3.037900,-60.082300,GOES-19,2026-08-27 15:40:00
3.037900,-60.082300,GOES-19,2026-08-27 15:50:00
3.019700,-60.082600,GOES-19,2026-08-27 15:10:00
-4.557300,-59.858800,GOES-19,2026-08-27 16:10:00
-6.819000,-59.631200,GOES-19,2026-08-27 16:10:00
-3.862400,-59.550500,GOES-19,2026-08-27 15:30:00
-3.862400,-59.550500,GOES-19,2026-08-27 15:50:00
-3.862400,-59.550500,GOES-19,2026-08-27 16:00:00
-3.862400,-59.550500,GOES-19,2026-08-27 16:10:00
-6.764700,-59.460100,GOES-19,2026-08-27 18:40:00
-6.764800,-59.440800,GOES-19,2026-08-27 18:40:00
-6.783200,-59.440100,GOES-19,2026-08-27 18:40:00
-6.801800,-59.420100,GOES-19,2026-08-27 18:40:00
-6.783400,-59.401600,GOES-19,2026-08-27 18:40:00
-6.801900,-59.400800,GOES-19,2026-08-27 18:40:00
-6.802000,-59.381500,GOES-19,2026-08-27 18:40:00
-4.064300,-59.392600,GOES-19,2026-08-27 18:20:00
-3.661800,-59.325100,GOES-19,2026-08-27 15:20:00
-3.661800,-59.325100,GOES-19,2026-08-27 15:30:00
-3.661800,-59.325100,GOES-19,2026-08-27 15:50:00
-3.661800,-59.325100,GOES-19,2026-08-27 16:10:00
-3.661800,-59.325100,GOES-19,2026-08-27 16:20:00
-3.661800,-59.325100,GOES-19,2026-08-27 16:30:00
-3.661800,-59.325100,GOES-19,2026-08-27 16:40:00
-3.661800,-59.325100,GOES-19,2026-08-27 17:40:00
-3.661800,-59.325100,GOES-19,2026-08-27 17:50:00
-3.661800,-59.325100,GOES-19,2026-08-27 18:00:00
-3.661800,-59.325100,GOES-19,2026-08-27 18:10:00
-3.680100,-59.324700,GOES-19,2026-08-27 16:20:00
-21.057100,-57.867600,GOES-19,2026-08-27 15:30:00
-21.057100,-57.867600,GOES-19,2026-08-27 15:40:00
-21.057100,-57.867600,GOES-19,2026-08-27 15:50:00
-21.057100,-57.867600,GOES-19,2026-08-27 16:00:00
-21.057100,-57.867600,GOES-19,2026-08-27 16:10:00
-21.057100,-57.867600,GOES-19,2026-08-27 18:00:00
-21.057100,-57.867600,GOES-19,2026-08-27 18:20:00
-21.057100,-57.867600,GOES-19,2026-08-27 18:30:00
-21.057100,-57.867600,GOES-19,2026-08-27 18:50:00
-21.057500,-57.846500,GOES-19,2026-08-27 15:10:00
-21.057500,-57.846500,GOES-19,2026-08-27 15:20:00
-21.057500,-57.846500,GOES-19,2026-08-27 15:30:00
-21.057500,-57.846500,GOES-19,2026-08-27 15:40:00
-21.057500,-57.846500,GOES-19,2026-08-27 15:50:00
-21.057500,-57.846500,GOES-19,2026-08-27 18:10:00
-21.057500,-57.846500,GOES-19,2026-08-27 18:20:00
-21.057500,-57.846500,GOES-19,2026-08-27 18:30:00
-21.057500,-57.846500,GOES-19,2026-08-27 18:40:00
-21.057500,-57.846500,GOES-19,2026-08-27 18:50:00
-21.057500,-57.846500,GOES-19,2026-08-27 19:00:00
-21.057500,-57.846500,GOES-19,2026-08-27 19:10:00
-21.057500,-57.846500,GOES-19,2026-08-27 19:20:00
-21.057500,-57.846500,GOES-19,2026-08-27 19:30:00
-21.057500,-57.846500,GOES-19,2026-08-27 19:40:00
-21.057500,-57.846500,GOES-19,2026-08-27 19:50:00
-21.077900,-57.843700,GOES-19,2026-08-27 18:30:00
-21.077900,-57.843700,GOES-19,2026-08-27 18:40:00
-21.077900,-57.843700,GOES-19,2026-08-27 18:50:00
-21.077900,-57.843700,GOES-19,2026-08-27 19:00:00
-21.077900,-57.843700,GOES-19,2026-08-27 19:30:00
-6.952100,-58.950600,GOES-19,2026-08-27 19:00:00
-3.534500,-59.040100,GOES-19,2026-08-27 18:10:00
-3.534500,-59.040100,GOES-19,2026-08-27 18:20:00
-3.534500,-59.040100,GOES-19,2026-08-27 18:40:00
-3.534500,-59.040100,GOES-19,2026-08-27 18:50:00
-3.534500,-59.040100,GOES-19,2026-08-27 19:00:00
-3.534600,-59.020900,GOES-19,2026-08-27 16:20:00
-3.534600,-59.020900,GOES-19,2026-08-27 18:20:00
-3.534600,-59.020900,GOES-19,2026-08-27 18:30:00
-3.534600,-59.020900,GOES-19,2026-08-27 18:40:00
-3.534600,-59.020900,GOES-19,2026-08-27 18:50:00
-3.534600,-59.020900,GOES-19,2026-08-27 19:00:00
-3.534600,-59.020900,GOES-19,2026-08-27 19:10:00
-3.534600,-59.020900,GOES-19,2026-08-27 19:20:00
-3.535900,-58.597500,GOES-19,2026-08-27 15:50:00
-3.426300,-58.503500,GOES-19,2026-08-27 16:00:00
-3.426300,-58.503500,GOES-19,2026-08-27 16:10:00
-3.426300,-58.503500,GOES-19,2026-08-27 16:20:00
-6.128300,-57.878200,GOES-19,2026-08-27 16:10:00
-6.128300,-57.878200,GOES-19,2026-08-27 16:20:00
-6.128300,-57.878200,GOES-19,2026-08-27 16:30:00
-4.014500,-57.909200,GOES-19,2026-08-27 18:00:00
-4.014500,-57.909200,GOES-19,2026-08-27 18:10:00
-3.190100,-57.889800,GOES-19,2026-08-27 14:50:00
-3.190100,-57.889800,GOES-19,2026-08-27 15:00:00
-6.165700,-57.779300,GOES-19,2026-08-27 18:10:00
-6.165700,-57.779300,GOES-19,2026-08-27 19:00:00
-6.165700,-57.779300,GOES-19,2026-08-27 19:10:00
-6.165700,-57.779300,GOES-19,2026-08-27 19:20:00
-6.036900,-57.745500,GOES-19,2026-08-27 17:50:00
-6.036900,-57.745500,GOES-19,2026-08-27 18:10:00
-6.036900,-57.745500,GOES-19,2026-08-27 18:20:00
-6.036900,-57.745500,GOES-19,2026-08-27 18:30:00
-6.036900,-57.745500,GOES-19,2026-08-27 18:40:00
-6.036900,-57.745500,GOES-19,2026-08-27 18:50:00
-6.036900,-57.745500,GOES-19,2026-08-27 19:00:00
-6.036900,-57.745500,GOES-19,2026-08-27 19:10:00
-6.036900,-57.745500,GOES-19,2026-08-27 19:20:00
-6.036900,-57.745500,GOES-19,2026-08-27 19:50:00
-10.571900,-57.495000,GOES-19,2026-08-27 18:30:00
-10.571900,-57.495000,GOES-19,2026-08-27 18:40:00
-10.571900,-57.495000,GOES-19,2026-08-27 19:00:00
-6.037000,-57.726000,GOES-19,2026-08-27 15:10:00
-6.037000,-57.726000,GOES-19,2026-08-27 18:10:00
-6.037000,-57.726000,GOES-19,2026-08-27 18:20:00
-6.037000,-57.726000,GOES-19,2026-08-27 18:30:00
-6.037000,-57.726000,GOES-19,2026-08-27 18:50:00
-6.037000,-57.726000,GOES-19,2026-08-27 19:00:00
-10.572000,-57.475200,GOES-19,2026-08-27 19:00:00
-6.147900,-57.663000,GOES-19,2026-08-27 17:30:00
-6.147900,-57.663000,GOES-19,2026-08-27 17:40:00
-6.147900,-57.663000,GOES-19,2026-08-27 17:50:00
-6.147900,-57.663000,GOES-19,2026-08-27 18:00:00
-6.147900,-57.663000,GOES-19,2026-08-27 18:10:00
-13.489900,-57.055600,GOES-19,2026-08-27 18:30:00
-13.489900,-57.055600,GOES-19,2026-08-27 18:50:00
-13.489900,-57.055600,GOES-19,2026-08-27 19:00:00
-13.489900,-57.055600,GOES-19,2026-08-27 19:10:00
-13.489900,-57.055600,GOES-19,2026-08-27 19:20:00
-13.489900,-57.055600,GOES-19,2026-08-27 19:30:00
-13.489900,-57.055600,GOES-19,2026-08-27 19:40:00
-13.490100,-57.035500,GOES-19,2026-08-27 18:40:00
-13.490100,-57.035500,GOES-19,2026-08-27 18:50:00
-13.490100,-57.035500,GOES-19,2026-08-27 19:00:00
-13.490100,-57.035500,GOES-19,2026-08-27 19:10:00
-13.490100,-57.035500,GOES-19,2026-08-27 19:20:00
-13.490100,-57.035500,GOES-19,2026-08-27 19:30:00
-13.490100,-57.035500,GOES-19,2026-08-27 19:40:00
-13.490100,-57.035500,GOES-19,2026-08-27 19:50:00
-9.229000,-57.070800,GOES-19,2026-08-27 15:40:00
-9.229000,-57.070800,GOES-19,2026-08-27 15:50:00
-9.229000,-57.070800,GOES-19,2026-08-27 16:00:00
-15.846100,-56.445300,GOES-19,2026-08-27 18:30:00
-15.846100,-56.445300,GOES-19,2026-08-27 18:40:00
-15.846100,-56.445300,GOES-19,2026-08-27 18:50:00
-15.846100,-56.445300,GOES-19,2026-08-27 19:00:00
-15.846100,-56.445300,GOES-19,2026-08-27 19:10:00
-15.846100,-56.445300,GOES-19,2026-08-27 19:20:00
-15.846100,-56.445300,GOES-19,2026-08-27 19:30:00
-15.846100,-56.445300,GOES-19,2026-08-27 19:40:00
-15.846400,-56.424800,GOES-19,2026-08-27 18:30:00
-15.846400,-56.424800,GOES-19,2026-08-27 18:40:00
-15.846400,-56.424800,GOES-19,2026-08-27 18:50:00
-15.846400,-56.424800,GOES-19,2026-08-27 19:00:00
-15.846400,-56.424800,GOES-19,2026-08-27 19:10:00
-15.846400,-56.424800,GOES-19,2026-08-27 19:20:00
-15.846400,-56.424800,GOES-19,2026-08-27 19:30:00
-15.846400,-56.424800,GOES-19,2026-08-27 19:40:00
-15.865900,-56.422500,GOES-19,2026-08-27 19:00:00
-15.614200,-56.389800,GOES-19,2026-08-27 18:50:00
-15.595100,-56.371500,GOES-19,2026-08-27 18:30:00
-15.907700,-56.233000,GOES-19,2026-08-27 18:30:00
-15.907700,-56.233000,GOES-19,2026-08-27 19:00:00
-15.907700,-56.233000,GOES-19,2026-08-27 19:10:00
-15.907700,-56.233000,GOES-19,2026-08-27 19:20:00
-15.907700,-56.233000,GOES-19,2026-08-27 19:30:00
-15.907700,-56.233000,GOES-19,2026-08-27 19:40:00
-15.907700,-56.233000,GOES-19,2026-08-27 19:50:00
-14.900000,-56.325700,GOES-19,2026-08-27 18:20:00
-11.889000,-55.911000,GOES-19,2026-08-27 13:10:00
-11.889200,-55.890800,GOES-19,2026-08-27 13:50:00
-4.903000,-56.279000,GOES-19,2026-08-27 16:10:00
-7.433200,-56.146500,GOES-19,2026-08-27 14:40:00
-7.433200,-56.146500,GOES-19,2026-08-27 15:10:00
-7.451700,-56.145500,GOES-19,2026-08-27 15:10:00
-7.451700,-56.145500,GOES-19,2026-08-27 15:20:00
-7.451800,-56.125600,GOES-19,2026-08-27 15:10:00
-4.057700,-56.227400,GOES-19,2026-08-27 18:10:00
-4.057700,-56.227400,GOES-19,2026-08-27 18:20:00
-4.057700,-56.227400,GOES-19,2026-08-27 18:30:00
-4.057700,-56.227400,GOES-19,2026-08-27 18:50:00
-4.057700,-56.227400,GOES-19,2026-08-27 19:00:00
-4.996600,-55.959800,GOES-19,2026-08-27 18:20:00
-7.028900,-55.690900,GOES-19,2026-08-27 15:30:00
-7.028900,-55.690900,GOES-19,2026-08-27 18:00:00
-7.028900,-55.690900,GOES-19,2026-08-27 18:10:00
-7.028900,-55.690900,GOES-19,2026-08-27 18:20:00
-7.028900,-55.690900,GOES-19,2026-08-27 18:30:00
-7.028900,-55.690900,GOES-19,2026-08-27 18:40:00
-7.028900,-55.690900,GOES-19,2026-08-27 18:50:00
-11.384900,-55.388800,GOES-19,2026-08-27 18:50:00
-11.384900,-55.388800,GOES-19,2026-08-27 19:00:00
-11.403800,-55.387200,GOES-19,2026-08-27 18:30:00
-11.403800,-55.387200,GOES-19,2026-08-27 18:40:00
-11.403800,-55.387200,GOES-19,2026-08-27 18:50:00
-6.973600,-55.654000,GOES-19,2026-08-27 13:30:00
-6.973600,-55.654000,GOES-19,2026-08-27 13:40:00
-6.973600,-55.654000,GOES-19,2026-08-27 13:50:00
-6.973600,-55.654000,GOES-19,2026-08-27 14:20:00
-6.973600,-55.654000,GOES-19,2026-08-27 19:30:00
-6.973600,-55.654000,GOES-19,2026-08-27 19:50:00
-6.955200,-55.635000,GOES-19,2026-08-27 13:40:00
-6.973700,-55.634100,GOES-19,2026-08-27 12:20:00
-6.973700,-55.634100,GOES-19,2026-08-27 13:00:00
-6.973700,-55.634100,GOES-19,2026-08-27 13:30:00
-6.973700,-55.634100,GOES-19,2026-08-27 13:40:00
-7.363700,-55.513400,GOES-19,2026-08-27 14:10:00
1.950200,-55.662400,GOES-19,2026-08-27 17:40:00
1.950200,-55.662400,GOES-19,2026-08-27 18:10:00
1.931800,-55.662600,GOES-19,2026-08-27 16:20:00
1.931800,-55.662600,GOES-19,2026-08-27 17:40:00
1.931800,-55.662600,GOES-19,2026-08-27 18:00:00
1.931800,-55.662600,GOES-19,2026-08-27 18:20:00
1.931800,-55.662600,GOES-19,2026-08-27 18:40:00
1.950200,-55.642600,GOES-19,2026-08-27 18:10:00
1.931900,-55.642900,GOES-19,2026-08-27 17:00:00
1.931900,-55.642900,GOES-19,2026-08-27 18:10:00
-6.604800,-55.453600,GOES-19,2026-08-27 14:20:00
-6.604800,-55.453600,GOES-19,2026-08-27 15:10:00
-6.604800,-55.453600,GOES-19,2026-08-27 15:20:00
-6.604800,-55.453600,GOES-19,2026-08-27 15:30:00
-6.604800,-55.453600,GOES-19,2026-08-27 16:00:00
-6.605000,-55.433700,GOES-19,2026-08-27 14:00:00
-6.605000,-55.433700,GOES-19,2026-08-27 14:10:00
-6.605000,-55.433700,GOES-19,2026-08-27 14:20:00
-6.605000,-55.433700,GOES-19,2026-08-27 14:30:00
-6.605000,-55.433700,GOES-19,2026-08-27 14:40:00
-6.605000,-55.433700,GOES-19,2026-08-27 15:00:00
-6.605000,-55.433700,GOES-19,2026-08-27 15:10:00
-6.605000,-55.433700,GOES-19,2026-08-27 15:20:00
-6.605000,-55.433700,GOES-19,2026-08-27 18:00:00
-6.605000,-55.433700,GOES-19,2026-08-27 18:40:00
-6.605000,-55.433700,GOES-19,2026-08-27 18:50:00
-8.611000,-55.277700,GOES-19,2026-08-27 15:40:00
-8.521600,-54.861200,GOES-19,2026-08-27 15:20:00
-8.521600,-54.861200,GOES-19,2026-08-27 15:40:00
-8.521600,-54.861200,GOES-19,2026-08-27 15:50:00
-6.441800,-54.942300,GOES-19,2026-08-27 19:20:00
-11.697200,-54.567200,GOES-19,2026-08-27 15:00:00
-11.716500,-54.544900,GOES-19,2026-08-27 14:20:00
-11.716500,-54.544900,GOES-19,2026-08-27 14:40:00
-11.716500,-54.544900,GOES-19,2026-08-27 15:00:00
-11.735400,-54.543100,GOES-19,2026-08-27 14:20:00
-11.735400,-54.543100,GOES-19,2026-08-27 14:40:00
-11.735400,-54.543100,GOES-19,2026-08-27 15:00:00
-11.754400,-54.541400,GOES-19,2026-08-27 14:20:00
-11.754400,-54.541400,GOES-19,2026-08-27 14:40:00
-8.578300,-54.776800,GOES-19,2026-08-27 23:50:00
-8.596900,-54.775500,GOES-19,2026-08-27 23:50:00
-11.735700,-54.522700,GOES-19,2026-08-27 14:20:00
-11.735700,-54.522700,GOES-19,2026-08-27 14:40:00
-11.735700,-54.522700,GOES-19,2026-08-27 15:00:00
-11.754600,-54.520900,GOES-19,2026-08-27 14:20:00
-8.597100,-54.755300,GOES-19,2026-08-27 23:50:00
-15.478800,-53.962800,GOES-19,2026-08-27 16:30:00
-15.478800,-53.962800,GOES-19,2026-08-27 16:50:00
-15.478800,-53.962800,GOES-19,2026-08-27 17:00:00
-15.478800,-53.962800,GOES-19,2026-08-27 18:50:00
-13.856000,-54.117500,GOES-19,2026-08-27 12:00:00
-13.856000,-54.117500,GOES-19,2026-08-27 12:50:00
-13.856000,-54.117500,GOES-19,2026-08-27 13:00:00
-13.856000,-54.117500,GOES-19,2026-08-27 13:10:00
-13.856000,-54.117500,GOES-19,2026-08-27 13:20:00
-13.856000,-54.117500,GOES-19,2026-08-27 13:40:00
-13.856000,-54.117500,GOES-19,2026-08-27 13:50:00
-13.875200,-54.115300,GOES-19,2026-08-27 12:00:00
-13.875200,-54.115300,GOES-19,2026-08-27 12:10:00
-13.875200,-54.115300,GOES-19,2026-08-27 12:20:00
-13.875200,-54.115300,GOES-19,2026-08-27 12:30:00
-13.875200,-54.115300,GOES-19,2026-08-27 12:40:00
-13.875200,-54.115300,GOES-19,2026-08-27 12:50:00
-13.875200,-54.115300,GOES-19,2026-08-27 13:00:00
-13.875200,-54.115300,GOES-19,2026-08-27 13:10:00
-13.875200,-54.115300,GOES-19,2026-08-27 13:20:00
-13.875200,-54.115300,GOES-19,2026-08-27 13:30:00
-13.875200,-54.115300,GOES-19,2026-08-27 13:40:00
-13.875200,-54.115300,GOES-19,2026-08-27 13:50:00
-13.875200,-54.115300,GOES-19,2026-08-27 14:00:00
-13.875200,-54.115300,GOES-19,2026-08-27 14:10:00
-13.875200,-54.115300,GOES-19,2026-08-27 14:20:00
-13.875200,-54.115300,GOES-19,2026-08-27 14:30:00
-13.875200,-54.115300,GOES-19,2026-08-27 14:40:00
-13.875200,-54.115300,GOES-19,2026-08-27 14:50:00
-13.875200,-54.115300,GOES-19,2026-08-27 15:00:00
-13.875200,-54.115300,GOES-19,2026-08-27 15:10:00
-13.875200,-54.115300,GOES-19,2026-08-27 15:20:00
-13.875200,-54.115300,GOES-19,2026-08-27 15:30:00
-13.875200,-54.115300,GOES-19,2026-08-27 15:40:00
-13.875200,-54.115300,GOES-19,2026-08-27 15:50:00
-13.875200,-54.115300,GOES-19,2026-08-27 18:50:00
-15.383100,-53.891300,GOES-19,2026-08-27 14:50:00
-15.383100,-53.891300,GOES-19,2026-08-27 15:00:00
-15.383100,-53.891300,GOES-19,2026-08-27 15:10:00
-15.383100,-53.891300,GOES-19,2026-08-27 15:20:00
-15.383100,-53.891300,GOES-19,2026-08-27 15:30:00
-15.383100,-53.891300,GOES-19,2026-08-27 15:40:00
-15.383100,-53.891300,GOES-19,2026-08-27 15:50:00
-15.383100,-53.891300,GOES-19,2026-08-27 16:20:00
-15.383100,-53.891300,GOES-19,2026-08-27 16:30:00
-15.383100,-53.891300,GOES-19,2026-08-27 16:40:00
-15.383100,-53.891300,GOES-19,2026-08-27 17:00:00
-15.383100,-53.891300,GOES-19,2026-08-27 17:40:00
-15.383100,-53.891300,GOES-19,2026-08-27 18:00:00
-15.383100,-53.891300,GOES-19,2026-08-27 18:30:00
-15.383100,-53.891300,GOES-19,2026-08-27 18:50:00
-15.402500,-53.888800,GOES-19,2026-08-27 15:10:00
-15.402500,-53.888800,GOES-19,2026-08-27 15:20:00
-15.402500,-53.888800,GOES-19,2026-08-27 15:50:00
-15.344900,-53.854200,GOES-19,2026-08-27 17:00:00
-13.416900,-54.021600,GOES-19,2026-08-27 14:50:00
-13.416900,-54.021600,GOES-19,2026-08-27 15:00:00
-13.416900,-54.021600,GOES-19,2026-08-27 15:10:00
-13.416900,-54.021600,GOES-19,2026-08-27 15:20:00
-13.416900,-54.021600,GOES-19,2026-08-27 15:30:00
-13.416900,-54.021600,GOES-19,2026-08-27 15:40:00
-13.416900,-54.021600,GOES-19,2026-08-27 15:50:00
-13.416900,-54.021600,GOES-19,2026-08-27 18:10:00
-13.416900,-54.021600,GOES-19,2026-08-27 18:20:00
-13.416900,-54.021600,GOES-19,2026-08-27 18:30:00
-13.436000,-54.019500,GOES-19,2026-08-27 15:10:00
-13.436000,-54.019500,GOES-19,2026-08-27 15:20:00
-13.436000,-54.019500,GOES-19,2026-08-27 15:40:00
-13.436000,-54.019500,GOES-19,2026-08-27 15:50:00
-13.436000,-54.019500,GOES-19,2026-08-27 16:00:00
-13.436000,-54.019500,GOES-19,2026-08-27 16:10:00
-13.436000,-54.019500,GOES-19,2026-08-27 18:10:00
-13.436000,-54.019500,GOES-19,2026-08-27 18:20:00
-13.436000,-54.019500,GOES-19,2026-08-27 18:30:00
-13.436000,-54.019500,GOES-19,2026-08-27 18:40:00
-13.436000,-54.019500,GOES-19,2026-08-27 18:50:00
-13.417200,-54.000900,GOES-19,2026-08-27 18:50:00
-11.193900,-53.999300,GOES-19,2026-08-27 14:40:00
-11.212800,-53.997600,GOES-19,2026-08-27 14:40:00
-11.212800,-53.997600,GOES-19,2026-08-27 20:00:00
-11.212800,-53.997600,GOES-19,2026-08-27 23:00:00
-11.212800,-53.997600,GOES-19,2026-08-27 23:20:00
-11.231700,-53.995800,GOES-19,2026-08-27 14:00:00
-11.231700,-53.995800,GOES-19,2026-08-27 14:10:00
-11.231700,-53.995800,GOES-19,2026-08-27 14:20:00
-11.231700,-53.995800,GOES-19,2026-08-27 14:30:00
-11.231700,-53.995800,GOES-19,2026-08-27 14:40:00
-11.231700,-53.995800,GOES-19,2026-08-27 14:50:00
-11.231700,-53.995800,GOES-19,2026-08-27 20:00:00
-11.231700,-53.995800,GOES-19,2026-08-27 23:00:00
-11.231700,-53.995800,GOES-19,2026-08-27 23:20:00
-10.759600,-54.038400,GOES-19,2026-08-27 00:00:00
-10.759600,-54.038400,GOES-19,2026-08-27 00:10:00
-10.759600,-54.038400,GOES-19,2026-08-27 00:20:00
-10.759600,-54.038400,GOES-19,2026-08-27 00:50:00
-10.759600,-54.038400,GOES-19,2026-08-27 01:10:00
-10.759600,-54.038400,GOES-19,2026-08-27 01:30:00
-10.759600,-54.038400,GOES-19,2026-08-27 13:50:00
-10.759600,-54.038400,GOES-19,2026-08-27 14:00:00
-10.759600,-54.038400,GOES-19,2026-08-27 14:10:00
-10.759600,-54.038400,GOES-19,2026-08-27 14:20:00
-10.759600,-54.038400,GOES-19,2026-08-27 14:30:00
-10.759600,-54.038400,GOES-19,2026-08-27 14:40:00
-10.759600,-54.038400,GOES-19,2026-08-27 14:50:00
-10.759600,-54.038400,GOES-19,2026-08-27 15:00:00
-10.759600,-54.038400,GOES-19,2026-08-27 15:10:00
-10.759600,-54.038400,GOES-19,2026-08-27 15:20:00
-10.778400,-54.036800,GOES-19,2026-08-27 00:00:00
-10.778400,-54.036800,GOES-19,2026-08-27 00:10:00
-10.778400,-54.036800,GOES-19,2026-08-27 00:20:00
-10.778400,-54.036800,GOES-19,2026-08-27 00:50:00
-10.778400,-54.036800,GOES-19,2026-08-27 01:10:00
-10.778400,-54.036800,GOES-19,2026-08-27 13:50:00
-10.778400,-54.036800,GOES-19,2026-08-27 14:00:00
-10.778400,-54.036800,GOES-19,2026-08-27 14:10:00
-10.778400,-54.036800,GOES-19,2026-08-27 14:20:00
-10.778400,-54.036800,GOES-19,2026-08-27 14:30:00
-10.778400,-54.036800,GOES-19,2026-08-27 14:40:00
-10.778400,-54.036800,GOES-19,2026-08-27 14:50:00
-10.778400,-54.036800,GOES-19,2026-08-27 15:00:00
-10.778400,-54.036800,GOES-19,2026-08-27 15:10:00
-10.759800,-54.017900,GOES-19,2026-08-27 00:00:00
-10.759800,-54.017900,GOES-19,2026-08-27 00:10:00
-10.759800,-54.017900,GOES-19,2026-08-27 00:20:00
-10.759800,-54.017900,GOES-19,2026-08-27 00:50:00
-10.759800,-54.017900,GOES-19,2026-08-27 01:10:00
-10.759800,-54.017900,GOES-19,2026-08-27 01:30:00
-10.759800,-54.017900,GOES-19,2026-08-27 13:50:00
-10.759800,-54.017900,GOES-19,2026-08-27 14:00:00
-10.759800,-54.017900,GOES-19,2026-08-27 14:10:00
-10.759800,-54.017900,GOES-19,2026-08-27 14:20:00
-10.759800,-54.017900,GOES-19,2026-08-27 14:30:00
-10.759800,-54.017900,GOES-19,2026-08-27 14:40:00
-10.759800,-54.017900,GOES-19,2026-08-27 14:50:00
-10.759800,-54.017900,GOES-19,2026-08-27 15:00:00
-10.759800,-54.017900,GOES-19,2026-08-27 15:10:00
-10.759800,-54.017900,GOES-19,2026-08-27 15:20:00
-10.778700,-54.016300,GOES-19,2026-08-27 00:00:00
-10.778700,-54.016300,GOES-19,2026-08-27 00:10:00
-10.778700,-54.016300,GOES-19,2026-08-27 00:20:00
-10.778700,-54.016300,GOES-19,2026-08-27 00:50:00
-10.778700,-54.016300,GOES-19,2026-08-27 01:10:00
-10.778700,-54.016300,GOES-19,2026-08-27 01:30:00
-10.778700,-54.016300,GOES-19,2026-08-27 13:50:00
-10.778700,-54.016300,GOES-19,2026-08-27 14:00:00
-10.778700,-54.016300,GOES-19,2026-08-27 14:10:00
-10.778700,-54.016300,GOES-19,2026-08-27 14:20:00
-10.778700,-54.016300,GOES-19,2026-08-27 14:30:00
-10.778700,-54.016300,GOES-19,2026-08-27 14:40:00
-10.778700,-54.016300,GOES-19,2026-08-27 14:50:00
-10.778700,-54.016300,GOES-19,2026-08-27 15:00:00
-10.778700,-54.016300,GOES-19,2026-08-27 15:10:00
-10.778700,-54.016300,GOES-19,2026-08-27 15:20:00
-10.797500,-54.014600,GOES-19,2026-08-27 00:00:00
-10.797500,-54.014600,GOES-19,2026-08-27 00:20:00
-10.797500,-54.014600,GOES-19,2026-08-27 01:30:00
-10.797500,-54.014600,GOES-19,2026-08-27 14:00:00
-10.797500,-54.014600,GOES-19,2026-08-27 14:10:00
-10.797500,-54.014600,GOES-19,2026-08-27 14:20:00
-10.797500,-54.014600,GOES-19,2026-08-27 14:30:00
-10.797500,-54.014600,GOES-19,2026-08-27 14:40:00
-10.797500,-54.014600,GOES-19,2026-08-27 14:50:00
-10.797500,-54.014600,GOES-19,2026-08-27 15:00:00
-10.797500,-54.014600,GOES-19,2026-08-27 15:20:00
-10.760000,-53.997400,GOES-19,2026-08-27 00:00:00
-10.760000,-53.997400,GOES-19,2026-08-27 00:10:00
-10.760000,-53.997400,GOES-19,2026-08-27 00:20:00
-10.760000,-53.997400,GOES-19,2026-08-27 00:50:00
-10.760000,-53.997400,GOES-19,2026-08-27 01:10:00
-10.760000,-53.997400,GOES-19,2026-08-27 01:30:00
-10.760000,-53.997400,GOES-19,2026-08-27 14:00:00
-10.760000,-53.997400,GOES-19,2026-08-27 14:10:00
-10.760000,-53.997400,GOES-19,2026-08-27 14:20:00
-10.760000,-53.997400,GOES-19,2026-08-27 14:30:00
-10.760000,-53.997400,GOES-19,2026-08-27 14:40:00
-10.760000,-53.997400,GOES-19,2026-08-27 14:50:00
-10.760000,-53.997400,GOES-19,2026-08-27 15:00:00
-10.760000,-53.997400,GOES-19,2026-08-27 15:10:00
-10.760000,-53.997400,GOES-19,2026-08-27 15:20:00
-10.778900,-53.995800,GOES-19,2026-08-27 00:00:00
-10.778900,-53.995800,GOES-19,2026-08-27 00:10:00
-10.778900,-53.995800,GOES-19,2026-08-27 00:20:00
-10.778900,-53.995800,GOES-19,2026-08-27 00:50:00
-10.778900,-53.995800,GOES-19,2026-08-27 01:10:00
-10.778900,-53.995800,GOES-19,2026-08-27 01:30:00
-10.778900,-53.995800,GOES-19,2026-08-27 13:50:00
-10.778900,-53.995800,GOES-19,2026-08-27 14:00:00
-10.778900,-53.995800,GOES-19,2026-08-27 14:10:00
-10.778900,-53.995800,GOES-19,2026-08-27 14:20:00
-10.778900,-53.995800,GOES-19,2026-08-27 14:30:00
-10.778900,-53.995800,GOES-19,2026-08-27 14:40:00
-10.778900,-53.995800,GOES-19,2026-08-27 14:50:00
-10.778900,-53.995800,GOES-19,2026-08-27 15:00:00
-10.778900,-53.995800,GOES-19,2026-08-27 15:10:00
-10.778900,-53.995800,GOES-19,2026-08-27 15:20:00
-10.797800,-53.994100,GOES-19,2026-08-27 00:00:00
-10.797800,-53.994100,GOES-19,2026-08-27 13:50:00
-10.797800,-53.994100,GOES-19,2026-08-27 14:00:00
-10.797800,-53.994100,GOES-19,2026-08-27 14:10:00
-10.797800,-53.994100,GOES-19,2026-08-27 14:20:00
-10.797800,-53.994100,GOES-19,2026-08-27 14:30:00
-10.760300,-53.976900,GOES-19,2026-08-27 00:00:00
-10.760300,-53.976900,GOES-19,2026-08-27 00:10:00
-10.760300,-53.976900,GOES-19,2026-08-27 00:20:00
-10.760300,-53.976900,GOES-19,2026-08-27 00:50:00
-10.760300,-53.976900,GOES-19,2026-08-27 01:10:00
-10.760300,-53.976900,GOES-19,2026-08-27 01:30:00
-10.760300,-53.976900,GOES-19,2026-08-27 14:00:00
-10.760300,-53.976900,GOES-19,2026-08-27 14:10:00
-10.760300,-53.976900,GOES-19,2026-08-27 14:20:00
-10.760300,-53.976900,GOES-19,2026-08-27 14:30:00
-10.760300,-53.976900,GOES-19,2026-08-27 14:40:00
-10.760300,-53.976900,GOES-19,2026-08-27 14:50:00
-10.760300,-53.976900,GOES-19,2026-08-27 15:00:00
-10.760300,-53.976900,GOES-19,2026-08-27 15:10:00
-10.760300,-53.976900,GOES-19,2026-08-27 15:20:00
-10.779100,-53.975200,GOES-19,2026-08-27 00:00:00
-10.779100,-53.975200,GOES-19,2026-08-27 00:20:00
-10.779100,-53.975200,GOES-19,2026-08-27 00:50:00
-10.779100,-53.975200,GOES-19,2026-08-27 13:50:00
-10.779100,-53.975200,GOES-19,2026-08-27 14:00:00
-10.779100,-53.975200,GOES-19,2026-08-27 14:10:00
-10.779100,-53.975200,GOES-19,2026-08-27 14:20:00
-10.779100,-53.975200,GOES-19,2026-08-27 14:30:00
-10.779100,-53.975200,GOES-19,2026-08-27 14:40:00
-10.779100,-53.975200,GOES-19,2026-08-27 14:50:00
-10.779100,-53.975200,GOES-19,2026-08-27 15:00:00
-10.779100,-53.975200,GOES-19,2026-08-27 15:10:00
-10.779100,-53.975200,GOES-19,2026-08-27 15:20:00
-14.502000,-53.394400,GOES-19,2026-08-27 14:40:00
-14.502000,-53.394400,GOES-19,2026-08-27 14:50:00
-14.502000,-53.394400,GOES-19,2026-08-27 15:00:00
-14.502000,-53.394400,GOES-19,2026-08-27 15:10:00
-14.502000,-53.394400,GOES-19,2026-08-27 15:20:00
-14.502000,-53.394400,GOES-19,2026-08-27 15:30:00
-14.502000,-53.394400,GOES-19,2026-08-27 15:40:00
-14.502000,-53.394400,GOES-19,2026-08-27 15:50:00
-14.502000,-53.394400,GOES-19,2026-08-27 16:00:00
-14.502000,-53.394400,GOES-19,2026-08-27 18:50:00
-14.502000,-53.394400,GOES-19,2026-08-27 19:00:00
-14.521300,-53.392000,GOES-19,2026-08-27 14:40:00
-14.521300,-53.392000,GOES-19,2026-08-27 14:50:00
-14.521300,-53.392000,GOES-19,2026-08-27 15:00:00
-14.521300,-53.392000,GOES-19,2026-08-27 15:10:00
-14.521300,-53.392000,GOES-19,2026-08-27 15:20:00
-14.521300,-53.392000,GOES-19,2026-08-27 15:30:00
-14.521300,-53.392000,GOES-19,2026-08-27 15:40:00
-14.521300,-53.392000,GOES-19,2026-08-27 15:50:00
-14.521300,-53.392000,GOES-19,2026-08-27 18:50:00
-14.540600,-53.389600,GOES-19,2026-08-27 18:10:00
-14.540600,-53.389600,GOES-19,2026-08-27 18:30:00
-14.540600,-53.389600,GOES-19,2026-08-27 18:50:00
-14.212800,-53.408900,GOES-19,2026-08-27 14:50:00
-14.212800,-53.408900,GOES-19,2026-08-27 15:10:00
-14.212800,-53.408900,GOES-19,2026-08-27 15:20:00
-14.212800,-53.408900,GOES-19,2026-08-27 15:30:00
-14.444400,-53.380600,GOES-19,2026-08-27 15:40:00
-14.213200,-53.387900,GOES-19,2026-08-27 14:50:00
-14.213200,-53.387900,GOES-19,2026-08-27 15:10:00
-14.213200,-53.387900,GOES-19,2026-08-27 15:20:00
-14.213200,-53.387900,GOES-19,2026-08-27 15:30:00
-14.464000,-53.357200,GOES-19,2026-08-27 19:10:00
-14.465100,-53.294100,GOES-19,2026-08-27 17:40:00
-15.591200,-53.084700,GOES-19,2026-08-27 15:30:00
-15.591200,-53.084700,GOES-19,2026-08-27 15:40:00
-15.591200,-53.084700,GOES-19,2026-08-27 15:50:00
-15.572100,-53.066200,GOES-19,2026-08-27 15:50:00
-14.563400,-53.176800,GOES-19,2026-08-27 18:20:00
-14.563400,-53.176800,GOES-19,2026-08-27 19:10:00
-14.563400,-53.176800,GOES-19,2026-08-27 19:30:00
-14.563400,-53.176800,GOES-19,2026-08-27 19:50:00
-14.448800,-53.107100,GOES-19,2026-08-27 14:30:00
-14.448800,-53.107100,GOES-19,2026-08-27 14:40:00
-14.448800,-53.107100,GOES-19,2026-08-27 14:50:00
-14.448800,-53.107100,GOES-19,2026-08-27 15:00:00
-14.448800,-53.107100,GOES-19,2026-08-27 15:10:00
-14.448800,-53.107100,GOES-19,2026-08-27 15:20:00
-14.448800,-53.107100,GOES-19,2026-08-27 15:30:00
-6.061200,-53.773200,GOES-19,2026-08-27 18:40:00
-6.061200,-53.773200,GOES-19,2026-08-27 19:10:00
-6.061200,-53.773200,GOES-19,2026-08-27 19:20:00
-6.061200,-53.773200,GOES-19,2026-08-27 19:30:00
-15.306000,-52.742100,GOES-19,2026-08-27 14:00:00
-15.306000,-52.742100,GOES-19,2026-08-27 14:10:00
-15.306000,-52.742100,GOES-19,2026-08-27 14:20:00
-6.118300,-53.547200,GOES-19,2026-08-27 18:40:00
-6.136800,-53.546300,GOES-19,2026-08-27 19:00:00
-15.384600,-52.689000,GOES-19,2026-08-27 14:30:00
-15.384600,-52.689000,GOES-19,2026-08-27 16:00:00
-6.137000,-53.525900,GOES-19,2026-08-27 18:40:00
-6.137000,-53.525900,GOES-19,2026-08-27 19:20:00
-6.137000,-53.525900,GOES-19,2026-08-27 19:30:00
-6.137000,-53.525900,GOES-19,2026-08-27 19:40:00
-6.137000,-53.525900,GOES-19,2026-08-27 19:50:00
-14.125900,-52.831700,GOES-19,2026-08-27 19:30:00
-14.125900,-52.831700,GOES-19,2026-08-27 19:40:00
-14.125900,-52.831700,GOES-19,2026-08-27 19:50:00
-14.145200,-52.829300,GOES-19,2026-08-27 18:50:00
-14.145200,-52.829300,GOES-19,2026-08-27 19:20:00
-14.145200,-52.829300,GOES-19,2026-08-27 19:30:00
-14.145200,-52.829300,GOES-19,2026-08-27 19:40:00
-14.145200,-52.829300,GOES-19,2026-08-27 19:50:00
-14.978700,-52.616400,GOES-19,2026-08-27 18:10:00
-14.978700,-52.616400,GOES-19,2026-08-27 18:20:00
-14.978700,-52.616400,GOES-19,2026-08-27 18:40:00
-14.978700,-52.616400,GOES-19,2026-08-27 18:50:00
-14.978700,-52.616400,GOES-19,2026-08-27 19:00:00
-14.978700,-52.616400,GOES-19,2026-08-27 19:10:00
-14.978700,-52.616400,GOES-19,2026-08-27 19:20:00
-14.978700,-52.616400,GOES-19,2026-08-27 19:30:00
-14.978700,-52.616400,GOES-19,2026-08-27 19:40:00
-14.940300,-52.600300,GOES-19,2026-08-27 14:50:00
-14.940300,-52.600300,GOES-19,2026-08-27 18:00:00
-14.940300,-52.600300,GOES-19,2026-08-27 18:10:00
-14.940300,-52.600300,GOES-19,2026-08-27 18:20:00
-14.940300,-52.600300,GOES-19,2026-08-27 18:30:00
-14.940300,-52.600300,GOES-19,2026-08-27 21:10:00
-14.959700,-52.597700,GOES-19,2026-08-27 18:30:00
-14.959700,-52.597700,GOES-19,2026-08-27 18:40:00
-14.959700,-52.597700,GOES-19,2026-08-27 21:10:00
-14.979100,-52.595100,GOES-19,2026-08-27 18:50:00
-14.979100,-52.595100,GOES-19,2026-08-27 19:00:00
-14.979100,-52.595100,GOES-19,2026-08-27 21:10:00
-14.998500,-52.592500,GOES-19,2026-08-27 18:50:00
-14.998500,-52.592500,GOES-19,2026-08-27 19:00:00
-14.998500,-52.592500,GOES-19,2026-08-27 21:10:00
-13.800600,-52.745400,GOES-19,2026-08-27 19:30:00
-14.418600,-52.604900,GOES-19,2026-08-27 18:20:00
-14.418600,-52.604900,GOES-19,2026-08-27 18:40:00
-14.418600,-52.604900,GOES-19,2026-08-27 19:00:00
-14.418600,-52.604900,GOES-19,2026-08-27 19:10:00
-14.418600,-52.604900,GOES-19,2026-08-27 19:20:00
-14.418600,-52.604900,GOES-19,2026-08-27 19:30:00
-14.418600,-52.604900,GOES-19,2026-08-27 19:40:00
-14.418600,-52.604900,GOES-19,2026-08-27 19:50:00
-14.419000,-52.583700,GOES-19,2026-08-27 15:50:00
-14.419000,-52.583700,GOES-19,2026-08-27 18:40:00
-14.419000,-52.583700,GOES-19,2026-08-27 18:50:00
-6.490800,-53.262900,GOES-19,2026-08-27 15:40:00
-6.490800,-53.262900,GOES-19,2026-08-27 18:50:00
-6.490800,-53.262900,GOES-19,2026-08-27 19:10:00
-6.490800,-53.262900,GOES-19,2026-08-27 19:20:00
-6.490800,-53.262900,GOES-19,2026-08-27 19:30:00
-6.490800,-53.262900,GOES-19,2026-08-27 19:40:00
-6.490800,-53.262900,GOES-19,2026-08-27 19:50:00
-6.658100,-53.192400,GOES-19,2026-08-27 13:20:00
-6.658100,-53.192400,GOES-19,2026-08-27 14:00:00
-6.658100,-53.192400,GOES-19,2026-08-27 18:20:00
-14.520700,-52.273900,GOES-19,2026-08-27 16:00:00
-15.825400,-51.986700,GOES-19,2026-08-27 14:20:00
-15.825400,-51.986700,GOES-19,2026-08-27 19:10:00
-15.844900,-51.983900,GOES-19,2026-08-27 14:20:00
-14.484200,-52.151200,GOES-19,2026-08-27 17:40:00
-14.484200,-52.151200,GOES-19,2026-08-27 18:40:00
-14.484200,-52.151200,GOES-19,2026-08-27 19:00:00
-14.484200,-52.151200,GOES-19,2026-08-27 19:20:00
-14.484200,-52.151200,GOES-19,2026-08-27 19:30:00
-14.484200,-52.151200,GOES-19,2026-08-27 19:40:00
-14.562700,-52.077000,GOES-19,2026-08-27 15:50:00
-14.562700,-52.077000,GOES-19,2026-08-27 16:20:00
-14.582100,-52.074500,GOES-19,2026-08-27 15:50:00
-14.582100,-52.074500,GOES-19,2026-08-27 16:00:00
-14.582100,-52.074500,GOES-19,2026-08-27 16:10:00
-14.582100,-52.074500,GOES-19,2026-08-27 16:20:00
-14.582100,-52.074500,GOES-19,2026-08-27 18:50:00
-14.601400,-52.071900,GOES-19,2026-08-27 16:30:00
-14.563100,-52.055700,GOES-19,2026-08-27 15:20:00
-14.563100,-52.055700,GOES-19,2026-08-27 15:30:00
-14.563100,-52.055700,GOES-19,2026-08-27 15:40:00
-14.563100,-52.055700,GOES-19,2026-08-27 15:50:00
-14.563100,-52.055700,GOES-19,2026-08-27 16:00:00
-14.563100,-52.055700,GOES-19,2026-08-27 16:10:00
-14.563100,-52.055700,GOES-19,2026-08-27 16:20:00
-14.563100,-52.055700,GOES-19,2026-08-27 16:30:00
-14.563100,-52.055700,GOES-19,2026-08-27 16:40:00
-14.563100,-52.055700,GOES-19,2026-08-27 16:50:00
-14.563100,-52.055700,GOES-19,2026-08-27 17:00:00
-14.582400,-52.053100,GOES-19,2026-08-27 16:10:00
-14.582400,-52.053100,GOES-19,2026-08-27 16:20:00
-14.582400,-52.053100,GOES-19,2026-08-27 16:30:00
-14.563400,-52.034400,GOES-19,2026-08-27 15:50:00
-14.563400,-52.034400,GOES-19,2026-08-27 16:10:00
-14.582800,-52.031800,GOES-19,2026-08-27 16:10:00
-14.582800,-52.031800,GOES-19,2026-08-27 16:20:00
-14.582800,-52.031800,GOES-19,2026-08-27 16:30:00
-14.583200,-52.010400,GOES-19,2026-08-27 16:10:00
-14.583200,-52.010400,GOES-19,2026-08-27 16:20:00
-14.583200,-52.010400,GOES-19,2026-08-27 16:30:00
-14.544800,-51.994300,GOES-19,2026-08-27 16:10:00
-14.544800,-51.994300,GOES-19,2026-08-27 16:20:00
-14.544800,-51.994300,GOES-19,2026-08-27 16:30:00
-14.564200,-51.991700,GOES-19,2026-08-27 16:10:00
-14.564200,-51.991700,GOES-19,2026-08-27 16:20:00
-14.564200,-51.991700,GOES-19,2026-08-27 16:30:00
-14.583500,-51.989100,GOES-19,2026-08-27 17:50:00
-14.583500,-51.989100,GOES-19,2026-08-27 18:00:00
-14.583500,-51.989100,GOES-19,2026-08-27 18:10:00
-14.583500,-51.989100,GOES-19,2026-08-27 18:30:00
-14.583500,-51.989100,GOES-19,2026-08-27 18:40:00
-14.583500,-51.989100,GOES-19,2026-08-27 18:50:00
-14.583500,-51.989100,GOES-19,2026-08-27 19:50:00
-14.545200,-51.972900,GOES-19,2026-08-27 16:10:00
-14.564600,-51.970300,GOES-19,2026-08-27 15:50:00
-14.564600,-51.970300,GOES-19,2026-08-27 16:00:00
-14.564600,-51.970300,GOES-19,2026-08-27 16:10:00
-14.564600,-51.970300,GOES-19,2026-08-27 16:20:00
-14.564600,-51.970300,GOES-19,2026-08-27 16:30:00
-14.564600,-51.970300,GOES-19,2026-08-27 16:40:00
-14.564600,-51.970300,GOES-19,2026-08-27 16:50:00
-14.564600,-51.970300,GOES-19,2026-08-27 17:00:00
-14.564600,-51.970300,GOES-19,2026-08-27 17:10:00
-14.564600,-51.970300,GOES-19,2026-08-27 17:40:00
-14.564600,-51.970300,GOES-19,2026-08-27 17:50:00
-14.564600,-51.970300,GOES-19,2026-08-27 18:00:00
-14.564600,-51.970300,GOES-19,2026-08-27 18:10:00
-14.564600,-51.970300,GOES-19,2026-08-27 18:20:00
-14.564600,-51.970300,GOES-19,2026-08-27 18:30:00
-14.564600,-51.970300,GOES-19,2026-08-27 18:40:00
-14.564600,-51.970300,GOES-19,2026-08-27 18:50:00
-14.353600,-51.891800,GOES-19,2026-08-27 16:10:00
-14.353600,-51.891800,GOES-19,2026-08-27 16:20:00
-13.431000,-51.861100,GOES-19,2026-08-27 13:50:00
-13.431000,-51.861100,GOES-19,2026-08-27 14:00:00
-13.431000,-51.861100,GOES-19,2026-08-27 14:10:00
-13.431000,-51.861100,GOES-19,2026-08-27 14:20:00
-14.414200,-51.734500,GOES-19,2026-08-27 18:20:00
-13.412100,-51.842200,GOES-19,2026-08-27 13:40:00
-13.412100,-51.842200,GOES-19,2026-08-27 13:50:00
-13.412100,-51.842200,GOES-19,2026-08-27 14:00:00
-13.412100,-51.842200,GOES-19,2026-08-27 14:10:00
-13.412100,-51.842200,GOES-19,2026-08-27 15:20:00
-14.298900,-51.707200,GOES-19,2026-08-27 15:00:00
-14.298900,-51.707200,GOES-19,2026-08-27 15:20:00
-14.298900,-51.707200,GOES-19,2026-08-27 15:30:00
-14.298900,-51.707200,GOES-19,2026-08-27 15:40:00
-14.298900,-51.707200,GOES-19,2026-08-27 15:50:00
-14.298900,-51.707200,GOES-19,2026-08-27 18:20:00
-14.298900,-51.707200,GOES-19,2026-08-27 18:30:00
-14.298900,-51.707200,GOES-19,2026-08-27 18:40:00
-14.298900,-51.707200,GOES-19,2026-08-27 18:50:00
-14.318200,-51.704600,GOES-19,2026-08-27 15:00:00
-14.318200,-51.704600,GOES-19,2026-08-27 15:20:00
-14.318200,-51.704600,GOES-19,2026-08-27 15:30:00
-14.318200,-51.704600,GOES-19,2026-08-27 17:40:00
-14.318200,-51.704600,GOES-19,2026-08-27 17:50:00
-14.318200,-51.704600,GOES-19,2026-08-27 18:20:00
-14.318200,-51.704600,GOES-19,2026-08-27 18:30:00
-14.318200,-51.704600,GOES-19,2026-08-27 18:40:00
-14.318200,-51.704600,GOES-19,2026-08-27 18:50:00
-14.337600,-51.702000,GOES-19,2026-08-27 17:50:00
-14.337600,-51.702000,GOES-19,2026-08-27 18:30:00
-14.337600,-51.702000,GOES-19,2026-08-27 18:50:00
-14.337600,-51.702000,GOES-19,2026-08-27 19:00:00
-14.337600,-51.702000,GOES-19,2026-08-27 19:20:00
-14.337600,-51.702000,GOES-19,2026-08-27 19:30:00
-14.337600,-51.702000,GOES-19,2026-08-27 19:40:00
-14.337600,-51.702000,GOES-19,2026-08-27 19:50:00
-14.356900,-51.699500,GOES-19,2026-08-27 19:40:00
-5.941300,-52.371300,GOES-19,2026-08-27 18:20:00
-5.922900,-52.351700,GOES-19,2026-08-27 15:40:00
-5.941400,-52.350700,GOES-19,2026-08-27 15:30:00
-5.941400,-52.350700,GOES-19,2026-08-27 16:00:00
-13.607200,-51.647800,GOES-19,2026-08-27 15:20:00
-13.607200,-51.647800,GOES-19,2026-08-27 15:30:00
-13.607200,-51.647800,GOES-19,2026-08-27 15:40:00
-13.607200,-51.647800,GOES-19,2026-08-27 15:50:00
-13.607200,-51.647800,GOES-19,2026-08-27 16:40:00
-13.282200,-51.582100,GOES-19,2026-08-27 18:00:00
-13.301400,-51.579700,GOES-19,2026-08-27 18:00:00
-6.016600,-52.202600,GOES-19,2026-08-27 12:00:00
-6.016600,-52.202600,GOES-19,2026-08-27 12:10:00
-6.016600,-52.202600,GOES-19,2026-08-27 12:50:00
-6.016600,-52.202600,GOES-19,2026-08-27 13:20:00
-13.282500,-51.560800,GOES-19,2026-08-27 15:20:00
-13.282500,-51.560800,GOES-19,2026-08-27 16:00:00
-13.282500,-51.560800,GOES-19,2026-08-27 16:10:00
-13.282500,-51.560800,GOES-19,2026-08-27 16:20:00
-13.359300,-51.551200,GOES-19,2026-08-27 18:40:00
-13.263300,-51.563200,GOES-19,2026-08-27 15:20:00
-13.263300,-51.563200,GOES-19,2026-08-27 15:30:00
-13.263300,-51.563200,GOES-19,2026-08-27 16:00:00
-13.263300,-51.563200,GOES-19,2026-08-27 16:20:00
-5.868500,-52.189900,GOES-19,2026-08-27 15:10:00
-5.868500,-52.189900,GOES-19,2026-08-27 15:20:00
-13.398100,-51.525100,GOES-19,2026-08-27 16:10:00
-13.398100,-51.525100,GOES-19,2026-08-27 19:00:00
-13.379200,-51.506100,GOES-19,2026-08-27 02:20:00
-13.379200,-51.506100,GOES-19,2026-08-27 02:30:00
-13.398500,-51.503700,GOES-19,2026-08-27 16:10:00
-13.398500,-51.503700,GOES-19,2026-08-27 16:20:00
-13.341200,-51.489600,GOES-19,2026-08-27 05:20:00
-13.341200,-51.489600,GOES-19,2026-08-27 05:30:00
-13.341200,-51.489600,GOES-19,2026-08-27 05:40:00
-13.360400,-51.487200,GOES-19,2026-08-27 02:20:00
-13.360400,-51.487200,GOES-19,2026-08-27 02:30:00
-13.360400,-51.487200,GOES-19,2026-08-27 03:00:00
-13.360400,-51.487200,GOES-19,2026-08-27 03:10:00
-13.360400,-51.487200,GOES-19,2026-08-27 03:20:00
-13.360400,-51.487200,GOES-19,2026-08-27 03:30:00
-13.360400,-51.487200,GOES-19,2026-08-27 03:40:00
-13.360400,-51.487200,GOES-19,2026-08-27 04:30:00
-13.360400,-51.487200,GOES-19,2026-08-27 04:40:00
-13.360400,-51.487200,GOES-19,2026-08-27 04:50:00
-13.360400,-51.487200,GOES-19,2026-08-27 05:00:00
-13.360400,-51.487200,GOES-19,2026-08-27 05:10:00
-13.360400,-51.487200,GOES-19,2026-08-27 05:20:00
-13.360400,-51.487200,GOES-19,2026-08-27 05:30:00
-13.360400,-51.487200,GOES-19,2026-08-27 05:40:00
-13.360400,-51.487200,GOES-19,2026-08-27 05:50:00
-13.379600,-51.484800,GOES-19,2026-08-27 02:10:00
-13.379600,-51.484800,GOES-19,2026-08-27 02:20:00
-13.379600,-51.484800,GOES-19,2026-08-27 02:30:00
-13.379600,-51.484800,GOES-19,2026-08-27 03:00:00
-13.379600,-51.484800,GOES-19,2026-08-27 03:10:00
-13.379600,-51.484800,GOES-19,2026-08-27 03:20:00
-13.379600,-51.484800,GOES-19,2026-08-27 03:30:00
-13.379600,-51.484800,GOES-19,2026-08-27 03:40:00
-13.379600,-51.484800,GOES-19,2026-08-27 04:30:00
-13.379600,-51.484800,GOES-19,2026-08-27 04:40:00
-13.379600,-51.484800,GOES-19,2026-08-27 04:50:00
-13.379600,-51.484800,GOES-19,2026-08-27 05:00:00
-13.379600,-51.484800,GOES-19,2026-08-27 05:10:00
-13.379600,-51.484800,GOES-19,2026-08-27 05:20:00
-13.379600,-51.484800,GOES-19,2026-08-27 05:30:00
-13.398800,-51.482400,GOES-19,2026-08-27 02:10:00
-13.398800,-51.482400,GOES-19,2026-08-27 02:20:00
-13.398800,-51.482400,GOES-19,2026-08-27 02:30:00
-13.398800,-51.482400,GOES-19,2026-08-27 04:30:00
-13.398800,-51.482400,GOES-19,2026-08-27 04:40:00
-13.398800,-51.482400,GOES-19,2026-08-27 04:50:00
-13.322300,-51.470700,GOES-19,2026-08-27 04:30:00
-13.322300,-51.470700,GOES-19,2026-08-27 04:40:00
-13.322300,-51.470700,GOES-19,2026-08-27 04:50:00
-13.322300,-51.470700,GOES-19,2026-08-27 05:00:00
-13.322300,-51.470700,GOES-19,2026-08-27 05:10:00
-13.322300,-51.470700,GOES-19,2026-08-27 05:20:00
-13.322300,-51.470700,GOES-19,2026-08-27 05:30:00
-13.322300,-51.470700,GOES-19,2026-08-27 05:40:00
-13.322300,-51.470700,GOES-19,2026-08-27 05:50:00
-13.322300,-51.470700,GOES-19,2026-08-27 06:00:00
-13.322300,-51.470700,GOES-19,2026-08-27 06:10:00
-13.341500,-51.468300,GOES-19,2026-08-27 04:30:00
-13.341500,-51.468300,GOES-19,2026-08-27 04:40:00
-13.341500,-51.468300,GOES-19,2026-08-27 04:50:00
-13.341500,-51.468300,GOES-19,2026-08-27 05:00:00
-13.341500,-51.468300,GOES-19,2026-08-27 05:10:00
-13.341500,-51.468300,GOES-19,2026-08-27 05:20:00
-13.341500,-51.468300,GOES-19,2026-08-27 05:30:00
-13.341500,-51.468300,GOES-19,2026-08-27 05:40:00
-13.341500,-51.468300,GOES-19,2026-08-27 05:50:00
-13.341500,-51.468300,GOES-19,2026-08-27 06:00:00
-13.341500,-51.468300,GOES-19,2026-08-27 06:10:00
-13.341500,-51.468300,GOES-19,2026-08-27 06:50:00
-13.341500,-51.468300,GOES-19,2026-08-27 07:00:00
-13.341500,-51.468300,GOES-19,2026-08-27 07:10:00
-13.360700,-51.465900,GOES-19,2026-08-27 02:10:00
-13.360700,-51.465900,GOES-19,2026-08-27 03:00:00
-13.360700,-51.465900,GOES-19,2026-08-27 03:10:00
-13.360700,-51.465900,GOES-19,2026-08-27 03:20:00
-13.360700,-51.465900,GOES-19,2026-08-27 03:30:00
-13.360700,-51.465900,GOES-19,2026-08-27 03:40:00
-13.360700,-51.465900,GOES-19,2026-08-27 04:30:00
-13.360700,-51.465900,GOES-19,2026-08-27 04:40:00
-13.360700,-51.465900,GOES-19,2026-08-27 04:50:00
-13.360700,-51.465900,GOES-19,2026-08-27 05:00:00
-13.360700,-51.465900,GOES-19,2026-08-27 05:10:00
-13.360700,-51.465900,GOES-19,2026-08-27 05:20:00
-13.360700,-51.465900,GOES-19,2026-08-27 05:30:00
-13.360700,-51.465900,GOES-19,2026-08-27 05:40:00
-13.360700,-51.465900,GOES-19,2026-08-27 05:50:00
-13.360700,-51.465900,GOES-19,2026-08-27 06:00:00
-13.360700,-51.465900,GOES-19,2026-08-27 06:10:00
-13.360700,-51.465900,GOES-19,2026-08-27 06:50:00
-13.360700,-51.465900,GOES-19,2026-08-27 07:00:00
-13.360700,-51.465900,GOES-19,2026-08-27 07:10:00
-13.379900,-51.463400,GOES-19,2026-08-27 02:10:00
-13.379900,-51.463400,GOES-19,2026-08-27 02:20:00
-13.379900,-51.463400,GOES-19,2026-08-27 02:30:00
-13.379900,-51.463400,GOES-19,2026-08-27 03:00:00
-13.379900,-51.463400,GOES-19,2026-08-27 03:10:00
-13.379900,-51.463400,GOES-19,2026-08-27 03:20:00
-13.379900,-51.463400,GOES-19,2026-08-27 03:30:00
-13.379900,-51.463400,GOES-19,2026-08-27 03:40:00
-13.379900,-51.463400,GOES-19,2026-08-27 04:30:00
-13.379900,-51.463400,GOES-19,2026-08-27 04:40:00
-13.379900,-51.463400,GOES-19,2026-08-27 04:50:00
-13.379900,-51.463400,GOES-19,2026-08-27 05:00:00
-13.379900,-51.463400,GOES-19,2026-08-27 05:10:00
-13.379900,-51.463400,GOES-19,2026-08-27 05:20:00
-13.379900,-51.463400,GOES-19,2026-08-27 05:30:00
-13.379900,-51.463400,GOES-19,2026-08-27 05:40:00
-13.379900,-51.463400,GOES-19,2026-08-27 05:50:00
-13.379900,-51.463400,GOES-19,2026-08-27 06:00:00
-13.379900,-51.463400,GOES-19,2026-08-27 06:10:00
-13.399100,-51.461000,GOES-19,2026-08-27 02:10:00
-13.399100,-51.461000,GOES-19,2026-08-27 02:20:00
-13.399100,-51.461000,GOES-19,2026-08-27 02:30:00
-13.399100,-51.461000,GOES-19,2026-08-27 03:00:00
-13.399100,-51.461000,GOES-19,2026-08-27 03:30:00
-13.399100,-51.461000,GOES-19,2026-08-27 03:40:00
-13.399100,-51.461000,GOES-19,2026-08-27 04:30:00
-13.399100,-51.461000,GOES-19,2026-08-27 04:40:00
-13.399100,-51.461000,GOES-19,2026-08-27 04:50:00
-13.399100,-51.461000,GOES-19,2026-08-27 05:00:00
-13.399100,-51.461000,GOES-19,2026-08-27 05:10:00
-13.399100,-51.461000,GOES-19,2026-08-27 05:20:00
-13.399100,-51.461000,GOES-19,2026-08-27 05:30:00
-13.341900,-51.446900,GOES-19,2026-08-27 03:10:00
-13.341900,-51.446900,GOES-19,2026-08-27 05:40:00
-13.341900,-51.446900,GOES-19,2026-08-27 05:50:00
-13.341900,-51.446900,GOES-19,2026-08-27 06:00:00
-13.341900,-51.446900,GOES-19,2026-08-27 06:10:00
-13.341900,-51.446900,GOES-19,2026-08-27 06:50:00
-13.341900,-51.446900,GOES-19,2026-08-27 07:00:00
-13.341900,-51.446900,GOES-19,2026-08-27 07:10:00
-13.361100,-51.444500,GOES-19,2026-08-27 02:10:00
-13.361100,-51.444500,GOES-19,2026-08-27 02:20:00
-13.361100,-51.444500,GOES-19,2026-08-27 02:30:00
-13.361100,-51.444500,GOES-19,2026-08-27 03:00:00
-13.361100,-51.444500,GOES-19,2026-08-27 03:10:00
-13.361100,-51.444500,GOES-19,2026-08-27 03:20:00
-13.361100,-51.444500,GOES-19,2026-08-27 03:30:00
-13.361100,-51.444500,GOES-19,2026-08-27 03:40:00
-13.361100,-51.444500,GOES-19,2026-08-27 04:30:00
-13.361100,-51.444500,GOES-19,2026-08-27 04:40:00
-13.361100,-51.444500,GOES-19,2026-08-27 04:50:00
-13.361100,-51.444500,GOES-19,2026-08-27 05:00:00
-13.361100,-51.444500,GOES-19,2026-08-27 05:10:00
-13.361100,-51.444500,GOES-19,2026-08-27 05:20:00
-13.361100,-51.444500,GOES-19,2026-08-27 05:30:00
-13.361100,-51.444500,GOES-19,2026-08-27 05:40:00
-13.361100,-51.444500,GOES-19,2026-08-27 06:00:00
-13.361100,-51.444500,GOES-19,2026-08-27 06:10:00
-13.361100,-51.444500,GOES-19,2026-08-27 06:50:00
-13.361100,-51.444500,GOES-19,2026-08-27 07:00:00
-13.361100,-51.444500,GOES-19,2026-08-27 07:10:00
-13.380300,-51.442100,GOES-19,2026-08-27 02:10:00
-13.380300,-51.442100,GOES-19,2026-08-27 03:00:00
-13.380300,-51.442100,GOES-19,2026-08-27 03:10:00
-13.380300,-51.442100,GOES-19,2026-08-27 03:20:00
-13.380300,-51.442100,GOES-19,2026-08-27 03:30:00
-13.380300,-51.442100,GOES-19,2026-08-27 03:40:00
-13.380300,-51.442100,GOES-19,2026-08-27 04:30:00
-13.380300,-51.442100,GOES-19,2026-08-27 04:40:00
-13.380300,-51.442100,GOES-19,2026-08-27 04:50:00
-13.380300,-51.442100,GOES-19,2026-08-27 05:00:00
-13.380300,-51.442100,GOES-19,2026-08-27 05:10:00
-13.380300,-51.442100,GOES-19,2026-08-27 05:20:00
-13.380300,-51.442100,GOES-19,2026-08-27 05:30:00
-13.380300,-51.442100,GOES-19,2026-08-27 05:40:00
-13.380300,-51.442100,GOES-19,2026-08-27 05:50:00
-13.380300,-51.442100,GOES-19,2026-08-27 06:00:00
-13.380300,-51.442100,GOES-19,2026-08-27 06:10:00
-13.399500,-51.439700,GOES-19,2026-08-27 04:30:00
-13.399500,-51.439700,GOES-19,2026-08-27 04:40:00
-13.399500,-51.439700,GOES-19,2026-08-27 04:50:00
-13.399500,-51.439700,GOES-19,2026-08-27 05:00:00
-13.399500,-51.439700,GOES-19,2026-08-27 05:10:00
-13.399500,-51.439700,GOES-19,2026-08-27 05:20:00
-13.399500,-51.439700,GOES-19,2026-08-27 05:30:00
-13.399500,-51.439700,GOES-19,2026-08-27 05:40:00
-13.399500,-51.439700,GOES-19,2026-08-27 05:50:00
-13.399500,-51.439700,GOES-19,2026-08-27 06:00:00
-13.399500,-51.439700,GOES-19,2026-08-27 06:10:00
-13.323000,-51.428000,GOES-19,2026-08-27 02:30:00
-13.323000,-51.428000,GOES-19,2026-08-27 03:00:00
-13.323000,-51.428000,GOES-19,2026-08-27 03:10:00
-13.323000,-51.428000,GOES-19,2026-08-27 04:30:00
-13.323000,-51.428000,GOES-19,2026-08-27 04:40:00
-13.323000,-51.428000,GOES-19,2026-08-27 05:00:00
-13.323000,-51.428000,GOES-19,2026-08-27 05:10:00
-13.323000,-51.428000,GOES-19,2026-08-27 05:30:00
-13.342200,-51.425600,GOES-19,2026-08-27 02:10:00
-13.342200,-51.425600,GOES-19,2026-08-27 02:20:00
-13.342200,-51.425600,GOES-19,2026-08-27 02:30:00
-13.342200,-51.425600,GOES-19,2026-08-27 03:00:00
-13.342200,-51.425600,GOES-19,2026-08-27 03:10:00
-13.342200,-51.425600,GOES-19,2026-08-27 03:20:00
-13.342200,-51.425600,GOES-19,2026-08-27 03:30:00
-13.342200,-51.425600,GOES-19,2026-08-27 03:40:00
-13.342200,-51.425600,GOES-19,2026-08-27 04:30:00
-13.342200,-51.425600,GOES-19,2026-08-27 04:40:00
-13.342200,-51.425600,GOES-19,2026-08-27 04:50:00
-13.342200,-51.425600,GOES-19,2026-08-27 05:00:00
-13.342200,-51.425600,GOES-19,2026-08-27 05:10:00
-13.342200,-51.425600,GOES-19,2026-08-27 06:50:00
-13.342200,-51.425600,GOES-19,2026-08-27 07:00:00
-13.342200,-51.425600,GOES-19,2026-08-27 07:10:00
-13.361400,-51.423100,GOES-19,2026-08-27 02:20:00
-13.361400,-51.423100,GOES-19,2026-08-27 02:30:00
-13.361400,-51.423100,GOES-19,2026-08-27 03:00:00
-13.361400,-51.423100,GOES-19,2026-08-27 03:10:00
-13.361400,-51.423100,GOES-19,2026-08-27 03:20:00
-13.361400,-51.423100,GOES-19,2026-08-27 03:30:00
-13.361400,-51.423100,GOES-19,2026-08-27 03:40:00
-13.361400,-51.423100,GOES-19,2026-08-27 04:30:00
-13.361400,-51.423100,GOES-19,2026-08-27 04:40:00
-13.361400,-51.423100,GOES-19,2026-08-27 04:50:00
-13.361400,-51.423100,GOES-19,2026-08-27 05:00:00
-13.361400,-51.423100,GOES-19,2026-08-27 05:10:00
-13.361400,-51.423100,GOES-19,2026-08-27 05:20:00
-13.361400,-51.423100,GOES-19,2026-08-27 05:30:00
-13.380600,-51.420700,GOES-19,2026-08-27 04:30:00
-13.380600,-51.420700,GOES-19,2026-08-27 04:40:00
-13.380600,-51.420700,GOES-19,2026-08-27 05:00:00
-13.380600,-51.420700,GOES-19,2026-08-27 05:10:00
-13.380600,-51.420700,GOES-19,2026-08-27 05:30:00
-13.380600,-51.420700,GOES-19,2026-08-27 05:40:00
-13.399800,-51.418300,GOES-19,2026-08-27 06:00:00
-13.399800,-51.418300,GOES-19,2026-08-27 14:10:00
-13.399800,-51.418300,GOES-19,2026-08-27 14:20:00
-13.399800,-51.418300,GOES-19,2026-08-27 14:30:00
-13.399800,-51.418300,GOES-19,2026-08-27 14:40:00
-13.399800,-51.418300,GOES-19,2026-08-27 14:50:00
-13.304100,-51.409000,GOES-19,2026-08-27 05:30:00
-13.304100,-51.409000,GOES-19,2026-08-27 06:50:00
-13.304100,-51.409000,GOES-19,2026-08-27 07:00:00
-13.304100,-51.409000,GOES-19,2026-08-27 07:10:00
-13.323300,-51.406600,GOES-19,2026-08-27 03:00:00
-13.323300,-51.406600,GOES-19,2026-08-27 03:10:00
-13.323300,-51.406600,GOES-19,2026-08-27 04:30:00
-13.323300,-51.406600,GOES-19,2026-08-27 04:40:00
-13.323300,-51.406600,GOES-19,2026-08-27 04:50:00
-13.323300,-51.406600,GOES-19,2026-08-27 05:00:00
-13.323300,-51.406600,GOES-19,2026-08-27 05:10:00
-13.323300,-51.406600,GOES-19,2026-08-27 05:20:00
-13.323300,-51.406600,GOES-19,2026-08-27 05:30:00
-13.323300,-51.406600,GOES-19,2026-08-27 06:50:00
-13.323300,-51.406600,GOES-19,2026-08-27 07:00:00
-13.323300,-51.406600,GOES-19,2026-08-27 07:10:00
-13.342500,-51.404200,GOES-19,2026-08-27 03:00:00
-13.342500,-51.404200,GOES-19,2026-08-27 03:10:00
-13.342500,-51.404200,GOES-19,2026-08-27 03:30:00
-13.342500,-51.404200,GOES-19,2026-08-27 03:40:00
-13.342500,-51.404200,GOES-19,2026-08-27 04:30:00
-13.342500,-51.404200,GOES-19,2026-08-27 04:40:00
-13.342500,-51.404200,GOES-19,2026-08-27 04:50:00
-13.342500,-51.404200,GOES-19,2026-08-27 05:00:00
-13.342500,-51.404200,GOES-19,2026-08-27 05:10:00
-13.342500,-51.404200,GOES-19,2026-08-27 05:20:00
-13.342500,-51.404200,GOES-19,2026-08-27 05:30:00
-13.361800,-51.401800,GOES-19,2026-08-27 04:30:00
-13.361800,-51.401800,GOES-19,2026-08-27 04:40:00
-13.361800,-51.401800,GOES-19,2026-08-27 04:50:00
-13.361800,-51.401800,GOES-19,2026-08-27 05:00:00
-13.361800,-51.401800,GOES-19,2026-08-27 05:10:00
-13.361800,-51.401800,GOES-19,2026-08-27 05:20:00
-13.361800,-51.401800,GOES-19,2026-08-27 05:30:00
-13.304500,-51.387700,GOES-19,2026-08-27 07:00:00
-13.304500,-51.387700,GOES-19,2026-08-27 07:10:00
-13.304500,-51.387700,GOES-19,2026-08-27 13:40:00
-13.304500,-51.387700,GOES-19,2026-08-27 13:50:00
-13.304500,-51.387700,GOES-19,2026-08-27 14:00:00
-13.304500,-51.387700,GOES-19,2026-08-27 14:30:00
-13.304500,-51.387700,GOES-19,2026-08-27 15:00:00
-13.304500,-51.387700,GOES-19,2026-08-27 15:10:00
-13.304500,-51.387700,GOES-19,2026-08-27 15:20:00
-13.304500,-51.387700,GOES-19,2026-08-27 15:30:00
-13.304500,-51.387700,GOES-19,2026-08-27 15:40:00
-13.304500,-51.387700,GOES-19,2026-08-27 15:50:00
-13.304500,-51.387700,GOES-19,2026-08-27 16:00:00
-13.323700,-51.385300,GOES-19,2026-08-27 05:00:00
-13.323700,-51.385300,GOES-19,2026-08-27 06:50:00
-13.323700,-51.385300,GOES-19,2026-08-27 07:00:00
-13.323700,-51.385300,GOES-19,2026-08-27 07:10:00
-13.323700,-51.385300,GOES-19,2026-08-27 13:40:00
-13.323700,-51.385300,GOES-19,2026-08-27 14:00:00
-13.323700,-51.385300,GOES-19,2026-08-27 14:10:00
-13.323700,-51.385300,GOES-19,2026-08-27 14:20:00
-13.323700,-51.385300,GOES-19,2026-08-27 14:30:00
-13.323700,-51.385300,GOES-19,2026-08-27 14:40:00
-13.323700,-51.385300,GOES-19,2026-08-27 14:50:00
-13.323700,-51.385300,GOES-19,2026-08-27 15:00:00
-9.470500,-51.689300,GOES-19,2026-08-27 14:40:00
-9.470500,-51.689300,GOES-19,2026-08-27 18:10:00
-5.667600,-51.766800,GOES-19,2026-08-27 18:30:00
-5.667600,-51.766800,GOES-19,2026-08-27 19:00:00
-5.686200,-51.765800,GOES-19,2026-08-27 18:30:00
-11.173200,-51.230400,GOES-19,2026-08-27 14:30:00
-11.173200,-51.230400,GOES-19,2026-08-27 15:10:00
-11.173200,-51.230400,GOES-19,2026-08-27 15:20:00
-11.173200,-51.230400,GOES-19,2026-08-27 15:30:00
-11.173200,-51.230400,GOES-19,2026-08-27 18:00:00
-11.173200,-51.230400,GOES-19,2026-08-27 18:30:00
-11.173200,-51.230400,GOES-19,2026-08-27 18:50:00
-11.173500,-51.209200,GOES-19,2026-08-27 13:20:00
-11.173500,-51.209200,GOES-19,2026-08-27 14:00:00
-11.173500,-51.209200,GOES-19,2026-08-27 14:10:00
-11.173500,-51.209200,GOES-19,2026-08-27 14:20:00
-11.173500,-51.209200,GOES-19,2026-08-27 14:30:00
-11.173500,-51.209200,GOES-19,2026-08-27 14:40:00
-11.173500,-51.209200,GOES-19,2026-08-27 14:50:00
-11.173500,-51.209200,GOES-19,2026-08-27 15:00:00
-11.173500,-51.209200,GOES-19,2026-08-27 15:10:00
-11.173500,-51.209200,GOES-19,2026-08-27 15:20:00
-11.173500,-51.209200,GOES-19,2026-08-27 15:30:00
-11.173500,-51.209200,GOES-19,2026-08-27 15:40:00
-11.173500,-51.209200,GOES-19,2026-08-27 15:50:00
-11.173500,-51.209200,GOES-19,2026-08-27 18:10:00
-11.173500,-51.209200,GOES-19,2026-08-27 18:30:00
-11.173500,-51.209200,GOES-19,2026-08-27 18:40:00
-11.173500,-51.209200,GOES-19,2026-08-27 18:50:00
-10.967000,-51.082600,GOES-19,2026-08-27 19:10:00
-10.967000,-51.082600,GOES-19,2026-08-27 19:20:00
-10.948300,-51.063400,GOES-19,2026-08-27 19:10:00
-10.948300,-51.063400,GOES-19,2026-08-27 19:20:00
-10.967300,-51.061400,GOES-19,2026-08-27 16:50:00
-10.967300,-51.061400,GOES-19,2026-08-27 17:10:00
-10.967300,-51.061400,GOES-19,2026-08-27 17:20:00
-10.967300,-51.061400,GOES-19,2026-08-27 17:40:00
-10.967300,-51.061400,GOES-19,2026-08-27 18:10:00
-10.967300,-51.061400,GOES-19,2026-08-27 18:20:00
-10.967300,-51.061400,GOES-19,2026-08-27 18:30:00
-10.967300,-51.061400,GOES-19,2026-08-27 18:50:00
-10.967300,-51.061400,GOES-19,2026-08-27 19:10:00
-10.967300,-51.061400,GOES-19,2026-08-27 19:20:00
-10.967600,-51.040200,GOES-19,2026-08-27 12:30:00
-10.967600,-51.040200,GOES-19,2026-08-27 13:10:00
-10.967600,-51.040200,GOES-19,2026-08-27 13:20:00
-10.967600,-51.040200,GOES-19,2026-08-27 13:40:00
-10.967600,-51.040200,GOES-19,2026-08-27 13:50:00
-10.967600,-51.040200,GOES-19,2026-08-27 14:00:00
-10.967600,-51.040200,GOES-19,2026-08-27 14:50:00
-10.967600,-51.040200,GOES-19,2026-08-27 15:00:00
-10.967600,-51.040200,GOES-19,2026-08-27 15:20:00
-10.967600,-51.040200,GOES-19,2026-08-27 15:30:00
-10.967600,-51.040200,GOES-19,2026-08-27 15:40:00
-10.967600,-51.040200,GOES-19,2026-08-27 15:50:00
-10.967600,-51.040200,GOES-19,2026-08-27 16:30:00
-10.967600,-51.040200,GOES-19,2026-08-27 16:40:00
-10.967600,-51.040200,GOES-19,2026-08-27 16:50:00
-10.967600,-51.040200,GOES-19,2026-08-27 17:10:00
-10.967600,-51.040200,GOES-19,2026-08-27 17:20:00
-10.967600,-51.040200,GOES-19,2026-08-27 17:30:00
-10.967600,-51.040200,GOES-19,2026-08-27 18:50:00
-12.226700,-50.643600,GOES-19,2026-08-27 15:20:00
-12.226700,-50.643600,GOES-19,2026-08-27 15:30:00
-12.226700,-50.643600,GOES-19,2026-08-27 15:40:00
-12.226700,-50.643600,GOES-19,2026-08-27 15:50:00
-12.226700,-50.643600,GOES-19,2026-08-27 16:00:00
-12.246200,-50.619900,GOES-19,2026-08-27 14:30:00
-12.246200,-50.619900,GOES-19,2026-08-27 14:40:00
-12.246200,-50.619900,GOES-19,2026-08-27 14:50:00
-12.246200,-50.619900,GOES-19,2026-08-27 15:00:00
-12.265300,-50.617600,GOES-19,2026-08-27 15:00:00
-12.208000,-50.624400,GOES-19,2026-08-27 15:00:00
-12.208000,-50.624400,GOES-19,2026-08-27 15:20:00
-12.208000,-50.624400,GOES-19,2026-08-27 15:30:00
-12.208000,-50.624400,GOES-19,2026-08-27 15:40:00
-12.208000,-50.624400,GOES-19,2026-08-27 16:10:00
-12.227100,-50.622200,GOES-19,2026-08-27 14:20:00
-12.227100,-50.622200,GOES-19,2026-08-27 14:30:00
-12.227100,-50.622200,GOES-19,2026-08-27 14:40:00
-12.227100,-50.622200,GOES-19,2026-08-27 14:50:00
-12.227100,-50.622200,GOES-19,2026-08-27 15:00:00
-12.227100,-50.622200,GOES-19,2026-08-27 15:10:00
-12.227100,-50.622200,GOES-19,2026-08-27 15:20:00
-12.227100,-50.622200,GOES-19,2026-08-27 15:30:00
-12.227100,-50.622200,GOES-19,2026-08-27 15:40:00
-12.227100,-50.622200,GOES-19,2026-08-27 15:50:00
-12.227100,-50.622200,GOES-19,2026-08-27 16:10:00
-12.227100,-50.622200,GOES-19,2026-08-27 16:50:00
-12.227100,-50.622200,GOES-19,2026-08-27 17:00:00
-12.227100,-50.622200,GOES-19,2026-08-27 17:20:00
-12.227100,-50.622200,GOES-19,2026-08-27 17:30:00
-11.408200,-50.695000,GOES-19,2026-08-27 14:20:00
-11.408200,-50.695000,GOES-19,2026-08-27 15:20:00
-11.408200,-50.695000,GOES-19,2026-08-27 15:30:00
-11.408200,-50.695000,GOES-19,2026-08-27 16:10:00
-11.408200,-50.695000,GOES-19,2026-08-27 16:40:00
-11.408200,-50.695000,GOES-19,2026-08-27 16:50:00
-11.408200,-50.695000,GOES-19,2026-08-27 17:00:00
-11.408200,-50.695000,GOES-19,2026-08-27 17:10:00
-11.408200,-50.695000,GOES-19,2026-08-27 17:20:00
-11.408200,-50.695000,GOES-19,2026-08-27 18:00:00
-12.208300,-50.603000,GOES-19,2026-08-27 14:20:00
-12.227400,-50.600700,GOES-19,2026-08-27 14:20:00
-12.227400,-50.600700,GOES-19,2026-08-27 14:30:00
-12.227400,-50.600700,GOES-19,2026-08-27 15:00:00
-12.227400,-50.600700,GOES-19,2026-08-27 15:20:00
-12.227400,-50.600700,GOES-19,2026-08-27 15:30:00
-12.227400,-50.600700,GOES-19,2026-08-27 15:40:00
-12.227400,-50.600700,GOES-19,2026-08-27 16:10:00
-12.227400,-50.600700,GOES-19,2026-08-27 16:20:00
-12.227400,-50.600700,GOES-19,2026-08-27 16:50:00
-12.246500,-50.598400,GOES-19,2026-08-27 14:20:00
-12.246500,-50.598400,GOES-19,2026-08-27 14:30:00
-12.246500,-50.598400,GOES-19,2026-08-27 15:00:00
-12.246500,-50.598400,GOES-19,2026-08-27 15:20:00
-12.246500,-50.598400,GOES-19,2026-08-27 15:30:00
-12.246500,-50.598400,GOES-19,2026-08-27 15:40:00
-12.246500,-50.598400,GOES-19,2026-08-27 16:10:00
-12.246500,-50.598400,GOES-19,2026-08-27 16:20:00
-12.246500,-50.598400,GOES-19,2026-08-27 16:50:00
-12.265600,-50.596100,GOES-19,2026-08-27 14:50:00
-12.265600,-50.596100,GOES-19,2026-08-27 15:00:00
-12.265600,-50.596100,GOES-19,2026-08-27 15:10:00
-12.265600,-50.596100,GOES-19,2026-08-27 16:10:00
-12.265600,-50.596100,GOES-19,2026-08-27 16:30:00
-12.265600,-50.596100,GOES-19,2026-08-27 18:00:00
-12.265600,-50.596100,GOES-19,2026-08-27 18:20:00
-12.189500,-50.583800,GOES-19,2026-08-27 15:00:00
-12.189500,-50.583800,GOES-19,2026-08-27 16:20:00
-12.189500,-50.583800,GOES-19,2026-08-27 16:50:00
-12.208600,-50.581500,GOES-19,2026-08-27 14:20:00
-12.208600,-50.581500,GOES-19,2026-08-27 14:30:00
-12.208600,-50.581500,GOES-19,2026-08-27 15:00:00
-12.208600,-50.581500,GOES-19,2026-08-27 15:30:00
-12.208600,-50.581500,GOES-19,2026-08-27 15:40:00
-12.208600,-50.581500,GOES-19,2026-08-27 16:10:00
-12.208600,-50.581500,GOES-19,2026-08-27 16:20:00
-12.208600,-50.581500,GOES-19,2026-08-27 16:50:00
-12.227700,-50.579200,GOES-19,2026-08-27 14:20:00
-12.227700,-50.579200,GOES-19,2026-08-27 14:30:00
-12.227700,-50.579200,GOES-19,2026-08-27 15:20:00
-12.227700,-50.579200,GOES-19,2026-08-27 15:30:00
-12.227700,-50.579200,GOES-19,2026-08-27 15:40:00
-12.227700,-50.579200,GOES-19,2026-08-27 16:10:00
-12.227700,-50.579200,GOES-19,2026-08-27 16:20:00
-12.227700,-50.579200,GOES-19,2026-08-27 16:50:00
-12.246800,-50.577000,GOES-19,2026-08-27 14:10:00
-12.246800,-50.577000,GOES-19,2026-08-27 14:20:00
-12.246800,-50.577000,GOES-19,2026-08-27 14:30:00
-12.246800,-50.577000,GOES-19,2026-08-27 14:40:00
-12.246800,-50.577000,GOES-19,2026-08-27 15:10:00
-12.246800,-50.577000,GOES-19,2026-08-27 15:20:00
-12.246800,-50.577000,GOES-19,2026-08-27 16:00:00
-12.246800,-50.577000,GOES-19,2026-08-27 16:10:00
-12.246800,-50.577000,GOES-19,2026-08-27 16:20:00
-12.246800,-50.577000,GOES-19,2026-08-27 16:30:00
-12.246800,-50.577000,GOES-19,2026-08-27 16:40:00
-12.246800,-50.577000,GOES-19,2026-08-27 16:50:00
-10.632400,-50.650400,GOES-19,2026-08-27 18:00:00
-10.632400,-50.650400,GOES-19,2026-08-27 18:10:00
-10.651300,-50.648400,GOES-19,2026-08-27 17:50:00
-10.651300,-50.648400,GOES-19,2026-08-27 18:00:00
-10.651300,-50.648400,GOES-19,2026-08-27 18:10:00
-10.764900,-50.636600,GOES-19,2026-08-27 18:50:00
-10.764900,-50.636600,GOES-19,2026-08-27 19:00:00
-10.764900,-50.636600,GOES-19,2026-08-27 19:10:00
-10.764900,-50.636600,GOES-19,2026-08-27 19:20:00
-10.764900,-50.636600,GOES-19,2026-08-27 19:30:00
-10.764900,-50.636600,GOES-19,2026-08-27 19:40:00
-10.764900,-50.636600,GOES-19,2026-08-27 19:50:00
-10.917700,-50.535200,GOES-19,2026-08-27 16:10:00
-10.917700,-50.535200,GOES-19,2026-08-27 17:20:00
-10.917700,-50.535200,GOES-19,2026-08-27 17:50:00
-10.917700,-50.535200,GOES-19,2026-08-27 18:00:00
-10.917700,-50.535200,GOES-19,2026-08-27 19:40:00
-11.601500,-50.459700,GOES-19,2026-08-27 15:20:00
-11.601500,-50.459700,GOES-19,2026-08-27 15:40:00
-11.601500,-50.459700,GOES-19,2026-08-27 15:50:00
-11.601500,-50.459700,GOES-19,2026-08-27 16:00:00
-11.601500,-50.459700,GOES-19,2026-08-27 16:20:00
-11.601500,-50.459700,GOES-19,2026-08-27 16:30:00
-11.601500,-50.459700,GOES-19,2026-08-27 16:50:00
-11.601500,-50.459700,GOES-19,2026-08-27 17:10:00
-11.601500,-50.459700,GOES-19,2026-08-27 17:20:00
-11.601500,-50.459700,GOES-19,2026-08-27 17:40:00
-11.601500,-50.459700,GOES-19,2026-08-27 18:00:00
-11.601500,-50.459700,GOES-19,2026-08-27 18:10:00
-11.601500,-50.459700,GOES-19,2026-08-27 18:30:00
-11.620500,-50.457500,GOES-19,2026-08-27 15:40:00
-11.620500,-50.457500,GOES-19,2026-08-27 15:50:00
-11.620500,-50.457500,GOES-19,2026-08-27 16:00:00
-11.620500,-50.457500,GOES-19,2026-08-27 16:10:00
-11.620500,-50.457500,GOES-19,2026-08-27 16:20:00
-11.620500,-50.457500,GOES-19,2026-08-27 16:30:00
-11.620500,-50.457500,GOES-19,2026-08-27 16:40:00
-11.620500,-50.457500,GOES-19,2026-08-27 16:50:00
-11.620500,-50.457500,GOES-19,2026-08-27 17:00:00
-11.620500,-50.457500,GOES-19,2026-08-27 17:10:00
-11.620500,-50.457500,GOES-19,2026-08-27 17:30:00
-11.620500,-50.457500,GOES-19,2026-08-27 17:40:00
-11.620500,-50.457500,GOES-19,2026-08-27 17:50:00
-11.620500,-50.457500,GOES-19,2026-08-27 18:00:00
-11.620500,-50.457500,GOES-19,2026-08-27 18:20:00
-11.620500,-50.457500,GOES-19,2026-08-27 18:30:00
-11.620500,-50.457500,GOES-19,2026-08-27 18:50:00
-11.639600,-50.455300,GOES-19,2026-08-27 17:00:00
-11.639600,-50.455300,GOES-19,2026-08-27 19:20:00
-11.639600,-50.455300,GOES-19,2026-08-27 19:40:00
-11.639600,-50.455300,GOES-19,2026-08-27 19:50:00
-10.898700,-50.537200,GOES-19,2026-08-27 14:00:00
-10.898700,-50.537200,GOES-19,2026-08-27 14:20:00
-10.898700,-50.537200,GOES-19,2026-08-27 15:40:00
-10.898700,-50.537200,GOES-19,2026-08-27 16:00:00
-10.898700,-50.537200,GOES-19,2026-08-27 16:10:00
-10.898700,-50.537200,GOES-19,2026-08-27 16:30:00
-10.898700,-50.537200,GOES-19,2026-08-27 16:40:00
-10.898700,-50.537200,GOES-19,2026-08-27 17:00:00
-10.898700,-50.537200,GOES-19,2026-08-27 17:10:00
-10.898700,-50.537200,GOES-19,2026-08-27 17:20:00
-10.898700,-50.537200,GOES-19,2026-08-27 18:10:00
-11.601800,-50.438200,GOES-19,2026-08-27 17:10:00
-11.620800,-50.436100,GOES-19,2026-08-27 15:40:00
-11.620800,-50.436100,GOES-19,2026-08-27 15:50:00
-11.620800,-50.436100,GOES-19,2026-08-27 16:20:00
-11.620800,-50.436100,GOES-19,2026-08-27 16:30:00
-11.620800,-50.436100,GOES-19,2026-08-27 16:40:00
-11.620800,-50.436100,GOES-19,2026-08-27 17:10:00
-11.620800,-50.436100,GOES-19,2026-08-27 17:20:00
-11.620800,-50.436100,GOES-19,2026-08-27 17:30:00
-11.620800,-50.436100,GOES-19,2026-08-27 18:20:00
-11.620800,-50.436100,GOES-19,2026-08-27 18:30:00
-11.620800,-50.436100,GOES-19,2026-08-27 18:40:00
-11.620800,-50.436100,GOES-19,2026-08-27 18:50:00
-10.823200,-50.523900,GOES-19,2026-08-27 17:40:00
-10.880100,-50.517900,GOES-19,2026-08-27 12:30:00
-10.880100,-50.517900,GOES-19,2026-08-27 13:30:00
-10.880100,-50.517900,GOES-19,2026-08-27 13:40:00
-10.880100,-50.517900,GOES-19,2026-08-27 14:00:00
-10.880100,-50.517900,GOES-19,2026-08-27 14:20:00
-10.880100,-50.517900,GOES-19,2026-08-27 15:50:00
-10.899000,-50.515900,GOES-19,2026-08-27 17:20:00
-15.105900,-49.927500,GOES-19,2026-08-27 13:20:00
-10.559000,-50.487600,GOES-19,2026-08-27 15:40:00
-10.559000,-50.487600,GOES-19,2026-08-27 16:20:00
-10.559000,-50.487600,GOES-19,2026-08-27 16:30:00
-10.559000,-50.487600,GOES-19,2026-08-27 17:40:00
-10.559000,-50.487600,GOES-19,2026-08-27 17:50:00
-10.559000,-50.487600,GOES-19,2026-08-27 18:00:00
-10.559000,-50.487600,GOES-19,2026-08-27 18:20:00
-10.559000,-50.487600,GOES-19,2026-08-27 18:50:00
-10.559000,-50.487600,GOES-19,2026-08-27 19:00:00
-10.559000,-50.487600,GOES-19,2026-08-27 19:10:00
-10.577900,-50.485700,GOES-19,2026-08-27 15:40:00
-10.577900,-50.485700,GOES-19,2026-08-27 16:20:00
-10.577900,-50.485700,GOES-19,2026-08-27 16:30:00
-10.577900,-50.485700,GOES-19,2026-08-27 18:20:00
-10.540400,-50.468300,GOES-19,2026-08-27 17:40:00
-10.540400,-50.468300,GOES-19,2026-08-27 18:40:00
-10.352600,-50.380900,GOES-19,2026-08-27 15:20:00
-10.352600,-50.380900,GOES-19,2026-08-27 15:30:00
-10.352600,-50.380900,GOES-19,2026-08-27 15:50:00
-10.352600,-50.380900,GOES-19,2026-08-27 16:30:00
-10.352600,-50.380900,GOES-19,2026-08-27 16:40:00
-10.352600,-50.380900,GOES-19,2026-08-27 16:50:00
-10.352600,-50.380900,GOES-19,2026-08-27 17:00:00
-10.352600,-50.380900,GOES-19,2026-08-27 17:30:00
-10.352600,-50.380900,GOES-19,2026-08-27 17:50:00
-10.352600,-50.380900,GOES-19,2026-08-27 18:20:00
-10.352600,-50.380900,GOES-19,2026-08-27 18:30:00
-10.352600,-50.380900,GOES-19,2026-08-27 18:40:00
-10.352600,-50.380900,GOES-19,2026-08-27 18:50:00
-10.334000,-50.361500,GOES-19,2026-08-27 16:40:00
-10.352900,-50.359600,GOES-19,2026-08-27 14:10:00
-10.352900,-50.359600,GOES-19,2026-08-27 15:30:00
-10.352900,-50.359600,GOES-19,2026-08-27 16:40:00
-10.940800,-50.233600,GOES-19,2026-08-27 14:40:00
-10.940800,-50.233600,GOES-19,2026-08-27 15:30:00
-11.835600,-50.067600,GOES-19,2026-08-27 14:10:00
-11.835600,-50.067600,GOES-19,2026-08-27 15:40:00
-11.854600,-50.065300,GOES-19,2026-08-27 14:10:00
-10.339100,-49.976200,GOES-19,2026-08-27 15:30:00
-10.339100,-49.976200,GOES-19,2026-08-27 15:40:00
-10.339100,-49.976200,GOES-19,2026-08-27 15:50:00
-10.339100,-49.976200,GOES-19,2026-08-27 18:10:00
-8.813000,-50.101000,GOES-19,2026-08-27 13:40:00
-8.794500,-50.081300,GOES-19,2026-08-27 19:20:00
-8.813300,-50.079700,GOES-19,2026-08-27 13:00:00
-8.813300,-50.079700,GOES-19,2026-08-27 13:10:00
-8.813300,-50.079700,GOES-19,2026-08-27 13:20:00
-8.813300,-50.079700,GOES-19,2026-08-27 13:30:00
-8.813300,-50.079700,GOES-19,2026-08-27 13:40:00
-8.813300,-50.079700,GOES-19,2026-08-27 13:50:00
-8.813300,-50.079700,GOES-19,2026-08-27 14:00:00
-8.813300,-50.079700,GOES-19,2026-08-27 19:20:00
-8.776000,-50.061600,GOES-19,2026-08-27 12:30:00
-8.776000,-50.061600,GOES-19,2026-08-27 12:40:00
-8.776000,-50.061600,GOES-19,2026-08-27 12:50:00
-8.776000,-50.061600,GOES-19,2026-08-27 13:00:00
-8.776000,-50.061600,GOES-19,2026-08-27 13:10:00
-8.776000,-50.061600,GOES-19,2026-08-27 13:20:00
-8.776000,-50.061600,GOES-19,2026-08-27 13:30:00
-8.776000,-50.061600,GOES-19,2026-08-27 13:40:00
-8.776000,-50.061600,GOES-19,2026-08-27 13:50:00
-8.776000,-50.061600,GOES-19,2026-08-27 14:00:00
-8.776000,-50.061600,GOES-19,2026-08-27 14:10:00
-8.776000,-50.061600,GOES-19,2026-08-27 14:20:00
-8.776000,-50.061600,GOES-19,2026-08-27 14:40:00
-8.776000,-50.061600,GOES-19,2026-08-27 15:00:00
-8.776000,-50.061600,GOES-19,2026-08-27 19:20:00
-8.794700,-50.060000,GOES-19,2026-08-27 12:40:00
-8.794700,-50.060000,GOES-19,2026-08-27 12:50:00
-8.794700,-50.060000,GOES-19,2026-08-27 13:00:00
-8.794700,-50.060000,GOES-19,2026-08-27 13:10:00
-8.794700,-50.060000,GOES-19,2026-08-27 13:20:00
-8.794700,-50.060000,GOES-19,2026-08-27 13:30:00
-8.794700,-50.060000,GOES-19,2026-08-27 13:40:00
-8.794700,-50.060000,GOES-19,2026-08-27 13:50:00
-8.794700,-50.060000,GOES-19,2026-08-27 14:00:00
-8.794700,-50.060000,GOES-19,2026-08-27 19:20:00
-8.813500,-50.058300,GOES-19,2026-08-27 12:50:00
-8.813500,-50.058300,GOES-19,2026-08-27 13:00:00
-8.813500,-50.058300,GOES-19,2026-08-27 13:10:00
-8.813500,-50.058300,GOES-19,2026-08-27 13:20:00
-8.813500,-50.058300,GOES-19,2026-08-27 13:30:00
-8.813500,-50.058300,GOES-19,2026-08-27 13:40:00
-8.813500,-50.058300,GOES-19,2026-08-27 14:00:00
-8.813500,-50.058300,GOES-19,2026-08-27 19:20:00
-8.776200,-50.040300,GOES-19,2026-08-27 12:40:00
-8.776200,-50.040300,GOES-19,2026-08-27 12:50:00
-8.776200,-50.040300,GOES-19,2026-08-27 13:00:00
-8.776200,-50.040300,GOES-19,2026-08-27 13:10:00
-8.776200,-50.040300,GOES-19,2026-08-27 13:20:00
-8.776200,-50.040300,GOES-19,2026-08-27 13:30:00
-8.776200,-50.040300,GOES-19,2026-08-27 13:40:00
-8.776200,-50.040300,GOES-19,2026-08-27 13:50:00
-8.776200,-50.040300,GOES-19,2026-08-27 19:20:00
-8.795000,-50.038700,GOES-19,2026-08-27 12:40:00
-8.795000,-50.038700,GOES-19,2026-08-27 12:50:00
-8.795000,-50.038700,GOES-19,2026-08-27 13:00:00
-8.795000,-50.038700,GOES-19,2026-08-27 13:10:00
-8.795000,-50.038700,GOES-19,2026-08-27 13:20:00
-8.795000,-50.038700,GOES-19,2026-08-27 13:30:00
-8.795000,-50.038700,GOES-19,2026-08-27 13:40:00
-8.795000,-50.038700,GOES-19,2026-08-27 13:50:00
-8.795000,-50.038700,GOES-19,2026-08-27 14:00:00
-8.795000,-50.038700,GOES-19,2026-08-27 19:20:00
-8.813800,-50.037000,GOES-19,2026-08-27 12:40:00
-8.813800,-50.037000,GOES-19,2026-08-27 12:50:00
-8.813800,-50.037000,GOES-19,2026-08-27 13:00:00
-8.813800,-50.037000,GOES-19,2026-08-27 13:10:00
-8.813800,-50.037000,GOES-19,2026-08-27 13:20:00
-8.813800,-50.037000,GOES-19,2026-08-27 13:30:00
-8.813800,-50.037000,GOES-19,2026-08-27 13:40:00
-8.813800,-50.037000,GOES-19,2026-08-27 13:50:00
-8.813800,-50.037000,GOES-19,2026-08-27 19:20:00
-8.776400,-50.019000,GOES-19,2026-08-27 12:50:00
-8.776400,-50.019000,GOES-19,2026-08-27 13:40:00
-8.795200,-50.017300,GOES-19,2026-08-27 12:40:00
-8.795200,-50.017300,GOES-19,2026-08-27 13:00:00
-8.795200,-50.017300,GOES-19,2026-08-27 13:10:00
-8.795200,-50.017300,GOES-19,2026-08-27 13:20:00
-8.795200,-50.017300,GOES-19,2026-08-27 13:30:00
-8.795200,-50.017300,GOES-19,2026-08-27 13:40:00
-8.795200,-50.017300,GOES-19,2026-08-27 13:50:00
-8.795200,-50.017300,GOES-19,2026-08-27 14:00:00
-8.814000,-50.015700,GOES-19,2026-08-27 12:40:00
-8.814000,-50.015700,GOES-19,2026-08-27 14:00:00
-8.776700,-49.997700,GOES-19,2026-08-27 13:20:00
-8.776700,-49.997700,GOES-19,2026-08-27 13:30:00
-8.776700,-49.997700,GOES-19,2026-08-27 13:40:00
-8.795500,-49.996000,GOES-19,2026-08-27 13:00:00
-8.795500,-49.996000,GOES-19,2026-08-27 13:10:00
-8.795500,-49.996000,GOES-19,2026-08-27 13:20:00
-8.795500,-49.996000,GOES-19,2026-08-27 13:30:00
-8.795500,-49.996000,GOES-19,2026-08-27 13:40:00
-8.795500,-49.996000,GOES-19,2026-08-27 13:50:00
-9.152500,-49.963900,GOES-19,2026-08-27 18:40:00
-9.152500,-49.963900,GOES-19,2026-08-27 18:50:00
-9.152500,-49.963900,GOES-19,2026-08-27 19:00:00
-9.152500,-49.963900,GOES-19,2026-08-27 19:10:00
-9.152500,-49.963900,GOES-19,2026-08-27 19:20:00
-9.152500,-49.963900,GOES-19,2026-08-27 19:30:00
-9.152500,-49.963900,GOES-19,2026-08-27 19:40:00
-9.152500,-49.963900,GOES-19,2026-08-27 19:50:00
-8.795700,-49.974700,GOES-19,2026-08-27 13:40:00
-11.024700,-49.665600,GOES-19,2026-08-27 15:50:00
-11.024700,-49.665600,GOES-19,2026-08-27 18:30:00
-11.024700,-49.665600,GOES-19,2026-08-27 18:50:00
-11.024700,-49.665600,GOES-19,2026-08-27 19:00:00
-11.024700,-49.665600,GOES-19,2026-08-27 19:10:00
-11.024700,-49.665600,GOES-19,2026-08-27 19:20:00
-11.024700,-49.665600,GOES-19,2026-08-27 19:30:00
-11.024700,-49.665600,GOES-19,2026-08-27 19:40:00
-11.024700,-49.665600,GOES-19,2026-08-27 19:50:00
-11.025000,-49.644000,GOES-19,2026-08-27 15:50:00
-11.025000,-49.644000,GOES-19,2026-08-27 18:20:00
-11.025000,-49.644000,GOES-19,2026-08-27 18:40:00
-11.025000,-49.644000,GOES-19,2026-08-27 18:50:00
-11.025000,-49.644000,GOES-19,2026-08-27 19:00:00
-11.025000,-49.644000,GOES-19,2026-08-27 19:10:00
-11.025000,-49.644000,GOES-19,2026-08-27 19:20:00
-11.025000,-49.644000,GOES-19,2026-08-27 19:30:00
-11.025000,-49.644000,GOES-19,2026-08-27 19:40:00
-11.025000,-49.644000,GOES-19,2026-08-27 19:50:00
-9.744100,-49.306100,GOES-19,2026-08-27 18:50:00
-9.744100,-49.306100,GOES-19,2026-08-27 19:00:00
-2.554700,-49.588500,GOES-19,2026-08-27 15:50:00
-1.466300,-49.377700,GOES-19,2026-08-27 16:50:00
-15.103000,-48.133400,GOES-19,2026-08-27 15:30:00
-15.044900,-48.120700,GOES-19,2026-08-27 14:30:00
-15.064400,-48.117400,GOES-19,2026-08-27 14:30:00
-1.263700,-49.210700,GOES-19,2026-08-27 15:10:00
-1.263700,-49.210700,GOES-19,2026-08-27 17:00:00
-10.246800,-48.427900,GOES-19,2026-08-27 15:20:00
-10.246800,-48.427900,GOES-19,2026-08-27 15:30:00
-17.314500,-60.017700,GOES-19,2026-08-28 03:20:00
-17.314800,-59.997600,GOES-19,2026-08-28 03:20:00
-17.419700,-59.503900,GOES-19,2026-08-28 03:20:00
-11.343800,-75.986300,GOES-19,2026-08-28 03:20:00
-11.362500,-75.986300,GOES-19,2026-08-28 03:20:00
-20.616400,-61.166900,GOES-19,2026-08-28 03:20:00
-20.616700,-61.146500,GOES-19,2026-08-28 03:20:00
-20.636300,-61.185100,GOES-19,2026-08-28 03:20:00
-20.636600,-61.164700,GOES-19,2026-08-28 03:20:00
-20.636900,-61.144200,GOES-19,2026-08-28 03:20:00
-20.656800,-61.162400,GOES-19,2026-08-28 03:20:00
-4.839700,-45.392600,GOES-19,2026-08-28 03:20:00
-4.858300,-45.391500,GOES-19,2026-08-28 03:20:00
-6.165600,-57.798800,GOES-19,2026-08-28 03:20:00
-7.247100,-45.868500,GOES-19,2026-08-28 03:20:00
-7.247400,-45.846000,GOES-19,2026-08-28 03:20:00
-7.265900,-45.866800,GOES-19,2026-08-28 03:20:00
-7.266100,-45.844300,GOES-19,2026-08-28 03:20:00
-7.882800,-46.102800,GOES-19,2026-08-28 03:20:00
-7.883100,-46.080400,GOES-19,2026-08-28 03:20:00
-10.498100,-64.500500,GOES-19,2026-08-28 03:20:00
-10.759600,-54.038400,GOES-19,2026-08-28 03:20:00
-11.287900,-54.031700,GOES-19,2026-08-28 03:20:00
-11.823900,-47.217800,GOES-19,2026-08-28 03:20:00
-12.246800,-50.577000,GOES-19,2026-08-28 03:20:00
-12.265600,-50.596100,GOES-19,2026-08-28 03:20:00
-12.265900,-50.574700,GOES-19,2026-08-28 03:20:00
-12.284700,-50.593800,GOES-19,2026-08-28 03:20:00
-14.882100,-52.608000,GOES-19,2026-08-28 03:20:00
-14.882500,-52.586800,GOES-19,2026-08-28 03:20:00
-16.144400,-58.607300,GOES-19,2026-08-28 03:20:00
-16.144700,-58.587100,GOES-19,2026-08-28 03:20:00
-16.163800,-58.605300,GOES-19,2026-08-28 03:20:00
-16.164100,-58.585100,GOES-19,2026-08-28 03:20:00
-16.164400,-58.565000,GOES-19,2026-08-28 03:20:00