lat,lon,satelite,data
-9.870000,-48.337600,GOES-19,2026-09-17 14:00:00
-5.132500,-48.696500,GOES-19,2026-09-17 18:00:00
-5.132500,-48.696500,GOES-19,2026-09-17 18:10:00
-2.280300,-48.744000,GOES-19,2026-09-17 18:10:00
-2.280300,-48.744000,GOES-19,2026-09-17 18:50:00
-5.431100,-48.507500,GOES-19,2026-09-17 15:20:00
-15.490400,-47.344900,GOES-19,2026-09-17 14:10:00
-15.490400,-47.344900,GOES-19,2026-09-17 14:20:00
-15.490400,-47.344900,GOES-19,2026-09-17 14:40:00
-15.490400,-47.344900,GOES-19,2026-09-17 14:50:00
-15.490400,-47.344900,GOES-19,2026-09-17 15:00:00
-10.518900,-47.936200,GOES-19,2026-09-17 14:30:00
-10.518900,-47.936200,GOES-19,2026-09-17 14:40:00
-10.518900,-47.936200,GOES-19,2026-09-17 14:50:00
-11.473200,-47.664900,GOES-19,2026-09-17 18:20:00
-11.473200,-47.664900,GOES-19,2026-09-17 18:40:00
-11.473200,-47.664900,GOES-19,2026-09-17 18:50:00
-11.492300,-47.662500,GOES-19,2026-09-17 14:50:00
-11.492300,-47.662500,GOES-19,2026-09-17 15:30:00
-11.492300,-47.662500,GOES-19,2026-09-17 18:30:00
-11.492300,-47.662500,GOES-19,2026-09-17 18:40:00
-11.492300,-47.662500,GOES-19,2026-09-17 18:50:00
-7.842700,-48.008900,GOES-19,2026-09-17 13:40:00
-7.842700,-48.008900,GOES-19,2026-09-17 13:50:00
-7.842700,-48.008900,GOES-19,2026-09-17 18:10:00
-7.842700,-48.008900,GOES-19,2026-09-17 18:40:00
-7.861400,-48.007300,GOES-19,2026-09-17 18:30:00
-5.582900,-48.109400,GOES-19,2026-09-17 14:40:00
-5.582900,-48.109400,GOES-19,2026-09-17 14:50:00
-5.582900,-48.109400,GOES-19,2026-09-17 15:10:00
-5.582900,-48.109400,GOES-19,2026-09-17 18:20:00
-5.582900,-48.109400,GOES-19,2026-09-17 18:40:00
-5.582900,-48.109400,GOES-19,2026-09-17 18:50:00
-5.582900,-48.109400,GOES-19,2026-09-17 19:00:00
-5.583100,-48.087700,GOES-19,2026-09-17 18:50:00
-5.583100,-48.087700,GOES-19,2026-09-17 19:00:00
-7.207500,-47.886800,GOES-19,2026-09-17 18:30:00
-7.207500,-47.886800,GOES-19,2026-09-17 18:40:00
-7.207700,-47.865000,GOES-19,2026-09-17 18:00:00
-7.207700,-47.865000,GOES-19,2026-09-17 18:10:00
-7.207700,-47.865000,GOES-19,2026-09-17 18:20:00
-7.207700,-47.865000,GOES-19,2026-09-17 18:30:00
-5.249400,-47.933800,GOES-19,2026-09-17 18:10:00
-5.249400,-47.933800,GOES-19,2026-09-17 18:20:00
-5.249400,-47.933800,GOES-19,2026-09-17 18:50:00
-11.346300,-47.258500,GOES-19,2026-09-17 11:10:00
-15.569200,-46.439000,GOES-19,2026-09-17 18:10:00
-6.407600,-47.531900,GOES-19,2026-09-17 18:20:00
-6.689300,-47.357700,GOES-19,2026-09-17 14:40:00
-8.377200,-47.213900,GOES-19,2026-09-17 14:20:00
-5.532400,-47.415300,GOES-19,2026-09-17 18:50:00
-10.306400,-46.918700,GOES-19,2026-09-17 12:40:00
-10.306700,-46.896400,GOES-19,2026-09-17 12:00:00
-10.306700,-46.896400,GOES-19,2026-09-17 12:40:00
-9.870600,-46.924800,GOES-19,2026-09-17 14:00:00
-9.870600,-46.924800,GOES-19,2026-09-17 14:10:00
-9.870900,-46.902400,GOES-19,2026-09-17 14:00:00
-9.870900,-46.902400,GOES-19,2026-09-17 14:40:00
-9.870900,-46.902400,GOES-19,2026-09-17 18:40:00
-10.615600,-46.545000,GOES-19,2026-09-17 12:00:00
-9.950900,-46.602600,GOES-19,2026-09-17 18:20:00
-9.950900,-46.602600,GOES-19,2026-09-17 18:40:00
-9.950900,-46.602600,GOES-19,2026-09-17 19:00:00
-9.932300,-46.582400,GOES-19,2026-09-17 18:00:00
-9.932300,-46.582400,GOES-19,2026-09-17 18:20:00
-9.951300,-46.580200,GOES-19,2026-09-17 17:50:00
-9.951300,-46.580200,GOES-19,2026-09-17 18:20:00
-9.951300,-46.580200,GOES-19,2026-09-17 19:00:00
-9.932600,-46.559900,GOES-19,2026-09-17 17:50:00
-9.932600,-46.559900,GOES-19,2026-09-17 18:00:00
-9.932600,-46.559900,GOES-19,2026-09-17 18:10:00
-9.932600,-46.559900,GOES-19,2026-09-17 18:20:00
-9.932600,-46.559900,GOES-19,2026-09-17 18:40:00
-9.914000,-46.539700,GOES-19,2026-09-17 18:00:00
-9.914000,-46.539700,GOES-19,2026-09-17 18:20:00
-9.914000,-46.539700,GOES-19,2026-09-17 18:40:00
-9.932900,-46.537500,GOES-19,2026-09-17 18:00:00
-9.932900,-46.537500,GOES-19,2026-09-17 18:40:00
-7.594400,-46.709500,GOES-19,2026-09-17 18:30:00
-7.594400,-46.709500,GOES-19,2026-09-17 18:50:00
-7.613100,-46.707800,GOES-19,2026-09-17 15:20:00
-7.613100,-46.707800,GOES-19,2026-09-17 18:30:00
-7.594600,-46.687300,GOES-19,2026-09-17 18:30:00
-7.594600,-46.687300,GOES-19,2026-09-17 18:40:00
-10.923300,-46.325700,GOES-19,2026-09-17 12:50:00
-9.631200,-46.460000,GOES-19,2026-09-17 17:50:00
-9.631200,-46.460000,GOES-19,2026-09-17 18:10:00
-9.631200,-46.460000,GOES-19,2026-09-17 18:30:00
-9.631200,-46.460000,GOES-19,2026-09-17 18:40:00
-9.631200,-46.460000,GOES-19,2026-09-17 18:50:00
-10.923700,-46.303100,GOES-19,2026-09-17 12:20:00
-10.923700,-46.303100,GOES-19,2026-09-17 12:30:00
-9.631500,-46.437500,GOES-19,2026-09-17 18:10:00
-9.631500,-46.437500,GOES-19,2026-09-17 18:30:00
-10.486200,-46.313500,GOES-19,2026-09-17 18:30:00
-10.486200,-46.313500,GOES-19,2026-09-17 18:50:00
-10.505200,-46.311100,GOES-19,2026-09-17 18:50:00
-6.884100,-46.547100,GOES-19,2026-09-17 18:20:00
-10.754900,-46.144100,GOES-19,2026-09-17 15:10:00
-10.754900,-46.144100,GOES-19,2026-09-17 15:40:00
-10.754900,-46.144100,GOES-19,2026-09-17 15:50:00
-10.754900,-46.144100,GOES-19,2026-09-17 16:00:00
-10.754900,-46.144100,GOES-19,2026-09-17 16:10:00
-10.754900,-46.144100,GOES-19,2026-09-17 16:20:00
-6.884400,-46.524900,GOES-19,2026-09-17 18:20:00
-9.977100,-46.104700,GOES-19,2026-09-17 17:40:00
-9.977100,-46.104700,GOES-19,2026-09-17 17:50:00
-9.977100,-46.104700,GOES-19,2026-09-17 18:20:00
-10.034100,-46.097900,GOES-19,2026-09-17 15:30:00
-9.977400,-46.082100,GOES-19,2026-09-17 17:30:00
-9.977400,-46.082100,GOES-19,2026-09-17 17:50:00
-9.977400,-46.082100,GOES-19,2026-09-17 18:00:00
-9.977400,-46.082100,GOES-19,2026-09-17 18:10:00
-9.977400,-46.082100,GOES-19,2026-09-17 18:20:00
-9.977400,-46.082100,GOES-19,2026-09-17 18:30:00
-9.977400,-46.082100,GOES-19,2026-09-17 18:40:00
-9.977400,-46.082100,GOES-19,2026-09-17 18:50:00
-9.996400,-46.079800,GOES-19,2026-09-17 18:10:00
-9.996400,-46.079800,GOES-19,2026-09-17 18:20:00
-9.977800,-46.059500,GOES-19,2026-09-17 17:50:00
-9.977800,-46.059500,GOES-19,2026-09-17 18:00:00
-9.977800,-46.059500,GOES-19,2026-09-17 18:10:00
-9.977800,-46.059500,GOES-19,2026-09-17 18:20:00
-9.977800,-46.059500,GOES-19,2026-09-17 18:30:00
-9.977800,-46.059500,GOES-19,2026-09-17 18:40:00
-9.977800,-46.059500,GOES-19,2026-09-17 18:50:00
-9.996700,-46.057200,GOES-19,2026-09-17 17:50:00
-9.959100,-46.039100,GOES-19,2026-09-17 18:00:00
-9.959100,-46.039100,GOES-19,2026-09-17 18:10:00
-9.959100,-46.039100,GOES-19,2026-09-17 18:20:00
-9.978100,-46.036900,GOES-19,2026-09-17 18:00:00
-9.978100,-46.036900,GOES-19,2026-09-17 18:10:00
-9.978100,-46.036900,GOES-19,2026-09-17 18:20:00
-9.978100,-46.036900,GOES-19,2026-09-17 18:30:00
-9.959400,-46.016500,GOES-19,2026-09-17 18:10:00
-9.959400,-46.016500,GOES-19,2026-09-17 18:20:00
-7.637900,-46.170300,GOES-19,2026-09-17 14:10:00
-7.637900,-46.170300,GOES-19,2026-09-17 14:20:00
-7.637900,-46.170300,GOES-19,2026-09-17 14:30:00
-7.637900,-46.170300,GOES-19,2026-09-17 14:40:00
-7.637900,-46.170300,GOES-19,2026-09-17 18:30:00
-7.637900,-46.170300,GOES-19,2026-09-17 18:40:00
-7.637900,-46.170300,GOES-19,2026-09-17 18:50:00
-7.656700,-46.168600,GOES-19,2026-09-17 14:10:00
-7.656700,-46.168600,GOES-19,2026-09-17 14:30:00
-7.656700,-46.168600,GOES-19,2026-09-17 14:40:00
-7.656700,-46.168600,GOES-19,2026-09-17 15:10:00
-7.656700,-46.168600,GOES-19,2026-09-17 18:30:00
-7.656700,-46.168600,GOES-19,2026-09-17 18:40:00
-7.656700,-46.168600,GOES-19,2026-09-17 18:50:00
-7.656900,-46.146100,GOES-19,2026-09-17 14:00:00
-7.656900,-46.146100,GOES-19,2026-09-17 14:10:00
-7.656900,-46.146100,GOES-19,2026-09-17 14:20:00
-7.656900,-46.146100,GOES-19,2026-09-17 14:30:00
-7.656900,-46.146100,GOES-19,2026-09-17 14:40:00
-7.656900,-46.146100,GOES-19,2026-09-17 18:30:00
-9.733700,-45.907500,GOES-19,2026-09-17 13:00:00
-9.733700,-45.907500,GOES-19,2026-09-17 13:20:00
-9.733700,-45.907500,GOES-19,2026-09-17 14:00:00
-9.752700,-45.905300,GOES-19,2026-09-17 13:20:00
-9.242000,-45.895900,GOES-19,2026-09-17 18:10:00
-9.242000,-45.895900,GOES-19,2026-09-17 18:30:00
-9.242000,-45.895900,GOES-19,2026-09-17 18:40:00
-9.242000,-45.895900,GOES-19,2026-09-17 18:50:00
-9.242000,-45.895900,GOES-19,2026-09-17 19:00:00
-9.261000,-45.893800,GOES-19,2026-09-17 17:50:00
-9.261000,-45.893800,GOES-19,2026-09-17 18:10:00
-9.261000,-45.893800,GOES-19,2026-09-17 18:30:00
-9.261000,-45.893800,GOES-19,2026-09-17 18:40:00
-14.173200,-45.187500,GOES-19,2026-09-17 18:30:00
-14.173200,-45.187500,GOES-19,2026-09-17 18:40:00
-14.173200,-45.187500,GOES-19,2026-09-17 18:50:00
-14.192700,-45.184000,GOES-19,2026-09-17 18:30:00
-14.192700,-45.184000,GOES-19,2026-09-17 18:40:00
-14.192700,-45.184000,GOES-19,2026-09-17 18:50:00
-8.845300,-45.916500,GOES-19,2026-09-17 18:50:00
-8.883000,-45.912400,GOES-19,2026-09-17 13:40:00
-8.883000,-45.912400,GOES-19,2026-09-17 14:10:00
-8.883000,-45.912400,GOES-19,2026-09-17 14:20:00
-8.883000,-45.912400,GOES-19,2026-09-17 14:30:00
-9.602200,-45.832300,GOES-19,2026-09-17 18:40:00
-14.154200,-45.167500,GOES-19,2026-09-17 14:30:00
-14.154200,-45.167500,GOES-19,2026-09-17 14:40:00
-8.883300,-45.889800,GOES-19,2026-09-17 13:30:00
-8.883300,-45.889800,GOES-19,2026-09-17 13:40:00
-8.883300,-45.889800,GOES-19,2026-09-17 13:50:00
-8.883300,-45.889800,GOES-19,2026-09-17 14:10:00
-8.883300,-45.889800,GOES-19,2026-09-17 14:20:00
-8.883300,-45.889800,GOES-19,2026-09-17 14:30:00
-8.883300,-45.889800,GOES-19,2026-09-17 14:40:00
-8.883300,-45.889800,GOES-19,2026-09-17 18:00:00
-8.883300,-45.889800,GOES-19,2026-09-17 18:20:00
-8.883300,-45.889800,GOES-19,2026-09-17 18:30:00
-8.883300,-45.889800,GOES-19,2026-09-17 18:40:00
-10.020400,-45.737300,GOES-19,2026-09-17 18:20:00
-10.020400,-45.737300,GOES-19,2026-09-17 18:30:00
-10.020400,-45.737300,GOES-19,2026-09-17 18:40:00
-10.039400,-45.735000,GOES-19,2026-09-17 17:50:00
-10.039400,-45.735000,GOES-19,2026-09-17 18:20:00
-10.039400,-45.735000,GOES-19,2026-09-17 18:30:00
-10.039400,-45.735000,GOES-19,2026-09-17 18:40:00
-10.039400,-45.735000,GOES-19,2026-09-17 18:50:00
-10.039800,-45.712200,GOES-19,2026-09-17 18:20:00
-10.116500,-45.657400,GOES-19,2026-09-17 18:00:00
-10.116500,-45.657400,GOES-19,2026-09-17 18:10:00
-10.041500,-45.598400,GOES-19,2026-09-17 13:40:00
-10.041500,-45.598400,GOES-19,2026-09-17 14:20:00
-10.022800,-45.577900,GOES-19,2026-09-17 13:50:00
-10.022800,-45.577900,GOES-19,2026-09-17 14:20:00
-6.591100,-45.900600,GOES-19,2026-09-17 18:00:00
-6.591100,-45.900600,GOES-19,2026-09-17 18:10:00
-6.591100,-45.900600,GOES-19,2026-09-17 18:20:00
-6.591100,-45.900600,GOES-19,2026-09-17 18:30:00
-8.432900,-45.733700,GOES-19,2026-09-17 19:40:00
-8.433100,-45.711100,GOES-19,2026-09-17 15:10:00
-8.433100,-45.711100,GOES-19,2026-09-17 15:20:00
-8.433100,-45.711100,GOES-19,2026-09-17 18:20:00
-8.433100,-45.711100,GOES-19,2026-09-17 18:30:00
-8.433100,-45.711100,GOES-19,2026-09-17 18:50:00
-8.452000,-45.709200,GOES-19,2026-09-17 15:10:00
-8.452000,-45.709200,GOES-19,2026-09-17 15:20:00
-10.042500,-45.529900,GOES-19,2026-09-17 14:10:00
-10.042500,-45.529900,GOES-19,2026-09-17 14:20:00
-10.061500,-45.527600,GOES-19,2026-09-17 14:00:00
-10.061500,-45.527600,GOES-19,2026-09-17 14:10:00
-10.061500,-45.527600,GOES-19,2026-09-17 14:20:00
-8.433400,-45.688500,GOES-19,2026-09-17 15:10:00
-8.227100,-45.618900,GOES-19,2026-09-17 18:50:00
-9.550500,-45.475200,GOES-19,2026-09-17 17:40:00
-9.550500,-45.475200,GOES-19,2026-09-17 17:50:00
-9.550500,-45.475200,GOES-19,2026-09-17 18:00:00
-9.550500,-45.475200,GOES-19,2026-09-17 18:10:00
-9.550500,-45.475200,GOES-19,2026-09-17 18:20:00
-9.550500,-45.475200,GOES-19,2026-09-17 18:30:00
-9.550500,-45.475200,GOES-19,2026-09-17 18:40:00
-9.550500,-45.475200,GOES-19,2026-09-17 18:50:00
-9.550500,-45.475200,GOES-19,2026-09-17 19:00:00
-9.569500,-45.472900,GOES-19,2026-09-17 18:20:00
-9.569500,-45.472900,GOES-19,2026-09-17 19:00:00
-10.158700,-45.378700,GOES-19,2026-09-17 14:40:00
-10.158700,-45.378700,GOES-19,2026-09-17 18:30:00
-10.158700,-45.378700,GOES-19,2026-09-17 18:40:00
-9.550900,-45.452400,GOES-19,2026-09-17 13:50:00
-9.550900,-45.452400,GOES-19,2026-09-17 17:30:00
-9.550900,-45.452400,GOES-19,2026-09-17 17:40:00
-9.550900,-45.452400,GOES-19,2026-09-17 17:50:00
-9.550900,-45.452400,GOES-19,2026-09-17 18:00:00
-9.550900,-45.452400,GOES-19,2026-09-17 18:10:00
-9.550900,-45.452400,GOES-19,2026-09-17 18:20:00
-9.550900,-45.452400,GOES-19,2026-09-17 18:30:00
-9.550900,-45.452400,GOES-19,2026-09-17 18:40:00
-9.550900,-45.452400,GOES-19,2026-09-17 18:50:00
-9.550900,-45.452400,GOES-19,2026-09-17 19:00:00
-9.569800,-45.450100,GOES-19,2026-09-17 18:30:00
-9.569800,-45.450100,GOES-19,2026-09-17 19:00:00
-9.551200,-45.429600,GOES-19,2026-09-17 19:00:00
-9.570100,-45.427300,GOES-19,2026-09-17 18:20:00
-9.570100,-45.427300,GOES-19,2026-09-17 18:50:00
-9.570100,-45.427300,GOES-19,2026-09-17 19:00:00
-9.324400,-45.410300,GOES-19,2026-09-17 18:00:00
-9.324400,-45.410300,GOES-19,2026-09-17 18:10:00
-9.324400,-45.410300,GOES-19,2026-09-17 18:20:00
-6.331300,-45.673700,GOES-19,2026-09-17 13:40:00
-6.331300,-45.673700,GOES-19,2026-09-17 13:50:00
-14.614300,-44.591800,GOES-19,2026-09-17 18:00:00
-14.614300,-44.591800,GOES-19,2026-09-17 18:30:00
-6.312800,-45.652700,GOES-19,2026-09-17 13:10:00
-6.312800,-45.652700,GOES-19,2026-09-17 13:30:00
-8.700600,-45.433900,GOES-19,2026-09-17 19:00:00
-8.700600,-45.433900,GOES-19,2026-09-17 19:40:00
-8.700900,-45.411200,GOES-19,2026-09-17 18:10:00
-5.566100,-45.549100,GOES-19,2026-09-17 18:30:00
-10.830900,-44.969800,GOES-19,2026-09-17 18:10:00
-10.830900,-44.969800,GOES-19,2026-09-17 18:20:00
-10.830900,-44.969800,GOES-19,2026-09-17 18:30:00
-10.830900,-44.969800,GOES-19,2026-09-17 18:40:00
-10.830900,-44.969800,GOES-19,2026-09-17 18:50:00
-10.830900,-44.969800,GOES-19,2026-09-17 19:00:00
-10.830900,-44.969800,GOES-19,2026-09-17 19:10:00
-10.830900,-44.969800,GOES-19,2026-09-17 19:20:00
-10.850000,-44.967200,GOES-19,2026-09-17 19:00:00
-10.831300,-44.946700,GOES-19,2026-09-17 18:20:00
-10.831300,-44.946700,GOES-19,2026-09-17 18:30:00
-10.831300,-44.946700,GOES-19,2026-09-17 18:40:00
-10.831300,-44.946700,GOES-19,2026-09-17 18:50:00
-10.831300,-44.946700,GOES-19,2026-09-17 19:00:00
-9.765000,-45.061300,GOES-19,2026-09-17 18:10:00
-9.765000,-45.061300,GOES-19,2026-09-17 18:20:00
-9.765300,-45.038300,GOES-19,2026-09-17 14:50:00
-9.765300,-45.038300,GOES-19,2026-09-17 18:00:00
-9.765300,-45.038300,GOES-19,2026-09-17 18:10:00
-9.765300,-45.038300,GOES-19,2026-09-17 18:20:00
-9.765300,-45.038300,GOES-19,2026-09-17 18:30:00
-9.765300,-45.038300,GOES-19,2026-09-17 18:50:00
-8.895100,-45.002400,GOES-19,2026-09-17 17:40:00
-8.895100,-45.002400,GOES-19,2026-09-17 17:50:00
-8.895100,-45.002400,GOES-19,2026-09-17 18:00:00
-8.895100,-45.002400,GOES-19,2026-09-17 18:10:00
-8.895100,-45.002400,GOES-19,2026-09-17 18:20:00
-8.895100,-45.002400,GOES-19,2026-09-17 18:30:00
-8.895100,-45.002400,GOES-19,2026-09-17 18:40:00
-8.895100,-45.002400,GOES-19,2026-09-17 18:50:00
-8.914100,-45.000300,GOES-19,2026-09-17 18:00:00
-8.914100,-45.000300,GOES-19,2026-09-17 18:10:00
-8.914100,-45.000300,GOES-19,2026-09-17 18:20:00
-8.914100,-45.000300,GOES-19,2026-09-17 18:30:00
-8.914100,-45.000300,GOES-19,2026-09-17 18:40:00
-8.895500,-44.979500,GOES-19,2026-09-17 17:30:00
-8.895500,-44.979500,GOES-19,2026-09-17 17:40:00
-8.895500,-44.979500,GOES-19,2026-09-17 17:50:00
-8.895500,-44.979500,GOES-19,2026-09-17 18:00:00
-8.895500,-44.979500,GOES-19,2026-09-17 18:10:00
-8.895500,-44.979500,GOES-19,2026-09-17 18:20:00
-8.895500,-44.979500,GOES-19,2026-09-17 18:30:00
-8.895500,-44.979500,GOES-19,2026-09-17 18:40:00
-8.895500,-44.979500,GOES-19,2026-09-17 18:50:00
-8.914400,-44.977400,GOES-19,2026-09-17 14:10:00
-8.914400,-44.977400,GOES-19,2026-09-17 14:20:00
-8.914400,-44.977400,GOES-19,2026-09-17 14:30:00
-8.914400,-44.977400,GOES-19,2026-09-17 14:40:00
-8.914400,-44.977400,GOES-19,2026-09-17 14:50:00
-8.914400,-44.977400,GOES-19,2026-09-17 15:00:00
-8.914400,-44.977400,GOES-19,2026-09-17 15:10:00
-8.914400,-44.977400,GOES-19,2026-09-17 15:20:00
-8.914400,-44.977400,GOES-19,2026-09-17 15:30:00
-8.914400,-44.977400,GOES-19,2026-09-17 17:30:00
-8.914400,-44.977400,GOES-19,2026-09-17 17:40:00
-8.914400,-44.977400,GOES-19,2026-09-17 17:50:00
-8.933300,-44.975200,GOES-19,2026-09-17 14:20:00
-8.933300,-44.975200,GOES-19,2026-09-17 14:30:00
-8.933300,-44.975200,GOES-19,2026-09-17 14:40:00
-8.933300,-44.975200,GOES-19,2026-09-17 14:50:00
-8.933300,-44.975200,GOES-19,2026-09-17 15:20:00
-8.914700,-44.954400,GOES-19,2026-09-17 14:40:00
-8.914700,-44.954400,GOES-19,2026-09-17 14:50:00
-8.914700,-44.954400,GOES-19,2026-09-17 15:00:00
-8.914700,-44.954400,GOES-19,2026-09-17 15:10:00
-8.933600,-44.952300,GOES-19,2026-09-17 14:40:00
-8.933600,-44.952300,GOES-19,2026-09-17 14:50:00
-8.707800,-44.885700,GOES-19,2026-09-17 18:10:00
-8.707800,-44.885700,GOES-19,2026-09-17 18:20:00
-8.707800,-44.885700,GOES-19,2026-09-17 18:30:00
-8.707800,-44.885700,GOES-19,2026-09-17 18:40:00
-5.775200,-45.128000,GOES-19,2026-09-17 00:00:00
-5.775200,-45.128000,GOES-19,2026-09-17 00:10:00
-5.775200,-45.128000,GOES-19,2026-09-17 00:20:00
-5.775200,-45.128000,GOES-19,2026-09-17 00:30:00
-5.775200,-45.128000,GOES-19,2026-09-17 00:50:00
-6.505600,-45.072300,GOES-19,2026-09-17 18:00:00
-8.708100,-44.862700,GOES-19,2026-09-17 13:30:00
-8.708100,-44.862700,GOES-19,2026-09-17 14:40:00
-5.756700,-45.106700,GOES-19,2026-09-17 00:00:00
-5.756700,-45.106700,GOES-19,2026-09-17 00:10:00
-5.756700,-45.106700,GOES-19,2026-09-17 00:20:00
-5.756700,-45.106700,GOES-19,2026-09-17 00:30:00
-5.756700,-45.106700,GOES-19,2026-09-17 00:50:00
-5.775400,-45.105300,GOES-19,2026-09-17 00:00:00
-5.775400,-45.105300,GOES-19,2026-09-17 00:10:00
-5.775400,-45.105300,GOES-19,2026-09-17 00:20:00
-5.775400,-45.105300,GOES-19,2026-09-17 00:30:00
-5.775400,-45.105300,GOES-19,2026-09-17 00:50:00
-5.756900,-45.084000,GOES-19,2026-09-17 00:00:00
-5.756900,-45.084000,GOES-19,2026-09-17 00:10:00
-5.756900,-45.084000,GOES-19,2026-09-17 00:20:00
-5.756900,-45.084000,GOES-19,2026-09-17 00:30:00
-5.756900,-45.084000,GOES-19,2026-09-17 00:50:00
-5.775600,-45.082600,GOES-19,2026-09-17 00:00:00
-5.775600,-45.082600,GOES-19,2026-09-17 00:10:00
-5.775600,-45.082600,GOES-19,2026-09-17 00:20:00
-5.775600,-45.082600,GOES-19,2026-09-17 00:30:00
-5.775600,-45.082600,GOES-19,2026-09-17 00:50:00
-7.821600,-44.909000,GOES-19,2026-09-17 17:50:00
-7.821600,-44.909000,GOES-19,2026-09-17 18:50:00
-7.803000,-44.888000,GOES-19,2026-09-17 13:10:00
-7.803000,-44.888000,GOES-19,2026-09-17 13:40:00
-7.803000,-44.888000,GOES-19,2026-09-17 13:50:00
-7.803000,-44.888000,GOES-19,2026-09-17 14:00:00
-7.803000,-44.888000,GOES-19,2026-09-17 14:10:00
-7.803000,-44.888000,GOES-19,2026-09-17 14:20:00
-7.803000,-44.888000,GOES-19,2026-09-17 14:50:00
-7.803000,-44.888000,GOES-19,2026-09-17 15:10:00
-7.803000,-44.888000,GOES-19,2026-09-17 16:00:00
-7.803000,-44.888000,GOES-19,2026-09-17 17:30:00
-7.803000,-44.888000,GOES-19,2026-09-17 17:40:00
-7.803000,-44.888000,GOES-19,2026-09-17 18:00:00
-7.803000,-44.888000,GOES-19,2026-09-17 18:10:00
-7.803000,-44.888000,GOES-19,2026-09-17 18:20:00
-7.803000,-44.888000,GOES-19,2026-09-17 18:30:00
-7.803000,-44.888000,GOES-19,2026-09-17 18:40:00
-7.803000,-44.888000,GOES-19,2026-09-17 18:50:00
-7.821900,-44.886100,GOES-19,2026-09-17 13:10:00
-7.821900,-44.886100,GOES-19,2026-09-17 13:40:00
-7.821900,-44.886100,GOES-19,2026-09-17 13:50:00
-7.821900,-44.886100,GOES-19,2026-09-17 14:00:00
-7.821900,-44.886100,GOES-19,2026-09-17 14:10:00
-7.821900,-44.886100,GOES-19,2026-09-17 14:20:00
-7.821900,-44.886100,GOES-19,2026-09-17 14:40:00
-7.821900,-44.886100,GOES-19,2026-09-17 14:50:00
-7.821900,-44.886100,GOES-19,2026-09-17 15:00:00
-7.821900,-44.886100,GOES-19,2026-09-17 15:10:00
-7.821900,-44.886100,GOES-19,2026-09-17 15:20:00
-7.821900,-44.886100,GOES-19,2026-09-17 15:30:00
-7.821900,-44.886100,GOES-19,2026-09-17 15:40:00
-7.821900,-44.886100,GOES-19,2026-09-17 15:50:00
-7.821900,-44.886100,GOES-19,2026-09-17 16:00:00
-7.821900,-44.886100,GOES-19,2026-09-17 17:40:00
-7.821900,-44.886100,GOES-19,2026-09-17 17:50:00
-7.821900,-44.886100,GOES-19,2026-09-17 18:20:00
-7.840700,-44.884300,GOES-19,2026-09-17 18:40:00
-7.803300,-44.865100,GOES-19,2026-09-17 13:10:00
-7.803300,-44.865100,GOES-19,2026-09-17 18:20:00
-7.822100,-44.863200,GOES-19,2026-09-17 13:10:00
-7.822100,-44.863200,GOES-19,2026-09-17 18:20:00
-7.841000,-44.861400,GOES-19,2026-09-17 13:10:00
-7.803600,-44.842200,GOES-19,2026-09-17 18:20:00
-7.822400,-44.840400,GOES-19,2026-09-17 13:10:00
-7.841200,-44.838500,GOES-19,2026-09-17 13:10:00
-7.052200,-44.798200,GOES-19,2026-09-17 18:20:00
-7.052200,-44.798200,GOES-19,2026-09-17 18:30:00
-7.052200,-44.798200,GOES-19,2026-09-17 18:40:00
-8.542200,-44.559300,GOES-19,2026-09-17 18:00:00
-8.542200,-44.559300,GOES-19,2026-09-17 18:20:00
-8.542200,-44.559300,GOES-19,2026-09-17 19:00:00
-8.485800,-44.542400,GOES-19,2026-09-17 12:30:00
-8.485800,-44.542400,GOES-19,2026-09-17 12:40:00
-8.485800,-44.542400,GOES-19,2026-09-17 12:50:00
-8.485800,-44.542400,GOES-19,2026-09-17 14:30:00
-8.485800,-44.542400,GOES-19,2026-09-17 14:40:00
-8.485800,-44.542400,GOES-19,2026-09-17 14:50:00
-8.485800,-44.542400,GOES-19,2026-09-17 15:00:00
-8.485800,-44.542400,GOES-19,2026-09-17 15:10:00
-8.485800,-44.542400,GOES-19,2026-09-17 15:20:00
-8.485800,-44.542400,GOES-19,2026-09-17 15:30:00
-8.485800,-44.542400,GOES-19,2026-09-17 17:50:00
-8.467200,-44.521400,GOES-19,2026-09-17 11:50:00
-11.361700,-44.081700,GOES-19,2026-09-17 18:10:00
-11.361700,-44.081700,GOES-19,2026-09-17 18:20:00
-11.361700,-44.081700,GOES-19,2026-09-17 18:30:00
-11.361700,-44.081700,GOES-19,2026-09-17 18:40:00
-11.361700,-44.081700,GOES-19,2026-09-17 18:50:00
-11.361700,-44.081700,GOES-19,2026-09-17 19:00:00
-11.361700,-44.081700,GOES-19,2026-09-17 19:10:00
-11.361700,-44.081700,GOES-19,2026-09-17 19:20:00
-11.361700,-44.081700,GOES-19,2026-09-17 19:30:00
-11.361700,-44.081700,GOES-19,2026-09-17 19:40:00
-11.361700,-44.081700,GOES-19,2026-09-17 19:50:00
-11.380900,-44.078800,GOES-19,2026-09-17 18:10:00
-11.380900,-44.078800,GOES-19,2026-09-17 18:30:00
-11.380900,-44.078800,GOES-19,2026-09-17 18:40:00
-11.380900,-44.078800,GOES-19,2026-09-17 18:50:00
-11.380900,-44.078800,GOES-19,2026-09-17 19:00:00
-11.380900,-44.078800,GOES-19,2026-09-17 19:10:00
-11.380900,-44.078800,GOES-19,2026-09-17 19:20:00
-11.380900,-44.078800,GOES-19,2026-09-17 19:30:00
-11.380900,-44.078800,GOES-19,2026-09-17 19:40:00
-11.380900,-44.078800,GOES-19,2026-09-17 19:50:00
-12.710200,-43.868900,GOES-19,2026-09-17 13:40:00
-12.729600,-43.865600,GOES-19,2026-09-17 13:20:00
-12.729600,-43.865600,GOES-19,2026-09-17 13:30:00
-12.729600,-43.865600,GOES-19,2026-09-17 13:40:00
-12.729600,-43.865600,GOES-19,2026-09-17 13:50:00
-12.729600,-43.865600,GOES-19,2026-09-17 14:00:00
-12.729600,-43.865600,GOES-19,2026-09-17 14:10:00
-12.729600,-43.865600,GOES-19,2026-09-17 14:20:00
-12.729600,-43.865600,GOES-19,2026-09-17 14:30:00
-12.729600,-43.865600,GOES-19,2026-09-17 14:40:00
-11.342900,-44.061100,GOES-19,2026-09-17 17:50:00
-11.342900,-44.061100,GOES-19,2026-09-17 18:00:00
-11.342900,-44.061100,GOES-19,2026-09-17 18:10:00
-11.342900,-44.061100,GOES-19,2026-09-17 18:20:00
-11.342900,-44.061100,GOES-19,2026-09-17 18:30:00
-11.342900,-44.061100,GOES-19,2026-09-17 18:40:00
-11.342900,-44.061100,GOES-19,2026-09-17 18:50:00
-11.362100,-44.058200,GOES-19,2026-09-17 17:40:00
-11.362100,-44.058200,GOES-19,2026-09-17 17:50:00
-11.362100,-44.058200,GOES-19,2026-09-17 18:10:00
-11.362100,-44.058200,GOES-19,2026-09-17 18:20:00
-11.362100,-44.058200,GOES-19,2026-09-17 18:30:00
-11.362100,-44.058200,GOES-19,2026-09-17 18:40:00
-11.362100,-44.058200,GOES-19,2026-09-17 18:50:00
-11.362100,-44.058200,GOES-19,2026-09-17 19:20:00
-11.362100,-44.058200,GOES-19,2026-09-17 19:30:00
-11.362100,-44.058200,GOES-19,2026-09-17 19:40:00
-11.362100,-44.058200,GOES-19,2026-09-17 19:50:00
-11.343300,-44.037600,GOES-19,2026-09-17 14:10:00
-11.343300,-44.037600,GOES-19,2026-09-17 14:20:00
-11.343300,-44.037600,GOES-19,2026-09-17 14:40:00
-11.343300,-44.037600,GOES-19,2026-09-17 18:10:00
-11.362500,-44.034700,GOES-19,2026-09-17 18:10:00
-11.362500,-44.034700,GOES-19,2026-09-17 18:30:00
-11.362500,-44.034700,GOES-19,2026-09-17 18:40:00
-11.362500,-44.034700,GOES-19,2026-09-17 18:50:00
-11.362500,-44.034700,GOES-19,2026-09-17 19:20:00
-11.362500,-44.034700,GOES-19,2026-09-17 19:30:00
-7.640000,-44.353400,GOES-19,2026-09-17 13:30:00
-5.576100,-44.367300,GOES-19,2026-09-17 18:30:00
-5.576100,-44.367300,GOES-19,2026-09-17 18:40:00
-10.793800,-43.765700,GOES-19,2026-09-17 18:10:00
-10.793800,-43.765700,GOES-19,2026-09-17 18:20:00
-10.793800,-43.765700,GOES-19,2026-09-17 18:30:00
-10.793800,-43.765700,GOES-19,2026-09-17 18:40:00
-10.794200,-43.742100,GOES-19,2026-09-17 18:20:00
-10.794200,-43.742100,GOES-19,2026-09-17 18:30:00
-10.794200,-43.742100,GOES-19,2026-09-17 18:40:00
-10.794200,-43.742100,GOES-19,2026-09-17 18:50:00
-7.248700,-44.021600,GOES-19,2026-09-17 14:50:00
-11.275800,-43.530300,GOES-19,2026-09-17 19:40:00
-11.295400,-43.503700,GOES-19,2026-09-17 18:40:00
-11.295400,-43.503700,GOES-19,2026-09-17 18:50:00
-11.295400,-43.503700,GOES-19,2026-09-17 19:00:00
-11.295400,-43.503700,GOES-19,2026-09-17 19:10:00
-11.295400,-43.503700,GOES-19,2026-09-17 19:20:00
-11.295400,-43.503700,GOES-19,2026-09-17 19:30:00
-11.295400,-43.503700,GOES-19,2026-09-17 19:40:00
-11.219000,-43.491500,GOES-19,2026-09-17 18:20:00
-11.219000,-43.491500,GOES-19,2026-09-17 18:50:00
-11.296600,-43.432600,GOES-19,2026-09-17 20:20:00
-11.296600,-43.432600,GOES-19,2026-09-17 22:40:00
-11.296600,-43.432600,GOES-19,2026-09-17 22:50:00
-11.315800,-43.429700,GOES-19,2026-09-17 20:20:00
-11.315800,-43.429700,GOES-19,2026-09-17 22:00:00
-11.315800,-43.429700,GOES-19,2026-09-17 22:40:00
-11.315800,-43.429700,GOES-19,2026-09-17 22:50:00
-11.297100,-43.408800,GOES-19,2026-09-17 18:30:00
-11.297100,-43.408800,GOES-19,2026-09-17 18:50:00
-11.297100,-43.408800,GOES-19,2026-09-17 19:00:00
-11.297100,-43.408800,GOES-19,2026-09-17 19:10:00
-11.297100,-43.408800,GOES-19,2026-09-17 19:20:00
-11.297100,-43.408800,GOES-19,2026-09-17 19:30:00
-11.297100,-43.408800,GOES-19,2026-09-17 19:40:00
-11.297100,-43.408800,GOES-19,2026-09-17 19:50:00
-11.297100,-43.408800,GOES-19,2026-09-17 20:10:00
-11.297100,-43.408800,GOES-19,2026-09-17 20:20:00
-11.297100,-43.408800,GOES-19,2026-09-17 22:00:00
-11.297100,-43.408800,GOES-19,2026-09-17 22:10:00
-11.297100,-43.408800,GOES-19,2026-09-17 22:20:00
-11.297100,-43.408800,GOES-19,2026-09-17 22:40:00
-11.297100,-43.408800,GOES-19,2026-09-17 22:50:00
-11.297100,-43.408800,GOES-19,2026-09-17 23:00:00
-11.297100,-43.408800,GOES-19,2026-09-17 23:10:00
-11.297100,-43.408800,GOES-19,2026-09-17 23:30:00
-11.335500,-43.403000,GOES-19,2026-09-17 19:40:00
-11.335500,-43.403000,GOES-19,2026-09-17 20:10:00
-11.335500,-43.403000,GOES-19,2026-09-17 20:20:00
-11.297500,-43.385100,GOES-19,2026-09-17 17:50:00
-11.297500,-43.385100,GOES-19,2026-09-17 18:00:00
-11.297500,-43.385100,GOES-19,2026-09-17 18:10:00
-11.297500,-43.385100,GOES-19,2026-09-17 18:20:00
-11.297500,-43.385100,GOES-19,2026-09-17 18:30:00
-11.297500,-43.385100,GOES-19,2026-09-17 18:40:00
-11.297500,-43.385100,GOES-19,2026-09-17 18:50:00
-11.297500,-43.385100,GOES-19,2026-09-17 19:00:00
-11.297500,-43.385100,GOES-19,2026-09-17 19:10:00
-11.297500,-43.385100,GOES-19,2026-09-17 19:20:00
-11.297500,-43.385100,GOES-19,2026-09-17 19:30:00
-11.297500,-43.385100,GOES-19,2026-09-17 19:40:00
-11.297500,-43.385100,GOES-19,2026-09-17 19:50:00
-11.297500,-43.385100,GOES-19,2026-09-17 20:10:00
-11.297500,-43.385100,GOES-19,2026-09-17 20:20:00
-11.297500,-43.385100,GOES-19,2026-09-17 22:00:00
-11.297500,-43.385100,GOES-19,2026-09-17 22:10:00
-11.297500,-43.385100,GOES-19,2026-09-17 22:20:00
-11.297500,-43.385100,GOES-19,2026-09-17 22:40:00
-11.297500,-43.385100,GOES-19,2026-09-17 22:50:00
-11.297500,-43.385100,GOES-19,2026-09-17 23:00:00
-11.297500,-43.385100,GOES-19,2026-09-17 23:10:00
-11.297500,-43.385100,GOES-19,2026-09-17 23:30:00
-11.316700,-43.382200,GOES-19,2026-09-17 14:30:00
-11.316700,-43.382200,GOES-19,2026-09-17 18:00:00
-11.316700,-43.382200,GOES-19,2026-09-17 18:10:00
-11.316700,-43.382200,GOES-19,2026-09-17 18:20:00
-11.316700,-43.382200,GOES-19,2026-09-17 18:30:00
-11.316700,-43.382200,GOES-19,2026-09-17 18:40:00
-11.316700,-43.382200,GOES-19,2026-09-17 18:50:00
-11.316700,-43.382200,GOES-19,2026-09-17 19:00:00
-11.316700,-43.382200,GOES-19,2026-09-17 19:10:00
-11.316700,-43.382200,GOES-19,2026-09-17 19:20:00
-11.316700,-43.382200,GOES-19,2026-09-17 19:30:00
-11.316700,-43.382200,GOES-19,2026-09-17 19:40:00
-11.316700,-43.382200,GOES-19,2026-09-17 19:50:00
-11.316700,-43.382200,GOES-19,2026-09-17 20:10:00
-11.316700,-43.382200,GOES-19,2026-09-17 20:20:00
-11.316700,-43.382200,GOES-19,2026-09-17 22:00:00
-11.316700,-43.382200,GOES-19,2026-09-17 22:10:00
-11.316700,-43.382200,GOES-19,2026-09-17 22:20:00
-11.316700,-43.382200,GOES-19,2026-09-17 22:40:00
-11.316700,-43.382200,GOES-19,2026-09-17 22:50:00
-11.316700,-43.382200,GOES-19,2026-09-17 23:00:00
-11.316700,-43.382200,GOES-19,2026-09-17 23:10:00
-11.316700,-43.382200,GOES-19,2026-09-17 23:30:00
-11.335900,-43.379300,GOES-19,2026-09-17 18:00:00
-11.335900,-43.379300,GOES-19,2026-09-17 18:10:00
-11.335900,-43.379300,GOES-19,2026-09-17 18:20:00
-11.335900,-43.379300,GOES-19,2026-09-17 18:30:00
-11.335900,-43.379300,GOES-19,2026-09-17 18:40:00
-11.335900,-43.379300,GOES-19,2026-09-17 18:50:00
-11.335900,-43.379300,GOES-19,2026-09-17 19:00:00
-11.335900,-43.379300,GOES-19,2026-09-17 19:10:00
-11.335900,-43.379300,GOES-19,2026-09-17 19:20:00
-11.335900,-43.379300,GOES-19,2026-09-17 19:30:00
-11.335900,-43.379300,GOES-19,2026-09-17 19:40:00
-11.335900,-43.379300,GOES-19,2026-09-17 19:50:00
-11.335900,-43.379300,GOES-19,2026-09-17 20:10:00
-11.335900,-43.379300,GOES-19,2026-09-17 20:20:00
-11.335900,-43.379300,GOES-19,2026-09-17 22:10:00
-11.278700,-43.364300,GOES-19,2026-09-17 22:50:00
-11.278700,-43.364300,GOES-19,2026-09-17 23:00:00
-11.278700,-43.364300,GOES-19,2026-09-17 23:10:00
-11.278700,-43.364300,GOES-19,2026-09-17 23:30:00
-11.297900,-43.361400,GOES-19,2026-09-17 14:10:00
-11.297900,-43.361400,GOES-19,2026-09-17 17:50:00
-11.297900,-43.361400,GOES-19,2026-09-17 18:20:00
-11.297900,-43.361400,GOES-19,2026-09-17 18:30:00
-11.297900,-43.361400,GOES-19,2026-09-17 18:40:00
-11.297900,-43.361400,GOES-19,2026-09-17 18:50:00
-11.297900,-43.361400,GOES-19,2026-09-17 19:00:00
-11.297900,-43.361400,GOES-19,2026-09-17 19:10:00
-11.297900,-43.361400,GOES-19,2026-09-17 19:20:00
-11.297900,-43.361400,GOES-19,2026-09-17 22:00:00
-11.297900,-43.361400,GOES-19,2026-09-17 22:10:00
-11.297900,-43.361400,GOES-19,2026-09-17 22:20:00
-11.297900,-43.361400,GOES-19,2026-09-17 22:40:00
-11.297900,-43.361400,GOES-19,2026-09-17 22:50:00
-11.297900,-43.361400,GOES-19,2026-09-17 23:00:00
-11.297900,-43.361400,GOES-19,2026-09-17 23:10:00
-11.297900,-43.361400,GOES-19,2026-09-17 23:30:00
-11.317100,-43.358500,GOES-19,2026-09-17 14:00:00
-11.317100,-43.358500,GOES-19,2026-09-17 14:20:00
-11.317100,-43.358500,GOES-19,2026-09-17 17:40:00
-11.317100,-43.358500,GOES-19,2026-09-17 17:50:00
-11.317100,-43.358500,GOES-19,2026-09-17 18:20:00
-11.317100,-43.358500,GOES-19,2026-09-17 18:30:00
-11.317100,-43.358500,GOES-19,2026-09-17 18:40:00
-11.317100,-43.358500,GOES-19,2026-09-17 18:50:00
-11.317100,-43.358500,GOES-19,2026-09-17 19:00:00
-11.317100,-43.358500,GOES-19,2026-09-17 19:10:00
-11.317100,-43.358500,GOES-19,2026-09-17 19:20:00
-11.317100,-43.358500,GOES-19,2026-09-17 19:30:00
-11.317100,-43.358500,GOES-19,2026-09-17 19:40:00
-11.317100,-43.358500,GOES-19,2026-09-17 19:50:00
-11.317100,-43.358500,GOES-19,2026-09-17 20:10:00
-11.317100,-43.358500,GOES-19,2026-09-17 20:20:00
-11.317100,-43.358500,GOES-19,2026-09-17 22:00:00
-11.317100,-43.358500,GOES-19,2026-09-17 22:10:00
-11.317100,-43.358500,GOES-19,2026-09-17 22:20:00
-11.317100,-43.358500,GOES-19,2026-09-17 22:40:00
-11.317100,-43.358500,GOES-19,2026-09-17 22:50:00
-11.317100,-43.358500,GOES-19,2026-09-17 23:00:00
-11.317100,-43.358500,GOES-19,2026-09-17 23:10:00
-11.317100,-43.358500,GOES-19,2026-09-17 23:30:00
-11.298300,-43.337600,GOES-19,2026-09-17 22:00:00
-11.298300,-43.337600,GOES-19,2026-09-17 22:20:00
-11.298300,-43.337600,GOES-19,2026-09-17 22:40:00
-11.298300,-43.337600,GOES-19,2026-09-17 22:50:00
-11.298300,-43.337600,GOES-19,2026-09-17 23:00:00
-11.298300,-43.337600,GOES-19,2026-09-17 23:10:00
-11.298300,-43.337600,GOES-19,2026-09-17 23:30:00
-11.317500,-43.334700,GOES-19,2026-09-17 14:00:00
-11.317500,-43.334700,GOES-19,2026-09-17 14:10:00
-11.317500,-43.334700,GOES-19,2026-09-17 18:20:00
-11.317500,-43.334700,GOES-19,2026-09-17 18:30:00
-11.317500,-43.334700,GOES-19,2026-09-17 18:40:00
-11.317500,-43.334700,GOES-19,2026-09-17 18:50:00
-11.317500,-43.334700,GOES-19,2026-09-17 19:30:00
-11.317500,-43.334700,GOES-19,2026-09-17 22:50:00
-11.317500,-43.334700,GOES-19,2026-09-17 23:00:00
-11.317500,-43.334700,GOES-19,2026-09-17 23:10:00
-6.989600,-43.651400,GOES-19,2026-09-17 11:30:00
-6.989600,-43.651400,GOES-19,2026-09-17 11:40:00
-6.989600,-43.651400,GOES-19,2026-09-17 11:50:00
-6.989600,-43.651400,GOES-19,2026-09-17 12:00:00
-6.989600,-43.651400,GOES-19,2026-09-17 12:10:00
-6.989600,-43.651400,GOES-19,2026-09-17 12:20:00
-6.989600,-43.651400,GOES-19,2026-09-17 12:30:00
-6.989600,-43.651400,GOES-19,2026-09-17 12:40:00
-7.008400,-43.649700,GOES-19,2026-09-17 11:30:00
-7.008400,-43.649700,GOES-19,2026-09-17 11:40:00
-7.008400,-43.649700,GOES-19,2026-09-17 11:50:00
-7.008400,-43.649700,GOES-19,2026-09-17 12:00:00
-7.008400,-43.649700,GOES-19,2026-09-17 12:10:00
-7.008400,-43.649700,GOES-19,2026-09-17 12:20:00
-7.008400,-43.649700,GOES-19,2026-09-17 12:30:00
-7.008400,-43.649700,GOES-19,2026-09-17 12:40:00
-6.989800,-43.628100,GOES-19,2026-09-17 11:40:00
-6.989800,-43.628100,GOES-19,2026-09-17 12:30:00
-7.008600,-43.626400,GOES-19,2026-09-17 11:30:00
-7.008600,-43.626400,GOES-19,2026-09-17 11:40:00
-7.008600,-43.626400,GOES-19,2026-09-17 11:50:00
-7.008600,-43.626400,GOES-19,2026-09-17 12:00:00
-7.008600,-43.626400,GOES-19,2026-09-17 12:10:00
-7.008600,-43.626400,GOES-19,2026-09-17 12:20:00
-7.008600,-43.626400,GOES-19,2026-09-17 12:30:00
-7.008600,-43.626400,GOES-19,2026-09-17 12:40:00
-13.391000,-42.746300,GOES-19,2026-09-17 14:30:00
-10.211800,-43.211000,GOES-19,2026-09-17 19:10:00
-10.211800,-43.211000,GOES-19,2026-09-17 19:30:00
-10.211800,-43.211000,GOES-19,2026-09-17 19:40:00
-11.672900,-42.778900,GOES-19,2026-09-17 14:10:00
-11.672900,-42.778900,GOES-19,2026-09-17 14:20:00
-14.201200,-42.176900,GOES-19,2026-09-17 18:10:00
-14.201200,-42.176900,GOES-19,2026-09-17 18:20:00
-14.201200,-42.176900,GOES-19,2026-09-17 18:40:00
-6.166900,-43.280500,GOES-19,2026-09-17 18:30:00
-14.182100,-42.156200,GOES-19,2026-09-17 18:30:00
-14.201700,-42.152300,GOES-19,2026-09-17 18:20:00
-14.201700,-42.152300,GOES-19,2026-09-17 18:30:00
-14.201700,-42.152300,GOES-19,2026-09-17 18:40:00
-14.201700,-42.152300,GOES-19,2026-09-17 18:50:00
-6.957900,-43.117000,GOES-19,2026-09-17 15:00:00
-12.879300,-42.210600,GOES-19,2026-09-17 14:40:00
-12.879300,-42.210600,GOES-19,2026-09-17 14:50:00
-12.879300,-42.210600,GOES-19,2026-09-17 15:30:00
-12.879300,-42.210600,GOES-19,2026-09-17 15:40:00
-12.879300,-42.210600,GOES-19,2026-09-17 17:40:00
-12.898700,-42.207100,GOES-19,2026-09-17 14:50:00
-12.898700,-42.207100,GOES-19,2026-09-17 17:40:00
-12.898700,-42.207100,GOES-19,2026-09-17 17:50:00
-12.879800,-42.186200,GOES-19,2026-09-17 11:00:00
-12.879800,-42.186200,GOES-19,2026-09-17 14:40:00
-12.879800,-42.186200,GOES-19,2026-09-17 14:50:00
-12.899300,-42.182700,GOES-19,2026-09-17 14:50:00
-12.899300,-42.182700,GOES-19,2026-09-17 15:00:00
-12.899300,-42.182700,GOES-19,2026-09-17 15:10:00
-12.899300,-42.182700,GOES-19,2026-09-17 15:20:00
-12.899300,-42.182700,GOES-19,2026-09-17 15:30:00
-12.899300,-42.182700,GOES-19,2026-09-17 15:40:00
-12.899300,-42.182700,GOES-19,2026-09-17 15:50:00
-12.899300,-42.182700,GOES-19,2026-09-17 16:00:00
-12.899300,-42.182700,GOES-19,2026-09-17 16:10:00
-12.899300,-42.182700,GOES-19,2026-09-17 17:30:00
-12.899300,-42.182700,GOES-19,2026-09-17 17:40:00
-12.899300,-42.182700,GOES-19,2026-09-17 17:50:00
-4.558500,-42.975800,GOES-19,2026-09-17 19:00:00
-4.558500,-42.975800,GOES-19,2026-09-17 19:20:00
-14.527500,-41.593000,GOES-19,2026-09-17 18:20:00
-6.294600,-41.802500,GOES-19,2026-09-17 18:00:00
-6.294600,-41.802500,GOES-19,2026-09-17 18:50:00
-6.294600,-41.802500,GOES-19,2026-09-17 19:20:00
-6.294600,-41.802500,GOES-19,2026-09-17 19:30:00
-6.294600,-41.802500,GOES-19,2026-09-17 19:40:00
-6.313500,-41.800800,GOES-19,2026-09-17 18:00:00
-6.313500,-41.800800,GOES-19,2026-09-17 18:10:00
-6.313500,-41.800800,GOES-19,2026-09-17 18:20:00
-6.313500,-41.800800,GOES-19,2026-09-17 18:40:00
-6.313500,-41.800800,GOES-19,2026-09-17 18:50:00
-6.313500,-41.800800,GOES-19,2026-09-17 19:00:00
-6.313500,-41.800800,GOES-19,2026-09-17 19:10:00
-6.313500,-41.800800,GOES-19,2026-09-17 19:20:00
-6.313500,-41.800800,GOES-19,2026-09-17 19:30:00
-6.313500,-41.800800,GOES-19,2026-09-17 19:40:00
-6.294900,-41.778500,GOES-19,2026-09-17 18:00:00
-6.294900,-41.778500,GOES-19,2026-09-17 18:10:00
-6.294900,-41.778500,GOES-19,2026-09-17 18:40:00
-6.294900,-41.778500,GOES-19,2026-09-17 18:50:00
-6.294900,-41.778500,GOES-19,2026-09-17 19:00:00
-6.294900,-41.778500,GOES-19,2026-09-17 19:10:00
-6.294900,-41.778500,GOES-19,2026-09-17 19:20:00
-6.294900,-41.778500,GOES-19,2026-09-17 19:30:00
-6.294900,-41.778500,GOES-19,2026-09-17 19:40:00
-6.313700,-41.776800,GOES-19,2026-09-17 17:40:00
-6.313700,-41.776800,GOES-19,2026-09-17 17:50:00
-4.008800,-41.298900,GOES-19,2026-09-17 18:10:00
-4.008900,-41.274800,GOES-19,2026-09-17 15:00:00
-4.008900,-41.274800,GOES-19,2026-09-17 17:40:00
-4.008900,-41.274800,GOES-19,2026-09-17 17:50:00
-7.890500,-40.936500,GOES-19,2026-09-17 18:30:00
-6.705200,-40.452700,GOES-19,2026-09-17 18:20:00
-3.546300,-40.352900,GOES-19,2026-09-17 18:10:00
-3.546300,-40.352900,GOES-19,2026-09-17 18:20:00
-3.565100,-40.351900,GOES-19,2026-09-17 18:10:00
-3.565100,-40.351900,GOES-19,2026-09-17 18:20:00
-3.565100,-40.351900,GOES-19,2026-09-17 18:30:00
-6.353300,-39.845100,GOES-19,2026-09-17 18:10:00
-6.353300,-39.845100,GOES-19,2026-09-17 18:20:00
-6.353300,-39.845100,GOES-19,2026-09-17 18:30:00
-6.353300,-39.845100,GOES-19,2026-09-17 18:40:00
-6.353300,-39.845100,GOES-19,2026-09-17 18:50:00
-6.353300,-39.845100,GOES-19,2026-09-17 19:00:00
-6.353300,-39.845100,GOES-19,2026-09-17 19:10:00
-6.353300,-39.845100,GOES-19,2026-09-17 19:20:00
-6.353300,-39.845100,GOES-19,2026-09-17 19:30:00
-6.353300,-39.845100,GOES-19,2026-09-17 19:40:00
-7.339800,-39.590900,GOES-19,2026-09-17 13:50:00
-7.339800,-39.590900,GOES-19,2026-09-17 14:00:00
-7.339800,-39.590900,GOES-19,2026-09-17 14:10:00
-7.366300,-39.009100,GOES-19,2026-09-17 12:40:00
-7.291000,-38.967200,GOES-19,2026-09-17 18:10:00
-7.291000,-38.967200,GOES-19,2026-09-17 18:30:00
-7.291000,-38.967200,GOES-19,2026-09-17 18:40:00
-7.291000,-38.967200,GOES-19,2026-09-17 18:50:00
-7.291000,-38.967200,GOES-19,2026-09-17 19:10:00
-7.291000,-38.967200,GOES-19,2026-09-17 19:20:00
-7.291000,-38.967200,GOES-19,2026-09-17 19:30:00
-7.291000,-38.967200,GOES-19,2026-09-17 19:40:00
-7.366900,-38.958400,GOES-19,2026-09-17 12:30:00
-7.366900,-38.958400,GOES-19,2026-09-17 12:40:00
-7.436900,-73.244600,GOES-19,2026-09-17 18:10:00
-7.436900,-73.244600,GOES-19,2026-09-17 18:20:00
-7.436900,-73.244600,GOES-19,2026-09-17 18:40:00
-8.525800,-70.990200,GOES-19,2026-09-17 18:30:00
-8.525800,-70.990200,GOES-19,2026-09-17 18:40:00
-8.525800,-70.990200,GOES-19,2026-09-17 18:50:00
-8.507600,-70.843900,GOES-19,2026-09-17 18:50:00
-8.507600,-70.843900,GOES-19,2026-09-17 19:00:00
-8.526100,-70.843700,GOES-19,2026-09-17 18:50:00
-7.973200,-70.832400,GOES-19,2026-09-17 18:30:00
-8.858500,-70.820900,GOES-19,2026-09-17 18:40:00
-8.655600,-70.677000,GOES-19,2026-09-17 18:20:00
-8.655600,-70.677000,GOES-19,2026-09-17 18:30:00
-8.655600,-70.677000,GOES-19,2026-09-17 18:40:00
-8.655600,-70.677000,GOES-19,2026-09-17 18:50:00
-8.655600,-70.677000,GOES-19,2026-09-17 19:00:00
-9.040800,-65.902800,GOES-19,2026-09-17 14:30:00
-9.133500,-65.881300,GOES-19,2026-09-17 14:20:00
-9.133500,-65.881300,GOES-19,2026-09-17 14:30:00
-9.152000,-65.880700,GOES-19,2026-09-17 14:20:00
-9.152000,-65.880700,GOES-19,2026-09-17 14:30:00
-12.329700,-62.832500,GOES-19,2026-09-17 18:40:00
-12.483000,-62.554700,GOES-19,2026-09-17 16:20:00
-12.483000,-62.554700,GOES-19,2026-09-17 16:30:00
-8.929300,-62.409200,GOES-19,2026-09-17 15:10:00
-8.929300,-62.409200,GOES-19,2026-09-17 23:00:00
-8.873600,-62.411500,GOES-19,2026-09-17 13:50:00
-8.873600,-62.411500,GOES-19,2026-09-17 14:00:00
-8.873600,-62.411500,GOES-19,2026-09-17 14:50:00
-8.873600,-62.411500,GOES-19,2026-09-17 15:00:00
-8.873600,-62.411500,GOES-19,2026-09-17 15:10:00
-8.873600,-62.411500,GOES-19,2026-09-17 23:00:00
-8.910700,-62.410000,GOES-19,2026-09-17 23:00:00
-8.873700,-62.392500,GOES-19,2026-09-17 15:10:00
-8.873700,-62.392500,GOES-19,2026-09-17 23:00:00
-8.892300,-62.391700,GOES-19,2026-09-17 15:10:00
-8.892300,-62.391700,GOES-19,2026-09-17 23:00:00
-8.910800,-62.391000,GOES-19,2026-09-17 15:10:00
-8.910800,-62.391000,GOES-19,2026-09-17 23:00:00
-8.929400,-62.390200,GOES-19,2026-09-17 15:10:00
-7.750000,-61.469000,GOES-19,2026-09-17 19:10:00
-7.768500,-61.468300,GOES-19,2026-09-17 19:00:00
-13.500700,-61.133300,GOES-19,2026-09-17 17:50:00
-13.500700,-61.133300,GOES-19,2026-09-17 18:00:00
-13.500700,-61.133300,GOES-19,2026-09-17 18:10:00
-13.500700,-61.133300,GOES-19,2026-09-17 18:30:00
-13.500700,-61.133300,GOES-19,2026-09-17 18:40:00
-13.500700,-61.133300,GOES-19,2026-09-17 18:50:00
-13.500700,-61.133300,GOES-19,2026-09-17 19:00:00
-13.500700,-61.133300,GOES-19,2026-09-17 19:10:00
-13.500700,-61.133300,GOES-19,2026-09-17 19:20:00
-13.500700,-61.133300,GOES-19,2026-09-17 19:30:00
-13.500700,-61.133300,GOES-19,2026-09-17 19:40:00
-13.500700,-61.133300,GOES-19,2026-09-17 19:50:00
-13.519700,-61.131900,GOES-19,2026-09-17 17:30:00
-13.519700,-61.131900,GOES-19,2026-09-17 17:40:00
-13.519700,-61.131900,GOES-19,2026-09-17 17:50:00
-13.519700,-61.131900,GOES-19,2026-09-17 18:00:00
-13.519700,-61.131900,GOES-19,2026-09-17 18:10:00
-13.519700,-61.131900,GOES-19,2026-09-17 18:20:00
-13.519700,-61.131900,GOES-19,2026-09-17 18:30:00
-13.519700,-61.131900,GOES-19,2026-09-17 18:40:00
-13.519700,-61.131900,GOES-19,2026-09-17 18:50:00
-13.519700,-61.131900,GOES-19,2026-09-17 19:00:00
-8.027800,-61.381600,GOES-19,2026-09-17 18:40:00
-8.027800,-61.381600,GOES-19,2026-09-17 19:00:00
-8.027900,-61.362600,GOES-19,2026-09-17 18:30:00
-8.027900,-61.362600,GOES-19,2026-09-17 19:00:00
-10.410000,-60.999000,GOES-19,2026-09-17 17:50:00
-10.410000,-60.999000,GOES-19,2026-09-17 18:10:00
4.040500,-61.107300,GOES-19,2026-09-17 18:50:00
-9.162300,-60.833200,GOES-19,2026-09-17 14:30:00
-9.180900,-60.832300,GOES-19,2026-09-17 14:30:00
-9.180900,-60.832300,GOES-19,2026-09-17 14:50:00
-10.767600,-60.747200,GOES-19,2026-09-17 18:20:00
-10.767600,-60.747200,GOES-19,2026-09-17 18:30:00
4.206700,-60.610600,GOES-19,2026-09-17 14:50:00
4.206700,-60.610600,GOES-19,2026-09-17 15:00:00
4.206700,-60.610600,GOES-19,2026-09-17 15:10:00
3.713300,-60.431200,GOES-19,2026-09-17 18:40:00
3.713300,-60.431200,GOES-19,2026-09-17 18:50:00
3.713300,-60.431200,GOES-19,2026-09-17 19:00:00
3.713300,-60.431200,GOES-19,2026-09-17 19:10:00
3.731700,-60.411800,GOES-19,2026-09-17 19:00:00
3.713400,-60.412100,GOES-19,2026-09-17 19:00:00
-14.818100,-59.573000,GOES-19,2026-09-17 14:50:00
-14.818100,-59.573000,GOES-19,2026-09-17 16:00:00
-6.411600,-60.011400,GOES-19,2026-09-17 15:10:00
-6.411600,-60.011400,GOES-19,2026-09-17 15:20:00
-6.411600,-60.011400,GOES-19,2026-09-17 15:30:00
-6.430100,-59.991600,GOES-19,2026-09-17 14:40:00
-6.430100,-59.991600,GOES-19,2026-09-17 14:50:00
-6.430100,-59.991600,GOES-19,2026-09-17 15:00:00
-6.430100,-59.991600,GOES-19,2026-09-17 15:10:00
-6.430100,-59.991600,GOES-19,2026-09-17 15:20:00
-6.430100,-59.991600,GOES-19,2026-09-17 15:30:00
-6.430100,-59.991600,GOES-19,2026-09-17 15:40:00
-6.430100,-59.991600,GOES-19,2026-09-17 15:50:00
-6.430100,-59.991600,GOES-19,2026-09-17 18:40:00
-6.430100,-59.991600,GOES-19,2026-09-17 18:50:00
-6.430100,-59.991600,GOES-19,2026-09-17 19:00:00
-6.448500,-59.990900,GOES-19,2026-09-17 18:30:00
-6.448500,-59.990900,GOES-19,2026-09-17 19:20:00
-6.448500,-59.990900,GOES-19,2026-09-17 19:50:00
-6.135800,-59.963800,GOES-19,2026-09-17 19:10:00
4.338000,-59.711400,GOES-19,2026-09-17 18:20:00
4.338000,-59.711400,GOES-19,2026-09-17 18:30:00
4.319600,-59.711900,GOES-19,2026-09-17 17:50:00
4.319600,-59.711900,GOES-19,2026-09-17 18:10:00
4.319600,-59.711900,GOES-19,2026-09-17 18:20:00
4.319600,-59.711900,GOES-19,2026-09-17 18:30:00
4.319600,-59.711900,GOES-19,2026-09-17 18:40:00
-10.198400,-59.423600,GOES-19,2026-09-17 14:40:00
-6.764900,-59.421600,GOES-19,2026-09-17 17:40:00
-6.764900,-59.421600,GOES-19,2026-09-17 18:00:00
-6.764900,-59.421600,GOES-19,2026-09-17 18:20:00
-6.764900,-59.421600,GOES-19,2026-09-17 18:30:00
-6.894000,-59.416400,GOES-19,2026-09-17 18:00:00
-6.894000,-59.416400,GOES-19,2026-09-17 18:10:00
-14.387800,-58.656100,GOES-19,2026-09-17 17:50:00
-14.387800,-58.656100,GOES-19,2026-09-17 18:30:00
-6.729900,-59.075800,GOES-19,2026-09-17 18:40:00
-6.729900,-59.075800,GOES-19,2026-09-17 18:50:00
-6.619400,-59.060900,GOES-19,2026-09-17 16:40:00
-6.748500,-59.055700,GOES-19,2026-09-17 18:10:00
-6.748500,-59.055700,GOES-19,2026-09-17 18:40:00
-6.748500,-59.055700,GOES-19,2026-09-17 18:50:00
-6.748500,-59.055700,GOES-19,2026-09-17 19:00:00
-6.748500,-59.055700,GOES-19,2026-09-17 19:10:00
-6.748500,-59.055700,GOES-19,2026-09-17 19:20:00
-6.748500,-59.055700,GOES-19,2026-09-17 19:30:00
-6.767500,-58.958300,GOES-19,2026-09-17 17:50:00
-6.767500,-58.958300,GOES-19,2026-09-17 18:10:00
-15.848700,-57.566500,GOES-19,2026-09-17 15:10:00
-15.848700,-57.566500,GOES-19,2026-09-17 15:20:00
-15.848700,-57.566500,GOES-19,2026-09-17 15:30:00
-15.848700,-57.566500,GOES-19,2026-09-17 16:20:00
-15.868100,-57.564400,GOES-19,2026-09-17 15:30:00
-15.868100,-57.564400,GOES-19,2026-09-17 15:40:00
-15.868100,-57.564400,GOES-19,2026-09-17 15:50:00
-8.479600,-57.647800,GOES-19,2026-09-17 01:20:00
-8.498200,-57.646800,GOES-19,2026-09-17 01:20:00
-6.129100,-57.741800,GOES-19,2026-09-17 15:50:00
-6.129100,-57.741800,GOES-19,2026-09-17 16:00:00
-8.479700,-57.628200,GOES-19,2026-09-17 01:20:00
-8.498300,-57.627100,GOES-19,2026-09-17 01:20:00
-7.274800,-57.593300,GOES-19,2026-09-17 14:50:00
-7.274800,-57.593300,GOES-19,2026-09-17 15:00:00
-5.743100,-57.581400,GOES-19,2026-09-17 18:20:00
-13.394600,-57.044400,GOES-19,2026-09-17 14:50:00
-13.394600,-57.044400,GOES-19,2026-09-17 15:00:00
-13.394600,-57.044400,GOES-19,2026-09-17 15:10:00
-13.375800,-57.026000,GOES-19,2026-09-17 14:50:00
-13.375800,-57.026000,GOES-19,2026-09-17 15:00:00
-13.375800,-57.026000,GOES-19,2026-09-17 15:10:00
-13.375800,-57.026000,GOES-19,2026-09-17 15:20:00
-13.375800,-57.026000,GOES-19,2026-09-17 15:30:00
-13.394900,-57.024200,GOES-19,2026-09-17 14:50:00
-13.394900,-57.024200,GOES-19,2026-09-17 15:00:00
-13.394900,-57.024200,GOES-19,2026-09-17 15:10:00
-13.414000,-57.022500,GOES-19,2026-09-17 15:10:00
-13.414000,-57.022500,GOES-19,2026-09-17 15:20:00
-13.414000,-57.022500,GOES-19,2026-09-17 15:30:00
-15.592300,-56.555900,GOES-19,2026-09-17 18:30:00
-15.592600,-56.535400,GOES-19,2026-09-17 14:50:00
-15.592600,-56.535400,GOES-19,2026-09-17 18:20:00
-15.592600,-56.535400,GOES-19,2026-09-17 18:30:00
-15.612000,-56.533300,GOES-19,2026-09-17 18:50:00
-3.925500,-57.172200,GOES-19,2026-09-17 15:50:00
-30.610900,-53.028300,GOES-19,2026-09-17 12:00:00
-30.610900,-53.028300,GOES-19,2026-09-17 12:20:00
-30.610900,-53.028300,GOES-19,2026-09-17 12:30:00
-30.610900,-53.028300,GOES-19,2026-09-17 12:40:00
-30.610900,-53.028300,GOES-19,2026-09-17 12:50:00
-30.610900,-53.028300,GOES-19,2026-09-17 13:20:00
-30.610900,-53.028300,GOES-19,2026-09-17 13:30:00
-30.610900,-53.028300,GOES-19,2026-09-17 13:40:00
-16.094300,-55.509600,GOES-19,2026-09-17 18:20:00
-16.094300,-55.509600,GOES-19,2026-09-17 18:30:00
-16.094300,-55.509600,GOES-19,2026-09-17 18:40:00
-16.094300,-55.509600,GOES-19,2026-09-17 18:50:00
-16.094600,-55.488900,GOES-19,2026-09-17 18:30:00
-16.094600,-55.488900,GOES-19,2026-09-17 18:40:00
-4.076000,-56.246600,GOES-19,2026-09-17 14:00:00
-4.076000,-56.246600,GOES-19,2026-09-17 14:10:00
-4.076000,-56.246600,GOES-19,2026-09-17 14:50:00
-4.076000,-56.246600,GOES-19,2026-09-17 15:00:00
-4.076000,-56.246600,GOES-19,2026-09-17 18:20:00
-4.076000,-56.246600,GOES-19,2026-09-17 18:50:00
-6.545500,-56.033000,GOES-19,2026-09-17 18:20:00
-6.545500,-56.033000,GOES-19,2026-09-17 18:40:00
-6.545500,-56.033000,GOES-19,2026-09-17 18:50:00
-6.545500,-56.033000,GOES-19,2026-09-17 19:00:00
-6.545600,-56.013100,GOES-19,2026-09-17 18:50:00
-6.545600,-56.013100,GOES-19,2026-09-17 19:00:00
-4.517600,-56.094900,GOES-19,2026-09-17 15:30:00
-4.517600,-56.094900,GOES-19,2026-09-17 15:40:00
-4.517700,-56.075100,GOES-19,2026-09-17 15:30:00
-4.517700,-56.075100,GOES-19,2026-09-17 15:40:00
-4.390300,-55.782900,GOES-19,2026-09-17 15:30:00
-4.390300,-55.782900,GOES-19,2026-09-17 15:40:00
-4.390300,-55.782900,GOES-19,2026-09-17 15:50:00
-4.408700,-55.782300,GOES-19,2026-09-17 15:40:00
-4.408700,-55.782300,GOES-19,2026-09-17 15:50:00
-4.281100,-55.548800,GOES-19,2026-09-17 15:10:00
-4.281100,-55.548800,GOES-19,2026-09-17 15:20:00
-4.281100,-55.548800,GOES-19,2026-09-17 15:30:00
-4.281100,-55.548800,GOES-19,2026-09-17 15:40:00
-6.179600,-55.454200,GOES-19,2026-09-17 18:40:00
-6.179600,-55.454200,GOES-19,2026-09-17 19:10:00
-6.179600,-55.454200,GOES-19,2026-09-17 19:20:00
-6.179600,-55.454200,GOES-19,2026-09-17 19:30:00
-6.179600,-55.454200,GOES-19,2026-09-17 19:40:00
-6.179600,-55.454200,GOES-19,2026-09-17 19:50:00
-4.336700,-55.447800,GOES-19,2026-09-17 15:10:00
-4.336700,-55.447800,GOES-19,2026-09-17 15:20:00
-12.644000,-54.721200,GOES-19,2026-09-17 15:10:00
-12.644000,-54.721200,GOES-19,2026-09-17 18:10:00
-12.644000,-54.721200,GOES-19,2026-09-17 18:30:00
-12.663000,-54.719300,GOES-19,2026-09-17 15:10:00
-12.663000,-54.719300,GOES-19,2026-09-17 15:20:00
-12.663000,-54.719300,GOES-19,2026-09-17 15:50:00
-12.663000,-54.719300,GOES-19,2026-09-17 16:00:00
-12.663000,-54.719300,GOES-19,2026-09-17 16:10:00
-12.663000,-54.719300,GOES-19,2026-09-17 17:40:00
-12.644200,-54.700700,GOES-19,2026-09-17 15:00:00
-12.644200,-54.700700,GOES-19,2026-09-17 15:10:00
-12.644200,-54.700700,GOES-19,2026-09-17 15:20:00
-12.644200,-54.700700,GOES-19,2026-09-17 15:40:00
-12.644200,-54.700700,GOES-19,2026-09-17 15:50:00
-2.354300,-55.279700,GOES-19,2026-09-17 17:40:00
-2.354300,-55.279700,GOES-19,2026-09-17 17:50:00
-2.354300,-55.279700,GOES-19,2026-09-17 18:00:00
-2.354300,-55.279700,GOES-19,2026-09-17 18:10:00
-2.354300,-55.279700,GOES-19,2026-09-17 18:20:00
-2.354300,-55.279700,GOES-19,2026-09-17 18:30:00
-2.354300,-55.279700,GOES-19,2026-09-17 18:40:00
-2.354300,-55.279700,GOES-19,2026-09-17 18:50:00
-2.354300,-55.279700,GOES-19,2026-09-17 19:00:00
-2.354300,-55.259900,GOES-19,2026-09-17 15:50:00
-2.354300,-55.259900,GOES-19,2026-09-17 17:50:00
-2.354300,-55.259900,GOES-19,2026-09-17 18:00:00
-2.354300,-55.259900,GOES-19,2026-09-17 18:10:00
-2.354300,-55.259900,GOES-19,2026-09-17 18:20:00
-2.354300,-55.259900,GOES-19,2026-09-17 18:30:00
-2.354300,-55.259900,GOES-19,2026-09-17 18:40:00
-2.354300,-55.259900,GOES-19,2026-09-17 18:50:00
-2.372600,-55.259600,GOES-19,2026-09-17 18:50:00
-16.409200,-54.197000,GOES-19,2026-09-17 14:50:00
-7.497500,-55.005500,GOES-19,2026-09-17 18:40:00
-7.497500,-55.005500,GOES-19,2026-09-17 18:50:00
-4.430300,-55.086700,GOES-19,2026-09-17 18:30:00
-4.430300,-55.086700,GOES-19,2026-09-17 18:50:00
-7.962800,-54.897200,GOES-19,2026-09-17 18:50:00
-8.149500,-54.825100,GOES-19,2026-09-17 19:00:00
-8.168100,-54.823900,GOES-19,2026-09-17 18:20:00
-4.486000,-54.985200,GOES-19,2026-09-17 14:30:00
-4.486000,-54.985200,GOES-19,2026-09-17 18:40:00
-4.486000,-54.985200,GOES-19,2026-09-17 18:50:00
-8.168300,-54.803700,GOES-19,2026-09-17 14:40:00
-8.168300,-54.803700,GOES-19,2026-09-17 14:50:00
-4.486100,-54.965200,GOES-19,2026-09-17 15:10:00
-4.486100,-54.965200,GOES-19,2026-09-17 15:20:00
-8.373500,-54.750100,GOES-19,2026-09-17 18:50:00
-8.410800,-54.747600,GOES-19,2026-09-17 18:50:00
-8.411000,-54.727400,GOES-19,2026-09-17 18:50:00
-7.741000,-54.749900,GOES-19,2026-09-17 18:40:00
-7.759600,-54.748700,GOES-19,2026-09-17 18:30:00
-7.759600,-54.748700,GOES-19,2026-09-17 18:40:00
-7.759600,-54.748700,GOES-19,2026-09-17 18:50:00
-1.804900,-54.950800,GOES-19,2026-09-17 15:30:00
-1.804900,-54.950800,GOES-19,2026-09-17 15:40:00
-14.183700,-54.038200,GOES-19,2026-09-17 18:50:00
-15.597000,-53.863600,GOES-19,2026-09-17 15:30:00
-15.480600,-53.857700,GOES-19,2026-09-17 14:20:00
-10.853200,-54.091600,GOES-19,2026-09-17 14:20:00
-4.175700,-54.415800,GOES-19,2026-09-17 18:50:00
-10.892100,-53.985700,GOES-19,2026-09-17 13:40:00
-10.892100,-53.985700,GOES-19,2026-09-17 14:20:00
-10.892100,-53.985700,GOES-19,2026-09-17 14:40:00
-1.604200,-54.415000,GOES-19,2026-09-17 15:30:00
-14.466400,-53.209900,GOES-19,2026-09-17 18:00:00
-14.466800,-53.188900,GOES-19,2026-09-17 18:10:00
-14.316400,-52.955300,GOES-19,2026-09-17 17:30:00
-14.316400,-52.955300,GOES-19,2026-09-17 18:00:00
-14.316400,-52.955300,GOES-19,2026-09-17 18:10:00
-14.316400,-52.955300,GOES-19,2026-09-17 18:40:00
-6.395400,-53.634200,GOES-19,2026-09-17 18:40:00
-5.914700,-53.557500,GOES-19,2026-09-17 18:30:00
-5.914700,-53.557500,GOES-19,2026-09-17 18:40:00
-5.914700,-53.557500,GOES-19,2026-09-17 18:50:00
-5.914700,-53.557500,GOES-19,2026-09-17 19:00:00
-5.914700,-53.557500,GOES-19,2026-09-17 19:20:00
-5.914700,-53.557500,GOES-19,2026-09-17 19:30:00
-5.933200,-53.556500,GOES-19,2026-09-17 18:30:00
-5.933200,-53.556500,GOES-19,2026-09-17 19:20:00
-5.933200,-53.556500,GOES-19,2026-09-17 19:30:00
-5.914800,-53.537200,GOES-19,2026-09-17 18:30:00
-5.914800,-53.537200,GOES-19,2026-09-17 18:40:00
-5.914800,-53.537200,GOES-19,2026-09-17 18:50:00
-5.914800,-53.537200,GOES-19,2026-09-17 19:00:00
-5.914800,-53.537200,GOES-19,2026-09-17 19:20:00
-5.914800,-53.537200,GOES-19,2026-09-17 19:30:00
-5.933300,-53.536200,GOES-19,2026-09-17 18:30:00
-5.933300,-53.536200,GOES-19,2026-09-17 18:40:00
-5.933300,-53.536200,GOES-19,2026-09-17 18:50:00
-5.933300,-53.536200,GOES-19,2026-09-17 19:00:00
-5.933300,-53.536200,GOES-19,2026-09-17 19:20:00
-5.933300,-53.536200,GOES-19,2026-09-17 19:30:00
-5.896300,-53.538100,GOES-19,2026-09-17 18:30:00
-5.896300,-53.538100,GOES-19,2026-09-17 18:40:00
-5.896300,-53.538100,GOES-19,2026-09-17 18:50:00
-5.896300,-53.538100,GOES-19,2026-09-17 19:00:00
-5.896300,-53.538100,GOES-19,2026-09-17 19:20:00
-5.896300,-53.538100,GOES-19,2026-09-17 19:30:00
-5.896500,-53.517800,GOES-19,2026-09-17 18:40:00
-5.896500,-53.517800,GOES-19,2026-09-17 18:50:00
-5.896500,-53.517800,GOES-19,2026-09-17 19:00:00
-5.896500,-53.517800,GOES-19,2026-09-17 19:20:00
-5.896500,-53.517800,GOES-19,2026-09-17 19:30:00
-5.915000,-53.516800,GOES-19,2026-09-17 18:30:00
-5.915000,-53.516800,GOES-19,2026-09-17 18:40:00
-5.915000,-53.516800,GOES-19,2026-09-17 18:50:00
-5.915000,-53.516800,GOES-19,2026-09-17 19:00:00
-5.915000,-53.516800,GOES-19,2026-09-17 19:20:00
-5.915000,-53.516800,GOES-19,2026-09-17 19:30:00
-5.933500,-53.515900,GOES-19,2026-09-17 18:30:00
-5.933500,-53.515900,GOES-19,2026-09-17 18:40:00
-5.933500,-53.515900,GOES-19,2026-09-17 18:50:00
-5.933500,-53.515900,GOES-19,2026-09-17 19:00:00
-3.888300,-52.808100,GOES-19,2026-09-17 18:20:00
-3.888300,-52.808100,GOES-19,2026-09-17 18:30:00
-3.888300,-52.808100,GOES-19,2026-09-17 19:20:00
-13.698500,-51.933800,GOES-19,2026-09-17 14:10:00
-13.717700,-51.931400,GOES-19,2026-09-17 13:00:00
-13.717700,-51.931400,GOES-19,2026-09-17 13:10:00
-13.717700,-51.931400,GOES-19,2026-09-17 14:10:00
-13.717700,-51.931400,GOES-19,2026-09-17 14:20:00
-13.717700,-51.931400,GOES-19,2026-09-17 14:30:00
-13.717700,-51.931400,GOES-19,2026-09-17 15:20:00
-13.718100,-51.910100,GOES-19,2026-09-17 13:00:00
-13.718100,-51.910100,GOES-19,2026-09-17 13:10:00
-13.718100,-51.910100,GOES-19,2026-09-17 14:10:00
-13.698800,-51.912500,GOES-19,2026-09-17 14:10:00
-13.698800,-51.912500,GOES-19,2026-09-17 14:30:00
-13.317500,-51.769000,GOES-19,2026-09-17 15:10:00
-13.317800,-51.747700,GOES-19,2026-09-17 14:20:00
-13.317800,-51.747700,GOES-19,2026-09-17 14:30:00
-13.317800,-51.747700,GOES-19,2026-09-17 14:50:00
-13.317800,-51.747700,GOES-19,2026-09-17 15:10:00
-5.738400,-52.258400,GOES-19,2026-09-17 18:40:00
-13.286000,-51.347300,GOES-19,2026-09-17 15:20:00
-13.305200,-51.344900,GOES-19,2026-09-17 13:00:00
-13.305200,-51.344900,GOES-19,2026-09-17 13:40:00
-13.305200,-51.344900,GOES-19,2026-09-17 13:50:00
-13.305200,-51.344900,GOES-19,2026-09-17 14:00:00
-13.305200,-51.344900,GOES-19,2026-09-17 14:10:00
-13.305200,-51.344900,GOES-19,2026-09-17 14:20:00
-13.305200,-51.344900,GOES-19,2026-09-17 14:30:00
-13.305200,-51.344900,GOES-19,2026-09-17 14:40:00
-13.305200,-51.344900,GOES-19,2026-09-17 14:50:00
-13.305200,-51.344900,GOES-19,2026-09-17 15:00:00
-13.305200,-51.344900,GOES-19,2026-09-17 15:10:00
-13.305200,-51.344900,GOES-19,2026-09-17 15:20:00
-13.305900,-51.302200,GOES-19,2026-09-17 15:00:00
-13.305900,-51.302200,GOES-19,2026-09-17 15:10:00
-12.789400,-51.280700,GOES-19,2026-09-17 14:20:00
-12.789400,-51.280700,GOES-19,2026-09-17 14:30:00
-5.741800,-51.762900,GOES-19,2026-09-17 15:10:00
-5.723700,-51.701700,GOES-19,2026-09-17 15:00:00
-5.723700,-51.701700,GOES-19,2026-09-17 15:10:00
-5.723700,-51.701700,GOES-19,2026-09-17 15:20:00
-5.650000,-51.643400,GOES-19,2026-09-17 18:30:00
-12.661800,-50.890700,GOES-19,2026-09-17 14:00:00
-12.680900,-50.888300,GOES-19,2026-09-17 14:00:00
-12.643000,-50.871600,GOES-19,2026-09-17 14:10:00
-12.662100,-50.869300,GOES-19,2026-09-17 13:40:00
-12.662100,-50.869300,GOES-19,2026-09-17 13:50:00
-12.662100,-50.869300,GOES-19,2026-09-17 14:00:00
-12.662100,-50.869300,GOES-19,2026-09-17 14:10:00
-12.681300,-50.866900,GOES-19,2026-09-17 13:20:00
-12.681300,-50.866900,GOES-19,2026-09-17 13:40:00
-12.681300,-50.866900,GOES-19,2026-09-17 14:00:00
-12.681300,-50.866900,GOES-19,2026-09-17 14:10:00
-12.681300,-50.866900,GOES-19,2026-09-17 14:20:00
-12.490000,-50.890100,GOES-19,2026-09-17 13:50:00
-12.528200,-50.885500,GOES-19,2026-09-17 13:10:00
-12.528200,-50.885500,GOES-19,2026-09-17 13:20:00
-12.528200,-50.885500,GOES-19,2026-09-17 13:40:00
-12.528200,-50.885500,GOES-19,2026-09-17 13:50:00
-12.432900,-50.875600,GOES-19,2026-09-17 06:20:00
-12.471200,-50.871000,GOES-19,2026-09-17 02:40:00
-12.471200,-50.871000,GOES-19,2026-09-17 03:40:00
-12.490300,-50.868700,GOES-19,2026-09-17 02:40:00
-12.490300,-50.868700,GOES-19,2026-09-17 03:20:00
-12.490300,-50.868700,GOES-19,2026-09-17 03:30:00
-12.490300,-50.868700,GOES-19,2026-09-17 03:40:00
-12.490300,-50.868700,GOES-19,2026-09-17 13:50:00
-12.509400,-50.866400,GOES-19,2026-09-17 02:40:00
-12.509400,-50.866400,GOES-19,2026-09-17 13:50:00
-12.509400,-50.866400,GOES-19,2026-09-17 14:00:00
-12.509400,-50.866400,GOES-19,2026-09-17 14:10:00
-12.528500,-50.864100,GOES-19,2026-09-17 12:00:00
-12.528500,-50.864100,GOES-19,2026-09-17 12:20:00
-12.528500,-50.864100,GOES-19,2026-09-17 12:40:00
-12.528500,-50.864100,GOES-19,2026-09-17 13:10:00
-12.528500,-50.864100,GOES-19,2026-09-17 13:20:00
-12.528500,-50.864100,GOES-19,2026-09-17 13:30:00
-12.528500,-50.864100,GOES-19,2026-09-17 13:40:00
-12.528500,-50.864100,GOES-19,2026-09-17 13:50:00
-12.528500,-50.864100,GOES-19,2026-09-17 14:00:00
-12.528500,-50.864100,GOES-19,2026-09-17 14:10:00
-12.681600,-50.845500,GOES-19,2026-09-17 12:30:00
-12.681600,-50.845500,GOES-19,2026-09-17 12:40:00
-12.681600,-50.845500,GOES-19,2026-09-17 13:20:00
-12.681600,-50.845500,GOES-19,2026-09-17 13:40:00
-12.681600,-50.845500,GOES-19,2026-09-17 13:50:00
-12.681600,-50.845500,GOES-19,2026-09-17 14:10:00
-12.681600,-50.845500,GOES-19,2026-09-17 14:20:00
-12.356800,-50.863400,GOES-19,2026-09-17 07:40:00
-12.356800,-50.863400,GOES-19,2026-09-17 08:00:00
-12.356800,-50.863400,GOES-19,2026-09-17 08:10:00
-12.356800,-50.863400,GOES-19,2026-09-17 08:30:00
-12.356800,-50.863400,GOES-19,2026-09-17 08:40:00
-12.356800,-50.863400,GOES-19,2026-09-17 11:30:00
-12.356800,-50.863400,GOES-19,2026-09-17 11:50:00
-12.356800,-50.863400,GOES-19,2026-09-17 12:00:00
-12.356800,-50.863400,GOES-19,2026-09-17 12:20:00
-12.356800,-50.863400,GOES-19,2026-09-17 12:30:00
-12.356800,-50.863400,GOES-19,2026-09-17 12:40:00
-12.356800,-50.863400,GOES-19,2026-09-17 13:30:00
-12.356800,-50.863400,GOES-19,2026-09-17 13:40:00
-12.356800,-50.863400,GOES-19,2026-09-17 13:50:00
-12.356800,-50.863400,GOES-19,2026-09-17 14:30:00
-12.356800,-50.863400,GOES-19,2026-09-17 14:40:00
-12.433300,-50.854200,GOES-19,2026-09-17 06:20:00
-12.433300,-50.854200,GOES-19,2026-09-17 06:30:00
-12.452400,-50.851900,GOES-19,2026-09-17 03:30:00
-12.452400,-50.851900,GOES-19,2026-09-17 03:50:00
-12.452400,-50.851900,GOES-19,2026-09-17 06:20:00
-12.471500,-50.849600,GOES-19,2026-09-17 02:40:00
-12.471500,-50.849600,GOES-19,2026-09-17 03:10:00
-12.471500,-50.849600,GOES-19,2026-09-17 03:20:00
-12.471500,-50.849600,GOES-19,2026-09-17 03:30:00
-12.471500,-50.849600,GOES-19,2026-09-17 03:40:00
-12.471500,-50.849600,GOES-19,2026-09-17 03:50:00
-12.490600,-50.847300,GOES-19,2026-09-17 02:40:00
-12.490600,-50.847300,GOES-19,2026-09-17 03:10:00
-12.490600,-50.847300,GOES-19,2026-09-17 03:20:00
-12.490600,-50.847300,GOES-19,2026-09-17 03:30:00
-12.490600,-50.847300,GOES-19,2026-09-17 03:40:00
-12.490600,-50.847300,GOES-19,2026-09-17 03:50:00
-12.490600,-50.847300,GOES-19,2026-09-17 04:00:00
-12.509700,-50.845000,GOES-19,2026-09-17 00:10:00
-12.509700,-50.845000,GOES-19,2026-09-17 02:40:00
-12.509700,-50.845000,GOES-19,2026-09-17 03:10:00
-12.509700,-50.845000,GOES-19,2026-09-17 03:20:00
-12.509700,-50.845000,GOES-19,2026-09-17 03:30:00
-12.509700,-50.845000,GOES-19,2026-09-17 03:40:00
-12.509700,-50.845000,GOES-19,2026-09-17 03:50:00
-12.509700,-50.845000,GOES-19,2026-09-17 13:50:00
-12.509700,-50.845000,GOES-19,2026-09-17 14:00:00
-12.528900,-50.842700,GOES-19,2026-09-17 00:10:00
-12.528900,-50.842700,GOES-19,2026-09-17 13:50:00
-12.528900,-50.842700,GOES-19,2026-09-17 14:00:00
-12.528900,-50.842700,GOES-19,2026-09-17 14:10:00
-12.701100,-50.821700,GOES-19,2026-09-17 14:20:00
-12.357100,-50.842000,GOES-19,2026-09-17 07:10:00
-12.357100,-50.842000,GOES-19,2026-09-17 07:20:00
-12.357100,-50.842000,GOES-19,2026-09-17 07:30:00
-12.357100,-50.842000,GOES-19,2026-09-17 07:40:00
-12.357100,-50.842000,GOES-19,2026-09-17 07:50:00
-12.357100,-50.842000,GOES-19,2026-09-17 08:00:00
-12.357100,-50.842000,GOES-19,2026-09-17 08:10:00
-12.357100,-50.842000,GOES-19,2026-09-17 08:20:00
-12.357100,-50.842000,GOES-19,2026-09-17 08:30:00
-12.357100,-50.842000,GOES-19,2026-09-17 08:40:00
-12.357100,-50.842000,GOES-19,2026-09-17 11:50:00
-12.357100,-50.842000,GOES-19,2026-09-17 12:30:00
-12.357100,-50.842000,GOES-19,2026-09-17 13:30:00
-12.357100,-50.842000,GOES-19,2026-09-17 13:40:00
-12.357100,-50.842000,GOES-19,2026-09-17 13:50:00
-12.357100,-50.842000,GOES-19,2026-09-17 14:20:00
-12.357100,-50.842000,GOES-19,2026-09-17 14:30:00
-12.357100,-50.842000,GOES-19,2026-09-17 14:40:00
-12.357100,-50.842000,GOES-19,2026-09-17 14:50:00
-12.433600,-50.832800,GOES-19,2026-09-17 06:20:00
-12.433600,-50.832800,GOES-19,2026-09-17 15:30:00
-12.433600,-50.832800,GOES-19,2026-09-17 16:00:00
-12.433600,-50.832800,GOES-19,2026-09-17 16:20:00
-12.452700,-50.830500,GOES-19,2026-09-17 02:40:00
-12.452700,-50.830500,GOES-19,2026-09-17 03:10:00
-12.452700,-50.830500,GOES-19,2026-09-17 03:20:00
-12.452700,-50.830500,GOES-19,2026-09-17 03:30:00
-12.452700,-50.830500,GOES-19,2026-09-17 03:40:00
-12.452700,-50.830500,GOES-19,2026-09-17 03:50:00
-12.452700,-50.830500,GOES-19,2026-09-17 06:20:00
-12.471800,-50.828200,GOES-19,2026-09-17 02:30:00
-12.471800,-50.828200,GOES-19,2026-09-17 02:40:00
-12.471800,-50.828200,GOES-19,2026-09-17 03:10:00
-12.471800,-50.828200,GOES-19,2026-09-17 03:20:00
-12.471800,-50.828200,GOES-19,2026-09-17 03:30:00
-12.471800,-50.828200,GOES-19,2026-09-17 03:40:00
-12.471800,-50.828200,GOES-19,2026-09-17 03:50:00
-12.471800,-50.828200,GOES-19,2026-09-17 04:00:00
-12.491000,-50.825900,GOES-19,2026-09-17 02:30:00
-12.491000,-50.825900,GOES-19,2026-09-17 02:40:00
-12.491000,-50.825900,GOES-19,2026-09-17 03:10:00
-12.491000,-50.825900,GOES-19,2026-09-17 03:20:00
-12.491000,-50.825900,GOES-19,2026-09-17 03:30:00
-12.491000,-50.825900,GOES-19,2026-09-17 03:40:00
-12.491000,-50.825900,GOES-19,2026-09-17 03:50:00
-12.491000,-50.825900,GOES-19,2026-09-17 04:00:00
-12.510100,-50.823600,GOES-19,2026-09-17 00:10:00
-12.510100,-50.823600,GOES-19,2026-09-17 02:40:00
-12.510100,-50.823600,GOES-19,2026-09-17 03:10:00
-12.510100,-50.823600,GOES-19,2026-09-17 03:20:00
-12.510100,-50.823600,GOES-19,2026-09-17 03:30:00
-12.510100,-50.823600,GOES-19,2026-09-17 03:40:00
-12.510100,-50.823600,GOES-19,2026-09-17 03:50:00
-12.682300,-50.802600,GOES-19,2026-09-17 12:40:00
-12.682300,-50.802600,GOES-19,2026-09-17 13:00:00
-12.682300,-50.802600,GOES-19,2026-09-17 13:20:00
-12.682300,-50.802600,GOES-19,2026-09-17 13:30:00
-12.682300,-50.802600,GOES-19,2026-09-17 13:40:00
-12.682300,-50.802600,GOES-19,2026-09-17 14:00:00
-12.682300,-50.802600,GOES-19,2026-09-17 14:10:00
-12.682300,-50.802600,GOES-19,2026-09-17 14:30:00
-12.682300,-50.802600,GOES-19,2026-09-17 15:30:00
-12.090200,-50.852100,GOES-19,2026-09-17 15:00:00
-12.319300,-50.825100,GOES-19,2026-09-17 08:40:00
-12.319300,-50.825100,GOES-19,2026-09-17 13:40:00
-12.319300,-50.825100,GOES-19,2026-09-17 13:50:00
-12.319300,-50.825100,GOES-19,2026-09-17 14:10:00
-12.319300,-50.825100,GOES-19,2026-09-17 14:20:00
-12.319300,-50.825100,GOES-19,2026-09-17 14:30:00
-12.319300,-50.825100,GOES-19,2026-09-17 14:40:00
-12.319300,-50.825100,GOES-19,2026-09-17 14:50:00
-12.319300,-50.825100,GOES-19,2026-09-17 15:00:00
-12.319300,-50.825100,GOES-19,2026-09-17 22:00:00
-12.319300,-50.825100,GOES-19,2026-09-17 22:10:00
-12.319300,-50.825100,GOES-19,2026-09-17 22:20:00
-12.319300,-50.825100,GOES-19,2026-09-17 22:30:00
-12.319300,-50.825100,GOES-19,2026-09-17 22:40:00
-12.319300,-50.825100,GOES-19,2026-09-17 22:50:00
-12.319300,-50.825100,GOES-19,2026-09-17 23:00:00
-12.338400,-50.822800,GOES-19,2026-09-17 07:40:00
-12.338400,-50.822800,GOES-19,2026-09-17 07:50:00
-12.338400,-50.822800,GOES-19,2026-09-17 08:00:00
-12.338400,-50.822800,GOES-19,2026-09-17 08:10:00
-12.338400,-50.822800,GOES-19,2026-09-17 08:20:00
-12.338400,-50.822800,GOES-19,2026-09-17 08:30:00
-12.338400,-50.822800,GOES-19,2026-09-17 08:40:00
-12.338400,-50.822800,GOES-19,2026-09-17 13:30:00
-12.338400,-50.822800,GOES-19,2026-09-17 13:40:00
-12.338400,-50.822800,GOES-19,2026-09-17 13:50:00
-12.338400,-50.822800,GOES-19,2026-09-17 14:10:00
-12.338400,-50.822800,GOES-19,2026-09-17 14:20:00
-12.338400,-50.822800,GOES-19,2026-09-17 14:30:00
-12.338400,-50.822800,GOES-19,2026-09-17 14:40:00
-12.338400,-50.822800,GOES-19,2026-09-17 14:50:00
-12.338400,-50.822800,GOES-19,2026-09-17 22:10:00
-12.414800,-50.813700,GOES-19,2026-09-17 06:20:00
-12.414800,-50.813700,GOES-19,2026-09-17 06:30:00
-12.414800,-50.813700,GOES-19,2026-09-17 06:40:00
-12.414800,-50.813700,GOES-19,2026-09-17 08:40:00
-12.414800,-50.813700,GOES-19,2026-09-17 13:50:00
-12.414800,-50.813700,GOES-19,2026-09-17 14:00:00
-12.414800,-50.813700,GOES-19,2026-09-17 14:40:00
-12.414800,-50.813700,GOES-19,2026-09-17 14:50:00
-12.414800,-50.813700,GOES-19,2026-09-17 15:20:00
-12.414800,-50.813700,GOES-19,2026-09-17 15:30:00
-12.414800,-50.813700,GOES-19,2026-09-17 15:40:00
-12.414800,-50.813700,GOES-19,2026-09-17 15:50:00
-12.414800,-50.813700,GOES-19,2026-09-17 16:00:00
-12.414800,-50.813700,GOES-19,2026-09-17 16:20:00
-12.433900,-50.811400,GOES-19,2026-09-17 06:20:00
-12.433900,-50.811400,GOES-19,2026-09-17 14:40:00
-12.433900,-50.811400,GOES-19,2026-09-17 15:20:00
-12.433900,-50.811400,GOES-19,2026-09-17 15:30:00
-12.433900,-50.811400,GOES-19,2026-09-17 15:50:00
-12.433900,-50.811400,GOES-19,2026-09-17 16:00:00
-12.453000,-50.809100,GOES-19,2026-09-17 02:40:00
-12.453000,-50.809100,GOES-19,2026-09-17 03:10:00
-12.453000,-50.809100,GOES-19,2026-09-17 03:20:00
-12.453000,-50.809100,GOES-19,2026-09-17 03:30:00
-12.453000,-50.809100,GOES-19,2026-09-17 03:40:00
-12.453000,-50.809100,GOES-19,2026-09-17 03:50:00
-12.453000,-50.809100,GOES-19,2026-09-17 04:00:00
-12.472200,-50.806800,GOES-19,2026-09-17 02:30:00
-12.472200,-50.806800,GOES-19,2026-09-17 02:40:00
-12.472200,-50.806800,GOES-19,2026-09-17 03:10:00
-12.472200,-50.806800,GOES-19,2026-09-17 03:20:00
-12.472200,-50.806800,GOES-19,2026-09-17 03:30:00
-12.472200,-50.806800,GOES-19,2026-09-17 03:40:00
-12.472200,-50.806800,GOES-19,2026-09-17 03:50:00
-12.472200,-50.806800,GOES-19,2026-09-17 04:00:00
-12.491300,-50.804500,GOES-19,2026-09-17 00:10:00
-12.491300,-50.804500,GOES-19,2026-09-17 02:30:00
-12.491300,-50.804500,GOES-19,2026-09-17 02:40:00
-12.491300,-50.804500,GOES-19,2026-09-17 03:20:00
-12.491300,-50.804500,GOES-19,2026-09-17 03:30:00
-12.491300,-50.804500,GOES-19,2026-09-17 03:40:00
-12.491300,-50.804500,GOES-19,2026-09-17 03:50:00
-12.491300,-50.804500,GOES-19,2026-09-17 04:00:00
-12.663500,-50.783500,GOES-19,2026-09-17 13:20:00
-12.663500,-50.783500,GOES-19,2026-09-17 13:40:00
-12.663500,-50.783500,GOES-19,2026-09-17 13:50:00
-12.663500,-50.783500,GOES-19,2026-09-17 14:00:00
-12.663500,-50.783500,GOES-19,2026-09-17 14:10:00
-12.663500,-50.783500,GOES-19,2026-09-17 14:20:00
-12.663500,-50.783500,GOES-19,2026-09-17 14:30:00
-12.663500,-50.783500,GOES-19,2026-09-17 14:40:00
-12.663500,-50.783500,GOES-19,2026-09-17 14:50:00
-12.663500,-50.783500,GOES-19,2026-09-17 15:00:00
-12.663500,-50.783500,GOES-19,2026-09-17 15:10:00
-12.663500,-50.783500,GOES-19,2026-09-17 15:20:00
-12.682600,-50.781100,GOES-19,2026-09-17 13:00:00
-12.682600,-50.781100,GOES-19,2026-09-17 13:10:00
-12.682600,-50.781100,GOES-19,2026-09-17 13:20:00
-12.682600,-50.781100,GOES-19,2026-09-17 13:30:00
-12.682600,-50.781100,GOES-19,2026-09-17 13:40:00
-12.682600,-50.781100,GOES-19,2026-09-17 13:50:00
-12.682600,-50.781100,GOES-19,2026-09-17 14:00:00
-12.682600,-50.781100,GOES-19,2026-09-17 14:10:00
-12.682600,-50.781100,GOES-19,2026-09-17 14:20:00
-12.682600,-50.781100,GOES-19,2026-09-17 14:30:00
-12.682600,-50.781100,GOES-19,2026-09-17 14:40:00
-12.682600,-50.781100,GOES-19,2026-09-17 14:50:00
-12.682600,-50.781100,GOES-19,2026-09-17 15:00:00
-12.682600,-50.781100,GOES-19,2026-09-17 15:10:00
-12.682600,-50.781100,GOES-19,2026-09-17 15:20:00
-12.338700,-50.801400,GOES-19,2026-09-17 07:50:00
-12.338700,-50.801400,GOES-19,2026-09-17 08:00:00
-12.338700,-50.801400,GOES-19,2026-09-17 08:10:00
-12.338700,-50.801400,GOES-19,2026-09-17 08:20:00
-12.338700,-50.801400,GOES-19,2026-09-17 08:30:00
-12.338700,-50.801400,GOES-19,2026-09-17 08:40:00
-12.338700,-50.801400,GOES-19,2026-09-17 13:30:00
-12.338700,-50.801400,GOES-19,2026-09-17 13:40:00
-12.338700,-50.801400,GOES-19,2026-09-17 13:50:00
-12.338700,-50.801400,GOES-19,2026-09-17 14:00:00
-12.338700,-50.801400,GOES-19,2026-09-17 14:10:00
-12.338700,-50.801400,GOES-19,2026-09-17 14:20:00
-12.338700,-50.801400,GOES-19,2026-09-17 14:30:00
-12.338700,-50.801400,GOES-19,2026-09-17 14:40:00
-12.338700,-50.801400,GOES-19,2026-09-17 14:50:00
-12.338700,-50.801400,GOES-19,2026-09-17 22:00:00
-12.357800,-50.799100,GOES-19,2026-09-17 07:10:00
-12.357800,-50.799100,GOES-19,2026-09-17 07:20:00
-12.357800,-50.799100,GOES-19,2026-09-17 07:30:00
-12.357800,-50.799100,GOES-19,2026-09-17 07:40:00
-12.357800,-50.799100,GOES-19,2026-09-17 07:50:00
-12.357800,-50.799100,GOES-19,2026-09-17 08:00:00
-12.357800,-50.799100,GOES-19,2026-09-17 08:10:00
-12.357800,-50.799100,GOES-19,2026-09-17 08:20:00
-12.357800,-50.799100,GOES-19,2026-09-17 08:30:00
-12.357800,-50.799100,GOES-19,2026-09-17 08:40:00
-12.357800,-50.799100,GOES-19,2026-09-17 13:30:00
-12.357800,-50.799100,GOES-19,2026-09-17 13:40:00
-12.357800,-50.799100,GOES-19,2026-09-17 13:50:00
-12.357800,-50.799100,GOES-19,2026-09-17 14:00:00
-12.357800,-50.799100,GOES-19,2026-09-17 14:10:00
-12.357800,-50.799100,GOES-19,2026-09-17 14:20:00
-12.357800,-50.799100,GOES-19,2026-09-17 14:30:00
-12.357800,-50.799100,GOES-19,2026-09-17 14:40:00
-12.357800,-50.799100,GOES-19,2026-09-17 14:50:00
-12.357800,-50.799100,GOES-19,2026-09-17 15:00:00
-12.357800,-50.799100,GOES-19,2026-09-17 15:10:00
-12.357800,-50.799100,GOES-19,2026-09-17 15:20:00
-12.357800,-50.799100,GOES-19,2026-09-17 15:40:00
-12.415100,-50.792300,GOES-19,2026-09-17 06:20:00
-12.415100,-50.792300,GOES-19,2026-09-17 06:30:00
-12.415100,-50.792300,GOES-19,2026-09-17 06:40:00
-12.415100,-50.792300,GOES-19,2026-09-17 06:50:00
-12.415100,-50.792300,GOES-19,2026-09-17 07:00:00
-12.415100,-50.792300,GOES-19,2026-09-17 07:10:00
-12.415100,-50.792300,GOES-19,2026-09-17 07:20:00
-12.415100,-50.792300,GOES-19,2026-09-17 08:20:00
-12.415100,-50.792300,GOES-19,2026-09-17 08:30:00
-12.415100,-50.792300,GOES-19,2026-09-17 08:40:00
-12.415100,-50.792300,GOES-19,2026-09-17 13:40:00
-12.415100,-50.792300,GOES-19,2026-09-17 13:50:00
-12.415100,-50.792300,GOES-19,2026-09-17 14:00:00
-12.415100,-50.792300,GOES-19,2026-09-17 14:40:00
-12.415100,-50.792300,GOES-19,2026-09-17 14:50:00
-12.415100,-50.792300,GOES-19,2026-09-17 15:00:00
-12.415100,-50.792300,GOES-19,2026-09-17 15:10:00
-12.415100,-50.792300,GOES-19,2026-09-17 15:20:00
-12.415100,-50.792300,GOES-19,2026-09-17 15:30:00
-12.415100,-50.792300,GOES-19,2026-09-17 15:40:00
-12.415100,-50.792300,GOES-19,2026-09-17 15:50:00
-12.415100,-50.792300,GOES-19,2026-09-17 16:00:00
-12.434300,-50.790000,GOES-19,2026-09-17 06:20:00
-12.434300,-50.790000,GOES-19,2026-09-17 06:40:00
-12.434300,-50.790000,GOES-19,2026-09-17 07:20:00
-12.434300,-50.790000,GOES-19,2026-09-17 13:00:00
-12.434300,-50.790000,GOES-19,2026-09-17 13:20:00
-12.434300,-50.790000,GOES-19,2026-09-17 13:30:00
-12.434300,-50.790000,GOES-19,2026-09-17 13:40:00
-12.434300,-50.790000,GOES-19,2026-09-17 13:50:00
-12.434300,-50.790000,GOES-19,2026-09-17 14:40:00
-12.434300,-50.790000,GOES-19,2026-09-17 14:50:00
-12.434300,-50.790000,GOES-19,2026-09-17 15:20:00
-12.434300,-50.790000,GOES-19,2026-09-17 15:30:00
-12.434300,-50.790000,GOES-19,2026-09-17 15:40:00
-12.434300,-50.790000,GOES-19,2026-09-17 16:00:00
-12.453400,-50.787600,GOES-19,2026-09-17 03:10:00
-12.453400,-50.787600,GOES-19,2026-09-17 03:20:00
-12.453400,-50.787600,GOES-19,2026-09-17 03:30:00
-12.453400,-50.787600,GOES-19,2026-09-17 03:40:00
-12.453400,-50.787600,GOES-19,2026-09-17 04:00:00
-12.453400,-50.787600,GOES-19,2026-09-17 13:20:00
-12.453400,-50.787600,GOES-19,2026-09-17 13:30:00
-12.453400,-50.787600,GOES-19,2026-09-17 13:40:00
-12.453400,-50.787600,GOES-19,2026-09-17 15:50:00
-12.472500,-50.785300,GOES-19,2026-09-17 02:30:00
-12.472500,-50.785300,GOES-19,2026-09-17 02:40:00
-12.472500,-50.785300,GOES-19,2026-09-17 03:10:00
-12.472500,-50.785300,GOES-19,2026-09-17 03:20:00
-12.472500,-50.785300,GOES-19,2026-09-17 03:30:00
-12.472500,-50.785300,GOES-19,2026-09-17 03:40:00
-12.472500,-50.785300,GOES-19,2026-09-17 04:00:00
-12.491600,-50.783000,GOES-19,2026-09-17 00:10:00
-12.491600,-50.783000,GOES-19,2026-09-17 02:30:00
-12.491600,-50.783000,GOES-19,2026-09-17 02:40:00
-12.491600,-50.783000,GOES-19,2026-09-17 03:20:00
-12.491600,-50.783000,GOES-19,2026-09-17 03:30:00
-12.491600,-50.783000,GOES-19,2026-09-17 03:40:00
-12.491600,-50.783000,GOES-19,2026-09-17 04:00:00
-12.644700,-50.764400,GOES-19,2026-09-17 13:40:00
-12.644700,-50.764400,GOES-19,2026-09-17 13:50:00
-12.644700,-50.764400,GOES-19,2026-09-17 14:00:00
-12.644700,-50.764400,GOES-19,2026-09-17 14:10:00
-12.644700,-50.764400,GOES-19,2026-09-17 14:20:00
-12.644700,-50.764400,GOES-19,2026-09-17 14:30:00
-12.644700,-50.764400,GOES-19,2026-09-17 14:40:00
-12.644700,-50.764400,GOES-19,2026-09-17 14:50:00
-12.644700,-50.764400,GOES-19,2026-09-17 15:00:00
-12.644700,-50.764400,GOES-19,2026-09-17 15:10:00
-12.644700,-50.764400,GOES-19,2026-09-17 15:20:00
-12.644700,-50.764400,GOES-19,2026-09-17 15:30:00
-12.663800,-50.762000,GOES-19,2026-09-17 13:40:00
-12.663800,-50.762000,GOES-19,2026-09-17 13:50:00
-12.663800,-50.762000,GOES-19,2026-09-17 14:00:00
-12.663800,-50.762000,GOES-19,2026-09-17 14:10:00
-12.663800,-50.762000,GOES-19,2026-09-17 14:20:00
-12.663800,-50.762000,GOES-19,2026-09-17 14:30:00
-12.663800,-50.762000,GOES-19,2026-09-17 14:40:00
-12.663800,-50.762000,GOES-19,2026-09-17 14:50:00
-12.663800,-50.762000,GOES-19,2026-09-17 15:00:00
-12.663800,-50.762000,GOES-19,2026-09-17 15:10:00
-12.663800,-50.762000,GOES-19,2026-09-17 15:20:00
-12.663800,-50.762000,GOES-19,2026-09-17 15:30:00
-12.683000,-50.759700,GOES-19,2026-09-17 14:10:00
-12.683000,-50.759700,GOES-19,2026-09-17 14:20:00
-12.683000,-50.759700,GOES-19,2026-09-17 14:30:00
-12.683000,-50.759700,GOES-19,2026-09-17 15:00:00
-12.300800,-50.784600,GOES-19,2026-09-17 22:00:00
-12.300800,-50.784600,GOES-19,2026-09-17 22:10:00
-12.300800,-50.784600,GOES-19,2026-09-17 22:20:00
-12.300800,-50.784600,GOES-19,2026-09-17 22:30:00
-12.300800,-50.784600,GOES-19,2026-09-17 22:40:00
-12.300800,-50.784600,GOES-19,2026-09-17 22:50:00
-12.300800,-50.784600,GOES-19,2026-09-17 23:00:00
-12.300800,-50.784600,GOES-19,2026-09-17 23:10:00
-12.339000,-50.780000,GOES-19,2026-09-17 08:40:00
-12.339000,-50.780000,GOES-19,2026-09-17 22:00:00
-12.339000,-50.780000,GOES-19,2026-09-17 22:10:00
-12.339000,-50.780000,GOES-19,2026-09-17 22:20:00
-12.339000,-50.780000,GOES-19,2026-09-17 22:30:00
-12.339000,-50.780000,GOES-19,2026-09-17 22:40:00
-12.339000,-50.780000,GOES-19,2026-09-17 22:50:00
-12.339000,-50.780000,GOES-19,2026-09-17 23:00:00
-12.339000,-50.780000,GOES-19,2026-09-17 23:10:00
-12.339000,-50.780000,GOES-19,2026-09-17 23:30:00
-12.377200,-50.775400,GOES-19,2026-09-17 06:40:00
-12.377200,-50.775400,GOES-19,2026-09-17 06:50:00
-12.377200,-50.775400,GOES-19,2026-09-17 07:00:00
-12.377200,-50.775400,GOES-19,2026-09-17 07:10:00
-12.377200,-50.775400,GOES-19,2026-09-17 07:20:00
-12.377200,-50.775400,GOES-19,2026-09-17 07:30:00
-12.377200,-50.775400,GOES-19,2026-09-17 07:40:00
-12.377200,-50.775400,GOES-19,2026-09-17 08:00:00
-12.377200,-50.775400,GOES-19,2026-09-17 08:10:00
-12.377200,-50.775400,GOES-19,2026-09-17 08:20:00
-12.377200,-50.775400,GOES-19,2026-09-17 08:30:00
-12.377200,-50.775400,GOES-19,2026-09-17 08:40:00
-12.377200,-50.775400,GOES-19,2026-09-17 13:40:00
-12.377200,-50.775400,GOES-19,2026-09-17 13:50:00
-12.377200,-50.775400,GOES-19,2026-09-17 14:00:00
-12.377200,-50.775400,GOES-19,2026-09-17 14:10:00
-12.377200,-50.775400,GOES-19,2026-09-17 14:20:00
-12.377200,-50.775400,GOES-19,2026-09-17 14:30:00
-12.377200,-50.775400,GOES-19,2026-09-17 14:40:00
-12.377200,-50.775400,GOES-19,2026-09-17 14:50:00
-12.377200,-50.775400,GOES-19,2026-09-17 15:00:00
-12.377200,-50.775400,GOES-19,2026-09-17 15:10:00
-12.377200,-50.775400,GOES-19,2026-09-17 15:20:00
-12.377200,-50.775400,GOES-19,2026-09-17 15:50:00
-12.377200,-50.775400,GOES-19,2026-09-17 22:00:00
-12.377200,-50.775400,GOES-19,2026-09-17 22:10:00
-12.377200,-50.775400,GOES-19,2026-09-17 22:20:00
-12.377200,-50.775400,GOES-19,2026-09-17 22:30:00
-12.396400,-50.773100,GOES-19,2026-09-17 06:20:00
-12.396400,-50.773100,GOES-19,2026-09-17 06:30:00
-12.396400,-50.773100,GOES-19,2026-09-17 06:40:00
-12.396400,-50.773100,GOES-19,2026-09-17 06:50:00
-12.396400,-50.773100,GOES-19,2026-09-17 07:00:00
-12.396400,-50.773100,GOES-19,2026-09-17 07:10:00
-12.396400,-50.773100,GOES-19,2026-09-17 07:20:00
-12.396400,-50.773100,GOES-19,2026-09-17 07:30:00
-12.396400,-50.773100,GOES-19,2026-09-17 07:50:00
-12.396400,-50.773100,GOES-19,2026-09-17 08:00:00
-12.396400,-50.773100,GOES-19,2026-09-17 08:30:00
-12.396400,-50.773100,GOES-19,2026-09-17 08:40:00
-12.396400,-50.773100,GOES-19,2026-09-17 12:30:00
-12.396400,-50.773100,GOES-19,2026-09-17 12:40:00
-12.396400,-50.773100,GOES-19,2026-09-17 13:00:00
-12.396400,-50.773100,GOES-19,2026-09-17 13:20:00
-12.396400,-50.773100,GOES-19,2026-09-17 13:30:00
-12.396400,-50.773100,GOES-19,2026-09-17 13:40:00
-12.396400,-50.773100,GOES-19,2026-09-17 13:50:00
-12.396400,-50.773100,GOES-19,2026-09-17 14:00:00
-12.396400,-50.773100,GOES-19,2026-09-17 14:10:00
-12.396400,-50.773100,GOES-19,2026-09-17 14:30:00
-12.396400,-50.773100,GOES-19,2026-09-17 14:40:00
-12.396400,-50.773100,GOES-19,2026-09-17 14:50:00
-12.396400,-50.773100,GOES-19,2026-09-17 15:00:00
-12.396400,-50.773100,GOES-19,2026-09-17 15:10:00
-12.396400,-50.773100,GOES-19,2026-09-17 15:20:00
-12.396400,-50.773100,GOES-19,2026-09-17 15:30:00
-12.396400,-50.773100,GOES-19,2026-09-17 15:50:00
-12.396400,-50.773100,GOES-19,2026-09-17 22:00:00
-12.415500,-50.770800,GOES-19,2026-09-17 06:20:00
-12.415500,-50.770800,GOES-19,2026-09-17 06:40:00
-12.415500,-50.770800,GOES-19,2026-09-17 06:50:00
-12.415500,-50.770800,GOES-19,2026-09-17 07:20:00
-12.415500,-50.770800,GOES-19,2026-09-17 08:30:00
-12.415500,-50.770800,GOES-19,2026-09-17 08:40:00
-12.415500,-50.770800,GOES-19,2026-09-17 12:10:00
-12.415500,-50.770800,GOES-19,2026-09-17 13:00:00
-12.415500,-50.770800,GOES-19,2026-09-17 13:20:00
-12.415500,-50.770800,GOES-19,2026-09-17 13:30:00
-12.415500,-50.770800,GOES-19,2026-09-17 13:40:00
-12.415500,-50.770800,GOES-19,2026-09-17 13:50:00
-12.415500,-50.770800,GOES-19,2026-09-17 14:00:00
-12.415500,-50.770800,GOES-19,2026-09-17 14:10:00
-12.415500,-50.770800,GOES-19,2026-09-17 14:20:00
-12.415500,-50.770800,GOES-19,2026-09-17 14:30:00
-12.415500,-50.770800,GOES-19,2026-09-17 14:40:00
-12.415500,-50.770800,GOES-19,2026-09-17 14:50:00
-12.415500,-50.770800,GOES-19,2026-09-17 15:00:00
-12.415500,-50.770800,GOES-19,2026-09-17 15:10:00
-12.415500,-50.770800,GOES-19,2026-09-17 15:20:00
-12.415500,-50.770800,GOES-19,2026-09-17 15:30:00
-12.415500,-50.770800,GOES-19,2026-09-17 15:40:00
-12.415500,-50.770800,GOES-19,2026-09-17 15:50:00
-12.415500,-50.770800,GOES-19,2026-09-17 16:00:00
-12.434600,-50.768500,GOES-19,2026-09-17 06:20:00
-12.434600,-50.768500,GOES-19,2026-09-17 12:10:00
-12.434600,-50.768500,GOES-19,2026-09-17 12:50:00
-12.434600,-50.768500,GOES-19,2026-09-17 13:00:00
-12.434600,-50.768500,GOES-19,2026-09-17 13:20:00
-12.434600,-50.768500,GOES-19,2026-09-17 13:30:00
-12.434600,-50.768500,GOES-19,2026-09-17 13:40:00
-12.434600,-50.768500,GOES-19,2026-09-17 14:30:00
-12.434600,-50.768500,GOES-19,2026-09-17 14:40:00
-12.434600,-50.768500,GOES-19,2026-09-17 14:50:00
-12.434600,-50.768500,GOES-19,2026-09-17 15:10:00
-12.434600,-50.768500,GOES-19,2026-09-17 15:20:00
-12.434600,-50.768500,GOES-19,2026-09-17 15:30:00
-12.434600,-50.768500,GOES-19,2026-09-17 15:40:00
-12.434600,-50.768500,GOES-19,2026-09-17 15:50:00
-12.434600,-50.768500,GOES-19,2026-09-17 16:00:00
-12.453700,-50.766200,GOES-19,2026-09-17 04:00:00
-12.453700,-50.766200,GOES-19,2026-09-17 13:00:00
-12.453700,-50.766200,GOES-19,2026-09-17 13:10:00
-12.453700,-50.766200,GOES-19,2026-09-17 13:20:00
-12.453700,-50.766200,GOES-19,2026-09-17 13:30:00
-12.453700,-50.766200,GOES-19,2026-09-17 14:30:00
-12.453700,-50.766200,GOES-19,2026-09-17 14:50:00
-12.453700,-50.766200,GOES-19,2026-09-17 15:10:00
-12.453700,-50.766200,GOES-19,2026-09-17 15:20:00
-12.453700,-50.766200,GOES-19,2026-09-17 15:30:00
-12.453700,-50.766200,GOES-19,2026-09-17 15:40:00
-12.453700,-50.766200,GOES-19,2026-09-17 15:50:00
-12.453700,-50.766200,GOES-19,2026-09-17 16:00:00
-12.472800,-50.763900,GOES-19,2026-09-17 02:30:00
-12.472800,-50.763900,GOES-19,2026-09-17 02:40:00
-12.472800,-50.763900,GOES-19,2026-09-17 03:20:00
-12.472800,-50.763900,GOES-19,2026-09-17 03:30:00
-12.472800,-50.763900,GOES-19,2026-09-17 04:00:00
-12.472800,-50.763900,GOES-19,2026-09-17 13:00:00
-12.472800,-50.763900,GOES-19,2026-09-17 13:20:00
-12.472800,-50.763900,GOES-19,2026-09-17 13:30:00
-12.472800,-50.763900,GOES-19,2026-09-17 13:40:00
-12.492000,-50.761600,GOES-19,2026-09-17 02:30:00
-12.492000,-50.761600,GOES-19,2026-09-17 02:40:00
-12.492000,-50.761600,GOES-19,2026-09-17 03:30:00
-12.492000,-50.761600,GOES-19,2026-09-17 04:00:00
-12.492000,-50.761600,GOES-19,2026-09-17 13:10:00
-12.492000,-50.761600,GOES-19,2026-09-17 13:20:00
-12.492000,-50.761600,GOES-19,2026-09-17 13:30:00
-12.492000,-50.761600,GOES-19,2026-09-17 13:40:00
-12.511100,-50.759300,GOES-19,2026-09-17 13:00:00
-12.511100,-50.759300,GOES-19,2026-09-17 13:10:00
-12.511100,-50.759300,GOES-19,2026-09-17 13:20:00
-12.511100,-50.759300,GOES-19,2026-09-17 13:40:00
-12.511100,-50.759300,GOES-19,2026-09-17 13:50:00
-12.511100,-50.759300,GOES-19,2026-09-17 14:30:00
-12.511100,-50.759300,GOES-19,2026-09-17 14:40:00
-12.511100,-50.759300,GOES-19,2026-09-17 15:00:00
-12.530200,-50.756900,GOES-19,2026-09-17 13:20:00
-12.530200,-50.756900,GOES-19,2026-09-17 13:50:00
-12.262600,-50.789100,GOES-19,2026-09-17 23:00:00
-12.281700,-50.786800,GOES-19,2026-09-17 22:10:00
-12.281700,-50.786800,GOES-19,2026-09-17 22:30:00
-12.281700,-50.786800,GOES-19,2026-09-17 22:40:00
-12.281700,-50.786800,GOES-19,2026-09-17 22:50:00
-12.281700,-50.786800,GOES-19,2026-09-17 23:00:00
-12.281700,-50.786800,GOES-19,2026-09-17 23:10:00
-12.282100,-50.765400,GOES-19,2026-09-17 22:30:00
-12.282100,-50.765400,GOES-19,2026-09-17 22:40:00
-12.282100,-50.765400,GOES-19,2026-09-17 22:50:00
-12.282100,-50.765400,GOES-19,2026-09-17 23:00:00
-12.282100,-50.765400,GOES-19,2026-09-17 23:10:00
-12.301200,-50.763100,GOES-19,2026-09-17 22:00:00
-12.301200,-50.763100,GOES-19,2026-09-17 22:10:00
-12.301200,-50.763100,GOES-19,2026-09-17 22:20:00
-12.301200,-50.763100,GOES-19,2026-09-17 22:30:00
-12.301200,-50.763100,GOES-19,2026-09-17 22:40:00
-12.301200,-50.763100,GOES-19,2026-09-17 22:50:00
-12.301200,-50.763100,GOES-19,2026-09-17 23:00:00
-12.301200,-50.763100,GOES-19,2026-09-17 23:10:00
-12.320300,-50.760800,GOES-19,2026-09-17 22:00:00
-12.320300,-50.760800,GOES-19,2026-09-17 22:10:00
-12.320300,-50.760800,GOES-19,2026-09-17 22:20:00
-12.320300,-50.760800,GOES-19,2026-09-17 22:30:00
-12.320300,-50.760800,GOES-19,2026-09-17 22:40:00
-12.320300,-50.760800,GOES-19,2026-09-17 22:50:00
-12.320300,-50.760800,GOES-19,2026-09-17 23:00:00
-12.320300,-50.760800,GOES-19,2026-09-17 23:10:00
-12.339400,-50.758600,GOES-19,2026-09-17 22:00:00
-12.339400,-50.758600,GOES-19,2026-09-17 22:10:00
-12.339400,-50.758600,GOES-19,2026-09-17 22:20:00
-12.339400,-50.758600,GOES-19,2026-09-17 22:30:00
-12.339400,-50.758600,GOES-19,2026-09-17 22:40:00
-12.339400,-50.758600,GOES-19,2026-09-17 22:50:00
-12.339400,-50.758600,GOES-19,2026-09-17 23:00:00
-12.339400,-50.758600,GOES-19,2026-09-17 23:10:00
-12.339400,-50.758600,GOES-19,2026-09-17 23:20:00
-12.339400,-50.758600,GOES-19,2026-09-17 23:30:00
-12.339400,-50.758600,GOES-19,2026-09-17 23:40:00
-12.339400,-50.758600,GOES-19,2026-09-17 23:50:00
-12.396700,-50.751700,GOES-19,2026-09-17 15:10:00
-12.396700,-50.751700,GOES-19,2026-09-17 15:20:00
-12.396700,-50.751700,GOES-19,2026-09-17 15:30:00
-12.396700,-50.751700,GOES-19,2026-09-17 22:00:00
-12.396700,-50.751700,GOES-19,2026-09-17 22:10:00
-12.396700,-50.751700,GOES-19,2026-09-17 22:20:00
-12.396700,-50.751700,GOES-19,2026-09-17 22:30:00
-12.396700,-50.751700,GOES-19,2026-09-17 22:40:00
-12.396700,-50.751700,GOES-19,2026-09-17 22:50:00
-12.396700,-50.751700,GOES-19,2026-09-17 23:00:00
-12.396700,-50.751700,GOES-19,2026-09-17 23:10:00
-12.415800,-50.749400,GOES-19,2026-09-17 14:00:00
-12.415800,-50.749400,GOES-19,2026-09-17 14:10:00
-12.415800,-50.749400,GOES-19,2026-09-17 14:20:00
-12.415800,-50.749400,GOES-19,2026-09-17 14:30:00
-12.415800,-50.749400,GOES-19,2026-09-17 14:40:00
-12.415800,-50.749400,GOES-19,2026-09-17 14:50:00
-12.415800,-50.749400,GOES-19,2026-09-17 15:10:00
-12.415800,-50.749400,GOES-19,2026-09-17 15:20:00
-12.415800,-50.749400,GOES-19,2026-09-17 15:30:00
-12.415800,-50.749400,GOES-19,2026-09-17 15:40:00
-12.415800,-50.749400,GOES-19,2026-09-17 15:50:00
-12.415800,-50.749400,GOES-19,2026-09-17 22:00:00
-12.415800,-50.749400,GOES-19,2026-09-17 22:10:00
-12.415800,-50.749400,GOES-19,2026-09-17 22:20:00
-12.415800,-50.749400,GOES-19,2026-09-17 22:30:00
-12.415800,-50.749400,GOES-19,2026-09-17 22:40:00
-12.415800,-50.749400,GOES-19,2026-09-17 22:50:00
-12.415800,-50.749400,GOES-19,2026-09-17 23:00:00
-12.434900,-50.747100,GOES-19,2026-09-17 13:00:00
-12.434900,-50.747100,GOES-19,2026-09-17 13:10:00
-12.434900,-50.747100,GOES-19,2026-09-17 13:20:00
-12.434900,-50.747100,GOES-19,2026-09-17 13:30:00
-12.434900,-50.747100,GOES-19,2026-09-17 13:40:00
-12.434900,-50.747100,GOES-19,2026-09-17 13:50:00
-12.434900,-50.747100,GOES-19,2026-09-17 14:00:00
-12.434900,-50.747100,GOES-19,2026-09-17 14:20:00
-12.434900,-50.747100,GOES-19,2026-09-17 14:30:00
-12.434900,-50.747100,GOES-19,2026-09-17 14:40:00
-12.434900,-50.747100,GOES-19,2026-09-17 14:50:00
-12.434900,-50.747100,GOES-19,2026-09-17 15:10:00
-12.434900,-50.747100,GOES-19,2026-09-17 15:20:00
-12.434900,-50.747100,GOES-19,2026-09-17 15:30:00
-12.434900,-50.747100,GOES-19,2026-09-17 15:40:00
-12.434900,-50.747100,GOES-19,2026-09-17 15:50:00
-12.434900,-50.747100,GOES-19,2026-09-17 22:00:00
-12.434900,-50.747100,GOES-19,2026-09-17 22:10:00
-12.434900,-50.747100,GOES-19,2026-09-17 22:20:00
-12.434900,-50.747100,GOES-19,2026-09-17 22:30:00
-12.454000,-50.744800,GOES-19,2026-09-17 12:50:00
-12.454000,-50.744800,GOES-19,2026-09-17 13:00:00
-12.454000,-50.744800,GOES-19,2026-09-17 13:10:00
-12.454000,-50.744800,GOES-19,2026-09-17 13:20:00
-12.454000,-50.744800,GOES-19,2026-09-17 13:30:00
-12.454000,-50.744800,GOES-19,2026-09-17 13:40:00
-12.454000,-50.744800,GOES-19,2026-09-17 14:20:00
-12.454000,-50.744800,GOES-19,2026-09-17 14:30:00
-12.454000,-50.744800,GOES-19,2026-09-17 14:40:00
-12.454000,-50.744800,GOES-19,2026-09-17 14:50:00
-12.454000,-50.744800,GOES-19,2026-09-17 15:10:00
-12.454000,-50.744800,GOES-19,2026-09-17 15:20:00
-12.454000,-50.744800,GOES-19,2026-09-17 15:30:00
-12.454000,-50.744800,GOES-19,2026-09-17 15:40:00
-12.454000,-50.744800,GOES-19,2026-09-17 15:50:00
-12.473200,-50.742500,GOES-19,2026-09-17 13:30:00
-12.473200,-50.742500,GOES-19,2026-09-17 13:40:00
-12.473200,-50.742500,GOES-19,2026-09-17 14:30:00
-12.473200,-50.742500,GOES-19,2026-09-17 14:50:00
-12.473200,-50.742500,GOES-19,2026-09-17 15:00:00
-12.511400,-50.737800,GOES-19,2026-09-17 11:40:00
-12.511400,-50.737800,GOES-19,2026-09-17 11:50:00
-12.511400,-50.737800,GOES-19,2026-09-17 12:10:00
-12.511400,-50.737800,GOES-19,2026-09-17 12:20:00
-12.511400,-50.737800,GOES-19,2026-09-17 12:30:00
-12.511400,-50.737800,GOES-19,2026-09-17 12:40:00
-12.511400,-50.737800,GOES-19,2026-09-17 12:50:00
-12.511400,-50.737800,GOES-19,2026-09-17 13:00:00
-12.511400,-50.737800,GOES-19,2026-09-17 13:10:00
-12.511400,-50.737800,GOES-19,2026-09-17 13:20:00
-12.511400,-50.737800,GOES-19,2026-09-17 13:40:00
-12.511400,-50.737800,GOES-19,2026-09-17 13:50:00
-12.511400,-50.737800,GOES-19,2026-09-17 14:00:00
-12.511400,-50.737800,GOES-19,2026-09-17 14:10:00
-12.511400,-50.737800,GOES-19,2026-09-17 14:20:00
-12.511400,-50.737800,GOES-19,2026-09-17 14:30:00
-12.511400,-50.737800,GOES-19,2026-09-17 14:40:00
-12.511400,-50.737800,GOES-19,2026-09-17 14:50:00
-12.511400,-50.737800,GOES-19,2026-09-17 15:40:00
-12.530500,-50.735500,GOES-19,2026-09-17 12:30:00
-12.530500,-50.735500,GOES-19,2026-09-17 12:50:00
-12.530500,-50.735500,GOES-19,2026-09-17 13:00:00
-12.530500,-50.735500,GOES-19,2026-09-17 13:10:00
-12.530500,-50.735500,GOES-19,2026-09-17 13:20:00
-12.530500,-50.735500,GOES-19,2026-09-17 13:40:00
-12.530500,-50.735500,GOES-19,2026-09-17 13:50:00
-12.530500,-50.735500,GOES-19,2026-09-17 14:10:00
-12.530500,-50.735500,GOES-19,2026-09-17 14:40:00
-12.530500,-50.735500,GOES-19,2026-09-17 14:50:00
-12.530500,-50.735500,GOES-19,2026-09-17 15:00:00
-12.530500,-50.735500,GOES-19,2026-09-17 15:10:00
-12.530500,-50.735500,GOES-19,2026-09-17 15:20:00
-12.530500,-50.735500,GOES-19,2026-09-17 15:30:00
-12.530500,-50.735500,GOES-19,2026-09-17 15:40:00
-12.549700,-50.733200,GOES-19,2026-09-17 14:50:00
-12.549700,-50.733200,GOES-19,2026-09-17 15:00:00
-12.549700,-50.733200,GOES-19,2026-09-17 15:10:00
-12.549700,-50.733200,GOES-19,2026-09-17 15:30:00
-10.742300,-50.915200,GOES-19,2026-09-17 14:50:00
-10.742300,-50.915200,GOES-19,2026-09-17 15:00:00
-12.339700,-50.737100,GOES-19,2026-09-17 22:50:00
-12.339700,-50.737100,GOES-19,2026-09-17 23:00:00
-12.339700,-50.737100,GOES-19,2026-09-17 23:10:00
-12.339700,-50.737100,GOES-19,2026-09-17 23:20:00
-12.339700,-50.737100,GOES-19,2026-09-17 23:30:00
-12.339700,-50.737100,GOES-19,2026-09-17 23:40:00
-12.339700,-50.737100,GOES-19,2026-09-17 23:50:00
-12.358800,-50.734800,GOES-19,2026-09-17 22:00:00
-12.358800,-50.734800,GOES-19,2026-09-17 22:10:00
-12.358800,-50.734800,GOES-19,2026-09-17 22:20:00
-12.358800,-50.734800,GOES-19,2026-09-17 22:30:00
-12.358800,-50.734800,GOES-19,2026-09-17 22:40:00
-12.358800,-50.734800,GOES-19,2026-09-17 22:50:00
-12.358800,-50.734800,GOES-19,2026-09-17 23:00:00
-12.358800,-50.734800,GOES-19,2026-09-17 23:10:00
-12.358800,-50.734800,GOES-19,2026-09-17 23:20:00
-12.358800,-50.734800,GOES-19,2026-09-17 23:30:00
-12.358800,-50.734800,GOES-19,2026-09-17 23:40:00
-12.358800,-50.734800,GOES-19,2026-09-17 23:50:00
-12.377900,-50.732500,GOES-19,2026-09-17 22:00:00
-12.377900,-50.732500,GOES-19,2026-09-17 22:10:00
-12.377900,-50.732500,GOES-19,2026-09-17 22:20:00
-12.377900,-50.732500,GOES-19,2026-09-17 22:30:00
-12.377900,-50.732500,GOES-19,2026-09-17 22:40:00
-12.377900,-50.732500,GOES-19,2026-09-17 22:50:00
-12.377900,-50.732500,GOES-19,2026-09-17 23:00:00
-12.377900,-50.732500,GOES-19,2026-09-17 23:10:00
-12.377900,-50.732500,GOES-19,2026-09-17 23:20:00
-12.377900,-50.732500,GOES-19,2026-09-17 23:30:00
-12.377900,-50.732500,GOES-19,2026-09-17 23:40:00
-12.377900,-50.732500,GOES-19,2026-09-17 23:50:00
-12.397000,-50.730200,GOES-19,2026-09-17 22:00:00
-12.397000,-50.730200,GOES-19,2026-09-17 22:10:00
-12.397000,-50.730200,GOES-19,2026-09-17 22:20:00
-12.397000,-50.730200,GOES-19,2026-09-17 22:30:00
-12.397000,-50.730200,GOES-19,2026-09-17 22:40:00
-12.397000,-50.730200,GOES-19,2026-09-17 22:50:00
-12.397000,-50.730200,GOES-19,2026-09-17 23:00:00
-12.397000,-50.730200,GOES-19,2026-09-17 23:10:00
-12.397000,-50.730200,GOES-19,2026-09-17 23:20:00
-12.397000,-50.730200,GOES-19,2026-09-17 23:30:00
-12.397000,-50.730200,GOES-19,2026-09-17 23:40:00
-12.397000,-50.730200,GOES-19,2026-09-17 23:50:00
-12.435300,-50.725600,GOES-19,2026-09-17 12:40:00
-12.435300,-50.725600,GOES-19,2026-09-17 12:50:00
-12.435300,-50.725600,GOES-19,2026-09-17 13:00:00
-12.435300,-50.725600,GOES-19,2026-09-17 13:10:00
-12.435300,-50.725600,GOES-19,2026-09-17 13:20:00
-12.435300,-50.725600,GOES-19,2026-09-17 13:30:00
-12.435300,-50.725600,GOES-19,2026-09-17 13:40:00
-12.435300,-50.725600,GOES-19,2026-09-17 13:50:00
-12.435300,-50.725600,GOES-19,2026-09-17 14:00:00
-12.435300,-50.725600,GOES-19,2026-09-17 14:10:00
-12.435300,-50.725600,GOES-19,2026-09-17 14:20:00
-12.435300,-50.725600,GOES-19,2026-09-17 14:30:00
-12.435300,-50.725600,GOES-19,2026-09-17 14:40:00
-12.435300,-50.725600,GOES-19,2026-09-17 14:50:00
-12.435300,-50.725600,GOES-19,2026-09-17 15:00:00
-12.435300,-50.725600,GOES-19,2026-09-17 15:10:00
-12.435300,-50.725600,GOES-19,2026-09-17 15:20:00
-12.435300,-50.725600,GOES-19,2026-09-17 15:30:00
-12.435300,-50.725600,GOES-19,2026-09-17 15:50:00
-12.435300,-50.725600,GOES-19,2026-09-17 16:00:00
-12.435300,-50.725600,GOES-19,2026-09-17 22:00:00
-12.435300,-50.725600,GOES-19,2026-09-17 22:10:00
-12.435300,-50.725600,GOES-19,2026-09-17 22:20:00
-12.435300,-50.725600,GOES-19,2026-09-17 22:30:00
-12.435300,-50.725600,GOES-19,2026-09-17 22:40:00
-12.435300,-50.725600,GOES-19,2026-09-17 22:50:00
-12.473500,-50.721000,GOES-19,2026-09-17 12:40:00
-12.473500,-50.721000,GOES-19,2026-09-17 12:50:00
-12.473500,-50.721000,GOES-19,2026-09-17 13:30:00
-12.473500,-50.721000,GOES-19,2026-09-17 13:40:00
-12.473500,-50.721000,GOES-19,2026-09-17 13:50:00
-12.473500,-50.721000,GOES-19,2026-09-17 14:10:00
-12.473500,-50.721000,GOES-19,2026-09-17 14:20:00
-12.473500,-50.721000,GOES-19,2026-09-17 14:30:00
-12.473500,-50.721000,GOES-19,2026-09-17 14:50:00
-12.473500,-50.721000,GOES-19,2026-09-17 15:10:00
-12.473500,-50.721000,GOES-19,2026-09-17 15:20:00
-12.473500,-50.721000,GOES-19,2026-09-17 15:40:00
-12.473500,-50.721000,GOES-19,2026-09-17 22:00:00
-12.492600,-50.718700,GOES-19,2026-09-17 11:10:00
-12.492600,-50.718700,GOES-19,2026-09-17 11:30:00
-12.492600,-50.718700,GOES-19,2026-09-17 11:50:00
-12.492600,-50.718700,GOES-19,2026-09-17 12:30:00
-12.492600,-50.718700,GOES-19,2026-09-17 12:40:00
-12.492600,-50.718700,GOES-19,2026-09-17 12:50:00
-12.492600,-50.718700,GOES-19,2026-09-17 13:00:00
-12.492600,-50.718700,GOES-19,2026-09-17 13:10:00
-12.492600,-50.718700,GOES-19,2026-09-17 13:20:00
-12.492600,-50.718700,GOES-19,2026-09-17 13:30:00
-12.492600,-50.718700,GOES-19,2026-09-17 13:40:00
-12.492600,-50.718700,GOES-19,2026-09-17 13:50:00
-12.492600,-50.718700,GOES-19,2026-09-17 14:00:00
-12.492600,-50.718700,GOES-19,2026-09-17 14:10:00
-12.492600,-50.718700,GOES-19,2026-09-17 14:20:00
-12.492600,-50.718700,GOES-19,2026-09-17 14:30:00
-12.492600,-50.718700,GOES-19,2026-09-17 14:50:00
-12.492600,-50.718700,GOES-19,2026-09-17 15:10:00
-12.492600,-50.718700,GOES-19,2026-09-17 15:20:00
-12.492600,-50.718700,GOES-19,2026-09-17 15:40:00
-12.492600,-50.718700,GOES-19,2026-09-17 22:00:00
-12.492600,-50.718700,GOES-19,2026-09-17 22:10:00
-12.511800,-50.716400,GOES-19,2026-09-17 12:20:00
-12.511800,-50.716400,GOES-19,2026-09-17 12:30:00
-12.511800,-50.716400,GOES-19,2026-09-17 12:40:00
-12.511800,-50.716400,GOES-19,2026-09-17 12:50:00
-12.511800,-50.716400,GOES-19,2026-09-17 13:00:00
-12.511800,-50.716400,GOES-19,2026-09-17 13:10:00
-12.511800,-50.716400,GOES-19,2026-09-17 13:20:00
-12.511800,-50.716400,GOES-19,2026-09-17 13:30:00
-12.511800,-50.716400,GOES-19,2026-09-17 13:40:00
-12.511800,-50.716400,GOES-19,2026-09-17 13:50:00
-12.511800,-50.716400,GOES-19,2026-09-17 14:00:00
-12.511800,-50.716400,GOES-19,2026-09-17 14:10:00
-12.511800,-50.716400,GOES-19,2026-09-17 14:20:00
-12.511800,-50.716400,GOES-19,2026-09-17 14:30:00
-12.511800,-50.716400,GOES-19,2026-09-17 14:40:00
-12.511800,-50.716400,GOES-19,2026-09-17 14:50:00
-12.511800,-50.716400,GOES-19,2026-09-17 15:00:00
-12.511800,-50.716400,GOES-19,2026-09-17 15:10:00
-12.511800,-50.716400,GOES-19,2026-09-17 15:20:00
-12.511800,-50.716400,GOES-19,2026-09-17 15:40:00
-12.511800,-50.716400,GOES-19,2026-09-17 15:50:00
-12.511800,-50.716400,GOES-19,2026-09-17 22:00:00
-12.530900,-50.714000,GOES-19,2026-09-17 11:50:00
-12.530900,-50.714000,GOES-19,2026-09-17 12:00:00
-12.530900,-50.714000,GOES-19,2026-09-17 12:10:00
-12.530900,-50.714000,GOES-19,2026-09-17 12:20:00
-12.530900,-50.714000,GOES-19,2026-09-17 12:30:00
-12.530900,-50.714000,GOES-19,2026-09-17 12:40:00
-12.530900,-50.714000,GOES-19,2026-09-17 12:50:00
-12.530900,-50.714000,GOES-19,2026-09-17 13:00:00
-12.530900,-50.714000,GOES-19,2026-09-17 13:10:00
-12.530900,-50.714000,GOES-19,2026-09-17 13:20:00
-12.530900,-50.714000,GOES-19,2026-09-17 13:30:00
-12.530900,-50.714000,GOES-19,2026-09-17 13:40:00
-12.530900,-50.714000,GOES-19,2026-09-17 13:50:00
-12.530900,-50.714000,GOES-19,2026-09-17 14:00:00
-12.530900,-50.714000,GOES-19,2026-09-17 14:10:00
-12.530900,-50.714000,GOES-19,2026-09-17 14:20:00
-12.530900,-50.714000,GOES-19,2026-09-17 14:30:00
-12.530900,-50.714000,GOES-19,2026-09-17 14:40:00
-12.530900,-50.714000,GOES-19,2026-09-17 14:50:00
-12.530900,-50.714000,GOES-19,2026-09-17 15:00:00
-12.530900,-50.714000,GOES-19,2026-09-17 15:10:00
-12.530900,-50.714000,GOES-19,2026-09-17 15:20:00
-12.530900,-50.714000,GOES-19,2026-09-17 15:30:00
-12.530900,-50.714000,GOES-19,2026-09-17 15:40:00
-12.530900,-50.714000,GOES-19,2026-09-17 15:50:00
-12.550000,-50.711700,GOES-19,2026-09-17 13:20:00
-12.550000,-50.711700,GOES-19,2026-09-17 13:50:00
-12.550000,-50.711700,GOES-19,2026-09-17 14:00:00
-12.550000,-50.711700,GOES-19,2026-09-17 14:10:00
-12.550000,-50.711700,GOES-19,2026-09-17 14:30:00
-12.550000,-50.711700,GOES-19,2026-09-17 14:40:00
-12.550000,-50.711700,GOES-19,2026-09-17 14:50:00
-12.550000,-50.711700,GOES-19,2026-09-17 15:00:00
-12.550000,-50.711700,GOES-19,2026-09-17 15:10:00
-12.550000,-50.711700,GOES-19,2026-09-17 15:20:00
-12.550000,-50.711700,GOES-19,2026-09-17 15:30:00
-10.742600,-50.893900,GOES-19,2026-09-17 14:30:00
-10.742600,-50.893900,GOES-19,2026-09-17 14:40:00
-10.742600,-50.893900,GOES-19,2026-09-17 15:00:00
-10.742600,-50.893900,GOES-19,2026-09-17 15:10:00
-10.761500,-50.892000,GOES-19,2026-09-17 14:00:00
-10.761500,-50.892000,GOES-19,2026-09-17 14:40:00
-10.761500,-50.892000,GOES-19,2026-09-17 15:00:00
-10.761500,-50.892000,GOES-19,2026-09-17 15:10:00
-12.340000,-50.715700,GOES-19,2026-09-17 23:20:00
-12.340000,-50.715700,GOES-19,2026-09-17 23:30:00
-12.359100,-50.713400,GOES-19,2026-09-17 22:40:00
-12.359100,-50.713400,GOES-19,2026-09-17 22:50:00
-12.359100,-50.713400,GOES-19,2026-09-17 23:00:00
-12.359100,-50.713400,GOES-19,2026-09-17 23:10:00
-12.359100,-50.713400,GOES-19,2026-09-17 23:20:00
-12.359100,-50.713400,GOES-19,2026-09-17 23:30:00
-12.359100,-50.713400,GOES-19,2026-09-17 23:40:00
-12.359100,-50.713400,GOES-19,2026-09-17 23:50:00
-12.378200,-50.711100,GOES-19,2026-09-17 22:30:00
-12.378200,-50.711100,GOES-19,2026-09-17 22:40:00
-12.378200,-50.711100,GOES-19,2026-09-17 22:50:00
-12.378200,-50.711100,GOES-19,2026-09-17 23:00:00
-12.378200,-50.711100,GOES-19,2026-09-17 23:10:00
-12.378200,-50.711100,GOES-19,2026-09-17 23:20:00
-12.378200,-50.711100,GOES-19,2026-09-17 23:30:00
-12.378200,-50.711100,GOES-19,2026-09-17 23:40:00
-12.378200,-50.711100,GOES-19,2026-09-17 23:50:00
-12.397400,-50.708800,GOES-19,2026-09-17 22:10:00
-12.397400,-50.708800,GOES-19,2026-09-17 22:20:00
-12.397400,-50.708800,GOES-19,2026-09-17 22:30:00
-12.397400,-50.708800,GOES-19,2026-09-17 22:40:00
-12.397400,-50.708800,GOES-19,2026-09-17 22:50:00
-12.397400,-50.708800,GOES-19,2026-09-17 23:00:00
-12.397400,-50.708800,GOES-19,2026-09-17 23:10:00
-12.397400,-50.708800,GOES-19,2026-09-17 23:20:00
-12.397400,-50.708800,GOES-19,2026-09-17 23:30:00
-12.397400,-50.708800,GOES-19,2026-09-17 23:40:00
-12.397400,-50.708800,GOES-19,2026-09-17 23:50:00
-12.416500,-50.706500,GOES-19,2026-09-17 22:00:00
-12.416500,-50.706500,GOES-19,2026-09-17 22:10:00
-12.416500,-50.706500,GOES-19,2026-09-17 22:20:00
-12.416500,-50.706500,GOES-19,2026-09-17 22:30:00
-12.416500,-50.706500,GOES-19,2026-09-17 22:40:00
-12.416500,-50.706500,GOES-19,2026-09-17 22:50:00
-12.416500,-50.706500,GOES-19,2026-09-17 23:00:00
-12.416500,-50.706500,GOES-19,2026-09-17 23:10:00
-12.416500,-50.706500,GOES-19,2026-09-17 23:20:00
-12.416500,-50.706500,GOES-19,2026-09-17 23:30:00
-12.416500,-50.706500,GOES-19,2026-09-17 23:50:00
-12.435600,-50.704200,GOES-19,2026-09-17 12:20:00
-12.435600,-50.704200,GOES-19,2026-09-17 12:40:00
-12.435600,-50.704200,GOES-19,2026-09-17 12:50:00
-12.435600,-50.704200,GOES-19,2026-09-17 13:00:00
-12.435600,-50.704200,GOES-19,2026-09-17 13:30:00
-12.435600,-50.704200,GOES-19,2026-09-17 13:40:00
-12.435600,-50.704200,GOES-19,2026-09-17 13:50:00
-12.435600,-50.704200,GOES-19,2026-09-17 14:00:00
-12.435600,-50.704200,GOES-19,2026-09-17 14:10:00
-12.435600,-50.704200,GOES-19,2026-09-17 14:20:00
-12.435600,-50.704200,GOES-19,2026-09-17 14:30:00
-12.435600,-50.704200,GOES-19,2026-09-17 14:40:00
-12.435600,-50.704200,GOES-19,2026-09-17 14:50:00
-12.435600,-50.704200,GOES-19,2026-09-17 15:00:00
-12.435600,-50.704200,GOES-19,2026-09-17 15:10:00
-12.435600,-50.704200,GOES-19,2026-09-17 15:20:00
-12.435600,-50.704200,GOES-19,2026-09-17 15:30:00
-12.435600,-50.704200,GOES-19,2026-09-17 15:40:00
-12.435600,-50.704200,GOES-19,2026-09-17 22:00:00
-12.435600,-50.704200,GOES-19,2026-09-17 22:10:00
-12.435600,-50.704200,GOES-19,2026-09-17 22:20:00
-12.435600,-50.704200,GOES-19,2026-09-17 22:30:00
-12.435600,-50.704200,GOES-19,2026-09-17 22:40:00
-12.435600,-50.704200,GOES-19,2026-09-17 22:50:00
-12.435600,-50.704200,GOES-19,2026-09-17 23:00:00
-12.435600,-50.704200,GOES-19,2026-09-17 23:10:00
-12.435600,-50.704200,GOES-19,2026-09-17 23:20:00
-12.454700,-50.701900,GOES-19,2026-09-17 12:10:00
-12.454700,-50.701900,GOES-19,2026-09-17 12:20:00
-12.454700,-50.701900,GOES-19,2026-09-17 12:30:00
-12.454700,-50.701900,GOES-19,2026-09-17 12:40:00
-12.454700,-50.701900,GOES-19,2026-09-17 12:50:00
-12.454700,-50.701900,GOES-19,2026-09-17 13:00:00
-12.454700,-50.701900,GOES-19,2026-09-17 13:10:00
-12.454700,-50.701900,GOES-19,2026-09-17 13:20:00
-12.454700,-50.701900,GOES-19,2026-09-17 13:30:00
-12.454700,-50.701900,GOES-19,2026-09-17 13:40:00
-12.454700,-50.701900,GOES-19,2026-09-17 13:50:00
-12.454700,-50.701900,GOES-19,2026-09-17 14:00:00
-12.454700,-50.701900,GOES-19,2026-09-17 14:10:00
-12.454700,-50.701900,GOES-19,2026-09-17 14:20:00
-12.454700,-50.701900,GOES-19,2026-09-17 14:30:00
-12.454700,-50.701900,GOES-19,2026-09-17 14:40:00
-12.454700,-50.701900,GOES-19,2026-09-17 14:50:00
-12.454700,-50.701900,GOES-19,2026-09-17 15:00:00
-12.454700,-50.701900,GOES-19,2026-09-17 15:10:00
-12.454700,-50.701900,GOES-19,2026-09-17 15:20:00
-12.454700,-50.701900,GOES-19,2026-09-17 15:30:00
-12.454700,-50.701900,GOES-19,2026-09-17 15:40:00
-12.454700,-50.701900,GOES-19,2026-09-17 15:50:00
-12.454700,-50.701900,GOES-19,2026-09-17 16:00:00
-12.454700,-50.701900,GOES-19,2026-09-17 22:00:00
-12.454700,-50.701900,GOES-19,2026-09-17 22:10:00
-12.454700,-50.701900,GOES-19,2026-09-17 22:20:00
-12.454700,-50.701900,GOES-19,2026-09-17 22:30:00
-12.454700,-50.701900,GOES-19,2026-09-17 22:40:00
-12.454700,-50.701900,GOES-19,2026-09-17 22:50:00
-12.454700,-50.701900,GOES-19,2026-09-17 23:00:00
-12.454700,-50.701900,GOES-19,2026-09-17 23:10:00
-12.454700,-50.701900,GOES-19,2026-09-17 23:20:00
-12.473800,-50.699500,GOES-19,2026-09-17 12:20:00
-12.473800,-50.699500,GOES-19,2026-09-17 12:30:00
-12.473800,-50.699500,GOES-19,2026-09-17 12:40:00
-12.473800,-50.699500,GOES-19,2026-09-17 12:50:00
-12.473800,-50.699500,GOES-19,2026-09-17 13:00:00
-12.473800,-50.699500,GOES-19,2026-09-17 13:10:00
-12.473800,-50.699500,GOES-19,2026-09-17 13:20:00
-12.473800,-50.699500,GOES-19,2026-09-17 13:30:00
-12.473800,-50.699500,GOES-19,2026-09-17 13:40:00
-12.473800,-50.699500,GOES-19,2026-09-17 13:50:00
-12.473800,-50.699500,GOES-19,2026-09-17 14:00:00
-12.473800,-50.699500,GOES-19,2026-09-17 14:10:00
-12.473800,-50.699500,GOES-19,2026-09-17 14:20:00
-12.473800,-50.699500,GOES-19,2026-09-17 14:30:00
-12.473800,-50.699500,GOES-19,2026-09-17 14:40:00
-12.473800,-50.699500,GOES-19,2026-09-17 14:50:00
-12.473800,-50.699500,GOES-19,2026-09-17 15:00:00
-12.473800,-50.699500,GOES-19,2026-09-17 15:10:00
-12.473800,-50.699500,GOES-19,2026-09-17 15:20:00
-12.473800,-50.699500,GOES-19,2026-09-17 15:30:00
-12.473800,-50.699500,GOES-19,2026-09-17 15:40:00
-12.473800,-50.699500,GOES-19,2026-09-17 15:50:00
-12.473800,-50.699500,GOES-19,2026-09-17 16:00:00
-12.473800,-50.699500,GOES-19,2026-09-17 22:00:00
-12.473800,-50.699500,GOES-19,2026-09-17 22:10:00
-12.473800,-50.699500,GOES-19,2026-09-17 22:20:00
-12.473800,-50.699500,GOES-19,2026-09-17 22:30:00
-12.473800,-50.699500,GOES-19,2026-09-17 22:40:00
-12.473800,-50.699500,GOES-19,2026-09-17 22:50:00
-12.473800,-50.699500,GOES-19,2026-09-17 23:00:00
-12.473800,-50.699500,GOES-19,2026-09-17 23:10:00
-12.493000,-50.697200,GOES-19,2026-09-17 12:20:00
-12.493000,-50.697200,GOES-19,2026-09-17 12:30:00
-12.493000,-50.697200,GOES-19,2026-09-17 12:40:00
-12.493000,-50.697200,GOES-19,2026-09-17 12:50:00
-12.493000,-50.697200,GOES-19,2026-09-17 13:00:00
-12.493000,-50.697200,GOES-19,2026-09-17 13:10:00
-12.493000,-50.697200,GOES-19,2026-09-17 13:20:00
-12.493000,-50.697200,GOES-19,2026-09-17 13:30:00
-12.493000,-50.697200,GOES-19,2026-09-17 13:40:00
-12.493000,-50.697200,GOES-19,2026-09-17 13:50:00
-12.493000,-50.697200,GOES-19,2026-09-17 14:00:00
-12.493000,-50.697200,GOES-19,2026-09-17 14:10:00
-12.493000,-50.697200,GOES-19,2026-09-17 14:20:00
-12.493000,-50.697200,GOES-19,2026-09-17 14:30:00
-12.493000,-50.697200,GOES-19,2026-09-17 14:40:00
-12.493000,-50.697200,GOES-19,2026-09-17 14:50:00
-12.493000,-50.697200,GOES-19,2026-09-17 15:00:00
-12.493000,-50.697200,GOES-19,2026-09-17 15:10:00
-12.493000,-50.697200,GOES-19,2026-09-17 15:20:00
-12.493000,-50.697200,GOES-19,2026-09-17 15:30:00
-12.493000,-50.697200,GOES-19,2026-09-17 15:40:00
-12.493000,-50.697200,GOES-19,2026-09-17 15:50:00
-12.493000,-50.697200,GOES-19,2026-09-17 22:00:00
-12.493000,-50.697200,GOES-19,2026-09-17 22:10:00
-12.493000,-50.697200,GOES-19,2026-09-17 22:20:00
-12.493000,-50.697200,GOES-19,2026-09-17 22:40:00
-12.512100,-50.694900,GOES-19,2026-09-17 12:20:00
-12.512100,-50.694900,GOES-19,2026-09-17 12:30:00
-12.512100,-50.694900,GOES-19,2026-09-17 12:40:00
-12.512100,-50.694900,GOES-19,2026-09-17 12:50:00
-12.512100,-50.694900,GOES-19,2026-09-17 13:00:00
-12.512100,-50.694900,GOES-19,2026-09-17 13:10:00
-12.512100,-50.694900,GOES-19,2026-09-17 13:20:00
-12.512100,-50.694900,GOES-19,2026-09-17 13:30:00
-12.512100,-50.694900,GOES-19,2026-09-17 13:40:00
-12.512100,-50.694900,GOES-19,2026-09-17 13:50:00
-12.512100,-50.694900,GOES-19,2026-09-17 14:00:00
-12.512100,-50.694900,GOES-19,2026-09-17 14:10:00
-12.512100,-50.694900,GOES-19,2026-09-17 14:20:00
-12.512100,-50.694900,GOES-19,2026-09-17 14:30:00
-12.512100,-50.694900,GOES-19,2026-09-17 14:40:00
-12.512100,-50.694900,GOES-19,2026-09-17 14:50:00
-12.512100,-50.694900,GOES-19,2026-09-17 15:00:00
-12.512100,-50.694900,GOES-19,2026-09-17 15:10:00
-12.512100,-50.694900,GOES-19,2026-09-17 15:20:00
-12.512100,-50.694900,GOES-19,2026-09-17 15:30:00
-12.512100,-50.694900,GOES-19,2026-09-17 15:40:00
-12.512100,-50.694900,GOES-19,2026-09-17 15:50:00
-12.512100,-50.694900,GOES-19,2026-09-17 22:00:00
-12.531200,-50.692600,GOES-19,2026-09-17 12:20:00
-12.531200,-50.692600,GOES-19,2026-09-17 13:20:00
-12.531200,-50.692600,GOES-19,2026-09-17 13:30:00
-12.531200,-50.692600,GOES-19,2026-09-17 13:40:00
-12.531200,-50.692600,GOES-19,2026-09-17 13:50:00
-12.531200,-50.692600,GOES-19,2026-09-17 14:00:00
-12.531200,-50.692600,GOES-19,2026-09-17 14:10:00
-12.531200,-50.692600,GOES-19,2026-09-17 14:20:00
-12.531200,-50.692600,GOES-19,2026-09-17 14:30:00
-12.531200,-50.692600,GOES-19,2026-09-17 14:40:00
-12.531200,-50.692600,GOES-19,2026-09-17 14:50:00
-12.531200,-50.692600,GOES-19,2026-09-17 15:00:00
-12.531200,-50.692600,GOES-19,2026-09-17 15:10:00
-12.531200,-50.692600,GOES-19,2026-09-17 15:20:00
-12.531200,-50.692600,GOES-19,2026-09-17 15:30:00
-12.531200,-50.692600,GOES-19,2026-09-17 15:40:00
-10.818600,-50.864800,GOES-19,2026-09-17 12:50:00
-10.818600,-50.864800,GOES-19,2026-09-17 13:00:00
-10.818600,-50.864800,GOES-19,2026-09-17 13:20:00
-10.818600,-50.864800,GOES-19,2026-09-17 14:20:00
-10.818600,-50.864800,GOES-19,2026-09-17 14:50:00
-10.837500,-50.862800,GOES-19,2026-09-17 13:40:00
-10.837500,-50.862800,GOES-19,2026-09-17 14:00:00
-10.837500,-50.862800,GOES-19,2026-09-17 14:50:00
-10.837500,-50.862800,GOES-19,2026-09-17 15:00:00
-10.856500,-50.860900,GOES-19,2026-09-17 12:50:00
-10.856500,-50.860900,GOES-19,2026-09-17 13:00:00
-10.856500,-50.860900,GOES-19,2026-09-17 13:10:00
-10.856500,-50.860900,GOES-19,2026-09-17 13:20:00
-10.856500,-50.860900,GOES-19,2026-09-17 13:30:00
-10.856500,-50.860900,GOES-19,2026-09-17 13:40:00
-10.856500,-50.860900,GOES-19,2026-09-17 13:50:00
-10.856500,-50.860900,GOES-19,2026-09-17 14:00:00
-10.856500,-50.860900,GOES-19,2026-09-17 14:10:00
-10.856500,-50.860900,GOES-19,2026-09-17 14:20:00
-10.856500,-50.860900,GOES-19,2026-09-17 14:40:00
-10.856500,-50.860900,GOES-19,2026-09-17 14:50:00
-10.856500,-50.860900,GOES-19,2026-09-17 15:00:00
-10.875400,-50.858900,GOES-19,2026-09-17 13:00:00
-10.875400,-50.858900,GOES-19,2026-09-17 13:10:00
-10.875400,-50.858900,GOES-19,2026-09-17 13:20:00
-10.875400,-50.858900,GOES-19,2026-09-17 13:30:00
-10.875400,-50.858900,GOES-19,2026-09-17 13:40:00
-10.875400,-50.858900,GOES-19,2026-09-17 13:50:00
-10.875400,-50.858900,GOES-19,2026-09-17 14:10:00
-10.875400,-50.858900,GOES-19,2026-09-17 14:20:00
-10.875400,-50.858900,GOES-19,2026-09-17 14:40:00
-10.875400,-50.858900,GOES-19,2026-09-17 14:50:00
-12.397700,-50.687300,GOES-19,2026-09-17 22:40:00
-12.397700,-50.687300,GOES-19,2026-09-17 22:50:00
-12.397700,-50.687300,GOES-19,2026-09-17 23:00:00
-12.397700,-50.687300,GOES-19,2026-09-17 23:10:00
-12.397700,-50.687300,GOES-19,2026-09-17 23:20:00
-12.397700,-50.687300,GOES-19,2026-09-17 23:30:00
-12.397700,-50.687300,GOES-19,2026-09-17 23:40:00
-12.397700,-50.687300,GOES-19,2026-09-17 23:50:00
-12.416800,-50.685000,GOES-19,2026-09-17 22:00:00
-12.416800,-50.685000,GOES-19,2026-09-17 22:10:00
-12.416800,-50.685000,GOES-19,2026-09-17 22:20:00
-12.416800,-50.685000,GOES-19,2026-09-17 22:30:00
-12.416800,-50.685000,GOES-19,2026-09-17 22:40:00
-12.416800,-50.685000,GOES-19,2026-09-17 22:50:00
-12.416800,-50.685000,GOES-19,2026-09-17 23:00:00
-12.416800,-50.685000,GOES-19,2026-09-17 23:10:00
-12.416800,-50.685000,GOES-19,2026-09-17 23:20:00
-12.416800,-50.685000,GOES-19,2026-09-17 23:30:00
-12.416800,-50.685000,GOES-19,2026-09-17 23:40:00
-12.416800,-50.685000,GOES-19,2026-09-17 23:50:00
-12.435900,-50.682700,GOES-19,2026-09-17 22:00:00
-12.435900,-50.682700,GOES-19,2026-09-17 22:10:00
-12.435900,-50.682700,GOES-19,2026-09-17 22:20:00
-12.435900,-50.682700,GOES-19,2026-09-17 22:30:00
-12.435900,-50.682700,GOES-19,2026-09-17 22:40:00
-12.435900,-50.682700,GOES-19,2026-09-17 22:50:00
-12.435900,-50.682700,GOES-19,2026-09-17 23:00:00
-12.435900,-50.682700,GOES-19,2026-09-17 23:10:00
-12.435900,-50.682700,GOES-19,2026-09-17 23:20:00
-12.435900,-50.682700,GOES-19,2026-09-17 23:30:00
-12.435900,-50.682700,GOES-19,2026-09-17 23:40:00
-12.455100,-50.680400,GOES-19,2026-09-17 15:30:00
-12.455100,-50.680400,GOES-19,2026-09-17 15:50:00
-12.455100,-50.680400,GOES-19,2026-09-17 22:00:00
-12.455100,-50.680400,GOES-19,2026-09-17 22:10:00
-12.455100,-50.680400,GOES-19,2026-09-17 22:20:00
-12.455100,-50.680400,GOES-19,2026-09-17 22:30:00
-12.455100,-50.680400,GOES-19,2026-09-17 22:40:00
-12.455100,-50.680400,GOES-19,2026-09-17 22:50:00
-12.455100,-50.680400,GOES-19,2026-09-17 23:00:00
-12.455100,-50.680400,GOES-19,2026-09-17 23:10:00
-12.455100,-50.680400,GOES-19,2026-09-17 23:20:00
-12.455100,-50.680400,GOES-19,2026-09-17 23:30:00
-12.455100,-50.680400,GOES-19,2026-09-17 23:40:00
-12.474200,-50.678100,GOES-19,2026-09-17 15:50:00
-12.474200,-50.678100,GOES-19,2026-09-17 22:00:00
-12.474200,-50.678100,GOES-19,2026-09-17 22:10:00
-12.474200,-50.678100,GOES-19,2026-09-17 22:20:00
-12.474200,-50.678100,GOES-19,2026-09-17 22:30:00
-12.474200,-50.678100,GOES-19,2026-09-17 22:40:00
-12.474200,-50.678100,GOES-19,2026-09-17 22:50:00
-12.474200,-50.678100,GOES-19,2026-09-17 23:00:00
-12.474200,-50.678100,GOES-19,2026-09-17 23:10:00
-12.474200,-50.678100,GOES-19,2026-09-17 23:20:00
-12.474200,-50.678100,GOES-19,2026-09-17 23:30:00
-12.474200,-50.678100,GOES-19,2026-09-17 23:40:00
-12.512400,-50.673400,GOES-19,2026-09-17 13:50:00
-12.512400,-50.673400,GOES-19,2026-09-17 14:00:00
-12.512400,-50.673400,GOES-19,2026-09-17 14:10:00
-12.512400,-50.673400,GOES-19,2026-09-17 14:20:00
-12.512400,-50.673400,GOES-19,2026-09-17 14:30:00
-12.512400,-50.673400,GOES-19,2026-09-17 14:50:00
-12.512400,-50.673400,GOES-19,2026-09-17 15:00:00
-12.512400,-50.673400,GOES-19,2026-09-17 15:10:00
-12.512400,-50.673400,GOES-19,2026-09-17 15:20:00
-12.512400,-50.673400,GOES-19,2026-09-17 15:30:00
-12.512400,-50.673400,GOES-19,2026-09-17 22:00:00
-12.512400,-50.673400,GOES-19,2026-09-17 22:10:00
-10.799900,-50.845500,GOES-19,2026-09-17 13:00:00
-10.799900,-50.845500,GOES-19,2026-09-17 13:20:00
-10.799900,-50.845500,GOES-19,2026-09-17 13:30:00
-10.799900,-50.845500,GOES-19,2026-09-17 13:40:00
-10.799900,-50.845500,GOES-19,2026-09-17 13:50:00
-10.799900,-50.845500,GOES-19,2026-09-17 14:00:00
-10.799900,-50.845500,GOES-19,2026-09-17 14:10:00
-10.799900,-50.845500,GOES-19,2026-09-17 14:20:00
-10.799900,-50.845500,GOES-19,2026-09-17 14:40:00
-10.799900,-50.845500,GOES-19,2026-09-17 14:50:00
-10.818900,-50.843600,GOES-19,2026-09-17 13:00:00
-10.818900,-50.843600,GOES-19,2026-09-17 13:20:00
-10.818900,-50.843600,GOES-19,2026-09-17 13:30:00
-10.818900,-50.843600,GOES-19,2026-09-17 13:40:00
-10.818900,-50.843600,GOES-19,2026-09-17 14:00:00
-10.818900,-50.843600,GOES-19,2026-09-17 14:10:00
-10.818900,-50.843600,GOES-19,2026-09-17 14:20:00
-10.818900,-50.843600,GOES-19,2026-09-17 14:40:00
-10.818900,-50.843600,GOES-19,2026-09-17 14:50:00
-10.837800,-50.841600,GOES-19,2026-09-17 13:00:00
-10.837800,-50.841600,GOES-19,2026-09-17 13:20:00
-10.837800,-50.841600,GOES-19,2026-09-17 13:30:00
-10.837800,-50.841600,GOES-19,2026-09-17 13:40:00
-10.837800,-50.841600,GOES-19,2026-09-17 13:50:00
-10.837800,-50.841600,GOES-19,2026-09-17 14:00:00
-10.837800,-50.841600,GOES-19,2026-09-17 14:10:00
-10.837800,-50.841600,GOES-19,2026-09-17 14:20:00
-10.837800,-50.841600,GOES-19,2026-09-17 14:40:00
-10.837800,-50.841600,GOES-19,2026-09-17 14:50:00
-10.837800,-50.841600,GOES-19,2026-09-17 15:00:00
-10.856800,-50.839600,GOES-19,2026-09-17 12:30:00
-10.856800,-50.839600,GOES-19,2026-09-17 12:40:00
-10.856800,-50.839600,GOES-19,2026-09-17 12:50:00
-10.856800,-50.839600,GOES-19,2026-09-17 13:00:00
-10.856800,-50.839600,GOES-19,2026-09-17 13:10:00
-10.856800,-50.839600,GOES-19,2026-09-17 13:20:00
-10.856800,-50.839600,GOES-19,2026-09-17 13:30:00
-10.856800,-50.839600,GOES-19,2026-09-17 13:40:00
-10.856800,-50.839600,GOES-19,2026-09-17 13:50:00
-10.856800,-50.839600,GOES-19,2026-09-17 14:00:00
-10.856800,-50.839600,GOES-19,2026-09-17 14:10:00
-10.856800,-50.839600,GOES-19,2026-09-17 14:20:00
-10.856800,-50.839600,GOES-19,2026-09-17 14:40:00
-10.856800,-50.839600,GOES-19,2026-09-17 14:50:00
-10.856800,-50.839600,GOES-19,2026-09-17 15:00:00
-10.875700,-50.837600,GOES-19,2026-09-17 12:40:00
-10.875700,-50.837600,GOES-19,2026-09-17 13:00:00
-10.875700,-50.837600,GOES-19,2026-09-17 13:20:00
-10.875700,-50.837600,GOES-19,2026-09-17 13:30:00
-10.875700,-50.837600,GOES-19,2026-09-17 13:40:00
-10.875700,-50.837600,GOES-19,2026-09-17 13:50:00
-10.875700,-50.837600,GOES-19,2026-09-17 14:00:00
-10.875700,-50.837600,GOES-19,2026-09-17 14:10:00
-10.875700,-50.837600,GOES-19,2026-09-17 14:20:00
-10.875700,-50.837600,GOES-19,2026-09-17 14:40:00
-10.875700,-50.837600,GOES-19,2026-09-17 14:50:00
-10.875700,-50.837600,GOES-19,2026-09-17 15:00:00
-12.436300,-50.661300,GOES-19,2026-09-17 23:20:00
-10.819200,-50.822300,GOES-19,2026-09-17 11:50:00
-10.819200,-50.822300,GOES-19,2026-09-17 12:00:00
-10.819200,-50.822300,GOES-19,2026-09-17 12:40:00
-10.819200,-50.822300,GOES-19,2026-09-17 13:00:00
-10.819200,-50.822300,GOES-19,2026-09-17 13:20:00
-10.819200,-50.822300,GOES-19,2026-09-17 13:30:00
-10.819200,-50.822300,GOES-19,2026-09-17 13:40:00
-10.819200,-50.822300,GOES-19,2026-09-17 13:50:00
-10.819200,-50.822300,GOES-19,2026-09-17 14:00:00
-10.819200,-50.822300,GOES-19,2026-09-17 14:10:00
-10.819200,-50.822300,GOES-19,2026-09-17 14:20:00
-10.819200,-50.822300,GOES-19,2026-09-17 14:40:00
-10.819200,-50.822300,GOES-19,2026-09-17 14:50:00
-10.819200,-50.822300,GOES-19,2026-09-17 15:00:00
-21.573000,-49.049300,GOES-19,2026-09-17 18:30:00
-14.730300,-50.289400,GOES-19,2026-09-17 17:50:00
-14.730300,-50.289400,GOES-19,2026-09-17 18:20:00
-10.615800,-50.481700,GOES-19,2026-09-17 13:40:00
-10.615800,-50.481700,GOES-19,2026-09-17 14:00:00
-10.615800,-50.481700,GOES-19,2026-09-17 14:10:00
-10.615800,-50.481700,GOES-19,2026-09-17 14:20:00
-10.615800,-50.481700,GOES-19,2026-09-17 14:30:00
-10.615800,-50.481700,GOES-19,2026-09-17 14:40:00
-10.615800,-50.481700,GOES-19,2026-09-17 14:50:00
-10.615800,-50.481700,GOES-19,2026-09-17 15:00:00
-10.634700,-50.479800,GOES-19,2026-09-17 14:30:00
-10.634700,-50.479800,GOES-19,2026-09-17 14:40:00
-10.634700,-50.479800,GOES-19,2026-09-17 14:50:00
1.076700,-50.998800,GOES-19,2026-09-17 17:50:00
-8.263600,-50.676900,GOES-19,2026-09-17 18:30:00
-8.263600,-50.676900,GOES-19,2026-09-17 18:50:00
-8.263600,-50.676900,GOES-19,2026-09-17 19:00:00
-10.616100,-50.460400,GOES-19,2026-09-17 13:40:00
-10.616100,-50.460400,GOES-19,2026-09-17 14:00:00
-10.616100,-50.460400,GOES-19,2026-09-17 14:10:00
-10.616100,-50.460400,GOES-19,2026-09-17 14:20:00
-10.616100,-50.460400,GOES-19,2026-09-17 14:30:00
-10.616100,-50.460400,GOES-19,2026-09-17 14:40:00
-10.616100,-50.460400,GOES-19,2026-09-17 14:50:00
-10.616100,-50.460400,GOES-19,2026-09-17 15:00:00
-10.616100,-50.460400,GOES-19,2026-09-17 15:10:00
-10.616100,-50.460400,GOES-19,2026-09-17 15:20:00
-10.616100,-50.460400,GOES-19,2026-09-17 15:30:00
-10.635000,-50.458400,GOES-19,2026-09-17 13:40:00
-10.635000,-50.458400,GOES-19,2026-09-17 14:00:00
-10.635000,-50.458400,GOES-19,2026-09-17 14:10:00
-10.635000,-50.458400,GOES-19,2026-09-17 14:20:00
-10.635000,-50.458400,GOES-19,2026-09-17 14:30:00
-10.635000,-50.458400,GOES-19,2026-09-17 14:40:00
-10.635000,-50.458400,GOES-19,2026-09-17 14:50:00
-10.635000,-50.458400,GOES-19,2026-09-17 15:00:00
-10.635000,-50.458400,GOES-19,2026-09-17 15:10:00
-10.635000,-50.458400,GOES-19,2026-09-17 15:20:00
-10.635000,-50.458400,GOES-19,2026-09-17 15:30:00
2.181700,-50.940100,GOES-19,2026-09-17 18:30:00
2.181700,-50.940100,GOES-19,2026-09-17 18:40:00
2.181700,-50.940100,GOES-19,2026-09-17 18:50:00
2.163300,-50.940500,GOES-19,2026-09-17 18:40:00
2.108200,-50.879200,GOES-19,2026-09-17 18:50:00
2.126700,-50.858000,GOES-19,2026-09-17 18:00:00
2.108200,-50.858300,GOES-19,2026-09-17 16:30:00
2.108200,-50.858300,GOES-19,2026-09-17 17:30:00
2.108200,-50.858300,GOES-19,2026-09-17 17:50:00
2.108200,-50.858300,GOES-19,2026-09-17 18:00:00
2.108200,-50.858300,GOES-19,2026-09-17 18:50:00
2.089800,-50.858700,GOES-19,2026-09-17 16:30:00
2.089800,-50.858700,GOES-19,2026-09-17 18:50:00
1.279400,-50.871800,GOES-19,2026-09-17 18:20:00
-6.306400,-50.688600,GOES-19,2026-09-17 18:50:00
1.942500,-50.840700,GOES-19,2026-09-17 15:30:00
-10.637900,-50.244600,GOES-19,2026-09-17 15:30:00
-11.911500,-50.080100,GOES-19,2026-09-17 14:30:00
-11.911500,-50.080100,GOES-19,2026-09-17 14:50:00
-11.911500,-50.080100,GOES-19,2026-09-17 18:30:00
-10.809000,-50.183600,GOES-19,2026-09-17 18:40:00
-10.809000,-50.183600,GOES-19,2026-09-17 18:50:00
-11.911800,-50.058500,GOES-19,2026-09-17 14:20:00
-11.911800,-50.058500,GOES-19,2026-09-17 14:30:00
-11.911800,-50.058500,GOES-19,2026-09-17 14:50:00
-11.911800,-50.058500,GOES-19,2026-09-17 18:30:00
-11.911800,-50.058500,GOES-19,2026-09-17 18:40:00
-11.911800,-50.058500,GOES-19,2026-09-17 19:00:00
-12.026700,-50.023100,GOES-19,2026-09-17 18:10:00
-12.026700,-50.023100,GOES-19,2026-09-17 18:30:00
-12.026700,-50.023100,GOES-19,2026-09-17 18:40:00
-12.026700,-50.023100,GOES-19,2026-09-17 18:50:00
-12.026700,-50.023100,GOES-19,2026-09-17 19:00:00
-12.026700,-50.023100,GOES-19,2026-09-17 19:10:00
-12.026700,-50.023100,GOES-19,2026-09-17 19:20:00
-12.026700,-50.023100,GOES-19,2026-09-17 19:30:00
-12.045800,-50.020800,GOES-19,2026-09-17 18:30:00
-12.045800,-50.020800,GOES-19,2026-09-17 18:40:00
-12.045800,-50.020800,GOES-19,2026-09-17 18:50:00
-12.045800,-50.020800,GOES-19,2026-09-17 19:00:00
-12.045800,-50.020800,GOES-19,2026-09-17 19:10:00
-12.045800,-50.020800,GOES-19,2026-09-17 19:20:00
-12.045800,-50.020800,GOES-19,2026-09-17 19:30:00
-12.027000,-50.001500,GOES-19,2026-09-17 18:30:00
-12.027000,-50.001500,GOES-19,2026-09-17 18:50:00
-12.027000,-50.001500,GOES-19,2026-09-17 19:00:00
-12.008600,-49.960600,GOES-19,2026-09-17 19:00:00
-11.989800,-49.941300,GOES-19,2026-09-17 18:00:00
-11.989800,-49.941300,GOES-19,2026-09-17 18:10:00
-11.989800,-49.941300,GOES-19,2026-09-17 18:20:00
-11.989800,-49.941300,GOES-19,2026-09-17 18:30:00
-11.989800,-49.941300,GOES-19,2026-09-17 18:40:00
-7.819300,-50.246700,GOES-19,2026-09-17 18:40:00
-7.819300,-50.246700,GOES-19,2026-09-17 18:50:00
-2.810000,-50.486800,GOES-19,2026-09-17 18:30:00
-2.810000,-50.486800,GOES-19,2026-09-17 18:40:00
-2.810000,-50.486800,GOES-19,2026-09-17 18:50:00
-2.828500,-50.465300,GOES-19,2026-09-17 18:30:00
-2.828500,-50.465300,GOES-19,2026-09-17 18:40:00
-2.828500,-50.465300,GOES-19,2026-09-17 18:50:00
-10.395900,-49.970300,GOES-19,2026-09-17 15:20:00
-8.180000,-49.728600,GOES-19,2026-09-17 18:20:00
-5.904800,-49.762900,GOES-19,2026-09-17 15:00:00
-6.112800,-49.324400,GOES-19,2026-09-17 18:50:00
-4.405800,-49.203800,GOES-19,2026-09-17 19:00:00
-4.424400,-49.202900,GOES-19,2026-09-17 14:10:00
-10.413400,-48.693200,GOES-19,2026-09-17 18:30:00
-10.413400,-48.693200,GOES-19,2026-09-17 18:40:00
-0.783900,-49.237000,GOES-19,2026-09-17 14:50:00
-0.783900,-49.237000,GOES-19,2026-09-17 15:00:00
-4.461800,-49.137200,GOES-19,2026-09-17 14:20:00
-1.097600,-49.212700,GOES-19,2026-09-17 14:30:00
-1.097600,-49.212700,GOES-19,2026-09-17 14:40:00
-1.097600,-49.212700,GOES-19,2026-09-17 15:10:00
-0.784000,-49.215800,GOES-19,2026-09-17 14:50:00
-0.784000,-49.215800,GOES-19,2026-09-17 15:00:00
-0.784000,-49.215800,GOES-19,2026-09-17 15:10:00
-6.843600,-48.824800,GOES-19,2026-09-17 18:30:00
-6.843600,-48.824800,GOES-19,2026-09-17 19:00:00
-6.843600,-48.824800,GOES-19,2026-09-17 19:10:00
-6.843800,-48.803300,GOES-19,2026-09-17 18:50:00
-6.843800,-48.803300,GOES-19,2026-09-17 19:00:00
-6.843800,-48.803300,GOES-19,2026-09-17 19:10:00
-6.843800,-48.803300,GOES-19,2026-09-17 19:20:00
-6.843800,-48.803300,GOES-19,2026-09-17 19:30:00
-6.843800,-48.803300,GOES-19,2026-09-17 19:40:00
-6.862500,-48.801900,GOES-19,2026-09-17 18:20:00
-6.862500,-48.801900,GOES-19,2026-09-17 18:30:00
-6.862500,-48.801900,GOES-19,2026-09-17 18:50:00
-6.862500,-48.801900,GOES-19,2026-09-17 19:00:00
-6.862500,-48.801900,GOES-19,2026-09-17 19:10:00
-6.862500,-48.801900,GOES-19,2026-09-17 19:20:00
-6.862500,-48.801900,GOES-19,2026-09-17 19:30:00
-10.910500,-48.395900,GOES-19,2026-09-17 18:20:00
-10.910500,-48.395900,GOES-19,2026-09-17 18:40:00
-10.929500,-48.393600,GOES-19,2026-09-17 18:00:00
-10.929500,-48.393600,GOES-19,2026-09-17 18:10:00
-10.929500,-48.393600,GOES-19,2026-09-17 18:20:00
-10.929500,-48.393600,GOES-19,2026-09-17 18:30:00
-10.929500,-48.393600,GOES-19,2026-09-17 18:40:00
-11.063600,-48.311800,GOES-19,2026-09-17 19:30:00
-11.044900,-48.292100,GOES-19,2026-09-17 18:20:00
-11.044900,-48.292100,GOES-19,2026-09-17 18:30:00
-11.044900,-48.292100,GOES-19,2026-09-17 18:40:00
-11.044900,-48.292100,GOES-19,2026-09-17 18:50:00
-11.064000,-48.289800,GOES-19,2026-09-17 18:20:00
-11.064000,-48.289800,GOES-19,2026-09-17 18:40:00
-11.064000,-48.289800,GOES-19,2026-09-17 18:50:00
-9.585700,-48.433000,GOES-19,2026-09-17 14:50:00
-9.888100,-48.401300,GOES-19,2026-09-17 14:00:00
-9.850500,-48.383400,GOES-19,2026-09-17 14:00:00
-9.869400,-48.381400,GOES-19,2026-09-17 14:00:00
-9.888400,-48.379400,GOES-19,2026-09-17 14:00:00
-9.813000,-48.365600,GOES-19,2026-09-17 11:30:00
-9.813000,-48.365600,GOES-19,2026-09-17 13:40:00
-9.813000,-48.365600,GOES-19,2026-09-17 15:30:00
-9.813000,-48.365600,GOES-19,2026-09-17 15:40:00
-9.813000,-48.365600,GOES-19,2026-09-17 16:00:00
-9.813000,-48.365600,GOES-19,2026-09-17 16:10:00
-9.831900,-48.363600,GOES-19,2026-09-17 14:00:00
-9.869700,-48.359500,GOES-19,2026-09-17 14:00:00
-9.888700,-48.357500,GOES-19,2026-09-17 12:30:00
-9.888700,-48.357500,GOES-19,2026-09-17 12:50:00
-9.888700,-48.357500,GOES-19,2026-09-17 13:00:00
-9.888700,-48.357500,GOES-19,2026-09-17 13:10:00
-9.888700,-48.357500,GOES-19,2026-09-17 13:20:00
-9.888700,-48.357500,GOES-19,2026-09-17 13:30:00
-9.888700,-48.357500,GOES-19,2026-09-17 13:40:00
-9.888700,-48.357500,GOES-19,2026-09-17 13:50:00
-9.888700,-48.357500,GOES-19,2026-09-17 14:00:00
-9.888700,-48.357500,GOES-19,2026-09-17 14:10:00
-9.888700,-48.357500,GOES-19,2026-09-17 14:50:00
-9.888700,-48.357500,GOES-19,2026-09-17 15:00:00
-9.888700,-48.357500,GOES-19,2026-09-17 15:50:00
-9.888700,-48.357500,GOES-19,2026-09-17 16:00:00
-9.888700,-48.357500,GOES-19,2026-09-17 16:10:00
-9.888700,-48.357500,GOES-19,2026-09-17 16:40:00
-13.225200,-42.341400,GOES-19,2026-09-18 03:20:00
9.748700,-70.163800,GOES-19,2026-09-18 03:20:00
9.730100,-70.164100,GOES-19,2026-09-18 03:20:00
9.730200,-70.145700,GOES-19,2026-09-18 03:20:00
-16.107600,-61.481300,GOES-19,2026-09-18 03:20:00
-17.973000,-62.212700,GOES-19,2026-09-18 03:20:00
-17.973300,-62.192800,GOES-19,2026-09-18 03:20:00
-17.992700,-62.211000,GOES-19,2026-09-18 03:20:00
-17.993000,-62.191100,GOES-19,2026-09-18 03:20:00
-18.269300,-62.146600,GOES-19,2026-09-18 03:20:00
-18.461000,-62.607300,GOES-19,2026-09-18 03:20:00
-18.480800,-62.605600,GOES-19,2026-09-18 03:20:00
-18.481000,-62.585700,GOES-19,2026-09-18 03:20:00
-24.048500,-61.168300,GOES-19,2026-09-18 03:20:00
-24.069100,-61.186600,GOES-19,2026-09-18 03:20:00
-24.069500,-61.165500,GOES-19,2026-09-18 03:20:00
-13.225700,-42.317000,GOES-19,2026-09-18 03:20:00
-13.244600,-42.337700,GOES-19,2026-09-18 03:20:00
-13.245100,-42.313300,GOES-19,2026-09-18 03:20:00
-19.180600,-48.794600,GOES-19,2026-09-18 03:20:00
-19.181200,-48.771700,GOES-19,2026-09-18 03:20:00
-19.200900,-48.790400,GOES-19,2026-09-18 03:20:00
-19.201500,-48.767500,GOES-19,2026-09-18 03:20:00
-2.612500,-54.757700,GOES-19,2026-09-18 03:20:00
-2.810000,-50.486800,GOES-19,2026-09-18 03:20:00
-2.810100,-50.465800,GOES-19,2026-09-18 03:20:00
-2.828400,-50.486300,GOES-19,2026-09-18 03:20:00
-2.828500,-50.465300,GOES-19,2026-09-18 03:20:00
-3.363800,-50.449200,GOES-19,2026-09-18 03:20:00
-8.892100,-62.429700,GOES-19,2026-09-18 03:20:00
-8.892200,-62.410700,GOES-19,2026-09-18 03:20:00
-8.910700,-62.410000,GOES-19,2026-09-18 03:20:00
-9.699000,-54.817600,GOES-19,2026-09-18 03:20:00
-9.717700,-54.816200,GOES-19,2026-09-18 03:20:00
-9.717900,-54.796000,GOES-19,2026-09-18 03:20:00
-10.653600,-50.477800,GOES-19,2026-09-18 03:20:00
-11.660900,-54.447800,GOES-19,2026-09-18 03:20:00
-11.679800,-54.446000,GOES-19,2026-09-18 03:20:00
-12.301500,-50.741700,GOES-19,2026-09-18 03:20:00
-12.320600,-50.739400,GOES-19,2026-09-18 03:20:00
-12.549700,-50.733200,GOES-19,2026-09-18 03:20:00