lat,lon,satelite,data
-8.366400,-48.137100,GOES-19,2026-10-09 19:20:00
-18.910100,-46.847400,GOES-19,2026-10-09 18:50:00
-1.024400,-48.808700,GOES-19,2026-10-09 15:10:00
-1.024400,-48.808700,GOES-19,2026-10-09 17:30:00
-19.257100,-46.675600,GOES-19,2026-10-09 18:50:00
-19.257100,-46.675600,GOES-19,2026-10-09 19:00:00
-1.043000,-48.701600,GOES-19,2026-10-09 19:50:00
-18.895000,-46.663800,GOES-19,2026-10-09 19:00:00
-8.366100,-48.159000,GOES-19,2026-10-09 18:30:00
-8.366100,-48.159000,GOES-19,2026-10-09 18:40:00
-8.366100,-48.159000,GOES-19,2026-10-09 18:50:00
-8.366100,-48.159000,GOES-19,2026-10-09 19:00:00
-8.366100,-48.159000,GOES-19,2026-10-09 19:10:00
-8.366100,-48.159000,GOES-19,2026-10-09 19:20:00
-8.366100,-48.159000,GOES-19,2026-10-09 19:30:00
-8.366100,-48.159000,GOES-19,2026-10-09 19:40:00
-8.366100,-48.159000,GOES-19,2026-10-09 19:50:00
-8.366400,-48.137100,GOES-19,2026-10-09 18:20:00
-8.366400,-48.137100,GOES-19,2026-10-09 18:30:00
-8.366400,-48.137100,GOES-19,2026-10-09 18:40:00
-8.366400,-48.137100,GOES-19,2026-10-09 18:50:00
-8.366400,-48.137100,GOES-19,2026-10-09 19:00:00
-8.366400,-48.137100,GOES-19,2026-10-09 19:10:00
-8.366400,-48.137100,GOES-19,2026-10-09 19:30:00
-8.366400,-48.137100,GOES-19,2026-10-09 19:40:00
-8.366400,-48.137100,GOES-19,2026-10-09 19:50:00
-11.318800,-47.795400,GOES-19,2026-10-09 18:20:00
-11.318800,-47.795400,GOES-19,2026-10-09 18:30:00
-11.318800,-47.795400,GOES-19,2026-10-09 18:40:00
-11.318800,-47.795400,GOES-19,2026-10-09 18:50:00
-6.905500,-48.193200,GOES-19,2026-10-09 18:30:00
-10.444300,-47.856700,GOES-19,2026-10-09 12:30:00
-10.444300,-47.856700,GOES-19,2026-10-09 12:50:00
-10.444300,-47.856700,GOES-19,2026-10-09 13:00:00
-10.444300,-47.856700,GOES-19,2026-10-09 14:30:00
-14.245700,-47.307100,GOES-19,2026-10-09 12:40:00
-14.245700,-47.307100,GOES-19,2026-10-09 12:50:00
-14.245700,-47.307100,GOES-19,2026-10-09 13:00:00
-14.812600,-47.122100,GOES-19,2026-10-09 12:30:00
-16.602900,-46.772300,GOES-19,2026-10-09 18:40:00
-16.602900,-46.772300,GOES-19,2026-10-09 19:00:00
-16.602900,-46.772300,GOES-19,2026-10-09 19:10:00
-16.602900,-46.772300,GOES-19,2026-10-09 19:40:00
-16.602900,-46.772300,GOES-19,2026-10-09 19:50:00
-7.524200,-48.013900,GOES-19,2026-10-09 18:50:00
-15.813000,-46.921900,GOES-19,2026-10-09 18:30:00
-15.813000,-46.921900,GOES-19,2026-10-09 19:50:00
-2.577700,-48.263900,GOES-19,2026-10-09 19:10:00
-14.064700,-44.809800,GOES-19,2026-10-09 13:40:00
-2.577700,-48.263900,GOES-19,2026-10-09 19:40:00
-2.577700,-48.263900,GOES-19,2026-10-09 19:50:00
-16.603400,-46.749100,GOES-19,2026-10-09 17:40:00
-16.603400,-46.749100,GOES-19,2026-10-09 17:50:00
-16.603400,-46.749100,GOES-19,2026-10-09 18:20:00
-16.603400,-46.749100,GOES-19,2026-10-09 18:40:00
-16.603400,-46.749100,GOES-19,2026-10-09 18:50:00
-16.603400,-46.749100,GOES-19,2026-10-09 19:00:00
-2.577800,-48.242400,GOES-19,2026-10-09 19:10:00
-2.577800,-48.242400,GOES-19,2026-10-09 19:20:00
-2.577800,-48.242400,GOES-19,2026-10-09 19:40:00
-2.577800,-48.242400,GOES-19,2026-10-09 19:50:00
-11.897100,-47.409000,GOES-19,2026-10-09 14:30:00
-11.897100,-47.409000,GOES-19,2026-10-09 14:50:00
-12.069500,-47.385600,GOES-19,2026-10-09 18:40:00
-12.069500,-47.385600,GOES-19,2026-10-09 19:00:00
-12.050700,-47.365800,GOES-19,2026-10-09 18:30:00
-12.069900,-47.363200,GOES-19,2026-10-09 18:30:00
-12.069900,-47.363200,GOES-19,2026-10-09 18:50:00
-12.108200,-47.357900,GOES-19,2026-10-09 14:10:00
-12.108200,-47.357900,GOES-19,2026-10-09 14:40:00
-12.127400,-47.355300,GOES-19,2026-10-09 14:10:00
-11.897500,-47.386600,GOES-19,2026-10-09 13:10:00
-11.897500,-47.386600,GOES-19,2026-10-09 13:50:00
-11.897800,-47.364200,GOES-19,2026-10-09 14:10:00
-11.897800,-47.364200,GOES-19,2026-10-09 14:20:00
-11.897800,-47.364200,GOES-19,2026-10-09 18:20:00
-11.897800,-47.364200,GOES-19,2026-10-09 18:40:00
-11.897800,-47.364200,GOES-19,2026-10-09 18:50:00
-12.338800,-47.303600,GOES-19,2026-10-09 13:30:00
-11.688800,-47.302900,GOES-19,2026-10-09 18:00:00
-11.688800,-47.302900,GOES-19,2026-10-09 18:40:00
-11.708000,-47.300400,GOES-19,2026-10-09 17:40:00
-9.881500,-47.500900,GOES-19,2026-10-09 14:10:00
-9.863200,-47.458700,GOES-19,2026-10-09 13:50:00
-9.863200,-47.458700,GOES-19,2026-10-09 14:00:00
-9.863200,-47.458700,GOES-19,2026-10-09 14:10:00
-10.850400,-47.343300,GOES-19,2026-10-09 14:10:00
-10.850400,-47.343300,GOES-19,2026-10-09 14:20:00
-10.850400,-47.343300,GOES-19,2026-10-09 14:30:00
-10.850400,-47.343300,GOES-19,2026-10-09 14:40:00
-10.850400,-47.343300,GOES-19,2026-10-09 14:50:00
-7.022300,-47.704800,GOES-19,2026-10-09 19:00:00
-7.003800,-47.684300,GOES-19,2026-10-09 14:40:00
-7.003800,-47.684300,GOES-19,2026-10-09 14:50:00
-7.003800,-47.684300,GOES-19,2026-10-09 15:00:00
-7.003800,-47.684300,GOES-19,2026-10-09 15:20:00
-7.003800,-47.684300,GOES-19,2026-10-09 16:50:00
-7.003800,-47.684300,GOES-19,2026-10-09 17:30:00
-10.470700,-47.344600,GOES-19,2026-10-09 12:50:00
-10.470700,-47.344600,GOES-19,2026-10-09 13:00:00
-10.470700,-47.344600,GOES-19,2026-10-09 13:10:00
-10.470700,-47.344600,GOES-19,2026-10-09 14:00:00
-10.470700,-47.344600,GOES-19,2026-10-09 14:10:00
-10.470700,-47.344600,GOES-19,2026-10-09 14:20:00
-10.470700,-47.344600,GOES-19,2026-10-09 14:30:00
-10.470700,-47.344600,GOES-19,2026-10-09 14:40:00
-10.489700,-47.342400,GOES-19,2026-10-09 12:30:00
-10.489700,-47.342400,GOES-19,2026-10-09 12:40:00
-10.489700,-47.342400,GOES-19,2026-10-09 12:50:00
-10.489700,-47.342400,GOES-19,2026-10-09 13:00:00
-10.489700,-47.342400,GOES-19,2026-10-09 13:10:00
-10.489700,-47.342400,GOES-19,2026-10-09 13:20:00
-10.489700,-47.342400,GOES-19,2026-10-09 13:30:00
-10.489700,-47.342400,GOES-19,2026-10-09 13:40:00
-10.489700,-47.342400,GOES-19,2026-10-09 13:50:00
-10.489700,-47.342400,GOES-19,2026-10-09 14:00:00
-13.286300,-46.962000,GOES-19,2026-10-09 11:20:00
-13.286300,-46.962000,GOES-19,2026-10-09 11:30:00
-13.286300,-46.962000,GOES-19,2026-10-09 12:20:00
-13.286300,-46.962000,GOES-19,2026-10-09 12:30:00
-7.004000,-47.662400,GOES-19,2026-10-09 14:50:00
-10.433100,-47.326900,GOES-19,2026-10-09 18:40:00
-10.433100,-47.326900,GOES-19,2026-10-09 18:50:00
-10.433100,-47.326900,GOES-19,2026-10-09 19:10:00
-10.433100,-47.326900,GOES-19,2026-10-09 19:20:00
-10.433100,-47.326900,GOES-19,2026-10-09 19:30:00
-10.452100,-47.324600,GOES-19,2026-10-09 19:10:00
-10.471100,-47.322400,GOES-19,2026-10-09 12:30:00
-10.471100,-47.322400,GOES-19,2026-10-09 12:40:00
-10.471100,-47.322400,GOES-19,2026-10-09 12:50:00
-10.471100,-47.322400,GOES-19,2026-10-09 13:00:00
-10.471100,-47.322400,GOES-19,2026-10-09 13:10:00
-10.471100,-47.322400,GOES-19,2026-10-09 13:20:00
-10.471100,-47.322400,GOES-19,2026-10-09 13:30:00
-10.471100,-47.322400,GOES-19,2026-10-09 13:40:00
-10.471100,-47.322400,GOES-19,2026-10-09 14:10:00
-10.471100,-47.322400,GOES-19,2026-10-09 14:20:00
-10.547100,-47.313300,GOES-19,2026-10-09 14:30:00
-9.278100,-47.433300,GOES-19,2026-10-09 20:20:00
-9.297000,-47.431300,GOES-19,2026-10-09 20:20:00
-9.315900,-47.429300,GOES-19,2026-10-09 18:30:00
-9.278400,-47.411200,GOES-19,2026-10-09 12:40:00
-9.278400,-47.411200,GOES-19,2026-10-09 20:20:00
-9.278400,-47.411200,GOES-19,2026-10-09 21:50:00
-9.278400,-47.411200,GOES-19,2026-10-09 22:10:00
-9.297300,-47.409200,GOES-19,2026-10-09 20:20:00
-9.297300,-47.409200,GOES-19,2026-10-09 21:50:00
-9.297300,-47.409200,GOES-19,2026-10-09 22:10:00
-9.316200,-47.407200,GOES-19,2026-10-09 12:30:00
-9.316200,-47.407200,GOES-19,2026-10-09 20:20:00
-9.316200,-47.407200,GOES-19,2026-10-09 21:50:00
-9.316200,-47.407200,GOES-19,2026-10-09 22:10:00
-10.471700,-47.277900,GOES-19,2026-10-09 18:20:00
-10.490700,-47.275600,GOES-19,2026-10-09 18:20:00
-9.297600,-47.387100,GOES-19,2026-10-09 20:20:00
-9.297600,-47.387100,GOES-19,2026-10-09 21:50:00
-9.297600,-47.387100,GOES-19,2026-10-09 22:10:00
-9.316500,-47.385100,GOES-19,2026-10-09 18:00:00
-9.316500,-47.385100,GOES-19,2026-10-09 18:20:00
-9.316500,-47.385100,GOES-19,2026-10-09 20:20:00
-9.316500,-47.385100,GOES-19,2026-10-09 21:50:00
-9.316500,-47.385100,GOES-19,2026-10-09 22:10:00
-10.472000,-47.255600,GOES-19,2026-10-09 18:20:00
-10.491000,-47.253300,GOES-19,2026-10-09 18:20:00
-10.510400,-47.228800,GOES-19,2026-10-09 17:20:00
-10.472400,-47.233300,GOES-19,2026-10-09 18:20:00
-10.491400,-47.231000,GOES-19,2026-10-09 18:20:00
-10.472700,-47.211000,GOES-19,2026-10-09 18:20:00
-10.510700,-47.206500,GOES-19,2026-10-09 13:00:00
-10.510700,-47.206500,GOES-19,2026-10-09 13:10:00
-9.337100,-47.250100,GOES-19,2026-10-09 17:50:00
-5.978700,-47.517800,GOES-19,2026-10-09 19:00:00
-5.978700,-47.517800,GOES-19,2026-10-09 19:10:00
-4.434400,-47.542100,GOES-19,2026-10-09 19:10:00
-4.434400,-47.542100,GOES-19,2026-10-09 19:20:00
-4.434400,-47.542100,GOES-19,2026-10-09 19:30:00
-4.434400,-47.542100,GOES-19,2026-10-09 19:40:00
-4.434400,-47.542100,GOES-19,2026-10-09 19:50:00
-11.793900,-46.728200,GOES-19,2026-10-09 18:50:00
-9.227000,-47.017700,GOES-19,2026-10-09 18:20:00
-9.227000,-47.017700,GOES-19,2026-10-09 18:30:00
-12.369900,-46.624300,GOES-19,2026-10-09 20:40:00
-12.389200,-46.621500,GOES-19,2026-10-09 20:40:00
-12.351100,-46.604400,GOES-19,2026-10-09 18:20:00
-12.351100,-46.604400,GOES-19,2026-10-09 19:30:00
-12.351100,-46.604400,GOES-19,2026-10-09 20:40:00
-12.370400,-46.601600,GOES-19,2026-10-09 18:40:00
-12.370400,-46.601600,GOES-19,2026-10-09 18:50:00
-12.370400,-46.601600,GOES-19,2026-10-09 19:10:00
-12.370400,-46.601600,GOES-19,2026-10-09 19:20:00
-12.370400,-46.601600,GOES-19,2026-10-09 19:30:00
-12.370400,-46.601600,GOES-19,2026-10-09 19:40:00
-12.370400,-46.601600,GOES-19,2026-10-09 19:50:00
-12.370400,-46.601600,GOES-19,2026-10-09 20:40:00
-12.389600,-46.598800,GOES-19,2026-10-09 18:10:00
-12.389600,-46.598800,GOES-19,2026-10-09 20:40:00
-12.351500,-46.581700,GOES-19,2026-10-09 18:10:00
-12.351500,-46.581700,GOES-19,2026-10-09 18:20:00
-12.351500,-46.581700,GOES-19,2026-10-09 18:30:00
-12.351500,-46.581700,GOES-19,2026-10-09 18:40:00
-12.351500,-46.581700,GOES-19,2026-10-09 18:50:00
-12.370800,-46.578900,GOES-19,2026-10-09 20:40:00
-12.390000,-46.576100,GOES-19,2026-10-09 18:20:00
-12.390000,-46.576100,GOES-19,2026-10-09 18:30:00
-12.390000,-46.576100,GOES-19,2026-10-09 18:40:00
-12.390000,-46.576100,GOES-19,2026-10-09 20:40:00
-10.250700,-46.836000,GOES-19,2026-10-09 19:00:00
-10.250700,-46.836000,GOES-19,2026-10-09 19:10:00
-10.250700,-46.836000,GOES-19,2026-10-09 19:30:00
-10.232000,-46.815800,GOES-19,2026-10-09 18:20:00
-11.432200,-46.664600,GOES-19,2026-10-09 12:00:00
-11.432200,-46.664600,GOES-19,2026-10-09 12:20:00
-11.432200,-46.664600,GOES-19,2026-10-09 12:30:00
-11.432200,-46.664600,GOES-19,2026-10-09 12:40:00
-11.432200,-46.664600,GOES-19,2026-10-09 13:00:00
-11.432200,-46.664600,GOES-19,2026-10-09 13:10:00
-11.432200,-46.664600,GOES-19,2026-10-09 13:50:00
-11.318300,-46.634700,GOES-19,2026-10-09 14:10:00
-11.318300,-46.634700,GOES-19,2026-10-09 14:30:00
-11.318300,-46.634700,GOES-19,2026-10-09 14:50:00
-11.337400,-46.632200,GOES-19,2026-10-09 14:10:00
-11.337400,-46.632200,GOES-19,2026-10-09 14:30:00
-8.512700,-46.890600,GOES-19,2026-10-09 14:10:00
-10.747200,-46.640900,GOES-19,2026-10-09 14:20:00
-10.747200,-46.640900,GOES-19,2026-10-09 14:30:00
-10.747200,-46.640900,GOES-19,2026-10-09 14:40:00
-10.747200,-46.640900,GOES-19,2026-10-09 14:50:00
-4.511300,-47.144500,GOES-19,2026-10-09 19:20:00
-4.511300,-47.144500,GOES-19,2026-10-09 19:30:00
-4.511300,-47.144500,GOES-19,2026-10-09 19:40:00
-4.511300,-47.144500,GOES-19,2026-10-09 19:50:00
-7.386100,-46.905000,GOES-19,2026-10-09 18:10:00
-7.386100,-46.905000,GOES-19,2026-10-09 18:20:00
-7.386100,-46.905000,GOES-19,2026-10-09 18:30:00
-7.386100,-46.905000,GOES-19,2026-10-09 18:40:00
-1.729900,-47.155400,GOES-19,2026-10-09 18:10:00
-10.349700,-46.555200,GOES-19,2026-10-09 13:20:00
-11.247100,-46.328400,GOES-19,2026-10-09 13:30:00
-11.247100,-46.328400,GOES-19,2026-10-09 14:00:00
-11.228300,-46.308300,GOES-19,2026-10-09 13:20:00
-11.228300,-46.308300,GOES-19,2026-10-09 13:30:00
-11.228300,-46.308300,GOES-19,2026-10-09 13:40:00
-9.329000,-46.448800,GOES-19,2026-10-09 12:10:00
-9.329000,-46.448800,GOES-19,2026-10-09 12:30:00
-9.329000,-46.448800,GOES-19,2026-10-09 12:40:00
-9.329000,-46.448800,GOES-19,2026-10-09 12:50:00
-9.329000,-46.448800,GOES-19,2026-10-09 13:00:00
-9.329000,-46.448800,GOES-19,2026-10-09 13:10:00
-9.329000,-46.448800,GOES-19,2026-10-09 13:20:00
-9.329000,-46.448800,GOES-19,2026-10-09 13:30:00
-9.329000,-46.448800,GOES-19,2026-10-09 13:40:00
-9.329000,-46.448800,GOES-19,2026-10-09 13:50:00
-9.329000,-46.448800,GOES-19,2026-10-09 14:00:00
-9.329000,-46.448800,GOES-19,2026-10-09 14:10:00
-9.329000,-46.448800,GOES-19,2026-10-09 14:20:00
-9.329000,-46.448800,GOES-19,2026-10-09 14:40:00
-9.329000,-46.448800,GOES-19,2026-10-09 14:50:00
-9.329000,-46.448800,GOES-19,2026-10-09 15:00:00
-9.329000,-46.448800,GOES-19,2026-10-09 15:10:00
-10.315700,-46.289400,GOES-19,2026-10-09 12:00:00
-10.315700,-46.289400,GOES-19,2026-10-09 12:10:00
-10.315700,-46.289400,GOES-19,2026-10-09 12:20:00
-10.315700,-46.289400,GOES-19,2026-10-09 12:30:00
-10.315700,-46.289400,GOES-19,2026-10-09 12:40:00
-10.315700,-46.289400,GOES-19,2026-10-09 12:50:00
-10.315700,-46.289400,GOES-19,2026-10-09 13:00:00
-17.477500,-45.070500,GOES-19,2026-10-09 18:40:00
-10.411100,-46.255100,GOES-19,2026-10-09 13:30:00
-10.411100,-46.255100,GOES-19,2026-10-09 13:50:00
-10.411100,-46.255100,GOES-19,2026-10-09 14:00:00
-10.392500,-46.234900,GOES-19,2026-10-09 14:30:00
-10.392500,-46.234900,GOES-19,2026-10-09 18:50:00
-10.411500,-46.232500,GOES-19,2026-10-09 14:30:00
-10.411500,-46.232500,GOES-19,2026-10-09 18:50:00
-6.547400,-46.551300,GOES-19,2026-10-09 18:10:00
-6.547400,-46.551300,GOES-19,2026-10-09 18:50:00
-6.547400,-46.551300,GOES-19,2026-10-09 19:00:00
-6.547400,-46.551300,GOES-19,2026-10-09 19:10:00
-6.547400,-46.551300,GOES-19,2026-10-09 19:20:00
-6.547400,-46.551300,GOES-19,2026-10-09 19:30:00
-6.547400,-46.551300,GOES-19,2026-10-09 19:40:00
-6.547400,-46.551300,GOES-19,2026-10-09 19:50:00
-16.067900,-45.250000,GOES-19,2026-10-09 14:20:00
-9.600000,-45.990900,GOES-19,2026-10-09 14:10:00
-9.600000,-45.990900,GOES-19,2026-10-09 14:20:00
-9.600000,-45.990900,GOES-19,2026-10-09 14:30:00
-9.618900,-45.988700,GOES-19,2026-10-09 14:10:00
-9.618900,-45.988700,GOES-19,2026-10-09 14:30:00
-9.618900,-45.988700,GOES-19,2026-10-09 14:50:00
-9.998400,-45.944000,GOES-19,2026-10-09 14:30:00
-9.998400,-45.944000,GOES-19,2026-10-09 14:40:00
-13.761500,-45.398400,GOES-19,2026-10-09 17:40:00
-13.761500,-45.398400,GOES-19,2026-10-09 18:00:00
-9.998700,-45.921300,GOES-19,2026-10-09 13:20:00
-9.998700,-45.921300,GOES-19,2026-10-09 13:30:00
-9.998700,-45.921300,GOES-19,2026-10-09 14:10:00
-9.998700,-45.921300,GOES-19,2026-10-09 14:20:00
-9.998700,-45.921300,GOES-19,2026-10-09 14:30:00
-9.998700,-45.921300,GOES-19,2026-10-09 14:40:00
-13.762000,-45.375100,GOES-19,2026-10-09 17:40:00
-13.762000,-45.375100,GOES-19,2026-10-09 17:50:00
-13.762000,-45.375100,GOES-19,2026-10-09 18:00:00
-13.781400,-45.371800,GOES-19,2026-10-09 17:50:00
-13.781400,-45.371800,GOES-19,2026-10-09 18:00:00
-13.781400,-45.371800,GOES-19,2026-10-09 19:00:00
-13.781900,-45.348500,GOES-19,2026-10-09 19:00:00
-13.781900,-45.348500,GOES-19,2026-10-09 19:20:00
-13.781900,-45.348500,GOES-19,2026-10-09 19:30:00
-13.781900,-45.348500,GOES-19,2026-10-09 19:40:00
-13.781900,-45.348500,GOES-19,2026-10-09 19:50:00
-7.507100,-46.114800,GOES-19,2026-10-09 18:30:00
-7.507100,-46.114800,GOES-19,2026-10-09 18:40:00
-7.525900,-46.113200,GOES-19,2026-10-09 18:30:00
-7.525900,-46.113200,GOES-19,2026-10-09 18:40:00
-11.794800,-45.569700,GOES-19,2026-10-09 14:10:00
-8.373500,-45.965200,GOES-19,2026-10-09 18:20:00
-8.373500,-45.965200,GOES-19,2026-10-09 19:00:00
-8.373500,-45.965200,GOES-19,2026-10-09 19:40:00
-9.110800,-45.820000,GOES-19,2026-10-09 13:40:00
-6.327900,-46.033000,GOES-19,2026-10-09 18:50:00
-6.327900,-46.033000,GOES-19,2026-10-09 19:30:00
-6.327900,-46.033000,GOES-19,2026-10-09 19:40:00
-6.327900,-46.033000,GOES-19,2026-10-09 19:50:00
-6.346600,-46.031500,GOES-19,2026-10-09 18:50:00
-6.346600,-46.031500,GOES-19,2026-10-09 19:30:00
-6.346600,-46.031500,GOES-19,2026-10-09 19:40:00
-6.346600,-46.031500,GOES-19,2026-10-09 19:50:00
-6.272000,-46.014800,GOES-19,2026-10-09 18:50:00
-6.272000,-46.014800,GOES-19,2026-10-09 19:00:00
-6.272000,-46.014800,GOES-19,2026-10-09 19:10:00
-6.272000,-46.014800,GOES-19,2026-10-09 19:30:00
-9.755900,-45.678300,GOES-19,2026-10-09 13:40:00
-12.162700,-45.354700,GOES-19,2026-10-09 14:00:00
-12.162700,-45.354700,GOES-19,2026-10-09 14:20:00
-11.567900,-45.418900,GOES-19,2026-10-09 17:30:00
-11.567900,-45.418900,GOES-19,2026-10-09 18:00:00
-11.568300,-45.395900,GOES-19,2026-10-09 17:20:00
-11.568300,-45.395900,GOES-19,2026-10-09 17:30:00
-11.032800,-45.447500,GOES-19,2026-10-09 17:50:00
-11.032800,-45.447500,GOES-19,2026-10-09 18:40:00
-11.032800,-45.447500,GOES-19,2026-10-09 18:50:00
-11.032800,-45.447500,GOES-19,2026-10-09 19:00:00
-11.032800,-45.447500,GOES-19,2026-10-09 19:10:00
-11.032800,-45.447500,GOES-19,2026-10-09 19:20:00
-11.032800,-45.447500,GOES-19,2026-10-09 19:30:00
-11.032800,-45.447500,GOES-19,2026-10-09 19:40:00
-11.032800,-45.447500,GOES-19,2026-10-09 19:50:00
-6.441300,-45.912300,GOES-19,2026-10-09 14:50:00
-8.206600,-45.756500,GOES-19,2026-10-09 18:50:00
-11.033200,-45.424600,GOES-19,2026-10-09 17:50:00
-11.033200,-45.424600,GOES-19,2026-10-09 18:00:00
-11.033200,-45.424600,GOES-19,2026-10-09 18:20:00
-8.188000,-45.735800,GOES-19,2026-10-09 19:20:00
-8.188000,-45.735800,GOES-19,2026-10-09 19:40:00
-8.188000,-45.735800,GOES-19,2026-10-09 19:50:00
-8.206900,-45.733900,GOES-19,2026-10-09 19:40:00
-8.206900,-45.733900,GOES-19,2026-10-09 19:50:00
-12.917000,-45.121500,GOES-19,2026-10-09 11:30:00
-12.917000,-45.121500,GOES-19,2026-10-09 11:40:00
-12.917000,-45.121500,GOES-19,2026-10-09 11:50:00
-12.917000,-45.121500,GOES-19,2026-10-09 12:00:00
-12.917000,-45.121500,GOES-19,2026-10-09 12:10:00
-12.917000,-45.121500,GOES-19,2026-10-09 12:20:00
-6.404300,-45.870300,GOES-19,2026-10-09 19:30:00
-10.900200,-45.396800,GOES-19,2026-10-09 17:30:00
-10.900200,-45.396800,GOES-19,2026-10-09 17:40:00
-10.900200,-45.396800,GOES-19,2026-10-09 18:30:00
-10.900200,-45.396800,GOES-19,2026-10-09 18:50:00
-10.995700,-45.383900,GOES-19,2026-10-09 14:20:00
-10.995700,-45.383900,GOES-19,2026-10-09 14:50:00
-12.917400,-45.098300,GOES-19,2026-10-09 11:30:00
-12.917400,-45.098300,GOES-19,2026-10-09 11:40:00
-12.917400,-45.098300,GOES-19,2026-10-09 11:50:00
-12.917400,-45.098300,GOES-19,2026-10-09 12:00:00
-12.917400,-45.098300,GOES-19,2026-10-09 12:10:00
-12.917400,-45.098300,GOES-19,2026-10-09 12:20:00
-6.404500,-45.847900,GOES-19,2026-10-09 19:30:00
-10.919700,-45.371200,GOES-19,2026-10-09 14:40:00
-10.919700,-45.371200,GOES-19,2026-10-09 15:10:00
-10.919700,-45.371200,GOES-19,2026-10-09 17:30:00
-10.957900,-45.366100,GOES-19,2026-10-09 15:00:00
-10.957900,-45.366100,GOES-19,2026-10-09 17:50:00
-10.957900,-45.366100,GOES-19,2026-10-09 18:40:00
-10.957900,-45.366100,GOES-19,2026-10-09 18:50:00
-11.245000,-45.303700,GOES-19,2026-10-09 12:20:00
-11.245000,-45.303700,GOES-19,2026-10-09 12:30:00
-11.245000,-45.303700,GOES-19,2026-10-09 12:40:00
-3.756300,-45.964500,GOES-19,2026-10-09 19:00:00
-3.756300,-45.964500,GOES-19,2026-10-09 19:10:00
-3.756300,-45.964500,GOES-19,2026-10-09 19:50:00
-14.064200,-44.833300,GOES-19,2026-10-09 14:00:00
-3.775000,-45.941300,GOES-19,2026-10-09 19:00:00
-3.775000,-45.941300,GOES-19,2026-10-09 19:10:00
-3.775000,-45.941300,GOES-19,2026-10-09 19:20:00
-3.775000,-45.941300,GOES-19,2026-10-09 19:30:00
-3.775000,-45.941300,GOES-19,2026-10-09 19:50:00
-8.095200,-45.632000,GOES-19,2026-10-09 13:10:00
-14.045200,-44.813300,GOES-19,2026-10-09 13:50:00
-14.064700,-44.809800,GOES-19,2026-10-09 13:30:00
-14.064700,-44.809800,GOES-19,2026-10-09 13:50:00
-14.064700,-44.809800,GOES-19,2026-10-09 14:00:00
-14.064700,-44.809800,GOES-19,2026-10-09 14:10:00
-14.045700,-44.789800,GOES-19,2026-10-09 13:40:00
-14.065200,-44.786300,GOES-19,2026-10-09 13:30:00
-14.065200,-44.786300,GOES-19,2026-10-09 13:40:00
-14.065200,-44.786300,GOES-19,2026-10-09 13:50:00
-14.065200,-44.786300,GOES-19,2026-10-09 14:00:00
-3.887700,-45.735000,GOES-19,2026-10-09 18:20:00
-12.229800,-44.835900,GOES-19,2026-10-09 14:40:00
-12.153200,-44.824500,GOES-19,2026-10-09 13:30:00
-12.153200,-44.824500,GOES-19,2026-10-09 14:00:00
-8.929900,-45.226900,GOES-19,2026-10-09 12:20:00
-8.929900,-45.226900,GOES-19,2026-10-09 12:30:00
-8.929900,-45.226900,GOES-19,2026-10-09 12:40:00
-12.211400,-44.792300,GOES-19,2026-10-09 17:40:00
-12.230700,-44.789400,GOES-19,2026-10-09 17:40:00
-16.235300,-44.053000,GOES-19,2026-10-09 14:10:00
-16.235300,-44.053000,GOES-19,2026-10-09 14:20:00
-16.255200,-44.048700,GOES-19,2026-10-09 14:20:00
-16.255200,-44.048700,GOES-19,2026-10-09 14:30:00
-16.255200,-44.048700,GOES-19,2026-10-09 18:10:00
-16.255200,-44.048700,GOES-19,2026-10-09 18:20:00
-16.255200,-44.048700,GOES-19,2026-10-09 18:30:00
-16.255200,-44.048700,GOES-19,2026-10-09 18:40:00
-16.255200,-44.048700,GOES-19,2026-10-09 18:50:00
-8.892400,-45.208300,GOES-19,2026-10-09 19:50:00
-12.211900,-44.769000,GOES-19,2026-10-09 17:20:00
-12.211900,-44.769000,GOES-19,2026-10-09 17:30:00
-12.211900,-44.769000,GOES-19,2026-10-09 17:40:00
-12.231100,-44.766100,GOES-19,2026-10-09 17:30:00
-12.231100,-44.766100,GOES-19,2026-10-09 17:40:00
-12.250400,-44.763100,GOES-19,2026-10-09 17:30:00
-12.269600,-44.760100,GOES-19,2026-10-09 14:00:00
-9.100900,-45.162200,GOES-19,2026-10-09 12:20:00
-12.193000,-44.748700,GOES-19,2026-10-09 17:30:00
-12.212300,-44.745700,GOES-19,2026-10-09 17:30:00
-12.212300,-44.745700,GOES-19,2026-10-09 17:40:00
-12.231600,-44.742700,GOES-19,2026-10-09 17:30:00
-12.231600,-44.742700,GOES-19,2026-10-09 17:40:00
-12.250800,-44.739700,GOES-19,2026-10-09 17:30:00
-12.250800,-44.739700,GOES-19,2026-10-09 17:40:00
-8.722800,-45.181200,GOES-19,2026-10-09 00:00:00
-8.741700,-45.179100,GOES-19,2026-10-09 00:00:00
-8.987600,-45.152100,GOES-19,2026-10-09 14:00:00
-8.987600,-45.152100,GOES-19,2026-10-09 14:20:00
-8.987600,-45.152100,GOES-19,2026-10-09 14:30:00
-8.987600,-45.152100,GOES-19,2026-10-09 14:50:00
-9.082200,-45.141400,GOES-19,2026-10-09 12:20:00
-12.193500,-44.725400,GOES-19,2026-10-09 17:30:00
-12.193500,-44.725400,GOES-19,2026-10-09 17:40:00
-7.516400,-45.279600,GOES-19,2026-10-09 14:20:00
-8.723100,-45.158300,GOES-19,2026-10-09 00:00:00
-8.723100,-45.158300,GOES-19,2026-10-09 02:20:00
-8.742000,-45.156300,GOES-19,2026-10-09 00:00:00
-8.742000,-45.156300,GOES-19,2026-10-09 02:20:00
-8.987900,-45.129200,GOES-19,2026-10-09 12:30:00
-8.987900,-45.129200,GOES-19,2026-10-09 12:40:00
-8.987900,-45.129200,GOES-19,2026-10-09 12:50:00
-8.987900,-45.129200,GOES-19,2026-10-09 13:50:00
-8.987900,-45.129200,GOES-19,2026-10-09 14:00:00
-8.987900,-45.129200,GOES-19,2026-10-09 14:20:00
-8.987900,-45.129200,GOES-19,2026-10-09 14:30:00
-11.329500,-44.831000,GOES-19,2026-10-09 18:00:00
-11.329500,-44.831000,GOES-19,2026-10-09 18:10:00
-8.723400,-45.135500,GOES-19,2026-10-09 00:00:00
-8.723400,-45.135500,GOES-19,2026-10-09 02:20:00
-8.742300,-45.133400,GOES-19,2026-10-09 00:00:00
-8.742300,-45.133400,GOES-19,2026-10-09 02:20:00
-12.213600,-44.675800,GOES-19,2026-10-09 18:30:00
-12.213600,-44.675800,GOES-19,2026-10-09 18:40:00
-12.232900,-44.672800,GOES-19,2026-10-09 18:30:00
-12.194800,-44.655400,GOES-19,2026-10-09 18:30:00
-12.194800,-44.655400,GOES-19,2026-10-09 18:40:00
-12.214000,-44.652400,GOES-19,2026-10-09 18:30:00
-12.175900,-44.635100,GOES-19,2026-10-09 17:30:00
-12.175900,-44.635100,GOES-19,2026-10-09 18:30:00
-12.175900,-44.635100,GOES-19,2026-10-09 18:40:00
-12.195200,-44.632100,GOES-19,2026-10-09 14:10:00
-12.195200,-44.632100,GOES-19,2026-10-09 14:20:00
-12.195200,-44.632100,GOES-19,2026-10-09 14:30:00
-12.195200,-44.632100,GOES-19,2026-10-09 14:40:00
-12.195200,-44.632100,GOES-19,2026-10-09 15:10:00
-12.195200,-44.632100,GOES-19,2026-10-09 16:50:00
-12.195200,-44.632100,GOES-19,2026-10-09 17:20:00
-12.195200,-44.632100,GOES-19,2026-10-09 18:30:00
-12.195200,-44.632100,GOES-19,2026-10-09 18:40:00
-12.214500,-44.629100,GOES-19,2026-10-09 18:30:00
-12.214500,-44.629100,GOES-19,2026-10-09 18:40:00
-12.214900,-44.605700,GOES-19,2026-10-09 18:30:00
-9.919100,-44.904500,GOES-19,2026-10-09 18:40:00
-9.919100,-44.904500,GOES-19,2026-10-09 18:50:00
-9.919100,-44.904500,GOES-19,2026-10-09 19:10:00
-9.919100,-44.904500,GOES-19,2026-10-09 19:20:00
-9.919100,-44.904500,GOES-19,2026-10-09 19:50:00
-9.938100,-44.902200,GOES-19,2026-10-09 19:20:00
-9.938100,-44.902200,GOES-19,2026-10-09 19:50:00
-9.938400,-44.879100,GOES-19,2026-10-09 18:00:00
-9.938400,-44.879100,GOES-19,2026-10-09 18:30:00
-9.938400,-44.879100,GOES-19,2026-10-09 19:30:00
-9.938400,-44.879100,GOES-19,2026-10-09 19:40:00
-9.938400,-44.879100,GOES-19,2026-10-09 19:50:00
-9.862400,-44.888600,GOES-19,2026-10-09 14:10:00
-9.939500,-44.810000,GOES-19,2026-10-09 14:20:00
-9.939800,-44.786900,GOES-19,2026-10-09 13:40:00
-9.939800,-44.786900,GOES-19,2026-10-09 13:50:00
-9.939800,-44.786900,GOES-19,2026-10-09 14:00:00
-9.939800,-44.786900,GOES-19,2026-10-09 14:10:00
-9.939800,-44.786900,GOES-19,2026-10-09 14:20:00
-9.731000,-44.789800,GOES-19,2026-10-09 18:30:00
-9.731000,-44.789800,GOES-19,2026-10-09 18:40:00
-5.027600,-45.200600,GOES-19,2026-10-09 19:40:00
-8.670000,-44.889800,GOES-19,2026-10-09 14:30:00
-8.670000,-44.889800,GOES-19,2026-10-09 14:40:00
-8.670000,-44.889800,GOES-19,2026-10-09 15:20:00
-5.027800,-45.178000,GOES-19,2026-10-09 19:40:00
-4.021000,-45.234300,GOES-19,2026-10-09 19:10:00
-14.433400,-43.963500,GOES-19,2026-10-09 18:30:00
-14.433400,-43.963500,GOES-19,2026-10-09 18:50:00
-14.433400,-43.963500,GOES-19,2026-10-09 19:10:00
-14.433400,-43.963500,GOES-19,2026-10-09 19:20:00
-14.433400,-43.963500,GOES-19,2026-10-09 19:30:00
-14.433400,-43.963500,GOES-19,2026-10-09 19:40:00
-14.433400,-43.963500,GOES-19,2026-10-09 19:50:00
-14.453000,-43.959800,GOES-19,2026-10-09 18:30:00
-14.453000,-43.959800,GOES-19,2026-10-09 18:40:00
-14.453000,-43.959800,GOES-19,2026-10-09 18:50:00
-14.453000,-43.959800,GOES-19,2026-10-09 19:10:00
-14.453000,-43.959800,GOES-19,2026-10-09 19:20:00
-14.453000,-43.959800,GOES-19,2026-10-09 19:30:00
-14.453000,-43.959800,GOES-19,2026-10-09 19:40:00
-14.453000,-43.959800,GOES-19,2026-10-09 19:50:00
-14.453000,-43.959800,GOES-19,2026-10-09 22:40:00
-14.472600,-43.956000,GOES-19,2026-10-09 22:40:00
-14.433900,-43.939600,GOES-19,2026-10-09 19:30:00
-14.433900,-43.939600,GOES-19,2026-10-09 19:40:00
-14.433900,-43.939600,GOES-19,2026-10-09 22:40:00
-14.453500,-43.935900,GOES-19,2026-10-09 19:30:00
-14.453500,-43.935900,GOES-19,2026-10-09 19:40:00
-14.453500,-43.935900,GOES-19,2026-10-09 22:40:00
-14.473100,-43.932200,GOES-19,2026-10-09 19:30:00
-14.473100,-43.932200,GOES-19,2026-10-09 19:40:00
-14.473100,-43.932200,GOES-19,2026-10-09 22:40:00
-14.434500,-43.915700,GOES-19,2026-10-09 19:30:00
-14.454100,-43.912000,GOES-19,2026-10-09 19:30:00
-14.454100,-43.912000,GOES-19,2026-10-09 19:40:00
-14.454100,-43.912000,GOES-19,2026-10-09 22:40:00
-5.383700,-45.019100,GOES-19,2026-10-09 19:50:00
-5.421100,-45.016600,GOES-19,2026-10-09 19:40:00
-5.421100,-45.016600,GOES-19,2026-10-09 19:50:00
-5.832900,-44.942300,GOES-19,2026-10-09 19:40:00
-5.851700,-44.940900,GOES-19,2026-10-09 19:40:00
-5.851900,-44.918200,GOES-19,2026-10-09 19:30:00
-5.851900,-44.918200,GOES-19,2026-10-09 19:40:00
-7.428300,-44.763900,GOES-19,2026-10-09 14:00:00
-13.366100,-43.921700,GOES-19,2026-10-09 19:10:00
-13.366100,-43.921700,GOES-19,2026-10-09 19:20:00
-13.366100,-43.921700,GOES-19,2026-10-09 19:30:00
-13.366100,-43.921700,GOES-19,2026-10-09 19:40:00
-13.366100,-43.921700,GOES-19,2026-10-09 19:50:00
-13.366100,-43.921700,GOES-19,2026-10-09 20:00:00
-13.366100,-43.921700,GOES-19,2026-10-09 20:10:00
-13.366100,-43.921700,GOES-19,2026-10-09 20:30:00
-13.366100,-43.921700,GOES-19,2026-10-09 20:40:00
-13.347100,-43.901400,GOES-19,2026-10-09 20:00:00
-13.347100,-43.901400,GOES-19,2026-10-09 20:10:00
-13.347100,-43.901400,GOES-19,2026-10-09 20:30:00
-13.347100,-43.901400,GOES-19,2026-10-09 20:40:00
-13.366600,-43.897900,GOES-19,2026-10-09 20:00:00
-13.366600,-43.897900,GOES-19,2026-10-09 20:10:00
-13.366600,-43.897900,GOES-19,2026-10-09 20:30:00
-13.366600,-43.897900,GOES-19,2026-10-09 20:40:00
-13.386000,-43.894500,GOES-19,2026-10-09 18:40:00
-13.386000,-43.894500,GOES-19,2026-10-09 18:50:00
-13.386000,-43.894500,GOES-19,2026-10-09 19:00:00
-13.386000,-43.894500,GOES-19,2026-10-09 20:00:00
-13.386000,-43.894500,GOES-19,2026-10-09 20:10:00
-13.386000,-43.894500,GOES-19,2026-10-09 20:30:00
-13.386000,-43.894500,GOES-19,2026-10-09 20:40:00
-13.367100,-43.874200,GOES-19,2026-10-09 20:00:00
-13.367100,-43.874200,GOES-19,2026-10-09 20:10:00
-13.367100,-43.874200,GOES-19,2026-10-09 20:30:00
-13.367100,-43.874200,GOES-19,2026-10-09 20:40:00
-13.386500,-43.870800,GOES-19,2026-10-09 20:00:00
-13.386500,-43.870800,GOES-19,2026-10-09 20:10:00
-13.386500,-43.870800,GOES-19,2026-10-09 20:30:00
-13.386500,-43.870800,GOES-19,2026-10-09 20:40:00
-4.209400,-44.885300,GOES-19,2026-10-09 18:50:00
-4.209400,-44.885300,GOES-19,2026-10-09 19:00:00
-4.209400,-44.885300,GOES-19,2026-10-09 19:10:00
-10.041400,-44.357900,GOES-19,2026-10-09 18:00:00
-6.078600,-44.673300,GOES-19,2026-10-09 19:30:00
-11.055000,-44.126500,GOES-19,2026-10-09 18:30:00
-11.055000,-44.126500,GOES-19,2026-10-09 18:50:00
-11.055000,-44.126500,GOES-19,2026-10-09 19:10:00
-11.074100,-44.123700,GOES-19,2026-10-09 14:30:00
-11.074100,-44.123700,GOES-19,2026-10-09 18:20:00
-11.074100,-44.123700,GOES-19,2026-10-09 18:30:00
-11.074100,-44.123700,GOES-19,2026-10-09 18:40:00
-11.074100,-44.123700,GOES-19,2026-10-09 18:50:00
-11.074100,-44.123700,GOES-19,2026-10-09 19:10:00
-11.055400,-44.103000,GOES-19,2026-10-09 13:10:00
-11.055400,-44.103000,GOES-19,2026-10-09 13:20:00
-11.055400,-44.103000,GOES-19,2026-10-09 18:20:00
-11.055400,-44.103000,GOES-19,2026-10-09 18:30:00
-11.055400,-44.103000,GOES-19,2026-10-09 18:40:00
-11.055400,-44.103000,GOES-19,2026-10-09 18:50:00
-11.055400,-44.103000,GOES-19,2026-10-09 19:00:00
-11.055400,-44.103000,GOES-19,2026-10-09 19:10:00
-11.074500,-44.100300,GOES-19,2026-10-09 13:10:00
-11.074500,-44.100300,GOES-19,2026-10-09 13:20:00
-11.074500,-44.100300,GOES-19,2026-10-09 18:20:00
-11.074500,-44.100300,GOES-19,2026-10-09 18:30:00
-11.074500,-44.100300,GOES-19,2026-10-09 18:40:00
-11.074500,-44.100300,GOES-19,2026-10-09 18:50:00
-11.074500,-44.100300,GOES-19,2026-10-09 19:00:00
-11.074500,-44.100300,GOES-19,2026-10-09 19:10:00
-11.074500,-44.100300,GOES-19,2026-10-09 19:20:00
-11.017500,-44.085100,GOES-19,2026-10-09 18:20:00
-11.017500,-44.085100,GOES-19,2026-10-09 18:30:00
-11.017500,-44.085100,GOES-19,2026-10-09 19:00:00
-11.036600,-44.082400,GOES-19,2026-10-09 13:30:00
-11.036600,-44.082400,GOES-19,2026-10-09 18:20:00
-11.036600,-44.082400,GOES-19,2026-10-09 18:30:00
-11.036600,-44.082400,GOES-19,2026-10-09 18:40:00
-11.036600,-44.082400,GOES-19,2026-10-09 18:50:00
-11.036600,-44.082400,GOES-19,2026-10-09 19:00:00
-11.036600,-44.082400,GOES-19,2026-10-09 19:10:00
-11.036600,-44.082400,GOES-19,2026-10-09 19:20:00
-11.055800,-44.079600,GOES-19,2026-10-09 13:10:00
-11.055800,-44.079600,GOES-19,2026-10-09 13:20:00
-11.055800,-44.079600,GOES-19,2026-10-09 13:30:00
-11.055800,-44.079600,GOES-19,2026-10-09 18:20:00
-11.055800,-44.079600,GOES-19,2026-10-09 18:30:00
-11.055800,-44.079600,GOES-19,2026-10-09 18:40:00
-11.055800,-44.079600,GOES-19,2026-10-09 18:50:00
-11.055800,-44.079600,GOES-19,2026-10-09 19:00:00
-11.055800,-44.079600,GOES-19,2026-10-09 19:10:00
-11.055800,-44.079600,GOES-19,2026-10-09 19:20:00
-11.075000,-44.076800,GOES-19,2026-10-09 13:10:00
-11.075000,-44.076800,GOES-19,2026-10-09 13:20:00
-11.075000,-44.076800,GOES-19,2026-10-09 13:30:00
-11.075000,-44.076800,GOES-19,2026-10-09 18:20:00
-11.094100,-44.074100,GOES-19,2026-10-09 13:10:00
-11.094100,-44.074100,GOES-19,2026-10-09 13:30:00
-11.094100,-44.074100,GOES-19,2026-10-09 14:20:00
-11.017900,-44.061700,GOES-19,2026-10-09 19:00:00
-11.017900,-44.061700,GOES-19,2026-10-09 19:10:00
-11.017900,-44.061700,GOES-19,2026-10-09 19:20:00
-11.017900,-44.061700,GOES-19,2026-10-09 19:30:00
-11.017900,-44.061700,GOES-19,2026-10-09 19:40:00
-11.017900,-44.061700,GOES-19,2026-10-09 19:50:00
-11.017900,-44.061700,GOES-19,2026-10-09 20:00:00
-11.017900,-44.061700,GOES-19,2026-10-09 20:10:00
-11.037000,-44.058900,GOES-19,2026-10-09 13:20:00
-11.037000,-44.058900,GOES-19,2026-10-09 13:30:00
-11.037000,-44.058900,GOES-19,2026-10-09 14:30:00
-11.037000,-44.058900,GOES-19,2026-10-09 18:20:00
-11.037000,-44.058900,GOES-19,2026-10-09 18:30:00
-11.037000,-44.058900,GOES-19,2026-10-09 18:40:00
-11.037000,-44.058900,GOES-19,2026-10-09 18:50:00
-11.037000,-44.058900,GOES-19,2026-10-09 19:00:00
-11.037000,-44.058900,GOES-19,2026-10-09 19:10:00
-11.037000,-44.058900,GOES-19,2026-10-09 19:20:00
-11.037000,-44.058900,GOES-19,2026-10-09 20:00:00
-11.037000,-44.058900,GOES-19,2026-10-09 20:10:00
-11.056200,-44.056100,GOES-19,2026-10-09 13:10:00
-11.056200,-44.056100,GOES-19,2026-10-09 13:20:00
-11.056200,-44.056100,GOES-19,2026-10-09 13:30:00
-11.056200,-44.056100,GOES-19,2026-10-09 14:20:00
-11.056200,-44.056100,GOES-19,2026-10-09 14:30:00
-11.056200,-44.056100,GOES-19,2026-10-09 18:20:00
-11.075400,-44.053400,GOES-19,2026-10-09 13:20:00
-11.075400,-44.053400,GOES-19,2026-10-09 13:30:00
-11.075400,-44.053400,GOES-19,2026-10-09 14:20:00
-11.075400,-44.053400,GOES-19,2026-10-09 14:30:00
-11.094500,-44.050600,GOES-19,2026-10-09 14:20:00
-11.037400,-44.035500,GOES-19,2026-10-09 14:20:00
-11.037400,-44.035500,GOES-19,2026-10-09 15:00:00
-11.037400,-44.035500,GOES-19,2026-10-09 18:20:00
-11.037400,-44.035500,GOES-19,2026-10-09 18:30:00
-11.037400,-44.035500,GOES-19,2026-10-09 18:40:00
-11.037400,-44.035500,GOES-19,2026-10-09 18:50:00
-11.037400,-44.035500,GOES-19,2026-10-09 19:00:00
-11.037400,-44.035500,GOES-19,2026-10-09 19:10:00
-11.037400,-44.035500,GOES-19,2026-10-09 19:20:00
-11.037400,-44.035500,GOES-19,2026-10-09 20:00:00
-11.037400,-44.035500,GOES-19,2026-10-09 20:10:00
-11.056600,-44.032700,GOES-19,2026-10-09 13:30:00
-11.056600,-44.032700,GOES-19,2026-10-09 14:20:00
-11.056600,-44.032700,GOES-19,2026-10-09 14:30:00
-11.056600,-44.032700,GOES-19,2026-10-09 19:10:00
-11.037900,-44.012000,GOES-19,2026-10-09 18:20:00
-11.037900,-44.012000,GOES-19,2026-10-09 19:10:00
-11.037900,-44.012000,GOES-19,2026-10-09 19:20:00
-11.037900,-44.012000,GOES-19,2026-10-09 19:30:00
-11.037900,-44.012000,GOES-19,2026-10-09 19:40:00
-11.037900,-44.012000,GOES-19,2026-10-09 20:00:00
-11.037900,-44.012000,GOES-19,2026-10-09 20:10:00
-11.057000,-44.009200,GOES-19,2026-10-09 14:30:00
-11.057000,-44.009200,GOES-19,2026-10-09 19:10:00
-11.076200,-44.006500,GOES-19,2026-10-09 14:30:00
-11.095300,-44.003700,GOES-19,2026-10-09 14:30:00
-11.597200,-43.764400,GOES-19,2026-10-09 19:20:00
-11.616400,-43.761500,GOES-19,2026-10-09 19:20:00
-18.312500,-42.390100,GOES-19,2026-10-09 14:20:00
-18.312500,-42.390100,GOES-19,2026-10-09 14:30:00
-18.312500,-42.390100,GOES-19,2026-10-09 14:40:00
-11.597600,-43.740800,GOES-19,2026-10-09 19:00:00
-18.313200,-42.365000,GOES-19,2026-10-09 14:00:00
-18.313200,-42.365000,GOES-19,2026-10-09 14:10:00
-18.313200,-42.365000,GOES-19,2026-10-09 14:20:00
-18.313200,-42.365000,GOES-19,2026-10-09 14:30:00
-18.313200,-42.365000,GOES-19,2026-10-09 14:40:00
-11.655700,-43.708300,GOES-19,2026-10-09 13:50:00
-11.675000,-43.705300,GOES-19,2026-10-09 13:00:00
-11.617700,-43.690600,GOES-19,2026-10-09 13:50:00
-11.636900,-43.687600,GOES-19,2026-10-09 13:50:00
-16.127900,-42.843000,GOES-19,2026-10-09 13:10:00
-11.849900,-43.583500,GOES-19,2026-10-09 19:20:00
-16.127900,-42.843000,GOES-19,2026-10-09 13:20:00
-16.127900,-42.843000,GOES-19,2026-10-09 14:00:00
-16.127900,-42.843000,GOES-19,2026-10-09 14:30:00
-11.560500,-43.675800,GOES-19,2026-10-09 19:00:00
-11.560500,-43.675800,GOES-19,2026-10-09 19:10:00
-11.579700,-43.672800,GOES-19,2026-10-09 13:50:00
-11.598900,-43.669900,GOES-19,2026-10-09 13:50:00
-11.849000,-43.630900,GOES-19,2026-10-09 19:00:00
-11.849000,-43.630900,GOES-19,2026-10-09 19:10:00
-11.849000,-43.630900,GOES-19,2026-10-09 19:30:00
-11.830200,-43.610300,GOES-19,2026-10-09 19:10:00
-11.830200,-43.610300,GOES-19,2026-10-09 19:20:00
-11.830200,-43.610300,GOES-19,2026-10-09 19:30:00
-11.849500,-43.607200,GOES-19,2026-10-09 19:10:00
-11.849500,-43.607200,GOES-19,2026-10-09 19:20:00
-11.849500,-43.607200,GOES-19,2026-10-09 19:30:00
-11.868700,-43.604200,GOES-19,2026-10-09 19:10:00
-11.868700,-43.604200,GOES-19,2026-10-09 19:20:00
-11.868700,-43.604200,GOES-19,2026-10-09 19:30:00
-11.580100,-43.649200,GOES-19,2026-10-09 13:50:00
-11.599300,-43.646200,GOES-19,2026-10-09 13:50:00
-7.247100,-44.160400,GOES-19,2026-10-09 19:40:00
-7.247100,-44.160400,GOES-19,2026-10-09 19:50:00
-11.830700,-43.586600,GOES-19,2026-10-09 19:10:00
-11.830700,-43.586600,GOES-19,2026-10-09 19:20:00
-11.830700,-43.586600,GOES-19,2026-10-09 19:30:00
-11.849900,-43.583500,GOES-19,2026-10-09 19:10:00
-11.849900,-43.583500,GOES-19,2026-10-09 19:30:00
-11.869200,-43.580500,GOES-19,2026-10-09 19:10:00
-11.869200,-43.580500,GOES-19,2026-10-09 19:20:00
-11.869200,-43.580500,GOES-19,2026-10-09 19:30:00
-3.113300,-44.412600,GOES-19,2026-10-09 18:30:00
-11.600200,-43.598900,GOES-19,2026-10-09 18:50:00
-11.600200,-43.598900,GOES-19,2026-10-09 19:00:00
-11.869600,-43.556800,GOES-19,2026-10-09 19:20:00
-11.985600,-43.514600,GOES-19,2026-10-09 11:50:00
-11.985600,-43.514600,GOES-19,2026-10-09 12:00:00
-11.985600,-43.514600,GOES-19,2026-10-09 12:10:00
-11.985600,-43.514600,GOES-19,2026-10-09 12:20:00
-11.985600,-43.514600,GOES-19,2026-10-09 12:30:00
-11.985600,-43.514600,GOES-19,2026-10-09 12:40:00
-11.985600,-43.514600,GOES-19,2026-10-09 12:50:00
-11.985600,-43.514600,GOES-19,2026-10-09 13:00:00
-11.985600,-43.514600,GOES-19,2026-10-09 13:10:00
-11.985600,-43.514600,GOES-19,2026-10-09 13:20:00
-11.985600,-43.514600,GOES-19,2026-10-09 13:30:00
-11.985600,-43.514600,GOES-19,2026-10-09 13:50:00
-11.985600,-43.514600,GOES-19,2026-10-09 14:00:00
-11.985600,-43.514600,GOES-19,2026-10-09 14:20:00
-11.985600,-43.514600,GOES-19,2026-10-09 14:40:00
-12.004900,-43.511500,GOES-19,2026-10-09 12:10:00
-11.966800,-43.493900,GOES-19,2026-10-09 12:00:00
-11.966800,-43.493900,GOES-19,2026-10-09 12:10:00
-11.966800,-43.493900,GOES-19,2026-10-09 12:30:00
-11.966800,-43.493900,GOES-19,2026-10-09 12:40:00
-11.966800,-43.493900,GOES-19,2026-10-09 18:50:00
-11.966800,-43.493900,GOES-19,2026-10-09 19:00:00
-11.966800,-43.493900,GOES-19,2026-10-09 19:10:00
-11.966800,-43.493900,GOES-19,2026-10-09 19:20:00
-11.966800,-43.493900,GOES-19,2026-10-09 19:50:00
-11.986100,-43.490800,GOES-19,2026-10-09 12:00:00
-11.986100,-43.490800,GOES-19,2026-10-09 12:10:00
-11.986100,-43.490800,GOES-19,2026-10-09 12:40:00
-11.986100,-43.490800,GOES-19,2026-10-09 18:40:00
-11.986100,-43.490800,GOES-19,2026-10-09 18:50:00
-11.986100,-43.490800,GOES-19,2026-10-09 19:00:00
-11.986100,-43.490800,GOES-19,2026-10-09 19:10:00
-11.986100,-43.490800,GOES-19,2026-10-09 19:20:00
-12.005400,-43.487800,GOES-19,2026-10-09 12:00:00
-12.005400,-43.487800,GOES-19,2026-10-09 12:10:00
-12.005400,-43.487800,GOES-19,2026-10-09 12:40:00
-11.928700,-43.476300,GOES-19,2026-10-09 18:50:00
-11.928700,-43.476300,GOES-19,2026-10-09 19:50:00
-11.948000,-43.473300,GOES-19,2026-10-09 18:40:00
-11.948000,-43.473300,GOES-19,2026-10-09 18:50:00
-11.948000,-43.473300,GOES-19,2026-10-09 19:00:00
-11.948000,-43.473300,GOES-19,2026-10-09 19:10:00
-11.948000,-43.473300,GOES-19,2026-10-09 19:20:00
-11.948000,-43.473300,GOES-19,2026-10-09 19:50:00
-11.967300,-43.470200,GOES-19,2026-10-09 12:00:00
-11.967300,-43.470200,GOES-19,2026-10-09 13:00:00
-11.967300,-43.470200,GOES-19,2026-10-09 18:40:00
-11.967300,-43.470200,GOES-19,2026-10-09 18:50:00
-11.967300,-43.470200,GOES-19,2026-10-09 19:00:00
-11.967300,-43.470200,GOES-19,2026-10-09 19:10:00
-11.967300,-43.470200,GOES-19,2026-10-09 19:20:00
-11.967300,-43.470200,GOES-19,2026-10-09 19:50:00
-11.986500,-43.467100,GOES-19,2026-10-09 12:00:00
-11.986500,-43.467100,GOES-19,2026-10-09 12:10:00
-11.986500,-43.467100,GOES-19,2026-10-09 12:40:00
-11.986500,-43.467100,GOES-19,2026-10-09 18:40:00
-11.986500,-43.467100,GOES-19,2026-10-09 18:50:00
-11.986500,-43.467100,GOES-19,2026-10-09 19:00:00
-11.986500,-43.467100,GOES-19,2026-10-09 19:10:00
-11.986500,-43.467100,GOES-19,2026-10-09 19:20:00
-11.986500,-43.467100,GOES-19,2026-10-09 19:50:00
-12.005800,-43.464000,GOES-19,2026-10-09 12:00:00
-12.005800,-43.464000,GOES-19,2026-10-09 12:10:00
-12.005800,-43.464000,GOES-19,2026-10-09 12:40:00
-12.005800,-43.464000,GOES-19,2026-10-09 18:40:00
-12.005800,-43.464000,GOES-19,2026-10-09 18:50:00
-12.005800,-43.464000,GOES-19,2026-10-09 19:00:00
-12.005800,-43.464000,GOES-19,2026-10-09 19:10:00
-12.005800,-43.464000,GOES-19,2026-10-09 19:20:00
-11.987000,-43.443300,GOES-19,2026-10-09 11:50:00
-11.987000,-43.443300,GOES-19,2026-10-09 12:00:00
-11.987000,-43.443300,GOES-19,2026-10-09 12:10:00
-11.987000,-43.443300,GOES-19,2026-10-09 12:20:00
-11.987000,-43.443300,GOES-19,2026-10-09 12:30:00
-11.987000,-43.443300,GOES-19,2026-10-09 12:40:00
-11.987000,-43.443300,GOES-19,2026-10-09 12:50:00
-11.987000,-43.443300,GOES-19,2026-10-09 13:10:00
-11.987000,-43.443300,GOES-19,2026-10-09 13:30:00
-11.987000,-43.443300,GOES-19,2026-10-09 14:40:00
-11.987000,-43.443300,GOES-19,2026-10-09 18:20:00
-11.987000,-43.443300,GOES-19,2026-10-09 18:30:00
-11.987000,-43.443300,GOES-19,2026-10-09 18:40:00
-11.987000,-43.443300,GOES-19,2026-10-09 18:50:00
-11.987000,-43.443300,GOES-19,2026-10-09 19:10:00
-11.987000,-43.443300,GOES-19,2026-10-09 19:20:00
-12.006300,-43.440200,GOES-19,2026-10-09 12:00:00
-12.006300,-43.440200,GOES-19,2026-10-09 12:10:00
-12.006300,-43.440200,GOES-19,2026-10-09 12:40:00
-12.006300,-43.440200,GOES-19,2026-10-09 18:40:00
-12.006300,-43.440200,GOES-19,2026-10-09 18:50:00
-12.006300,-43.440200,GOES-19,2026-10-09 19:10:00
-12.006300,-43.440200,GOES-19,2026-10-09 19:20:00
-12.025600,-43.437100,GOES-19,2026-10-09 18:40:00
-12.025600,-43.437100,GOES-19,2026-10-09 18:50:00
-12.044800,-43.434000,GOES-19,2026-10-09 18:40:00
-12.044800,-43.434000,GOES-19,2026-10-09 18:50:00
-4.232200,-44.245600,GOES-19,2026-10-09 14:50:00
-7.079300,-44.037400,GOES-19,2026-10-09 14:20:00
-7.079300,-44.037400,GOES-19,2026-10-09 14:40:00
-4.064900,-44.162800,GOES-19,2026-10-09 14:20:00
-4.064900,-44.162800,GOES-19,2026-10-09 14:30:00
-4.102200,-44.160900,GOES-19,2026-10-09 14:20:00
-15.818600,-42.593800,GOES-19,2026-10-09 12:40:00
-4.065000,-44.139900,GOES-19,2026-10-09 14:30:00
-4.065000,-44.139900,GOES-19,2026-10-09 14:40:00
-4.065000,-44.139900,GOES-19,2026-10-09 14:50:00
-13.813000,-42.980700,GOES-19,2026-10-09 18:40:00
-9.920800,-43.556700,GOES-19,2026-10-09 17:40:00
-9.920800,-43.556700,GOES-19,2026-10-09 18:00:00
-9.920800,-43.556700,GOES-19,2026-10-09 18:10:00
-9.920800,-43.556700,GOES-19,2026-10-09 18:20:00
-5.561600,-43.885100,GOES-19,2026-10-09 19:00:00
-15.252800,-42.398700,GOES-19,2026-10-09 14:30:00
-15.252800,-42.398700,GOES-19,2026-10-09 14:40:00
-15.252800,-42.398700,GOES-19,2026-10-09 18:00:00
-15.252800,-42.398700,GOES-19,2026-10-09 18:10:00
-15.252800,-42.398700,GOES-19,2026-10-09 18:20:00
-15.252800,-42.398700,GOES-19,2026-10-09 18:30:00
-15.252800,-42.398700,GOES-19,2026-10-09 18:40:00
-15.252800,-42.398700,GOES-19,2026-10-09 18:50:00
-15.272600,-42.394500,GOES-19,2026-10-09 14:30:00
-15.272600,-42.394500,GOES-19,2026-10-09 14:50:00
-15.272600,-42.394500,GOES-19,2026-10-09 18:10:00
-15.272600,-42.394500,GOES-19,2026-10-09 18:20:00
-15.272600,-42.394500,GOES-19,2026-10-09 18:30:00
-15.272600,-42.394500,GOES-19,2026-10-09 18:40:00
-15.272600,-42.394500,GOES-19,2026-10-09 18:50:00
-15.272600,-42.394500,GOES-19,2026-10-09 19:00:00
-9.182700,-43.392300,GOES-19,2026-10-09 13:30:00
-9.182700,-43.392300,GOES-19,2026-10-09 13:40:00
-9.182700,-43.392300,GOES-19,2026-10-09 13:50:00
-9.182700,-43.392300,GOES-19,2026-10-09 14:10:00
-9.182700,-43.392300,GOES-19,2026-10-09 14:20:00
-9.182700,-43.392300,GOES-19,2026-10-09 14:30:00
-9.182700,-43.392300,GOES-19,2026-10-09 14:40:00
-9.163700,-43.394600,GOES-19,2026-10-09 14:40:00
-15.273200,-42.369900,GOES-19,2026-10-09 14:00:00
-15.273200,-42.369900,GOES-19,2026-10-09 14:10:00
-15.273200,-42.369900,GOES-19,2026-10-09 14:20:00
-15.273200,-42.369900,GOES-19,2026-10-09 14:30:00
-15.273200,-42.369900,GOES-19,2026-10-09 14:40:00
-15.273200,-42.369900,GOES-19,2026-10-09 14:50:00
-5.882900,-43.559600,GOES-19,2026-10-09 19:40:00
-5.882900,-43.559600,GOES-19,2026-10-09 19:50:00
-6.427400,-43.515200,GOES-19,2026-10-09 19:30:00
-6.427400,-43.515200,GOES-19,2026-10-09 19:40:00
-6.427400,-43.515200,GOES-19,2026-10-09 19:50:00
-15.852400,-42.045100,GOES-19,2026-10-09 17:50:00
-15.852400,-42.045100,GOES-19,2026-10-09 18:00:00
-15.852400,-42.045100,GOES-19,2026-10-09 18:10:00
-15.852400,-42.045100,GOES-19,2026-10-09 18:20:00
-15.852400,-42.045100,GOES-19,2026-10-09 18:50:00
-15.852400,-42.045100,GOES-19,2026-10-09 19:00:00
-15.852400,-42.045100,GOES-19,2026-10-09 19:10:00
-15.852400,-42.045100,GOES-19,2026-10-09 19:20:00
-15.872300,-42.040600,GOES-19,2026-10-09 18:10:00
-6.446900,-43.443600,GOES-19,2026-10-09 18:30:00
-6.446900,-43.443600,GOES-19,2026-10-09 18:40:00
-5.903000,-43.418400,GOES-19,2026-10-09 18:50:00
-5.903000,-43.418400,GOES-19,2026-10-09 19:00:00
-5.903000,-43.418400,GOES-19,2026-10-09 19:10:00
-5.903000,-43.418400,GOES-19,2026-10-09 19:20:00
-5.903000,-43.418400,GOES-19,2026-10-09 19:30:00
-17.114800,-41.570100,GOES-19,2026-10-09 13:40:00
-17.114800,-41.570100,GOES-19,2026-10-09 13:50:00
-17.114800,-41.570100,GOES-19,2026-10-09 14:20:00
-17.114800,-41.570100,GOES-19,2026-10-09 14:30:00
-17.114800,-41.570100,GOES-19,2026-10-09 14:40:00
-15.381900,-41.952600,GOES-19,2026-10-09 18:50:00
-15.381900,-41.952600,GOES-19,2026-10-09 19:00:00
-15.381900,-41.952600,GOES-19,2026-10-09 19:10:00
-15.381900,-41.952600,GOES-19,2026-10-09 19:20:00
-15.381900,-41.952600,GOES-19,2026-10-09 19:30:00
-15.401700,-41.948200,GOES-19,2026-10-09 19:00:00
-15.401700,-41.948200,GOES-19,2026-10-09 19:10:00
-15.362800,-41.932100,GOES-19,2026-10-09 18:00:00
-15.362800,-41.932100,GOES-19,2026-10-09 18:20:00
-15.362800,-41.932100,GOES-19,2026-10-09 18:30:00
-15.362800,-41.932100,GOES-19,2026-10-09 19:00:00
-15.382500,-41.927700,GOES-19,2026-10-09 19:00:00
-15.402300,-41.923400,GOES-19,2026-10-09 18:30:00
-15.402300,-41.923400,GOES-19,2026-10-09 18:40:00
-15.402300,-41.923400,GOES-19,2026-10-09 18:50:00
-15.402300,-41.923400,GOES-19,2026-10-09 19:00:00
-15.402300,-41.923400,GOES-19,2026-10-09 19:10:00
-15.402300,-41.923400,GOES-19,2026-10-09 19:20:00
-15.402300,-41.923400,GOES-19,2026-10-09 19:30:00
-15.402300,-41.923400,GOES-19,2026-10-09 19:40:00
-15.402300,-41.923400,GOES-19,2026-10-09 19:50:00
-15.363400,-41.907300,GOES-19,2026-10-09 19:00:00
-15.383200,-41.902900,GOES-19,2026-10-09 19:00:00
-15.402900,-41.898500,GOES-19,2026-10-09 14:10:00
-15.402900,-41.898500,GOES-19,2026-10-09 14:20:00
-15.402900,-41.898500,GOES-19,2026-10-09 14:30:00
-15.402900,-41.898500,GOES-19,2026-10-09 14:40:00
-15.402900,-41.898500,GOES-19,2026-10-09 19:00:00
-15.246000,-41.883600,GOES-19,2026-10-09 19:10:00
-15.246000,-41.883600,GOES-19,2026-10-09 19:20:00
-15.246000,-41.883600,GOES-19,2026-10-09 19:30:00
-15.246000,-41.883600,GOES-19,2026-10-09 19:40:00
-15.246000,-41.883600,GOES-19,2026-10-09 19:50:00
-15.070700,-41.823000,GOES-19,2026-10-09 18:00:00
-15.070700,-41.823000,GOES-19,2026-10-09 18:10:00
-17.141400,-41.337100,GOES-19,2026-10-09 19:10:00
-4.033300,-43.263000,GOES-19,2026-10-09 14:20:00
-4.987400,-43.158600,GOES-19,2026-10-09 14:30:00
-6.563800,-43.035700,GOES-19,2026-10-09 18:30:00
-6.563800,-43.035700,GOES-19,2026-10-09 18:40:00
-6.563800,-43.035700,GOES-19,2026-10-09 18:50:00
-7.846100,-42.910200,GOES-19,2026-10-09 19:30:00
-7.846100,-42.910200,GOES-19,2026-10-09 19:40:00
-4.389200,-43.126300,GOES-19,2026-10-09 18:40:00
-4.389300,-43.102900,GOES-19,2026-10-09 18:30:00
-4.389300,-43.102900,GOES-19,2026-10-09 18:40:00
-16.947100,-41.159000,GOES-19,2026-10-09 18:50:00
-16.947100,-41.159000,GOES-19,2026-10-09 19:00:00
-6.793000,-42.708600,GOES-19,2026-10-09 18:50:00
-6.793000,-42.708600,GOES-19,2026-10-09 19:00:00
-6.793000,-42.708600,GOES-19,2026-10-09 19:40:00
-15.226700,-41.091800,GOES-19,2026-10-09 13:30:00
-15.226700,-41.091800,GOES-19,2026-10-09 13:40:00
-15.226700,-41.091800,GOES-19,2026-10-09 13:50:00
-15.226700,-41.091800,GOES-19,2026-10-09 14:00:00
-15.226700,-41.091800,GOES-19,2026-10-09 14:10:00
-14.575900,-41.210200,GOES-19,2026-10-09 13:30:00
-14.575900,-41.210200,GOES-19,2026-10-09 13:40:00
-14.575900,-41.210200,GOES-19,2026-10-09 13:50:00
-14.575900,-41.210200,GOES-19,2026-10-09 14:00:00
-14.575900,-41.210200,GOES-19,2026-10-09 14:10:00
-14.575900,-41.210200,GOES-19,2026-10-09 14:20:00
-14.575900,-41.210200,GOES-19,2026-10-09 14:30:00
-14.595600,-41.206000,GOES-19,2026-10-09 13:40:00
-14.088200,-41.163900,GOES-19,2026-10-09 18:30:00
-14.088200,-41.163900,GOES-19,2026-10-09 18:40:00
-14.088200,-41.163900,GOES-19,2026-10-09 18:50:00
-14.088800,-41.138900,GOES-19,2026-10-09 18:10:00
-14.088800,-41.138900,GOES-19,2026-10-09 18:20:00
-14.088800,-41.138900,GOES-19,2026-10-09 18:30:00
-14.088800,-41.138900,GOES-19,2026-10-09 18:40:00
-14.088800,-41.138900,GOES-19,2026-10-09 18:50:00
-16.665800,-40.545000,GOES-19,2026-10-09 19:40:00
-5.257300,-42.244800,GOES-19,2026-10-09 19:20:00
-5.257300,-42.244800,GOES-19,2026-10-09 19:30:00
-5.257300,-42.244800,GOES-19,2026-10-09 19:40:00
-5.257300,-42.244800,GOES-19,2026-10-09 19:50:00
-5.257500,-42.221100,GOES-19,2026-10-09 19:30:00
-5.257500,-42.221100,GOES-19,2026-10-09 19:40:00
-5.257500,-42.221100,GOES-19,2026-10-09 19:50:00
-14.430700,-40.741200,GOES-19,2026-10-09 18:10:00
-14.430700,-40.741200,GOES-19,2026-10-09 18:20:00
-14.430700,-40.741200,GOES-19,2026-10-09 18:30:00
-14.450400,-40.737000,GOES-19,2026-10-09 18:10:00
-14.450400,-40.737000,GOES-19,2026-10-09 18:20:00
-14.450400,-40.737000,GOES-19,2026-10-09 18:30:00
-14.450400,-40.737000,GOES-19,2026-10-09 18:40:00
-14.450400,-40.737000,GOES-19,2026-10-09 18:50:00
-14.450400,-40.737000,GOES-19,2026-10-09 19:00:00
-13.568000,-40.896900,GOES-19,2026-10-09 14:50:00
-14.431300,-40.716000,GOES-19,2026-10-09 17:40:00
-14.431300,-40.716000,GOES-19,2026-10-09 17:50:00
-14.431300,-40.716000,GOES-19,2026-10-09 18:00:00
-14.431300,-40.716000,GOES-19,2026-10-09 18:10:00
-14.431300,-40.716000,GOES-19,2026-10-09 18:20:00
-14.431300,-40.716000,GOES-19,2026-10-09 18:30:00
-14.431300,-40.716000,GOES-19,2026-10-09 18:50:00
-14.451000,-40.711700,GOES-19,2026-10-09 17:50:00
-14.451000,-40.711700,GOES-19,2026-10-09 18:00:00
-14.451000,-40.711700,GOES-19,2026-10-09 18:10:00
-14.451000,-40.711700,GOES-19,2026-10-09 18:20:00
-14.451000,-40.711700,GOES-19,2026-10-09 18:30:00
-14.451000,-40.711700,GOES-19,2026-10-09 18:40:00
-14.451000,-40.711700,GOES-19,2026-10-09 18:50:00
-14.451000,-40.711700,GOES-19,2026-10-09 19:00:00
-3.594300,-41.705600,GOES-19,2026-10-09 14:30:00
-13.327000,-40.369500,GOES-19,2026-10-09 14:00:00
-13.327000,-40.369500,GOES-19,2026-10-09 14:10:00
-15.915800,-38.955000,GOES-19,2026-10-09 13:10:00
-8.512000,-39.921700,GOES-19,2026-10-09 18:00:00
-8.512000,-39.921700,GOES-19,2026-10-09 18:10:00
-8.512000,-39.921700,GOES-19,2026-10-09 18:20:00
-3.659800,-40.199500,GOES-19,2026-10-09 19:50:00
-6.495300,-38.978900,GOES-19,2026-10-09 18:20:00
-6.495300,-38.978900,GOES-19,2026-10-09 18:30:00
-6.495300,-38.978900,GOES-19,2026-10-09 18:40:00
-6.495300,-38.978900,GOES-19,2026-10-09 18:50:00
-6.495300,-38.978900,GOES-19,2026-10-09 19:20:00
-6.495300,-38.978900,GOES-19,2026-10-09 19:40:00
-6.476700,-38.955500,GOES-19,2026-10-09 18:30:00
-6.476700,-38.955500,GOES-19,2026-10-09 18:40:00
-12.306400,-63.389300,GOES-19,2026-10-09 22:50:00
-12.306400,-63.389300,GOES-19,2026-10-09 23:00:00
-12.306400,-63.389300,GOES-19,2026-10-09 23:10:00
-12.306600,-63.370100,GOES-19,2026-10-09 22:50:00
-12.306600,-63.370100,GOES-19,2026-10-09 23:00:00
-12.306600,-63.370100,GOES-19,2026-10-09 23:10:00
4.260700,-60.894100,GOES-19,2026-10-09 14:00:00
4.260700,-60.894100,GOES-19,2026-10-09 14:10:00
4.260700,-60.894100,GOES-19,2026-10-09 14:20:00
-3.182100,-60.896400,GOES-19,2026-10-09 15:30:00
-3.182200,-60.877500,GOES-19,2026-10-09 15:30:00
-3.182200,-60.877500,GOES-19,2026-10-09 15:40:00
-10.601200,-60.486300,GOES-19,2026-10-09 22:40:00
-10.601200,-60.486300,GOES-19,2026-10-09 22:50:00
-10.601200,-60.486300,GOES-19,2026-10-09 23:00:00
-10.601200,-60.486300,GOES-19,2026-10-09 23:10:00
-10.619900,-60.485200,GOES-19,2026-10-09 22:40:00
-10.619900,-60.485200,GOES-19,2026-10-09 22:50:00
-10.619900,-60.485200,GOES-19,2026-10-09 23:00:00
-10.619900,-60.485200,GOES-19,2026-10-09 23:10:00
-10.601300,-60.466900,GOES-19,2026-10-09 22:40:00
-10.601300,-60.466900,GOES-19,2026-10-09 22:50:00
-10.601300,-60.466900,GOES-19,2026-10-09 23:00:00
-10.601300,-60.466900,GOES-19,2026-10-09 23:10:00
-10.620100,-60.465800,GOES-19,2026-10-09 22:40:00
-10.620100,-60.465800,GOES-19,2026-10-09 22:50:00
-10.620100,-60.465800,GOES-19,2026-10-09 23:00:00
-10.620100,-60.465800,GOES-19,2026-10-09 23:10:00
3.987000,-60.653400,GOES-19,2026-10-09 14:20:00
3.987000,-60.653400,GOES-19,2026-10-09 14:40:00
3.713400,-60.412100,GOES-19,2026-10-09 14:10:00
-5.179000,-60.300000,GOES-19,2026-10-09 15:40:00
3.201900,-60.269800,GOES-19,2026-10-09 13:40:00
3.201900,-60.269800,GOES-19,2026-10-09 14:00:00
3.201900,-60.269800,GOES-19,2026-10-09 14:10:00
3.183700,-60.270100,GOES-19,2026-10-09 13:20:00
3.183700,-60.270100,GOES-19,2026-10-09 13:40:00
3.183700,-60.270100,GOES-19,2026-10-09 13:50:00
3.183700,-60.270100,GOES-19,2026-10-09 14:00:00
3.183700,-60.270100,GOES-19,2026-10-09 14:10:00
3.183700,-60.270100,GOES-19,2026-10-09 14:30:00
3.183700,-60.270100,GOES-19,2026-10-09 14:50:00
3.202000,-60.250700,GOES-19,2026-10-09 13:40:00
3.202000,-60.250700,GOES-19,2026-10-09 14:10:00
3.183700,-60.251100,GOES-19,2026-10-09 13:20:00
3.183700,-60.251100,GOES-19,2026-10-09 13:40:00
3.183700,-60.251100,GOES-19,2026-10-09 14:10:00
3.183700,-60.251100,GOES-19,2026-10-09 14:30:00
-6.429900,-60.029900,GOES-19,2026-10-09 14:40:00
-6.429900,-60.029900,GOES-19,2026-10-09 15:00:00
-6.448300,-60.029300,GOES-19,2026-10-09 15:30:00
-6.448600,-59.971700,GOES-19,2026-10-09 15:40:00
-6.338200,-59.956600,GOES-19,2026-10-09 15:40:00
-3.404800,-59.617600,GOES-19,2026-10-09 15:30:00
-3.753300,-59.323100,GOES-19,2026-10-09 15:30:00
-3.040200,-59.165000,GOES-19,2026-10-09 15:20:00
-3.040200,-59.165000,GOES-19,2026-10-09 15:30:00
-3.022500,-58.954200,GOES-19,2026-10-09 15:40:00
-3.022500,-58.954200,GOES-19,2026-10-09 15:50:00
-3.040800,-58.953900,GOES-19,2026-10-09 18:20:00
-3.901000,-58.935700,GOES-19,2026-10-09 15:40:00
-3.901000,-58.935700,GOES-19,2026-10-09 15:50:00
-3.040800,-58.934700,GOES-19,2026-10-09 15:20:00
-3.956300,-58.838200,GOES-19,2026-10-09 18:20:00
-3.956300,-58.838200,GOES-19,2026-10-09 18:30:00
-3.865200,-58.686300,GOES-19,2026-10-09 18:00:00
-3.865200,-58.686300,GOES-19,2026-10-09 18:30:00
-3.865200,-58.686300,GOES-19,2026-10-09 18:40:00
-3.883500,-58.685900,GOES-19,2026-10-09 16:00:00
-3.883500,-58.685900,GOES-19,2026-10-09 17:50:00
-3.627200,-58.672600,GOES-19,2026-10-09 15:50:00
-3.755900,-58.496100,GOES-19,2026-10-09 15:30:00
-3.755900,-58.496100,GOES-19,2026-10-09 15:40:00
-3.755900,-58.496100,GOES-19,2026-10-09 15:50:00
-3.444700,-58.483800,GOES-19,2026-10-09 19:30:00
-3.756100,-58.457500,GOES-19,2026-10-09 18:50:00
-3.756100,-58.457500,GOES-19,2026-10-09 19:10:00
-3.756100,-58.457500,GOES-19,2026-10-09 19:30:00
-3.756100,-58.457500,GOES-19,2026-10-09 19:50:00
-12.758400,-57.721900,GOES-19,2026-10-09 14:20:00
-12.758400,-57.721900,GOES-19,2026-10-09 14:30:00
-2.549000,-58.114600,GOES-19,2026-10-09 18:40:00
-2.457700,-58.038700,GOES-19,2026-10-09 18:40:00
-3.446100,-58.019900,GOES-19,2026-10-09 17:50:00
-3.446100,-58.019900,GOES-19,2026-10-09 18:00:00
-2.421200,-58.000600,GOES-19,2026-10-09 17:50:00
-2.421200,-58.000600,GOES-19,2026-10-09 18:50:00
-2.604200,-57.978300,GOES-19,2026-10-09 17:00:00
-3.208700,-57.773100,GOES-19,2026-10-09 15:20:00
-3.208700,-57.773100,GOES-19,2026-10-09 15:30:00
-3.208700,-57.773100,GOES-19,2026-10-09 15:40:00
-3.208700,-57.773100,GOES-19,2026-10-09 15:50:00
-3.208700,-57.773100,GOES-19,2026-10-09 17:50:00
-2.934200,-57.739800,GOES-19,2026-10-09 17:30:00
-2.934200,-57.739800,GOES-19,2026-10-09 17:50:00
-2.934200,-57.739800,GOES-19,2026-10-09 18:00:00
-2.952500,-57.739400,GOES-19,2026-10-09 15:10:00
-2.952500,-57.739400,GOES-19,2026-10-09 18:00:00
-2.952500,-57.739400,GOES-19,2026-10-09 18:10:00
-2.952500,-57.739400,GOES-19,2026-10-09 18:20:00
-3.135800,-57.658100,GOES-19,2026-10-09 18:40:00
-12.234100,-57.147200,GOES-19,2026-10-09 14:50:00
-12.215400,-57.128700,GOES-19,2026-10-09 01:50:00
-12.215400,-57.128700,GOES-19,2026-10-09 02:00:00
-12.215400,-57.128700,GOES-19,2026-10-09 02:30:00
-12.215400,-57.128700,GOES-19,2026-10-09 02:40:00
-12.215400,-57.128700,GOES-19,2026-10-09 03:10:00
-12.215400,-57.128700,GOES-19,2026-10-09 03:50:00
-12.215400,-57.128700,GOES-19,2026-10-09 04:10:00
-12.215400,-57.128700,GOES-19,2026-10-09 04:30:00
-12.215400,-57.128700,GOES-19,2026-10-09 04:40:00
-12.215400,-57.128700,GOES-19,2026-10-09 08:00:00
-12.215400,-57.128700,GOES-19,2026-10-09 08:10:00
-12.215400,-57.128700,GOES-19,2026-10-09 13:20:00
-12.215400,-57.128700,GOES-19,2026-10-09 13:30:00
-12.234300,-57.127100,GOES-19,2026-10-09 01:50:00
-12.234300,-57.127100,GOES-19,2026-10-09 02:00:00
-12.234300,-57.127100,GOES-19,2026-10-09 02:40:00
-12.234300,-57.127100,GOES-19,2026-10-09 03:50:00
-12.234300,-57.127100,GOES-19,2026-10-09 08:00:00
-12.234300,-57.127100,GOES-19,2026-10-09 08:10:00
-12.234300,-57.127100,GOES-19,2026-10-09 13:10:00
-12.234300,-57.127100,GOES-19,2026-10-09 13:20:00
-12.234300,-57.127100,GOES-19,2026-10-09 13:30:00
-12.215600,-57.108700,GOES-19,2026-10-09 01:50:00
-12.215600,-57.108700,GOES-19,2026-10-09 02:00:00
-12.215600,-57.108700,GOES-19,2026-10-09 02:30:00
-12.215600,-57.108700,GOES-19,2026-10-09 02:40:00
-12.215600,-57.108700,GOES-19,2026-10-09 03:10:00
-12.215600,-57.108700,GOES-19,2026-10-09 03:50:00
-12.215600,-57.108700,GOES-19,2026-10-09 04:10:00
-12.215600,-57.108700,GOES-19,2026-10-09 04:30:00
-12.215600,-57.108700,GOES-19,2026-10-09 04:40:00
-12.215600,-57.108700,GOES-19,2026-10-09 08:00:00
-12.215600,-57.108700,GOES-19,2026-10-09 08:10:00
-12.215600,-57.108700,GOES-19,2026-10-09 13:10:00
-12.215600,-57.108700,GOES-19,2026-10-09 13:20:00
-12.215600,-57.108700,GOES-19,2026-10-09 13:30:00
-12.234600,-57.107100,GOES-19,2026-10-09 01:50:00
-12.234600,-57.107100,GOES-19,2026-10-09 02:00:00
-12.234600,-57.107100,GOES-19,2026-10-09 02:30:00
-12.234600,-57.107100,GOES-19,2026-10-09 02:40:00
-12.234600,-57.107100,GOES-19,2026-10-09 03:10:00
-12.234600,-57.107100,GOES-19,2026-10-09 03:50:00
-12.234600,-57.107100,GOES-19,2026-10-09 04:10:00
-12.234600,-57.107100,GOES-19,2026-10-09 04:30:00
-12.234600,-57.107100,GOES-19,2026-10-09 04:40:00
-12.234600,-57.107100,GOES-19,2026-10-09 08:00:00
-12.234600,-57.107100,GOES-19,2026-10-09 08:10:00
-12.234600,-57.107100,GOES-19,2026-10-09 13:10:00
-12.234600,-57.107100,GOES-19,2026-10-09 13:20:00
-12.234600,-57.107100,GOES-19,2026-10-09 13:30:00
-12.253500,-57.105500,GOES-19,2026-10-09 01:50:00
-12.253500,-57.105500,GOES-19,2026-10-09 02:00:00
-12.253500,-57.105500,GOES-19,2026-10-09 02:30:00
-12.253500,-57.105500,GOES-19,2026-10-09 02:40:00
-12.253500,-57.105500,GOES-19,2026-10-09 03:10:00
-12.253500,-57.105500,GOES-19,2026-10-09 03:50:00
-12.253500,-57.105500,GOES-19,2026-10-09 08:00:00
-12.253500,-57.105500,GOES-19,2026-10-09 08:10:00
-12.253500,-57.105500,GOES-19,2026-10-09 12:50:00
-12.253500,-57.105500,GOES-19,2026-10-09 13:10:00
-12.253500,-57.105500,GOES-19,2026-10-09 13:20:00
-12.253500,-57.105500,GOES-19,2026-10-09 13:30:00
-12.253500,-57.105500,GOES-19,2026-10-09 13:40:00
-12.215800,-57.088700,GOES-19,2026-10-09 01:50:00
-12.215800,-57.088700,GOES-19,2026-10-09 02:00:00
-12.215800,-57.088700,GOES-19,2026-10-09 02:30:00
-12.215800,-57.088700,GOES-19,2026-10-09 02:40:00
-12.215800,-57.088700,GOES-19,2026-10-09 03:10:00
-12.215800,-57.088700,GOES-19,2026-10-09 03:50:00
-12.215800,-57.088700,GOES-19,2026-10-09 04:10:00
-12.215800,-57.088700,GOES-19,2026-10-09 04:30:00
-12.215800,-57.088700,GOES-19,2026-10-09 04:40:00
-12.215800,-57.088700,GOES-19,2026-10-09 08:00:00
-12.215800,-57.088700,GOES-19,2026-10-09 08:10:00
-12.234800,-57.087100,GOES-19,2026-10-09 01:50:00
-12.234800,-57.087100,GOES-19,2026-10-09 02:00:00
-12.234800,-57.087100,GOES-19,2026-10-09 02:30:00
-12.234800,-57.087100,GOES-19,2026-10-09 02:40:00
-12.234800,-57.087100,GOES-19,2026-10-09 03:10:00
-12.234800,-57.087100,GOES-19,2026-10-09 03:50:00
-12.234800,-57.087100,GOES-19,2026-10-09 04:10:00
-12.234800,-57.087100,GOES-19,2026-10-09 04:30:00
-12.234800,-57.087100,GOES-19,2026-10-09 04:40:00
-12.234800,-57.087100,GOES-19,2026-10-09 08:00:00
-12.234800,-57.087100,GOES-19,2026-10-09 08:10:00
-12.234800,-57.087100,GOES-19,2026-10-09 13:10:00
-12.234800,-57.087100,GOES-19,2026-10-09 13:20:00
-12.234800,-57.087100,GOES-19,2026-10-09 13:30:00
-12.253800,-57.085500,GOES-19,2026-10-09 01:50:00
-12.253800,-57.085500,GOES-19,2026-10-09 02:30:00
-12.253800,-57.085500,GOES-19,2026-10-09 02:40:00
-12.253800,-57.085500,GOES-19,2026-10-09 03:10:00
-12.253800,-57.085500,GOES-19,2026-10-09 03:50:00
-12.253800,-57.085500,GOES-19,2026-10-09 04:10:00
-12.253800,-57.085500,GOES-19,2026-10-09 04:40:00
-12.253800,-57.085500,GOES-19,2026-10-09 13:10:00
-12.253800,-57.085500,GOES-19,2026-10-09 13:20:00
-12.253800,-57.085500,GOES-19,2026-10-09 13:30:00
-12.216100,-57.068700,GOES-19,2026-10-09 04:10:00
-12.216100,-57.068700,GOES-19,2026-10-09 04:30:00
-12.216100,-57.068700,GOES-19,2026-10-09 04:40:00
-12.235000,-57.067100,GOES-19,2026-10-09 04:10:00
-12.235000,-57.067100,GOES-19,2026-10-09 04:30:00
-12.235000,-57.067100,GOES-19,2026-10-09 04:40:00
-12.235000,-57.067100,GOES-19,2026-10-09 13:10:00
-12.235000,-57.067100,GOES-19,2026-10-09 13:20:00
-2.843900,-57.255500,GOES-19,2026-10-09 19:50:00
-2.405600,-56.814600,GOES-19,2026-10-09 15:00:00
-2.405600,-56.814600,GOES-19,2026-10-09 15:10:00
-2.405600,-56.814600,GOES-19,2026-10-09 15:20:00
-2.405600,-56.814600,GOES-19,2026-10-09 15:30:00
-2.076800,-56.428200,GOES-19,2026-10-09 15:00:00
-11.907900,-55.909300,GOES-19,2026-10-09 19:00:00
-4.094000,-56.324800,GOES-19,2026-10-09 18:50:00
-4.241100,-56.300700,GOES-19,2026-10-09 17:50:00
-2.553700,-56.164900,GOES-19,2026-10-09 18:10:00
-2.553700,-56.164900,GOES-19,2026-10-09 18:20:00
-7.175500,-55.902000,GOES-19,2026-10-09 15:10:00
-2.444200,-55.989700,GOES-19,2026-10-09 18:20:00
-2.444200,-55.989700,GOES-19,2026-10-09 18:30:00
-2.444200,-55.989700,GOES-19,2026-10-09 18:40:00
-2.444200,-55.989700,GOES-19,2026-10-09 19:00:00
1.729800,-55.980900,GOES-19,2026-10-09 14:30:00
1.729800,-55.980900,GOES-19,2026-10-09 14:40:00
2.096300,-55.877300,GOES-19,2026-10-09 17:50:00
-4.740000,-55.751300,GOES-19,2026-10-09 18:40:00
-4.740000,-55.751300,GOES-19,2026-10-09 18:50:00
-4.592900,-55.736600,GOES-19,2026-10-09 19:40:00
-4.592900,-55.736600,GOES-19,2026-10-09 19:50:00
-14.341500,-55.034100,GOES-19,2026-10-09 14:50:00
-14.341500,-55.034100,GOES-19,2026-10-09 18:30:00
-14.360800,-55.032000,GOES-19,2026-10-09 14:50:00
-14.360800,-55.032000,GOES-19,2026-10-09 18:30:00
-1.254000,-55.789100,GOES-19,2026-10-09 15:30:00
-3.931100,-55.737700,GOES-19,2026-10-09 18:20:00
-3.931100,-55.737700,GOES-19,2026-10-09 18:30:00
-4.592900,-55.716800,GOES-19,2026-10-09 17:50:00
-4.592900,-55.716800,GOES-19,2026-10-09 18:10:00
-4.592900,-55.716800,GOES-19,2026-10-09 18:20:00
-4.592900,-55.716800,GOES-19,2026-10-09 18:30:00
-4.592900,-55.716800,GOES-19,2026-10-09 18:40:00
-4.592900,-55.716800,GOES-19,2026-10-09 18:50:00
-4.592900,-55.716800,GOES-19,2026-10-09 19:00:00
-4.592900,-55.716800,GOES-19,2026-10-09 19:10:00
-4.592900,-55.716800,GOES-19,2026-10-09 19:20:00
-4.592900,-55.716800,GOES-19,2026-10-09 19:30:00
-4.592900,-55.716800,GOES-19,2026-10-09 19:40:00
-4.592900,-55.716800,GOES-19,2026-10-09 19:50:00
-14.341800,-55.013500,GOES-19,2026-10-09 14:20:00
-14.341800,-55.013500,GOES-19,2026-10-09 14:30:00
-14.341800,-55.013500,GOES-19,2026-10-09 14:40:00
-14.341800,-55.013500,GOES-19,2026-10-09 14:50:00
-14.341800,-55.013500,GOES-19,2026-10-09 15:00:00
-14.341800,-55.013500,GOES-19,2026-10-09 18:30:00
-14.341800,-55.013500,GOES-19,2026-10-09 19:00:00
-14.361100,-55.011400,GOES-19,2026-10-09 14:50:00
-14.361100,-55.011400,GOES-19,2026-10-09 18:30:00
-14.380400,-55.009200,GOES-19,2026-10-09 14:40:00
-14.380400,-55.009200,GOES-19,2026-10-09 14:50:00
-14.380400,-55.009200,GOES-19,2026-10-09 18:30:00
-14.380400,-55.009200,GOES-19,2026-10-09 19:00:00
-14.380400,-55.009200,GOES-19,2026-10-09 19:10:00
-14.380400,-55.009200,GOES-19,2026-10-09 19:30:00
-14.361400,-54.990700,GOES-19,2026-10-09 14:40:00
-14.361400,-54.990700,GOES-19,2026-10-09 14:50:00
-14.361400,-54.990700,GOES-19,2026-10-09 18:30:00
-14.361400,-54.990700,GOES-19,2026-10-09 18:40:00
-14.361400,-54.990700,GOES-19,2026-10-09 18:50:00
-14.361400,-54.990700,GOES-19,2026-10-09 19:00:00
-14.361400,-54.990700,GOES-19,2026-10-09 19:10:00
-14.361400,-54.990700,GOES-19,2026-10-09 19:20:00
-14.361400,-54.990700,GOES-19,2026-10-09 19:30:00
-14.380700,-54.988500,GOES-19,2026-10-09 18:20:00
-14.380700,-54.988500,GOES-19,2026-10-09 18:30:00
-14.380700,-54.988500,GOES-19,2026-10-09 18:50:00
-14.380700,-54.988500,GOES-19,2026-10-09 19:10:00
-14.380700,-54.988500,GOES-19,2026-10-09 19:20:00
0.942700,-55.752100,GOES-19,2026-10-09 14:20:00
0.942700,-55.752100,GOES-19,2026-10-09 14:30:00
0.942700,-55.752100,GOES-19,2026-10-09 15:00:00
0.942700,-55.752100,GOES-19,2026-10-09 15:40:00
0.942700,-55.752100,GOES-19,2026-10-09 15:50:00
-1.272300,-55.749400,GOES-19,2026-10-09 15:20:00
-1.272300,-55.749400,GOES-19,2026-10-09 15:30:00
-1.290700,-55.729500,GOES-19,2026-10-09 15:20:00
-1.766900,-55.704400,GOES-19,2026-10-09 14:40:00
-1.766900,-55.704400,GOES-19,2026-10-09 14:50:00
-1.766900,-55.704400,GOES-19,2026-10-09 15:00:00
-1.766900,-55.704400,GOES-19,2026-10-09 15:10:00
-1.766900,-55.704400,GOES-19,2026-10-09 15:20:00
-1.766900,-55.704400,GOES-19,2026-10-09 15:40:00
-1.766900,-55.704400,GOES-19,2026-10-09 18:30:00
-1.766900,-55.704400,GOES-19,2026-10-09 18:40:00
-1.766900,-55.684700,GOES-19,2026-10-09 14:40:00
-1.766900,-55.684700,GOES-19,2026-10-09 14:50:00
-4.427800,-55.623300,GOES-19,2026-10-09 18:10:00
1.510500,-55.668000,GOES-19,2026-10-09 13:50:00
-1.199200,-55.651400,GOES-19,2026-10-09 14:50:00
-1.199200,-55.651400,GOES-19,2026-10-09 15:00:00
-1.199200,-55.651400,GOES-19,2026-10-09 15:10:00
-1.199200,-55.651400,GOES-19,2026-10-09 15:20:00
-1.199200,-55.651400,GOES-19,2026-10-09 15:30:00
-1.199200,-55.651400,GOES-19,2026-10-09 15:40:00
-1.602100,-55.647200,GOES-19,2026-10-09 18:10:00
-3.950000,-55.598600,GOES-19,2026-10-09 17:30:00
-1.217500,-55.631500,GOES-19,2026-10-09 14:50:00
-1.217500,-55.631500,GOES-19,2026-10-09 15:00:00
-1.217500,-55.631500,GOES-19,2026-10-09 15:10:00
-1.217500,-55.631500,GOES-19,2026-10-09 15:30:00
-1.217500,-55.631500,GOES-19,2026-10-09 15:40:00
-1.217500,-55.631500,GOES-19,2026-10-09 15:50:00
1.748800,-55.546600,GOES-19,2026-10-09 13:50:00
1.748800,-55.546600,GOES-19,2026-10-09 15:30:00
-3.675400,-55.348700,GOES-19,2026-10-09 18:40:00
-3.693800,-55.348200,GOES-19,2026-10-09 18:50:00
-3.693800,-55.348200,GOES-19,2026-10-09 19:00:00
-7.199400,-55.182700,GOES-19,2026-10-09 00:20:00
-7.236600,-55.160600,GOES-19,2026-10-09 00:20:00
-7.199500,-55.162700,GOES-19,2026-10-09 00:20:00
-7.218000,-55.161700,GOES-19,2026-10-09 00:20:00
-7.218200,-55.141600,GOES-19,2026-10-09 00:20:00
-7.236700,-55.140600,GOES-19,2026-10-09 00:20:00
-1.731100,-55.249800,GOES-19,2026-10-09 15:20:00
-1.731100,-55.249800,GOES-19,2026-10-09 15:30:00
-1.731100,-55.249800,GOES-19,2026-10-09 15:40:00
-1.731100,-55.249800,GOES-19,2026-10-09 15:50:00
-1.749400,-55.249500,GOES-19,2026-10-09 15:10:00
-1.749400,-55.249500,GOES-19,2026-10-09 15:30:00
-1.749400,-55.249500,GOES-19,2026-10-09 15:40:00
-1.749400,-55.249500,GOES-19,2026-10-09 18:50:00
-1.749400,-55.229700,GOES-19,2026-10-09 15:30:00
-1.749400,-55.229700,GOES-19,2026-10-09 15:40:00
-4.393100,-55.167600,GOES-19,2026-10-09 18:00:00
-1.401300,-55.214000,GOES-19,2026-10-09 15:00:00
-1.401300,-55.214000,GOES-19,2026-10-09 15:40:00
-1.401300,-55.194200,GOES-19,2026-10-09 14:50:00
-1.401300,-55.194200,GOES-19,2026-10-09 15:00:00
-1.401300,-55.194200,GOES-19,2026-10-09 15:10:00
-1.401300,-55.194200,GOES-19,2026-10-09 15:40:00
-1.383000,-55.174500,GOES-19,2026-10-09 17:30:00
-1.383000,-55.174500,GOES-19,2026-10-09 18:00:00
-13.163300,-54.379800,GOES-19,2026-10-09 12:30:00
-13.163300,-54.379800,GOES-19,2026-10-09 12:40:00
-13.163300,-54.379800,GOES-19,2026-10-09 12:50:00
-13.163300,-54.379800,GOES-19,2026-10-09 13:00:00
-13.163300,-54.379800,GOES-19,2026-10-09 13:10:00
-13.163300,-54.379800,GOES-19,2026-10-09 13:20:00
-13.163300,-54.379800,GOES-19,2026-10-09 13:30:00
-13.163300,-54.379800,GOES-19,2026-10-09 13:40:00
-13.163300,-54.379800,GOES-19,2026-10-09 13:50:00
-13.163300,-54.379800,GOES-19,2026-10-09 14:00:00
-13.163300,-54.379800,GOES-19,2026-10-09 14:10:00
-13.163300,-54.379800,GOES-19,2026-10-09 14:20:00
-13.163300,-54.379800,GOES-19,2026-10-09 14:30:00
-13.163300,-54.379800,GOES-19,2026-10-09 14:40:00
-13.163300,-54.379800,GOES-19,2026-10-09 14:50:00
-13.163300,-54.379800,GOES-19,2026-10-09 15:10:00
-13.182400,-54.377800,GOES-19,2026-10-09 12:50:00
-13.182400,-54.377800,GOES-19,2026-10-09 13:00:00
-13.182400,-54.377800,GOES-19,2026-10-09 13:10:00
-13.182400,-54.377800,GOES-19,2026-10-09 13:20:00
-13.182400,-54.377800,GOES-19,2026-10-09 13:30:00
-13.182400,-54.377800,GOES-19,2026-10-09 13:40:00
-13.182400,-54.377800,GOES-19,2026-10-09 13:50:00
-13.182400,-54.377800,GOES-19,2026-10-09 14:00:00
-13.182400,-54.377800,GOES-19,2026-10-09 14:10:00
-13.182400,-54.377800,GOES-19,2026-10-09 14:20:00
-13.182400,-54.377800,GOES-19,2026-10-09 14:30:00
-13.182400,-54.377800,GOES-19,2026-10-09 14:40:00
-13.182400,-54.377800,GOES-19,2026-10-09 14:50:00
-13.201500,-54.375700,GOES-19,2026-10-09 12:50:00
-13.201500,-54.375700,GOES-19,2026-10-09 13:00:00
-13.201500,-54.375700,GOES-19,2026-10-09 13:10:00
-13.201500,-54.375700,GOES-19,2026-10-09 13:20:00
-13.201500,-54.375700,GOES-19,2026-10-09 13:30:00
-13.201500,-54.375700,GOES-19,2026-10-09 13:40:00
-13.201500,-54.375700,GOES-19,2026-10-09 13:50:00
-13.201500,-54.375700,GOES-19,2026-10-09 14:00:00
-13.201500,-54.375700,GOES-19,2026-10-09 14:10:00
-13.201500,-54.375700,GOES-19,2026-10-09 14:20:00
-13.201500,-54.375700,GOES-19,2026-10-09 14:30:00
-13.201500,-54.375700,GOES-19,2026-10-09 14:40:00
-13.144400,-54.361200,GOES-19,2026-10-09 13:00:00
-13.144400,-54.361200,GOES-19,2026-10-09 13:20:00
-13.144400,-54.361200,GOES-19,2026-10-09 13:30:00
-13.144400,-54.361200,GOES-19,2026-10-09 13:40:00
-13.144400,-54.361200,GOES-19,2026-10-09 13:50:00
-13.144400,-54.361200,GOES-19,2026-10-09 14:00:00
-13.144400,-54.361200,GOES-19,2026-10-09 14:10:00
-13.144400,-54.361200,GOES-19,2026-10-09 14:20:00
-13.144400,-54.361200,GOES-19,2026-10-09 14:30:00
-13.144400,-54.361200,GOES-19,2026-10-09 14:40:00
-13.144400,-54.361200,GOES-19,2026-10-09 14:50:00
-13.163600,-54.359100,GOES-19,2026-10-09 12:50:00
-13.163600,-54.359100,GOES-19,2026-10-09 13:00:00
-13.163600,-54.359100,GOES-19,2026-10-09 13:10:00
-13.163600,-54.359100,GOES-19,2026-10-09 13:20:00
-13.163600,-54.359100,GOES-19,2026-10-09 13:30:00
-13.163600,-54.359100,GOES-19,2026-10-09 13:40:00
-13.163600,-54.359100,GOES-19,2026-10-09 13:50:00
-13.163600,-54.359100,GOES-19,2026-10-09 14:00:00
-13.163600,-54.359100,GOES-19,2026-10-09 14:10:00
-13.163600,-54.359100,GOES-19,2026-10-09 14:20:00
-13.163600,-54.359100,GOES-19,2026-10-09 14:30:00
-13.163600,-54.359100,GOES-19,2026-10-09 14:40:00
-13.182700,-54.357100,GOES-19,2026-10-09 12:50:00
-13.182700,-54.357100,GOES-19,2026-10-09 13:00:00
-13.182700,-54.357100,GOES-19,2026-10-09 13:10:00
-13.182700,-54.357100,GOES-19,2026-10-09 13:20:00
-13.182700,-54.357100,GOES-19,2026-10-09 13:30:00
-13.182700,-54.357100,GOES-19,2026-10-09 13:40:00
-13.182700,-54.357100,GOES-19,2026-10-09 13:50:00
-13.182700,-54.357100,GOES-19,2026-10-09 14:00:00
-13.182700,-54.357100,GOES-19,2026-10-09 14:10:00
-13.182700,-54.357100,GOES-19,2026-10-09 14:20:00
-13.182700,-54.357100,GOES-19,2026-10-09 14:30:00
-13.182700,-54.357100,GOES-19,2026-10-09 14:40:00
-13.201800,-54.355100,GOES-19,2026-10-09 12:50:00
-13.201800,-54.355100,GOES-19,2026-10-09 13:00:00
-13.201800,-54.355100,GOES-19,2026-10-09 13:10:00
-13.201800,-54.355100,GOES-19,2026-10-09 13:20:00
-13.201800,-54.355100,GOES-19,2026-10-09 13:30:00
-13.201800,-54.355100,GOES-19,2026-10-09 13:40:00
-13.201800,-54.355100,GOES-19,2026-10-09 13:50:00
-13.201800,-54.355100,GOES-19,2026-10-09 14:00:00
-13.201800,-54.355100,GOES-19,2026-10-09 14:10:00
-13.201800,-54.355100,GOES-19,2026-10-09 14:20:00
-13.201800,-54.355100,GOES-19,2026-10-09 14:30:00
-13.144700,-54.340500,GOES-19,2026-10-09 13:00:00
-13.144700,-54.340500,GOES-19,2026-10-09 13:20:00
-13.144700,-54.340500,GOES-19,2026-10-09 13:30:00
-13.144700,-54.340500,GOES-19,2026-10-09 13:40:00
-13.144700,-54.340500,GOES-19,2026-10-09 13:50:00
-13.144700,-54.340500,GOES-19,2026-10-09 14:00:00
-13.144700,-54.340500,GOES-19,2026-10-09 14:10:00
-13.144700,-54.340500,GOES-19,2026-10-09 14:20:00
-13.144700,-54.340500,GOES-19,2026-10-09 14:30:00
-13.144700,-54.340500,GOES-19,2026-10-09 14:40:00
-13.144700,-54.340500,GOES-19,2026-10-09 14:50:00
-13.163900,-54.338500,GOES-19,2026-10-09 12:50:00
-13.163900,-54.338500,GOES-19,2026-10-09 13:00:00
-13.163900,-54.338500,GOES-19,2026-10-09 13:10:00
-13.163900,-54.338500,GOES-19,2026-10-09 13:20:00
-13.163900,-54.338500,GOES-19,2026-10-09 13:30:00
-13.163900,-54.338500,GOES-19,2026-10-09 13:40:00
-13.163900,-54.338500,GOES-19,2026-10-09 13:50:00
-13.163900,-54.338500,GOES-19,2026-10-09 14:00:00
-13.163900,-54.338500,GOES-19,2026-10-09 14:10:00
-13.163900,-54.338500,GOES-19,2026-10-09 14:20:00
-13.163900,-54.338500,GOES-19,2026-10-09 14:30:00
-13.163900,-54.338500,GOES-19,2026-10-09 14:40:00
-13.183000,-54.336500,GOES-19,2026-10-09 12:50:00
-13.183000,-54.336500,GOES-19,2026-10-09 13:00:00
-13.183000,-54.336500,GOES-19,2026-10-09 13:10:00
-13.183000,-54.336500,GOES-19,2026-10-09 13:40:00
-13.183000,-54.336500,GOES-19,2026-10-09 14:00:00
-13.183000,-54.336500,GOES-19,2026-10-09 14:10:00
-13.183000,-54.336500,GOES-19,2026-10-09 14:20:00
-13.164100,-54.317800,GOES-19,2026-10-09 14:10:00
-13.164100,-54.317800,GOES-19,2026-10-09 14:20:00
-13.164100,-54.317800,GOES-19,2026-10-09 14:30:00
-13.164100,-54.317800,GOES-19,2026-10-09 14:40:00
-13.164100,-54.317800,GOES-19,2026-10-09 14:50:00
-13.183300,-54.315800,GOES-19,2026-10-09 14:30:00
-13.164400,-54.297200,GOES-19,2026-10-09 14:40:00
-13.164400,-54.297200,GOES-19,2026-10-09 14:50:00
-2.832500,-54.812800,GOES-19,2026-10-09 18:40:00
-2.832500,-54.812800,GOES-19,2026-10-09 18:50:00
-2.832500,-54.812800,GOES-19,2026-10-09 19:00:00
-2.832500,-54.812800,GOES-19,2026-10-09 19:10:00
-2.832500,-54.812800,GOES-19,2026-10-09 19:40:00
-2.832500,-54.812800,GOES-19,2026-10-09 19:50:00
-3.053000,-54.767900,GOES-19,2026-10-09 18:40:00
-3.053000,-54.767900,GOES-19,2026-10-09 18:50:00
-3.549000,-54.755100,GOES-19,2026-10-09 19:20:00
-3.549000,-54.755100,GOES-19,2026-10-09 20:10:00
-3.549000,-54.755100,GOES-19,2026-10-09 20:20:00
-3.549000,-54.755100,GOES-19,2026-10-09 20:30:00
-3.549000,-54.755100,GOES-19,2026-10-09 20:40:00
-3.549000,-54.755100,GOES-19,2026-10-09 20:50:00
-3.549000,-54.755100,GOES-19,2026-10-09 21:00:00
-3.549000,-54.755100,GOES-19,2026-10-09 21:10:00
-3.549000,-54.755100,GOES-19,2026-10-09 21:20:00
-3.549000,-54.755100,GOES-19,2026-10-09 22:10:00
-3.549000,-54.755100,GOES-19,2026-10-09 22:20:00
-3.034600,-54.768300,GOES-19,2026-10-09 18:20:00
-2.355500,-54.762700,GOES-19,2026-10-09 18:10:00
-2.355500,-54.762700,GOES-19,2026-10-09 18:20:00
-2.355500,-54.762700,GOES-19,2026-10-09 18:30:00
-2.355500,-54.762700,GOES-19,2026-10-09 18:40:00
-2.355500,-54.762700,GOES-19,2026-10-09 18:50:00
-3.530700,-54.735600,GOES-19,2026-10-09 19:20:00
-3.530700,-54.735600,GOES-19,2026-10-09 19:40:00
-3.530700,-54.735600,GOES-19,2026-10-09 19:50:00
-3.530700,-54.735600,GOES-19,2026-10-09 20:10:00
-3.530700,-54.735600,GOES-19,2026-10-09 20:20:00
-3.530700,-54.735600,GOES-19,2026-10-09 20:30:00
-3.530700,-54.735600,GOES-19,2026-10-09 20:40:00
-3.530700,-54.735600,GOES-19,2026-10-09 20:50:00
-3.530700,-54.735600,GOES-19,2026-10-09 21:00:00
-3.530700,-54.735600,GOES-19,2026-10-09 21:10:00
-3.530700,-54.735600,GOES-19,2026-10-09 21:20:00
-3.530700,-54.735600,GOES-19,2026-10-09 22:10:00
-3.530700,-54.735600,GOES-19,2026-10-09 22:20:00
-3.549100,-54.735100,GOES-19,2026-10-09 19:10:00
-3.549100,-54.735100,GOES-19,2026-10-09 19:40:00
-3.549100,-54.735100,GOES-19,2026-10-09 19:50:00
-3.549100,-54.735100,GOES-19,2026-10-09 20:10:00
-3.549100,-54.735100,GOES-19,2026-10-09 20:20:00
-3.549100,-54.735100,GOES-19,2026-10-09 20:30:00
-3.549100,-54.735100,GOES-19,2026-10-09 20:40:00
-3.549100,-54.735100,GOES-19,2026-10-09 20:50:00
-3.549100,-54.735100,GOES-19,2026-10-09 21:00:00
-3.549100,-54.735100,GOES-19,2026-10-09 21:10:00
-3.549100,-54.735100,GOES-19,2026-10-09 21:20:00
-3.549100,-54.735100,GOES-19,2026-10-09 22:10:00
-3.549100,-54.735100,GOES-19,2026-10-09 22:20:00
-2.355600,-54.742700,GOES-19,2026-10-09 18:20:00
-2.355600,-54.742700,GOES-19,2026-10-09 18:30:00
-2.355600,-54.742700,GOES-19,2026-10-09 18:40:00
-2.355600,-54.742700,GOES-19,2026-10-09 18:50:00
-2.355600,-54.742700,GOES-19,2026-10-09 19:00:00
-3.567600,-54.714600,GOES-19,2026-10-09 19:40:00
-3.567600,-54.714600,GOES-19,2026-10-09 19:50:00
-3.567600,-54.714600,GOES-19,2026-10-09 20:10:00
-3.567600,-54.714600,GOES-19,2026-10-09 20:20:00
-3.567600,-54.714600,GOES-19,2026-10-09 20:30:00
-3.567600,-54.714600,GOES-19,2026-10-09 20:40:00
-3.567600,-54.714600,GOES-19,2026-10-09 20:50:00
-3.567600,-54.714600,GOES-19,2026-10-09 21:00:00
-3.567600,-54.714600,GOES-19,2026-10-09 21:10:00
-3.567600,-54.714600,GOES-19,2026-10-09 21:20:00
-3.567600,-54.714600,GOES-19,2026-10-09 22:10:00
-3.567600,-54.714600,GOES-19,2026-10-09 22:20:00
-3.585900,-54.714100,GOES-19,2026-10-09 19:40:00
-3.585900,-54.714100,GOES-19,2026-10-09 20:10:00
-3.585900,-54.714100,GOES-19,2026-10-09 20:20:00
-3.585900,-54.714100,GOES-19,2026-10-09 20:30:00
-3.585900,-54.714100,GOES-19,2026-10-09 20:40:00
-3.585900,-54.714100,GOES-19,2026-10-09 20:50:00
-3.585900,-54.714100,GOES-19,2026-10-09 21:00:00
-3.585900,-54.714100,GOES-19,2026-10-09 21:10:00
-3.585900,-54.714100,GOES-19,2026-10-09 21:20:00
-3.585900,-54.714100,GOES-19,2026-10-09 22:10:00
-3.585900,-54.714100,GOES-19,2026-10-09 22:20:00
-3.549300,-54.695100,GOES-19,2026-10-09 19:40:00
-3.549300,-54.695100,GOES-19,2026-10-09 19:50:00
-3.549300,-54.695100,GOES-19,2026-10-09 20:10:00
-3.549300,-54.695100,GOES-19,2026-10-09 20:20:00
-3.549300,-54.695100,GOES-19,2026-10-09 20:30:00
-3.549300,-54.695100,GOES-19,2026-10-09 20:40:00
-3.549300,-54.695100,GOES-19,2026-10-09 20:50:00
-3.549300,-54.695100,GOES-19,2026-10-09 21:00:00
-3.549300,-54.695100,GOES-19,2026-10-09 21:10:00
-3.549300,-54.695100,GOES-19,2026-10-09 21:20:00
-3.549300,-54.695100,GOES-19,2026-10-09 22:20:00
-3.567600,-54.694600,GOES-19,2026-10-09 19:40:00
-3.567600,-54.694600,GOES-19,2026-10-09 19:50:00
-3.567600,-54.694600,GOES-19,2026-10-09 20:10:00
-3.567600,-54.694600,GOES-19,2026-10-09 20:20:00
-3.567600,-54.694600,GOES-19,2026-10-09 20:30:00
-3.567600,-54.694600,GOES-19,2026-10-09 20:40:00
-3.567600,-54.694600,GOES-19,2026-10-09 20:50:00
-3.567600,-54.694600,GOES-19,2026-10-09 21:00:00
-3.567600,-54.694600,GOES-19,2026-10-09 21:10:00
-3.567600,-54.694600,GOES-19,2026-10-09 21:20:00
-3.567600,-54.694600,GOES-19,2026-10-09 22:10:00
-3.567600,-54.694600,GOES-19,2026-10-09 22:20:00
-3.586000,-54.694100,GOES-19,2026-10-09 19:50:00
-3.586000,-54.694100,GOES-19,2026-10-09 20:10:00
-3.586000,-54.694100,GOES-19,2026-10-09 20:20:00
-3.586000,-54.694100,GOES-19,2026-10-09 20:30:00
-3.586000,-54.694100,GOES-19,2026-10-09 20:40:00
-3.586000,-54.694100,GOES-19,2026-10-09 20:50:00
-3.586000,-54.694100,GOES-19,2026-10-09 21:00:00
-3.586000,-54.694100,GOES-19,2026-10-09 21:10:00
-3.586000,-54.694100,GOES-19,2026-10-09 21:20:00
-3.586000,-54.694100,GOES-19,2026-10-09 22:10:00
-13.819800,-53.976300,GOES-19,2026-10-09 15:00:00
-3.567700,-54.674600,GOES-19,2026-10-09 19:40:00
-3.567700,-54.674600,GOES-19,2026-10-09 19:50:00
-3.567700,-54.674600,GOES-19,2026-10-09 20:10:00
-3.567700,-54.674600,GOES-19,2026-10-09 20:20:00
-3.567700,-54.674600,GOES-19,2026-10-09 20:30:00
-3.567700,-54.674600,GOES-19,2026-10-09 20:40:00
-3.567700,-54.674600,GOES-19,2026-10-09 20:50:00
-3.567700,-54.674600,GOES-19,2026-10-09 21:00:00
-3.567700,-54.674600,GOES-19,2026-10-09 21:10:00
-3.567700,-54.674600,GOES-19,2026-10-09 21:20:00
-3.567700,-54.674600,GOES-19,2026-10-09 22:10:00
-3.586100,-54.674100,GOES-19,2026-10-09 19:40:00
-3.586100,-54.674100,GOES-19,2026-10-09 19:50:00
-13.820100,-53.955500,GOES-19,2026-10-09 15:00:00
-4.082800,-54.619100,GOES-19,2026-10-09 15:30:00
-3.586400,-54.594200,GOES-19,2026-10-09 18:40:00
-3.586400,-54.594200,GOES-19,2026-10-09 18:50:00
-11.363300,-54.045200,GOES-19,2026-10-09 15:10:00
-11.363300,-54.045200,GOES-19,2026-10-09 18:30:00
-11.363300,-54.045200,GOES-19,2026-10-09 18:40:00
-11.344700,-54.026400,GOES-19,2026-10-09 18:30:00
-11.344700,-54.026400,GOES-19,2026-10-09 18:40:00
-11.344700,-54.026400,GOES-19,2026-10-09 18:50:00
-11.344700,-54.026400,GOES-19,2026-10-09 19:00:00
-11.344700,-54.026400,GOES-19,2026-10-09 19:10:00
-11.363600,-54.024600,GOES-19,2026-10-09 18:30:00
-11.363600,-54.024600,GOES-19,2026-10-09 18:50:00
-3.587200,-54.394000,GOES-19,2026-10-09 18:50:00
-1.952700,-54.410100,GOES-19,2026-10-09 18:30:00
-1.952700,-54.410100,GOES-19,2026-10-09 18:40:00
-1.952700,-54.410100,GOES-19,2026-10-09 18:50:00
-1.952700,-54.410100,GOES-19,2026-10-09 19:00:00
-1.952700,-54.410100,GOES-19,2026-10-09 19:10:00
-1.952700,-54.410100,GOES-19,2026-10-09 19:20:00
-1.952700,-54.410100,GOES-19,2026-10-09 19:30:00
-1.952700,-54.410100,GOES-19,2026-10-09 19:40:00
-1.971100,-54.409800,GOES-19,2026-10-09 18:30:00
-1.971100,-54.409800,GOES-19,2026-10-09 18:40:00
-1.971100,-54.409800,GOES-19,2026-10-09 18:50:00
-1.971100,-54.409800,GOES-19,2026-10-09 19:00:00
-1.971100,-54.409800,GOES-19,2026-10-09 19:10:00
-3.568900,-54.374500,GOES-19,2026-10-09 18:50:00
-3.587300,-54.373900,GOES-19,2026-10-09 18:50:00
-3.587300,-54.373900,GOES-19,2026-10-09 19:00:00
-3.587300,-54.373900,GOES-19,2026-10-09 19:20:00
-3.587300,-54.373900,GOES-19,2026-10-09 19:30:00
-3.587300,-54.373900,GOES-19,2026-10-09 19:40:00
-3.587300,-54.373900,GOES-19,2026-10-09 19:50:00
-1.622600,-54.394800,GOES-19,2026-10-09 14:40:00
-1.622600,-54.394800,GOES-19,2026-10-09 14:50:00
-1.622600,-54.394800,GOES-19,2026-10-09 15:00:00
-1.622600,-54.394800,GOES-19,2026-10-09 15:20:00
-1.622600,-54.394800,GOES-19,2026-10-09 18:20:00
-1.640900,-54.394600,GOES-19,2026-10-09 14:40:00
-1.640900,-54.394600,GOES-19,2026-10-09 15:00:00
-1.952800,-54.390100,GOES-19,2026-10-09 18:20:00
-1.952800,-54.390100,GOES-19,2026-10-09 18:30:00
-1.952800,-54.390100,GOES-19,2026-10-09 18:40:00
-1.952800,-54.390100,GOES-19,2026-10-09 18:50:00
-1.952800,-54.390100,GOES-19,2026-10-09 19:20:00
-1.952800,-54.390100,GOES-19,2026-10-09 19:30:00
-1.952800,-54.390100,GOES-19,2026-10-09 19:40:00
-1.971100,-54.389800,GOES-19,2026-10-09 18:30:00
-1.971100,-54.389800,GOES-19,2026-10-09 19:20:00
-1.971100,-54.389800,GOES-19,2026-10-09 19:30:00
-1.622600,-54.374800,GOES-19,2026-10-09 14:40:00
-1.622600,-54.374800,GOES-19,2026-10-09 14:50:00
-1.622600,-54.374800,GOES-19,2026-10-09 15:00:00
-1.622600,-54.374800,GOES-19,2026-10-09 15:10:00
-1.622600,-54.374800,GOES-19,2026-10-09 15:30:00
-1.622600,-54.374800,GOES-19,2026-10-09 18:20:00
-3.496000,-54.196000,GOES-19,2026-10-09 18:40:00
-3.514400,-54.195500,GOES-19,2026-10-09 19:20:00
-2.724300,-54.155200,GOES-19,2026-10-09 18:40:00
-2.724300,-54.155200,GOES-19,2026-10-09 18:50:00
-2.724300,-54.155200,GOES-19,2026-10-09 19:00:00
-2.724300,-54.155200,GOES-19,2026-10-09 19:10:00
-2.724300,-54.155200,GOES-19,2026-10-09 19:20:00
-2.724300,-54.155200,GOES-19,2026-10-09 19:30:00
-2.724300,-54.155200,GOES-19,2026-10-09 19:50:00
-2.724300,-54.155200,GOES-19,2026-10-09 20:00:00
-2.742700,-54.154800,GOES-19,2026-10-09 19:30:00
-2.742700,-54.154800,GOES-19,2026-10-09 20:00:00
-2.724400,-54.135100,GOES-19,2026-10-09 19:20:00
-2.724400,-54.135100,GOES-19,2026-10-09 19:30:00
-2.724400,-54.135100,GOES-19,2026-10-09 20:00:00
-2.742800,-54.134700,GOES-19,2026-10-09 19:20:00
-2.742800,-54.134700,GOES-19,2026-10-09 19:30:00
-2.742800,-54.134700,GOES-19,2026-10-09 20:00:00
-3.018400,-54.128200,GOES-19,2026-10-09 19:40:00
-2.742800,-54.114600,GOES-19,2026-10-09 19:20:00
-2.742800,-54.114600,GOES-19,2026-10-09 19:30:00
-2.742800,-54.114600,GOES-19,2026-10-09 20:00:00
-2.761200,-54.114200,GOES-19,2026-10-09 19:20:00
-2.761200,-54.114200,GOES-19,2026-10-09 19:30:00
-2.761200,-54.114200,GOES-19,2026-10-09 20:00:00
-3.000100,-54.108600,GOES-19,2026-10-09 19:20:00
-3.000100,-54.108600,GOES-19,2026-10-09 19:40:00
-3.000100,-54.108600,GOES-19,2026-10-09 19:50:00
-3.018400,-54.108200,GOES-19,2026-10-09 19:30:00
-3.018400,-54.108200,GOES-19,2026-10-09 19:40:00
-3.018400,-54.108200,GOES-19,2026-10-09 19:50:00
-2.742900,-54.094500,GOES-19,2026-10-09 19:20:00
-2.761300,-54.094100,GOES-19,2026-10-09 19:20:00
-2.761300,-54.094100,GOES-19,2026-10-09 19:30:00
-2.761300,-54.094100,GOES-19,2026-10-09 20:00:00
-3.018500,-54.088100,GOES-19,2026-10-09 19:20:00
-3.018500,-54.088100,GOES-19,2026-10-09 19:30:00
-3.018500,-54.088100,GOES-19,2026-10-09 19:40:00
-3.018500,-54.088100,GOES-19,2026-10-09 19:50:00
-2.926600,-54.090300,GOES-19,2026-10-09 19:40:00
-2.926700,-54.070200,GOES-19,2026-10-09 19:40:00
-2.945100,-54.069800,GOES-19,2026-10-09 19:40:00
-2.963400,-54.069300,GOES-19,2026-10-09 19:40:00
-2.981800,-54.068900,GOES-19,2026-10-09 19:20:00
-2.981800,-54.068900,GOES-19,2026-10-09 19:30:00
-2.981800,-54.068900,GOES-19,2026-10-09 19:40:00
-2.981800,-54.068900,GOES-19,2026-10-09 19:50:00
-3.000200,-54.068400,GOES-19,2026-10-09 19:20:00
-3.000200,-54.068400,GOES-19,2026-10-09 19:30:00
-3.000200,-54.068400,GOES-19,2026-10-09 19:40:00
-3.000200,-54.068400,GOES-19,2026-10-09 19:50:00
-3.018600,-54.068000,GOES-19,2026-10-09 19:20:00
-3.018600,-54.068000,GOES-19,2026-10-09 19:30:00
-3.018600,-54.068000,GOES-19,2026-10-09 19:40:00
-3.018600,-54.068000,GOES-19,2026-10-09 19:50:00
-2.926700,-54.050100,GOES-19,2026-10-09 19:40:00
-2.945100,-54.049700,GOES-19,2026-10-09 19:40:00
-2.981900,-54.048800,GOES-19,2026-10-09 19:50:00
-3.000200,-54.048300,GOES-19,2026-10-09 19:20:00
-3.000200,-54.048300,GOES-19,2026-10-09 19:30:00
-3.000200,-54.048300,GOES-19,2026-10-09 19:40:00
-3.000200,-54.048300,GOES-19,2026-10-09 19:50:00
-3.018600,-54.047900,GOES-19,2026-10-09 19:20:00
-3.018600,-54.047900,GOES-19,2026-10-09 19:30:00
-3.018600,-54.047900,GOES-19,2026-10-09 19:40:00
-3.018600,-54.047900,GOES-19,2026-10-09 19:50:00
-3.257600,-54.041800,GOES-19,2026-10-09 00:00:00
-3.257600,-54.041800,GOES-19,2026-10-09 00:20:00
-3.276000,-54.041300,GOES-19,2026-10-09 00:20:00
-3.294400,-54.040800,GOES-19,2026-10-09 00:00:00
-3.312700,-54.040300,GOES-19,2026-10-09 00:00:00
-3.312700,-54.040300,GOES-19,2026-10-09 00:20:00
-3.257700,-54.021700,GOES-19,2026-10-09 00:00:00
-3.257700,-54.021700,GOES-19,2026-10-09 00:20:00
-3.276000,-54.021200,GOES-19,2026-10-09 00:00:00
-3.276000,-54.021200,GOES-19,2026-10-09 00:20:00
-3.294400,-54.020700,GOES-19,2026-10-09 00:00:00
-3.294400,-54.020700,GOES-19,2026-10-09 00:20:00
-3.312800,-54.020200,GOES-19,2026-10-09 00:00:00
-3.312800,-54.020200,GOES-19,2026-10-09 00:20:00
-3.294500,-54.000600,GOES-19,2026-10-09 00:00:00
-3.294500,-54.000600,GOES-19,2026-10-09 00:20:00
-14.700200,-53.075300,GOES-19,2026-10-09 13:40:00
-14.700200,-53.075300,GOES-19,2026-10-09 13:50:00
-14.700200,-53.075300,GOES-19,2026-10-09 14:00:00
-14.700200,-53.075300,GOES-19,2026-10-09 14:10:00
-14.700200,-53.075300,GOES-19,2026-10-09 14:20:00
-14.700200,-53.075300,GOES-19,2026-10-09 14:30:00
-14.700200,-53.075300,GOES-19,2026-10-09 14:40:00
-14.700200,-53.075300,GOES-19,2026-10-09 15:00:00
-14.700200,-53.075300,GOES-19,2026-10-09 15:10:00
-2.265800,-53.943500,GOES-19,2026-10-09 15:30:00
-2.982300,-53.908000,GOES-19,2026-10-09 18:50:00
-2.982300,-53.908000,GOES-19,2026-10-09 19:00:00
-2.982300,-53.908000,GOES-19,2026-10-09 19:20:00
-2.982300,-53.908000,GOES-19,2026-10-09 19:40:00
-3.000700,-53.907500,GOES-19,2026-10-09 19:20:00
-3.000700,-53.907500,GOES-19,2026-10-09 19:40:00
-3.019100,-53.907100,GOES-19,2026-10-09 19:20:00
-3.019100,-53.907100,GOES-19,2026-10-09 19:40:00
-3.037500,-53.906600,GOES-19,2026-10-09 19:20:00
-3.037500,-53.906600,GOES-19,2026-10-09 19:40:00
-5.783600,-53.807000,GOES-19,2026-10-09 18:40:00
-5.783600,-53.807000,GOES-19,2026-10-09 18:50:00
-5.783600,-53.807000,GOES-19,2026-10-09 19:00:00
-3.000800,-53.887400,GOES-19,2026-10-09 19:20:00
-3.000800,-53.887400,GOES-19,2026-10-09 19:40:00
-3.019200,-53.887000,GOES-19,2026-10-09 19:20:00
-3.019200,-53.887000,GOES-19,2026-10-09 19:40:00
-3.037500,-53.886500,GOES-19,2026-10-09 19:20:00
-3.037500,-53.886500,GOES-19,2026-10-09 19:40:00
-5.783800,-53.786800,GOES-19,2026-10-09 18:30:00
-5.783800,-53.786800,GOES-19,2026-10-09 18:40:00
-5.802200,-53.785900,GOES-19,2026-10-09 18:50:00
-3.313500,-53.839000,GOES-19,2026-10-09 18:40:00
-3.313500,-53.839000,GOES-19,2026-10-09 19:00:00
-4.032000,-53.635600,GOES-19,2026-10-09 18:20:00
-4.032000,-53.635600,GOES-19,2026-10-09 18:30:00
-4.032000,-53.635600,GOES-19,2026-10-09 18:40:00
-6.233500,-52.970800,GOES-19,2026-10-09 19:20:00
-6.233500,-52.970800,GOES-19,2026-10-09 19:30:00
-6.791200,-52.775500,GOES-19,2026-10-09 18:30:00
-6.791200,-52.775500,GOES-19,2026-10-09 18:40:00
-6.791200,-52.775500,GOES-19,2026-10-09 18:50:00
-7.107800,-52.674100,GOES-19,2026-10-09 18:50:00
-7.107800,-52.674100,GOES-19,2026-10-09 19:00:00
-7.108000,-52.653600,GOES-19,2026-10-09 18:40:00
-7.108000,-52.653600,GOES-19,2026-10-09 18:50:00
-7.182300,-52.648900,GOES-19,2026-10-09 18:10:00
-7.182300,-52.648900,GOES-19,2026-10-09 19:10:00
-7.182300,-52.648900,GOES-19,2026-10-09 19:20:00
-7.182300,-52.648900,GOES-19,2026-10-09 19:50:00
-13.660300,-51.917400,GOES-19,2026-10-09 15:30:00
-0.909400,-52.442200,GOES-19,2026-10-09 19:30:00
-0.909400,-52.442200,GOES-19,2026-10-09 19:40:00
-0.909400,-52.442200,GOES-19,2026-10-09 19:50:00
-0.927800,-52.442000,GOES-19,2026-10-09 19:30:00
-0.927800,-52.442000,GOES-19,2026-10-09 19:40:00
-9.410600,-52.007700,GOES-19,2026-10-09 14:30:00
-9.410600,-52.007700,GOES-19,2026-10-09 14:40:00
-9.410600,-52.007700,GOES-19,2026-10-09 14:50:00
-3.872700,-52.194800,GOES-19,2026-10-09 19:30:00
-3.872700,-52.194800,GOES-19,2026-10-09 19:40:00
-3.872700,-52.194800,GOES-19,2026-10-09 19:50:00
-11.053200,-51.707100,GOES-19,2026-10-09 18:20:00
-11.053200,-51.707100,GOES-19,2026-10-09 18:30:00
-6.295700,-52.063400,GOES-19,2026-10-09 18:50:00
-6.295700,-52.063400,GOES-19,2026-10-09 19:00:00
-14.442200,-51.238200,GOES-19,2026-10-09 19:30:00
-2.233800,-52.096000,GOES-19,2026-10-09 17:40:00
-2.233800,-52.096000,GOES-19,2026-10-09 18:00:00
-2.233800,-52.096000,GOES-19,2026-10-09 18:10:00
-8.888900,-51.717600,GOES-19,2026-10-09 19:00:00
-8.907600,-51.716100,GOES-19,2026-10-09 19:10:00
-8.907600,-51.716100,GOES-19,2026-10-09 19:20:00
-8.907600,-51.716100,GOES-19,2026-10-09 19:30:00
-8.926400,-51.714600,GOES-19,2026-10-09 18:50:00
-8.926400,-51.714600,GOES-19,2026-10-09 19:00:00
-8.926400,-51.714600,GOES-19,2026-10-09 19:10:00
-8.889100,-51.696700,GOES-19,2026-10-09 18:40:00
-8.889100,-51.696700,GOES-19,2026-10-09 18:50:00
-8.889100,-51.696700,GOES-19,2026-10-09 19:00:00
-8.889100,-51.696700,GOES-19,2026-10-09 19:10:00
-0.505600,-51.809300,GOES-19,2026-10-09 15:10:00
-0.505600,-51.809300,GOES-19,2026-10-09 15:20:00
-0.505600,-51.809300,GOES-19,2026-10-09 15:30:00
-0.505600,-51.809300,GOES-19,2026-10-09 16:00:00
-2.603100,-51.717700,GOES-19,2026-10-09 19:50:00
0.303500,-51.397600,GOES-19,2026-10-09 17:40:00
0.303500,-51.397600,GOES-19,2026-10-09 18:00:00
0.303500,-51.397600,GOES-19,2026-10-09 18:20:00
-10.934300,-50.703900,GOES-19,2026-10-09 14:10:00
-10.934300,-50.703900,GOES-19,2026-10-09 14:20:00
-10.934300,-50.703900,GOES-19,2026-10-09 14:30:00
-10.934300,-50.703900,GOES-19,2026-10-09 14:40:00
-10.953300,-50.701800,GOES-19,2026-10-09 14:10:00
-10.953300,-50.701800,GOES-19,2026-10-09 14:20:00
-10.953300,-50.701800,GOES-19,2026-10-09 14:30:00
-10.934600,-50.682500,GOES-19,2026-10-09 13:50:00
-10.934600,-50.682500,GOES-19,2026-10-09 14:10:00
-10.934600,-50.682500,GOES-19,2026-10-09 14:20:00
-10.953600,-50.680500,GOES-19,2026-10-09 11:50:00
-10.953600,-50.680500,GOES-19,2026-10-09 14:10:00
-10.953600,-50.680500,GOES-19,2026-10-09 14:20:00
0.358900,-50.962100,GOES-19,2026-10-09 18:00:00
0.377300,-50.941300,GOES-19,2026-10-09 18:00:00
0.377300,-50.941300,GOES-19,2026-10-09 18:10:00
0.377300,-50.941300,GOES-19,2026-10-09 18:20:00
0.377300,-50.941300,GOES-19,2026-10-09 18:40:00
0.377300,-50.941300,GOES-19,2026-10-09 18:50:00
0.358900,-50.941400,GOES-19,2026-10-09 18:00:00
-3.214600,-50.809300,GOES-19,2026-10-09 18:50:00
-3.214600,-50.809300,GOES-19,2026-10-09 19:00:00
-3.214600,-50.809300,GOES-19,2026-10-09 19:10:00
-3.214600,-50.809300,GOES-19,2026-10-09 19:20:00
-3.214600,-50.809300,GOES-19,2026-10-09 19:30:00
0.487800,-50.795200,GOES-19,2026-10-09 17:20:00
0.487800,-50.795200,GOES-19,2026-10-09 17:30:00
-3.178600,-50.601600,GOES-19,2026-10-09 00:10:00
-3.160200,-50.581200,GOES-19,2026-10-09 00:10:00
-3.178700,-50.580700,GOES-19,2026-10-09 00:10:00
-3.197100,-50.580100,GOES-19,2026-10-09 00:10:00
-3.178700,-50.559700,GOES-19,2026-10-09 00:10:00
-3.197200,-50.559200,GOES-19,2026-10-09 00:10:00
-9.714600,-50.145700,GOES-19,2026-10-09 18:00:00
-9.714600,-50.145700,GOES-19,2026-10-09 18:10:00
-9.714600,-50.145700,GOES-19,2026-10-09 18:30:00
-9.714600,-50.145700,GOES-19,2026-10-09 18:50:00
-3.253100,-50.431800,GOES-19,2026-10-09 18:30:00
-3.253100,-50.431800,GOES-19,2026-10-09 19:00:00
-3.253100,-50.431800,GOES-19,2026-10-09 19:10:00
-3.253100,-50.431800,GOES-19,2026-10-09 19:30:00
-3.253100,-50.431800,GOES-19,2026-10-09 19:40:00
-3.253100,-50.431800,GOES-19,2026-10-09 19:50:00
-3.493600,-50.340000,GOES-19,2026-10-09 18:50:00
-3.493600,-50.340000,GOES-19,2026-10-09 19:00:00
-3.493600,-50.340000,GOES-19,2026-10-09 19:20:00
-3.493600,-50.340000,GOES-19,2026-10-09 19:40:00
-3.475200,-50.319600,GOES-19,2026-10-09 19:00:00
-3.475200,-50.319600,GOES-19,2026-10-09 19:10:00
-3.493600,-50.319000,GOES-19,2026-10-09 18:50:00
-3.493600,-50.319000,GOES-19,2026-10-09 19:10:00
-3.493600,-50.319000,GOES-19,2026-10-09 19:20:00
-3.493600,-50.319000,GOES-19,2026-10-09 19:30:00
-3.105800,-50.331500,GOES-19,2026-10-09 18:40:00
-5.493500,-50.146100,GOES-19,2026-10-09 19:30:00
-7.336300,-50.007400,GOES-19,2026-10-09 18:20:00
-7.336300,-50.007400,GOES-19,2026-10-09 18:40:00
-7.336300,-50.007400,GOES-19,2026-10-09 18:50:00
-7.354900,-50.006000,GOES-19,2026-10-09 18:30:00
-7.354900,-50.006000,GOES-19,2026-10-09 18:40:00
-7.354900,-50.006000,GOES-19,2026-10-09 18:50:00
-7.354900,-50.006000,GOES-19,2026-10-09 19:00:00
-7.354900,-50.006000,GOES-19,2026-10-09 19:10:00
-7.354900,-50.006000,GOES-19,2026-10-09 19:20:00
-7.354900,-50.006000,GOES-19,2026-10-09 19:30:00
-7.354900,-50.006000,GOES-19,2026-10-09 19:40:00
-7.354900,-50.006000,GOES-19,2026-10-09 19:50:00
-3.753800,-50.015200,GOES-19,2026-10-09 18:20:00
-3.753800,-50.015200,GOES-19,2026-10-09 18:50:00
-13.727900,-49.123500,GOES-19,2026-10-09 18:10:00
-13.727900,-49.123500,GOES-19,2026-10-09 18:20:00
-13.727900,-49.123500,GOES-19,2026-10-09 18:30:00
-4.420900,-49.797800,GOES-19,2026-10-09 20:30:00
-4.420900,-49.797800,GOES-19,2026-10-09 20:50:00
-4.420900,-49.797800,GOES-19,2026-10-09 21:50:00
-4.402500,-49.777400,GOES-19,2026-10-09 19:00:00
-4.402500,-49.777400,GOES-19,2026-10-09 19:10:00
-4.402500,-49.777400,GOES-19,2026-10-09 19:20:00
-4.402500,-49.777400,GOES-19,2026-10-09 19:30:00
-4.402500,-49.777400,GOES-19,2026-10-09 19:40:00
-4.402500,-49.777400,GOES-19,2026-10-09 19:50:00
-4.402500,-49.777400,GOES-19,2026-10-09 20:20:00
-4.402500,-49.777400,GOES-19,2026-10-09 20:30:00
-4.402500,-49.777400,GOES-19,2026-10-09 20:50:00
-4.402500,-49.777400,GOES-19,2026-10-09 21:50:00
-4.421000,-49.776600,GOES-19,2026-10-09 19:50:00
-4.421000,-49.776600,GOES-19,2026-10-09 20:20:00
-4.421000,-49.776600,GOES-19,2026-10-09 20:30:00
-4.421000,-49.776600,GOES-19,2026-10-09 20:50:00
-4.421000,-49.776600,GOES-19,2026-10-09 21:50:00
-4.402600,-49.756300,GOES-19,2026-10-09 18:30:00
-4.402600,-49.756300,GOES-19,2026-10-09 18:40:00
-4.402600,-49.756300,GOES-19,2026-10-09 18:50:00
-4.402600,-49.756300,GOES-19,2026-10-09 19:00:00
-4.402600,-49.756300,GOES-19,2026-10-09 19:10:00
-4.402600,-49.756300,GOES-19,2026-10-09 19:20:00
-4.402600,-49.756300,GOES-19,2026-10-09 19:30:00
-4.402600,-49.756300,GOES-19,2026-10-09 19:40:00
-4.402600,-49.756300,GOES-19,2026-10-09 19:50:00
-4.402600,-49.756300,GOES-19,2026-10-09 20:20:00
-4.402600,-49.756300,GOES-19,2026-10-09 20:30:00
-4.402600,-49.756300,GOES-19,2026-10-09 20:50:00
-4.402600,-49.756300,GOES-19,2026-10-09 21:50:00
-6.930000,-49.568600,GOES-19,2026-10-09 19:00:00
-6.930000,-49.568600,GOES-19,2026-10-09 19:20:00
-6.930200,-49.547200,GOES-19,2026-10-09 19:00:00
-6.930200,-49.547200,GOES-19,2026-10-09 19:10:00
-6.930200,-49.547200,GOES-19,2026-10-09 19:20:00
-6.930200,-49.547200,GOES-19,2026-10-09 19:30:00
-14.024200,-48.749300,GOES-19,2026-10-09 13:40:00
-14.024200,-48.749300,GOES-19,2026-10-09 13:50:00
-14.024200,-48.749300,GOES-19,2026-10-09 14:00:00
-14.024200,-48.749300,GOES-19,2026-10-09 14:10:00
-14.024200,-48.749300,GOES-19,2026-10-09 14:20:00
-14.024200,-48.749300,GOES-19,2026-10-09 14:30:00
-14.024200,-48.749300,GOES-19,2026-10-09 14:40:00
-14.024200,-48.749300,GOES-19,2026-10-09 14:50:00
-14.024200,-48.749300,GOES-19,2026-10-09 15:00:00
-14.024200,-48.749300,GOES-19,2026-10-09 18:20:00
-11.013900,-49.104000,GOES-19,2026-10-09 18:20:00
-11.013900,-49.104000,GOES-19,2026-10-09 18:30:00
-11.013900,-49.104000,GOES-19,2026-10-09 18:40:00
-11.032900,-49.101800,GOES-19,2026-10-09 18:40:00
-5.963300,-49.419100,GOES-19,2026-10-09 19:00:00
-5.963300,-49.419100,GOES-19,2026-10-09 19:10:00
-5.963300,-49.419100,GOES-19,2026-10-09 19:20:00
-5.963300,-49.419100,GOES-19,2026-10-09 19:30:00
-5.963400,-49.397700,GOES-19,2026-10-09 18:30:00
-5.963400,-49.397700,GOES-19,2026-10-09 19:00:00
-5.963400,-49.397700,GOES-19,2026-10-09 19:10:00
-5.963400,-49.397700,GOES-19,2026-10-09 19:20:00
-5.963400,-49.397700,GOES-19,2026-10-09 19:30:00
-5.963400,-49.397700,GOES-19,2026-10-09 19:40:00
-5.053700,-49.364000,GOES-19,2026-10-09 19:00:00
-5.351200,-49.284100,GOES-19,2026-10-09 19:40:00
-15.649400,-48.130700,GOES-19,2026-10-09 18:10:00
-15.649400,-48.130700,GOES-19,2026-10-09 18:30:00
-15.649400,-48.130700,GOES-19,2026-10-09 18:40:00
-15.649400,-48.130700,GOES-19,2026-10-09 18:50:00
-15.649400,-48.130700,GOES-19,2026-10-09 19:00:00
-15.669000,-48.127300,GOES-19,2026-10-09 17:40:00
-15.669000,-48.127300,GOES-19,2026-10-09 18:00:00
-15.669000,-48.127300,GOES-19,2026-10-09 18:10:00
-15.669000,-48.127300,GOES-19,2026-10-09 18:30:00
-15.669000,-48.127300,GOES-19,2026-10-09 18:40:00
-15.669000,-48.127300,GOES-19,2026-10-09 18:50:00
-15.669000,-48.127300,GOES-19,2026-10-09 19:00:00
-15.669000,-48.127300,GOES-19,2026-10-09 19:10:00
-15.669000,-48.127300,GOES-19,2026-10-09 19:20:00
-15.669000,-48.127300,GOES-19,2026-10-09 19:30:00
-15.669000,-48.127300,GOES-19,2026-10-09 19:40:00
-15.669000,-48.127300,GOES-19,2026-10-09 19:50:00
-15.571900,-48.099000,GOES-19,2026-10-09 15:10:00
-15.571900,-48.099000,GOES-19,2026-10-09 15:20:00
-15.591500,-48.095700,GOES-19,2026-10-09 17:40:00
-1.245000,-49.338400,GOES-19,2026-10-09 15:30:00
-8.450900,-48.954100,GOES-19,2026-10-09 18:40:00
-1.152800,-49.297100,GOES-19,2026-10-09 14:20:00
-10.640700,-48.689500,GOES-19,2026-10-09 19:10:00
-10.640700,-48.689500,GOES-19,2026-10-09 19:20:00
-1.171300,-49.254400,GOES-19,2026-10-09 19:50:00
-6.115100,-49.046200,GOES-19,2026-10-09 18:40:00
-6.115100,-49.046200,GOES-19,2026-10-09 18:50:00
-5.910700,-49.016200,GOES-19,2026-10-09 19:30:00
-5.910700,-49.016200,GOES-19,2026-10-09 19:40:00
-5.910700,-49.016200,GOES-19,2026-10-09 19:50:00
-5.948600,-48.928000,GOES-19,2026-10-09 18:30:00
-1.245500,-49.019400,GOES-19,2026-10-09 15:10:00
-4.853600,-48.754200,GOES-19,2026-10-09 18:40:00
-4.853600,-48.754200,GOES-19,2026-10-09 18:50:00
-4.853600,-48.754200,GOES-19,2026-10-09 19:00:00
-4.872200,-48.753300,GOES-19,2026-10-09 19:00:00
-4.872200,-48.753300,GOES-19,2026-10-09 19:10:00
-4.872200,-48.753300,GOES-19,2026-10-09 19:20:00
-12.693200,-64.704500,GOES-19,2026-10-10 03:20:00
-12.712100,-64.703500,GOES-19,2026-10-10 03:20:00
-13.107200,-62.594300,GOES-19,2026-10-10 03:20:00
-10.843500,-66.198300,GOES-19,2026-10-10 03:20:00
-10.890500,-44.823200,GOES-19,2026-10-10 03:20:00
-10.890900,-44.800100,GOES-19,2026-10-10 03:20:00
-10.909700,-44.820600,GOES-19,2026-10-10 03:20:00
-11.033200,-45.424600,GOES-19,2026-10-10 03:20:00
-3.220300,-49.441700,GOES-19,2026-10-10 03:20:00
-3.220400,-49.420500,GOES-19,2026-10-10 03:20:00
-3.238800,-49.441100,GOES-19,2026-10-10 03:20:00
-3.238900,-49.419900,GOES-19,2026-10-10 03:20:00
-3.567600,-54.694600,GOES-19,2026-10-10 03:20:00
-3.604800,-54.593600,GOES-19,2026-10-10 03:20:00
-3.839000,-55.799700,GOES-19,2026-10-10 03:20:00
-4.402500,-49.777400,GOES-19,2026-10-10 03:20:00
-5.756500,-45.129300,GOES-19,2026-10-10 03:20:00
-6.456600,-55.500800,GOES-19,2026-10-10 03:20:00
-7.022800,-47.661000,GOES-19,2026-10-10 03:20:00
-7.534700,-45.323300,GOES-19,2026-10-10 03:20:00
-7.535000,-45.300600,GOES-19,2026-10-10 03:20:00
-12.502800,-51.293700,GOES-19,2026-10-10 03:20:00
-14.381000,-54.967900,GOES-19,2026-10-10 03:20:00
-14.400300,-54.965700,GOES-19,2026-10-10 03:20:00