lat,lon,satelite,data
-11.866900,-48.079100,GOES-19,2026-08-11 13:10:00
-11.866900,-48.079100,GOES-19,2026-08-11 13:20:00
-11.866900,-48.079100,GOES-19,2026-08-11 13:30:00
-11.866900,-48.079100,GOES-19,2026-08-11 13:40:00
-11.886000,-48.076600,GOES-19,2026-08-11 13:10:00
-9.269600,-48.093900,GOES-19,2026-08-11 13:50:00
-9.345400,-48.064300,GOES-19,2026-08-11 17:30:00
-9.345400,-48.064300,GOES-19,2026-08-11 17:40:00
-9.364200,-48.062400,GOES-19,2026-08-11 13:00:00
-9.364200,-48.062400,GOES-19,2026-08-11 13:10:00
-9.364200,-48.062400,GOES-19,2026-08-11 14:00:00
-9.364200,-48.062400,GOES-19,2026-08-11 15:50:00
-9.364200,-48.062400,GOES-19,2026-08-11 16:00:00
-9.364200,-48.062400,GOES-19,2026-08-11 16:10:00
-9.364200,-48.062400,GOES-19,2026-08-11 16:20:00
-9.383100,-48.060400,GOES-19,2026-08-11 13:40:00
-9.383100,-48.060400,GOES-19,2026-08-11 13:50:00
-9.383100,-48.060400,GOES-19,2026-08-11 14:30:00
-9.383100,-48.060400,GOES-19,2026-08-11 15:50:00
-9.383100,-48.060400,GOES-19,2026-08-11 16:00:00
-9.383100,-48.060400,GOES-19,2026-08-11 16:10:00
-9.534500,-48.022800,GOES-19,2026-08-11 17:00:00
-9.534500,-48.022800,GOES-19,2026-08-11 17:10:00
-9.553400,-48.020800,GOES-19,2026-08-11 17:00:00
-9.553400,-48.020800,GOES-19,2026-08-11 17:10:00
-9.553400,-48.020800,GOES-19,2026-08-11 17:20:00
-9.553400,-48.020800,GOES-19,2026-08-11 17:30:00
-9.345600,-48.042300,GOES-19,2026-08-11 13:20:00
-9.345600,-48.042300,GOES-19,2026-08-11 13:30:00
-9.345600,-48.042300,GOES-19,2026-08-11 13:40:00
-9.345600,-48.042300,GOES-19,2026-08-11 13:50:00
-9.345600,-48.042300,GOES-19,2026-08-11 14:00:00
-9.345600,-48.042300,GOES-19,2026-08-11 14:10:00
-9.345600,-48.042300,GOES-19,2026-08-11 14:20:00
-9.345600,-48.042300,GOES-19,2026-08-11 14:30:00
-9.345600,-48.042300,GOES-19,2026-08-11 17:00:00
-9.345600,-48.042300,GOES-19,2026-08-11 17:30:00
-9.345600,-48.042300,GOES-19,2026-08-11 17:40:00
-9.364500,-48.040400,GOES-19,2026-08-11 12:20:00
-9.364500,-48.040400,GOES-19,2026-08-11 12:30:00
-9.364500,-48.040400,GOES-19,2026-08-11 12:40:00
-9.364500,-48.040400,GOES-19,2026-08-11 12:50:00
-9.364500,-48.040400,GOES-19,2026-08-11 13:00:00
-9.364500,-48.040400,GOES-19,2026-08-11 13:10:00
-9.364500,-48.040400,GOES-19,2026-08-11 13:20:00
-9.364500,-48.040400,GOES-19,2026-08-11 13:30:00
-9.364500,-48.040400,GOES-19,2026-08-11 13:40:00
-9.364500,-48.040400,GOES-19,2026-08-11 13:50:00
-9.364500,-48.040400,GOES-19,2026-08-11 14:00:00
-9.364500,-48.040400,GOES-19,2026-08-11 14:20:00
-9.364500,-48.040400,GOES-19,2026-08-11 14:30:00
-9.383400,-48.038500,GOES-19,2026-08-11 12:20:00
-9.383400,-48.038500,GOES-19,2026-08-11 12:30:00
-9.383400,-48.038500,GOES-19,2026-08-11 12:40:00
-9.383400,-48.038500,GOES-19,2026-08-11 12:50:00
-9.383400,-48.038500,GOES-19,2026-08-11 13:00:00
-9.383400,-48.038500,GOES-19,2026-08-11 13:10:00
-9.383400,-48.038500,GOES-19,2026-08-11 13:20:00
-9.383400,-48.038500,GOES-19,2026-08-11 13:30:00
-9.383400,-48.038500,GOES-19,2026-08-11 13:40:00
-9.383400,-48.038500,GOES-19,2026-08-11 13:50:00
-9.383400,-48.038500,GOES-19,2026-08-11 14:00:00
-9.383400,-48.038500,GOES-19,2026-08-11 14:10:00
-9.383400,-48.038500,GOES-19,2026-08-11 14:20:00
-9.383400,-48.038500,GOES-19,2026-08-11 14:30:00
-9.383400,-48.038500,GOES-19,2026-08-11 15:50:00
-9.383400,-48.038500,GOES-19,2026-08-11 16:00:00
-9.383400,-48.038500,GOES-19,2026-08-11 16:10:00
-9.364800,-48.018500,GOES-19,2026-08-11 12:00:00
-9.364800,-48.018500,GOES-19,2026-08-11 12:20:00
-9.364800,-48.018500,GOES-19,2026-08-11 12:30:00
-9.364800,-48.018500,GOES-19,2026-08-11 12:40:00
-9.364800,-48.018500,GOES-19,2026-08-11 12:50:00
-9.364800,-48.018500,GOES-19,2026-08-11 13:00:00
-9.364800,-48.018500,GOES-19,2026-08-11 13:10:00
-9.364800,-48.018500,GOES-19,2026-08-11 13:20:00
-9.364800,-48.018500,GOES-19,2026-08-11 13:40:00
-9.364800,-48.018500,GOES-19,2026-08-11 13:50:00
-9.364800,-48.018500,GOES-19,2026-08-11 14:00:00
-9.364800,-48.018500,GOES-19,2026-08-11 14:20:00
-9.383700,-48.016500,GOES-19,2026-08-11 12:20:00
-9.383700,-48.016500,GOES-19,2026-08-11 12:30:00
-9.383700,-48.016500,GOES-19,2026-08-11 12:40:00
-9.383700,-48.016500,GOES-19,2026-08-11 12:50:00
-9.383700,-48.016500,GOES-19,2026-08-11 13:00:00
-9.383700,-48.016500,GOES-19,2026-08-11 13:10:00
-9.383700,-48.016500,GOES-19,2026-08-11 13:20:00
-9.383700,-48.016500,GOES-19,2026-08-11 13:30:00
-9.383700,-48.016500,GOES-19,2026-08-11 13:40:00
-9.383700,-48.016500,GOES-19,2026-08-11 13:50:00
-9.383700,-48.016500,GOES-19,2026-08-11 14:00:00
-9.383700,-48.016500,GOES-19,2026-08-11 14:10:00
-9.383700,-48.016500,GOES-19,2026-08-11 14:20:00
-9.383700,-48.016500,GOES-19,2026-08-11 14:30:00
-11.935800,-47.381400,GOES-19,2026-08-11 17:10:00
-11.935800,-47.381400,GOES-19,2026-08-11 17:40:00
-11.935800,-47.381400,GOES-19,2026-08-11 17:50:00
-11.935800,-47.381400,GOES-19,2026-08-11 18:00:00
-11.935800,-47.381400,GOES-19,2026-08-11 18:20:00
-11.954900,-47.378800,GOES-19,2026-08-11 16:40:00
-11.936100,-47.359100,GOES-19,2026-08-11 17:10:00
-11.936100,-47.359100,GOES-19,2026-08-11 17:20:00
-11.936100,-47.359100,GOES-19,2026-08-11 17:30:00
-11.936100,-47.359100,GOES-19,2026-08-11 17:40:00
-11.936500,-47.336700,GOES-19,2026-08-11 16:00:00
-11.936500,-47.336700,GOES-19,2026-08-11 16:10:00
-9.352200,-47.535900,GOES-19,2026-08-11 17:00:00
-9.352200,-47.535900,GOES-19,2026-08-11 17:20:00
-9.352200,-47.535900,GOES-19,2026-08-11 17:30:00
-9.352200,-47.535900,GOES-19,2026-08-11 17:40:00
-9.352200,-47.535900,GOES-19,2026-08-11 18:10:00
-9.371100,-47.534000,GOES-19,2026-08-11 18:10:00
-9.352500,-47.513800,GOES-19,2026-08-11 16:00:00
-9.352500,-47.513800,GOES-19,2026-08-11 16:20:00
-9.352500,-47.513800,GOES-19,2026-08-11 16:50:00
-9.352500,-47.513800,GOES-19,2026-08-11 17:00:00
-9.352500,-47.513800,GOES-19,2026-08-11 17:10:00
-9.352500,-47.513800,GOES-19,2026-08-11 17:20:00
-9.352500,-47.513800,GOES-19,2026-08-11 17:30:00
-9.352500,-47.513800,GOES-19,2026-08-11 17:40:00
-9.352500,-47.513800,GOES-19,2026-08-11 18:10:00
-9.371400,-47.511900,GOES-19,2026-08-11 18:10:00
-9.352800,-47.491700,GOES-19,2026-08-11 14:20:00
-9.352800,-47.491700,GOES-19,2026-08-11 16:00:00
-9.352800,-47.491700,GOES-19,2026-08-11 16:20:00
-9.352800,-47.491700,GOES-19,2026-08-11 16:50:00
-9.352800,-47.491700,GOES-19,2026-08-11 17:00:00
-9.352800,-47.491700,GOES-19,2026-08-11 17:10:00
-9.352800,-47.491700,GOES-19,2026-08-11 17:20:00
-9.352800,-47.491700,GOES-19,2026-08-11 17:30:00
-9.352800,-47.491700,GOES-19,2026-08-11 17:40:00
-9.352800,-47.491700,GOES-19,2026-08-11 18:10:00
-9.371700,-47.489700,GOES-19,2026-08-11 18:10:00
-9.353100,-47.469600,GOES-19,2026-08-11 17:00:00
-9.353100,-47.469600,GOES-19,2026-08-11 17:20:00
-9.353100,-47.469600,GOES-19,2026-08-11 17:30:00
-9.353100,-47.469600,GOES-19,2026-08-11 17:50:00
-9.353100,-47.469600,GOES-19,2026-08-11 18:00:00
-9.353100,-47.469600,GOES-19,2026-08-11 18:10:00
-9.353100,-47.469600,GOES-19,2026-08-11 18:20:00
-9.353100,-47.469600,GOES-19,2026-08-11 18:40:00
-9.353100,-47.469600,GOES-19,2026-08-11 18:50:00
-9.353100,-47.469600,GOES-19,2026-08-11 19:00:00
-9.353100,-47.469600,GOES-19,2026-08-11 19:10:00
-9.353100,-47.469600,GOES-19,2026-08-11 19:20:00
-9.353100,-47.469600,GOES-19,2026-08-11 19:30:00
-9.372000,-47.467600,GOES-19,2026-08-11 12:30:00
-9.372000,-47.467600,GOES-19,2026-08-11 12:40:00
-9.372000,-47.467600,GOES-19,2026-08-11 12:50:00
-9.372000,-47.467600,GOES-19,2026-08-11 13:00:00
-9.372000,-47.467600,GOES-19,2026-08-11 13:10:00
-9.372000,-47.467600,GOES-19,2026-08-11 13:20:00
-9.372000,-47.467600,GOES-19,2026-08-11 13:30:00
-9.372000,-47.467600,GOES-19,2026-08-11 13:40:00
-9.372000,-47.467600,GOES-19,2026-08-11 18:10:00
-2.301500,-47.882400,GOES-19,2026-08-11 18:30:00
-9.032800,-47.458600,GOES-19,2026-08-11 19:00:00
-9.032800,-47.458600,GOES-19,2026-08-11 19:20:00
-15.592000,-46.296600,GOES-19,2026-08-11 18:20:00
-7.776300,-47.224800,GOES-19,2026-08-11 18:30:00
-7.776300,-47.224800,GOES-19,2026-08-11 18:40:00
-10.783200,-46.771000,GOES-19,2026-08-11 17:30:00
-13.549300,-46.330200,GOES-19,2026-08-11 13:50:00
-13.549300,-46.330200,GOES-19,2026-08-11 14:10:00
-13.530400,-46.310500,GOES-19,2026-08-11 13:30:00
-13.530400,-46.310500,GOES-19,2026-08-11 13:40:00
-13.530400,-46.310500,GOES-19,2026-08-11 13:50:00
-13.530400,-46.310500,GOES-19,2026-08-11 14:00:00
-13.530400,-46.310500,GOES-19,2026-08-11 14:10:00
-13.530400,-46.310500,GOES-19,2026-08-11 14:20:00
-13.530400,-46.310500,GOES-19,2026-08-11 14:30:00
-13.549800,-46.307400,GOES-19,2026-08-11 04:00:00
-13.569100,-46.304200,GOES-19,2026-08-11 04:00:00
-13.530800,-46.287600,GOES-19,2026-08-11 13:50:00
-13.550200,-46.284400,GOES-19,2026-08-11 04:00:00
-13.550200,-46.284400,GOES-19,2026-08-11 11:00:00
-13.550200,-46.284400,GOES-19,2026-08-11 11:10:00
-13.550200,-46.284400,GOES-19,2026-08-11 11:20:00
-13.550200,-46.284400,GOES-19,2026-08-11 11:30:00
-13.550200,-46.284400,GOES-19,2026-08-11 11:40:00
-13.550200,-46.284400,GOES-19,2026-08-11 11:50:00
-13.550200,-46.284400,GOES-19,2026-08-11 12:00:00
-13.550200,-46.284400,GOES-19,2026-08-11 12:10:00
-13.550200,-46.284400,GOES-19,2026-08-11 12:20:00
-13.550200,-46.284400,GOES-19,2026-08-11 12:50:00
-13.550200,-46.284400,GOES-19,2026-08-11 13:00:00
-13.550200,-46.284400,GOES-19,2026-08-11 13:10:00
-13.550200,-46.284400,GOES-19,2026-08-11 13:20:00
-13.550200,-46.284400,GOES-19,2026-08-11 13:30:00
-13.550200,-46.284400,GOES-19,2026-08-11 13:40:00
-13.569600,-46.281300,GOES-19,2026-08-11 04:00:00
-13.589000,-46.278200,GOES-19,2026-08-11 04:00:00
-10.423400,-46.703300,GOES-19,2026-08-11 11:00:00
-13.570100,-46.258400,GOES-19,2026-08-11 04:00:00
-13.589400,-46.255300,GOES-19,2026-08-11 04:00:00
-11.971900,-46.387100,GOES-19,2026-08-11 18:30:00
-11.971900,-46.387100,GOES-19,2026-08-11 18:40:00
-11.971900,-46.387100,GOES-19,2026-08-11 18:50:00
-11.971900,-46.387100,GOES-19,2026-08-11 19:00:00
-11.971900,-46.387100,GOES-19,2026-08-11 19:10:00
-11.971900,-46.387100,GOES-19,2026-08-11 19:20:00
-11.971900,-46.387100,GOES-19,2026-08-11 19:40:00
-11.971900,-46.387100,GOES-19,2026-08-11 19:50:00
-11.971900,-46.387100,GOES-19,2026-08-11 20:00:00
-11.971900,-46.387100,GOES-19,2026-08-11 21:40:00
-11.972300,-46.364400,GOES-19,2026-08-11 18:30:00
-11.972300,-46.364400,GOES-19,2026-08-11 19:10:00
-11.972300,-46.364400,GOES-19,2026-08-11 19:20:00
-11.972300,-46.364400,GOES-19,2026-08-11 19:50:00
-11.972300,-46.364400,GOES-19,2026-08-11 20:00:00
-11.972300,-46.364400,GOES-19,2026-08-11 21:40:00
-11.953500,-46.344400,GOES-19,2026-08-11 18:30:00
-11.953500,-46.344400,GOES-19,2026-08-11 19:10:00
-11.953500,-46.344400,GOES-19,2026-08-11 19:20:00
-11.953500,-46.344400,GOES-19,2026-08-11 19:50:00
-11.953500,-46.344400,GOES-19,2026-08-11 20:00:00
-11.953500,-46.344400,GOES-19,2026-08-11 21:40:00
-11.972700,-46.341700,GOES-19,2026-08-11 18:30:00
-11.972700,-46.341700,GOES-19,2026-08-11 19:10:00
-11.972700,-46.341700,GOES-19,2026-08-11 19:20:00
-11.972700,-46.341700,GOES-19,2026-08-11 19:50:00
-11.972700,-46.341700,GOES-19,2026-08-11 20:00:00
-11.972700,-46.341700,GOES-19,2026-08-11 21:40:00
-11.953900,-46.321700,GOES-19,2026-08-11 19:10:00
-11.953900,-46.321700,GOES-19,2026-08-11 19:20:00
-11.953900,-46.321700,GOES-19,2026-08-11 19:50:00
-11.953900,-46.321700,GOES-19,2026-08-11 20:00:00
-10.391100,-46.325200,GOES-19,2026-08-11 17:50:00
-10.391100,-46.325200,GOES-19,2026-08-11 18:00:00
-10.391100,-46.325200,GOES-19,2026-08-11 18:10:00
-10.391100,-46.325200,GOES-19,2026-08-11 18:20:00
-10.391100,-46.325200,GOES-19,2026-08-11 18:40:00
-10.391100,-46.325200,GOES-19,2026-08-11 18:50:00
-10.410100,-46.322900,GOES-19,2026-08-11 17:00:00
-10.410100,-46.322900,GOES-19,2026-08-11 17:10:00
-10.410100,-46.322900,GOES-19,2026-08-11 17:20:00
-10.410100,-46.322900,GOES-19,2026-08-11 17:30:00
-10.410100,-46.322900,GOES-19,2026-08-11 17:40:00
-10.106000,-46.359800,GOES-19,2026-08-11 16:00:00
-10.410500,-46.300300,GOES-19,2026-08-11 17:40:00
-10.108000,-46.224400,GOES-19,2026-08-11 13:10:00
-11.138000,-46.003200,GOES-19,2026-08-11 15:50:00
-11.138000,-46.003200,GOES-19,2026-08-11 16:10:00
-11.138000,-46.003200,GOES-19,2026-08-11 16:20:00
-11.138000,-46.003200,GOES-19,2026-08-11 16:30:00
-11.138000,-46.003200,GOES-19,2026-08-11 16:50:00
-11.119300,-45.983000,GOES-19,2026-08-11 16:10:00
-11.119300,-45.983000,GOES-19,2026-08-11 16:20:00
-11.119300,-45.983000,GOES-19,2026-08-11 16:30:00
-11.119300,-45.983000,GOES-19,2026-08-11 17:20:00
-11.138400,-45.980400,GOES-19,2026-08-11 15:50:00
-11.138400,-45.980400,GOES-19,2026-08-11 16:10:00
-11.138400,-45.980400,GOES-19,2026-08-11 16:20:00
-11.138400,-45.980400,GOES-19,2026-08-11 16:30:00
-11.138400,-45.980400,GOES-19,2026-08-11 16:40:00
-11.138400,-45.980400,GOES-19,2026-08-11 16:50:00
-11.138400,-45.980400,GOES-19,2026-08-11 17:00:00
-11.138400,-45.980400,GOES-19,2026-08-11 17:10:00
-11.138400,-45.980400,GOES-19,2026-08-11 17:20:00
-11.138400,-45.980400,GOES-19,2026-08-11 17:30:00
-11.119700,-45.960200,GOES-19,2026-08-11 16:20:00
-11.138800,-45.957700,GOES-19,2026-08-11 16:20:00
-10.226100,-45.938900,GOES-19,2026-08-11 16:50:00
-10.226100,-45.938900,GOES-19,2026-08-11 17:10:00
-10.245100,-45.936600,GOES-19,2026-08-11 16:50:00
-9.751700,-45.973200,GOES-19,2026-08-11 15:50:00
-9.751700,-45.973200,GOES-19,2026-08-11 16:20:00
-9.751700,-45.973200,GOES-19,2026-08-11 16:30:00
-9.751700,-45.973200,GOES-19,2026-08-11 16:40:00
-9.751700,-45.973200,GOES-19,2026-08-11 17:00:00
-9.751700,-45.973200,GOES-19,2026-08-11 17:10:00
-9.751700,-45.973200,GOES-19,2026-08-11 17:40:00
-10.207400,-45.918500,GOES-19,2026-08-11 14:30:00
-10.207400,-45.918500,GOES-19,2026-08-11 17:00:00
-10.207400,-45.918500,GOES-19,2026-08-11 17:10:00
-10.207400,-45.918500,GOES-19,2026-08-11 17:40:00
-10.207400,-45.918500,GOES-19,2026-08-11 18:40:00
-10.226500,-45.916200,GOES-19,2026-08-11 14:30:00
-10.226500,-45.916200,GOES-19,2026-08-11 15:50:00
-10.226500,-45.916200,GOES-19,2026-08-11 16:30:00
-10.226500,-45.916200,GOES-19,2026-08-11 16:40:00
-10.226500,-45.916200,GOES-19,2026-08-11 16:50:00
-10.226500,-45.916200,GOES-19,2026-08-11 17:00:00
-10.226500,-45.916200,GOES-19,2026-08-11 17:10:00
-10.226500,-45.916200,GOES-19,2026-08-11 17:20:00
-10.226500,-45.916200,GOES-19,2026-08-11 17:30:00
-10.226500,-45.916200,GOES-19,2026-08-11 17:40:00
-10.226500,-45.916200,GOES-19,2026-08-11 18:40:00
-10.245500,-45.913900,GOES-19,2026-08-11 15:50:00
-10.245500,-45.913900,GOES-19,2026-08-11 16:10:00
-10.245500,-45.913900,GOES-19,2026-08-11 16:40:00
-10.245500,-45.913900,GOES-19,2026-08-11 16:50:00
-10.245500,-45.913900,GOES-19,2026-08-11 17:00:00
-10.245500,-45.913900,GOES-19,2026-08-11 17:10:00
-10.245500,-45.913900,GOES-19,2026-08-11 17:30:00
-10.245500,-45.913900,GOES-19,2026-08-11 18:40:00
-10.207800,-45.895800,GOES-19,2026-08-11 13:50:00
-10.207800,-45.895800,GOES-19,2026-08-11 14:10:00
-10.207800,-45.895800,GOES-19,2026-08-11 14:20:00
-10.207800,-45.895800,GOES-19,2026-08-11 14:30:00
-10.207800,-45.895800,GOES-19,2026-08-11 16:10:00
-10.207800,-45.895800,GOES-19,2026-08-11 16:30:00
-10.207800,-45.895800,GOES-19,2026-08-11 16:40:00
-10.207800,-45.895800,GOES-19,2026-08-11 16:50:00
-10.207800,-45.895800,GOES-19,2026-08-11 17:00:00
-10.207800,-45.895800,GOES-19,2026-08-11 17:10:00
-10.207800,-45.895800,GOES-19,2026-08-11 17:20:00
-10.207800,-45.895800,GOES-19,2026-08-11 17:30:00
-10.207800,-45.895800,GOES-19,2026-08-11 17:40:00
-10.207800,-45.895800,GOES-19,2026-08-11 18:40:00
-10.226800,-45.893500,GOES-19,2026-08-11 13:50:00
-10.226800,-45.893500,GOES-19,2026-08-11 14:10:00
-10.226800,-45.893500,GOES-19,2026-08-11 15:50:00
-10.226800,-45.893500,GOES-19,2026-08-11 16:00:00
-10.226800,-45.893500,GOES-19,2026-08-11 16:10:00
-10.226800,-45.893500,GOES-19,2026-08-11 16:20:00
-10.226800,-45.893500,GOES-19,2026-08-11 16:30:00
-10.226800,-45.893500,GOES-19,2026-08-11 16:40:00
-10.226800,-45.893500,GOES-19,2026-08-11 16:50:00
-10.226800,-45.893500,GOES-19,2026-08-11 17:00:00
-10.226800,-45.893500,GOES-19,2026-08-11 17:10:00
-10.226800,-45.893500,GOES-19,2026-08-11 17:30:00
-10.226800,-45.893500,GOES-19,2026-08-11 18:40:00
-10.245800,-45.891200,GOES-19,2026-08-11 13:50:00
-10.245800,-45.891200,GOES-19,2026-08-11 14:10:00
-10.245800,-45.891200,GOES-19,2026-08-11 15:50:00
-10.245800,-45.891200,GOES-19,2026-08-11 17:30:00
-10.245800,-45.891200,GOES-19,2026-08-11 18:40:00
-10.208100,-45.873100,GOES-19,2026-08-11 13:10:00
-10.208100,-45.873100,GOES-19,2026-08-11 13:20:00
-10.208100,-45.873100,GOES-19,2026-08-11 13:30:00
-10.208100,-45.873100,GOES-19,2026-08-11 13:40:00
-10.208100,-45.873100,GOES-19,2026-08-11 13:50:00
-10.208100,-45.873100,GOES-19,2026-08-11 14:00:00
-10.208100,-45.873100,GOES-19,2026-08-11 14:10:00
-10.208100,-45.873100,GOES-19,2026-08-11 14:20:00
-10.208100,-45.873100,GOES-19,2026-08-11 14:30:00
-10.208100,-45.873100,GOES-19,2026-08-11 15:50:00
-10.208100,-45.873100,GOES-19,2026-08-11 16:00:00
-10.208100,-45.873100,GOES-19,2026-08-11 16:10:00
-10.208100,-45.873100,GOES-19,2026-08-11 16:20:00
-10.208100,-45.873100,GOES-19,2026-08-11 16:30:00
-10.208100,-45.873100,GOES-19,2026-08-11 16:40:00
-10.208100,-45.873100,GOES-19,2026-08-11 16:50:00
-10.208100,-45.873100,GOES-19,2026-08-11 17:00:00
-10.208100,-45.873100,GOES-19,2026-08-11 17:10:00
-10.208100,-45.873100,GOES-19,2026-08-11 17:30:00
-10.208100,-45.873100,GOES-19,2026-08-11 17:40:00
-10.208100,-45.873100,GOES-19,2026-08-11 18:40:00
-10.227100,-45.870800,GOES-19,2026-08-11 13:50:00
-10.227100,-45.870800,GOES-19,2026-08-11 14:10:00
-10.227100,-45.870800,GOES-19,2026-08-11 15:50:00
-10.227100,-45.870800,GOES-19,2026-08-11 16:00:00
-10.227100,-45.870800,GOES-19,2026-08-11 16:10:00
-10.227100,-45.870800,GOES-19,2026-08-11 16:20:00
-10.227100,-45.870800,GOES-19,2026-08-11 16:30:00
-10.227100,-45.870800,GOES-19,2026-08-11 16:40:00
-10.227100,-45.870800,GOES-19,2026-08-11 16:50:00
-10.227100,-45.870800,GOES-19,2026-08-11 17:00:00
-10.227100,-45.870800,GOES-19,2026-08-11 17:10:00
-10.227100,-45.870800,GOES-19,2026-08-11 17:30:00
-10.227100,-45.870800,GOES-19,2026-08-11 18:40:00
-10.246200,-45.868400,GOES-19,2026-08-11 13:50:00
-10.246200,-45.868400,GOES-19,2026-08-11 14:10:00
-10.208500,-45.850400,GOES-19,2026-08-11 13:30:00
-10.208500,-45.850400,GOES-19,2026-08-11 15:50:00
-10.208500,-45.850400,GOES-19,2026-08-11 16:00:00
-10.208500,-45.850400,GOES-19,2026-08-11 16:10:00
-10.208500,-45.850400,GOES-19,2026-08-11 16:20:00
-10.208500,-45.850400,GOES-19,2026-08-11 16:30:00
-10.208500,-45.850400,GOES-19,2026-08-11 16:40:00
-10.208500,-45.850400,GOES-19,2026-08-11 16:50:00
-10.208500,-45.850400,GOES-19,2026-08-11 17:20:00
-10.227500,-45.848100,GOES-19,2026-08-11 13:50:00
-10.227500,-45.848100,GOES-19,2026-08-11 14:10:00
-10.227500,-45.848100,GOES-19,2026-08-11 15:50:00
-10.227500,-45.848100,GOES-19,2026-08-11 16:00:00
-10.227500,-45.848100,GOES-19,2026-08-11 16:10:00
-10.227500,-45.848100,GOES-19,2026-08-11 16:20:00
-10.227500,-45.848100,GOES-19,2026-08-11 16:30:00
-10.227500,-45.848100,GOES-19,2026-08-11 16:40:00
-10.227500,-45.848100,GOES-19,2026-08-11 16:50:00
-10.208800,-45.827700,GOES-19,2026-08-11 16:00:00
-10.208800,-45.827700,GOES-19,2026-08-11 16:10:00
-10.208800,-45.827700,GOES-19,2026-08-11 16:20:00
-10.208800,-45.827700,GOES-19,2026-08-11 16:30:00
-10.208800,-45.827700,GOES-19,2026-08-11 16:40:00
-10.208800,-45.827700,GOES-19,2026-08-11 16:50:00
-10.208800,-45.827700,GOES-19,2026-08-11 17:00:00
-10.208800,-45.827700,GOES-19,2026-08-11 17:20:00
-10.208800,-45.827700,GOES-19,2026-08-11 17:30:00
-10.208800,-45.827700,GOES-19,2026-08-11 17:40:00
-10.227800,-45.825300,GOES-19,2026-08-11 16:00:00
-10.227800,-45.825300,GOES-19,2026-08-11 16:10:00
-10.227800,-45.825300,GOES-19,2026-08-11 16:20:00
-10.227800,-45.825300,GOES-19,2026-08-11 16:30:00
-10.227800,-45.825300,GOES-19,2026-08-11 16:40:00
-10.227800,-45.825300,GOES-19,2026-08-11 16:50:00
-10.209200,-45.805000,GOES-19,2026-08-11 15:50:00
-10.209200,-45.805000,GOES-19,2026-08-11 16:00:00
-10.209200,-45.805000,GOES-19,2026-08-11 16:10:00
-10.209200,-45.805000,GOES-19,2026-08-11 16:20:00
-10.209200,-45.805000,GOES-19,2026-08-11 16:30:00
-10.209200,-45.805000,GOES-19,2026-08-11 16:40:00
-10.209200,-45.805000,GOES-19,2026-08-11 16:50:00
-10.209200,-45.805000,GOES-19,2026-08-11 17:00:00
-10.209200,-45.805000,GOES-19,2026-08-11 17:30:00
-10.228200,-45.802600,GOES-19,2026-08-11 16:00:00
-10.228200,-45.802600,GOES-19,2026-08-11 16:10:00
-10.228200,-45.802600,GOES-19,2026-08-11 16:20:00
-10.228200,-45.802600,GOES-19,2026-08-11 16:30:00
-10.228200,-45.802600,GOES-19,2026-08-11 16:40:00
-10.228200,-45.802600,GOES-19,2026-08-11 16:50:00
-11.028600,-45.699300,GOES-19,2026-08-11 15:50:00
-11.028600,-45.699300,GOES-19,2026-08-11 17:40:00
-11.029000,-45.676500,GOES-19,2026-08-11 15:50:00
-11.029000,-45.676500,GOES-19,2026-08-11 16:00:00
-11.029000,-45.676500,GOES-19,2026-08-11 16:10:00
-11.029000,-45.676500,GOES-19,2026-08-11 16:20:00
-11.029000,-45.676500,GOES-19,2026-08-11 16:50:00
-11.029000,-45.676500,GOES-19,2026-08-11 17:10:00
-11.029000,-45.676500,GOES-19,2026-08-11 17:40:00
-11.010300,-45.656200,GOES-19,2026-08-11 13:30:00
-11.010300,-45.656200,GOES-19,2026-08-11 13:40:00
-11.010300,-45.656200,GOES-19,2026-08-11 13:50:00
-11.010300,-45.656200,GOES-19,2026-08-11 14:00:00
-11.010300,-45.656200,GOES-19,2026-08-11 14:10:00
-11.010300,-45.656200,GOES-19,2026-08-11 14:20:00
-11.010300,-45.656200,GOES-19,2026-08-11 14:30:00
-11.010300,-45.656200,GOES-19,2026-08-11 15:50:00
-11.010300,-45.656200,GOES-19,2026-08-11 16:00:00
-11.010300,-45.656200,GOES-19,2026-08-11 17:40:00
-10.077100,-45.753100,GOES-19,2026-08-11 18:30:00
-17.995600,-44.354500,GOES-19,2026-08-11 16:20:00
-10.077400,-45.730300,GOES-19,2026-08-11 15:50:00
-12.469900,-45.353900,GOES-19,2026-08-11 00:50:00
-12.469900,-45.353900,GOES-19,2026-08-11 01:00:00
-12.469900,-45.353900,GOES-19,2026-08-11 01:10:00
-12.469900,-45.353900,GOES-19,2026-08-11 01:30:00
-12.469900,-45.353900,GOES-19,2026-08-11 03:50:00
-12.489200,-45.351000,GOES-19,2026-08-11 01:00:00
-12.489200,-45.351000,GOES-19,2026-08-11 01:10:00
-12.489200,-45.351000,GOES-19,2026-08-11 01:30:00
-12.489200,-45.351000,GOES-19,2026-08-11 03:50:00
-9.850500,-45.689700,GOES-19,2026-08-11 15:50:00
-9.850500,-45.689700,GOES-19,2026-08-11 16:10:00
-9.850500,-45.689700,GOES-19,2026-08-11 17:40:00
-12.451100,-45.333800,GOES-19,2026-08-11 00:00:00
-12.451100,-45.333800,GOES-19,2026-08-11 00:10:00
-12.451100,-45.333800,GOES-19,2026-08-11 00:50:00
-12.451100,-45.333800,GOES-19,2026-08-11 01:00:00
-12.451100,-45.333800,GOES-19,2026-08-11 01:10:00
-12.451100,-45.333800,GOES-19,2026-08-11 01:30:00
-12.470300,-45.330800,GOES-19,2026-08-11 00:00:00
-12.470300,-45.330800,GOES-19,2026-08-11 00:10:00
-12.470300,-45.330800,GOES-19,2026-08-11 00:50:00
-12.470300,-45.330800,GOES-19,2026-08-11 01:00:00
-12.470300,-45.330800,GOES-19,2026-08-11 01:10:00
-12.470300,-45.330800,GOES-19,2026-08-11 01:30:00
-12.470300,-45.330800,GOES-19,2026-08-11 03:50:00
-12.489600,-45.327800,GOES-19,2026-08-11 00:00:00
-12.489600,-45.327800,GOES-19,2026-08-11 00:10:00
-12.489600,-45.327800,GOES-19,2026-08-11 00:50:00
-12.489600,-45.327800,GOES-19,2026-08-11 01:00:00
-12.489600,-45.327800,GOES-19,2026-08-11 01:10:00
-12.489600,-45.327800,GOES-19,2026-08-11 01:30:00
-12.489600,-45.327800,GOES-19,2026-08-11 03:50:00
-10.821600,-45.544400,GOES-19,2026-08-11 16:30:00
-10.821600,-45.544400,GOES-19,2026-08-11 17:20:00
-12.451500,-45.310700,GOES-19,2026-08-11 00:00:00
-12.451500,-45.310700,GOES-19,2026-08-11 00:10:00
-12.451500,-45.310700,GOES-19,2026-08-11 00:50:00
-12.470800,-45.307700,GOES-19,2026-08-11 00:00:00
-12.470800,-45.307700,GOES-19,2026-08-11 00:10:00
-12.470800,-45.307700,GOES-19,2026-08-11 00:50:00
-12.470800,-45.307700,GOES-19,2026-08-11 01:00:00
-12.470800,-45.307700,GOES-19,2026-08-11 01:10:00
-12.470800,-45.307700,GOES-19,2026-08-11 01:30:00
-12.470800,-45.307700,GOES-19,2026-08-11 03:50:00
-12.490000,-45.304700,GOES-19,2026-08-11 00:00:00
-12.490000,-45.304700,GOES-19,2026-08-11 00:10:00
-12.490000,-45.304700,GOES-19,2026-08-11 00:50:00
-12.490000,-45.304700,GOES-19,2026-08-11 01:00:00
-12.490000,-45.304700,GOES-19,2026-08-11 01:10:00
-12.490000,-45.304700,GOES-19,2026-08-11 01:30:00
-12.490000,-45.304700,GOES-19,2026-08-11 03:50:00
-12.509300,-45.301700,GOES-19,2026-08-11 03:50:00
-12.490500,-45.281600,GOES-19,2026-08-11 00:00:00
-12.490500,-45.281600,GOES-19,2026-08-11 00:10:00
-12.490500,-45.281600,GOES-19,2026-08-11 00:50:00
-12.490500,-45.281600,GOES-19,2026-08-11 01:00:00
-12.490500,-45.281600,GOES-19,2026-08-11 01:10:00
-12.490500,-45.281600,GOES-19,2026-08-11 03:50:00
-12.509800,-45.278600,GOES-19,2026-08-11 03:50:00
-6.480900,-45.684600,GOES-19,2026-08-11 16:10:00
-6.480900,-45.684600,GOES-19,2026-08-11 17:10:00
-6.480900,-45.684600,GOES-19,2026-08-11 17:20:00
-6.480900,-45.684600,GOES-19,2026-08-11 17:30:00
-9.551800,-45.383900,GOES-19,2026-08-11 17:00:00
-9.551800,-45.383900,GOES-19,2026-08-11 17:40:00
-11.075600,-45.166400,GOES-19,2026-08-11 16:00:00
-11.075600,-45.166400,GOES-19,2026-08-11 16:10:00
-11.075600,-45.166400,GOES-19,2026-08-11 17:00:00
-11.075600,-45.166400,GOES-19,2026-08-11 17:30:00
-11.075600,-45.166400,GOES-19,2026-08-11 17:40:00
-11.075600,-45.166400,GOES-19,2026-08-11 18:00:00
-11.075600,-45.166400,GOES-19,2026-08-11 18:20:00
-6.390000,-45.398700,GOES-19,2026-08-11 13:20:00
-6.390000,-45.398700,GOES-19,2026-08-11 14:20:00
-11.252900,-44.841900,GOES-19,2026-08-11 16:40:00
-7.912500,-45.173700,GOES-19,2026-08-11 16:20:00
-7.912800,-45.150900,GOES-19,2026-08-11 16:30:00
-7.912800,-45.150900,GOES-19,2026-08-11 16:40:00
-7.912800,-45.150900,GOES-19,2026-08-11 16:50:00
-7.912800,-45.150900,GOES-19,2026-08-11 17:10:00
-7.912800,-45.150900,GOES-19,2026-08-11 17:20:00
-7.912800,-45.150900,GOES-19,2026-08-11 17:30:00
-7.912800,-45.150900,GOES-19,2026-08-11 17:40:00
-6.466300,-45.256900,GOES-19,2026-08-11 16:40:00
-7.894200,-45.129900,GOES-19,2026-08-11 17:20:00
-7.894200,-45.129900,GOES-19,2026-08-11 17:40:00
-7.894200,-45.129900,GOES-19,2026-08-11 17:50:00
-7.894200,-45.129900,GOES-19,2026-08-11 18:00:00
-7.894200,-45.129900,GOES-19,2026-08-11 18:10:00
-7.894200,-45.129900,GOES-19,2026-08-11 18:20:00
-7.894200,-45.129900,GOES-19,2026-08-11 18:30:00
-7.894200,-45.129900,GOES-19,2026-08-11 18:40:00
-7.894200,-45.129900,GOES-19,2026-08-11 18:50:00
-7.913100,-45.128100,GOES-19,2026-08-11 14:00:00
-7.913100,-45.128100,GOES-19,2026-08-11 14:20:00
-7.913100,-45.128100,GOES-19,2026-08-11 15:50:00
-7.913100,-45.128100,GOES-19,2026-08-11 16:10:00
-7.913100,-45.128100,GOES-19,2026-08-11 16:20:00
-7.913100,-45.128100,GOES-19,2026-08-11 16:30:00
-7.913100,-45.128100,GOES-19,2026-08-11 16:40:00
-7.913100,-45.128100,GOES-19,2026-08-11 16:50:00
-7.913100,-45.128100,GOES-19,2026-08-11 17:00:00
-7.913100,-45.128100,GOES-19,2026-08-11 17:10:00
-7.913100,-45.128100,GOES-19,2026-08-11 17:20:00
-7.913100,-45.128100,GOES-19,2026-08-11 17:30:00
-7.913100,-45.128100,GOES-19,2026-08-11 17:40:00
-7.931900,-45.126200,GOES-19,2026-08-11 13:50:00
-7.931900,-45.126200,GOES-19,2026-08-11 14:00:00
-7.931900,-45.126200,GOES-19,2026-08-11 14:10:00
-7.931900,-45.126200,GOES-19,2026-08-11 14:20:00
-7.931900,-45.126200,GOES-19,2026-08-11 14:30:00
-6.466500,-45.234200,GOES-19,2026-08-11 16:40:00
-6.466500,-45.234200,GOES-19,2026-08-11 17:30:00
-7.913300,-45.105300,GOES-19,2026-08-11 14:00:00
-7.913300,-45.105300,GOES-19,2026-08-11 14:10:00
-7.932200,-45.103400,GOES-19,2026-08-11 13:50:00
-7.932200,-45.103400,GOES-19,2026-08-11 14:00:00
-7.932200,-45.103400,GOES-19,2026-08-11 14:10:00
-7.932200,-45.103400,GOES-19,2026-08-11 14:20:00
-6.900500,-44.948300,GOES-19,2026-08-11 14:30:00
-9.069000,-44.730500,GOES-19,2026-08-11 15:50:00
-9.069000,-44.730500,GOES-19,2026-08-11 16:10:00
-8.086100,-44.836800,GOES-19,2026-08-11 18:10:00
-8.086100,-44.836800,GOES-19,2026-08-11 18:20:00
-8.086100,-44.836800,GOES-19,2026-08-11 18:30:00
-6.544000,-43.131300,GOES-19,2026-08-11 14:00:00
-6.544000,-43.131300,GOES-19,2026-08-11 14:10:00
-6.544000,-43.131300,GOES-19,2026-08-11 14:20:00
-6.544000,-43.131300,GOES-19,2026-08-11 14:30:00
-6.544300,-43.107800,GOES-19,2026-08-11 13:00:00
-6.544300,-43.107800,GOES-19,2026-08-11 13:30:00
-6.544300,-43.107800,GOES-19,2026-08-11 13:40:00
-6.544300,-43.107800,GOES-19,2026-08-11 13:50:00
-6.544300,-43.107800,GOES-19,2026-08-11 14:00:00
-6.544300,-43.107800,GOES-19,2026-08-11 14:10:00
-6.544300,-43.107800,GOES-19,2026-08-11 14:20:00
-6.544300,-43.107800,GOES-19,2026-08-11 14:30:00
-7.713200,-40.021200,GOES-19,2026-08-11 18:10:00
-7.713200,-40.021200,GOES-19,2026-08-11 18:30:00
-2.973100,-65.177500,GOES-19,2026-08-11 17:50:00
-3.356100,-64.877300,GOES-19,2026-08-11 16:30:00
-3.345000,-61.517300,GOES-19,2026-08-11 17:40:00
-3.345000,-61.517300,GOES-19,2026-08-11 17:50:00
-3.345000,-61.517300,GOES-19,2026-08-11 18:00:00
-3.309100,-61.272500,GOES-19,2026-08-11 15:50:00
-3.857400,-61.205600,GOES-19,2026-08-11 16:00:00
-1.813100,-61.141200,GOES-19,2026-08-11 18:20:00
-9.758400,-60.764500,GOES-19,2026-08-11 15:50:00
-9.777100,-60.763500,GOES-19,2026-08-11 16:20:00
-9.777100,-60.763500,GOES-19,2026-08-11 16:30:00
-9.777100,-60.763500,GOES-19,2026-08-11 16:40:00
-11.538100,-60.642600,GOES-19,2026-08-11 16:00:00
-8.941100,-60.575100,GOES-19,2026-08-11 01:00:00
-8.959700,-60.574200,GOES-19,2026-08-11 00:50:00
-8.959700,-60.574200,GOES-19,2026-08-11 01:00:00
-8.959700,-60.574200,GOES-19,2026-08-11 01:10:00
-8.959700,-60.574200,GOES-19,2026-08-11 01:20:00
-8.959700,-60.574200,GOES-19,2026-08-11 01:30:00
-8.959700,-60.574200,GOES-19,2026-08-11 01:40:00
-8.959700,-60.574200,GOES-19,2026-08-11 01:50:00
-8.959700,-60.574200,GOES-19,2026-08-11 02:00:00
-8.959700,-60.574200,GOES-19,2026-08-11 02:10:00
-8.959700,-60.574200,GOES-19,2026-08-11 02:20:00
-8.959700,-60.574200,GOES-19,2026-08-11 02:30:00
-8.959700,-60.574200,GOES-19,2026-08-11 03:20:00
-8.941200,-60.555900,GOES-19,2026-08-11 00:50:00
-8.941200,-60.555900,GOES-19,2026-08-11 01:00:00
-8.941200,-60.555900,GOES-19,2026-08-11 01:10:00
-8.941200,-60.555900,GOES-19,2026-08-11 01:20:00
-8.941200,-60.555900,GOES-19,2026-08-11 01:30:00
-8.941200,-60.555900,GOES-19,2026-08-11 01:40:00
-8.941200,-60.555900,GOES-19,2026-08-11 01:50:00
-8.941200,-60.555900,GOES-19,2026-08-11 02:00:00
-8.941200,-60.555900,GOES-19,2026-08-11 02:10:00
-8.941200,-60.555900,GOES-19,2026-08-11 02:20:00
-8.941200,-60.555900,GOES-19,2026-08-11 02:30:00
-8.941200,-60.555900,GOES-19,2026-08-11 02:40:00
-8.941200,-60.555900,GOES-19,2026-08-11 02:50:00
-8.941200,-60.555900,GOES-19,2026-08-11 03:00:00
-8.941200,-60.555900,GOES-19,2026-08-11 03:30:00
-8.941200,-60.555900,GOES-19,2026-08-11 03:40:00
-8.941200,-60.555900,GOES-19,2026-08-11 03:50:00
-8.941200,-60.555900,GOES-19,2026-08-11 06:00:00
-8.941200,-60.555900,GOES-19,2026-08-11 07:00:00
-8.941200,-60.555900,GOES-19,2026-08-11 07:10:00
-8.941200,-60.555900,GOES-19,2026-08-11 23:30:00
-8.959800,-60.555000,GOES-19,2026-08-11 00:50:00
-8.959800,-60.555000,GOES-19,2026-08-11 01:00:00
-8.959800,-60.555000,GOES-19,2026-08-11 01:10:00
-8.959800,-60.555000,GOES-19,2026-08-11 01:20:00
-8.959800,-60.555000,GOES-19,2026-08-11 01:30:00
-8.959800,-60.555000,GOES-19,2026-08-11 01:40:00
-8.959800,-60.555000,GOES-19,2026-08-11 01:50:00
-8.959800,-60.555000,GOES-19,2026-08-11 02:00:00
-8.959800,-60.555000,GOES-19,2026-08-11 02:10:00
-8.959800,-60.555000,GOES-19,2026-08-11 02:20:00
-8.959800,-60.555000,GOES-19,2026-08-11 02:30:00
-8.959800,-60.555000,GOES-19,2026-08-11 02:40:00
-8.959800,-60.555000,GOES-19,2026-08-11 02:50:00
-8.959800,-60.555000,GOES-19,2026-08-11 03:00:00
-8.959800,-60.555000,GOES-19,2026-08-11 03:10:00
-8.959800,-60.555000,GOES-19,2026-08-11 03:20:00
-8.959800,-60.555000,GOES-19,2026-08-11 03:30:00
-8.959800,-60.555000,GOES-19,2026-08-11 03:40:00
-8.959800,-60.555000,GOES-19,2026-08-11 03:50:00
-8.959800,-60.555000,GOES-19,2026-08-11 04:00:00
-8.959800,-60.555000,GOES-19,2026-08-11 04:10:00
-8.959800,-60.555000,GOES-19,2026-08-11 04:20:00
-8.959800,-60.555000,GOES-19,2026-08-11 04:30:00
-8.959800,-60.555000,GOES-19,2026-08-11 04:40:00
-8.959800,-60.555000,GOES-19,2026-08-11 04:50:00
-8.959800,-60.555000,GOES-19,2026-08-11 05:00:00
-8.959800,-60.555000,GOES-19,2026-08-11 05:20:00
-8.959800,-60.555000,GOES-19,2026-08-11 05:50:00
-8.959800,-60.555000,GOES-19,2026-08-11 06:00:00
-8.959800,-60.555000,GOES-19,2026-08-11 07:00:00
-8.959800,-60.555000,GOES-19,2026-08-11 07:10:00
-8.959800,-60.555000,GOES-19,2026-08-11 14:30:00
-8.959800,-60.555000,GOES-19,2026-08-11 22:50:00
-8.959800,-60.555000,GOES-19,2026-08-11 23:10:00
-8.959800,-60.555000,GOES-19,2026-08-11 23:30:00
-8.941400,-60.536700,GOES-19,2026-08-11 00:50:00
-8.941400,-60.536700,GOES-19,2026-08-11 01:00:00
-8.941400,-60.536700,GOES-19,2026-08-11 01:10:00
-8.941400,-60.536700,GOES-19,2026-08-11 01:20:00
-8.941400,-60.536700,GOES-19,2026-08-11 01:30:00
-8.941400,-60.536700,GOES-19,2026-08-11 01:40:00
-8.941400,-60.536700,GOES-19,2026-08-11 01:50:00
-8.941400,-60.536700,GOES-19,2026-08-11 02:00:00
-8.941400,-60.536700,GOES-19,2026-08-11 02:10:00
-8.941400,-60.536700,GOES-19,2026-08-11 02:20:00
-8.941400,-60.536700,GOES-19,2026-08-11 02:30:00
-8.941400,-60.536700,GOES-19,2026-08-11 02:40:00
-8.941400,-60.536700,GOES-19,2026-08-11 02:50:00
-8.941400,-60.536700,GOES-19,2026-08-11 03:00:00
-8.941400,-60.536700,GOES-19,2026-08-11 03:10:00
-8.941400,-60.536700,GOES-19,2026-08-11 03:20:00
-8.941400,-60.536700,GOES-19,2026-08-11 03:30:00
-8.941400,-60.536700,GOES-19,2026-08-11 03:40:00
-8.941400,-60.536700,GOES-19,2026-08-11 03:50:00
-8.941400,-60.536700,GOES-19,2026-08-11 04:00:00
-8.941400,-60.536700,GOES-19,2026-08-11 04:10:00
-8.941400,-60.536700,GOES-19,2026-08-11 04:20:00
-8.941400,-60.536700,GOES-19,2026-08-11 04:30:00
-8.941400,-60.536700,GOES-19,2026-08-11 04:40:00
-8.941400,-60.536700,GOES-19,2026-08-11 04:50:00
-8.941400,-60.536700,GOES-19,2026-08-11 05:00:00
-8.941400,-60.536700,GOES-19,2026-08-11 05:20:00
-8.941400,-60.536700,GOES-19,2026-08-11 05:50:00
-8.941400,-60.536700,GOES-19,2026-08-11 06:00:00
-8.941400,-60.536700,GOES-19,2026-08-11 07:00:00
-8.941400,-60.536700,GOES-19,2026-08-11 07:10:00
-8.941400,-60.536700,GOES-19,2026-08-11 14:30:00
-8.941400,-60.536700,GOES-19,2026-08-11 22:50:00
-8.941400,-60.536700,GOES-19,2026-08-11 23:10:00
-8.941400,-60.536700,GOES-19,2026-08-11 23:30:00
-8.960000,-60.535800,GOES-19,2026-08-11 00:50:00
-8.960000,-60.535800,GOES-19,2026-08-11 01:00:00
-8.960000,-60.535800,GOES-19,2026-08-11 01:10:00
-8.960000,-60.535800,GOES-19,2026-08-11 01:20:00
-8.960000,-60.535800,GOES-19,2026-08-11 01:30:00
-8.960000,-60.535800,GOES-19,2026-08-11 01:40:00
-8.960000,-60.535800,GOES-19,2026-08-11 01:50:00
-8.960000,-60.535800,GOES-19,2026-08-11 02:00:00
-8.960000,-60.535800,GOES-19,2026-08-11 02:10:00
-8.960000,-60.535800,GOES-19,2026-08-11 02:20:00
-8.960000,-60.535800,GOES-19,2026-08-11 02:30:00
-8.960000,-60.535800,GOES-19,2026-08-11 02:40:00
-8.960000,-60.535800,GOES-19,2026-08-11 02:50:00
-8.960000,-60.535800,GOES-19,2026-08-11 03:00:00
-8.960000,-60.535800,GOES-19,2026-08-11 03:10:00
-8.960000,-60.535800,GOES-19,2026-08-11 03:20:00
-8.960000,-60.535800,GOES-19,2026-08-11 03:30:00
-8.960000,-60.535800,GOES-19,2026-08-11 03:40:00
-8.960000,-60.535800,GOES-19,2026-08-11 03:50:00
-8.960000,-60.535800,GOES-19,2026-08-11 04:00:00
-8.960000,-60.535800,GOES-19,2026-08-11 04:10:00
-8.960000,-60.535800,GOES-19,2026-08-11 04:20:00
-8.960000,-60.535800,GOES-19,2026-08-11 04:30:00
-8.960000,-60.535800,GOES-19,2026-08-11 04:40:00
-8.960000,-60.535800,GOES-19,2026-08-11 04:50:00
-8.960000,-60.535800,GOES-19,2026-08-11 05:00:00
-8.960000,-60.535800,GOES-19,2026-08-11 05:20:00
-8.960000,-60.535800,GOES-19,2026-08-11 05:50:00
-8.960000,-60.535800,GOES-19,2026-08-11 06:00:00
-8.960000,-60.535800,GOES-19,2026-08-11 07:00:00
-8.960000,-60.535800,GOES-19,2026-08-11 07:10:00
-8.960000,-60.535800,GOES-19,2026-08-11 14:30:00
-8.960000,-60.535800,GOES-19,2026-08-11 22:50:00
-8.960000,-60.535800,GOES-19,2026-08-11 23:10:00
-8.960000,-60.535800,GOES-19,2026-08-11 23:30:00
-8.978500,-60.534900,GOES-19,2026-08-11 01:00:00
-8.978500,-60.534900,GOES-19,2026-08-11 22:50:00
-8.978500,-60.534900,GOES-19,2026-08-11 23:10:00
-8.978500,-60.534900,GOES-19,2026-08-11 23:30:00
-8.941500,-60.517400,GOES-19,2026-08-11 00:50:00
-8.941500,-60.517400,GOES-19,2026-08-11 01:00:00
-8.941500,-60.517400,GOES-19,2026-08-11 01:10:00
-8.941500,-60.517400,GOES-19,2026-08-11 01:20:00
-8.941500,-60.517400,GOES-19,2026-08-11 01:30:00
-8.941500,-60.517400,GOES-19,2026-08-11 01:40:00
-8.941500,-60.517400,GOES-19,2026-08-11 01:50:00
-8.941500,-60.517400,GOES-19,2026-08-11 02:00:00
-8.941500,-60.517400,GOES-19,2026-08-11 02:10:00
-8.941500,-60.517400,GOES-19,2026-08-11 02:20:00
-8.941500,-60.517400,GOES-19,2026-08-11 02:30:00
-8.941500,-60.517400,GOES-19,2026-08-11 02:40:00
-8.941500,-60.517400,GOES-19,2026-08-11 02:50:00
-8.941500,-60.517400,GOES-19,2026-08-11 03:00:00
-8.941500,-60.517400,GOES-19,2026-08-11 03:10:00
-8.941500,-60.517400,GOES-19,2026-08-11 03:20:00
-8.941500,-60.517400,GOES-19,2026-08-11 03:30:00
-8.941500,-60.517400,GOES-19,2026-08-11 03:40:00
-8.941500,-60.517400,GOES-19,2026-08-11 03:50:00
-8.941500,-60.517400,GOES-19,2026-08-11 04:00:00
-8.941500,-60.517400,GOES-19,2026-08-11 04:10:00
-8.941500,-60.517400,GOES-19,2026-08-11 04:20:00
-8.941500,-60.517400,GOES-19,2026-08-11 04:30:00
-8.941500,-60.517400,GOES-19,2026-08-11 04:40:00
-8.941500,-60.517400,GOES-19,2026-08-11 04:50:00
-8.941500,-60.517400,GOES-19,2026-08-11 05:00:00
-8.941500,-60.517400,GOES-19,2026-08-11 05:20:00
-8.941500,-60.517400,GOES-19,2026-08-11 05:50:00
-8.941500,-60.517400,GOES-19,2026-08-11 06:00:00
-8.941500,-60.517400,GOES-19,2026-08-11 07:00:00
-8.941500,-60.517400,GOES-19,2026-08-11 07:10:00
-8.941500,-60.517400,GOES-19,2026-08-11 14:30:00
-8.941500,-60.517400,GOES-19,2026-08-11 22:50:00
-8.941500,-60.517400,GOES-19,2026-08-11 23:10:00
-8.941500,-60.517400,GOES-19,2026-08-11 23:30:00
-8.960100,-60.516500,GOES-19,2026-08-11 00:50:00
-8.960100,-60.516500,GOES-19,2026-08-11 01:00:00
-8.960100,-60.516500,GOES-19,2026-08-11 01:10:00
-8.960100,-60.516500,GOES-19,2026-08-11 01:20:00
-8.960100,-60.516500,GOES-19,2026-08-11 01:30:00
-8.960100,-60.516500,GOES-19,2026-08-11 01:40:00
-8.960100,-60.516500,GOES-19,2026-08-11 01:50:00
-8.960100,-60.516500,GOES-19,2026-08-11 02:00:00
-8.960100,-60.516500,GOES-19,2026-08-11 02:10:00
-8.960100,-60.516500,GOES-19,2026-08-11 02:20:00
-8.960100,-60.516500,GOES-19,2026-08-11 02:30:00
-13.795200,-49.661400,GOES-19,2026-08-11 18:10:00
-8.960100,-60.516500,GOES-19,2026-08-11 02:40:00
-8.960100,-60.516500,GOES-19,2026-08-11 02:50:00
-8.960100,-60.516500,GOES-19,2026-08-11 03:00:00
-8.960100,-60.516500,GOES-19,2026-08-11 03:10:00
-8.960100,-60.516500,GOES-19,2026-08-11 03:20:00
-8.960100,-60.516500,GOES-19,2026-08-11 03:30:00
-8.960100,-60.516500,GOES-19,2026-08-11 03:40:00
-8.960100,-60.516500,GOES-19,2026-08-11 03:50:00
-8.960100,-60.516500,GOES-19,2026-08-11 04:00:00
-8.960100,-60.516500,GOES-19,2026-08-11 04:10:00
-8.960100,-60.516500,GOES-19,2026-08-11 04:20:00
-8.960100,-60.516500,GOES-19,2026-08-11 04:30:00
-8.960100,-60.516500,GOES-19,2026-08-11 04:40:00
-8.960100,-60.516500,GOES-19,2026-08-11 04:50:00
-8.960100,-60.516500,GOES-19,2026-08-11 05:00:00
-8.960100,-60.516500,GOES-19,2026-08-11 05:20:00
-8.960100,-60.516500,GOES-19,2026-08-11 05:50:00
-8.960100,-60.516500,GOES-19,2026-08-11 06:00:00
-8.960100,-60.516500,GOES-19,2026-08-11 07:00:00
-8.960100,-60.516500,GOES-19,2026-08-11 07:10:00
-8.960100,-60.516500,GOES-19,2026-08-11 14:30:00
-8.960100,-60.516500,GOES-19,2026-08-11 22:50:00
-8.960100,-60.516500,GOES-19,2026-08-11 23:10:00
-8.960100,-60.516500,GOES-19,2026-08-11 23:30:00
-8.941600,-60.498200,GOES-19,2026-08-11 00:50:00
-8.941600,-60.498200,GOES-19,2026-08-11 01:00:00
-8.941600,-60.498200,GOES-19,2026-08-11 01:10:00
-8.941600,-60.498200,GOES-19,2026-08-11 01:20:00
-8.941600,-60.498200,GOES-19,2026-08-11 01:30:00
-8.941600,-60.498200,GOES-19,2026-08-11 01:40:00
-8.941600,-60.498200,GOES-19,2026-08-11 01:50:00
-8.941600,-60.498200,GOES-19,2026-08-11 02:00:00
-8.941600,-60.498200,GOES-19,2026-08-11 02:10:00
-8.941600,-60.498200,GOES-19,2026-08-11 02:20:00
-8.941600,-60.498200,GOES-19,2026-08-11 02:30:00
-8.941600,-60.498200,GOES-19,2026-08-11 02:40:00
-8.941600,-60.498200,GOES-19,2026-08-11 02:50:00
-8.941600,-60.498200,GOES-19,2026-08-11 03:00:00
-8.941600,-60.498200,GOES-19,2026-08-11 03:10:00
-8.941600,-60.498200,GOES-19,2026-08-11 03:20:00
-8.941600,-60.498200,GOES-19,2026-08-11 03:30:00
-8.941600,-60.498200,GOES-19,2026-08-11 03:40:00
-8.941600,-60.498200,GOES-19,2026-08-11 03:50:00
-8.941600,-60.498200,GOES-19,2026-08-11 04:00:00
-8.941600,-60.498200,GOES-19,2026-08-11 04:10:00
-8.941600,-60.498200,GOES-19,2026-08-11 04:20:00
-8.941600,-60.498200,GOES-19,2026-08-11 04:30:00
-8.941600,-60.498200,GOES-19,2026-08-11 04:40:00
-8.941600,-60.498200,GOES-19,2026-08-11 04:50:00
-8.941600,-60.498200,GOES-19,2026-08-11 05:00:00
-8.941600,-60.498200,GOES-19,2026-08-11 05:20:00
-8.941600,-60.498200,GOES-19,2026-08-11 05:50:00
-8.941600,-60.498200,GOES-19,2026-08-11 06:00:00
-8.941600,-60.498200,GOES-19,2026-08-11 07:10:00
-8.941600,-60.498200,GOES-19,2026-08-11 14:30:00
-8.941600,-60.498200,GOES-19,2026-08-11 23:10:00
-8.960200,-60.497300,GOES-19,2026-08-11 00:50:00
-8.960200,-60.497300,GOES-19,2026-08-11 01:00:00
-8.960200,-60.497300,GOES-19,2026-08-11 01:10:00
-8.960200,-60.497300,GOES-19,2026-08-11 01:20:00
-8.960200,-60.497300,GOES-19,2026-08-11 01:30:00
-8.960200,-60.497300,GOES-19,2026-08-11 01:40:00
-8.960200,-60.497300,GOES-19,2026-08-11 01:50:00
-8.960200,-60.497300,GOES-19,2026-08-11 02:00:00
-8.960200,-60.497300,GOES-19,2026-08-11 02:10:00
-8.960200,-60.497300,GOES-19,2026-08-11 02:20:00
-8.960200,-60.497300,GOES-19,2026-08-11 02:30:00
-8.960200,-60.497300,GOES-19,2026-08-11 02:40:00
-8.960200,-60.497300,GOES-19,2026-08-11 02:50:00
-8.960200,-60.497300,GOES-19,2026-08-11 03:00:00
-8.960200,-60.497300,GOES-19,2026-08-11 03:10:00
-8.960200,-60.497300,GOES-19,2026-08-11 03:20:00
-8.960200,-60.497300,GOES-19,2026-08-11 03:30:00
-8.960200,-60.497300,GOES-19,2026-08-11 03:40:00
-8.960200,-60.497300,GOES-19,2026-08-11 03:50:00
-8.960200,-60.497300,GOES-19,2026-08-11 04:00:00
-8.960200,-60.497300,GOES-19,2026-08-11 04:10:00
-8.960200,-60.497300,GOES-19,2026-08-11 04:20:00
-8.960200,-60.497300,GOES-19,2026-08-11 04:30:00
-8.960200,-60.497300,GOES-19,2026-08-11 04:40:00
-8.960200,-60.497300,GOES-19,2026-08-11 04:50:00
-8.960200,-60.497300,GOES-19,2026-08-11 05:00:00
-8.960200,-60.497300,GOES-19,2026-08-11 05:20:00
-8.960200,-60.497300,GOES-19,2026-08-11 05:50:00
-8.960200,-60.497300,GOES-19,2026-08-11 06:00:00
-8.960200,-60.497300,GOES-19,2026-08-11 07:00:00
-8.960200,-60.497300,GOES-19,2026-08-11 07:10:00
-8.960200,-60.497300,GOES-19,2026-08-11 14:30:00
-8.960200,-60.497300,GOES-19,2026-08-11 22:50:00
-8.960200,-60.497300,GOES-19,2026-08-11 23:10:00
-8.960200,-60.497300,GOES-19,2026-08-11 23:30:00
3.091800,-60.480700,GOES-19,2026-08-11 18:30:00
0.191400,-60.487800,GOES-19,2026-08-11 15:50:00
0.191400,-60.487800,GOES-19,2026-08-11 16:10:00
0.191400,-60.487800,GOES-19,2026-08-11 17:50:00
0.191400,-60.487800,GOES-19,2026-08-11 18:10:00
0.191400,-60.487800,GOES-19,2026-08-11 18:50:00
-3.807000,-59.704800,GOES-19,2026-08-11 16:10:00
-3.807000,-59.704800,GOES-19,2026-08-11 16:20:00
-3.807000,-59.704800,GOES-19,2026-08-11 16:30:00
-3.807000,-59.704800,GOES-19,2026-08-11 16:40:00
-3.808300,-59.302700,GOES-19,2026-08-11 16:40:00
-3.808300,-59.302700,GOES-19,2026-08-11 18:20:00
-3.826600,-59.302300,GOES-19,2026-08-11 16:40:00
-3.826600,-59.302300,GOES-19,2026-08-11 16:50:00
-3.826600,-59.302300,GOES-19,2026-08-11 17:30:00
-3.826600,-59.302300,GOES-19,2026-08-11 17:40:00
-3.094800,-59.259900,GOES-19,2026-08-11 16:00:00
-3.156600,-56.839200,GOES-19,2026-08-11 17:10:00
-2.882600,-56.512000,GOES-19,2026-08-11 19:30:00
1.729600,-56.059700,GOES-19,2026-08-11 16:00:00
2.077900,-55.917000,GOES-19,2026-08-11 17:50:00
2.004700,-55.858900,GOES-19,2026-08-11 17:40:00
-11.221800,-54.814300,GOES-19,2026-08-11 16:10:00
-11.221800,-54.814300,GOES-19,2026-08-11 19:20:00
-1.621200,-55.191700,GOES-19,2026-08-11 16:00:00
-11.601300,-54.678200,GOES-19,2026-08-11 19:00:00
-11.601300,-54.678200,GOES-19,2026-08-11 19:10:00
-11.601300,-54.678200,GOES-19,2026-08-11 19:20:00
-11.601300,-54.678200,GOES-19,2026-08-11 19:40:00
-11.620200,-54.676400,GOES-19,2026-08-11 17:50:00
-11.601800,-54.637300,GOES-19,2026-08-11 18:50:00
-15.633000,-54.026700,GOES-19,2026-08-11 19:10:00
-15.633000,-54.026700,GOES-19,2026-08-11 19:40:00
-15.576100,-53.950200,GOES-19,2026-08-11 19:20:00
-14.337500,-54.040900,GOES-19,2026-08-11 19:10:00
-14.337500,-54.040900,GOES-19,2026-08-11 19:20:00
-14.337500,-54.040900,GOES-19,2026-08-11 19:50:00
-14.318600,-54.022300,GOES-19,2026-08-11 18:50:00
-15.460800,-53.881300,GOES-19,2026-08-11 18:30:00
-15.460800,-53.881300,GOES-19,2026-08-11 18:40:00
-14.299600,-54.003800,GOES-19,2026-08-11 18:50:00
-15.442400,-53.820700,GOES-19,2026-08-11 16:40:00
-15.442400,-53.820700,GOES-19,2026-08-11 16:50:00
-15.442400,-53.820700,GOES-19,2026-08-11 17:10:00
-15.442400,-53.820700,GOES-19,2026-08-11 17:20:00
-15.442400,-53.820700,GOES-19,2026-08-11 17:30:00
-15.442400,-53.820700,GOES-19,2026-08-11 17:40:00
-15.442400,-53.820700,GOES-19,2026-08-11 17:50:00
-15.442400,-53.820700,GOES-19,2026-08-11 18:00:00
-15.442400,-53.820700,GOES-19,2026-08-11 18:10:00
-15.442400,-53.820700,GOES-19,2026-08-11 18:20:00
-15.442400,-53.820700,GOES-19,2026-08-11 18:30:00
-15.442400,-53.820700,GOES-19,2026-08-11 18:40:00
-15.461900,-53.818200,GOES-19,2026-08-11 17:00:00
-15.461900,-53.818200,GOES-19,2026-08-11 17:20:00
-15.461900,-53.818200,GOES-19,2026-08-11 17:30:00
-15.461900,-53.818200,GOES-19,2026-08-11 17:40:00
-15.209300,-53.850600,GOES-19,2026-08-11 15:50:00
-15.228800,-53.848100,GOES-19,2026-08-11 15:50:00
-15.228800,-53.848100,GOES-19,2026-08-11 16:40:00
-15.442800,-53.799700,GOES-19,2026-08-11 16:10:00
-15.442800,-53.799700,GOES-19,2026-08-11 16:40:00
-15.442800,-53.799700,GOES-19,2026-08-11 16:50:00
-15.442800,-53.799700,GOES-19,2026-08-11 17:00:00
-15.442800,-53.799700,GOES-19,2026-08-11 17:10:00
-15.442800,-53.799700,GOES-19,2026-08-11 17:20:00
-15.442800,-53.799700,GOES-19,2026-08-11 17:30:00
-15.442800,-53.799700,GOES-19,2026-08-11 17:40:00
-15.442800,-53.799700,GOES-19,2026-08-11 17:50:00
-15.442800,-53.799700,GOES-19,2026-08-11 18:00:00
-15.442800,-53.799700,GOES-19,2026-08-11 18:20:00
-15.442800,-53.799700,GOES-19,2026-08-11 18:30:00
-15.442800,-53.799700,GOES-19,2026-08-11 18:40:00
-15.462300,-53.797200,GOES-19,2026-08-11 17:40:00
-15.462300,-53.797200,GOES-19,2026-08-11 18:40:00
-13.801200,-53.936900,GOES-19,2026-08-11 14:10:00
-13.820400,-53.934700,GOES-19,2026-08-11 14:10:00
-13.801500,-53.916100,GOES-19,2026-08-11 14:10:00
-13.820800,-53.913900,GOES-19,2026-08-11 12:50:00
-13.820800,-53.913900,GOES-19,2026-08-11 13:00:00
-13.820800,-53.913900,GOES-19,2026-08-11 13:20:00
-13.820800,-53.913900,GOES-19,2026-08-11 13:30:00
-13.820800,-53.913900,GOES-19,2026-08-11 13:40:00
-13.820800,-53.913900,GOES-19,2026-08-11 13:50:00
-13.820800,-53.913900,GOES-19,2026-08-11 14:00:00
-13.820800,-53.913900,GOES-19,2026-08-11 14:10:00
-13.820800,-53.913900,GOES-19,2026-08-11 14:20:00
-13.820800,-53.913900,GOES-19,2026-08-11 14:30:00
-13.820800,-53.913900,GOES-19,2026-08-11 16:00:00
-13.820800,-53.913900,GOES-19,2026-08-11 16:10:00
-13.820800,-53.913900,GOES-19,2026-08-11 16:20:00
-13.820800,-53.913900,GOES-19,2026-08-11 16:30:00
-13.820800,-53.913900,GOES-19,2026-08-11 16:40:00
-13.820800,-53.913900,GOES-19,2026-08-11 16:50:00
-13.820800,-53.913900,GOES-19,2026-08-11 17:00:00
-13.820800,-53.913900,GOES-19,2026-08-11 17:10:00
-13.820800,-53.913900,GOES-19,2026-08-11 17:20:00
-13.820800,-53.913900,GOES-19,2026-08-11 17:30:00
-13.840000,-53.911700,GOES-19,2026-08-11 14:10:00
-13.840300,-53.890900,GOES-19,2026-08-11 14:10:00
-13.821100,-53.893100,GOES-19,2026-08-11 14:10:00
-13.841200,-53.828400,GOES-19,2026-08-11 14:20:00
-13.841200,-53.828400,GOES-19,2026-08-11 14:30:00
-13.841200,-53.828400,GOES-19,2026-08-11 18:50:00
-13.841200,-53.828400,GOES-19,2026-08-11 19:20:00
-13.841200,-53.828400,GOES-19,2026-08-11 19:50:00
-13.841200,-53.828400,GOES-19,2026-08-11 20:00:00
-13.841200,-53.828400,GOES-19,2026-08-11 20:10:00
-13.841200,-53.828400,GOES-19,2026-08-11 20:40:00
-13.841200,-53.828400,GOES-19,2026-08-11 20:50:00
-13.860500,-53.826200,GOES-19,2026-08-11 14:20:00
-13.860500,-53.826200,GOES-19,2026-08-11 18:30:00
-13.860500,-53.826200,GOES-19,2026-08-11 18:40:00
-13.860500,-53.826200,GOES-19,2026-08-11 18:50:00
-13.860500,-53.826200,GOES-19,2026-08-11 19:20:00
-13.860500,-53.826200,GOES-19,2026-08-11 19:50:00
-13.860500,-53.826200,GOES-19,2026-08-11 20:00:00
-13.860500,-53.826200,GOES-19,2026-08-11 20:10:00
-13.860500,-53.826200,GOES-19,2026-08-11 20:40:00
-13.860500,-53.826200,GOES-19,2026-08-11 20:50:00
-13.879700,-53.824000,GOES-19,2026-08-11 18:00:00
-13.879700,-53.824000,GOES-19,2026-08-11 18:30:00
-13.879700,-53.824000,GOES-19,2026-08-11 18:40:00
-13.879700,-53.824000,GOES-19,2026-08-11 19:20:00
-13.879700,-53.824000,GOES-19,2026-08-11 19:50:00
-13.879700,-53.824000,GOES-19,2026-08-11 20:00:00
-13.879700,-53.824000,GOES-19,2026-08-11 20:10:00
-13.879700,-53.824000,GOES-19,2026-08-11 20:40:00
-13.879700,-53.824000,GOES-19,2026-08-11 20:50:00
-13.898900,-53.821700,GOES-19,2026-08-11 18:20:00
-13.898900,-53.821700,GOES-19,2026-08-11 18:40:00
-13.898900,-53.821700,GOES-19,2026-08-11 19:20:00
-13.898900,-53.821700,GOES-19,2026-08-11 19:30:00
-13.898900,-53.821700,GOES-19,2026-08-11 19:50:00
-13.898900,-53.821700,GOES-19,2026-08-11 20:00:00
-13.898900,-53.821700,GOES-19,2026-08-11 20:10:00
-13.898900,-53.821700,GOES-19,2026-08-11 20:40:00
-13.898900,-53.821700,GOES-19,2026-08-11 20:50:00
-13.841600,-53.807600,GOES-19,2026-08-11 13:10:00
-13.841600,-53.807600,GOES-19,2026-08-11 13:20:00
-13.841600,-53.807600,GOES-19,2026-08-11 13:30:00
-13.841600,-53.807600,GOES-19,2026-08-11 13:40:00
-13.841600,-53.807600,GOES-19,2026-08-11 13:50:00
-13.841600,-53.807600,GOES-19,2026-08-11 14:00:00
-13.841600,-53.807600,GOES-19,2026-08-11 14:10:00
-13.841600,-53.807600,GOES-19,2026-08-11 14:20:00
-13.841600,-53.807600,GOES-19,2026-08-11 14:30:00
-13.841600,-53.807600,GOES-19,2026-08-11 15:50:00
-13.841600,-53.807600,GOES-19,2026-08-11 16:10:00
-13.841600,-53.807600,GOES-19,2026-08-11 16:20:00
-13.841600,-53.807600,GOES-19,2026-08-11 16:30:00
-13.841600,-53.807600,GOES-19,2026-08-11 17:30:00
-13.841600,-53.807600,GOES-19,2026-08-11 17:50:00
-13.841600,-53.807600,GOES-19,2026-08-11 18:50:00
-13.841600,-53.807600,GOES-19,2026-08-11 19:20:00
-13.841600,-53.807600,GOES-19,2026-08-11 19:50:00
-13.841600,-53.807600,GOES-19,2026-08-11 20:00:00
-13.841600,-53.807600,GOES-19,2026-08-11 20:10:00
-13.860800,-53.805300,GOES-19,2026-08-11 14:20:00
-13.860800,-53.805300,GOES-19,2026-08-11 14:30:00
-13.860800,-53.805300,GOES-19,2026-08-11 19:20:00
-13.880000,-53.803100,GOES-19,2026-08-11 19:20:00
-13.880000,-53.803100,GOES-19,2026-08-11 19:50:00
-13.880000,-53.803100,GOES-19,2026-08-11 20:00:00
-13.880000,-53.803100,GOES-19,2026-08-11 20:10:00
-13.880000,-53.803100,GOES-19,2026-08-11 20:40:00
-13.899200,-53.800900,GOES-19,2026-08-11 16:00:00
-13.899200,-53.800900,GOES-19,2026-08-11 16:10:00
-13.899200,-53.800900,GOES-19,2026-08-11 17:50:00
-13.899200,-53.800900,GOES-19,2026-08-11 19:20:00
-13.899200,-53.800900,GOES-19,2026-08-11 19:50:00
-13.899200,-53.800900,GOES-19,2026-08-11 20:00:00
-13.899200,-53.800900,GOES-19,2026-08-11 20:10:00
-13.899200,-53.800900,GOES-19,2026-08-11 20:40:00
-13.899200,-53.800900,GOES-19,2026-08-11 20:50:00
-13.841900,-53.786700,GOES-19,2026-08-11 14:20:00
-13.841900,-53.786700,GOES-19,2026-08-11 14:30:00
-13.861100,-53.784500,GOES-19,2026-08-11 14:20:00
-13.861100,-53.784500,GOES-19,2026-08-11 14:30:00
-13.880300,-53.782300,GOES-19,2026-08-11 14:20:00
-13.880300,-53.782300,GOES-19,2026-08-11 14:30:00
-13.880300,-53.782300,GOES-19,2026-08-11 19:20:00
-13.899500,-53.780000,GOES-19,2026-08-11 18:30:00
-13.899500,-53.780000,GOES-19,2026-08-11 19:20:00
-13.899500,-53.780000,GOES-19,2026-08-11 20:40:00
-14.463000,-53.420200,GOES-19,2026-08-11 15:50:00
-14.463000,-53.420200,GOES-19,2026-08-11 17:50:00
-14.504400,-53.247200,GOES-19,2026-08-11 17:40:00
-14.504400,-53.247200,GOES-19,2026-08-11 17:50:00
-14.504400,-53.247200,GOES-19,2026-08-11 18:00:00
-14.504400,-53.247200,GOES-19,2026-08-11 18:10:00
-14.504400,-53.247200,GOES-19,2026-08-11 18:20:00
-14.504400,-53.247200,GOES-19,2026-08-11 18:30:00
-14.504400,-53.247200,GOES-19,2026-08-11 18:40:00
-14.504400,-53.247200,GOES-19,2026-08-11 18:50:00
-14.504400,-53.247200,GOES-19,2026-08-11 19:00:00
-14.504400,-53.247200,GOES-19,2026-08-11 19:10:00
-14.523700,-53.244800,GOES-19,2026-08-11 17:30:00
-14.523700,-53.244800,GOES-19,2026-08-11 17:40:00
-14.523700,-53.244800,GOES-19,2026-08-11 17:50:00
-14.523700,-53.244800,GOES-19,2026-08-11 18:00:00
-14.523700,-53.244800,GOES-19,2026-08-11 18:10:00
-14.524100,-53.223800,GOES-19,2026-08-11 17:20:00
-14.524100,-53.223800,GOES-19,2026-08-11 17:30:00
-14.524100,-53.223800,GOES-19,2026-08-11 17:40:00
-14.524100,-53.223800,GOES-19,2026-08-11 17:50:00
-14.524100,-53.223800,GOES-19,2026-08-11 18:00:00
-14.524100,-53.223800,GOES-19,2026-08-11 18:10:00
-14.350900,-53.203300,GOES-19,2026-08-11 19:50:00
-14.370200,-53.200900,GOES-19,2026-08-11 18:50:00
-14.370200,-53.200900,GOES-19,2026-08-11 19:50:00
-12.167200,-53.430000,GOES-19,2026-08-11 16:20:00
-14.351300,-53.182200,GOES-19,2026-08-11 18:50:00
-14.370600,-53.179900,GOES-19,2026-08-11 18:00:00
-14.370600,-53.179900,GOES-19,2026-08-11 18:20:00
-14.370600,-53.179900,GOES-19,2026-08-11 18:50:00
-14.370600,-53.179900,GOES-19,2026-08-11 19:50:00
-14.389900,-53.177500,GOES-19,2026-08-11 18:00:00
-14.389900,-53.177500,GOES-19,2026-08-11 19:30:00
-14.370900,-53.158800,GOES-19,2026-08-11 18:00:00
-14.390200,-53.156400,GOES-19,2026-08-11 18:00:00
-14.410200,-53.111900,GOES-19,2026-08-11 16:20:00
-14.410200,-53.111900,GOES-19,2026-08-11 16:30:00
-14.410200,-53.111900,GOES-19,2026-08-11 16:40:00
-14.410200,-53.111900,GOES-19,2026-08-11 16:50:00
-14.410200,-53.111900,GOES-19,2026-08-11 17:10:00
-14.429500,-53.109500,GOES-19,2026-08-11 16:20:00
-14.429500,-53.109500,GOES-19,2026-08-11 16:30:00
-14.429500,-53.109500,GOES-19,2026-08-11 16:50:00
-14.429500,-53.109500,GOES-19,2026-08-11 17:00:00
-14.410600,-53.090800,GOES-19,2026-08-11 16:40:00
-14.410600,-53.090800,GOES-19,2026-08-11 16:50:00
-14.218600,-53.051600,GOES-19,2026-08-11 18:10:00
-15.380800,-52.901500,GOES-19,2026-08-11 17:50:00
-15.380800,-52.901500,GOES-19,2026-08-11 18:30:00
-15.380800,-52.901500,GOES-19,2026-08-11 18:40:00
-14.431300,-53.004100,GOES-19,2026-08-11 19:30:00
-14.431300,-53.004100,GOES-19,2026-08-11 19:40:00
-15.303400,-52.890700,GOES-19,2026-08-11 17:20:00
-15.381200,-52.880300,GOES-19,2026-08-11 17:40:00
-15.381200,-52.880300,GOES-19,2026-08-11 17:50:00
-15.381200,-52.880300,GOES-19,2026-08-11 18:10:00
-15.381200,-52.880300,GOES-19,2026-08-11 18:20:00
-15.381200,-52.880300,GOES-19,2026-08-11 18:30:00
-15.381200,-52.880300,GOES-19,2026-08-11 18:40:00
-14.431600,-52.983000,GOES-19,2026-08-11 17:40:00
-15.169500,-52.781600,GOES-19,2026-08-11 17:00:00
-15.169500,-52.781600,GOES-19,2026-08-11 17:10:00
-15.169500,-52.781600,GOES-19,2026-08-11 18:10:00
-15.169500,-52.781600,GOES-19,2026-08-11 18:30:00
-15.169500,-52.781600,GOES-19,2026-08-11 19:00:00
-15.169500,-52.781600,GOES-19,2026-08-11 19:10:00
-15.169500,-52.781600,GOES-19,2026-08-11 19:50:00
-15.189000,-52.779000,GOES-19,2026-08-11 17:00:00
-15.189000,-52.779000,GOES-19,2026-08-11 18:00:00
-15.189000,-52.779000,GOES-19,2026-08-11 18:10:00
-15.189000,-52.779000,GOES-19,2026-08-11 18:20:00
-15.189000,-52.779000,GOES-19,2026-08-11 18:30:00
-15.189000,-52.779000,GOES-19,2026-08-11 18:40:00
-15.053400,-52.775900,GOES-19,2026-08-11 17:50:00
-15.053400,-52.775900,GOES-19,2026-08-11 18:00:00
-15.189300,-52.757800,GOES-19,2026-08-11 15:50:00
-15.189300,-52.757800,GOES-19,2026-08-11 16:10:00
-15.189300,-52.757800,GOES-19,2026-08-11 16:20:00
-15.189300,-52.757800,GOES-19,2026-08-11 16:50:00
-15.189300,-52.757800,GOES-19,2026-08-11 17:00:00
-15.189300,-52.757800,GOES-19,2026-08-11 17:10:00
-15.189300,-52.757800,GOES-19,2026-08-11 17:20:00
-15.189300,-52.757800,GOES-19,2026-08-11 17:30:00
-15.189300,-52.757800,GOES-19,2026-08-11 17:40:00
-15.189300,-52.757800,GOES-19,2026-08-11 17:50:00
-15.189300,-52.757800,GOES-19,2026-08-11 18:00:00
-15.189300,-52.757800,GOES-19,2026-08-11 18:10:00
-15.189300,-52.757800,GOES-19,2026-08-11 18:20:00
-15.189300,-52.757800,GOES-19,2026-08-11 18:30:00
-15.189300,-52.757800,GOES-19,2026-08-11 18:40:00
-15.189300,-52.757800,GOES-19,2026-08-11 18:50:00
-15.208800,-52.755200,GOES-19,2026-08-11 16:20:00
-15.208800,-52.755200,GOES-19,2026-08-11 17:10:00
-15.208800,-52.755200,GOES-19,2026-08-11 17:30:00
-15.208800,-52.755200,GOES-19,2026-08-11 17:40:00
-15.208800,-52.755200,GOES-19,2026-08-11 18:00:00
-15.208800,-52.755200,GOES-19,2026-08-11 18:20:00
-15.053800,-52.754700,GOES-19,2026-08-11 16:20:00
-15.053800,-52.754700,GOES-19,2026-08-11 17:30:00
-15.053800,-52.754700,GOES-19,2026-08-11 17:40:00
-15.053800,-52.754700,GOES-19,2026-08-11 17:50:00
-15.053800,-52.754700,GOES-19,2026-08-11 18:00:00
-15.209100,-52.733900,GOES-19,2026-08-11 17:30:00
-15.209100,-52.733900,GOES-19,2026-08-11 17:40:00
-15.034700,-52.736100,GOES-19,2026-08-11 15:50:00
-15.034700,-52.736100,GOES-19,2026-08-11 16:00:00
-15.034700,-52.736100,GOES-19,2026-08-11 16:10:00
-15.034700,-52.736100,GOES-19,2026-08-11 16:20:00
-15.034700,-52.736100,GOES-19,2026-08-11 16:30:00
-15.034700,-52.736100,GOES-19,2026-08-11 16:40:00
-15.034700,-52.736100,GOES-19,2026-08-11 16:50:00
-15.034700,-52.736100,GOES-19,2026-08-11 17:00:00
-15.034700,-52.736100,GOES-19,2026-08-11 17:10:00
-15.034700,-52.736100,GOES-19,2026-08-11 17:20:00
-15.034700,-52.736100,GOES-19,2026-08-11 17:30:00
-15.034700,-52.736100,GOES-19,2026-08-11 17:40:00
-15.034700,-52.736100,GOES-19,2026-08-11 17:50:00
-15.034700,-52.736100,GOES-19,2026-08-11 18:00:00
-15.054100,-52.733500,GOES-19,2026-08-11 15:50:00
-15.054100,-52.733500,GOES-19,2026-08-11 16:00:00
-15.054100,-52.733500,GOES-19,2026-08-11 16:10:00
-15.054100,-52.733500,GOES-19,2026-08-11 16:20:00
-15.054100,-52.733500,GOES-19,2026-08-11 17:30:00
-15.054100,-52.733500,GOES-19,2026-08-11 17:40:00
-15.054100,-52.733500,GOES-19,2026-08-11 17:50:00
-15.054100,-52.733500,GOES-19,2026-08-11 18:00:00
-15.171000,-52.696700,GOES-19,2026-08-11 15:50:00
-15.171000,-52.696700,GOES-19,2026-08-11 16:00:00
-15.171000,-52.696700,GOES-19,2026-08-11 16:10:00
-15.171000,-52.696700,GOES-19,2026-08-11 16:20:00
-15.171000,-52.696700,GOES-19,2026-08-11 16:30:00
-15.171000,-52.696700,GOES-19,2026-08-11 16:50:00
-15.171000,-52.696700,GOES-19,2026-08-11 18:40:00
-15.035100,-52.714800,GOES-19,2026-08-11 14:20:00
-15.035100,-52.714800,GOES-19,2026-08-11 15:50:00
-15.035100,-52.714800,GOES-19,2026-08-11 16:00:00
-15.035100,-52.714800,GOES-19,2026-08-11 16:10:00
-15.035100,-52.714800,GOES-19,2026-08-11 16:20:00
-15.035100,-52.714800,GOES-19,2026-08-11 16:30:00
-15.035100,-52.714800,GOES-19,2026-08-11 16:40:00
-15.035100,-52.714800,GOES-19,2026-08-11 16:50:00
-15.035100,-52.714800,GOES-19,2026-08-11 17:00:00
-15.035100,-52.714800,GOES-19,2026-08-11 17:10:00
-15.035100,-52.714800,GOES-19,2026-08-11 17:20:00
-15.035100,-52.714800,GOES-19,2026-08-11 17:30:00
-15.035100,-52.714800,GOES-19,2026-08-11 17:40:00
-15.035100,-52.714800,GOES-19,2026-08-11 17:50:00
-15.035100,-52.714800,GOES-19,2026-08-11 18:00:00
-15.035100,-52.714800,GOES-19,2026-08-11 18:30:00
-15.035100,-52.714800,GOES-19,2026-08-11 18:40:00
-15.035100,-52.714800,GOES-19,2026-08-11 18:50:00
-15.054500,-52.712200,GOES-19,2026-08-11 15:50:00
-15.054500,-52.712200,GOES-19,2026-08-11 16:00:00
-15.054500,-52.712200,GOES-19,2026-08-11 16:10:00
-15.054500,-52.712200,GOES-19,2026-08-11 16:20:00
-15.054500,-52.712200,GOES-19,2026-08-11 17:30:00
-15.054500,-52.712200,GOES-19,2026-08-11 17:40:00
-15.054500,-52.712200,GOES-19,2026-08-11 17:50:00
-15.054500,-52.712200,GOES-19,2026-08-11 18:00:00
-15.073900,-52.709700,GOES-19,2026-08-11 15:50:00
-13.795200,-49.661400,GOES-19,2026-08-11 19:20:00
-15.073900,-52.709700,GOES-19,2026-08-11 16:00:00
-15.073900,-52.709700,GOES-19,2026-08-11 16:10:00
-15.073900,-52.709700,GOES-19,2026-08-11 16:20:00
-15.171400,-52.675400,GOES-19,2026-08-11 15:50:00
-15.171400,-52.675400,GOES-19,2026-08-11 16:10:00
-15.171400,-52.675400,GOES-19,2026-08-11 16:20:00
-15.035500,-52.693600,GOES-19,2026-08-11 15:50:00
-15.035500,-52.693600,GOES-19,2026-08-11 17:30:00
-15.035500,-52.693600,GOES-19,2026-08-11 17:40:00
-15.035500,-52.693600,GOES-19,2026-08-11 17:50:00
-15.035500,-52.693600,GOES-19,2026-08-11 18:00:00
-15.035500,-52.693600,GOES-19,2026-08-11 18:40:00
-15.035500,-52.693600,GOES-19,2026-08-11 18:50:00
-15.054900,-52.691000,GOES-19,2026-08-11 15:50:00
-15.054900,-52.691000,GOES-19,2026-08-11 16:00:00
-15.054900,-52.691000,GOES-19,2026-08-11 16:10:00
-15.054900,-52.691000,GOES-19,2026-08-11 16:20:00
-15.054900,-52.691000,GOES-19,2026-08-11 17:30:00
-15.054900,-52.691000,GOES-19,2026-08-11 17:40:00
-15.054900,-52.691000,GOES-19,2026-08-11 17:50:00
-15.054900,-52.691000,GOES-19,2026-08-11 18:00:00
-15.074300,-52.688400,GOES-19,2026-08-11 15:50:00
-15.074300,-52.688400,GOES-19,2026-08-11 16:00:00
-15.074300,-52.688400,GOES-19,2026-08-11 16:10:00
-14.804600,-52.618300,GOES-19,2026-08-11 19:30:00
-14.445200,-52.177600,GOES-19,2026-08-11 15:50:00
-14.445200,-52.177600,GOES-19,2026-08-11 18:20:00
-14.445200,-52.177600,GOES-19,2026-08-11 18:30:00
-14.445200,-52.177600,GOES-19,2026-08-11 18:40:00
-14.426200,-52.158900,GOES-19,2026-08-11 14:00:00
-14.426200,-52.158900,GOES-19,2026-08-11 14:20:00
-14.426200,-52.158900,GOES-19,2026-08-11 14:30:00
-14.426200,-52.158900,GOES-19,2026-08-11 15:50:00
-14.426200,-52.158900,GOES-19,2026-08-11 16:00:00
-14.426200,-52.158900,GOES-19,2026-08-11 16:10:00
-14.426200,-52.158900,GOES-19,2026-08-11 16:20:00
-14.426200,-52.158900,GOES-19,2026-08-11 16:30:00
-14.426200,-52.158900,GOES-19,2026-08-11 18:30:00
-14.426200,-52.158900,GOES-19,2026-08-11 18:50:00
-14.445500,-52.156300,GOES-19,2026-08-11 16:00:00
-14.445500,-52.156300,GOES-19,2026-08-11 16:10:00
-14.445500,-52.156300,GOES-19,2026-08-11 16:20:00
-14.445500,-52.156300,GOES-19,2026-08-11 16:30:00
-14.445500,-52.156300,GOES-19,2026-08-11 16:40:00
-14.445500,-52.156300,GOES-19,2026-08-11 17:00:00
-14.445500,-52.156300,GOES-19,2026-08-11 18:10:00
-14.445500,-52.156300,GOES-19,2026-08-11 18:30:00
-14.445500,-52.156300,GOES-19,2026-08-11 18:40:00
-14.503500,-52.148700,GOES-19,2026-08-11 17:20:00
-14.503500,-52.148700,GOES-19,2026-08-11 18:10:00
-14.522900,-52.146100,GOES-19,2026-08-11 16:10:00
-14.522900,-52.146100,GOES-19,2026-08-11 16:20:00
-14.522900,-52.146100,GOES-19,2026-08-11 16:30:00
-14.522900,-52.146100,GOES-19,2026-08-11 16:40:00
-14.522900,-52.146100,GOES-19,2026-08-11 16:50:00
-14.522900,-52.146100,GOES-19,2026-08-11 17:00:00
-14.522900,-52.146100,GOES-19,2026-08-11 17:10:00
-14.522900,-52.146100,GOES-19,2026-08-11 17:20:00
-14.522900,-52.146100,GOES-19,2026-08-11 17:30:00
-14.522900,-52.146100,GOES-19,2026-08-11 17:40:00
-14.522900,-52.146100,GOES-19,2026-08-11 17:50:00
-14.522900,-52.146100,GOES-19,2026-08-11 18:00:00
-14.522900,-52.146100,GOES-19,2026-08-11 18:10:00
-14.522900,-52.146100,GOES-19,2026-08-11 18:20:00
-14.522900,-52.146100,GOES-19,2026-08-11 18:30:00
-14.522900,-52.146100,GOES-19,2026-08-11 18:40:00
-14.522900,-52.146100,GOES-19,2026-08-11 18:50:00
-14.445900,-52.135000,GOES-19,2026-08-11 15:50:00
-14.445900,-52.135000,GOES-19,2026-08-11 16:00:00
-14.503900,-52.127400,GOES-19,2026-08-11 17:20:00
-14.523300,-52.124800,GOES-19,2026-08-11 17:20:00
-14.523300,-52.124800,GOES-19,2026-08-11 18:10:00
-14.542600,-52.122300,GOES-19,2026-08-11 17:20:00
-14.542600,-52.122300,GOES-19,2026-08-11 17:30:00
-14.542600,-52.122300,GOES-19,2026-08-11 17:40:00
-14.542600,-52.122300,GOES-19,2026-08-11 17:50:00
-14.542600,-52.122300,GOES-19,2026-08-11 18:00:00
-14.542600,-52.122300,GOES-19,2026-08-11 18:10:00
-14.542600,-52.122300,GOES-19,2026-08-11 18:20:00
-14.310900,-52.131400,GOES-19,2026-08-11 16:20:00
-14.310900,-52.131400,GOES-19,2026-08-11 16:40:00
-14.310900,-52.131400,GOES-19,2026-08-11 17:30:00
-14.310900,-52.131400,GOES-19,2026-08-11 17:40:00
-14.310900,-52.131400,GOES-19,2026-08-11 18:00:00
-14.310900,-52.131400,GOES-19,2026-08-11 18:10:00
-14.310900,-52.131400,GOES-19,2026-08-11 18:30:00
-14.523600,-52.103500,GOES-19,2026-08-11 17:20:00
-14.523600,-52.103500,GOES-19,2026-08-11 18:10:00
-14.543000,-52.100900,GOES-19,2026-08-11 17:20:00
-14.581700,-52.095800,GOES-19,2026-08-11 18:50:00
-14.388600,-52.100000,GOES-19,2026-08-11 19:20:00
-14.388600,-52.100000,GOES-19,2026-08-11 19:30:00
-14.369600,-52.081300,GOES-19,2026-08-11 16:30:00
-14.369600,-52.081300,GOES-19,2026-08-11 17:40:00
-14.369600,-52.081300,GOES-19,2026-08-11 17:50:00
-14.369600,-52.081300,GOES-19,2026-08-11 18:00:00
-14.369600,-52.081300,GOES-19,2026-08-11 18:10:00
-14.369600,-52.081300,GOES-19,2026-08-11 18:20:00
-14.369600,-52.081300,GOES-19,2026-08-11 18:30:00
-14.369600,-52.081300,GOES-19,2026-08-11 18:40:00
-14.369600,-52.081300,GOES-19,2026-08-11 18:50:00
-14.369600,-52.081300,GOES-19,2026-08-11 19:00:00
-14.369600,-52.081300,GOES-19,2026-08-11 19:10:00
-14.369600,-52.081300,GOES-19,2026-08-11 19:20:00
-14.369600,-52.081300,GOES-19,2026-08-11 19:30:00
-14.389000,-52.078700,GOES-19,2026-08-11 18:10:00
-14.389000,-52.078700,GOES-19,2026-08-11 18:20:00
-14.389000,-52.078700,GOES-19,2026-08-11 18:50:00
-14.389000,-52.078700,GOES-19,2026-08-11 19:10:00
-14.389000,-52.078700,GOES-19,2026-08-11 19:20:00
-14.389000,-52.078700,GOES-19,2026-08-11 19:30:00
-14.389000,-52.078700,GOES-19,2026-08-11 19:40:00
-14.350700,-52.062500,GOES-19,2026-08-11 15:50:00
-14.350700,-52.062500,GOES-19,2026-08-11 16:00:00
-14.350700,-52.062500,GOES-19,2026-08-11 16:10:00
-14.350700,-52.062500,GOES-19,2026-08-11 16:20:00
-14.350700,-52.062500,GOES-19,2026-08-11 16:30:00
-14.350700,-52.062500,GOES-19,2026-08-11 16:40:00
-14.350700,-52.062500,GOES-19,2026-08-11 16:50:00
-14.350700,-52.062500,GOES-19,2026-08-11 17:00:00
-14.350700,-52.062500,GOES-19,2026-08-11 17:30:00
-14.350700,-52.062500,GOES-19,2026-08-11 17:40:00
-14.350700,-52.062500,GOES-19,2026-08-11 17:50:00
-14.350700,-52.062500,GOES-19,2026-08-11 18:00:00
-14.350700,-52.062500,GOES-19,2026-08-11 18:20:00
-14.350700,-52.062500,GOES-19,2026-08-11 18:30:00
-14.350700,-52.062500,GOES-19,2026-08-11 18:40:00
-14.350700,-52.062500,GOES-19,2026-08-11 18:50:00
-14.350700,-52.062500,GOES-19,2026-08-11 19:00:00
-14.370000,-52.060000,GOES-19,2026-08-11 16:00:00
-14.370000,-52.060000,GOES-19,2026-08-11 16:10:00
-14.370000,-52.060000,GOES-19,2026-08-11 17:10:00
-14.370000,-52.060000,GOES-19,2026-08-11 17:20:00
-14.370000,-52.060000,GOES-19,2026-08-11 17:30:00
-14.370000,-52.060000,GOES-19,2026-08-11 17:40:00
-14.370000,-52.060000,GOES-19,2026-08-11 17:50:00
-14.370000,-52.060000,GOES-19,2026-08-11 18:00:00
-14.370000,-52.060000,GOES-19,2026-08-11 18:10:00
-14.370000,-52.060000,GOES-19,2026-08-11 18:20:00
-14.370000,-52.060000,GOES-19,2026-08-11 18:30:00
-14.370000,-52.060000,GOES-19,2026-08-11 18:40:00
-14.370000,-52.060000,GOES-19,2026-08-11 18:50:00
-14.370000,-52.060000,GOES-19,2026-08-11 19:00:00
-14.370000,-52.060000,GOES-19,2026-08-11 19:10:00
-14.370000,-52.060000,GOES-19,2026-08-11 19:20:00
-14.370000,-52.060000,GOES-19,2026-08-11 19:30:00
-14.370000,-52.060000,GOES-19,2026-08-11 19:40:00
-14.389300,-52.057400,GOES-19,2026-08-11 17:10:00
-14.389300,-52.057400,GOES-19,2026-08-11 17:30:00
-14.389300,-52.057400,GOES-19,2026-08-11 18:00:00
-14.389300,-52.057400,GOES-19,2026-08-11 18:10:00
-14.389300,-52.057400,GOES-19,2026-08-11 18:30:00
-14.389300,-52.057400,GOES-19,2026-08-11 18:40:00
-14.389300,-52.057400,GOES-19,2026-08-11 18:50:00
-14.389300,-52.057400,GOES-19,2026-08-11 19:00:00
-14.389300,-52.057400,GOES-19,2026-08-11 19:10:00
-14.389300,-52.057400,GOES-19,2026-08-11 19:20:00
-14.389300,-52.057400,GOES-19,2026-08-11 19:30:00
-14.389300,-52.057400,GOES-19,2026-08-11 19:40:00
-14.293100,-52.048800,GOES-19,2026-08-11 16:40:00
-14.293100,-52.048800,GOES-19,2026-08-11 16:50:00
-14.293100,-52.048800,GOES-19,2026-08-11 17:00:00
-14.293100,-52.048800,GOES-19,2026-08-11 17:10:00
-14.293100,-52.048800,GOES-19,2026-08-11 17:50:00
-14.293100,-52.048800,GOES-19,2026-08-11 18:00:00
-14.293100,-52.048800,GOES-19,2026-08-11 18:10:00
-14.293100,-52.048800,GOES-19,2026-08-11 18:20:00
-14.293100,-52.048800,GOES-19,2026-08-11 18:30:00
-14.293100,-52.048800,GOES-19,2026-08-11 18:40:00
-14.293100,-52.048800,GOES-19,2026-08-11 18:50:00
-14.293100,-52.048800,GOES-19,2026-08-11 19:00:00
-14.312400,-52.046200,GOES-19,2026-08-11 17:00:00
-14.312400,-52.046200,GOES-19,2026-08-11 17:10:00
-14.312400,-52.046200,GOES-19,2026-08-11 18:10:00
-14.351000,-52.041200,GOES-19,2026-08-11 16:00:00
-14.351000,-52.041200,GOES-19,2026-08-11 17:00:00
-14.351000,-52.041200,GOES-19,2026-08-11 17:20:00
-14.351000,-52.041200,GOES-19,2026-08-11 17:30:00
-14.351000,-52.041200,GOES-19,2026-08-11 17:40:00
-14.351000,-52.041200,GOES-19,2026-08-11 17:50:00
-14.351000,-52.041200,GOES-19,2026-08-11 18:00:00
-14.351000,-52.041200,GOES-19,2026-08-11 18:10:00
-14.351000,-52.041200,GOES-19,2026-08-11 18:20:00
-14.351000,-52.041200,GOES-19,2026-08-11 18:30:00
-14.351000,-52.041200,GOES-19,2026-08-11 18:40:00
-14.351000,-52.041200,GOES-19,2026-08-11 18:50:00
-14.351000,-52.041200,GOES-19,2026-08-11 19:00:00
-14.370400,-52.038600,GOES-19,2026-08-11 15:50:00
-14.370400,-52.038600,GOES-19,2026-08-11 16:00:00
-14.370400,-52.038600,GOES-19,2026-08-11 16:10:00
-14.370400,-52.038600,GOES-19,2026-08-11 16:20:00
-14.370400,-52.038600,GOES-19,2026-08-11 16:30:00
-14.370400,-52.038600,GOES-19,2026-08-11 16:40:00
-14.370400,-52.038600,GOES-19,2026-08-11 16:50:00
-14.370400,-52.038600,GOES-19,2026-08-11 17:00:00
-14.370400,-52.038600,GOES-19,2026-08-11 17:10:00
-14.370400,-52.038600,GOES-19,2026-08-11 17:20:00
-14.370400,-52.038600,GOES-19,2026-08-11 17:30:00
-14.370400,-52.038600,GOES-19,2026-08-11 17:40:00
-14.370400,-52.038600,GOES-19,2026-08-11 17:50:00
-14.370400,-52.038600,GOES-19,2026-08-11 18:00:00
-14.370400,-52.038600,GOES-19,2026-08-11 18:10:00
-14.370400,-52.038600,GOES-19,2026-08-11 18:20:00
-14.370400,-52.038600,GOES-19,2026-08-11 18:30:00
-14.370400,-52.038600,GOES-19,2026-08-11 18:40:00
-14.370400,-52.038600,GOES-19,2026-08-11 18:50:00
-14.370400,-52.038600,GOES-19,2026-08-11 19:00:00
-14.370400,-52.038600,GOES-19,2026-08-11 19:10:00
-14.370400,-52.038600,GOES-19,2026-08-11 19:20:00
-14.370400,-52.038600,GOES-19,2026-08-11 19:30:00
-14.370400,-52.038600,GOES-19,2026-08-11 19:40:00
-14.389700,-52.036100,GOES-19,2026-08-11 17:00:00
-14.389700,-52.036100,GOES-19,2026-08-11 17:10:00
-14.389700,-52.036100,GOES-19,2026-08-11 17:20:00
-14.389700,-52.036100,GOES-19,2026-08-11 17:30:00
-14.389700,-52.036100,GOES-19,2026-08-11 17:40:00
-14.389700,-52.036100,GOES-19,2026-08-11 18:10:00
-14.389700,-52.036100,GOES-19,2026-08-11 18:20:00
-14.389700,-52.036100,GOES-19,2026-08-11 18:40:00
-14.389700,-52.036100,GOES-19,2026-08-11 18:50:00
-14.389700,-52.036100,GOES-19,2026-08-11 19:00:00
-14.389700,-52.036100,GOES-19,2026-08-11 19:10:00
-14.389700,-52.036100,GOES-19,2026-08-11 19:20:00
-14.389700,-52.036100,GOES-19,2026-08-11 19:30:00
-14.389700,-52.036100,GOES-19,2026-08-11 19:40:00
-14.312700,-52.024900,GOES-19,2026-08-11 16:50:00
-14.312700,-52.024900,GOES-19,2026-08-11 17:00:00
-14.312700,-52.024900,GOES-19,2026-08-11 17:10:00
-14.312700,-52.024900,GOES-19,2026-08-11 17:20:00
-14.312700,-52.024900,GOES-19,2026-08-11 17:30:00
-14.312700,-52.024900,GOES-19,2026-08-11 17:50:00
-14.312700,-52.024900,GOES-19,2026-08-11 18:00:00
-14.312700,-52.024900,GOES-19,2026-08-11 18:10:00
-14.312700,-52.024900,GOES-19,2026-08-11 18:20:00
-14.312700,-52.024900,GOES-19,2026-08-11 18:40:00
-14.370700,-52.017300,GOES-19,2026-08-11 16:00:00
-14.370700,-52.017300,GOES-19,2026-08-11 17:00:00
-14.370700,-52.017300,GOES-19,2026-08-11 17:10:00
-14.370700,-52.017300,GOES-19,2026-08-11 17:20:00
-14.370700,-52.017300,GOES-19,2026-08-11 17:30:00
-14.370700,-52.017300,GOES-19,2026-08-11 17:40:00
-14.370700,-52.017300,GOES-19,2026-08-11 17:50:00
-14.370700,-52.017300,GOES-19,2026-08-11 18:00:00
-14.370700,-52.017300,GOES-19,2026-08-11 18:10:00
-14.370700,-52.017300,GOES-19,2026-08-11 18:20:00
-14.370700,-52.017300,GOES-19,2026-08-11 18:30:00
-14.370700,-52.017300,GOES-19,2026-08-11 18:40:00
-14.370700,-52.017300,GOES-19,2026-08-11 18:50:00
-14.370700,-52.017300,GOES-19,2026-08-11 19:00:00
-14.370700,-52.017300,GOES-19,2026-08-11 19:10:00
-14.370700,-52.017300,GOES-19,2026-08-11 19:20:00
-14.370700,-52.017300,GOES-19,2026-08-11 19:30:00
-14.370700,-52.017300,GOES-19,2026-08-11 19:40:00
-14.390100,-52.014800,GOES-19,2026-08-11 17:20:00
-14.390100,-52.014800,GOES-19,2026-08-11 17:30:00
-14.390100,-52.014800,GOES-19,2026-08-11 17:40:00
-14.390100,-52.014800,GOES-19,2026-08-11 17:50:00
-14.390100,-52.014800,GOES-19,2026-08-11 18:00:00
-14.390100,-52.014800,GOES-19,2026-08-11 18:10:00
-14.390100,-52.014800,GOES-19,2026-08-11 18:20:00
-14.390100,-52.014800,GOES-19,2026-08-11 18:30:00
-14.390100,-52.014800,GOES-19,2026-08-11 18:40:00
-14.390100,-52.014800,GOES-19,2026-08-11 18:50:00
-14.390100,-52.014800,GOES-19,2026-08-11 19:00:00
-14.390100,-52.014800,GOES-19,2026-08-11 19:10:00
-14.390100,-52.014800,GOES-19,2026-08-11 19:20:00
-14.390100,-52.014800,GOES-19,2026-08-11 19:30:00
-14.390100,-52.014800,GOES-19,2026-08-11 19:40:00
-14.274100,-52.030000,GOES-19,2026-08-11 15:50:00
-14.274100,-52.030000,GOES-19,2026-08-11 16:00:00
-14.274100,-52.030000,GOES-19,2026-08-11 16:10:00
-14.274100,-52.030000,GOES-19,2026-08-11 16:40:00
-14.274100,-52.030000,GOES-19,2026-08-11 16:50:00
-14.274100,-52.030000,GOES-19,2026-08-11 17:00:00
-14.274100,-52.030000,GOES-19,2026-08-11 17:10:00
-14.274100,-52.030000,GOES-19,2026-08-11 17:20:00
-14.274100,-52.030000,GOES-19,2026-08-11 17:30:00
-14.274100,-52.030000,GOES-19,2026-08-11 17:40:00
-14.274100,-52.030000,GOES-19,2026-08-11 17:50:00
-14.274100,-52.030000,GOES-19,2026-08-11 18:00:00
-14.274100,-52.030000,GOES-19,2026-08-11 18:10:00
-14.274100,-52.030000,GOES-19,2026-08-11 18:20:00
-14.274100,-52.030000,GOES-19,2026-08-11 18:30:00
-14.274100,-52.030000,GOES-19,2026-08-11 18:40:00
-14.274100,-52.030000,GOES-19,2026-08-11 18:50:00
-14.274100,-52.030000,GOES-19,2026-08-11 19:00:00
-14.293400,-52.027500,GOES-19,2026-08-11 15:50:00
-14.293400,-52.027500,GOES-19,2026-08-11 16:00:00
-14.293400,-52.027500,GOES-19,2026-08-11 16:20:00
-14.293400,-52.027500,GOES-19,2026-08-11 16:30:00
-14.293400,-52.027500,GOES-19,2026-08-11 16:40:00
-14.293400,-52.027500,GOES-19,2026-08-11 16:50:00
-14.293400,-52.027500,GOES-19,2026-08-11 17:00:00
-14.293400,-52.027500,GOES-19,2026-08-11 17:10:00
-14.293400,-52.027500,GOES-19,2026-08-11 17:20:00
-14.293400,-52.027500,GOES-19,2026-08-11 17:30:00
-14.293400,-52.027500,GOES-19,2026-08-11 17:40:00
-14.293400,-52.027500,GOES-19,2026-08-11 17:50:00
-14.293400,-52.027500,GOES-19,2026-08-11 18:00:00
-14.293400,-52.027500,GOES-19,2026-08-11 18:10:00
-14.293400,-52.027500,GOES-19,2026-08-11 18:20:00
-14.293400,-52.027500,GOES-19,2026-08-11 18:30:00
-14.293400,-52.027500,GOES-19,2026-08-11 18:40:00
-14.293400,-52.027500,GOES-19,2026-08-11 18:50:00
-14.293400,-52.027500,GOES-19,2026-08-11 19:00:00
-14.255100,-52.011200,GOES-19,2026-08-11 14:30:00
-14.255100,-52.011200,GOES-19,2026-08-11 16:40:00
-14.255100,-52.011200,GOES-19,2026-08-11 17:00:00
-14.255100,-52.011200,GOES-19,2026-08-11 17:10:00
-14.255100,-52.011200,GOES-19,2026-08-11 17:20:00
-14.255100,-52.011200,GOES-19,2026-08-11 17:30:00
-14.255100,-52.011200,GOES-19,2026-08-11 18:10:00
-14.274500,-52.008700,GOES-19,2026-08-11 14:30:00
-14.274500,-52.008700,GOES-19,2026-08-11 15:50:00
-14.274500,-52.008700,GOES-19,2026-08-11 16:00:00
-14.274500,-52.008700,GOES-19,2026-08-11 16:10:00
-14.274500,-52.008700,GOES-19,2026-08-11 16:20:00
-14.274500,-52.008700,GOES-19,2026-08-11 16:30:00
-14.274500,-52.008700,GOES-19,2026-08-11 16:40:00
-14.274500,-52.008700,GOES-19,2026-08-11 16:50:00
-14.274500,-52.008700,GOES-19,2026-08-11 17:00:00
-14.274500,-52.008700,GOES-19,2026-08-11 17:10:00
-14.274500,-52.008700,GOES-19,2026-08-11 17:20:00
-14.274500,-52.008700,GOES-19,2026-08-11 17:30:00
-14.274500,-52.008700,GOES-19,2026-08-11 17:40:00
-14.274500,-52.008700,GOES-19,2026-08-11 17:50:00
-14.274500,-52.008700,GOES-19,2026-08-11 18:00:00
-14.274500,-52.008700,GOES-19,2026-08-11 18:10:00
-14.274500,-52.008700,GOES-19,2026-08-11 18:20:00
-14.274500,-52.008700,GOES-19,2026-08-11 18:30:00
-14.274500,-52.008700,GOES-19,2026-08-11 18:40:00
-14.293800,-52.006100,GOES-19,2026-08-11 15:50:00
-14.293800,-52.006100,GOES-19,2026-08-11 16:00:00
-14.293800,-52.006100,GOES-19,2026-08-11 16:10:00
-14.293800,-52.006100,GOES-19,2026-08-11 16:20:00
-14.293800,-52.006100,GOES-19,2026-08-11 16:30:00
-14.293800,-52.006100,GOES-19,2026-08-11 16:40:00
-14.293800,-52.006100,GOES-19,2026-08-11 16:50:00
-14.293800,-52.006100,GOES-19,2026-08-11 17:00:00
-14.293800,-52.006100,GOES-19,2026-08-11 17:10:00
-14.293800,-52.006100,GOES-19,2026-08-11 17:20:00
-14.293800,-52.006100,GOES-19,2026-08-11 17:30:00
-14.293800,-52.006100,GOES-19,2026-08-11 17:40:00
-14.293800,-52.006100,GOES-19,2026-08-11 17:50:00
-14.293800,-52.006100,GOES-19,2026-08-11 18:00:00
-14.293800,-52.006100,GOES-19,2026-08-11 18:10:00
-14.293800,-52.006100,GOES-19,2026-08-11 18:20:00
-14.293800,-52.006100,GOES-19,2026-08-11 18:30:00
-14.293800,-52.006100,GOES-19,2026-08-11 18:40:00
-14.293800,-52.006100,GOES-19,2026-08-11 18:50:00
-14.293800,-52.006100,GOES-19,2026-08-11 19:00:00
-14.313100,-52.003600,GOES-19,2026-08-11 15:50:00
-14.313100,-52.003600,GOES-19,2026-08-11 16:00:00
-14.313100,-52.003600,GOES-19,2026-08-11 16:10:00
-14.313100,-52.003600,GOES-19,2026-08-11 16:30:00
-14.313100,-52.003600,GOES-19,2026-08-11 16:40:00
-14.313100,-52.003600,GOES-19,2026-08-11 16:50:00
-14.313100,-52.003600,GOES-19,2026-08-11 17:00:00
-14.313100,-52.003600,GOES-19,2026-08-11 17:10:00
-14.313100,-52.003600,GOES-19,2026-08-11 17:20:00
-14.313100,-52.003600,GOES-19,2026-08-11 17:30:00
-14.313100,-52.003600,GOES-19,2026-08-11 17:50:00
-14.313100,-52.003600,GOES-19,2026-08-11 18:00:00
-14.313100,-52.003600,GOES-19,2026-08-11 18:10:00
-14.313100,-52.003600,GOES-19,2026-08-11 18:20:00
-14.313100,-52.003600,GOES-19,2026-08-11 18:50:00
-14.313100,-52.003600,GOES-19,2026-08-11 19:00:00
-14.390400,-51.993500,GOES-19,2026-08-11 19:30:00
-14.255500,-51.989900,GOES-19,2026-08-11 12:40:00
-14.255500,-51.989900,GOES-19,2026-08-11 12:50:00
-14.255500,-51.989900,GOES-19,2026-08-11 13:20:00
-14.255500,-51.989900,GOES-19,2026-08-11 13:30:00
-14.255500,-51.989900,GOES-19,2026-08-11 13:40:00
-14.255500,-51.989900,GOES-19,2026-08-11 13:50:00
-14.255500,-51.989900,GOES-19,2026-08-11 14:00:00
-14.255500,-51.989900,GOES-19,2026-08-11 14:10:00
-14.255500,-51.989900,GOES-19,2026-08-11 14:20:00
-14.255500,-51.989900,GOES-19,2026-08-11 14:30:00
-14.255500,-51.989900,GOES-19,2026-08-11 15:50:00
-14.255500,-51.989900,GOES-19,2026-08-11 16:00:00
-14.255500,-51.989900,GOES-19,2026-08-11 16:10:00
-14.255500,-51.989900,GOES-19,2026-08-11 16:20:00
-14.255500,-51.989900,GOES-19,2026-08-11 16:30:00
-14.255500,-51.989900,GOES-19,2026-08-11 16:40:00
-14.255500,-51.989900,GOES-19,2026-08-11 16:50:00
-14.255500,-51.989900,GOES-19,2026-08-11 17:00:00
-14.255500,-51.989900,GOES-19,2026-08-11 17:10:00
-14.255500,-51.989900,GOES-19,2026-08-11 17:20:00
-14.255500,-51.989900,GOES-19,2026-08-11 17:30:00
-14.255500,-51.989900,GOES-19,2026-08-11 18:10:00
-14.274800,-51.987400,GOES-19,2026-08-11 13:30:00
-14.274800,-51.987400,GOES-19,2026-08-11 13:40:00
-14.274800,-51.987400,GOES-19,2026-08-11 13:50:00
-14.274800,-51.987400,GOES-19,2026-08-11 14:00:00
-14.274800,-51.987400,GOES-19,2026-08-11 14:10:00
-14.274800,-51.987400,GOES-19,2026-08-11 14:20:00
-14.274800,-51.987400,GOES-19,2026-08-11 14:30:00
-14.274800,-51.987400,GOES-19,2026-08-11 15:50:00
-14.274800,-51.987400,GOES-19,2026-08-11 16:00:00
-14.274800,-51.987400,GOES-19,2026-08-11 16:10:00
-14.274800,-51.987400,GOES-19,2026-08-11 16:20:00
-14.274800,-51.987400,GOES-19,2026-08-11 16:30:00
-14.274800,-51.987400,GOES-19,2026-08-11 16:40:00
-14.274800,-51.987400,GOES-19,2026-08-11 16:50:00
-14.274800,-51.987400,GOES-19,2026-08-11 17:00:00
-14.274800,-51.987400,GOES-19,2026-08-11 17:10:00
-14.274800,-51.987400,GOES-19,2026-08-11 17:20:00
-14.294100,-51.984800,GOES-19,2026-08-11 14:30:00
-14.294100,-51.984800,GOES-19,2026-08-11 15:50:00
-14.294100,-51.984800,GOES-19,2026-08-11 16:00:00
-14.294100,-51.984800,GOES-19,2026-08-11 16:10:00
-14.294100,-51.984800,GOES-19,2026-08-11 16:20:00
-14.294100,-51.984800,GOES-19,2026-08-11 16:30:00
-14.294100,-51.984800,GOES-19,2026-08-11 16:40:00
-14.294100,-51.984800,GOES-19,2026-08-11 16:50:00
-14.294100,-51.984800,GOES-19,2026-08-11 17:00:00
-14.294100,-51.984800,GOES-19,2026-08-11 18:50:00
-14.294100,-51.984800,GOES-19,2026-08-11 19:00:00
-14.390800,-51.972100,GOES-19,2026-08-11 19:30:00
-14.255900,-51.968600,GOES-19,2026-08-11 14:30:00
-14.255900,-51.968600,GOES-19,2026-08-11 15:50:00
-14.255900,-51.968600,GOES-19,2026-08-11 16:00:00
-14.255900,-51.968600,GOES-19,2026-08-11 16:10:00
-14.255900,-51.968600,GOES-19,2026-08-11 16:20:00
-14.255900,-51.968600,GOES-19,2026-08-11 16:30:00
-14.255900,-51.968600,GOES-19,2026-08-11 16:40:00
-14.255900,-51.968600,GOES-19,2026-08-11 16:50:00
-14.255900,-51.968600,GOES-19,2026-08-11 17:00:00
-14.275200,-51.966000,GOES-19,2026-08-11 13:30:00
-14.275200,-51.966000,GOES-19,2026-08-11 13:40:00
-14.275200,-51.966000,GOES-19,2026-08-11 13:50:00
-14.275200,-51.966000,GOES-19,2026-08-11 14:00:00
-14.275200,-51.966000,GOES-19,2026-08-11 14:10:00
-14.275200,-51.966000,GOES-19,2026-08-11 14:20:00
-14.275200,-51.966000,GOES-19,2026-08-11 14:30:00
-14.275200,-51.966000,GOES-19,2026-08-11 15:50:00
-14.275200,-51.966000,GOES-19,2026-08-11 16:00:00
-14.275200,-51.966000,GOES-19,2026-08-11 16:10:00
-14.488600,-51.895200,GOES-19,2026-08-11 18:00:00
-14.488600,-51.895200,GOES-19,2026-08-11 18:50:00
-14.488600,-51.895200,GOES-19,2026-08-11 19:10:00
-14.488600,-51.895200,GOES-19,2026-08-11 19:20:00
-14.508000,-51.892600,GOES-19,2026-08-11 18:50:00
-14.489000,-51.873800,GOES-19,2026-08-11 13:30:00
-14.489000,-51.873800,GOES-19,2026-08-11 13:40:00
-14.489000,-51.873800,GOES-19,2026-08-11 14:00:00
-14.489000,-51.873800,GOES-19,2026-08-11 14:10:00
-14.489000,-51.873800,GOES-19,2026-08-11 14:20:00
-14.489000,-51.873800,GOES-19,2026-08-11 14:30:00
-14.489000,-51.873800,GOES-19,2026-08-11 16:20:00
-14.489000,-51.873800,GOES-19,2026-08-11 16:30:00
-14.489000,-51.873800,GOES-19,2026-08-11 16:50:00
-14.489000,-51.873800,GOES-19,2026-08-11 17:00:00
-14.489000,-51.873800,GOES-19,2026-08-11 17:20:00
-14.489000,-51.873800,GOES-19,2026-08-11 17:30:00
-14.489000,-51.873800,GOES-19,2026-08-11 17:40:00
-14.489000,-51.873800,GOES-19,2026-08-11 17:50:00
-14.489000,-51.873800,GOES-19,2026-08-11 18:00:00
-14.489000,-51.873800,GOES-19,2026-08-11 18:20:00
-14.489000,-51.873800,GOES-19,2026-08-11 18:30:00
-14.489000,-51.873800,GOES-19,2026-08-11 18:40:00
-14.489000,-51.873800,GOES-19,2026-08-11 18:50:00
-14.508300,-51.871300,GOES-19,2026-08-11 13:40:00
-14.508300,-51.871300,GOES-19,2026-08-11 14:00:00
-14.508300,-51.871300,GOES-19,2026-08-11 14:10:00
-14.508300,-51.871300,GOES-19,2026-08-11 14:20:00
-14.508300,-51.871300,GOES-19,2026-08-11 14:30:00
-14.508300,-51.871300,GOES-19,2026-08-11 17:00:00
-14.508300,-51.871300,GOES-19,2026-08-11 18:00:00
-14.508300,-51.871300,GOES-19,2026-08-11 18:50:00
-12.834700,-52.059800,GOES-19,2026-08-11 18:20:00
-12.853800,-52.057500,GOES-19,2026-08-11 18:10:00
-12.853800,-52.057500,GOES-19,2026-08-11 18:20:00
-12.853800,-52.057500,GOES-19,2026-08-11 18:30:00
-12.853800,-52.057500,GOES-19,2026-08-11 19:30:00
-12.853800,-52.057500,GOES-19,2026-08-11 19:40:00
-14.489400,-51.852500,GOES-19,2026-08-11 13:30:00
-14.489400,-51.852500,GOES-19,2026-08-11 13:40:00
-14.489400,-51.852500,GOES-19,2026-08-11 14:00:00
-14.489400,-51.852500,GOES-19,2026-08-11 14:10:00
-14.489400,-51.852500,GOES-19,2026-08-11 14:20:00
-14.489400,-51.852500,GOES-19,2026-08-11 14:30:00
-14.489400,-51.852500,GOES-19,2026-08-11 18:00:00
-14.489400,-51.852500,GOES-19,2026-08-11 18:50:00
-12.835000,-52.038600,GOES-19,2026-08-11 18:20:00
-12.854100,-52.036400,GOES-19,2026-08-11 18:10:00
-12.854100,-52.036400,GOES-19,2026-08-11 18:20:00
-11.827400,-51.920300,GOES-19,2026-08-11 18:10:00
-11.827400,-51.920300,GOES-19,2026-08-11 18:20:00
-11.827400,-51.920300,GOES-19,2026-08-11 18:30:00
-11.827400,-51.920300,GOES-19,2026-08-11 18:40:00
-11.827400,-51.920300,GOES-19,2026-08-11 18:50:00
-11.827400,-51.920300,GOES-19,2026-08-11 19:00:00
-11.827400,-51.920300,GOES-19,2026-08-11 19:10:00
-11.827400,-51.920300,GOES-19,2026-08-11 19:20:00
-11.827400,-51.920300,GOES-19,2026-08-11 19:30:00
-11.827400,-51.920300,GOES-19,2026-08-11 19:40:00
-11.827400,-51.920300,GOES-19,2026-08-11 19:50:00
-11.827400,-51.920300,GOES-19,2026-08-11 20:10:00
-11.827400,-51.920300,GOES-19,2026-08-11 20:20:00
-11.827400,-51.920300,GOES-19,2026-08-11 20:30:00
-11.827400,-51.920300,GOES-19,2026-08-11 20:40:00
-11.827700,-51.899200,GOES-19,2026-08-11 17:00:00
-11.827700,-51.899200,GOES-19,2026-08-11 18:00:00
-11.827700,-51.899200,GOES-19,2026-08-11 18:10:00
-11.827700,-51.899200,GOES-19,2026-08-11 18:20:00
-11.827700,-51.899200,GOES-19,2026-08-11 18:30:00
-11.827700,-51.899200,GOES-19,2026-08-11 18:40:00
-11.827700,-51.899200,GOES-19,2026-08-11 18:50:00
-11.827700,-51.899200,GOES-19,2026-08-11 19:00:00
-11.827700,-51.899200,GOES-19,2026-08-11 19:10:00
-11.827700,-51.899200,GOES-19,2026-08-11 19:20:00
-11.827700,-51.899200,GOES-19,2026-08-11 19:30:00
-11.827700,-51.899200,GOES-19,2026-08-11 19:40:00
-11.827700,-51.899200,GOES-19,2026-08-11 19:50:00
-11.827700,-51.899200,GOES-19,2026-08-11 20:00:00
-11.827700,-51.899200,GOES-19,2026-08-11 20:10:00
-11.827700,-51.899200,GOES-19,2026-08-11 20:20:00
-11.827700,-51.899200,GOES-19,2026-08-11 20:30:00
-11.827700,-51.899200,GOES-19,2026-08-11 20:40:00
-11.846700,-51.897100,GOES-19,2026-08-11 17:00:00
-11.846700,-51.897100,GOES-19,2026-08-11 17:10:00
-11.846700,-51.897100,GOES-19,2026-08-11 17:20:00
-11.846700,-51.897100,GOES-19,2026-08-11 17:50:00
-11.846700,-51.897100,GOES-19,2026-08-11 18:00:00
-11.846700,-51.897100,GOES-19,2026-08-11 18:10:00
-11.846700,-51.897100,GOES-19,2026-08-11 18:20:00
-11.846700,-51.897100,GOES-19,2026-08-11 18:30:00
-11.846700,-51.897100,GOES-19,2026-08-11 18:40:00
-11.789900,-51.882200,GOES-19,2026-08-11 15:50:00
-11.789900,-51.882200,GOES-19,2026-08-11 17:40:00
-11.789900,-51.882200,GOES-19,2026-08-11 18:00:00
-11.789900,-51.882200,GOES-19,2026-08-11 18:10:00
-11.789900,-51.882200,GOES-19,2026-08-11 18:30:00
-11.789900,-51.882200,GOES-19,2026-08-11 18:40:00
-11.789900,-51.882200,GOES-19,2026-08-11 18:50:00
-11.789900,-51.882200,GOES-19,2026-08-11 19:10:00
-11.789900,-51.882200,GOES-19,2026-08-11 19:20:00
-11.808900,-51.880100,GOES-19,2026-08-11 15:50:00
-11.808900,-51.880100,GOES-19,2026-08-11 16:20:00
-11.808900,-51.880100,GOES-19,2026-08-11 16:40:00
-11.808900,-51.880100,GOES-19,2026-08-11 16:50:00
-11.808900,-51.880100,GOES-19,2026-08-11 17:00:00
-11.808900,-51.880100,GOES-19,2026-08-11 17:10:00
-11.808900,-51.880100,GOES-19,2026-08-11 17:20:00
-11.808900,-51.880100,GOES-19,2026-08-11 17:40:00
-11.808900,-51.880100,GOES-19,2026-08-11 17:50:00
-11.808900,-51.880100,GOES-19,2026-08-11 18:00:00
-11.808900,-51.880100,GOES-19,2026-08-11 18:10:00
-11.808900,-51.880100,GOES-19,2026-08-11 18:20:00
-11.808900,-51.880100,GOES-19,2026-08-11 18:30:00
-11.808900,-51.880100,GOES-19,2026-08-11 18:40:00
-11.808900,-51.880100,GOES-19,2026-08-11 18:50:00
-11.808900,-51.880100,GOES-19,2026-08-11 19:00:00
-11.808900,-51.880100,GOES-19,2026-08-11 19:10:00
-11.808900,-51.880100,GOES-19,2026-08-11 19:20:00
-11.808900,-51.880100,GOES-19,2026-08-11 19:40:00
-11.808900,-51.880100,GOES-19,2026-08-11 19:50:00
-11.808900,-51.880100,GOES-19,2026-08-11 20:10:00
-11.808900,-51.880100,GOES-19,2026-08-11 20:20:00
-11.808900,-51.880100,GOES-19,2026-08-11 20:40:00
-11.827900,-51.878100,GOES-19,2026-08-11 15:50:00
-11.827900,-51.878100,GOES-19,2026-08-11 16:20:00
-11.827900,-51.878100,GOES-19,2026-08-11 16:30:00
-11.827900,-51.878100,GOES-19,2026-08-11 17:20:00
-11.827900,-51.878100,GOES-19,2026-08-11 17:50:00
-11.827900,-51.878100,GOES-19,2026-08-11 18:00:00
-11.827900,-51.878100,GOES-19,2026-08-11 18:10:00
-11.827900,-51.878100,GOES-19,2026-08-11 18:20:00
-11.827900,-51.878100,GOES-19,2026-08-11 18:30:00
-11.827900,-51.878100,GOES-19,2026-08-11 18:40:00
-11.827900,-51.878100,GOES-19,2026-08-11 18:50:00
-11.827900,-51.878100,GOES-19,2026-08-11 19:00:00
-11.827900,-51.878100,GOES-19,2026-08-11 19:10:00
-11.827900,-51.878100,GOES-19,2026-08-11 19:20:00
-11.827900,-51.878100,GOES-19,2026-08-11 19:30:00
-11.827900,-51.878100,GOES-19,2026-08-11 19:40:00
-11.827900,-51.878100,GOES-19,2026-08-11 19:50:00
-11.827900,-51.878100,GOES-19,2026-08-11 20:00:00
-11.827900,-51.878100,GOES-19,2026-08-11 20:10:00
-11.827900,-51.878100,GOES-19,2026-08-11 20:20:00
-11.827900,-51.878100,GOES-19,2026-08-11 20:30:00
-11.790200,-51.861100,GOES-19,2026-08-11 14:00:00
-11.790200,-51.861100,GOES-19,2026-08-11 14:30:00
-11.790200,-51.861100,GOES-19,2026-08-11 15:50:00
-11.790200,-51.861100,GOES-19,2026-08-11 16:00:00
-11.790200,-51.861100,GOES-19,2026-08-11 16:10:00
-11.790200,-51.861100,GOES-19,2026-08-11 16:20:00
-11.790200,-51.861100,GOES-19,2026-08-11 16:30:00
-11.790200,-51.861100,GOES-19,2026-08-11 16:40:00
-11.790200,-51.861100,GOES-19,2026-08-11 17:00:00
-11.790200,-51.861100,GOES-19,2026-08-11 17:30:00
-11.790200,-51.861100,GOES-19,2026-08-11 17:40:00
-11.790200,-51.861100,GOES-19,2026-08-11 17:50:00
-11.790200,-51.861100,GOES-19,2026-08-11 18:00:00
-11.790200,-51.861100,GOES-19,2026-08-11 18:10:00
-11.790200,-51.861100,GOES-19,2026-08-11 18:20:00
-11.790200,-51.861100,GOES-19,2026-08-11 18:30:00
-11.790200,-51.861100,GOES-19,2026-08-11 18:40:00
-11.790200,-51.861100,GOES-19,2026-08-11 18:50:00
-11.790200,-51.861100,GOES-19,2026-08-11 19:00:00
-11.790200,-51.861100,GOES-19,2026-08-11 19:10:00
-11.790200,-51.861100,GOES-19,2026-08-11 19:20:00
-11.790200,-51.861100,GOES-19,2026-08-11 19:30:00
-11.790200,-51.861100,GOES-19,2026-08-11 19:40:00
-11.790200,-51.861100,GOES-19,2026-08-11 20:00:00
-11.790200,-51.861100,GOES-19,2026-08-11 20:10:00
-11.790200,-51.861100,GOES-19,2026-08-11 20:20:00
-11.809200,-51.859000,GOES-19,2026-08-11 14:30:00
-11.809200,-51.859000,GOES-19,2026-08-11 15:50:00
-11.809200,-51.859000,GOES-19,2026-08-11 16:00:00
-11.809200,-51.859000,GOES-19,2026-08-11 16:10:00
-11.809200,-51.859000,GOES-19,2026-08-11 16:20:00
-11.809200,-51.859000,GOES-19,2026-08-11 16:30:00
-11.809200,-51.859000,GOES-19,2026-08-11 16:40:00
-11.809200,-51.859000,GOES-19,2026-08-11 16:50:00
-11.809200,-51.859000,GOES-19,2026-08-11 17:00:00
-11.809200,-51.859000,GOES-19,2026-08-11 17:10:00
-11.809200,-51.859000,GOES-19,2026-08-11 17:20:00
-11.809200,-51.859000,GOES-19,2026-08-11 17:40:00
-11.809200,-51.859000,GOES-19,2026-08-11 17:50:00
-11.809200,-51.859000,GOES-19,2026-08-11 18:00:00
-11.809200,-51.859000,GOES-19,2026-08-11 18:10:00
-11.809200,-51.859000,GOES-19,2026-08-11 18:20:00
-11.809200,-51.859000,GOES-19,2026-08-11 18:30:00
-11.809200,-51.859000,GOES-19,2026-08-11 18:40:00
-11.809200,-51.859000,GOES-19,2026-08-11 18:50:00
-11.809200,-51.859000,GOES-19,2026-08-11 19:00:00
-11.809200,-51.859000,GOES-19,2026-08-11 19:10:00
-11.809200,-51.859000,GOES-19,2026-08-11 19:20:00
-11.809200,-51.859000,GOES-19,2026-08-11 19:30:00
-11.809200,-51.859000,GOES-19,2026-08-11 19:40:00
-11.809200,-51.859000,GOES-19,2026-08-11 19:50:00
-11.809200,-51.859000,GOES-19,2026-08-11 20:00:00
-11.809200,-51.859000,GOES-19,2026-08-11 20:10:00
-11.809200,-51.859000,GOES-19,2026-08-11 20:20:00
-11.809200,-51.859000,GOES-19,2026-08-11 20:40:00
-11.828200,-51.857000,GOES-19,2026-08-11 15:50:00
-11.828200,-51.857000,GOES-19,2026-08-11 16:00:00
-11.828200,-51.857000,GOES-19,2026-08-11 16:20:00
-11.828200,-51.857000,GOES-19,2026-08-11 16:30:00
-11.828200,-51.857000,GOES-19,2026-08-11 16:40:00
-11.828200,-51.857000,GOES-19,2026-08-11 16:50:00
-11.828200,-51.857000,GOES-19,2026-08-11 17:00:00
-11.828200,-51.857000,GOES-19,2026-08-11 17:10:00
-11.828200,-51.857000,GOES-19,2026-08-11 17:20:00
-11.828200,-51.857000,GOES-19,2026-08-11 17:40:00
-11.828200,-51.857000,GOES-19,2026-08-11 17:50:00
-11.828200,-51.857000,GOES-19,2026-08-11 18:00:00
-11.828200,-51.857000,GOES-19,2026-08-11 18:10:00
-11.828200,-51.857000,GOES-19,2026-08-11 18:20:00
-11.828200,-51.857000,GOES-19,2026-08-11 18:30:00
-11.828200,-51.857000,GOES-19,2026-08-11 18:40:00
-11.828200,-51.857000,GOES-19,2026-08-11 18:50:00
-11.828200,-51.857000,GOES-19,2026-08-11 19:00:00
-11.828200,-51.857000,GOES-19,2026-08-11 19:10:00
-11.828200,-51.857000,GOES-19,2026-08-11 19:20:00
-11.828200,-51.857000,GOES-19,2026-08-11 19:30:00
-11.828200,-51.857000,GOES-19,2026-08-11 19:40:00
-11.828200,-51.857000,GOES-19,2026-08-11 19:50:00
-11.828200,-51.857000,GOES-19,2026-08-11 20:00:00
-11.828200,-51.857000,GOES-19,2026-08-11 20:10:00
-11.828200,-51.857000,GOES-19,2026-08-11 20:20:00
-11.828200,-51.857000,GOES-19,2026-08-11 20:30:00
-11.828200,-51.857000,GOES-19,2026-08-11 20:40:00
-11.790500,-51.840000,GOES-19,2026-08-11 15:50:00
-11.790500,-51.840000,GOES-19,2026-08-11 16:00:00
-11.790500,-51.840000,GOES-19,2026-08-11 16:20:00
-11.790500,-51.840000,GOES-19,2026-08-11 17:20:00
-11.790500,-51.840000,GOES-19,2026-08-11 17:40:00
-11.790500,-51.840000,GOES-19,2026-08-11 17:50:00
-11.790500,-51.840000,GOES-19,2026-08-11 18:00:00
-11.790500,-51.840000,GOES-19,2026-08-11 18:10:00
-11.790500,-51.840000,GOES-19,2026-08-11 18:20:00
-11.790500,-51.840000,GOES-19,2026-08-11 18:30:00
-11.790500,-51.840000,GOES-19,2026-08-11 18:40:00
-11.790500,-51.840000,GOES-19,2026-08-11 18:50:00
-11.790500,-51.840000,GOES-19,2026-08-11 19:10:00
-11.790500,-51.840000,GOES-19,2026-08-11 19:20:00
-11.809500,-51.837900,GOES-19,2026-08-11 13:50:00
-11.809500,-51.837900,GOES-19,2026-08-11 14:00:00
-11.809500,-51.837900,GOES-19,2026-08-11 14:10:00
-11.809500,-51.837900,GOES-19,2026-08-11 14:20:00
-11.809500,-51.837900,GOES-19,2026-08-11 14:30:00
-11.809500,-51.837900,GOES-19,2026-08-11 15:50:00
-11.809500,-51.837900,GOES-19,2026-08-11 17:30:00
-11.809500,-51.837900,GOES-19,2026-08-11 17:40:00
-11.809500,-51.837900,GOES-19,2026-08-11 17:50:00
-11.809500,-51.837900,GOES-19,2026-08-11 18:00:00
-11.809500,-51.837900,GOES-19,2026-08-11 18:10:00
-11.809500,-51.837900,GOES-19,2026-08-11 18:20:00
-11.809500,-51.837900,GOES-19,2026-08-11 18:30:00
-11.809500,-51.837900,GOES-19,2026-08-11 18:40:00
-11.809500,-51.837900,GOES-19,2026-08-11 18:50:00
-11.809500,-51.837900,GOES-19,2026-08-11 19:00:00
-11.809500,-51.837900,GOES-19,2026-08-11 19:10:00
-11.809500,-51.837900,GOES-19,2026-08-11 19:20:00
-11.809500,-51.837900,GOES-19,2026-08-11 19:30:00
-11.809500,-51.837900,GOES-19,2026-08-11 19:40:00
-11.809500,-51.837900,GOES-19,2026-08-11 19:50:00
-11.809500,-51.837900,GOES-19,2026-08-11 20:00:00
-11.809500,-51.837900,GOES-19,2026-08-11 20:10:00
-11.809500,-51.837900,GOES-19,2026-08-11 20:20:00
-11.809500,-51.837900,GOES-19,2026-08-11 20:30:00
-11.809500,-51.837900,GOES-19,2026-08-11 20:40:00
-11.790800,-51.818900,GOES-19,2026-08-11 15:50:00
-11.790800,-51.818900,GOES-19,2026-08-11 16:00:00
-11.790800,-51.818900,GOES-19,2026-08-11 16:20:00
-11.790800,-51.818900,GOES-19,2026-08-11 17:20:00
-11.809800,-51.816800,GOES-19,2026-08-11 13:50:00
-11.809800,-51.816800,GOES-19,2026-08-11 14:00:00
-11.809800,-51.816800,GOES-19,2026-08-11 14:10:00
-11.809800,-51.816800,GOES-19,2026-08-11 14:20:00
-11.809800,-51.816800,GOES-19,2026-08-11 14:30:00
-11.809800,-51.816800,GOES-19,2026-08-11 18:00:00
-11.809800,-51.816800,GOES-19,2026-08-11 18:10:00
-11.809800,-51.816800,GOES-19,2026-08-11 18:20:00
-11.809800,-51.816800,GOES-19,2026-08-11 18:30:00
-11.809800,-51.816800,GOES-19,2026-08-11 18:40:00
-11.809800,-51.816800,GOES-19,2026-08-11 19:30:00
-11.640500,-51.708700,GOES-19,2026-08-11 16:20:00
-11.813400,-51.563200,GOES-19,2026-08-11 16:20:00
-11.813400,-51.563200,GOES-19,2026-08-11 16:30:00
-11.264300,-51.495600,GOES-19,2026-08-11 17:30:00
-12.408900,-51.198400,GOES-19,2026-08-11 16:00:00
-12.408900,-51.198400,GOES-19,2026-08-11 16:30:00
-12.390100,-51.179300,GOES-19,2026-08-11 14:20:00
-12.390100,-51.179300,GOES-19,2026-08-11 14:30:00
-12.390100,-51.179300,GOES-19,2026-08-11 15:50:00
-12.390100,-51.179300,GOES-19,2026-08-11 16:00:00
-12.390100,-51.179300,GOES-19,2026-08-11 16:10:00
-12.390100,-51.179300,GOES-19,2026-08-11 16:20:00
-12.390100,-51.179300,GOES-19,2026-08-11 16:30:00
-12.390100,-51.179300,GOES-19,2026-08-11 16:40:00
-12.390100,-51.179300,GOES-19,2026-08-11 16:50:00
-12.390100,-51.179300,GOES-19,2026-08-11 17:00:00
-12.390100,-51.179300,GOES-19,2026-08-11 17:10:00
-12.390100,-51.179300,GOES-19,2026-08-11 17:20:00
-12.390100,-51.179300,GOES-19,2026-08-11 17:30:00
-12.390100,-51.179300,GOES-19,2026-08-11 17:40:00
-12.390100,-51.179300,GOES-19,2026-08-11 17:50:00
-12.390100,-51.179300,GOES-19,2026-08-11 18:10:00
-12.390100,-51.179300,GOES-19,2026-08-11 18:40:00
-12.390100,-51.179300,GOES-19,2026-08-11 18:50:00
-12.409200,-51.177000,GOES-19,2026-08-11 15:50:00
-12.409200,-51.177000,GOES-19,2026-08-11 16:00:00
-12.409200,-51.177000,GOES-19,2026-08-11 16:20:00
-17.269200,-50.432200,GOES-19,2026-08-11 18:40:00
-17.269200,-50.432200,GOES-19,2026-08-11 18:50:00
-14.534600,-50.404800,GOES-19,2026-08-11 19:50:00
-14.535000,-50.383000,GOES-19,2026-08-11 18:20:00
-14.535000,-50.383000,GOES-19,2026-08-11 18:30:00
-14.535000,-50.383000,GOES-19,2026-08-11 18:40:00
-14.535000,-50.383000,GOES-19,2026-08-11 18:50:00
-14.554400,-50.380200,GOES-19,2026-08-11 18:00:00
-14.554400,-50.380200,GOES-19,2026-08-11 18:10:00
-14.554400,-50.380200,GOES-19,2026-08-11 18:30:00
-14.554400,-50.380200,GOES-19,2026-08-11 18:40:00
-14.554400,-50.380200,GOES-19,2026-08-11 18:50:00
-14.573800,-50.377400,GOES-19,2026-08-11 18:50:00
-14.535400,-50.361200,GOES-19,2026-08-11 13:30:00
-14.535400,-50.361200,GOES-19,2026-08-11 13:40:00
-14.535400,-50.361200,GOES-19,2026-08-11 13:50:00
-14.535400,-50.361200,GOES-19,2026-08-11 14:10:00
-14.535400,-50.361200,GOES-19,2026-08-11 14:20:00
-14.535400,-50.361200,GOES-19,2026-08-11 14:30:00
-14.535400,-50.361200,GOES-19,2026-08-11 18:00:00
-14.535400,-50.361200,GOES-19,2026-08-11 18:10:00
-14.535400,-50.361200,GOES-19,2026-08-11 18:20:00
-14.535400,-50.361200,GOES-19,2026-08-11 18:40:00
-14.535400,-50.361200,GOES-19,2026-08-11 18:50:00
-14.554800,-50.358400,GOES-19,2026-08-11 13:30:00
-14.554800,-50.358400,GOES-19,2026-08-11 14:10:00
-14.554800,-50.358400,GOES-19,2026-08-11 14:20:00
-14.554800,-50.358400,GOES-19,2026-08-11 14:30:00
-14.554800,-50.358400,GOES-19,2026-08-11 18:00:00
-14.554800,-50.358400,GOES-19,2026-08-11 18:10:00
-14.554800,-50.358400,GOES-19,2026-08-11 18:20:00
-14.554800,-50.358400,GOES-19,2026-08-11 18:50:00
-11.464600,-50.731400,GOES-19,2026-08-11 13:30:00
-11.464600,-50.731400,GOES-19,2026-08-11 14:30:00
-11.464600,-50.731400,GOES-19,2026-08-11 15:50:00
-11.464600,-50.731400,GOES-19,2026-08-11 16:00:00
-11.464600,-50.731400,GOES-19,2026-08-11 16:10:00
-11.464600,-50.731400,GOES-19,2026-08-11 16:20:00
-11.464600,-50.731400,GOES-19,2026-08-11 16:40:00
-11.464600,-50.731400,GOES-19,2026-08-11 17:10:00
-11.464600,-50.731400,GOES-19,2026-08-11 17:20:00
-11.464600,-50.731400,GOES-19,2026-08-11 17:30:00
-14.535800,-50.339500,GOES-19,2026-08-11 13:20:00
-14.535800,-50.339500,GOES-19,2026-08-11 13:30:00
-14.535800,-50.339500,GOES-19,2026-08-11 13:40:00
-14.535800,-50.339500,GOES-19,2026-08-11 13:50:00
-14.535800,-50.339500,GOES-19,2026-08-11 14:10:00
-14.535800,-50.339500,GOES-19,2026-08-11 14:30:00
-14.535800,-50.339500,GOES-19,2026-08-11 18:10:00
-14.555200,-50.336600,GOES-19,2026-08-11 13:30:00
-14.555200,-50.336600,GOES-19,2026-08-11 13:40:00
-14.555200,-50.336600,GOES-19,2026-08-11 14:00:00
-14.555200,-50.336600,GOES-19,2026-08-11 14:10:00
-11.370500,-50.677900,GOES-19,2026-08-11 16:50:00
-11.370500,-50.677900,GOES-19,2026-08-11 17:00:00
-11.370500,-50.677900,GOES-19,2026-08-11 18:20:00
-11.370500,-50.677900,GOES-19,2026-08-11 18:30:00
-11.389500,-50.675800,GOES-19,2026-08-11 17:00:00
-11.389500,-50.675800,GOES-19,2026-08-11 17:10:00
-16.121100,-49.876100,GOES-19,2026-08-11 18:20:00
-16.121100,-49.876100,GOES-19,2026-08-11 18:30:00
-16.121100,-49.876100,GOES-19,2026-08-11 19:00:00
-10.844200,-50.372300,GOES-19,2026-08-11 17:10:00
-10.863200,-50.370300,GOES-19,2026-08-11 17:10:00
-10.825600,-50.352900,GOES-19,2026-08-11 17:00:00
-10.825600,-50.352900,GOES-19,2026-08-11 17:10:00
-10.844500,-50.350900,GOES-19,2026-08-11 17:10:00
-10.863500,-50.348900,GOES-19,2026-08-11 17:10:00
-10.825900,-50.331500,GOES-19,2026-08-11 17:10:00
-12.177100,-50.155700,GOES-19,2026-08-11 17:20:00
-12.177100,-50.155700,GOES-19,2026-08-11 18:00:00
-12.177100,-50.155700,GOES-19,2026-08-11 18:30:00
-12.177100,-50.155700,GOES-19,2026-08-11 18:40:00
-12.177400,-50.134200,GOES-19,2026-08-11 16:30:00
-12.177400,-50.134200,GOES-19,2026-08-11 16:40:00
-12.177400,-50.134200,GOES-19,2026-08-11 16:50:00
-12.177400,-50.134200,GOES-19,2026-08-11 17:00:00
-12.177400,-50.134200,GOES-19,2026-08-11 17:10:00
-12.177400,-50.134200,GOES-19,2026-08-11 17:20:00
-12.177400,-50.134200,GOES-19,2026-08-11 17:30:00
-12.177400,-50.134200,GOES-19,2026-08-11 17:40:00
-12.177400,-50.134200,GOES-19,2026-08-11 17:50:00
-12.177400,-50.134200,GOES-19,2026-08-11 18:00:00
-12.177400,-50.134200,GOES-19,2026-08-11 18:10:00
-12.177400,-50.134200,GOES-19,2026-08-11 18:20:00
-12.177400,-50.134200,GOES-19,2026-08-11 18:30:00
-12.177400,-50.134200,GOES-19,2026-08-11 18:40:00
-12.177400,-50.134200,GOES-19,2026-08-11 18:50:00
-12.177800,-50.112600,GOES-19,2026-08-11 16:10:00
-12.177800,-50.112600,GOES-19,2026-08-11 16:30:00
-12.177800,-50.112600,GOES-19,2026-08-11 16:40:00
-11.663100,-50.152300,GOES-19,2026-08-11 16:20:00
-11.663100,-50.152300,GOES-19,2026-08-11 16:30:00
-11.663100,-50.152300,GOES-19,2026-08-11 16:40:00
-11.663100,-50.152300,GOES-19,2026-08-11 17:30:00
-11.663100,-50.152300,GOES-19,2026-08-11 18:00:00
-11.663400,-50.130800,GOES-19,2026-08-11 15:50:00
-11.663400,-50.130800,GOES-19,2026-08-11 16:20:00
-11.663400,-50.130800,GOES-19,2026-08-11 16:30:00
-11.663400,-50.130800,GOES-19,2026-08-11 16:40:00
-11.663400,-50.130800,GOES-19,2026-08-11 17:30:00
-11.663400,-50.130800,GOES-19,2026-08-11 17:50:00
-11.663400,-50.130800,GOES-19,2026-08-11 18:00:00
-13.581000,-49.800300,GOES-19,2026-08-11 17:50:00
-13.581000,-49.800300,GOES-19,2026-08-11 18:00:00
-13.581000,-49.800300,GOES-19,2026-08-11 18:10:00
-13.581000,-49.800300,GOES-19,2026-08-11 18:20:00
-13.581000,-49.800300,GOES-19,2026-08-11 18:30:00
-13.581000,-49.800300,GOES-19,2026-08-11 18:40:00
-13.581000,-49.800300,GOES-19,2026-08-11 18:50:00
-13.581000,-49.800300,GOES-19,2026-08-11 19:00:00
-13.600300,-49.797700,GOES-19,2026-08-11 18:00:00
-13.600300,-49.797700,GOES-19,2026-08-11 18:10:00
-13.600300,-49.797700,GOES-19,2026-08-11 18:30:00
-15.347000,-49.538400,GOES-19,2026-08-11 19:00:00
-15.347000,-49.538400,GOES-19,2026-08-11 19:10:00
-15.347000,-49.538400,GOES-19,2026-08-11 19:20:00
-13.581400,-49.778500,GOES-19,2026-08-11 18:10:00
-13.581400,-49.778500,GOES-19,2026-08-11 18:20:00
-13.581400,-49.778500,GOES-19,2026-08-11 18:30:00
-13.581400,-49.778500,GOES-19,2026-08-11 18:40:00
-13.581400,-49.778500,GOES-19,2026-08-11 18:50:00
-13.581700,-49.756700,GOES-19,2026-08-11 18:10:00
-13.581700,-49.756700,GOES-19,2026-08-11 18:20:00
-13.581700,-49.756700,GOES-19,2026-08-11 18:30:00
-13.581700,-49.756700,GOES-19,2026-08-11 18:50:00
-13.601400,-49.732200,GOES-19,2026-08-11 15:50:00
-13.601400,-49.732200,GOES-19,2026-08-11 16:00:00
-11.152400,-50.017200,GOES-19,2026-08-11 17:00:00
-11.152400,-50.017200,GOES-19,2026-08-11 17:10:00
-11.152400,-50.017200,GOES-19,2026-08-11 17:20:00
-11.152400,-50.017200,GOES-19,2026-08-11 17:40:00
-11.152400,-50.017200,GOES-19,2026-08-11 17:50:00
-11.171400,-50.015100,GOES-19,2026-08-11 17:00:00
-11.152700,-49.995700,GOES-19,2026-08-11 15:50:00
-11.152700,-49.995700,GOES-19,2026-08-11 16:00:00
-11.152700,-49.995700,GOES-19,2026-08-11 16:10:00
-11.152700,-49.995700,GOES-19,2026-08-11 16:20:00
-11.152700,-49.995700,GOES-19,2026-08-11 17:40:00
-11.152700,-49.995700,GOES-19,2026-08-11 17:50:00
-11.171700,-49.993600,GOES-19,2026-08-11 15:50:00
-11.171700,-49.993600,GOES-19,2026-08-11 16:00:00
-13.795200,-49.661400,GOES-19,2026-08-11 19:30:00
-13.795200,-49.661400,GOES-19,2026-08-11 19:40:00
-13.795200,-49.661400,GOES-19,2026-08-11 19:50:00
-13.294300,-49.709000,GOES-19,2026-08-11 18:10:00
-13.294300,-49.709000,GOES-19,2026-08-11 18:20:00
-13.294300,-49.709000,GOES-19,2026-08-11 18:30:00
-13.294300,-49.709000,GOES-19,2026-08-11 18:40:00
-13.294300,-49.709000,GOES-19,2026-08-11 18:50:00
-17.260000,-49.078600,GOES-19,2026-08-11 19:00:00
-13.294600,-49.687200,GOES-19,2026-08-11 18:00:00
-13.294600,-49.687200,GOES-19,2026-08-11 18:10:00
-13.294600,-49.687200,GOES-19,2026-08-11 18:20:00
-13.294600,-49.687200,GOES-19,2026-08-11 18:30:00
-13.294600,-49.687200,GOES-19,2026-08-11 18:40:00
-13.294600,-49.687200,GOES-19,2026-08-11 18:50:00
-13.313900,-49.684600,GOES-19,2026-08-11 17:50:00
-13.313900,-49.684600,GOES-19,2026-08-11 18:00:00
-13.313900,-49.684600,GOES-19,2026-08-11 18:10:00
-13.313900,-49.684600,GOES-19,2026-08-11 18:20:00
-17.260500,-49.056100,GOES-19,2026-08-11 18:20:00
-17.260500,-49.056100,GOES-19,2026-08-11 18:30:00
-17.260500,-49.056100,GOES-19,2026-08-11 19:00:00
-13.295000,-49.665400,GOES-19,2026-08-11 18:20:00
-13.295000,-49.665400,GOES-19,2026-08-11 18:40:00
-10.433400,-49.987800,GOES-19,2026-08-11 18:40:00
-10.414800,-49.968300,GOES-19,2026-08-11 16:50:00
-10.414800,-49.968300,GOES-19,2026-08-11 18:30:00
-10.414800,-49.968300,GOES-19,2026-08-11 18:40:00
-17.462300,-48.884000,GOES-19,2026-08-11 14:20:00
-17.462300,-48.884000,GOES-19,2026-08-11 14:30:00
-15.177500,-49.256400,GOES-19,2026-08-11 18:10:00
-15.177500,-49.256400,GOES-19,2026-08-11 18:30:00
-15.177500,-49.256400,GOES-19,2026-08-11 18:40:00
-15.177500,-49.256400,GOES-19,2026-08-11 18:50:00
-17.443000,-48.865100,GOES-19,2026-08-11 13:40:00
-17.443000,-48.865100,GOES-19,2026-08-11 13:50:00
-17.443000,-48.865100,GOES-19,2026-08-11 14:00:00
-17.443000,-48.865100,GOES-19,2026-08-11 14:10:00
-17.443000,-48.865100,GOES-19,2026-08-11 14:20:00
-17.443000,-48.865100,GOES-19,2026-08-11 14:30:00
-17.443000,-48.865100,GOES-19,2026-08-11 15:50:00
-17.443000,-48.865100,GOES-19,2026-08-11 16:00:00
-17.443000,-48.865100,GOES-19,2026-08-11 17:20:00
-17.443000,-48.865100,GOES-19,2026-08-11 17:30:00
-17.443000,-48.865100,GOES-19,2026-08-11 17:40:00
-17.443000,-48.865100,GOES-19,2026-08-11 17:50:00
-17.462900,-48.861400,GOES-19,2026-08-11 13:40:00
-17.462900,-48.861400,GOES-19,2026-08-11 14:00:00
-17.462900,-48.861400,GOES-19,2026-08-11 14:10:00
-17.462900,-48.861400,GOES-19,2026-08-11 17:40:00
-17.462900,-48.861400,GOES-19,2026-08-11 17:50:00
-17.462900,-48.861400,GOES-19,2026-08-11 18:00:00
-11.136800,-49.782300,GOES-19,2026-08-11 16:20:00
-11.136800,-49.782300,GOES-19,2026-08-11 16:30:00
-11.136800,-49.782300,GOES-19,2026-08-11 18:00:00
-14.516300,-49.314800,GOES-19,2026-08-11 16:40:00
-14.516300,-49.314800,GOES-19,2026-08-11 17:00:00
-14.516300,-49.314800,GOES-19,2026-08-11 17:10:00
-14.516300,-49.314800,GOES-19,2026-08-11 17:20:00
-11.976800,-49.553600,GOES-19,2026-08-11 15:50:00
-11.976800,-49.553600,GOES-19,2026-08-11 16:00:00
-15.320000,-48.945500,GOES-19,2026-08-11 19:30:00
-15.320000,-48.945500,GOES-19,2026-08-11 19:40:00
-15.320000,-48.945500,GOES-19,2026-08-11 19:50:00
-15.320000,-48.945500,GOES-19,2026-08-11 20:00:00
-15.281400,-48.929600,GOES-19,2026-08-11 18:40:00
-15.281400,-48.929600,GOES-19,2026-08-11 18:50:00
-15.281400,-48.929600,GOES-19,2026-08-11 19:00:00
-15.281400,-48.929600,GOES-19,2026-08-11 19:10:00
-15.281400,-48.929600,GOES-19,2026-08-11 19:40:00
-15.281400,-48.929600,GOES-19,2026-08-11 19:50:00
-15.281400,-48.929600,GOES-19,2026-08-11 20:00:00
-15.301000,-48.926400,GOES-19,2026-08-11 18:30:00
-15.301000,-48.926400,GOES-19,2026-08-11 18:50:00
-15.301000,-48.926400,GOES-19,2026-08-11 19:00:00
-15.301000,-48.926400,GOES-19,2026-08-11 19:10:00
-15.301000,-48.926400,GOES-19,2026-08-11 19:20:00
-15.301000,-48.926400,GOES-19,2026-08-11 19:30:00
-15.301000,-48.926400,GOES-19,2026-08-11 19:40:00
-15.301000,-48.926400,GOES-19,2026-08-11 19:50:00
-15.301000,-48.926400,GOES-19,2026-08-11 20:00:00
-15.320500,-48.923200,GOES-19,2026-08-11 18:20:00
-15.320500,-48.923200,GOES-19,2026-08-11 18:30:00
-15.320500,-48.923200,GOES-19,2026-08-11 18:50:00
-15.320500,-48.923200,GOES-19,2026-08-11 19:00:00
-15.320500,-48.923200,GOES-19,2026-08-11 19:10:00
-15.320500,-48.923200,GOES-19,2026-08-11 19:20:00
-15.320500,-48.923200,GOES-19,2026-08-11 19:30:00
-15.320500,-48.923200,GOES-19,2026-08-11 19:40:00
-15.320500,-48.923200,GOES-19,2026-08-11 19:50:00
-15.320500,-48.923200,GOES-19,2026-08-11 20:00:00
-14.017600,-49.103200,GOES-19,2026-08-11 13:00:00
-14.017600,-49.103200,GOES-19,2026-08-11 13:10:00
-14.017600,-49.103200,GOES-19,2026-08-11 13:30:00
-15.281900,-48.907300,GOES-19,2026-08-11 18:40:00
-15.281900,-48.907300,GOES-19,2026-08-11 18:50:00
-15.281900,-48.907300,GOES-19,2026-08-11 19:00:00
-15.281900,-48.907300,GOES-19,2026-08-11 19:10:00
-15.281900,-48.907300,GOES-19,2026-08-11 19:20:00
-15.281900,-48.907300,GOES-19,2026-08-11 19:40:00
-15.281900,-48.907300,GOES-19,2026-08-11 19:50:00
-15.281900,-48.907300,GOES-19,2026-08-11 20:00:00
-15.301400,-48.904100,GOES-19,2026-08-11 18:30:00
-15.301400,-48.904100,GOES-19,2026-08-11 18:40:00
-15.301400,-48.904100,GOES-19,2026-08-11 18:50:00
-15.301400,-48.904100,GOES-19,2026-08-11 19:00:00
-15.301400,-48.904100,GOES-19,2026-08-11 19:10:00
-15.301400,-48.904100,GOES-19,2026-08-11 19:20:00
-15.301400,-48.904100,GOES-19,2026-08-11 19:30:00
-15.301400,-48.904100,GOES-19,2026-08-11 19:40:00
-15.301400,-48.904100,GOES-19,2026-08-11 19:50:00
-15.301400,-48.904100,GOES-19,2026-08-11 20:00:00
-15.282300,-48.885000,GOES-19,2026-08-11 19:00:00
-15.282300,-48.885000,GOES-19,2026-08-11 19:10:00
-15.282300,-48.885000,GOES-19,2026-08-11 19:20:00
-15.301900,-48.881800,GOES-19,2026-08-11 18:00:00
-15.301900,-48.881800,GOES-19,2026-08-11 18:10:00
-15.301900,-48.881800,GOES-19,2026-08-11 18:20:00
-15.301900,-48.881800,GOES-19,2026-08-11 18:30:00
-15.301900,-48.881800,GOES-19,2026-08-11 18:40:00
-15.301900,-48.881800,GOES-19,2026-08-11 18:50:00
-15.301900,-48.881800,GOES-19,2026-08-11 19:00:00
-15.301900,-48.881800,GOES-19,2026-08-11 19:10:00
-15.301900,-48.881800,GOES-19,2026-08-11 19:20:00
-15.301900,-48.881800,GOES-19,2026-08-11 19:30:00
-15.301900,-48.881800,GOES-19,2026-08-11 19:40:00
-15.301900,-48.881800,GOES-19,2026-08-11 19:50:00
-15.301900,-48.881800,GOES-19,2026-08-11 20:00:00
-15.302300,-48.859500,GOES-19,2026-08-11 19:30:00
-15.619200,-48.628800,GOES-19,2026-08-11 18:30:00
-15.619200,-48.628800,GOES-19,2026-08-11 18:40:00
-15.619200,-48.628800,GOES-19,2026-08-11 18:50:00
-15.619200,-48.628800,GOES-19,2026-08-11 19:00:00
-15.619200,-48.628800,GOES-19,2026-08-11 19:20:00
-15.619200,-48.628800,GOES-19,2026-08-11 19:40:00
-15.619200,-48.628800,GOES-19,2026-08-11 19:50:00
-14.511500,-48.563700,GOES-19,2026-08-11 18:40:00
-14.511500,-48.563700,GOES-19,2026-08-11 19:00:00
-14.511500,-48.563700,GOES-19,2026-08-11 19:10:00
-14.511500,-48.563700,GOES-19,2026-08-11 19:20:00
-14.511500,-48.563700,GOES-19,2026-08-11 19:30:00
-14.511500,-48.563700,GOES-19,2026-08-11 19:40:00
-14.511500,-48.563700,GOES-19,2026-08-11 19:50:00
-14.531000,-48.560700,GOES-19,2026-08-11 17:50:00
-14.531000,-48.560700,GOES-19,2026-08-11 18:40:00
-14.531000,-48.560700,GOES-19,2026-08-11 18:50:00
-14.531000,-48.560700,GOES-19,2026-08-11 19:00:00
-14.531000,-48.560700,GOES-19,2026-08-11 19:10:00
-14.531000,-48.560700,GOES-19,2026-08-11 19:20:00
-14.531000,-48.560700,GOES-19,2026-08-11 19:30:00
-14.511900,-48.541400,GOES-19,2026-08-11 18:30:00
-14.511900,-48.541400,GOES-19,2026-08-11 18:40:00
-14.511900,-48.541400,GOES-19,2026-08-11 18:50:00
-14.531400,-48.538400,GOES-19,2026-08-11 17:50:00
-14.531400,-48.538400,GOES-19,2026-08-11 18:00:00
-14.531400,-48.538400,GOES-19,2026-08-11 18:10:00
-14.531400,-48.538400,GOES-19,2026-08-11 18:20:00
-14.531400,-48.538400,GOES-19,2026-08-11 18:30:00
-14.531400,-48.538400,GOES-19,2026-08-11 18:40:00
-14.531400,-48.538400,GOES-19,2026-08-11 18:50:00
-14.531400,-48.538400,GOES-19,2026-08-11 19:00:00
-14.531400,-48.538400,GOES-19,2026-08-11 19:10:00
-14.531400,-48.538400,GOES-19,2026-08-11 19:20:00
-14.531400,-48.538400,GOES-19,2026-08-11 19:30:00
-14.512400,-48.519100,GOES-19,2026-08-11 18:40:00
-14.531800,-48.516100,GOES-19,2026-08-11 18:40:00
-9.941300,-48.657300,GOES-19,2026-08-11 18:50:00
-9.941300,-48.657300,GOES-19,2026-08-11 19:00:00
-3.851200,-49.035500,GOES-19,2026-08-11 18:40:00
-3.851200,-49.035500,GOES-19,2026-08-11 18:50:00
-9.585700,-48.433000,GOES-19,2026-08-11 16:10:00
-9.585700,-48.433000,GOES-19,2026-08-11 16:40:00
0.571100,-78.432900,GOES-19,2026-08-12 03:20:00
8.301500,-73.295000,GOES-19,2026-08-12 03:20:00
8.301600,-73.276700,GOES-19,2026-08-12 03:20:00
8.283100,-73.313300,GOES-19,2026-08-12 03:20:00
8.283100,-73.295100,GOES-19,2026-08-12 03:20:00
8.283100,-73.276800,GOES-19,2026-08-12 03:20:00
8.264700,-73.295200,GOES-19,2026-08-12 03:20:00
5.842700,-75.498200,GOES-19,2026-08-12 03:20:00
0.589200,-78.414900,GOES-19,2026-08-12 03:20:00
0.571100,-78.414900,GOES-19,2026-08-12 03:20:00
0.571100,-78.396800,GOES-19,2026-08-12 03:20:00
-15.574000,-60.795400,GOES-19,2026-08-12 03:20:00
-16.088200,-61.482900,GOES-19,2026-08-12 03:20:00
-11.467700,-44.579100,GOES-19,2026-08-12 03:20:00
-11.468100,-44.555800,GOES-19,2026-08-12 03:20:00
-11.486900,-44.576300,GOES-19,2026-08-12 03:20:00
-11.487300,-44.553000,GOES-19,2026-08-12 03:20:00
-8.960000,-60.535800,GOES-19,2026-08-12 03:20:00
-8.960100,-60.516500,GOES-19,2026-08-12 03:20:00
-11.953500,-46.344400,GOES-19,2026-08-12 03:20:00
-11.971900,-46.387100,GOES-19,2026-08-12 03:20:00