lat,lon,satelite,data
-1.116600,-48.850400,GOES-19,2026-10-01 15:30:00
-12.212600,-47.966900,GOES-19,2026-10-01 13:00:00
-12.212600,-47.966900,GOES-19,2026-10-01 13:10:00
-12.212600,-47.966900,GOES-19,2026-10-01 13:20:00
-12.212600,-47.966900,GOES-19,2026-10-01 13:30:00
-12.212600,-47.966900,GOES-19,2026-10-01 13:40:00
-12.212600,-47.966900,GOES-19,2026-10-01 13:50:00
-2.077200,-48.705900,GOES-19,2026-10-01 18:40:00
-0.249300,-48.492800,GOES-19,2026-10-01 18:50:00
-11.419100,-47.471900,GOES-19,2026-10-01 13:10:00
-11.419100,-47.471900,GOES-19,2026-10-01 14:00:00
-11.419100,-47.471900,GOES-19,2026-10-01 14:10:00
-11.419100,-47.471900,GOES-19,2026-10-01 14:20:00
-11.419100,-47.471900,GOES-19,2026-10-01 14:50:00
-10.926900,-47.311600,GOES-19,2026-10-01 13:50:00
-10.926900,-47.311600,GOES-19,2026-10-01 14:00:00
-10.926900,-47.311600,GOES-19,2026-10-01 14:20:00
-10.945900,-47.309200,GOES-19,2026-10-01 14:00:00
-10.927200,-47.289300,GOES-19,2026-10-01 13:50:00
-10.927200,-47.289300,GOES-19,2026-10-01 14:00:00
-10.927200,-47.289300,GOES-19,2026-10-01 14:10:00
-10.776300,-47.218800,GOES-19,2026-10-01 14:00:00
-10.776300,-47.218800,GOES-19,2026-10-01 14:10:00
-10.776300,-47.218800,GOES-19,2026-10-01 14:20:00
-1.580500,-47.746200,GOES-19,2026-10-01 18:30:00
-1.580500,-47.746200,GOES-19,2026-10-01 18:40:00
-6.202800,-47.480700,GOES-19,2026-10-01 19:10:00
-8.339500,-47.217400,GOES-19,2026-10-01 14:00:00
-8.339500,-47.217400,GOES-19,2026-10-01 14:40:00
-15.517000,-46.148900,GOES-19,2026-10-01 14:10:00
-15.498400,-46.106200,GOES-19,2026-10-01 13:00:00
-12.316700,-46.382900,GOES-19,2026-10-01 14:20:00
-12.316700,-46.382900,GOES-19,2026-10-01 14:50:00
-12.316700,-46.382900,GOES-19,2026-10-01 15:00:00
-12.336000,-46.380100,GOES-19,2026-10-01 14:20:00
-12.336000,-46.380100,GOES-19,2026-10-01 14:40:00
-12.336000,-46.380100,GOES-19,2026-10-01 14:50:00
-12.336000,-46.380100,GOES-19,2026-10-01 15:00:00
-16.852700,-45.441500,GOES-19,2026-10-01 12:20:00
-16.852700,-45.441500,GOES-19,2026-10-01 12:30:00
-16.852700,-45.441500,GOES-19,2026-10-01 13:20:00
-9.253300,-46.457100,GOES-19,2026-10-01 13:50:00
-9.253300,-46.457100,GOES-19,2026-10-01 14:20:00
-9.234700,-46.436700,GOES-19,2026-10-01 14:10:00
-8.499600,-46.423800,GOES-19,2026-10-01 13:40:00
-3.326000,-46.559500,GOES-19,2026-10-01 18:40:00
-3.344700,-46.536700,GOES-19,2026-10-01 18:40:00
-3.344700,-46.536700,GOES-19,2026-10-01 19:10:00
-3.344700,-46.536700,GOES-19,2026-10-01 19:30:00
-3.344700,-46.536700,GOES-19,2026-10-01 19:40:00
-9.640800,-45.782500,GOES-19,2026-10-01 13:20:00
-9.640800,-45.782500,GOES-19,2026-10-01 13:40:00
-9.640800,-45.782500,GOES-19,2026-10-01 14:00:00
-9.659800,-45.780300,GOES-19,2026-10-01 13:30:00
-9.678700,-45.778100,GOES-19,2026-10-01 13:30:00
-9.621800,-45.784700,GOES-19,2026-10-01 13:40:00
-15.667900,-44.717700,GOES-19,2026-10-01 14:20:00
-15.648700,-44.697900,GOES-19,2026-10-01 13:00:00
-15.648700,-44.697900,GOES-19,2026-10-01 13:10:00
-15.648700,-44.697900,GOES-19,2026-10-01 13:50:00
-4.686400,-45.984500,GOES-19,2026-10-01 18:30:00
-14.357900,-44.733400,GOES-19,2026-10-01 12:00:00
-14.357900,-44.733400,GOES-19,2026-10-01 12:10:00
-14.357900,-44.733400,GOES-19,2026-10-01 12:20:00
-14.357900,-44.733400,GOES-19,2026-10-01 12:30:00
-14.357900,-44.733400,GOES-19,2026-10-01 12:40:00
-14.357900,-44.733400,GOES-19,2026-10-01 12:50:00
-14.357900,-44.733400,GOES-19,2026-10-01 13:00:00
-14.357900,-44.733400,GOES-19,2026-10-01 13:10:00
-14.357900,-44.733400,GOES-19,2026-10-01 13:20:00
-14.357900,-44.733400,GOES-19,2026-10-01 13:30:00
-14.357900,-44.733400,GOES-19,2026-10-01 13:40:00
-14.357900,-44.733400,GOES-19,2026-10-01 13:50:00
-14.357900,-44.733400,GOES-19,2026-10-01 14:00:00
-14.357900,-44.733400,GOES-19,2026-10-01 14:10:00
-14.357900,-44.733400,GOES-19,2026-10-01 14:20:00
-14.357900,-44.733400,GOES-19,2026-10-01 14:40:00
-14.357900,-44.733400,GOES-19,2026-10-01 14:50:00
-14.357900,-44.733400,GOES-19,2026-10-01 15:00:00
-14.357900,-44.733400,GOES-19,2026-10-01 17:50:00
-14.377500,-44.729800,GOES-19,2026-10-01 12:00:00
-14.377500,-44.729800,GOES-19,2026-10-01 12:30:00
-14.377500,-44.729800,GOES-19,2026-10-01 13:20:00
-14.377500,-44.729800,GOES-19,2026-10-01 13:30:00
-14.377500,-44.729800,GOES-19,2026-10-01 13:50:00
-14.377500,-44.729800,GOES-19,2026-10-01 14:00:00
-14.377500,-44.729800,GOES-19,2026-10-01 14:10:00
-14.377500,-44.729800,GOES-19,2026-10-01 14:20:00
-14.377500,-44.729800,GOES-19,2026-10-01 14:30:00
-14.377500,-44.729800,GOES-19,2026-10-01 14:50:00
-11.208300,-45.217000,GOES-19,2026-10-01 13:50:00
-11.227500,-45.214300,GOES-19,2026-10-01 11:30:00
-11.227500,-45.214300,GOES-19,2026-10-01 12:40:00
-11.227500,-45.214300,GOES-19,2026-10-01 13:50:00
-11.246600,-45.211600,GOES-19,2026-10-01 13:50:00
-11.246600,-45.211600,GOES-19,2026-10-01 14:00:00
-11.246600,-45.211600,GOES-19,2026-10-01 14:30:00
-11.246600,-45.211600,GOES-19,2026-10-01 14:40:00
-11.208700,-45.193900,GOES-19,2026-10-01 13:50:00
-11.227800,-45.191300,GOES-19,2026-10-01 13:50:00
-11.247000,-45.188600,GOES-19,2026-10-01 11:20:00
-11.247000,-45.188600,GOES-19,2026-10-01 11:30:00
-11.247000,-45.188600,GOES-19,2026-10-01 11:40:00
-11.247000,-45.188600,GOES-19,2026-10-01 12:10:00
-11.247000,-45.188600,GOES-19,2026-10-01 12:30:00
-11.247000,-45.188600,GOES-19,2026-10-01 12:40:00
-11.247000,-45.188600,GOES-19,2026-10-01 12:50:00
-11.247000,-45.188600,GOES-19,2026-10-01 13:40:00
-11.247000,-45.188600,GOES-19,2026-10-01 13:50:00
-11.247000,-45.188600,GOES-19,2026-10-01 14:10:00
-11.247000,-45.188600,GOES-19,2026-10-01 14:30:00
-11.247000,-45.188600,GOES-19,2026-10-01 14:40:00
-8.190500,-45.532000,GOES-19,2026-10-01 12:50:00
-8.190500,-45.532000,GOES-19,2026-10-01 13:00:00
-8.190500,-45.532000,GOES-19,2026-10-01 13:10:00
-8.190500,-45.532000,GOES-19,2026-10-01 13:20:00
-8.190500,-45.532000,GOES-19,2026-10-01 13:30:00
-8.190500,-45.532000,GOES-19,2026-10-01 14:30:00
-11.228200,-45.168200,GOES-19,2026-10-01 13:50:00
-9.514200,-45.365500,GOES-19,2026-10-01 21:50:00
-9.514200,-45.365500,GOES-19,2026-10-01 22:10:00
-9.514200,-45.365500,GOES-19,2026-10-01 22:20:00
-9.533200,-45.363300,GOES-19,2026-10-01 21:50:00
-9.514600,-45.342700,GOES-19,2026-10-01 21:50:00
-9.514600,-45.342700,GOES-19,2026-10-01 22:10:00
-9.514600,-45.342700,GOES-19,2026-10-01 22:20:00
-8.625700,-45.396500,GOES-19,2026-10-01 12:40:00
-8.625700,-45.396500,GOES-19,2026-10-01 13:00:00
-12.922900,-44.818600,GOES-19,2026-10-01 14:10:00
-12.922900,-44.818600,GOES-19,2026-10-01 14:20:00
-12.922900,-44.818600,GOES-19,2026-10-01 14:30:00
-8.607100,-45.375700,GOES-19,2026-10-01 12:40:00
-8.607100,-45.375700,GOES-19,2026-10-01 12:50:00
-8.607100,-45.375700,GOES-19,2026-10-01 13:00:00
-8.607100,-45.375700,GOES-19,2026-10-01 13:30:00
-11.657900,-43.589900,GOES-19,2026-10-01 13:40:00
-12.885600,-44.754800,GOES-19,2026-10-01 13:30:00
-12.885600,-44.754800,GOES-19,2026-10-01 13:50:00
-12.885600,-44.754800,GOES-19,2026-10-01 14:00:00
-12.885600,-44.754800,GOES-19,2026-10-01 14:10:00
-12.885600,-44.754800,GOES-19,2026-10-01 14:20:00
-12.885600,-44.754800,GOES-19,2026-10-01 14:30:00
-12.885600,-44.754800,GOES-19,2026-10-01 14:40:00
-12.885600,-44.754800,GOES-19,2026-10-01 15:10:00
-12.866700,-44.734600,GOES-19,2026-10-01 13:00:00
-12.866700,-44.734600,GOES-19,2026-10-01 13:10:00
-12.866700,-44.734600,GOES-19,2026-10-01 13:20:00
-12.866700,-44.734600,GOES-19,2026-10-01 13:30:00
-12.866700,-44.734600,GOES-19,2026-10-01 13:50:00
-12.866700,-44.734600,GOES-19,2026-10-01 14:20:00
-12.866700,-44.734600,GOES-19,2026-10-01 14:30:00
-12.866700,-44.734600,GOES-19,2026-10-01 14:40:00
-12.866700,-44.734600,GOES-19,2026-10-01 15:10:00
-12.886000,-44.731400,GOES-19,2026-10-01 12:50:00
-12.886000,-44.731400,GOES-19,2026-10-01 13:00:00
-12.886000,-44.731400,GOES-19,2026-10-01 13:10:00
-12.886000,-44.731400,GOES-19,2026-10-01 13:20:00
-12.886000,-44.731400,GOES-19,2026-10-01 13:30:00
-12.886000,-44.731400,GOES-19,2026-10-01 13:40:00
-12.886000,-44.731400,GOES-19,2026-10-01 13:50:00
-12.886000,-44.731400,GOES-19,2026-10-01 14:00:00
-12.886000,-44.731400,GOES-19,2026-10-01 14:10:00
-12.886000,-44.731400,GOES-19,2026-10-01 14:20:00
-12.886000,-44.731400,GOES-19,2026-10-01 14:30:00
-12.886000,-44.731400,GOES-19,2026-10-01 14:40:00
-12.886000,-44.731400,GOES-19,2026-10-01 15:00:00
-8.646000,-45.280600,GOES-19,2026-10-01 14:30:00
-12.175500,-44.658400,GOES-19,2026-10-01 13:50:00
-12.175500,-44.658400,GOES-19,2026-10-01 14:00:00
-12.175500,-44.658400,GOES-19,2026-10-01 14:20:00
-12.175500,-44.658400,GOES-19,2026-10-01 14:30:00
-9.825000,-44.847200,GOES-19,2026-10-01 22:40:00
-9.844000,-44.844900,GOES-19,2026-10-01 22:40:00
-9.825400,-44.824200,GOES-19,2026-10-01 11:50:00
-9.825400,-44.824200,GOES-19,2026-10-01 13:10:00
-9.825400,-44.824200,GOES-19,2026-10-01 13:20:00
-9.825400,-44.824200,GOES-19,2026-10-01 13:30:00
-9.825400,-44.824200,GOES-19,2026-10-01 13:40:00
-9.825400,-44.824200,GOES-19,2026-10-01 14:00:00
-9.844400,-44.821800,GOES-19,2026-10-01 14:00:00
-9.844400,-44.821800,GOES-19,2026-10-01 22:40:00
-9.825700,-44.801100,GOES-19,2026-10-01 13:50:00
-9.825700,-44.801100,GOES-19,2026-10-01 14:00:00
-9.825700,-44.801100,GOES-19,2026-10-01 14:10:00
-9.825700,-44.801100,GOES-19,2026-10-01 14:20:00
-9.825700,-44.801100,GOES-19,2026-10-01 14:30:00
-11.122800,-44.628800,GOES-19,2026-10-01 14:30:00
-11.142000,-44.626100,GOES-19,2026-10-01 14:30:00
-4.244200,-45.268000,GOES-19,2026-10-01 18:50:00
-7.841500,-44.815600,GOES-19,2026-10-01 14:30:00
-6.619700,-44.903700,GOES-19,2026-10-01 14:00:00
-12.453500,-44.193700,GOES-19,2026-10-01 13:50:00
-12.472800,-44.190600,GOES-19,2026-10-01 13:50:00
-12.453900,-44.170200,GOES-19,2026-10-01 13:50:00
-12.473200,-44.167000,GOES-19,2026-10-01 13:50:00
-5.141400,-44.967000,GOES-19,2026-10-01 19:00:00
-5.141400,-44.967000,GOES-19,2026-10-01 19:10:00
-12.454400,-44.146600,GOES-19,2026-10-01 13:50:00
-12.473700,-44.143500,GOES-19,2026-10-01 13:40:00
-12.473700,-44.143500,GOES-19,2026-10-01 13:50:00
-12.473700,-44.143500,GOES-19,2026-10-01 14:00:00
-5.141600,-44.944300,GOES-19,2026-10-01 19:10:00
-5.141600,-44.944300,GOES-19,2026-10-01 19:20:00
-5.141600,-44.944300,GOES-19,2026-10-01 19:40:00
-13.328700,-43.857300,GOES-19,2026-10-01 14:30:00
-13.348600,-43.830100,GOES-19,2026-10-01 18:40:00
-13.348600,-43.830100,GOES-19,2026-10-01 19:30:00
-13.857300,-43.619300,GOES-19,2026-10-01 19:00:00
-13.857300,-43.619300,GOES-19,2026-10-01 19:10:00
-13.857300,-43.619300,GOES-19,2026-10-01 19:20:00
-12.888800,-43.625500,GOES-19,2026-10-01 18:10:00
-5.650000,-44.476600,GOES-19,2026-10-01 18:30:00
-5.650000,-44.476600,GOES-19,2026-10-01 19:00:00
-5.650000,-44.476600,GOES-19,2026-10-01 19:10:00
-5.650000,-44.476600,GOES-19,2026-10-01 19:20:00
-8.547700,-44.143100,GOES-19,2026-10-01 13:30:00
-8.547700,-44.143100,GOES-19,2026-10-01 13:40:00
-8.547700,-44.143100,GOES-19,2026-10-01 13:50:00
-8.566600,-44.141000,GOES-19,2026-10-01 13:30:00
-8.566600,-44.141000,GOES-19,2026-10-01 13:40:00
-8.566600,-44.141000,GOES-19,2026-10-01 14:10:00
-13.104100,-43.493100,GOES-19,2026-10-01 19:30:00
-13.104100,-43.493100,GOES-19,2026-10-01 19:40:00
-13.104100,-43.493100,GOES-19,2026-10-01 19:50:00
-8.340000,-44.142700,GOES-19,2026-10-01 11:10:00
-8.340000,-44.142700,GOES-19,2026-10-01 11:20:00
-8.340000,-44.142700,GOES-19,2026-10-01 11:30:00
-8.340000,-44.142700,GOES-19,2026-10-01 11:40:00
-8.340000,-44.142700,GOES-19,2026-10-01 11:50:00
-8.340000,-44.142700,GOES-19,2026-10-01 12:00:00
-8.340000,-44.142700,GOES-19,2026-10-01 12:10:00
-8.340000,-44.142700,GOES-19,2026-10-01 12:20:00
-8.340000,-44.142700,GOES-19,2026-10-01 12:30:00
-8.340000,-44.142700,GOES-19,2026-10-01 12:40:00
-11.676700,-43.610600,GOES-19,2026-10-01 21:30:00
-11.676700,-43.610600,GOES-19,2026-10-01 22:00:00
-11.676700,-43.610600,GOES-19,2026-10-01 22:10:00
-11.695900,-43.607700,GOES-19,2026-10-01 21:30:00
-11.695900,-43.607700,GOES-19,2026-10-01 22:00:00
-11.695900,-43.607700,GOES-19,2026-10-01 22:10:00
-11.695900,-43.607700,GOES-19,2026-10-01 22:20:00
-11.657900,-43.589900,GOES-19,2026-10-01 13:20:00
-11.657900,-43.589900,GOES-19,2026-10-01 13:30:00
-11.657900,-43.589900,GOES-19,2026-10-01 13:50:00
-11.677100,-43.587000,GOES-19,2026-10-01 13:30:00
-11.677100,-43.587000,GOES-19,2026-10-01 13:40:00
-11.677100,-43.587000,GOES-19,2026-10-01 13:50:00
-11.677100,-43.587000,GOES-19,2026-10-01 21:30:00
-11.677100,-43.587000,GOES-19,2026-10-01 22:00:00
-11.677100,-43.587000,GOES-19,2026-10-01 22:10:00
-11.677100,-43.587000,GOES-19,2026-10-01 22:20:00
-11.696400,-43.584000,GOES-19,2026-10-01 21:30:00
-11.696400,-43.584000,GOES-19,2026-10-01 21:50:00
-11.696400,-43.584000,GOES-19,2026-10-01 22:00:00
-11.696400,-43.584000,GOES-19,2026-10-01 22:10:00
-11.696400,-43.584000,GOES-19,2026-10-01 22:20:00
-11.696400,-43.584000,GOES-19,2026-10-01 22:30:00
-11.696400,-43.584000,GOES-19,2026-10-01 22:40:00
-11.715600,-43.581000,GOES-19,2026-10-01 19:00:00
-11.715600,-43.581000,GOES-19,2026-10-01 21:30:00
-11.715600,-43.581000,GOES-19,2026-10-01 21:50:00
-11.715600,-43.581000,GOES-19,2026-10-01 22:00:00
-11.715600,-43.581000,GOES-19,2026-10-01 22:10:00
-11.715600,-43.581000,GOES-19,2026-10-01 22:20:00
-11.715600,-43.581000,GOES-19,2026-10-01 22:30:00
-11.715600,-43.581000,GOES-19,2026-10-01 22:40:00
-11.734800,-43.578000,GOES-19,2026-10-01 18:50:00
-11.734800,-43.578000,GOES-19,2026-10-01 19:00:00
-11.734800,-43.578000,GOES-19,2026-10-01 19:10:00
-11.734800,-43.578000,GOES-19,2026-10-01 21:30:00
-11.734800,-43.578000,GOES-19,2026-10-01 21:50:00
-11.734800,-43.578000,GOES-19,2026-10-01 22:00:00
-11.734800,-43.578000,GOES-19,2026-10-01 22:10:00
-11.734800,-43.578000,GOES-19,2026-10-01 22:20:00
-11.734800,-43.578000,GOES-19,2026-10-01 22:30:00
-11.734800,-43.578000,GOES-19,2026-10-01 22:40:00
-11.734800,-43.578000,GOES-19,2026-10-01 22:50:00
-11.734800,-43.578000,GOES-19,2026-10-01 23:00:00
-11.734800,-43.578000,GOES-19,2026-10-01 23:10:00
-11.734800,-43.578000,GOES-19,2026-10-01 23:20:00
-11.734800,-43.578000,GOES-19,2026-10-01 23:30:00
-11.754100,-43.574900,GOES-19,2026-10-01 21:30:00
-11.754100,-43.574900,GOES-19,2026-10-01 21:40:00
-11.754100,-43.574900,GOES-19,2026-10-01 21:50:00
-11.754100,-43.574900,GOES-19,2026-10-01 22:00:00
-11.754100,-43.574900,GOES-19,2026-10-01 22:10:00
-11.754100,-43.574900,GOES-19,2026-10-01 22:20:00
-11.754100,-43.574900,GOES-19,2026-10-01 22:30:00
-11.754100,-43.574900,GOES-19,2026-10-01 22:40:00
-11.754100,-43.574900,GOES-19,2026-10-01 22:50:00
-11.754100,-43.574900,GOES-19,2026-10-01 23:00:00
-11.754100,-43.574900,GOES-19,2026-10-01 23:10:00
-11.754100,-43.574900,GOES-19,2026-10-01 23:20:00
-11.754100,-43.574900,GOES-19,2026-10-01 23:30:00
-11.754100,-43.574900,GOES-19,2026-10-01 23:50:00
-11.773300,-43.571900,GOES-19,2026-10-01 21:30:00
-11.773300,-43.571900,GOES-19,2026-10-01 21:40:00
-11.773300,-43.571900,GOES-19,2026-10-01 21:50:00
-11.773300,-43.571900,GOES-19,2026-10-01 22:00:00
-11.773300,-43.571900,GOES-19,2026-10-01 22:10:00
-11.773300,-43.571900,GOES-19,2026-10-01 22:20:00
-11.773300,-43.571900,GOES-19,2026-10-01 22:30:00
-11.773300,-43.571900,GOES-19,2026-10-01 22:40:00
-11.773300,-43.571900,GOES-19,2026-10-01 22:50:00
-11.773300,-43.571900,GOES-19,2026-10-01 23:00:00
-11.773300,-43.571900,GOES-19,2026-10-01 23:10:00
-11.773300,-43.571900,GOES-19,2026-10-01 23:20:00
-11.773300,-43.571900,GOES-19,2026-10-01 23:30:00
-11.773300,-43.571900,GOES-19,2026-10-01 23:50:00
-11.792600,-43.568900,GOES-19,2026-10-01 21:40:00
-11.792600,-43.568900,GOES-19,2026-10-01 21:50:00
-11.792600,-43.568900,GOES-19,2026-10-01 22:00:00
-11.792600,-43.568900,GOES-19,2026-10-01 22:10:00
-11.792600,-43.568900,GOES-19,2026-10-01 22:20:00
-11.792600,-43.568900,GOES-19,2026-10-01 22:30:00
-11.792600,-43.568900,GOES-19,2026-10-01 22:40:00
-11.792600,-43.568900,GOES-19,2026-10-01 22:50:00
-11.792600,-43.568900,GOES-19,2026-10-01 23:00:00
-11.792600,-43.568900,GOES-19,2026-10-01 23:10:00
-11.792600,-43.568900,GOES-19,2026-10-01 23:20:00
-11.792600,-43.568900,GOES-19,2026-10-01 23:30:00
-11.792600,-43.568900,GOES-19,2026-10-01 23:50:00
-3.057500,-44.392000,GOES-19,2026-10-01 17:40:00
-3.057500,-44.392000,GOES-19,2026-10-01 17:50:00
-11.619900,-43.572200,GOES-19,2026-10-01 13:20:00
-11.619900,-43.572200,GOES-19,2026-10-01 19:00:00
-11.619900,-43.572200,GOES-19,2026-10-01 19:10:00
-11.619900,-43.572200,GOES-19,2026-10-01 19:20:00
-11.639100,-43.569200,GOES-19,2026-10-01 13:20:00
-11.639100,-43.569200,GOES-19,2026-10-01 19:00:00
-11.639100,-43.569200,GOES-19,2026-10-01 19:10:00
-11.639100,-43.569200,GOES-19,2026-10-01 19:20:00
-11.658300,-43.566200,GOES-19,2026-10-01 13:10:00
-11.658300,-43.566200,GOES-19,2026-10-01 13:20:00
-11.658300,-43.566200,GOES-19,2026-10-01 13:30:00
-11.658300,-43.566200,GOES-19,2026-10-01 13:40:00
-11.677600,-43.563300,GOES-19,2026-10-01 13:10:00
-11.677600,-43.563300,GOES-19,2026-10-01 13:20:00
-11.677600,-43.563300,GOES-19,2026-10-01 13:30:00
-11.677600,-43.563300,GOES-19,2026-10-01 13:40:00
-11.696800,-43.560300,GOES-19,2026-10-01 13:40:00
-11.696800,-43.560300,GOES-19,2026-10-01 21:30:00
-11.716000,-43.557300,GOES-19,2026-10-01 21:50:00
-11.716000,-43.557300,GOES-19,2026-10-01 22:00:00
-11.735300,-43.554200,GOES-19,2026-10-01 21:30:00
-11.735300,-43.554200,GOES-19,2026-10-01 21:40:00
-11.735300,-43.554200,GOES-19,2026-10-01 21:50:00
-11.735300,-43.554200,GOES-19,2026-10-01 22:00:00
-11.735300,-43.554200,GOES-19,2026-10-01 22:10:00
-11.735300,-43.554200,GOES-19,2026-10-01 22:20:00
-11.735300,-43.554200,GOES-19,2026-10-01 22:30:00
-11.735300,-43.554200,GOES-19,2026-10-01 22:40:00
-11.735300,-43.554200,GOES-19,2026-10-01 22:50:00
-11.735300,-43.554200,GOES-19,2026-10-01 23:00:00
-11.735300,-43.554200,GOES-19,2026-10-01 23:10:00
-11.735300,-43.554200,GOES-19,2026-10-01 23:20:00
-11.754500,-43.551200,GOES-19,2026-10-01 21:30:00
-11.754500,-43.551200,GOES-19,2026-10-01 21:40:00
-11.754500,-43.551200,GOES-19,2026-10-01 21:50:00
-11.754500,-43.551200,GOES-19,2026-10-01 22:00:00
-11.754500,-43.551200,GOES-19,2026-10-01 22:10:00
-11.754500,-43.551200,GOES-19,2026-10-01 22:20:00
-11.754500,-43.551200,GOES-19,2026-10-01 22:30:00
-11.754500,-43.551200,GOES-19,2026-10-01 22:40:00
-11.754500,-43.551200,GOES-19,2026-10-01 22:50:00
-11.754500,-43.551200,GOES-19,2026-10-01 23:00:00
-11.754500,-43.551200,GOES-19,2026-10-01 23:10:00
-11.754500,-43.551200,GOES-19,2026-10-01 23:20:00
-11.754500,-43.551200,GOES-19,2026-10-01 23:30:00
-11.754500,-43.551200,GOES-19,2026-10-01 23:50:00
-11.773800,-43.548200,GOES-19,2026-10-01 21:30:00
-11.773800,-43.548200,GOES-19,2026-10-01 21:40:00
-11.773800,-43.548200,GOES-19,2026-10-01 21:50:00
-11.773800,-43.548200,GOES-19,2026-10-01 22:00:00
-11.773800,-43.548200,GOES-19,2026-10-01 22:10:00
-11.773800,-43.548200,GOES-19,2026-10-01 22:20:00
-11.773800,-43.548200,GOES-19,2026-10-01 22:30:00
-11.773800,-43.548200,GOES-19,2026-10-01 22:40:00
-11.773800,-43.548200,GOES-19,2026-10-01 22:50:00
-11.773800,-43.548200,GOES-19,2026-10-01 23:00:00
-11.773800,-43.548200,GOES-19,2026-10-01 23:10:00
-11.773800,-43.548200,GOES-19,2026-10-01 23:20:00
-11.773800,-43.548200,GOES-19,2026-10-01 23:30:00
-11.773800,-43.548200,GOES-19,2026-10-01 23:50:00
-11.793000,-43.545200,GOES-19,2026-10-01 21:30:00
-11.793000,-43.545200,GOES-19,2026-10-01 21:40:00
-11.793000,-43.545200,GOES-19,2026-10-01 21:50:00
-11.793000,-43.545200,GOES-19,2026-10-01 22:00:00
-11.793000,-43.545200,GOES-19,2026-10-01 22:10:00
-11.793000,-43.545200,GOES-19,2026-10-01 22:20:00
-11.793000,-43.545200,GOES-19,2026-10-01 22:30:00
-11.793000,-43.545200,GOES-19,2026-10-01 22:40:00
-11.793000,-43.545200,GOES-19,2026-10-01 22:50:00
-11.793000,-43.545200,GOES-19,2026-10-01 23:00:00
-11.793000,-43.545200,GOES-19,2026-10-01 23:10:00
-11.793000,-43.545200,GOES-19,2026-10-01 23:20:00
-11.793000,-43.545200,GOES-19,2026-10-01 23:30:00
-11.793000,-43.545200,GOES-19,2026-10-01 23:50:00
-11.312900,-43.595500,GOES-19,2026-10-01 18:40:00
-11.312900,-43.595500,GOES-19,2026-10-01 18:50:00
-11.312900,-43.595500,GOES-19,2026-10-01 19:00:00
-11.312900,-43.595500,GOES-19,2026-10-01 19:10:00
-11.601100,-43.551500,GOES-19,2026-10-01 13:20:00
-11.601100,-43.551500,GOES-19,2026-10-01 19:00:00
-11.601100,-43.551500,GOES-19,2026-10-01 19:10:00
-11.601100,-43.551500,GOES-19,2026-10-01 19:20:00
-11.620300,-43.548500,GOES-19,2026-10-01 13:10:00
-11.620300,-43.548500,GOES-19,2026-10-01 13:20:00
-11.620300,-43.548500,GOES-19,2026-10-01 13:30:00
-11.620300,-43.548500,GOES-19,2026-10-01 13:40:00
-11.620300,-43.548500,GOES-19,2026-10-01 14:00:00
-11.620300,-43.548500,GOES-19,2026-10-01 19:00:00
-11.620300,-43.548500,GOES-19,2026-10-01 19:10:00
-11.620300,-43.548500,GOES-19,2026-10-01 19:20:00
-11.639500,-43.545500,GOES-19,2026-10-01 13:10:00
-11.639500,-43.545500,GOES-19,2026-10-01 13:20:00
-11.639500,-43.545500,GOES-19,2026-10-01 13:30:00
-11.639500,-43.545500,GOES-19,2026-10-01 13:40:00
-11.639500,-43.545500,GOES-19,2026-10-01 14:00:00
-11.639500,-43.545500,GOES-19,2026-10-01 19:00:00
-11.639500,-43.545500,GOES-19,2026-10-01 19:10:00
-11.639500,-43.545500,GOES-19,2026-10-01 19:20:00
-11.658800,-43.542500,GOES-19,2026-10-01 13:10:00
-11.658800,-43.542500,GOES-19,2026-10-01 13:20:00
-11.658800,-43.542500,GOES-19,2026-10-01 13:30:00
-11.658800,-43.542500,GOES-19,2026-10-01 13:40:00
-11.658800,-43.542500,GOES-19,2026-10-01 14:00:00
-11.678000,-43.539600,GOES-19,2026-10-01 13:10:00
-11.678000,-43.539600,GOES-19,2026-10-01 13:20:00
-11.678000,-43.539600,GOES-19,2026-10-01 13:30:00
-11.678000,-43.539600,GOES-19,2026-10-01 13:40:00
-11.678000,-43.539600,GOES-19,2026-10-01 14:00:00
-11.697200,-43.536500,GOES-19,2026-10-01 14:00:00
-11.716500,-43.533500,GOES-19,2026-10-01 21:30:00
-11.716500,-43.533500,GOES-19,2026-10-01 21:40:00
-11.716500,-43.533500,GOES-19,2026-10-01 21:50:00
-11.716500,-43.533500,GOES-19,2026-10-01 22:00:00
-11.716500,-43.533500,GOES-19,2026-10-01 22:10:00
-11.735700,-43.530500,GOES-19,2026-10-01 21:30:00
-11.735700,-43.530500,GOES-19,2026-10-01 21:40:00
-11.735700,-43.530500,GOES-19,2026-10-01 21:50:00
-11.735700,-43.530500,GOES-19,2026-10-01 22:00:00
-11.735700,-43.530500,GOES-19,2026-10-01 22:10:00
-11.735700,-43.530500,GOES-19,2026-10-01 22:20:00
-11.735700,-43.530500,GOES-19,2026-10-01 22:30:00
-11.735700,-43.530500,GOES-19,2026-10-01 22:40:00
-11.735700,-43.530500,GOES-19,2026-10-01 22:50:00
-11.735700,-43.530500,GOES-19,2026-10-01 23:00:00
-11.735700,-43.530500,GOES-19,2026-10-01 23:10:00
-11.735700,-43.530500,GOES-19,2026-10-01 23:20:00
-11.755000,-43.527500,GOES-19,2026-10-01 21:30:00
-11.755000,-43.527500,GOES-19,2026-10-01 21:40:00
-11.755000,-43.527500,GOES-19,2026-10-01 21:50:00
-11.755000,-43.527500,GOES-19,2026-10-01 22:00:00
-11.755000,-43.527500,GOES-19,2026-10-01 22:10:00
-11.755000,-43.527500,GOES-19,2026-10-01 22:20:00
-11.755000,-43.527500,GOES-19,2026-10-01 22:30:00
-11.755000,-43.527500,GOES-19,2026-10-01 22:40:00
-11.274900,-43.577600,GOES-19,2026-10-01 19:00:00
-11.274900,-43.577600,GOES-19,2026-10-01 19:10:00
-11.294100,-43.574700,GOES-19,2026-10-01 19:00:00
-11.294100,-43.574700,GOES-19,2026-10-01 19:10:00
-11.313300,-43.571800,GOES-19,2026-10-01 19:00:00
-11.313300,-43.571800,GOES-19,2026-10-01 19:10:00
-11.467000,-43.548500,GOES-19,2026-10-01 18:50:00
-11.467000,-43.548500,GOES-19,2026-10-01 19:00:00
-11.467000,-43.548500,GOES-19,2026-10-01 19:10:00
-11.467000,-43.548500,GOES-19,2026-10-01 19:20:00
-11.467000,-43.548500,GOES-19,2026-10-01 19:30:00
-11.467000,-43.548500,GOES-19,2026-10-01 19:40:00
-11.467000,-43.548500,GOES-19,2026-10-01 19:50:00
-11.467000,-43.548500,GOES-19,2026-10-01 20:00:00
-11.467000,-43.548500,GOES-19,2026-10-01 20:10:00
-11.467000,-43.548500,GOES-19,2026-10-01 20:20:00
-11.486200,-43.545600,GOES-19,2026-10-01 19:00:00
-11.486200,-43.545600,GOES-19,2026-10-01 19:40:00
-11.486200,-43.545600,GOES-19,2026-10-01 19:50:00
-11.486200,-43.545600,GOES-19,2026-10-01 20:00:00
-11.486200,-43.545600,GOES-19,2026-10-01 20:10:00
-11.486200,-43.545600,GOES-19,2026-10-01 20:20:00
-11.486200,-43.545600,GOES-19,2026-10-01 20:30:00
-11.601500,-43.527800,GOES-19,2026-10-01 19:00:00
-11.601500,-43.527800,GOES-19,2026-10-01 19:10:00
-11.601500,-43.527800,GOES-19,2026-10-01 19:20:00
-11.620700,-43.524800,GOES-19,2026-10-01 14:00:00
-11.620700,-43.524800,GOES-19,2026-10-01 19:00:00
-11.620700,-43.524800,GOES-19,2026-10-01 19:10:00
-11.620700,-43.524800,GOES-19,2026-10-01 19:20:00
-11.678400,-43.515800,GOES-19,2026-10-01 14:00:00
-11.678400,-43.515800,GOES-19,2026-10-01 21:50:00
-11.678400,-43.515800,GOES-19,2026-10-01 22:00:00
-11.678400,-43.515800,GOES-19,2026-10-01 22:20:00
-11.697700,-43.512800,GOES-19,2026-10-01 21:30:00
-11.697700,-43.512800,GOES-19,2026-10-01 21:40:00
-11.697700,-43.512800,GOES-19,2026-10-01 21:50:00
-11.697700,-43.512800,GOES-19,2026-10-01 22:00:00
-11.697700,-43.512800,GOES-19,2026-10-01 22:10:00
-11.697700,-43.512800,GOES-19,2026-10-01 22:20:00
-11.697700,-43.512800,GOES-19,2026-10-01 22:30:00
-11.697700,-43.512800,GOES-19,2026-10-01 22:40:00
-11.697700,-43.512800,GOES-19,2026-10-01 22:50:00
-11.697700,-43.512800,GOES-19,2026-10-01 23:00:00
-11.697700,-43.512800,GOES-19,2026-10-01 23:10:00
-11.697700,-43.512800,GOES-19,2026-10-01 23:20:00
-11.716900,-43.509800,GOES-19,2026-10-01 21:30:00
-11.716900,-43.509800,GOES-19,2026-10-01 21:40:00
-11.716900,-43.509800,GOES-19,2026-10-01 21:50:00
-11.716900,-43.509800,GOES-19,2026-10-01 22:00:00
-11.716900,-43.509800,GOES-19,2026-10-01 22:10:00
-11.716900,-43.509800,GOES-19,2026-10-01 22:20:00
-11.716900,-43.509800,GOES-19,2026-10-01 22:30:00
-11.716900,-43.509800,GOES-19,2026-10-01 22:40:00
-11.716900,-43.509800,GOES-19,2026-10-01 22:50:00
-11.716900,-43.509800,GOES-19,2026-10-01 23:00:00
-11.716900,-43.509800,GOES-19,2026-10-01 23:10:00
-11.716900,-43.509800,GOES-19,2026-10-01 23:20:00
-11.736200,-43.506800,GOES-19,2026-10-01 21:30:00
-11.736200,-43.506800,GOES-19,2026-10-01 21:40:00
-11.736200,-43.506800,GOES-19,2026-10-01 21:50:00
-11.736200,-43.506800,GOES-19,2026-10-01 22:00:00
-11.736200,-43.506800,GOES-19,2026-10-01 22:10:00
-11.736200,-43.506800,GOES-19,2026-10-01 22:20:00
-11.736200,-43.506800,GOES-19,2026-10-01 22:30:00
-11.736200,-43.506800,GOES-19,2026-10-01 22:40:00
-11.736200,-43.506800,GOES-19,2026-10-01 22:50:00
-11.313700,-43.548100,GOES-19,2026-10-01 19:00:00
-11.313700,-43.548100,GOES-19,2026-10-01 19:10:00
-11.409700,-43.533600,GOES-19,2026-10-01 19:20:00
-11.409700,-43.533600,GOES-19,2026-10-01 19:30:00
-11.409700,-43.533600,GOES-19,2026-10-01 19:40:00
-11.409700,-43.533600,GOES-19,2026-10-01 19:50:00
-11.409700,-43.533600,GOES-19,2026-10-01 20:00:00
-11.409700,-43.533600,GOES-19,2026-10-01 20:10:00
-11.429000,-43.530700,GOES-19,2026-10-01 14:00:00
-11.429000,-43.530700,GOES-19,2026-10-01 14:10:00
-11.429000,-43.530700,GOES-19,2026-10-01 14:20:00
-11.429000,-43.530700,GOES-19,2026-10-01 19:30:00
-11.429000,-43.530700,GOES-19,2026-10-01 19:40:00
-11.429000,-43.530700,GOES-19,2026-10-01 19:50:00
-11.429000,-43.530700,GOES-19,2026-10-01 20:00:00
-11.429000,-43.530700,GOES-19,2026-10-01 20:10:00
-11.429000,-43.530700,GOES-19,2026-10-01 20:20:00
-11.429000,-43.530700,GOES-19,2026-10-01 20:30:00
-11.429000,-43.530700,GOES-19,2026-10-01 20:40:00
-11.448200,-43.527700,GOES-19,2026-10-01 14:00:00
-11.448200,-43.527700,GOES-19,2026-10-01 14:10:00
-11.448200,-43.527700,GOES-19,2026-10-01 19:30:00
-11.448200,-43.527700,GOES-19,2026-10-01 19:40:00
-11.448200,-43.527700,GOES-19,2026-10-01 19:50:00
-11.448200,-43.527700,GOES-19,2026-10-01 20:00:00
-11.448200,-43.527700,GOES-19,2026-10-01 20:10:00
-11.448200,-43.527700,GOES-19,2026-10-01 20:20:00
-11.448200,-43.527700,GOES-19,2026-10-01 20:30:00
-11.448200,-43.527700,GOES-19,2026-10-01 20:40:00
-11.467400,-43.524800,GOES-19,2026-10-01 18:40:00
-11.467400,-43.524800,GOES-19,2026-10-01 19:30:00
-11.467400,-43.524800,GOES-19,2026-10-01 19:40:00
-11.467400,-43.524800,GOES-19,2026-10-01 19:50:00
-11.467400,-43.524800,GOES-19,2026-10-01 20:00:00
-11.467400,-43.524800,GOES-19,2026-10-01 20:10:00
-11.467400,-43.524800,GOES-19,2026-10-01 20:20:00
-11.467400,-43.524800,GOES-19,2026-10-01 20:30:00
-11.467400,-43.524800,GOES-19,2026-10-01 20:40:00
-11.486600,-43.521900,GOES-19,2026-10-01 18:50:00
-11.486600,-43.521900,GOES-19,2026-10-01 19:00:00
-11.486600,-43.521900,GOES-19,2026-10-01 19:40:00
-11.486600,-43.521900,GOES-19,2026-10-01 19:50:00
-11.486600,-43.521900,GOES-19,2026-10-01 20:00:00
-11.486600,-43.521900,GOES-19,2026-10-01 20:10:00
-11.486600,-43.521900,GOES-19,2026-10-01 20:20:00
-11.486600,-43.521900,GOES-19,2026-10-01 20:30:00
-11.486600,-43.521900,GOES-19,2026-10-01 20:40:00
-11.505800,-43.518900,GOES-19,2026-10-01 18:50:00
-11.505800,-43.518900,GOES-19,2026-10-01 19:00:00
-11.505800,-43.518900,GOES-19,2026-10-01 19:30:00
-11.505800,-43.518900,GOES-19,2026-10-01 19:40:00
-11.505800,-43.518900,GOES-19,2026-10-01 19:50:00
-11.505800,-43.518900,GOES-19,2026-10-01 20:00:00
-11.505800,-43.518900,GOES-19,2026-10-01 20:10:00
-11.505800,-43.518900,GOES-19,2026-10-01 20:20:00
-11.505800,-43.518900,GOES-19,2026-10-01 20:30:00
-11.505800,-43.518900,GOES-19,2026-10-01 20:40:00
-11.525000,-43.516000,GOES-19,2026-10-01 18:40:00
-11.525000,-43.516000,GOES-19,2026-10-01 19:50:00
-11.525000,-43.516000,GOES-19,2026-10-01 20:00:00
-11.525000,-43.516000,GOES-19,2026-10-01 20:10:00
-11.525000,-43.516000,GOES-19,2026-10-01 20:20:00
-11.525000,-43.516000,GOES-19,2026-10-01 20:30:00
-11.525000,-43.516000,GOES-19,2026-10-01 20:40:00
-11.698100,-43.489100,GOES-19,2026-10-01 21:30:00
-11.698100,-43.489100,GOES-19,2026-10-01 21:40:00
-11.698100,-43.489100,GOES-19,2026-10-01 22:10:00
-11.698100,-43.489100,GOES-19,2026-10-01 22:20:00
-11.698100,-43.489100,GOES-19,2026-10-01 22:50:00
-11.698100,-43.489100,GOES-19,2026-10-01 23:00:00
-11.256100,-43.556800,GOES-19,2026-10-01 19:00:00
-11.256100,-43.556800,GOES-19,2026-10-01 19:10:00
-11.275300,-43.553900,GOES-19,2026-10-01 19:00:00
-11.275300,-43.553900,GOES-19,2026-10-01 19:10:00
-11.410200,-43.509900,GOES-19,2026-10-01 19:30:00
-11.410200,-43.509900,GOES-19,2026-10-01 19:40:00
-11.410200,-43.509900,GOES-19,2026-10-01 19:50:00
-11.410200,-43.509900,GOES-19,2026-10-01 20:00:00
-11.410200,-43.509900,GOES-19,2026-10-01 20:10:00
-11.410200,-43.509900,GOES-19,2026-10-01 20:20:00
-11.410200,-43.509900,GOES-19,2026-10-01 20:30:00
-11.410200,-43.509900,GOES-19,2026-10-01 20:40:00
-11.429400,-43.507000,GOES-19,2026-10-01 19:30:00
-11.429400,-43.507000,GOES-19,2026-10-01 19:40:00
-11.429400,-43.507000,GOES-19,2026-10-01 19:50:00
-11.429400,-43.507000,GOES-19,2026-10-01 20:00:00
-11.429400,-43.507000,GOES-19,2026-10-01 20:10:00
-11.429400,-43.507000,GOES-19,2026-10-01 20:20:00
-11.429400,-43.507000,GOES-19,2026-10-01 20:30:00
-11.429400,-43.507000,GOES-19,2026-10-01 20:40:00
-11.448600,-43.504000,GOES-19,2026-10-01 14:00:00
-11.448600,-43.504000,GOES-19,2026-10-01 19:30:00
-11.448600,-43.504000,GOES-19,2026-10-01 19:40:00
-11.448600,-43.504000,GOES-19,2026-10-01 19:50:00
-11.448600,-43.504000,GOES-19,2026-10-01 20:00:00
-11.448600,-43.504000,GOES-19,2026-10-01 20:10:00
-11.467800,-43.501100,GOES-19,2026-10-01 19:30:00
-11.467800,-43.501100,GOES-19,2026-10-01 19:40:00
-11.467800,-43.501100,GOES-19,2026-10-01 19:50:00
-11.467800,-43.501100,GOES-19,2026-10-01 20:00:00
-11.467800,-43.501100,GOES-19,2026-10-01 20:10:00
-11.467800,-43.501100,GOES-19,2026-10-01 20:20:00
-11.467800,-43.501100,GOES-19,2026-10-01 20:30:00
-11.487000,-43.498100,GOES-19,2026-10-01 19:30:00
-11.487000,-43.498100,GOES-19,2026-10-01 19:40:00
-11.487000,-43.498100,GOES-19,2026-10-01 19:50:00
-11.487000,-43.498100,GOES-19,2026-10-01 20:00:00
-11.487000,-43.498100,GOES-19,2026-10-01 20:10:00
-11.487000,-43.498100,GOES-19,2026-10-01 20:20:00
-11.487000,-43.498100,GOES-19,2026-10-01 20:30:00
-11.487000,-43.498100,GOES-19,2026-10-01 20:40:00
-11.506200,-43.495200,GOES-19,2026-10-01 18:40:00
-11.506200,-43.495200,GOES-19,2026-10-01 18:50:00
-11.506200,-43.495200,GOES-19,2026-10-01 19:00:00
-11.506200,-43.495200,GOES-19,2026-10-01 19:10:00
-11.506200,-43.495200,GOES-19,2026-10-01 19:20:00
-11.506200,-43.495200,GOES-19,2026-10-01 19:30:00
-11.506200,-43.495200,GOES-19,2026-10-01 19:40:00
-11.506200,-43.495200,GOES-19,2026-10-01 19:50:00
-11.506200,-43.495200,GOES-19,2026-10-01 20:00:00
-11.506200,-43.495200,GOES-19,2026-10-01 20:10:00
-11.506200,-43.495200,GOES-19,2026-10-01 20:20:00
-11.506200,-43.495200,GOES-19,2026-10-01 20:30:00
-11.506200,-43.495200,GOES-19,2026-10-01 20:40:00
-11.525500,-43.492200,GOES-19,2026-10-01 18:40:00
-11.525500,-43.492200,GOES-19,2026-10-01 18:50:00
-11.525500,-43.492200,GOES-19,2026-10-01 19:50:00
-11.525500,-43.492200,GOES-19,2026-10-01 20:00:00
-11.525500,-43.492200,GOES-19,2026-10-01 20:10:00
-11.525500,-43.492200,GOES-19,2026-10-01 20:20:00
-11.525500,-43.492200,GOES-19,2026-10-01 20:30:00
-11.525500,-43.492200,GOES-19,2026-10-01 20:40:00
-11.737000,-43.459300,GOES-19,2026-10-01 21:30:00
-11.737000,-43.459300,GOES-19,2026-10-01 21:40:00
-11.737000,-43.459300,GOES-19,2026-10-01 21:50:00
-11.737000,-43.459300,GOES-19,2026-10-01 22:00:00
-11.737000,-43.459300,GOES-19,2026-10-01 22:10:00
-11.737000,-43.459300,GOES-19,2026-10-01 22:20:00
-11.737000,-43.459300,GOES-19,2026-10-01 22:30:00
-11.737000,-43.459300,GOES-19,2026-10-01 22:40:00
-11.737000,-43.459300,GOES-19,2026-10-01 22:50:00
-11.756300,-43.456300,GOES-19,2026-10-01 19:30:00
-11.756300,-43.456300,GOES-19,2026-10-01 19:40:00
-11.756300,-43.456300,GOES-19,2026-10-01 21:30:00
-11.756300,-43.456300,GOES-19,2026-10-01 21:40:00
-11.756300,-43.456300,GOES-19,2026-10-01 21:50:00
-11.756300,-43.456300,GOES-19,2026-10-01 22:00:00
-11.756300,-43.456300,GOES-19,2026-10-01 22:10:00
-11.756300,-43.456300,GOES-19,2026-10-01 22:20:00
-11.756300,-43.456300,GOES-19,2026-10-01 22:30:00
-11.756300,-43.456300,GOES-19,2026-10-01 22:40:00
-11.756300,-43.456300,GOES-19,2026-10-01 22:50:00
-16.074100,-42.634900,GOES-19,2026-10-01 14:10:00
-16.074100,-42.634900,GOES-19,2026-10-01 14:20:00
-16.093900,-42.630400,GOES-19,2026-10-01 14:10:00
-16.093900,-42.630400,GOES-19,2026-10-01 14:20:00
-11.699000,-43.441600,GOES-19,2026-10-01 21:30:00
-11.718200,-43.438600,GOES-19,2026-10-01 21:30:00
-11.718200,-43.438600,GOES-19,2026-10-01 21:40:00
-11.718200,-43.438600,GOES-19,2026-10-01 21:50:00
-11.718200,-43.438600,GOES-19,2026-10-01 22:00:00
-11.718200,-43.438600,GOES-19,2026-10-01 22:10:00
-11.718200,-43.438600,GOES-19,2026-10-01 22:20:00
-11.718200,-43.438600,GOES-19,2026-10-01 22:30:00
-11.718200,-43.438600,GOES-19,2026-10-01 22:40:00
-11.718200,-43.438600,GOES-19,2026-10-01 22:50:00
-11.737500,-43.435600,GOES-19,2026-10-01 13:20:00
-11.737500,-43.435600,GOES-19,2026-10-01 13:40:00
-11.737500,-43.435600,GOES-19,2026-10-01 21:30:00
-11.737500,-43.435600,GOES-19,2026-10-01 21:40:00
-11.737500,-43.435600,GOES-19,2026-10-01 21:50:00
-11.737500,-43.435600,GOES-19,2026-10-01 22:00:00
-11.737500,-43.435600,GOES-19,2026-10-01 22:10:00
-11.737500,-43.435600,GOES-19,2026-10-01 22:20:00
-11.737500,-43.435600,GOES-19,2026-10-01 22:30:00
-11.737500,-43.435600,GOES-19,2026-10-01 22:40:00
-11.737500,-43.435600,GOES-19,2026-10-01 22:50:00
-11.756700,-43.432500,GOES-19,2026-10-01 21:30:00
-11.756700,-43.432500,GOES-19,2026-10-01 21:40:00
-11.756700,-43.432500,GOES-19,2026-10-01 21:50:00
-11.756700,-43.432500,GOES-19,2026-10-01 22:00:00
-11.756700,-43.432500,GOES-19,2026-10-01 22:10:00
-11.756700,-43.432500,GOES-19,2026-10-01 22:20:00
-11.756700,-43.432500,GOES-19,2026-10-01 22:30:00
-11.756700,-43.432500,GOES-19,2026-10-01 22:40:00
-11.756700,-43.432500,GOES-19,2026-10-01 22:50:00
-11.391400,-43.489100,GOES-19,2026-10-01 19:30:00
-11.391400,-43.489100,GOES-19,2026-10-01 19:40:00
-11.410600,-43.486200,GOES-19,2026-10-01 19:30:00
-11.410600,-43.486200,GOES-19,2026-10-01 19:40:00
-11.410600,-43.486200,GOES-19,2026-10-01 19:50:00
-11.468200,-43.477400,GOES-19,2026-10-01 19:30:00
-11.468200,-43.477400,GOES-19,2026-10-01 19:40:00
-11.468200,-43.477400,GOES-19,2026-10-01 19:50:00
-11.468200,-43.477400,GOES-19,2026-10-01 20:00:00
-11.468200,-43.477400,GOES-19,2026-10-01 20:10:00
-11.468200,-43.477400,GOES-19,2026-10-01 20:20:00
-11.468200,-43.477400,GOES-19,2026-10-01 20:30:00
-11.468200,-43.477400,GOES-19,2026-10-01 20:40:00
-11.487500,-43.474400,GOES-19,2026-10-01 18:50:00
-11.487500,-43.474400,GOES-19,2026-10-01 19:30:00
-11.487500,-43.474400,GOES-19,2026-10-01 19:50:00
-11.487500,-43.474400,GOES-19,2026-10-01 20:00:00
-11.487500,-43.474400,GOES-19,2026-10-01 20:10:00
-11.487500,-43.474400,GOES-19,2026-10-01 20:20:00
-11.487500,-43.474400,GOES-19,2026-10-01 20:30:00
-11.487500,-43.474400,GOES-19,2026-10-01 20:40:00
-16.074700,-42.610200,GOES-19,2026-10-01 14:00:00
-16.074700,-42.610200,GOES-19,2026-10-01 14:10:00
-16.074700,-42.610200,GOES-19,2026-10-01 14:20:00
-16.094600,-42.605800,GOES-19,2026-10-01 13:50:00
-16.094600,-42.605800,GOES-19,2026-10-01 14:00:00
-16.094600,-42.605800,GOES-19,2026-10-01 14:10:00
-16.094600,-42.605800,GOES-19,2026-10-01 14:20:00
-11.449500,-43.456600,GOES-19,2026-10-01 00:00:00
-11.449500,-43.456600,GOES-19,2026-10-01 00:10:00
-11.449500,-43.456600,GOES-19,2026-10-01 00:20:00
-11.449500,-43.456600,GOES-19,2026-10-01 00:30:00
-11.449500,-43.456600,GOES-19,2026-10-01 00:40:00
-11.449500,-43.456600,GOES-19,2026-10-01 00:50:00
-11.449500,-43.456600,GOES-19,2026-10-01 01:00:00
-11.449500,-43.456600,GOES-19,2026-10-01 01:10:00
-11.449500,-43.456600,GOES-19,2026-10-01 01:20:00
-11.449500,-43.456600,GOES-19,2026-10-01 01:30:00
-11.449500,-43.456600,GOES-19,2026-10-01 01:40:00
-11.449500,-43.456600,GOES-19,2026-10-01 01:50:00
-11.449500,-43.456600,GOES-19,2026-10-01 02:00:00
-11.449500,-43.456600,GOES-19,2026-10-01 02:10:00
-11.449500,-43.456600,GOES-19,2026-10-01 02:20:00
-11.449500,-43.456600,GOES-19,2026-10-01 02:30:00
-11.449500,-43.456600,GOES-19,2026-10-01 02:40:00
-11.449500,-43.456600,GOES-19,2026-10-01 02:50:00
-11.449500,-43.456600,GOES-19,2026-10-01 13:00:00
-11.449500,-43.456600,GOES-19,2026-10-01 13:30:00
-11.449500,-43.456600,GOES-19,2026-10-01 13:40:00
-11.449500,-43.456600,GOES-19,2026-10-01 19:40:00
-11.449500,-43.456600,GOES-19,2026-10-01 20:10:00
-11.468700,-43.453700,GOES-19,2026-10-01 00:00:00
-11.468700,-43.453700,GOES-19,2026-10-01 00:10:00
-11.468700,-43.453700,GOES-19,2026-10-01 00:20:00
-11.468700,-43.453700,GOES-19,2026-10-01 00:30:00
-11.468700,-43.453700,GOES-19,2026-10-01 00:40:00
-11.468700,-43.453700,GOES-19,2026-10-01 00:50:00
-11.468700,-43.453700,GOES-19,2026-10-01 01:00:00
-11.468700,-43.453700,GOES-19,2026-10-01 01:10:00
-11.468700,-43.453700,GOES-19,2026-10-01 01:20:00
-11.468700,-43.453700,GOES-19,2026-10-01 01:30:00
-11.468700,-43.453700,GOES-19,2026-10-01 01:40:00
-11.468700,-43.453700,GOES-19,2026-10-01 01:50:00
-11.468700,-43.453700,GOES-19,2026-10-01 02:00:00
-11.468700,-43.453700,GOES-19,2026-10-01 02:10:00
-11.468700,-43.453700,GOES-19,2026-10-01 02:20:00
-11.468700,-43.453700,GOES-19,2026-10-01 02:30:00
-11.468700,-43.453700,GOES-19,2026-10-01 02:40:00
-11.468700,-43.453700,GOES-19,2026-10-01 02:50:00
-11.468700,-43.453700,GOES-19,2026-10-01 12:30:00
-11.468700,-43.453700,GOES-19,2026-10-01 12:40:00
-11.468700,-43.453700,GOES-19,2026-10-01 12:50:00
-11.468700,-43.453700,GOES-19,2026-10-01 13:00:00
-11.468700,-43.453700,GOES-19,2026-10-01 13:10:00
-11.468700,-43.453700,GOES-19,2026-10-01 13:20:00
-11.468700,-43.453700,GOES-19,2026-10-01 13:30:00
-11.468700,-43.453700,GOES-19,2026-10-01 13:40:00
-11.468700,-43.453700,GOES-19,2026-10-01 13:50:00
-11.468700,-43.453700,GOES-19,2026-10-01 19:10:00
-11.468700,-43.453700,GOES-19,2026-10-01 19:30:00
-11.468700,-43.453700,GOES-19,2026-10-01 19:40:00
-11.468700,-43.453700,GOES-19,2026-10-01 19:50:00
-11.468700,-43.453700,GOES-19,2026-10-01 20:00:00
-11.468700,-43.453700,GOES-19,2026-10-01 20:10:00
-11.468700,-43.453700,GOES-19,2026-10-01 20:20:00
-11.468700,-43.453700,GOES-19,2026-10-01 20:30:00
-11.468700,-43.453700,GOES-19,2026-10-01 20:40:00
-11.430700,-43.435800,GOES-19,2026-10-01 00:00:00
-11.430700,-43.435800,GOES-19,2026-10-01 00:10:00
-11.430700,-43.435800,GOES-19,2026-10-01 00:20:00
-11.430700,-43.435800,GOES-19,2026-10-01 00:30:00
-11.430700,-43.435800,GOES-19,2026-10-01 00:40:00
-11.430700,-43.435800,GOES-19,2026-10-01 00:50:00
-11.430700,-43.435800,GOES-19,2026-10-01 01:00:00
-11.430700,-43.435800,GOES-19,2026-10-01 01:10:00
-11.430700,-43.435800,GOES-19,2026-10-01 01:20:00
-11.430700,-43.435800,GOES-19,2026-10-01 01:30:00
-11.430700,-43.435800,GOES-19,2026-10-01 01:40:00
-11.430700,-43.435800,GOES-19,2026-10-01 01:50:00
-11.430700,-43.435800,GOES-19,2026-10-01 02:00:00
-11.430700,-43.435800,GOES-19,2026-10-01 02:10:00
-11.430700,-43.435800,GOES-19,2026-10-01 02:20:00
-11.430700,-43.435800,GOES-19,2026-10-01 02:30:00
-11.430700,-43.435800,GOES-19,2026-10-01 02:40:00
-11.430700,-43.435800,GOES-19,2026-10-01 02:50:00
-11.430700,-43.435800,GOES-19,2026-10-01 12:20:00
-11.430700,-43.435800,GOES-19,2026-10-01 20:10:00
-11.449900,-43.432900,GOES-19,2026-10-01 00:00:00
-11.449900,-43.432900,GOES-19,2026-10-01 00:10:00
-11.449900,-43.432900,GOES-19,2026-10-01 00:20:00
-11.449900,-43.432900,GOES-19,2026-10-01 00:30:00
-11.449900,-43.432900,GOES-19,2026-10-01 00:40:00
-11.449900,-43.432900,GOES-19,2026-10-01 00:50:00
-11.449900,-43.432900,GOES-19,2026-10-01 01:00:00
-11.449900,-43.432900,GOES-19,2026-10-01 01:10:00
-11.449900,-43.432900,GOES-19,2026-10-01 01:20:00
-11.449900,-43.432900,GOES-19,2026-10-01 01:30:00
-11.449900,-43.432900,GOES-19,2026-10-01 01:40:00
-11.449900,-43.432900,GOES-19,2026-10-01 01:50:00
-11.449900,-43.432900,GOES-19,2026-10-01 02:00:00
-11.449900,-43.432900,GOES-19,2026-10-01 02:10:00
-11.449900,-43.432900,GOES-19,2026-10-01 02:20:00
-11.449900,-43.432900,GOES-19,2026-10-01 02:30:00
-11.449900,-43.432900,GOES-19,2026-10-01 02:40:00
-11.449900,-43.432900,GOES-19,2026-10-01 02:50:00
-11.449900,-43.432900,GOES-19,2026-10-01 12:20:00
-11.449900,-43.432900,GOES-19,2026-10-01 12:30:00
-11.449900,-43.432900,GOES-19,2026-10-01 12:40:00
-11.449900,-43.432900,GOES-19,2026-10-01 12:50:00
-11.449900,-43.432900,GOES-19,2026-10-01 13:00:00
-11.449900,-43.432900,GOES-19,2026-10-01 13:10:00
-11.449900,-43.432900,GOES-19,2026-10-01 13:20:00
-11.449900,-43.432900,GOES-19,2026-10-01 13:30:00
-11.449900,-43.432900,GOES-19,2026-10-01 13:40:00
-11.449900,-43.432900,GOES-19,2026-10-01 13:50:00
-11.449900,-43.432900,GOES-19,2026-10-01 18:50:00
-11.449900,-43.432900,GOES-19,2026-10-01 19:00:00
-11.449900,-43.432900,GOES-19,2026-10-01 19:10:00
-11.449900,-43.432900,GOES-19,2026-10-01 19:30:00
-11.449900,-43.432900,GOES-19,2026-10-01 19:40:00
-11.449900,-43.432900,GOES-19,2026-10-01 19:50:00
-11.449900,-43.432900,GOES-19,2026-10-01 20:00:00
-11.449900,-43.432900,GOES-19,2026-10-01 20:10:00
-11.449900,-43.432900,GOES-19,2026-10-01 20:20:00
-11.449900,-43.432900,GOES-19,2026-10-01 20:30:00
-11.449900,-43.432900,GOES-19,2026-10-01 20:40:00
-11.469100,-43.429900,GOES-19,2026-10-01 00:00:00
-11.469100,-43.429900,GOES-19,2026-10-01 00:10:00
-11.469100,-43.429900,GOES-19,2026-10-01 00:20:00
-11.469100,-43.429900,GOES-19,2026-10-01 00:30:00
-11.469100,-43.429900,GOES-19,2026-10-01 00:40:00
-11.469100,-43.429900,GOES-19,2026-10-01 00:50:00
-11.469100,-43.429900,GOES-19,2026-10-01 01:00:00
-11.469100,-43.429900,GOES-19,2026-10-01 01:10:00
-11.469100,-43.429900,GOES-19,2026-10-01 01:20:00
-11.469100,-43.429900,GOES-19,2026-10-01 01:30:00
-11.469100,-43.429900,GOES-19,2026-10-01 01:40:00
-11.469100,-43.429900,GOES-19,2026-10-01 01:50:00
-11.469100,-43.429900,GOES-19,2026-10-01 02:00:00
-11.469100,-43.429900,GOES-19,2026-10-01 02:10:00
-11.469100,-43.429900,GOES-19,2026-10-01 02:20:00
-11.469100,-43.429900,GOES-19,2026-10-01 02:30:00
-11.469100,-43.429900,GOES-19,2026-10-01 02:40:00
-11.469100,-43.429900,GOES-19,2026-10-01 02:50:00
-11.469100,-43.429900,GOES-19,2026-10-01 12:20:00
-11.469100,-43.429900,GOES-19,2026-10-01 12:30:00
-11.469100,-43.429900,GOES-19,2026-10-01 12:40:00
-11.469100,-43.429900,GOES-19,2026-10-01 12:50:00
-11.469100,-43.429900,GOES-19,2026-10-01 13:00:00
-11.469100,-43.429900,GOES-19,2026-10-01 13:10:00
-11.469100,-43.429900,GOES-19,2026-10-01 13:30:00
-11.469100,-43.429900,GOES-19,2026-10-01 13:40:00
-11.469100,-43.429900,GOES-19,2026-10-01 18:50:00
-11.469100,-43.429900,GOES-19,2026-10-01 19:00:00
-11.469100,-43.429900,GOES-19,2026-10-01 19:10:00
-11.469100,-43.429900,GOES-19,2026-10-01 19:30:00
-11.469100,-43.429900,GOES-19,2026-10-01 19:40:00
-11.469100,-43.429900,GOES-19,2026-10-01 19:50:00
-11.469100,-43.429900,GOES-19,2026-10-01 20:00:00
-11.469100,-43.429900,GOES-19,2026-10-01 20:10:00
-11.469100,-43.429900,GOES-19,2026-10-01 20:20:00
-11.469100,-43.429900,GOES-19,2026-10-01 20:30:00
-11.469100,-43.429900,GOES-19,2026-10-01 20:40:00
-11.354300,-43.423800,GOES-19,2026-10-01 17:50:00
-11.373500,-43.420900,GOES-19,2026-10-01 17:50:00
-11.392700,-43.418000,GOES-19,2026-10-01 17:50:00
-11.411900,-43.415000,GOES-19,2026-10-01 00:00:00
-11.411900,-43.415000,GOES-19,2026-10-01 00:10:00
-11.411900,-43.415000,GOES-19,2026-10-01 00:20:00
-11.411900,-43.415000,GOES-19,2026-10-01 00:30:00
-11.411900,-43.415000,GOES-19,2026-10-01 00:40:00
-11.411900,-43.415000,GOES-19,2026-10-01 00:50:00
-11.411900,-43.415000,GOES-19,2026-10-01 01:00:00
-11.411900,-43.415000,GOES-19,2026-10-01 01:10:00
-11.411900,-43.415000,GOES-19,2026-10-01 01:20:00
-11.411900,-43.415000,GOES-19,2026-10-01 01:30:00
-11.411900,-43.415000,GOES-19,2026-10-01 01:40:00
-11.411900,-43.415000,GOES-19,2026-10-01 02:00:00
-11.411900,-43.415000,GOES-19,2026-10-01 12:20:00
-11.411900,-43.415000,GOES-19,2026-10-01 12:30:00
-11.411900,-43.415000,GOES-19,2026-10-01 12:50:00
-11.411900,-43.415000,GOES-19,2026-10-01 13:00:00
-11.411900,-43.415000,GOES-19,2026-10-01 13:10:00
-11.411900,-43.415000,GOES-19,2026-10-01 13:20:00
-11.411900,-43.415000,GOES-19,2026-10-01 13:50:00
-11.411900,-43.415000,GOES-19,2026-10-01 14:00:00
-11.411900,-43.415000,GOES-19,2026-10-01 17:50:00
-11.411900,-43.415000,GOES-19,2026-10-01 18:50:00
-11.411900,-43.415000,GOES-19,2026-10-01 19:00:00
-11.411900,-43.415000,GOES-19,2026-10-01 19:30:00
-11.411900,-43.415000,GOES-19,2026-10-01 20:00:00
-11.411900,-43.415000,GOES-19,2026-10-01 20:10:00
-11.411900,-43.415000,GOES-19,2026-10-01 20:30:00
-11.431100,-43.412100,GOES-19,2026-10-01 00:00:00
-11.431100,-43.412100,GOES-19,2026-10-01 00:10:00
-11.431100,-43.412100,GOES-19,2026-10-01 00:20:00
-11.431100,-43.412100,GOES-19,2026-10-01 00:30:00
-11.431100,-43.412100,GOES-19,2026-10-01 00:40:00
-11.431100,-43.412100,GOES-19,2026-10-01 00:50:00
-11.431100,-43.412100,GOES-19,2026-10-01 01:00:00
-11.431100,-43.412100,GOES-19,2026-10-01 01:10:00
-11.431100,-43.412100,GOES-19,2026-10-01 01:20:00
-11.431100,-43.412100,GOES-19,2026-10-01 01:30:00
-11.431100,-43.412100,GOES-19,2026-10-01 01:40:00
-11.431100,-43.412100,GOES-19,2026-10-01 01:50:00
-11.431100,-43.412100,GOES-19,2026-10-01 02:00:00
-11.431100,-43.412100,GOES-19,2026-10-01 02:10:00
-11.431100,-43.412100,GOES-19,2026-10-01 02:20:00
-11.431100,-43.412100,GOES-19,2026-10-01 02:30:00
-11.431100,-43.412100,GOES-19,2026-10-01 02:40:00
-11.431100,-43.412100,GOES-19,2026-10-01 02:50:00
-11.431100,-43.412100,GOES-19,2026-10-01 12:20:00
-11.431100,-43.412100,GOES-19,2026-10-01 12:30:00
-11.431100,-43.412100,GOES-19,2026-10-01 12:40:00
-11.431100,-43.412100,GOES-19,2026-10-01 12:50:00
-11.431100,-43.412100,GOES-19,2026-10-01 13:00:00
-11.431100,-43.412100,GOES-19,2026-10-01 13:10:00
-11.431100,-43.412100,GOES-19,2026-10-01 13:20:00
-11.431100,-43.412100,GOES-19,2026-10-01 13:30:00
-11.431100,-43.412100,GOES-19,2026-10-01 13:40:00
-11.431100,-43.412100,GOES-19,2026-10-01 13:50:00
-11.431100,-43.412100,GOES-19,2026-10-01 17:50:00
-11.431100,-43.412100,GOES-19,2026-10-01 18:50:00
-11.431100,-43.412100,GOES-19,2026-10-01 19:00:00
-11.431100,-43.412100,GOES-19,2026-10-01 19:10:00
-11.431100,-43.412100,GOES-19,2026-10-01 19:30:00
-11.431100,-43.412100,GOES-19,2026-10-01 19:40:00
-11.431100,-43.412100,GOES-19,2026-10-01 19:50:00
-11.431100,-43.412100,GOES-19,2026-10-01 20:00:00
-11.431100,-43.412100,GOES-19,2026-10-01 20:10:00
-11.431100,-43.412100,GOES-19,2026-10-01 20:20:00
-11.431100,-43.412100,GOES-19,2026-10-01 20:30:00
-11.431100,-43.412100,GOES-19,2026-10-01 20:40:00
-11.450300,-43.409100,GOES-19,2026-10-01 00:00:00
-11.450300,-43.409100,GOES-19,2026-10-01 00:10:00
-11.450300,-43.409100,GOES-19,2026-10-01 00:20:00
-11.450300,-43.409100,GOES-19,2026-10-01 00:30:00
-11.450300,-43.409100,GOES-19,2026-10-01 00:40:00
-11.450300,-43.409100,GOES-19,2026-10-01 00:50:00
-11.450300,-43.409100,GOES-19,2026-10-01 01:00:00
-11.450300,-43.409100,GOES-19,2026-10-01 01:10:00
-11.450300,-43.409100,GOES-19,2026-10-01 01:20:00
-11.450300,-43.409100,GOES-19,2026-10-01 01:30:00
-11.450300,-43.409100,GOES-19,2026-10-01 01:40:00
-11.450300,-43.409100,GOES-19,2026-10-01 01:50:00
-11.450300,-43.409100,GOES-19,2026-10-01 02:00:00
-11.450300,-43.409100,GOES-19,2026-10-01 02:10:00
-11.450300,-43.409100,GOES-19,2026-10-01 02:20:00
-11.450300,-43.409100,GOES-19,2026-10-01 02:30:00
-11.450300,-43.409100,GOES-19,2026-10-01 02:40:00
-11.450300,-43.409100,GOES-19,2026-10-01 02:50:00
-11.450300,-43.409100,GOES-19,2026-10-01 12:20:00
-11.450300,-43.409100,GOES-19,2026-10-01 12:30:00
-11.450300,-43.409100,GOES-19,2026-10-01 12:40:00
-11.450300,-43.409100,GOES-19,2026-10-01 12:50:00
-11.450300,-43.409100,GOES-19,2026-10-01 13:00:00
-11.450300,-43.409100,GOES-19,2026-10-01 13:10:00
-11.450300,-43.409100,GOES-19,2026-10-01 13:20:00
-11.450300,-43.409100,GOES-19,2026-10-01 13:30:00
-11.450300,-43.409100,GOES-19,2026-10-01 13:40:00
-11.450300,-43.409100,GOES-19,2026-10-01 13:50:00
-11.450300,-43.409100,GOES-19,2026-10-01 14:00:00
-11.450300,-43.409100,GOES-19,2026-10-01 18:50:00
-11.450300,-43.409100,GOES-19,2026-10-01 19:00:00
-11.450300,-43.409100,GOES-19,2026-10-01 19:10:00
-11.450300,-43.409100,GOES-19,2026-10-01 19:30:00
-11.450300,-43.409100,GOES-19,2026-10-01 19:40:00
-11.450300,-43.409100,GOES-19,2026-10-01 19:50:00
-11.450300,-43.409100,GOES-19,2026-10-01 20:00:00
-11.450300,-43.409100,GOES-19,2026-10-01 20:10:00
-11.450300,-43.409100,GOES-19,2026-10-01 20:20:00
-11.450300,-43.409100,GOES-19,2026-10-01 20:30:00
-11.450300,-43.409100,GOES-19,2026-10-01 20:40:00
-11.393100,-43.394200,GOES-19,2026-10-01 13:50:00
-11.393100,-43.394200,GOES-19,2026-10-01 14:00:00
-11.393100,-43.394200,GOES-19,2026-10-01 17:50:00
-11.412300,-43.391300,GOES-19,2026-10-01 00:00:00
-11.412300,-43.391300,GOES-19,2026-10-01 00:10:00
-11.412300,-43.391300,GOES-19,2026-10-01 00:20:00
-11.412300,-43.391300,GOES-19,2026-10-01 00:30:00
-11.412300,-43.391300,GOES-19,2026-10-01 12:20:00
-11.412300,-43.391300,GOES-19,2026-10-01 12:30:00
-11.412300,-43.391300,GOES-19,2026-10-01 12:40:00
-11.412300,-43.391300,GOES-19,2026-10-01 12:50:00
-11.412300,-43.391300,GOES-19,2026-10-01 13:10:00
-11.412300,-43.391300,GOES-19,2026-10-01 13:20:00
-11.412300,-43.391300,GOES-19,2026-10-01 13:30:00
-11.412300,-43.391300,GOES-19,2026-10-01 13:40:00
-11.412300,-43.391300,GOES-19,2026-10-01 13:50:00
-11.412300,-43.391300,GOES-19,2026-10-01 14:00:00
-11.412300,-43.391300,GOES-19,2026-10-01 17:50:00
-11.412300,-43.391300,GOES-19,2026-10-01 18:50:00
-11.412300,-43.391300,GOES-19,2026-10-01 19:00:00
-11.412300,-43.391300,GOES-19,2026-10-01 19:10:00
-11.412300,-43.391300,GOES-19,2026-10-01 19:30:00
-11.412300,-43.391300,GOES-19,2026-10-01 19:40:00
-11.412300,-43.391300,GOES-19,2026-10-01 20:00:00
-11.412300,-43.391300,GOES-19,2026-10-01 20:10:00
-11.412300,-43.391300,GOES-19,2026-10-01 20:20:00
-11.431500,-43.388400,GOES-19,2026-10-01 00:00:00
-11.431500,-43.388400,GOES-19,2026-10-01 00:10:00
-11.431500,-43.388400,GOES-19,2026-10-01 00:20:00
-11.431500,-43.388400,GOES-19,2026-10-01 00:30:00
-11.431500,-43.388400,GOES-19,2026-10-01 00:40:00
-11.431500,-43.388400,GOES-19,2026-10-01 00:50:00
-11.431500,-43.388400,GOES-19,2026-10-01 01:00:00
-11.431500,-43.388400,GOES-19,2026-10-01 01:10:00
-11.431500,-43.388400,GOES-19,2026-10-01 12:10:00
-11.431500,-43.388400,GOES-19,2026-10-01 12:20:00
-11.431500,-43.388400,GOES-19,2026-10-01 12:30:00
-11.431500,-43.388400,GOES-19,2026-10-01 12:40:00
-11.431500,-43.388400,GOES-19,2026-10-01 12:50:00
-11.431500,-43.388400,GOES-19,2026-10-01 13:00:00
-11.431500,-43.388400,GOES-19,2026-10-01 13:10:00
-11.431500,-43.388400,GOES-19,2026-10-01 13:20:00
-11.431500,-43.388400,GOES-19,2026-10-01 13:30:00
-11.431500,-43.388400,GOES-19,2026-10-01 13:40:00
-11.431500,-43.388400,GOES-19,2026-10-01 13:50:00
-11.431500,-43.388400,GOES-19,2026-10-01 14:00:00
-11.431500,-43.388400,GOES-19,2026-10-01 14:10:00
-11.431500,-43.388400,GOES-19,2026-10-01 14:20:00
-11.431500,-43.388400,GOES-19,2026-10-01 17:40:00
-11.431500,-43.388400,GOES-19,2026-10-01 17:50:00
-11.431500,-43.388400,GOES-19,2026-10-01 19:40:00
-11.431500,-43.388400,GOES-19,2026-10-01 20:00:00
-11.431500,-43.388400,GOES-19,2026-10-01 20:10:00
-11.431500,-43.388400,GOES-19,2026-10-01 20:20:00
-11.393500,-43.370500,GOES-19,2026-10-01 13:40:00
-11.393500,-43.370500,GOES-19,2026-10-01 13:50:00
-11.393500,-43.370500,GOES-19,2026-10-01 14:00:00
-11.393500,-43.370500,GOES-19,2026-10-01 17:50:00
-11.393500,-43.370500,GOES-19,2026-10-01 18:50:00
-11.393500,-43.370500,GOES-19,2026-10-01 19:00:00
-11.393500,-43.370500,GOES-19,2026-10-01 19:10:00
-11.393500,-43.370500,GOES-19,2026-10-01 19:30:00
-11.393500,-43.370500,GOES-19,2026-10-01 19:40:00
-11.412700,-43.367500,GOES-19,2026-10-01 19:00:00
-11.412700,-43.367500,GOES-19,2026-10-01 19:10:00
-11.412700,-43.367500,GOES-19,2026-10-01 19:30:00
-5.561000,-43.954400,GOES-19,2026-10-01 18:20:00
-15.606900,-42.395400,GOES-19,2026-10-01 19:10:00
-8.140400,-43.512700,GOES-19,2026-10-01 12:30:00
-8.140400,-43.512700,GOES-19,2026-10-01 12:40:00
-8.140400,-43.512700,GOES-19,2026-10-01 12:50:00
-8.140400,-43.512700,GOES-19,2026-10-01 13:00:00
-8.140400,-43.512700,GOES-19,2026-10-01 13:20:00
-8.140400,-43.512700,GOES-19,2026-10-01 13:30:00
-17.425700,-41.867900,GOES-19,2026-10-01 18:20:00
-17.425700,-41.867900,GOES-19,2026-10-01 18:30:00
-17.425700,-41.867900,GOES-19,2026-10-01 18:40:00
-17.425700,-41.867900,GOES-19,2026-10-01 18:50:00
-16.965300,-41.932100,GOES-19,2026-10-01 12:40:00
-16.965300,-41.932100,GOES-19,2026-10-01 12:50:00
-16.965300,-41.932100,GOES-19,2026-10-01 13:00:00
-16.847200,-41.886100,GOES-19,2026-10-01 13:20:00
-16.847200,-41.886100,GOES-19,2026-10-01 14:00:00
-16.847200,-41.886100,GOES-19,2026-10-01 14:10:00
-16.847200,-41.886100,GOES-19,2026-10-01 14:20:00
-16.847200,-41.886100,GOES-19,2026-10-01 14:30:00
-16.350400,-41.905300,GOES-19,2026-10-01 14:30:00
-16.350400,-41.905300,GOES-19,2026-10-01 15:00:00
-12.331100,-42.573600,GOES-19,2026-10-01 18:10:00
-12.331100,-42.573600,GOES-19,2026-10-01 18:20:00
-7.107800,-43.173200,GOES-19,2026-10-01 00:20:00
-7.126600,-43.171400,GOES-19,2026-10-01 00:20:00
-7.108000,-43.149700,GOES-19,2026-10-01 00:20:00
-7.126900,-43.147900,GOES-19,2026-10-01 00:20:00
-15.643800,-41.720700,GOES-19,2026-10-01 18:20:00
-8.015900,-42.915400,GOES-19,2026-10-01 12:30:00
-14.953600,-41.798900,GOES-19,2026-10-01 18:50:00
-7.997300,-42.893800,GOES-19,2026-10-01 12:30:00
-7.997300,-42.893800,GOES-19,2026-10-01 12:40:00
-7.997300,-42.893800,GOES-19,2026-10-01 12:50:00
-7.997300,-42.893800,GOES-19,2026-10-01 13:00:00
-7.997300,-42.893800,GOES-19,2026-10-01 13:20:00
-7.997300,-42.893800,GOES-19,2026-10-01 13:40:00
-7.073300,-42.894400,GOES-19,2026-10-01 13:40:00
-7.073300,-42.894400,GOES-19,2026-10-01 13:50:00
-7.073300,-42.894400,GOES-19,2026-10-01 14:00:00
-7.073300,-42.894400,GOES-19,2026-10-01 14:30:00
-7.073600,-42.870800,GOES-19,2026-10-01 13:20:00
-7.073600,-42.870800,GOES-19,2026-10-01 14:10:00
-7.073600,-42.870800,GOES-19,2026-10-01 14:20:00
-7.488900,-42.805900,GOES-19,2026-10-01 14:10:00
-6.979600,-42.856200,GOES-19,2026-10-01 13:20:00
-6.979600,-42.856200,GOES-19,2026-10-01 13:30:00
-6.979600,-42.856200,GOES-19,2026-10-01 13:40:00
-7.073800,-42.847200,GOES-19,2026-10-01 13:20:00
-7.073800,-42.847200,GOES-19,2026-10-01 13:50:00
-7.073800,-42.847200,GOES-19,2026-10-01 14:20:00
-7.073800,-42.847200,GOES-19,2026-10-01 14:30:00
-14.819800,-41.654600,GOES-19,2026-10-01 18:20:00
-14.819800,-41.654600,GOES-19,2026-10-01 18:30:00
-14.898700,-41.637600,GOES-19,2026-10-01 13:20:00
-7.036400,-42.827200,GOES-19,2026-10-01 14:20:00
-12.129000,-42.076200,GOES-19,2026-10-01 14:00:00
-12.129000,-42.076200,GOES-19,2026-10-01 14:20:00
-14.488200,-41.601300,GOES-19,2026-10-01 19:00:00
-14.488200,-41.601300,GOES-19,2026-10-01 19:10:00
-14.488200,-41.601300,GOES-19,2026-10-01 19:20:00
-14.488200,-41.601300,GOES-19,2026-10-01 19:30:00
-14.488200,-41.601300,GOES-19,2026-10-01 19:40:00
-13.003200,-41.846400,GOES-19,2026-10-01 17:50:00
-13.003200,-41.846400,GOES-19,2026-10-01 18:00:00
-13.003200,-41.846400,GOES-19,2026-10-01 18:10:00
-13.003200,-41.846400,GOES-19,2026-10-01 18:20:00
-13.003200,-41.846400,GOES-19,2026-10-01 18:40:00
-15.159700,-41.406500,GOES-19,2026-10-01 18:20:00
-12.984300,-41.825500,GOES-19,2026-10-01 16:50:00
-12.984300,-41.825500,GOES-19,2026-10-01 17:30:00
-12.984300,-41.825500,GOES-19,2026-10-01 17:40:00
-12.984300,-41.825500,GOES-19,2026-10-01 17:50:00
-12.984300,-41.825500,GOES-19,2026-10-01 18:00:00
-13.003700,-41.821900,GOES-19,2026-10-01 16:30:00
-13.003700,-41.821900,GOES-19,2026-10-01 16:40:00
-13.003700,-41.821900,GOES-19,2026-10-01 16:50:00
-13.003700,-41.821900,GOES-19,2026-10-01 17:30:00
-13.003700,-41.821900,GOES-19,2026-10-01 17:40:00
-13.003700,-41.821900,GOES-19,2026-10-01 17:50:00
-13.003700,-41.821900,GOES-19,2026-10-01 18:00:00
-13.003700,-41.821900,GOES-19,2026-10-01 18:10:00
-13.003700,-41.821900,GOES-19,2026-10-01 18:20:00
-13.003700,-41.821900,GOES-19,2026-10-01 18:40:00
-13.003700,-41.821900,GOES-19,2026-10-01 18:50:00
-12.853900,-41.580100,GOES-19,2026-10-01 18:50:00
-12.853900,-41.580100,GOES-19,2026-10-01 19:00:00
-12.853900,-41.580100,GOES-19,2026-10-01 19:10:00
-12.853900,-41.580100,GOES-19,2026-10-01 19:20:00
-12.853900,-41.580100,GOES-19,2026-10-01 19:30:00
-12.835000,-41.559000,GOES-19,2026-10-01 17:30:00
-12.835000,-41.559000,GOES-19,2026-10-01 17:40:00
-12.835000,-41.559000,GOES-19,2026-10-01 17:50:00
-12.835000,-41.559000,GOES-19,2026-10-01 18:00:00
-12.835000,-41.559000,GOES-19,2026-10-01 18:10:00
-12.835000,-41.559000,GOES-19,2026-10-01 18:20:00
-12.835000,-41.559000,GOES-19,2026-10-01 18:30:00
-12.835000,-41.559000,GOES-19,2026-10-01 18:40:00
-12.835000,-41.559000,GOES-19,2026-10-01 18:50:00
-12.835500,-41.534300,GOES-19,2026-10-01 17:40:00
-12.835500,-41.534300,GOES-19,2026-10-01 17:50:00
-12.835500,-41.534300,GOES-19,2026-10-01 18:00:00
-12.835500,-41.534300,GOES-19,2026-10-01 18:10:00
-12.835500,-41.534300,GOES-19,2026-10-01 18:20:00
-12.835500,-41.534300,GOES-19,2026-10-01 18:40:00
-15.248400,-41.011700,GOES-19,2026-10-01 14:40:00
-14.737300,-41.025400,GOES-19,2026-10-01 18:50:00
-14.659000,-41.017500,GOES-19,2026-10-01 11:40:00
-14.659000,-41.017500,GOES-19,2026-10-01 11:50:00
-14.659000,-41.017500,GOES-19,2026-10-01 12:00:00
-14.659000,-41.017500,GOES-19,2026-10-01 12:10:00
-14.659000,-41.017500,GOES-19,2026-10-01 12:20:00
-14.659000,-41.017500,GOES-19,2026-10-01 12:30:00
-14.659000,-41.017500,GOES-19,2026-10-01 12:40:00
-15.331500,-40.841900,GOES-19,2026-10-01 14:10:00
-15.331500,-40.841900,GOES-19,2026-10-01 14:20:00
-15.331500,-40.841900,GOES-19,2026-10-01 14:30:00
-15.951400,-40.543900,GOES-19,2026-10-01 19:40:00
-14.526100,-40.846000,GOES-19,2026-10-01 14:10:00
-14.526100,-40.846000,GOES-19,2026-10-01 14:20:00
-14.526100,-40.846000,GOES-19,2026-10-01 14:30:00
-14.470100,-40.732700,GOES-19,2026-10-01 17:50:00
-14.490400,-40.703100,GOES-19,2026-10-01 17:40:00
-14.490400,-40.703100,GOES-19,2026-10-01 17:50:00
-14.490400,-40.703100,GOES-19,2026-10-01 18:00:00
-14.490400,-40.703100,GOES-19,2026-10-01 18:10:00
-14.490400,-40.703100,GOES-19,2026-10-01 18:20:00
-13.140600,-40.882300,GOES-19,2026-10-01 18:40:00
-13.140600,-40.882300,GOES-19,2026-10-01 18:50:00
-13.140600,-40.882300,GOES-19,2026-10-01 19:00:00
-13.140600,-40.882300,GOES-19,2026-10-01 19:10:00
-13.140600,-40.882300,GOES-19,2026-10-01 19:20:00
-13.140600,-40.882300,GOES-19,2026-10-01 19:40:00
-13.141100,-40.857200,GOES-19,2026-10-01 19:00:00
-11.193200,-39.713600,GOES-19,2026-10-01 18:30:00
-11.193200,-39.713600,GOES-19,2026-10-01 18:40:00
-11.193200,-39.713600,GOES-19,2026-10-01 18:50:00
-11.193700,-39.688200,GOES-19,2026-10-01 18:30:00
-11.193700,-39.688200,GOES-19,2026-10-01 18:40:00
-11.193700,-39.688200,GOES-19,2026-10-01 18:50:00
-11.193700,-39.688200,GOES-19,2026-10-01 19:00:00
-11.193700,-39.688200,GOES-19,2026-10-01 19:10:00
-11.193700,-39.688200,GOES-19,2026-10-01 19:20:00
-11.193700,-39.688200,GOES-19,2026-10-01 19:40:00
-6.625700,-57.974500,GOES-19,2026-10-01 19:50:00
-3.427900,-57.981600,GOES-19,2026-10-01 15:40:00
-2.515200,-56.910400,GOES-19,2026-10-01 15:30:00
-4.684800,-55.753200,GOES-19,2026-10-01 19:00:00
-4.684800,-55.753200,GOES-19,2026-10-01 19:10:00
-4.684800,-55.753200,GOES-19,2026-10-01 19:30:00
-4.684800,-55.753200,GOES-19,2026-10-01 19:40:00
-4.684800,-55.753200,GOES-19,2026-10-01 19:50:00
1.913600,-55.623400,GOES-19,2026-10-01 19:50:00
1.785300,-55.625100,GOES-19,2026-10-01 15:50:00
1.803700,-55.605100,GOES-19,2026-10-01 15:40:00
1.803700,-55.605100,GOES-19,2026-10-01 15:50:00
-6.586500,-55.434600,GOES-19,2026-10-01 15:10:00
1.822100,-55.565400,GOES-19,2026-10-01 15:20:00
1.822100,-55.565400,GOES-19,2026-10-01 15:30:00
-3.951000,-55.340700,GOES-19,2026-10-01 18:20:00
-3.951100,-55.320900,GOES-19,2026-10-01 18:20:00
-3.951100,-55.320900,GOES-19,2026-10-01 18:40:00
-4.449500,-54.906600,GOES-19,2026-10-01 18:40:00
-4.449500,-54.906600,GOES-19,2026-10-01 18:50:00
-4.449500,-54.906600,GOES-19,2026-10-01 19:00:00
-4.449500,-54.906600,GOES-19,2026-10-01 19:10:00
-4.449500,-54.906600,GOES-19,2026-10-01 19:20:00
-4.449500,-54.906600,GOES-19,2026-10-01 19:30:00
-4.449500,-54.906600,GOES-19,2026-10-01 19:40:00
-4.449500,-54.906600,GOES-19,2026-10-01 19:50:00
-4.431400,-54.847300,GOES-19,2026-10-01 18:20:00
-4.431400,-54.847300,GOES-19,2026-10-01 18:30:00
-4.431400,-54.847300,GOES-19,2026-10-01 18:40:00
-4.431400,-54.847300,GOES-19,2026-10-01 19:00:00
-4.431400,-54.847300,GOES-19,2026-10-01 19:10:00
-4.431400,-54.847300,GOES-19,2026-10-01 19:20:00
-4.431400,-54.847300,GOES-19,2026-10-01 19:30:00
-4.376300,-54.829300,GOES-19,2026-10-01 18:30:00
-4.376300,-54.829300,GOES-19,2026-10-01 18:50:00
-1.347000,-54.697600,GOES-19,2026-10-01 15:30:00
-9.746100,-53.898800,GOES-19,2026-10-01 14:30:00
-9.765600,-53.835900,GOES-19,2026-10-01 14:40:00
-3.165500,-54.104500,GOES-19,2026-10-01 00:00:00
-3.165500,-54.104500,GOES-19,2026-10-01 00:10:00
-3.165500,-54.104500,GOES-19,2026-10-01 00:20:00
-3.165500,-54.104500,GOES-19,2026-10-01 00:30:00
-3.165500,-54.104500,GOES-19,2026-10-01 00:40:00
-3.165500,-54.104500,GOES-19,2026-10-01 00:50:00
-3.165500,-54.104500,GOES-19,2026-10-01 01:00:00
-3.165500,-54.104500,GOES-19,2026-10-01 01:20:00
-3.183800,-54.104000,GOES-19,2026-10-01 00:00:00
-3.183800,-54.104000,GOES-19,2026-10-01 00:10:00
-3.183800,-54.104000,GOES-19,2026-10-01 00:20:00
-3.183800,-54.104000,GOES-19,2026-10-01 00:30:00
-3.183800,-54.104000,GOES-19,2026-10-01 00:40:00
-3.183800,-54.104000,GOES-19,2026-10-01 00:50:00
-3.183800,-54.104000,GOES-19,2026-10-01 01:00:00
-3.183800,-54.104000,GOES-19,2026-10-01 01:20:00
-3.147100,-54.084900,GOES-19,2026-10-01 00:00:00
-3.147100,-54.084900,GOES-19,2026-10-01 00:10:00
-3.147100,-54.084900,GOES-19,2026-10-01 00:20:00
-3.147100,-54.084900,GOES-19,2026-10-01 00:30:00
-3.147100,-54.084900,GOES-19,2026-10-01 00:40:00
-3.147100,-54.084900,GOES-19,2026-10-01 00:50:00
-3.147100,-54.084900,GOES-19,2026-10-01 01:00:00
-3.147100,-54.084900,GOES-19,2026-10-01 01:20:00
-3.165500,-54.084400,GOES-19,2026-10-01 00:00:00
-3.165500,-54.084400,GOES-19,2026-10-01 00:10:00
-3.165500,-54.084400,GOES-19,2026-10-01 00:20:00
-3.165500,-54.084400,GOES-19,2026-10-01 00:30:00
-3.165500,-54.084400,GOES-19,2026-10-01 00:40:00
-3.165500,-54.084400,GOES-19,2026-10-01 00:50:00
-3.165500,-54.084400,GOES-19,2026-10-01 01:00:00
-3.165500,-54.084400,GOES-19,2026-10-01 01:20:00
-3.183900,-54.083900,GOES-19,2026-10-01 00:00:00
-3.183900,-54.083900,GOES-19,2026-10-01 00:10:00
-3.183900,-54.083900,GOES-19,2026-10-01 00:20:00
-3.183900,-54.083900,GOES-19,2026-10-01 00:30:00
-3.183900,-54.083900,GOES-19,2026-10-01 00:40:00
-3.183900,-54.083900,GOES-19,2026-10-01 00:50:00
-3.183900,-54.083900,GOES-19,2026-10-01 01:00:00
-3.183900,-54.083900,GOES-19,2026-10-01 01:20:00
-3.147200,-54.064800,GOES-19,2026-10-01 00:00:00
-3.147200,-54.064800,GOES-19,2026-10-01 00:10:00
-3.147200,-54.064800,GOES-19,2026-10-01 00:20:00
-3.147200,-54.064800,GOES-19,2026-10-01 00:30:00
-3.165600,-54.064300,GOES-19,2026-10-01 00:00:00
-3.165600,-54.064300,GOES-19,2026-10-01 00:10:00
-3.165600,-54.064300,GOES-19,2026-10-01 00:20:00
-3.165600,-54.064300,GOES-19,2026-10-01 00:30:00
-3.165600,-54.064300,GOES-19,2026-10-01 00:40:00
-3.165600,-54.064300,GOES-19,2026-10-01 00:50:00
-3.165600,-54.064300,GOES-19,2026-10-01 01:00:00
-3.165600,-54.064300,GOES-19,2026-10-01 01:20:00
-5.840800,-53.540800,GOES-19,2026-10-01 18:10:00
-5.840800,-53.540800,GOES-19,2026-10-01 18:20:00
-5.840800,-53.540800,GOES-19,2026-10-01 18:30:00
-5.840800,-53.540800,GOES-19,2026-10-01 18:40:00
-5.840800,-53.540800,GOES-19,2026-10-01 18:50:00
-5.859600,-53.499300,GOES-19,2026-10-01 18:50:00
-5.859600,-53.499300,GOES-19,2026-10-01 19:00:00
-5.859600,-53.499300,GOES-19,2026-10-01 19:10:00
-5.859600,-53.499300,GOES-19,2026-10-01 19:30:00
-5.859600,-53.499300,GOES-19,2026-10-01 19:40:00
-5.859600,-53.499300,GOES-19,2026-10-01 20:00:00
-5.859600,-53.499300,GOES-19,2026-10-01 20:10:00
-5.859600,-53.499300,GOES-19,2026-10-01 20:20:00
-5.859600,-53.499300,GOES-19,2026-10-01 20:30:00
-5.878100,-53.498400,GOES-19,2026-10-01 18:50:00
-5.878100,-53.498400,GOES-19,2026-10-01 19:10:00
-5.878100,-53.498400,GOES-19,2026-10-01 19:30:00
-5.878100,-53.498400,GOES-19,2026-10-01 19:40:00
-5.878100,-53.498400,GOES-19,2026-10-01 20:00:00
-5.878100,-53.498400,GOES-19,2026-10-01 20:10:00
-5.878100,-53.498400,GOES-19,2026-10-01 20:20:00
-5.878100,-53.498400,GOES-19,2026-10-01 20:30:00
-5.896600,-53.497500,GOES-19,2026-10-01 13:20:00
-5.896600,-53.497500,GOES-19,2026-10-01 13:40:00
-5.896600,-53.497500,GOES-19,2026-10-01 13:50:00
-5.896600,-53.497500,GOES-19,2026-10-01 14:00:00
-5.896600,-53.497500,GOES-19,2026-10-01 14:10:00
-5.896600,-53.497500,GOES-19,2026-10-01 18:50:00
-5.896600,-53.497500,GOES-19,2026-10-01 19:00:00
-5.896600,-53.497500,GOES-19,2026-10-01 19:40:00
-5.896600,-53.497500,GOES-19,2026-10-01 19:50:00
-5.896600,-53.497500,GOES-19,2026-10-01 20:00:00
-5.896600,-53.497500,GOES-19,2026-10-01 20:10:00
-5.896600,-53.497500,GOES-19,2026-10-01 20:20:00
-5.896600,-53.497500,GOES-19,2026-10-01 20:30:00
-5.915100,-53.496500,GOES-19,2026-10-01 13:40:00
-5.915100,-53.496500,GOES-19,2026-10-01 19:00:00
-5.915100,-53.496500,GOES-19,2026-10-01 19:40:00
-5.915100,-53.496500,GOES-19,2026-10-01 20:00:00
-5.915100,-53.496500,GOES-19,2026-10-01 20:10:00
-5.915100,-53.496500,GOES-19,2026-10-01 20:20:00
-5.915100,-53.496500,GOES-19,2026-10-01 20:30:00
-5.841100,-53.500200,GOES-19,2026-10-01 12:50:00
-5.841100,-53.500200,GOES-19,2026-10-01 13:00:00
-5.841100,-53.500200,GOES-19,2026-10-01 13:10:00
-5.841100,-53.500200,GOES-19,2026-10-01 13:20:00
-5.841100,-53.500200,GOES-19,2026-10-01 13:30:00
-5.841100,-53.500200,GOES-19,2026-10-01 13:40:00
-5.841100,-53.500200,GOES-19,2026-10-01 18:50:00
-5.841100,-53.500200,GOES-19,2026-10-01 19:00:00
-5.841100,-53.500200,GOES-19,2026-10-01 19:10:00
-5.841100,-53.500200,GOES-19,2026-10-01 19:30:00
-5.859700,-53.479000,GOES-19,2026-10-01 13:40:00
-5.859700,-53.479000,GOES-19,2026-10-01 18:50:00
-5.859700,-53.479000,GOES-19,2026-10-01 19:00:00
-5.859700,-53.479000,GOES-19,2026-10-01 19:10:00
-5.859700,-53.479000,GOES-19,2026-10-01 19:30:00
-5.859700,-53.479000,GOES-19,2026-10-01 19:40:00
-5.859700,-53.479000,GOES-19,2026-10-01 20:00:00
-5.859700,-53.479000,GOES-19,2026-10-01 20:10:00
-5.859700,-53.479000,GOES-19,2026-10-01 20:20:00
-5.859700,-53.479000,GOES-19,2026-10-01 20:30:00
-5.878200,-53.478100,GOES-19,2026-10-01 13:40:00
-5.878200,-53.478100,GOES-19,2026-10-01 13:50:00
-5.878200,-53.478100,GOES-19,2026-10-01 18:20:00
-5.878200,-53.478100,GOES-19,2026-10-01 18:30:00
-5.878200,-53.478100,GOES-19,2026-10-01 18:50:00
-5.878200,-53.478100,GOES-19,2026-10-01 19:00:00
-5.878200,-53.478100,GOES-19,2026-10-01 19:10:00
-5.878200,-53.478100,GOES-19,2026-10-01 19:30:00
-5.878200,-53.478100,GOES-19,2026-10-01 19:40:00
-5.878200,-53.478100,GOES-19,2026-10-01 20:00:00
-5.878200,-53.478100,GOES-19,2026-10-01 20:10:00
-5.878200,-53.478100,GOES-19,2026-10-01 20:20:00
-5.878200,-53.478100,GOES-19,2026-10-01 20:30:00
-5.896700,-53.477100,GOES-19,2026-10-01 13:20:00
-5.896700,-53.477100,GOES-19,2026-10-01 14:00:00
-5.896700,-53.477100,GOES-19,2026-10-01 14:20:00
-5.896700,-53.477100,GOES-19,2026-10-01 14:30:00
-5.896700,-53.477100,GOES-19,2026-10-01 14:40:00
-5.896700,-53.477100,GOES-19,2026-10-01 14:50:00
-5.896700,-53.477100,GOES-19,2026-10-01 15:00:00
-5.896700,-53.477100,GOES-19,2026-10-01 19:00:00
-5.915200,-53.476200,GOES-19,2026-10-01 13:40:00
-5.915200,-53.476200,GOES-19,2026-10-01 19:00:00
-5.841200,-53.479900,GOES-19,2026-10-01 13:40:00
-5.841200,-53.479900,GOES-19,2026-10-01 18:50:00
-5.841200,-53.479900,GOES-19,2026-10-01 19:00:00
-5.841200,-53.479900,GOES-19,2026-10-01 19:10:00
-5.841200,-53.479900,GOES-19,2026-10-01 19:30:00
-5.841200,-53.479900,GOES-19,2026-10-01 19:40:00
-5.841200,-53.479900,GOES-19,2026-10-01 20:00:00
-5.841200,-53.479900,GOES-19,2026-10-01 20:10:00
-5.841200,-53.479900,GOES-19,2026-10-01 20:20:00
-5.841200,-53.479900,GOES-19,2026-10-01 20:30:00
-6.120700,-53.201200,GOES-19,2026-10-01 18:30:00
-6.120700,-53.201200,GOES-19,2026-10-01 18:40:00
-6.120700,-53.201200,GOES-19,2026-10-01 18:50:00
-6.139200,-53.200300,GOES-19,2026-10-01 18:40:00
-6.232100,-53.154600,GOES-19,2026-10-01 18:50:00
-6.232100,-53.154600,GOES-19,2026-10-01 19:00:00
-6.250700,-53.153600,GOES-19,2026-10-01 18:50:00
-6.232400,-53.113800,GOES-19,2026-10-01 18:20:00
-6.142000,-52.812000,GOES-19,2026-10-01 19:30:00
-6.142000,-52.812000,GOES-19,2026-10-01 19:50:00
-6.160600,-52.790600,GOES-19,2026-10-01 19:50:00
-6.179200,-52.789600,GOES-19,2026-10-01 19:50:00
-6.197700,-52.788600,GOES-19,2026-10-01 19:40:00
-6.197700,-52.788600,GOES-19,2026-10-01 19:50:00
-6.217000,-52.685100,GOES-19,2026-10-01 18:40:00
-6.217000,-52.685100,GOES-19,2026-10-01 18:50:00
-6.235500,-52.684100,GOES-19,2026-10-01 18:40:00
-7.201300,-52.606600,GOES-19,2026-10-01 18:00:00
-3.817300,-52.217200,GOES-19,2026-10-01 18:40:00
-3.964800,-52.212100,GOES-19,2026-10-01 18:50:00
-3.964800,-52.212100,GOES-19,2026-10-01 19:00:00
-3.964800,-52.212100,GOES-19,2026-10-01 19:10:00
-3.964800,-52.212100,GOES-19,2026-10-01 19:20:00
-3.964800,-52.212100,GOES-19,2026-10-01 19:30:00
-3.964800,-52.212100,GOES-19,2026-10-01 19:50:00
-14.383400,-51.289200,GOES-19,2026-10-01 04:20:00
-14.402700,-51.286500,GOES-19,2026-10-01 04:20:00
-14.383800,-51.267700,GOES-19,2026-10-01 04:20:00
-14.403100,-51.265000,GOES-19,2026-10-01 04:20:00
-14.422500,-51.262400,GOES-19,2026-10-01 04:20:00
-14.441800,-51.259700,GOES-19,2026-10-01 04:20:00
-14.384100,-51.246200,GOES-19,2026-10-01 04:20:00
-14.403500,-51.243500,GOES-19,2026-10-01 04:20:00
-14.422800,-51.240900,GOES-19,2026-10-01 04:20:00
-14.442200,-51.238200,GOES-19,2026-10-01 04:20:00
-3.689200,-51.995500,GOES-19,2026-10-01 18:20:00
-13.076500,-51.266800,GOES-19,2026-10-01 00:50:00
-13.076500,-51.266800,GOES-19,2026-10-01 01:00:00
-13.076500,-51.266800,GOES-19,2026-10-01 01:10:00
-13.095700,-51.264400,GOES-19,2026-10-01 00:50:00
-13.095700,-51.264400,GOES-19,2026-10-01 01:00:00
-13.095700,-51.264400,GOES-19,2026-10-01 01:10:00
-13.058100,-51.226400,GOES-19,2026-10-01 00:50:00
-13.058100,-51.226400,GOES-19,2026-10-01 01:00:00
-13.058100,-51.226400,GOES-19,2026-10-01 01:10:00
-13.077200,-51.224000,GOES-19,2026-10-01 00:50:00
-13.077200,-51.224000,GOES-19,2026-10-01 01:00:00
-13.077200,-51.224000,GOES-19,2026-10-01 01:10:00
-13.058400,-51.205000,GOES-19,2026-10-01 00:50:00
-13.058400,-51.205000,GOES-19,2026-10-01 01:00:00
-13.058400,-51.205000,GOES-19,2026-10-01 01:10:00
-13.058700,-51.183700,GOES-19,2026-10-01 01:00:00
-13.077900,-51.181300,GOES-19,2026-10-01 01:00:00
-5.853100,-51.736300,GOES-19,2026-10-01 18:30:00
-5.853100,-51.736300,GOES-19,2026-10-01 19:00:00
-5.853100,-51.736300,GOES-19,2026-10-01 19:20:00
-5.853100,-51.736300,GOES-19,2026-10-01 19:30:00
-5.853100,-51.736300,GOES-19,2026-10-01 19:40:00
-5.871700,-51.735300,GOES-19,2026-10-01 19:20:00
-3.616200,-51.812500,GOES-19,2026-10-01 18:30:00
-10.705300,-50.855300,GOES-19,2026-10-01 14:20:00
-10.497400,-50.855300,GOES-19,2026-10-01 12:40:00
-10.668300,-50.795500,GOES-19,2026-10-01 14:20:00
-10.687200,-50.793500,GOES-19,2026-10-01 13:50:00
-10.687200,-50.793500,GOES-19,2026-10-01 14:00:00
-10.687200,-50.793500,GOES-19,2026-10-01 14:10:00
-10.668600,-50.774200,GOES-19,2026-10-01 13:00:00
-10.668600,-50.774200,GOES-19,2026-10-01 13:10:00
-10.668600,-50.774200,GOES-19,2026-10-01 13:20:00
-10.668600,-50.774200,GOES-19,2026-10-01 13:30:00
-10.668600,-50.774200,GOES-19,2026-10-01 13:40:00
-10.668600,-50.774200,GOES-19,2026-10-01 13:50:00
-10.668600,-50.774200,GOES-19,2026-10-01 14:00:00
-10.668600,-50.774200,GOES-19,2026-10-01 14:10:00
-10.668600,-50.774200,GOES-19,2026-10-01 14:20:00
-10.668600,-50.774200,GOES-19,2026-10-01 14:30:00
-10.649900,-50.754900,GOES-19,2026-10-01 14:20:00
-10.649900,-50.754900,GOES-19,2026-10-01 14:30:00
-10.668800,-50.752900,GOES-19,2026-10-01 13:00:00
-10.668800,-50.752900,GOES-19,2026-10-01 13:10:00
-10.668800,-50.752900,GOES-19,2026-10-01 13:20:00
-10.668800,-50.752900,GOES-19,2026-10-01 13:30:00
-10.668800,-50.752900,GOES-19,2026-10-01 13:40:00
-10.668800,-50.752900,GOES-19,2026-10-01 13:50:00
-10.668800,-50.752900,GOES-19,2026-10-01 14:00:00
-10.668800,-50.752900,GOES-19,2026-10-01 14:10:00
-10.668800,-50.752900,GOES-19,2026-10-01 14:20:00
-10.668800,-50.752900,GOES-19,2026-10-01 14:30:00
-10.669100,-50.731600,GOES-19,2026-10-01 13:30:00
-10.669100,-50.731600,GOES-19,2026-10-01 13:40:00
-10.669100,-50.731600,GOES-19,2026-10-01 13:50:00
-10.669100,-50.731600,GOES-19,2026-10-01 14:00:00
-10.669100,-50.731600,GOES-19,2026-10-01 14:10:00
-10.669100,-50.731600,GOES-19,2026-10-01 14:20:00
-10.669100,-50.731600,GOES-19,2026-10-01 14:30:00
-10.651300,-50.648400,GOES-19,2026-10-01 14:20:00
-10.651300,-50.648400,GOES-19,2026-10-01 14:30:00
-11.790600,-50.523600,GOES-19,2026-10-01 02:00:00
-11.809700,-50.521400,GOES-19,2026-10-01 02:00:00
-11.828700,-50.519200,GOES-19,2026-10-01 02:00:00
-11.791000,-50.502100,GOES-19,2026-10-01 02:00:00
-11.810000,-50.499900,GOES-19,2026-10-01 02:00:00
-11.829100,-50.497700,GOES-19,2026-10-01 02:00:00
-10.614300,-50.588400,GOES-19,2026-10-01 14:20:00
-10.633500,-50.565100,GOES-19,2026-10-01 14:00:00
-10.633500,-50.565100,GOES-19,2026-10-01 14:10:00
-10.633500,-50.565100,GOES-19,2026-10-01 14:20:00
-10.728200,-50.555200,GOES-19,2026-10-01 13:40:00
-10.728200,-50.555200,GOES-19,2026-10-01 13:50:00
-10.728200,-50.555200,GOES-19,2026-10-01 14:00:00
-10.728200,-50.555200,GOES-19,2026-10-01 14:10:00
-10.728200,-50.555200,GOES-19,2026-10-01 14:20:00
-10.747200,-50.553300,GOES-19,2026-10-01 00:00:00
-10.747200,-50.553300,GOES-19,2026-10-01 00:10:00
-10.747200,-50.553300,GOES-19,2026-10-01 13:40:00
-10.747200,-50.553300,GOES-19,2026-10-01 13:50:00
-10.766100,-50.551300,GOES-19,2026-10-01 00:00:00
-10.766100,-50.551300,GOES-19,2026-10-01 00:10:00
-10.785000,-50.549300,GOES-19,2026-10-01 00:00:00
-10.785000,-50.549300,GOES-19,2026-10-01 00:10:00
-10.728500,-50.533900,GOES-19,2026-10-01 00:00:00
-10.728500,-50.533900,GOES-19,2026-10-01 00:10:00
-10.728500,-50.533900,GOES-19,2026-10-01 13:30:00
-10.728500,-50.533900,GOES-19,2026-10-01 13:40:00
-10.728500,-50.533900,GOES-19,2026-10-01 13:50:00
-10.728500,-50.533900,GOES-19,2026-10-01 14:00:00
-10.728500,-50.533900,GOES-19,2026-10-01 14:10:00
-10.747400,-50.531900,GOES-19,2026-10-01 00:00:00
-10.747400,-50.531900,GOES-19,2026-10-01 00:10:00
-10.747400,-50.531900,GOES-19,2026-10-01 13:30:00
-10.747400,-50.531900,GOES-19,2026-10-01 13:40:00
-10.747400,-50.531900,GOES-19,2026-10-01 13:50:00
-10.747400,-50.531900,GOES-19,2026-10-01 14:00:00
-10.747400,-50.531900,GOES-19,2026-10-01 14:10:00
-10.766400,-50.529900,GOES-19,2026-10-01 00:00:00
-10.766400,-50.529900,GOES-19,2026-10-01 00:10:00
-10.785300,-50.527900,GOES-19,2026-10-01 00:00:00
-10.785300,-50.527900,GOES-19,2026-10-01 00:10:00
-10.747700,-50.510600,GOES-19,2026-10-01 13:30:00
-10.747700,-50.510600,GOES-19,2026-10-01 13:40:00
-10.747700,-50.510600,GOES-19,2026-10-01 13:50:00
-10.747700,-50.510600,GOES-19,2026-10-01 14:00:00
2.476600,-50.933600,GOES-19,2026-10-01 18:30:00
2.476600,-50.933600,GOES-19,2026-10-01 18:40:00
-4.285800,-50.812500,GOES-19,2026-10-01 03:30:00
-4.285800,-50.812500,GOES-19,2026-10-01 04:10:00
-4.248900,-50.793200,GOES-19,2026-10-01 00:10:00
-4.248900,-50.793200,GOES-19,2026-10-01 00:30:00
-4.248900,-50.793200,GOES-19,2026-10-01 00:40:00
-4.248900,-50.793200,GOES-19,2026-10-01 00:50:00
-4.267400,-50.792400,GOES-19,2026-10-01 00:00:00
-4.267400,-50.792400,GOES-19,2026-10-01 00:10:00
-4.267400,-50.792400,GOES-19,2026-10-01 00:20:00
-4.267400,-50.792400,GOES-19,2026-10-01 00:30:00
-4.267400,-50.792400,GOES-19,2026-10-01 00:40:00
-4.267400,-50.792400,GOES-19,2026-10-01 00:50:00
-4.267400,-50.792400,GOES-19,2026-10-01 01:00:00
-4.267400,-50.792400,GOES-19,2026-10-01 01:10:00
-4.267400,-50.792400,GOES-19,2026-10-01 01:20:00
-4.267400,-50.792400,GOES-19,2026-10-01 01:30:00
-4.267400,-50.792400,GOES-19,2026-10-01 01:40:00
-4.267400,-50.792400,GOES-19,2026-10-01 01:50:00
-4.267400,-50.792400,GOES-19,2026-10-01 02:00:00
-4.267400,-50.792400,GOES-19,2026-10-01 02:10:00
-4.267400,-50.792400,GOES-19,2026-10-01 02:20:00
-4.267400,-50.792400,GOES-19,2026-10-01 02:30:00
-4.267400,-50.792400,GOES-19,2026-10-01 02:40:00
-4.267400,-50.792400,GOES-19,2026-10-01 02:50:00
-4.267400,-50.792400,GOES-19,2026-10-01 03:00:00
-4.267400,-50.792400,GOES-19,2026-10-01 03:10:00
-4.267400,-50.792400,GOES-19,2026-10-01 03:20:00
-4.267400,-50.792400,GOES-19,2026-10-01 03:30:00
-4.267400,-50.792400,GOES-19,2026-10-01 03:40:00
-4.267400,-50.792400,GOES-19,2026-10-01 03:50:00
-4.267400,-50.792400,GOES-19,2026-10-01 04:00:00
-4.267400,-50.792400,GOES-19,2026-10-01 04:10:00
-4.267400,-50.792400,GOES-19,2026-10-01 04:20:00
-4.285900,-50.791600,GOES-19,2026-10-01 00:00:00
-4.285900,-50.791600,GOES-19,2026-10-01 00:10:00
-4.285900,-50.791600,GOES-19,2026-10-01 00:20:00
-4.285900,-50.791600,GOES-19,2026-10-01 00:30:00
-4.285900,-50.791600,GOES-19,2026-10-01 00:40:00
-4.285900,-50.791600,GOES-19,2026-10-01 00:50:00
-4.285900,-50.791600,GOES-19,2026-10-01 01:00:00
-4.285900,-50.791600,GOES-19,2026-10-01 01:10:00
-4.285900,-50.791600,GOES-19,2026-10-01 01:20:00
-4.285900,-50.791600,GOES-19,2026-10-01 01:30:00
-4.285900,-50.791600,GOES-19,2026-10-01 01:40:00
-4.285900,-50.791600,GOES-19,2026-10-01 01:50:00
-4.285900,-50.791600,GOES-19,2026-10-01 02:00:00
-4.285900,-50.791600,GOES-19,2026-10-01 02:10:00
-4.285900,-50.791600,GOES-19,2026-10-01 02:20:00
-4.285900,-50.791600,GOES-19,2026-10-01 02:30:00
-4.285900,-50.791600,GOES-19,2026-10-01 02:40:00
-4.285900,-50.791600,GOES-19,2026-10-01 02:50:00
-4.285900,-50.791600,GOES-19,2026-10-01 03:00:00
-4.285900,-50.791600,GOES-19,2026-10-01 03:10:00
-4.285900,-50.791600,GOES-19,2026-10-01 03:20:00
-4.285900,-50.791600,GOES-19,2026-10-01 03:30:00
-4.285900,-50.791600,GOES-19,2026-10-01 03:40:00
-4.285900,-50.791600,GOES-19,2026-10-01 03:50:00
-4.285900,-50.791600,GOES-19,2026-10-01 04:00:00
-4.285900,-50.791600,GOES-19,2026-10-01 04:10:00
-4.285900,-50.791600,GOES-19,2026-10-01 04:20:00
-4.285900,-50.791600,GOES-19,2026-10-01 21:00:00
-4.285900,-50.791600,GOES-19,2026-10-01 22:00:00
-4.285900,-50.791600,GOES-19,2026-10-01 22:10:00
-4.285900,-50.791600,GOES-19,2026-10-01 22:20:00
-4.285900,-50.791600,GOES-19,2026-10-01 22:30:00
-4.285900,-50.791600,GOES-19,2026-10-01 22:40:00
-4.285900,-50.791600,GOES-19,2026-10-01 22:50:00
-4.285900,-50.791600,GOES-19,2026-10-01 23:00:00
-4.285900,-50.791600,GOES-19,2026-10-01 23:10:00
-4.304400,-50.790900,GOES-19,2026-10-01 00:00:00
-4.304400,-50.790900,GOES-19,2026-10-01 00:10:00
-4.304400,-50.790900,GOES-19,2026-10-01 00:20:00
-4.304400,-50.790900,GOES-19,2026-10-01 00:30:00
-4.304400,-50.790900,GOES-19,2026-10-01 00:40:00
-4.304400,-50.790900,GOES-19,2026-10-01 00:50:00
-4.304400,-50.790900,GOES-19,2026-10-01 01:00:00
-4.304400,-50.790900,GOES-19,2026-10-01 01:10:00
-4.304400,-50.790900,GOES-19,2026-10-01 01:20:00
-4.304400,-50.790900,GOES-19,2026-10-01 01:30:00
-4.304400,-50.790900,GOES-19,2026-10-01 01:40:00
-4.304400,-50.790900,GOES-19,2026-10-01 01:50:00
-4.304400,-50.790900,GOES-19,2026-10-01 02:00:00
-4.304400,-50.790900,GOES-19,2026-10-01 02:10:00
-4.304400,-50.790900,GOES-19,2026-10-01 02:20:00
-4.304400,-50.790900,GOES-19,2026-10-01 02:30:00
-4.304400,-50.790900,GOES-19,2026-10-01 02:40:00
-4.304400,-50.790900,GOES-19,2026-10-01 02:50:00
-4.304400,-50.790900,GOES-19,2026-10-01 03:20:00
-4.304400,-50.790900,GOES-19,2026-10-01 03:30:00
-4.304400,-50.790900,GOES-19,2026-10-01 03:40:00
-4.304400,-50.790900,GOES-19,2026-10-01 03:50:00
-4.304400,-50.790900,GOES-19,2026-10-01 04:00:00
-4.304400,-50.790900,GOES-19,2026-10-01 04:10:00
-4.304400,-50.790900,GOES-19,2026-10-01 21:00:00
-4.304400,-50.790900,GOES-19,2026-10-01 22:00:00
-4.304400,-50.790900,GOES-19,2026-10-01 22:10:00
-4.304400,-50.790900,GOES-19,2026-10-01 22:20:00
-4.304400,-50.790900,GOES-19,2026-10-01 22:30:00
-4.304400,-50.790900,GOES-19,2026-10-01 22:40:00
-4.304400,-50.790900,GOES-19,2026-10-01 22:50:00
-4.304400,-50.790900,GOES-19,2026-10-01 23:00:00
-4.304400,-50.790900,GOES-19,2026-10-01 23:10:00
-4.249000,-50.772300,GOES-19,2026-10-01 00:00:00
-4.249000,-50.772300,GOES-19,2026-10-01 00:10:00
-4.249000,-50.772300,GOES-19,2026-10-01 00:20:00
-4.249000,-50.772300,GOES-19,2026-10-01 00:30:00
-4.249000,-50.772300,GOES-19,2026-10-01 00:40:00
-4.249000,-50.772300,GOES-19,2026-10-01 00:50:00
-4.249000,-50.772300,GOES-19,2026-10-01 01:00:00
-4.249000,-50.772300,GOES-19,2026-10-01 01:10:00
-4.249000,-50.772300,GOES-19,2026-10-01 01:20:00
-4.249000,-50.772300,GOES-19,2026-10-01 01:30:00
-4.249000,-50.772300,GOES-19,2026-10-01 01:40:00
-4.249000,-50.772300,GOES-19,2026-10-01 01:50:00
-4.249000,-50.772300,GOES-19,2026-10-01 02:00:00
-4.249000,-50.772300,GOES-19,2026-10-01 02:10:00
-4.249000,-50.772300,GOES-19,2026-10-01 02:20:00
-4.249000,-50.772300,GOES-19,2026-10-01 02:30:00
-4.249000,-50.772300,GOES-19,2026-10-01 02:40:00
-4.249000,-50.772300,GOES-19,2026-10-01 02:50:00
-4.249000,-50.772300,GOES-19,2026-10-01 03:00:00
-4.249000,-50.772300,GOES-19,2026-10-01 03:10:00
-4.249000,-50.772300,GOES-19,2026-10-01 03:20:00
-4.249000,-50.772300,GOES-19,2026-10-01 03:30:00
-4.249000,-50.772300,GOES-19,2026-10-01 03:40:00
-4.249000,-50.772300,GOES-19,2026-10-01 03:50:00
-4.249000,-50.772300,GOES-19,2026-10-01 04:00:00
-4.249000,-50.772300,GOES-19,2026-10-01 04:10:00
-4.249000,-50.772300,GOES-19,2026-10-01 04:20:00
-4.267500,-50.771500,GOES-19,2026-10-01 00:00:00
-4.267500,-50.771500,GOES-19,2026-10-01 00:10:00
-4.267500,-50.771500,GOES-19,2026-10-01 00:20:00
-4.267500,-50.771500,GOES-19,2026-10-01 00:30:00
-4.267500,-50.771500,GOES-19,2026-10-01 00:40:00
-4.267500,-50.771500,GOES-19,2026-10-01 00:50:00
-4.267500,-50.771500,GOES-19,2026-10-01 01:00:00
-4.267500,-50.771500,GOES-19,2026-10-01 01:10:00
-4.267500,-50.771500,GOES-19,2026-10-01 01:20:00
-4.267500,-50.771500,GOES-19,2026-10-01 01:30:00
-4.267500,-50.771500,GOES-19,2026-10-01 01:40:00
-4.267500,-50.771500,GOES-19,2026-10-01 01:50:00
-4.267500,-50.771500,GOES-19,2026-10-01 02:00:00
-4.267500,-50.771500,GOES-19,2026-10-01 02:10:00
-4.267500,-50.771500,GOES-19,2026-10-01 02:20:00
-4.267500,-50.771500,GOES-19,2026-10-01 02:30:00
-4.267500,-50.771500,GOES-19,2026-10-01 02:40:00
-4.267500,-50.771500,GOES-19,2026-10-01 02:50:00
-4.267500,-50.771500,GOES-19,2026-10-01 03:00:00
-4.267500,-50.771500,GOES-19,2026-10-01 03:10:00
-4.267500,-50.771500,GOES-19,2026-10-01 03:20:00
-4.267500,-50.771500,GOES-19,2026-10-01 03:30:00
-4.267500,-50.771500,GOES-19,2026-10-01 03:40:00
-4.267500,-50.771500,GOES-19,2026-10-01 03:50:00
-4.267500,-50.771500,GOES-19,2026-10-01 04:00:00
-4.267500,-50.771500,GOES-19,2026-10-01 04:10:00
-4.267500,-50.771500,GOES-19,2026-10-01 04:20:00
-4.267500,-50.771500,GOES-19,2026-10-01 22:10:00
-4.267500,-50.771500,GOES-19,2026-10-01 22:30:00
-4.267500,-50.771500,GOES-19,2026-10-01 22:40:00
-4.267500,-50.771500,GOES-19,2026-10-01 22:50:00
-4.267500,-50.771500,GOES-19,2026-10-01 23:00:00
-4.267500,-50.771500,GOES-19,2026-10-01 23:10:00
-4.286000,-50.770700,GOES-19,2026-10-01 00:00:00
-4.286000,-50.770700,GOES-19,2026-10-01 00:10:00
-4.286000,-50.770700,GOES-19,2026-10-01 00:20:00
-4.286000,-50.770700,GOES-19,2026-10-01 00:30:00
-4.286000,-50.770700,GOES-19,2026-10-01 00:40:00
-4.286000,-50.770700,GOES-19,2026-10-01 00:50:00
-4.286000,-50.770700,GOES-19,2026-10-01 01:00:00
-4.286000,-50.770700,GOES-19,2026-10-01 01:10:00
-4.286000,-50.770700,GOES-19,2026-10-01 01:20:00
-4.286000,-50.770700,GOES-19,2026-10-01 01:30:00
-4.286000,-50.770700,GOES-19,2026-10-01 01:40:00
-4.286000,-50.770700,GOES-19,2026-10-01 01:50:00
-4.286000,-50.770700,GOES-19,2026-10-01 02:00:00
-4.286000,-50.770700,GOES-19,2026-10-01 02:10:00
-4.286000,-50.770700,GOES-19,2026-10-01 02:20:00
-4.286000,-50.770700,GOES-19,2026-10-01 02:30:00
-4.286000,-50.770700,GOES-19,2026-10-01 02:40:00
-4.286000,-50.770700,GOES-19,2026-10-01 02:50:00
-4.286000,-50.770700,GOES-19,2026-10-01 03:00:00
-4.286000,-50.770700,GOES-19,2026-10-01 03:10:00
-4.286000,-50.770700,GOES-19,2026-10-01 03:20:00
-4.286000,-50.770700,GOES-19,2026-10-01 03:30:00
-4.286000,-50.770700,GOES-19,2026-10-01 03:40:00
-4.286000,-50.770700,GOES-19,2026-10-01 03:50:00
-4.286000,-50.770700,GOES-19,2026-10-01 04:00:00
-4.286000,-50.770700,GOES-19,2026-10-01 04:10:00
-4.286000,-50.770700,GOES-19,2026-10-01 04:20:00
-4.286000,-50.770700,GOES-19,2026-10-01 21:00:00
-4.286000,-50.770700,GOES-19,2026-10-01 22:00:00
-4.286000,-50.770700,GOES-19,2026-10-01 22:10:00
-4.286000,-50.770700,GOES-19,2026-10-01 22:20:00
-4.286000,-50.770700,GOES-19,2026-10-01 22:30:00
-4.286000,-50.770700,GOES-19,2026-10-01 22:40:00
-4.286000,-50.770700,GOES-19,2026-10-01 22:50:00
-4.286000,-50.770700,GOES-19,2026-10-01 23:00:00
-4.286000,-50.770700,GOES-19,2026-10-01 23:10:00
-4.304500,-50.770000,GOES-19,2026-10-01 00:00:00
-4.304500,-50.770000,GOES-19,2026-10-01 00:10:00
-4.304500,-50.770000,GOES-19,2026-10-01 00:20:00
-4.304500,-50.770000,GOES-19,2026-10-01 00:30:00
-4.304500,-50.770000,GOES-19,2026-10-01 00:40:00
-4.304500,-50.770000,GOES-19,2026-10-01 00:50:00
-4.304500,-50.770000,GOES-19,2026-10-01 01:00:00
-4.304500,-50.770000,GOES-19,2026-10-01 01:10:00
-4.304500,-50.770000,GOES-19,2026-10-01 01:20:00
-4.304500,-50.770000,GOES-19,2026-10-01 01:30:00
-4.304500,-50.770000,GOES-19,2026-10-01 01:40:00
-4.304500,-50.770000,GOES-19,2026-10-01 01:50:00
-4.304500,-50.770000,GOES-19,2026-10-01 02:00:00
-4.304500,-50.770000,GOES-19,2026-10-01 02:10:00
-4.304500,-50.770000,GOES-19,2026-10-01 02:20:00
-4.304500,-50.770000,GOES-19,2026-10-01 02:30:00
-4.304500,-50.770000,GOES-19,2026-10-01 02:40:00
-4.304500,-50.770000,GOES-19,2026-10-01 02:50:00
-4.304500,-50.770000,GOES-19,2026-10-01 03:00:00
-4.304500,-50.770000,GOES-19,2026-10-01 03:20:00
-4.304500,-50.770000,GOES-19,2026-10-01 03:30:00
-4.304500,-50.770000,GOES-19,2026-10-01 03:40:00
-4.304500,-50.770000,GOES-19,2026-10-01 03:50:00
-4.304500,-50.770000,GOES-19,2026-10-01 04:00:00
-4.304500,-50.770000,GOES-19,2026-10-01 04:10:00
-4.304500,-50.770000,GOES-19,2026-10-01 21:00:00
-4.304500,-50.770000,GOES-19,2026-10-01 22:00:00
-4.304500,-50.770000,GOES-19,2026-10-01 22:10:00
-4.304500,-50.770000,GOES-19,2026-10-01 22:20:00
-4.304500,-50.770000,GOES-19,2026-10-01 22:30:00
-4.304500,-50.770000,GOES-19,2026-10-01 22:40:00
-4.304500,-50.770000,GOES-19,2026-10-01 22:50:00
-4.304500,-50.770000,GOES-19,2026-10-01 23:00:00
-4.304500,-50.770000,GOES-19,2026-10-01 23:10:00
-4.249100,-50.751400,GOES-19,2026-10-01 00:00:00
-4.249100,-50.751400,GOES-19,2026-10-01 00:10:00
-4.249100,-50.751400,GOES-19,2026-10-01 00:20:00
-4.249100,-50.751400,GOES-19,2026-10-01 00:30:00
-4.249100,-50.751400,GOES-19,2026-10-01 00:40:00
-4.249100,-50.751400,GOES-19,2026-10-01 00:50:00
-4.249100,-50.751400,GOES-19,2026-10-01 01:00:00
-4.249100,-50.751400,GOES-19,2026-10-01 01:10:00
-4.249100,-50.751400,GOES-19,2026-10-01 01:20:00
-4.249100,-50.751400,GOES-19,2026-10-01 01:30:00
-4.249100,-50.751400,GOES-19,2026-10-01 01:40:00
-4.249100,-50.751400,GOES-19,2026-10-01 01:50:00
-4.249100,-50.751400,GOES-19,2026-10-01 02:00:00
-4.249100,-50.751400,GOES-19,2026-10-01 02:10:00
-4.249100,-50.751400,GOES-19,2026-10-01 02:20:00
-4.249100,-50.751400,GOES-19,2026-10-01 02:30:00
-4.249100,-50.751400,GOES-19,2026-10-01 02:40:00
-4.249100,-50.751400,GOES-19,2026-10-01 02:50:00
-4.249100,-50.751400,GOES-19,2026-10-01 03:00:00
-4.249100,-50.751400,GOES-19,2026-10-01 03:10:00
-4.249100,-50.751400,GOES-19,2026-10-01 03:20:00
-4.249100,-50.751400,GOES-19,2026-10-01 03:30:00
-4.249100,-50.751400,GOES-19,2026-10-01 03:40:00
-4.249100,-50.751400,GOES-19,2026-10-01 03:50:00
-4.249100,-50.751400,GOES-19,2026-10-01 04:00:00
-4.249100,-50.751400,GOES-19,2026-10-01 04:10:00
-4.249100,-50.751400,GOES-19,2026-10-01 04:20:00
-4.249100,-50.751400,GOES-19,2026-10-01 21:00:00
-4.249100,-50.751400,GOES-19,2026-10-01 22:00:00
-4.249100,-50.751400,GOES-19,2026-10-01 22:10:00
-4.249100,-50.751400,GOES-19,2026-10-01 22:20:00
-4.249100,-50.751400,GOES-19,2026-10-01 22:30:00
-4.249100,-50.751400,GOES-19,2026-10-01 22:40:00
-4.249100,-50.751400,GOES-19,2026-10-01 22:50:00
-4.249100,-50.751400,GOES-19,2026-10-01 23:00:00
-4.267600,-50.750600,GOES-19,2026-10-01 00:00:00
-4.267600,-50.750600,GOES-19,2026-10-01 00:10:00
-4.267600,-50.750600,GOES-19,2026-10-01 00:20:00
-4.267600,-50.750600,GOES-19,2026-10-01 00:30:00
-4.267600,-50.750600,GOES-19,2026-10-01 00:40:00
-4.267600,-50.750600,GOES-19,2026-10-01 00:50:00
-4.267600,-50.750600,GOES-19,2026-10-01 01:00:00
-4.267600,-50.750600,GOES-19,2026-10-01 01:10:00
-4.267600,-50.750600,GOES-19,2026-10-01 01:20:00
-4.267600,-50.750600,GOES-19,2026-10-01 01:30:00
-4.267600,-50.750600,GOES-19,2026-10-01 01:40:00
-4.267600,-50.750600,GOES-19,2026-10-01 01:50:00
-4.267600,-50.750600,GOES-19,2026-10-01 02:00:00
-4.267600,-50.750600,GOES-19,2026-10-01 02:10:00
-4.267600,-50.750600,GOES-19,2026-10-01 02:20:00
-4.267600,-50.750600,GOES-19,2026-10-01 02:30:00
-4.267600,-50.750600,GOES-19,2026-10-01 02:40:00
-4.267600,-50.750600,GOES-19,2026-10-01 02:50:00
-4.267600,-50.750600,GOES-19,2026-10-01 03:00:00
-4.267600,-50.750600,GOES-19,2026-10-01 03:10:00
-4.267600,-50.750600,GOES-19,2026-10-01 03:20:00
-4.267600,-50.750600,GOES-19,2026-10-01 03:30:00
-4.267600,-50.750600,GOES-19,2026-10-01 03:40:00
-4.267600,-50.750600,GOES-19,2026-10-01 03:50:00
-4.267600,-50.750600,GOES-19,2026-10-01 04:00:00
-4.267600,-50.750600,GOES-19,2026-10-01 04:10:00
-4.267600,-50.750600,GOES-19,2026-10-01 04:20:00
-4.267600,-50.750600,GOES-19,2026-10-01 21:00:00
-4.267600,-50.750600,GOES-19,2026-10-01 22:00:00
-4.267600,-50.750600,GOES-19,2026-10-01 22:10:00
-4.267600,-50.750600,GOES-19,2026-10-01 22:20:00
-4.267600,-50.750600,GOES-19,2026-10-01 22:30:00
-4.267600,-50.750600,GOES-19,2026-10-01 22:40:00
-4.267600,-50.750600,GOES-19,2026-10-01 22:50:00
-4.267600,-50.750600,GOES-19,2026-10-01 23:00:00
-4.267600,-50.750600,GOES-19,2026-10-01 23:10:00
-4.286100,-50.749800,GOES-19,2026-10-01 00:00:00
-4.286100,-50.749800,GOES-19,2026-10-01 00:10:00
-4.286100,-50.749800,GOES-19,2026-10-01 00:20:00
-4.286100,-50.749800,GOES-19,2026-10-01 00:30:00
-4.286100,-50.749800,GOES-19,2026-10-01 00:40:00
-4.286100,-50.749800,GOES-19,2026-10-01 00:50:00
-4.286100,-50.749800,GOES-19,2026-10-01 01:00:00
-4.286100,-50.749800,GOES-19,2026-10-01 01:10:00
-4.286100,-50.749800,GOES-19,2026-10-01 01:20:00
-4.286100,-50.749800,GOES-19,2026-10-01 01:30:00
-4.286100,-50.749800,GOES-19,2026-10-01 01:40:00
-4.286100,-50.749800,GOES-19,2026-10-01 01:50:00
-4.286100,-50.749800,GOES-19,2026-10-01 02:00:00
-4.286100,-50.749800,GOES-19,2026-10-01 02:10:00
-4.286100,-50.749800,GOES-19,2026-10-01 02:20:00
-4.286100,-50.749800,GOES-19,2026-10-01 02:30:00
-4.286100,-50.749800,GOES-19,2026-10-01 02:40:00
-4.286100,-50.749800,GOES-19,2026-10-01 02:50:00
-4.286100,-50.749800,GOES-19,2026-10-01 03:00:00
-4.286100,-50.749800,GOES-19,2026-10-01 03:10:00
-4.286100,-50.749800,GOES-19,2026-10-01 03:20:00
-4.286100,-50.749800,GOES-19,2026-10-01 03:30:00
-4.286100,-50.749800,GOES-19,2026-10-01 03:40:00
-4.286100,-50.749800,GOES-19,2026-10-01 03:50:00
-4.286100,-50.749800,GOES-19,2026-10-01 04:00:00
-4.286100,-50.749800,GOES-19,2026-10-01 04:10:00
-4.286100,-50.749800,GOES-19,2026-10-01 04:20:00
-4.304600,-50.749100,GOES-19,2026-10-01 00:00:00
-4.304600,-50.749100,GOES-19,2026-10-01 00:20:00
-4.304600,-50.749100,GOES-19,2026-10-01 00:40:00
-4.304600,-50.749100,GOES-19,2026-10-01 00:50:00
-4.304600,-50.749100,GOES-19,2026-10-01 01:10:00
-4.304600,-50.749100,GOES-19,2026-10-01 01:20:00
-4.304600,-50.749100,GOES-19,2026-10-01 01:50:00
-4.304600,-50.749100,GOES-19,2026-10-01 03:00:00
-4.304600,-50.749100,GOES-19,2026-10-01 03:20:00
-4.304600,-50.749100,GOES-19,2026-10-01 04:00:00
-4.304600,-50.749100,GOES-19,2026-10-01 04:10:00
-10.088900,-50.343600,GOES-19,2026-10-01 14:20:00
-10.088900,-50.343600,GOES-19,2026-10-01 14:30:00
-4.249200,-50.730400,GOES-19,2026-10-01 00:00:00
-4.249200,-50.730400,GOES-19,2026-10-01 00:10:00
-4.249200,-50.730400,GOES-19,2026-10-01 00:20:00
-4.249200,-50.730400,GOES-19,2026-10-01 00:30:00
-4.249200,-50.730400,GOES-19,2026-10-01 00:40:00
-4.249200,-50.730400,GOES-19,2026-10-01 00:50:00
-4.249200,-50.730400,GOES-19,2026-10-01 01:00:00
-4.249200,-50.730400,GOES-19,2026-10-01 01:10:00
-4.249200,-50.730400,GOES-19,2026-10-01 01:20:00
-4.249200,-50.730400,GOES-19,2026-10-01 01:30:00
-4.249200,-50.730400,GOES-19,2026-10-01 01:40:00
-4.249200,-50.730400,GOES-19,2026-10-01 01:50:00
-4.249200,-50.730400,GOES-19,2026-10-01 02:00:00
-4.249200,-50.730400,GOES-19,2026-10-01 02:10:00
-4.249200,-50.730400,GOES-19,2026-10-01 02:20:00
-4.249200,-50.730400,GOES-19,2026-10-01 03:20:00
-4.249200,-50.730400,GOES-19,2026-10-01 04:20:00
-4.267700,-50.729700,GOES-19,2026-10-01 00:00:00
-4.267700,-50.729700,GOES-19,2026-10-01 00:10:00
-4.267700,-50.729700,GOES-19,2026-10-01 00:20:00
-4.267700,-50.729700,GOES-19,2026-10-01 00:30:00
-4.267700,-50.729700,GOES-19,2026-10-01 00:40:00
-4.267700,-50.729700,GOES-19,2026-10-01 00:50:00
-4.267700,-50.729700,GOES-19,2026-10-01 01:00:00
-4.267700,-50.729700,GOES-19,2026-10-01 01:10:00
-4.267700,-50.729700,GOES-19,2026-10-01 01:20:00
-4.267700,-50.729700,GOES-19,2026-10-01 01:30:00
-4.267700,-50.729700,GOES-19,2026-10-01 01:40:00
-4.267700,-50.729700,GOES-19,2026-10-01 01:50:00
-4.267700,-50.729700,GOES-19,2026-10-01 02:00:00
-4.267700,-50.729700,GOES-19,2026-10-01 02:10:00
-4.267700,-50.729700,GOES-19,2026-10-01 02:20:00
-4.267700,-50.729700,GOES-19,2026-10-01 02:30:00
-4.267700,-50.729700,GOES-19,2026-10-01 02:40:00
-4.267700,-50.729700,GOES-19,2026-10-01 02:50:00
-4.267700,-50.729700,GOES-19,2026-10-01 03:00:00
-4.267700,-50.729700,GOES-19,2026-10-01 03:20:00
-4.267700,-50.729700,GOES-19,2026-10-01 03:30:00
-4.267700,-50.729700,GOES-19,2026-10-01 03:40:00
-4.267700,-50.729700,GOES-19,2026-10-01 03:50:00
-4.267700,-50.729700,GOES-19,2026-10-01 04:00:00
-4.267700,-50.729700,GOES-19,2026-10-01 04:10:00
-4.267700,-50.729700,GOES-19,2026-10-01 04:20:00
-4.267700,-50.729700,GOES-19,2026-10-01 21:00:00
-4.267700,-50.729700,GOES-19,2026-10-01 22:00:00
-4.267700,-50.729700,GOES-19,2026-10-01 22:10:00
-4.267700,-50.729700,GOES-19,2026-10-01 22:20:00
-4.267700,-50.729700,GOES-19,2026-10-01 22:30:00
-4.267700,-50.729700,GOES-19,2026-10-01 22:40:00
-4.267700,-50.729700,GOES-19,2026-10-01 22:50:00
-4.267700,-50.729700,GOES-19,2026-10-01 23:00:00
-4.267700,-50.729700,GOES-19,2026-10-01 23:10:00
-4.286200,-50.728900,GOES-19,2026-10-01 03:50:00
-4.286200,-50.728900,GOES-19,2026-10-01 04:20:00
-9.921000,-50.210900,GOES-19,2026-10-01 14:00:00
-9.921000,-50.210900,GOES-19,2026-10-01 14:10:00
-9.921000,-50.210900,GOES-19,2026-10-01 14:20:00
-9.921000,-50.210900,GOES-19,2026-10-01 14:30:00
-9.921000,-50.210900,GOES-19,2026-10-01 14:40:00
-9.902400,-50.191400,GOES-19,2026-10-01 12:50:00
-9.902400,-50.191400,GOES-19,2026-10-01 13:00:00
-9.902400,-50.191400,GOES-19,2026-10-01 13:10:00
-9.902400,-50.191400,GOES-19,2026-10-01 13:30:00
-9.902400,-50.191400,GOES-19,2026-10-01 13:40:00
-9.902400,-50.191400,GOES-19,2026-10-01 14:00:00
-9.902400,-50.191400,GOES-19,2026-10-01 14:10:00
-9.902400,-50.191400,GOES-19,2026-10-01 14:20:00
-9.902400,-50.191400,GOES-19,2026-10-01 14:40:00
-9.883800,-50.171900,GOES-19,2026-10-01 14:20:00
-9.883800,-50.171900,GOES-19,2026-10-01 14:40:00
-9.902600,-50.170000,GOES-19,2026-10-01 13:40:00
-9.902600,-50.170000,GOES-19,2026-10-01 14:00:00
-9.902600,-50.170000,GOES-19,2026-10-01 14:10:00
-9.902600,-50.170000,GOES-19,2026-10-01 14:20:00
-9.902900,-50.148700,GOES-19,2026-10-01 13:40:00
-9.902900,-50.148700,GOES-19,2026-10-01 14:00:00
-9.902900,-50.148700,GOES-19,2026-10-01 14:10:00
-9.902900,-50.148700,GOES-19,2026-10-01 14:20:00
-9.134000,-49.944300,GOES-19,2026-10-01 14:40:00
-2.571800,-50.010300,GOES-19,2026-10-01 19:20:00
-2.571800,-50.010300,GOES-19,2026-10-01 19:30:00
-2.571800,-50.010300,GOES-19,2026-10-01 19:40:00
-2.571800,-49.989200,GOES-19,2026-10-01 18:50:00
-2.571800,-49.989200,GOES-19,2026-10-01 19:20:00
-2.571800,-49.989200,GOES-19,2026-10-01 19:30:00
-2.571800,-49.989200,GOES-19,2026-10-01 19:40:00
-2.571800,-49.989200,GOES-19,2026-10-01 19:50:00
-8.688100,-49.535300,GOES-19,2026-10-01 14:30:00
-8.858200,-49.434200,GOES-19,2026-10-01 14:20:00
-8.858500,-49.412700,GOES-19,2026-10-01 14:30:00
-2.185000,-49.766500,GOES-19,2026-10-01 18:20:00
-5.237800,-49.567000,GOES-19,2026-10-01 19:20:00
-5.237800,-49.567000,GOES-19,2026-10-01 19:40:00
-5.237800,-49.567000,GOES-19,2026-10-01 19:50:00
-2.000700,-49.664700,GOES-19,2026-10-01 18:00:00
-2.000700,-49.664700,GOES-19,2026-10-01 18:10:00
-2.000700,-49.664700,GOES-19,2026-10-01 18:30:00
-2.000700,-49.664700,GOES-19,2026-10-01 18:40:00
-2.000700,-49.664700,GOES-19,2026-10-01 18:50:00
-8.916400,-49.278300,GOES-19,2026-10-01 13:40:00
-8.935200,-49.276600,GOES-19,2026-10-01 13:20:00
-8.935200,-49.276600,GOES-19,2026-10-01 13:30:00
-2.000800,-49.643600,GOES-19,2026-10-01 18:30:00
-2.019300,-49.643200,GOES-19,2026-10-01 18:30:00
-8.916700,-49.256800,GOES-19,2026-10-01 12:40:00
-8.916700,-49.256800,GOES-19,2026-10-01 13:20:00
-8.916700,-49.256800,GOES-19,2026-10-01 13:40:00
-8.935500,-49.255000,GOES-19,2026-10-01 12:50:00
-8.935500,-49.255000,GOES-19,2026-10-01 13:00:00
-8.935500,-49.255000,GOES-19,2026-10-01 13:20:00
-8.935500,-49.255000,GOES-19,2026-10-01 13:30:00
-8.935500,-49.255000,GOES-19,2026-10-01 13:40:00
-3.072700,-49.382800,GOES-19,2026-10-01 19:10:00
-3.072700,-49.382800,GOES-19,2026-10-01 19:40:00
-3.054300,-49.362100,GOES-19,2026-10-01 18:50:00
-3.054300,-49.362100,GOES-19,2026-10-01 19:00:00
-3.054300,-49.362100,GOES-19,2026-10-01 19:50:00
-0.802300,-49.364300,GOES-19,2026-10-01 18:30:00
-0.802300,-49.364300,GOES-19,2026-10-01 18:40:00
-0.802300,-49.364300,GOES-19,2026-10-01 18:50:00
-0.802300,-49.364300,GOES-19,2026-10-01 19:00:00
-6.115100,-49.046200,GOES-19,2026-10-01 19:30:00
-6.115100,-49.046200,GOES-19,2026-10-01 19:40:00
-6.115100,-49.046200,GOES-19,2026-10-01 19:50:00
-1.448700,-48.931300,GOES-19,2026-10-01 16:10:00
-3.074700,-48.892700,GOES-19,2026-10-01 19:30:00
-3.074700,-48.892700,GOES-19,2026-10-01 19:40:00
-3.074800,-48.871400,GOES-19,2026-10-01 19:30:00
-3.074800,-48.871400,GOES-19,2026-10-01 19:40:00
-11.142400,-44.602900,GOES-19,2026-10-02 03:20:00
5.829800,-69.160000,GOES-19,2026-10-02 03:20:00
5.811500,-69.160200,GOES-19,2026-10-02 03:20:00
5.555400,-69.254600,GOES-19,2026-10-02 03:20:00
5.555400,-69.236400,GOES-19,2026-10-02 03:20:00
-15.661800,-61.557100,GOES-19,2026-10-02 03:20:00
-15.681200,-61.555600,GOES-19,2026-10-02 03:20:00
-23.838300,-60.060700,GOES-19,2026-10-02 03:20:00
-23.838700,-60.039600,GOES-19,2026-10-02 03:20:00
-5.735500,-43.291600,GOES-19,2026-10-02 03:20:00
-6.914000,-43.681600,GOES-19,2026-10-02 03:20:00
-11.142000,-44.626100,GOES-19,2026-10-02 03:20:00
-11.161100,-44.623400,GOES-19,2026-10-02 03:20:00
-11.161500,-44.600200,GOES-19,2026-10-02 03:20:00
-11.657500,-43.613600,GOES-19,2026-10-02 03:20:00
-11.657900,-43.589900,GOES-19,2026-10-02 03:20:00
-11.658300,-43.566200,GOES-19,2026-10-02 03:20:00
-11.676700,-43.610600,GOES-19,2026-10-02 03:20:00
-11.677100,-43.587000,GOES-19,2026-10-02 03:20:00
-2.039300,-56.878900,GOES-19,2026-10-02 03:20:00
-2.039400,-56.859300,GOES-19,2026-10-02 03:20:00
-2.057600,-56.878600,GOES-19,2026-10-02 03:20:00
-2.057700,-56.859100,GOES-19,2026-10-02 03:20:00
-3.129900,-53.763300,GOES-19,2026-10-02 03:20:00
-3.129900,-53.743100,GOES-19,2026-10-02 03:20:00
-3.148300,-53.742600,GOES-19,2026-10-02 03:20:00
-3.165500,-54.084400,GOES-19,2026-10-02 03:20:00
-3.183800,-54.104000,GOES-19,2026-10-02 03:20:00
-3.183900,-54.083900,GOES-19,2026-10-02 03:20:00
-3.276700,-53.840000,GOES-19,2026-10-02 03:20:00
-3.295000,-53.859700,GOES-19,2026-10-02 03:20:00
-3.295100,-53.839500,GOES-19,2026-10-02 03:20:00
-4.267600,-50.750600,GOES-19,2026-10-02 03:20:00
-4.450600,-47.932900,GOES-19,2026-10-02 03:20:00
-4.450700,-47.911200,GOES-19,2026-10-02 03:20:00
-5.756300,-45.152000,GOES-19,2026-10-02 03:20:00
-6.209000,-60.037800,GOES-19,2026-10-02 03:20:00
-6.395200,-56.415800,GOES-19,2026-10-02 03:20:00
-7.384600,-55.212400,GOES-19,2026-10-02 03:20:00
-7.403100,-55.211400,GOES-19,2026-10-02 03:20:00
-7.418800,-55.590200,GOES-19,2026-10-02 03:20:00
-7.736400,-49.208200,GOES-19,2026-10-02 03:20:00
-12.980300,-51.300000,GOES-19,2026-10-02 03:20:00
-12.980700,-51.278600,GOES-19,2026-10-02 03:20:00
-12.999500,-51.297600,GOES-19,2026-10-02 03:20:00
-12.999800,-51.276300,GOES-19,2026-10-02 03:20:00
-13.018700,-51.295300,GOES-19,2026-10-02 03:20:00
-13.019000,-51.273900,GOES-19,2026-10-02 03:20:00
-13.134800,-51.216900,GOES-19,2026-10-02 03:20:00