lat,lon,satelite,data
-12.618000,-47.777800,GOES-19,2026-10-06 18:50:00
-0.914300,-48.252200,GOES-19,2026-10-06 18:50:00
-5.323200,-48.016400,GOES-19,2026-10-06 18:40:00
-11.822000,-47.329800,GOES-19,2026-10-06 18:20:00
-11.822000,-47.329800,GOES-19,2026-10-06 18:40:00
-11.841200,-47.327200,GOES-19,2026-10-06 18:20:00
-11.841200,-47.327200,GOES-19,2026-10-06 18:30:00
-11.841200,-47.327200,GOES-19,2026-10-06 18:40:00
-11.841500,-47.304800,GOES-19,2026-10-06 17:40:00
-10.510000,-47.251000,GOES-19,2026-10-06 13:50:00
-12.119900,-46.682700,GOES-19,2026-10-06 18:30:00
-11.794700,-46.683000,GOES-19,2026-10-06 13:30:00
-11.794700,-46.683000,GOES-19,2026-10-06 13:40:00
-11.794700,-46.683000,GOES-19,2026-10-06 14:30:00
-10.136500,-46.871800,GOES-19,2026-10-06 14:10:00
-10.136800,-46.849400,GOES-19,2026-10-06 14:10:00
-10.136800,-46.849400,GOES-19,2026-10-06 17:50:00
-9.929100,-46.806500,GOES-19,2026-10-06 18:20:00
-9.929100,-46.806500,GOES-19,2026-10-06 18:40:00
-9.929100,-46.806500,GOES-19,2026-10-06 18:50:00
-9.929100,-46.806500,GOES-19,2026-10-06 19:00:00
-10.898500,-46.689200,GOES-19,2026-10-06 19:30:00
-10.898900,-46.666700,GOES-19,2026-10-06 12:10:00
-10.898900,-46.666700,GOES-19,2026-10-06 12:20:00
-10.898900,-46.666700,GOES-19,2026-10-06 12:30:00
-10.898900,-46.666700,GOES-19,2026-10-06 12:40:00
-11.777800,-46.550000,GOES-19,2026-10-06 13:20:00
-11.777800,-46.550000,GOES-19,2026-10-06 13:30:00
-11.777800,-46.550000,GOES-19,2026-10-06 13:40:00
-11.777800,-46.550000,GOES-19,2026-10-06 13:50:00
-11.777800,-46.550000,GOES-19,2026-10-06 14:00:00
-11.777800,-46.550000,GOES-19,2026-10-06 14:20:00
-11.758700,-46.552600,GOES-19,2026-10-06 13:20:00
-11.758700,-46.552600,GOES-19,2026-10-06 13:30:00
-11.758700,-46.552600,GOES-19,2026-10-06 13:40:00
-11.758700,-46.552600,GOES-19,2026-10-06 13:50:00
-11.758700,-46.552600,GOES-19,2026-10-06 14:00:00
-11.758700,-46.552600,GOES-19,2026-10-06 14:10:00
-11.758700,-46.552600,GOES-19,2026-10-06 17:20:00
-11.758700,-46.552600,GOES-19,2026-10-06 17:30:00
-11.758700,-46.552600,GOES-19,2026-10-06 17:50:00
-10.899200,-46.644200,GOES-19,2026-10-06 12:10:00
-10.899200,-46.644200,GOES-19,2026-10-06 12:30:00
-11.759100,-46.530000,GOES-19,2026-10-06 12:50:00
-11.759100,-46.530000,GOES-19,2026-10-06 13:00:00
-11.759100,-46.530000,GOES-19,2026-10-06 13:10:00
-11.759100,-46.530000,GOES-19,2026-10-06 13:20:00
-11.759100,-46.530000,GOES-19,2026-10-06 13:30:00
-11.759100,-46.530000,GOES-19,2026-10-06 13:40:00
-11.759100,-46.530000,GOES-19,2026-10-06 13:50:00
-11.759100,-46.530000,GOES-19,2026-10-06 14:00:00
-11.759100,-46.530000,GOES-19,2026-10-06 14:10:00
-11.759100,-46.530000,GOES-19,2026-10-06 14:20:00
-11.759100,-46.530000,GOES-19,2026-10-06 14:30:00
-11.759100,-46.530000,GOES-19,2026-10-06 17:20:00
-11.759100,-46.530000,GOES-19,2026-10-06 17:30:00
-11.778200,-46.527400,GOES-19,2026-10-06 13:00:00
-11.778200,-46.527400,GOES-19,2026-10-06 13:10:00
-11.778200,-46.527400,GOES-19,2026-10-06 13:20:00
-10.180300,-46.463300,GOES-19,2026-10-06 13:10:00
-10.180300,-46.463300,GOES-19,2026-10-06 13:20:00
-10.180300,-46.463300,GOES-19,2026-10-06 13:30:00
-10.180300,-46.463300,GOES-19,2026-10-06 13:40:00
-9.441600,-46.503600,GOES-19,2026-10-06 13:00:00
-10.180300,-46.463300,GOES-19,2026-10-06 13:50:00
-10.180300,-46.463300,GOES-19,2026-10-06 14:00:00
-10.180300,-46.463300,GOES-19,2026-10-06 14:20:00
-9.441300,-46.526000,GOES-19,2026-10-06 15:10:00
-9.460200,-46.523900,GOES-19,2026-10-06 13:40:00
-9.460200,-46.523900,GOES-19,2026-10-06 13:50:00
-9.460200,-46.523900,GOES-19,2026-10-06 14:00:00
-9.460200,-46.523900,GOES-19,2026-10-06 15:10:00
-10.161700,-46.443100,GOES-19,2026-10-06 11:50:00
-10.161700,-46.443100,GOES-19,2026-10-06 12:00:00
-10.161700,-46.443100,GOES-19,2026-10-06 12:10:00
-10.161700,-46.443100,GOES-19,2026-10-06 12:20:00
-10.161700,-46.443100,GOES-19,2026-10-06 12:30:00
-10.161700,-46.443100,GOES-19,2026-10-06 12:40:00
-10.161700,-46.443100,GOES-19,2026-10-06 12:50:00
-10.161700,-46.443100,GOES-19,2026-10-06 13:00:00
-10.161700,-46.443100,GOES-19,2026-10-06 13:10:00
-10.161700,-46.443100,GOES-19,2026-10-06 13:20:00
-10.161700,-46.443100,GOES-19,2026-10-06 13:30:00
-10.161700,-46.443100,GOES-19,2026-10-06 13:40:00
-10.161700,-46.443100,GOES-19,2026-10-06 13:50:00
-10.161700,-46.443100,GOES-19,2026-10-06 18:00:00
-9.441600,-46.503600,GOES-19,2026-10-06 12:40:00
-9.441600,-46.503600,GOES-19,2026-10-06 12:50:00
-9.441600,-46.503600,GOES-19,2026-10-06 13:10:00
-9.441600,-46.503600,GOES-19,2026-10-06 13:20:00
-9.441600,-46.503600,GOES-19,2026-10-06 13:30:00
-9.441600,-46.503600,GOES-19,2026-10-06 13:40:00
-9.441600,-46.503600,GOES-19,2026-10-06 13:50:00
-9.441600,-46.503600,GOES-19,2026-10-06 14:00:00
-9.460500,-46.501500,GOES-19,2026-10-06 12:30:00
-9.460500,-46.501500,GOES-19,2026-10-06 12:40:00
-9.460500,-46.501500,GOES-19,2026-10-06 12:50:00
-9.460500,-46.501500,GOES-19,2026-10-06 13:00:00
-9.460500,-46.501500,GOES-19,2026-10-06 13:10:00
-9.460500,-46.501500,GOES-19,2026-10-06 13:20:00
-9.460500,-46.501500,GOES-19,2026-10-06 13:30:00
-9.460500,-46.501500,GOES-19,2026-10-06 13:40:00
-9.460500,-46.501500,GOES-19,2026-10-06 13:50:00
-9.460500,-46.501500,GOES-19,2026-10-06 14:00:00
-9.460500,-46.501500,GOES-19,2026-10-06 14:10:00
-9.460500,-46.501500,GOES-19,2026-10-06 14:20:00
-9.460500,-46.501500,GOES-19,2026-10-06 14:30:00
-9.460500,-46.501500,GOES-19,2026-10-06 14:40:00
-9.460500,-46.501500,GOES-19,2026-10-06 14:50:00
-9.460500,-46.501500,GOES-19,2026-10-06 15:00:00
-9.460500,-46.501500,GOES-19,2026-10-06 15:10:00
-9.460500,-46.501500,GOES-19,2026-10-06 17:20:00
-9.441900,-46.481200,GOES-19,2026-10-06 12:30:00
-9.441900,-46.481200,GOES-19,2026-10-06 12:40:00
-9.441900,-46.481200,GOES-19,2026-10-06 12:50:00
-9.441900,-46.481200,GOES-19,2026-10-06 13:00:00
-9.441900,-46.481200,GOES-19,2026-10-06 13:10:00
-9.460800,-46.479100,GOES-19,2026-10-06 12:30:00
-9.460800,-46.479100,GOES-19,2026-10-06 12:40:00
-9.460800,-46.479100,GOES-19,2026-10-06 12:50:00
-9.460800,-46.479100,GOES-19,2026-10-06 13:10:00
-9.460800,-46.479100,GOES-19,2026-10-06 13:30:00
-9.460800,-46.479100,GOES-19,2026-10-06 13:40:00
-11.229100,-46.263000,GOES-19,2026-10-06 15:10:00
-11.210400,-46.242800,GOES-19,2026-10-06 13:30:00
-11.210400,-46.242800,GOES-19,2026-10-06 13:40:00
-11.210400,-46.242800,GOES-19,2026-10-06 13:50:00
-11.210400,-46.242800,GOES-19,2026-10-06 14:00:00
-11.210400,-46.242800,GOES-19,2026-10-06 14:10:00
-11.210400,-46.242800,GOES-19,2026-10-06 14:20:00
-11.210400,-46.242800,GOES-19,2026-10-06 14:40:00
-11.210400,-46.242800,GOES-19,2026-10-06 14:50:00
-11.210400,-46.242800,GOES-19,2026-10-06 15:00:00
-11.210400,-46.242800,GOES-19,2026-10-06 15:10:00
-11.210400,-46.242800,GOES-19,2026-10-06 15:20:00
-11.210400,-46.242800,GOES-19,2026-10-06 15:30:00
-11.210400,-46.242800,GOES-19,2026-10-06 15:40:00
-11.210400,-46.242800,GOES-19,2026-10-06 15:50:00
-11.210400,-46.242800,GOES-19,2026-10-06 16:00:00
-11.210400,-46.242800,GOES-19,2026-10-06 16:10:00
-11.210400,-46.242800,GOES-19,2026-10-06 16:20:00
-11.210400,-46.242800,GOES-19,2026-10-06 16:30:00
-11.210400,-46.242800,GOES-19,2026-10-06 16:40:00
-11.210400,-46.242800,GOES-19,2026-10-06 16:50:00
-11.210400,-46.242800,GOES-19,2026-10-06 17:30:00
-11.210400,-46.242800,GOES-19,2026-10-06 18:50:00
-11.229500,-46.240300,GOES-19,2026-10-06 13:40:00
-11.229500,-46.240300,GOES-19,2026-10-06 13:50:00
-11.229500,-46.240300,GOES-19,2026-10-06 14:00:00
-11.229500,-46.240300,GOES-19,2026-10-06 14:10:00
-11.229500,-46.240300,GOES-19,2026-10-06 14:20:00
-11.229500,-46.240300,GOES-19,2026-10-06 14:40:00
-11.229500,-46.240300,GOES-19,2026-10-06 14:50:00
-11.229500,-46.240300,GOES-19,2026-10-06 15:00:00
-11.229500,-46.240300,GOES-19,2026-10-06 15:20:00
-11.229500,-46.240300,GOES-19,2026-10-06 16:10:00
-4.141400,-46.855100,GOES-19,2026-10-06 18:30:00
-4.141400,-46.855100,GOES-19,2026-10-06 19:20:00
-4.141400,-46.855100,GOES-19,2026-10-06 19:50:00
-8.385700,-46.502100,GOES-19,2026-10-06 14:00:00
-8.385700,-46.502100,GOES-19,2026-10-06 14:10:00
-11.173600,-46.157200,GOES-19,2026-10-06 18:40:00
-11.173600,-46.157200,GOES-19,2026-10-06 18:50:00
-11.173600,-46.157200,GOES-19,2026-10-06 19:10:00
-11.173600,-46.157200,GOES-19,2026-10-06 19:30:00
-11.173600,-46.157200,GOES-19,2026-10-06 19:40:00
-11.173600,-46.157200,GOES-19,2026-10-06 19:50:00
-11.154500,-46.159700,GOES-19,2026-10-06 18:30:00
-11.154500,-46.159700,GOES-19,2026-10-06 18:40:00
-11.154500,-46.159700,GOES-19,2026-10-06 18:50:00
-11.154500,-46.159700,GOES-19,2026-10-06 19:00:00
-11.154500,-46.159700,GOES-19,2026-10-06 19:10:00
-11.154500,-46.159700,GOES-19,2026-10-06 19:20:00
-11.154500,-46.159700,GOES-19,2026-10-06 19:30:00
-11.154500,-46.159700,GOES-19,2026-10-06 19:40:00
-11.154500,-46.159700,GOES-19,2026-10-06 19:50:00
-7.202300,-46.565400,GOES-19,2026-10-06 19:00:00
-7.202300,-46.565400,GOES-19,2026-10-06 19:10:00
-7.221000,-46.563900,GOES-19,2026-10-06 19:00:00
-7.221000,-46.563900,GOES-19,2026-10-06 19:10:00
-11.174000,-46.134500,GOES-19,2026-10-06 18:40:00
-11.174000,-46.134500,GOES-19,2026-10-06 18:50:00
-11.174000,-46.134500,GOES-19,2026-10-06 19:10:00
-11.174000,-46.134500,GOES-19,2026-10-06 19:20:00
-11.154900,-46.137000,GOES-19,2026-10-06 18:10:00
-11.154900,-46.137000,GOES-19,2026-10-06 18:20:00
-11.154900,-46.137000,GOES-19,2026-10-06 18:30:00
-11.154900,-46.137000,GOES-19,2026-10-06 18:40:00
-11.154900,-46.137000,GOES-19,2026-10-06 18:50:00
-11.154900,-46.137000,GOES-19,2026-10-06 19:00:00
-11.154900,-46.137000,GOES-19,2026-10-06 19:10:00
-11.154900,-46.137000,GOES-19,2026-10-06 19:20:00
-11.154900,-46.137000,GOES-19,2026-10-06 19:30:00
-11.154900,-46.137000,GOES-19,2026-10-06 19:40:00
-11.154900,-46.137000,GOES-19,2026-10-06 19:50:00
-7.221300,-46.541600,GOES-19,2026-10-06 18:50:00
-7.221300,-46.541600,GOES-19,2026-10-06 19:10:00
-7.202500,-46.543200,GOES-19,2026-10-06 19:00:00
-7.202500,-46.543200,GOES-19,2026-10-06 19:10:00
-10.354800,-46.217000,GOES-19,2026-10-06 17:50:00
-9.842300,-46.255900,GOES-19,2026-10-06 13:30:00
-9.842300,-46.255900,GOES-19,2026-10-06 14:00:00
-9.842300,-46.255900,GOES-19,2026-10-06 14:10:00
-9.842300,-46.255900,GOES-19,2026-10-06 14:20:00
-9.842300,-46.255900,GOES-19,2026-10-06 14:30:00
-9.920200,-46.111500,GOES-19,2026-10-06 13:30:00
-9.920200,-46.111500,GOES-19,2026-10-06 13:40:00
-9.920200,-46.111500,GOES-19,2026-10-06 13:50:00
-11.100600,-45.962800,GOES-19,2026-10-06 13:50:00
-9.920500,-46.088900,GOES-19,2026-10-06 13:30:00
-9.920500,-46.088900,GOES-19,2026-10-06 13:50:00
-9.920500,-46.088900,GOES-19,2026-10-06 14:00:00
-9.920500,-46.088900,GOES-19,2026-10-06 14:10:00
-11.083300,-45.851400,GOES-19,2026-10-06 19:00:00
-11.083300,-45.851400,GOES-19,2026-10-06 19:20:00
-11.083700,-45.828600,GOES-19,2026-10-06 18:00:00
-12.851000,-45.547800,GOES-19,2026-10-06 18:50:00
-11.065300,-45.785500,GOES-19,2026-10-06 18:50:00
-11.065300,-45.785500,GOES-19,2026-10-06 19:20:00
-11.046600,-45.765300,GOES-19,2026-10-06 18:30:00
-11.046600,-45.765300,GOES-19,2026-10-06 19:10:00
-11.046600,-45.765300,GOES-19,2026-10-06 19:20:00
-11.046600,-45.765300,GOES-19,2026-10-06 19:30:00
-11.046600,-45.765300,GOES-19,2026-10-06 19:40:00
-11.065700,-45.762700,GOES-19,2026-10-06 18:40:00
-11.047000,-45.742500,GOES-19,2026-10-06 18:40:00
-11.047000,-45.742500,GOES-19,2026-10-06 18:50:00
-11.066100,-45.739900,GOES-19,2026-10-06 17:40:00
-11.066100,-45.739900,GOES-19,2026-10-06 18:30:00
-11.066100,-45.739900,GOES-19,2026-10-06 18:40:00
-11.066100,-45.739900,GOES-19,2026-10-06 18:50:00
-11.085200,-45.737300,GOES-19,2026-10-06 14:10:00
-5.187200,-46.289300,GOES-19,2026-10-06 19:00:00
-5.187200,-46.289300,GOES-19,2026-10-06 19:10:00
-11.104700,-45.711900,GOES-19,2026-10-06 17:30:00
-11.104700,-45.711900,GOES-19,2026-10-06 18:50:00
-11.066500,-45.717000,GOES-19,2026-10-06 13:40:00
-11.066500,-45.717000,GOES-19,2026-10-06 13:50:00
-11.066500,-45.717000,GOES-19,2026-10-06 17:50:00
-11.066500,-45.717000,GOES-19,2026-10-06 18:00:00
-11.066500,-45.717000,GOES-19,2026-10-06 18:40:00
-3.364100,-46.358900,GOES-19,2026-10-06 14:50:00
-5.168700,-46.268200,GOES-19,2026-10-06 18:40:00
-5.187300,-46.267100,GOES-19,2026-10-06 19:00:00
-5.187300,-46.267100,GOES-19,2026-10-06 19:30:00
-11.066800,-45.694200,GOES-19,2026-10-06 13:40:00
-11.066800,-45.694200,GOES-19,2026-10-06 18:30:00
-11.085900,-45.691600,GOES-19,2026-10-06 13:40:00
-11.085900,-45.691600,GOES-19,2026-10-06 13:50:00
-11.085900,-45.691600,GOES-19,2026-10-06 17:30:00
-11.085900,-45.691600,GOES-19,2026-10-06 17:40:00
-11.085900,-45.691600,GOES-19,2026-10-06 18:20:00
-11.085900,-45.691600,GOES-19,2026-10-06 18:30:00
-11.085900,-45.691600,GOES-19,2026-10-06 18:50:00
-11.105100,-45.689000,GOES-19,2026-10-06 14:00:00
-11.105100,-45.689000,GOES-19,2026-10-06 18:20:00
-9.393500,-45.878900,GOES-19,2026-10-06 13:50:00
-9.393500,-45.878900,GOES-19,2026-10-06 14:00:00
-9.393500,-45.878900,GOES-19,2026-10-06 14:10:00
-9.393500,-45.878900,GOES-19,2026-10-06 14:20:00
-9.393500,-45.878900,GOES-19,2026-10-06 14:30:00
-9.412400,-45.876700,GOES-19,2026-10-06 13:20:00
-9.412400,-45.876700,GOES-19,2026-10-06 13:30:00
-9.412400,-45.876700,GOES-19,2026-10-06 13:40:00
-9.412400,-45.876700,GOES-19,2026-10-06 13:50:00
-9.412400,-45.876700,GOES-19,2026-10-06 14:00:00
-9.412400,-45.876700,GOES-19,2026-10-06 14:20:00
-11.714300,-43.652000,GOES-19,2026-10-06 14:20:00
-9.412400,-45.876700,GOES-19,2026-10-06 14:30:00
-9.431400,-45.874600,GOES-19,2026-10-06 14:00:00
-9.620900,-45.852800,GOES-19,2026-10-06 17:50:00
-11.086300,-45.668800,GOES-19,2026-10-06 14:00:00
-11.086300,-45.668800,GOES-19,2026-10-06 14:10:00
-11.086300,-45.668800,GOES-19,2026-10-06 14:20:00
-11.086300,-45.668800,GOES-19,2026-10-06 14:40:00
-11.086300,-45.668800,GOES-19,2026-10-06 15:20:00
-11.086300,-45.668800,GOES-19,2026-10-06 17:40:00
-11.086300,-45.668800,GOES-19,2026-10-06 18:20:00
-11.086300,-45.668800,GOES-19,2026-10-06 18:40:00
-11.086300,-45.668800,GOES-19,2026-10-06 18:50:00
-11.105400,-45.666200,GOES-19,2026-10-06 14:00:00
-11.105400,-45.666200,GOES-19,2026-10-06 14:10:00
-11.105400,-45.666200,GOES-19,2026-10-06 14:20:00
-11.105400,-45.666200,GOES-19,2026-10-06 14:30:00
-11.105400,-45.666200,GOES-19,2026-10-06 14:40:00
-11.067200,-45.671300,GOES-19,2026-10-06 14:00:00
-11.067200,-45.671300,GOES-19,2026-10-06 14:10:00
-11.067200,-45.671300,GOES-19,2026-10-06 14:20:00
-11.067200,-45.671300,GOES-19,2026-10-06 14:30:00
-11.067200,-45.671300,GOES-19,2026-10-06 18:00:00
-11.067200,-45.671300,GOES-19,2026-10-06 18:40:00
-11.067200,-45.671300,GOES-19,2026-10-06 18:50:00
-9.412700,-45.854100,GOES-19,2026-10-06 13:10:00
-9.412700,-45.854100,GOES-19,2026-10-06 13:20:00
-9.412700,-45.854100,GOES-19,2026-10-06 13:30:00
-9.412700,-45.854100,GOES-19,2026-10-06 13:40:00
-9.412700,-45.854100,GOES-19,2026-10-06 13:50:00
-9.412700,-45.854100,GOES-19,2026-10-06 14:00:00
-9.412700,-45.854100,GOES-19,2026-10-06 14:10:00
-9.412700,-45.854100,GOES-19,2026-10-06 14:20:00
-9.412700,-45.854100,GOES-19,2026-10-06 14:30:00
-9.412700,-45.854100,GOES-19,2026-10-06 15:00:00
-9.412700,-45.854100,GOES-19,2026-10-06 15:40:00
-9.431700,-45.851900,GOES-19,2026-10-06 13:30:00
-9.431700,-45.851900,GOES-19,2026-10-06 13:40:00
-9.431700,-45.851900,GOES-19,2026-10-06 14:30:00
-9.431700,-45.851900,GOES-19,2026-10-06 15:40:00
-9.431700,-45.851900,GOES-19,2026-10-06 15:50:00
-9.943800,-45.792000,GOES-19,2026-10-06 14:20:00
-11.048500,-45.651100,GOES-19,2026-10-06 14:00:00
-11.048500,-45.651100,GOES-19,2026-10-06 14:40:00
-11.067600,-45.648500,GOES-19,2026-10-06 13:20:00
-11.067600,-45.648500,GOES-19,2026-10-06 13:40:00
-11.067600,-45.648500,GOES-19,2026-10-06 14:00:00
-11.067600,-45.648500,GOES-19,2026-10-06 14:10:00
-11.067600,-45.648500,GOES-19,2026-10-06 14:20:00
-11.067600,-45.648500,GOES-19,2026-10-06 14:30:00
-11.067600,-45.648500,GOES-19,2026-10-06 14:40:00
-11.067600,-45.648500,GOES-19,2026-10-06 15:10:00
-11.067600,-45.648500,GOES-19,2026-10-06 17:40:00
-11.067600,-45.648500,GOES-19,2026-10-06 17:50:00
-11.067600,-45.648500,GOES-19,2026-10-06 18:00:00
-11.067600,-45.648500,GOES-19,2026-10-06 18:30:00
-11.067600,-45.648500,GOES-19,2026-10-06 18:40:00
-11.067600,-45.648500,GOES-19,2026-10-06 18:50:00
-11.086700,-45.645900,GOES-19,2026-10-06 14:40:00
-11.086700,-45.645900,GOES-19,2026-10-06 18:30:00
-11.086700,-45.645900,GOES-19,2026-10-06 18:40:00
-11.086700,-45.645900,GOES-19,2026-10-06 18:50:00
-9.394100,-45.833600,GOES-19,2026-10-06 12:40:00
-9.394100,-45.833600,GOES-19,2026-10-06 13:00:00
-9.394100,-45.833600,GOES-19,2026-10-06 13:10:00
-9.394100,-45.833600,GOES-19,2026-10-06 13:20:00
-9.394100,-45.833600,GOES-19,2026-10-06 13:30:00
-9.394100,-45.833600,GOES-19,2026-10-06 13:40:00
-9.394100,-45.833600,GOES-19,2026-10-06 13:50:00
-9.394100,-45.833600,GOES-19,2026-10-06 14:00:00
-9.394100,-45.833600,GOES-19,2026-10-06 14:30:00
-9.413100,-45.831400,GOES-19,2026-10-06 12:40:00
-9.413100,-45.831400,GOES-19,2026-10-06 12:50:00
-9.413100,-45.831400,GOES-19,2026-10-06 13:00:00
-9.413100,-45.831400,GOES-19,2026-10-06 13:10:00
-9.413100,-45.831400,GOES-19,2026-10-06 13:20:00
-9.413100,-45.831400,GOES-19,2026-10-06 13:30:00
-9.413100,-45.831400,GOES-19,2026-10-06 13:40:00
-9.413100,-45.831400,GOES-19,2026-10-06 13:50:00
-9.413100,-45.831400,GOES-19,2026-10-06 14:00:00
-9.413100,-45.831400,GOES-19,2026-10-06 14:10:00
-9.413100,-45.831400,GOES-19,2026-10-06 14:20:00
-9.413100,-45.831400,GOES-19,2026-10-06 14:30:00
-9.413100,-45.831400,GOES-19,2026-10-06 14:40:00
-9.413100,-45.831400,GOES-19,2026-10-06 14:50:00
-9.413100,-45.831400,GOES-19,2026-10-06 15:00:00
-9.413100,-45.831400,GOES-19,2026-10-06 15:10:00
-9.413100,-45.831400,GOES-19,2026-10-06 15:20:00
-9.413100,-45.831400,GOES-19,2026-10-06 15:30:00
-9.413100,-45.831400,GOES-19,2026-10-06 15:40:00
-9.413100,-45.831400,GOES-19,2026-10-06 15:50:00
-9.432000,-45.829300,GOES-19,2026-10-06 13:10:00
-9.432000,-45.829300,GOES-19,2026-10-06 13:20:00
-9.432000,-45.829300,GOES-19,2026-10-06 13:30:00
-9.432000,-45.829300,GOES-19,2026-10-06 13:40:00
-9.432000,-45.829300,GOES-19,2026-10-06 13:50:00
-9.432000,-45.829300,GOES-19,2026-10-06 14:00:00
-9.432000,-45.829300,GOES-19,2026-10-06 14:10:00
-9.432000,-45.829300,GOES-19,2026-10-06 14:20:00
-9.432000,-45.829300,GOES-19,2026-10-06 14:50:00
-9.432000,-45.829300,GOES-19,2026-10-06 15:00:00
-9.432000,-45.829300,GOES-19,2026-10-06 15:10:00
-9.432000,-45.829300,GOES-19,2026-10-06 15:20:00
-9.432000,-45.829300,GOES-19,2026-10-06 15:40:00
-9.432000,-45.829300,GOES-19,2026-10-06 15:50:00
-9.849200,-45.780600,GOES-19,2026-10-06 13:30:00
-9.849200,-45.780600,GOES-19,2026-10-06 13:40:00
-9.849200,-45.780600,GOES-19,2026-10-06 14:00:00
-9.849200,-45.780600,GOES-19,2026-10-06 14:10:00
-9.849200,-45.780600,GOES-19,2026-10-06 14:20:00
-9.849200,-45.780600,GOES-19,2026-10-06 14:30:00
-9.868200,-45.778300,GOES-19,2026-10-06 13:40:00
-9.868200,-45.778300,GOES-19,2026-10-06 14:10:00
-9.868200,-45.778300,GOES-19,2026-10-06 14:20:00
-9.868200,-45.778300,GOES-19,2026-10-06 14:30:00
-11.068000,-45.625600,GOES-19,2026-10-06 14:40:00
-11.068000,-45.625600,GOES-19,2026-10-06 14:50:00
-11.068000,-45.625600,GOES-19,2026-10-06 18:30:00
-9.413400,-45.808700,GOES-19,2026-10-06 12:40:00
-9.413400,-45.808700,GOES-19,2026-10-06 12:50:00
-9.413400,-45.808700,GOES-19,2026-10-06 13:00:00
-9.413400,-45.808700,GOES-19,2026-10-06 13:10:00
-9.413400,-45.808700,GOES-19,2026-10-06 13:20:00
-9.413400,-45.808700,GOES-19,2026-10-06 13:30:00
-9.413400,-45.808700,GOES-19,2026-10-06 13:40:00
-9.413400,-45.808700,GOES-19,2026-10-06 13:50:00
-9.413400,-45.808700,GOES-19,2026-10-06 14:00:00
-9.413400,-45.808700,GOES-19,2026-10-06 14:10:00
-9.413400,-45.808700,GOES-19,2026-10-06 14:20:00
-9.413400,-45.808700,GOES-19,2026-10-06 14:30:00
-9.413400,-45.808700,GOES-19,2026-10-06 14:40:00
-9.413400,-45.808700,GOES-19,2026-10-06 15:00:00
-9.849500,-45.757900,GOES-19,2026-10-06 13:30:00
-9.849500,-45.757900,GOES-19,2026-10-06 13:40:00
-9.849500,-45.757900,GOES-19,2026-10-06 14:00:00
-9.849500,-45.757900,GOES-19,2026-10-06 14:10:00
-9.849500,-45.757900,GOES-19,2026-10-06 14:20:00
-9.849500,-45.757900,GOES-19,2026-10-06 14:30:00
-9.849500,-45.757900,GOES-19,2026-10-06 17:50:00
-9.849500,-45.757900,GOES-19,2026-10-06 18:40:00
-9.868500,-45.755600,GOES-19,2026-10-06 14:10:00
-9.868500,-45.755600,GOES-19,2026-10-06 14:20:00
-9.868500,-45.755600,GOES-19,2026-10-06 14:30:00
-9.868500,-45.755600,GOES-19,2026-10-06 14:40:00
-9.868500,-45.755600,GOES-19,2026-10-06 14:50:00
-9.868500,-45.755600,GOES-19,2026-10-06 18:40:00
-9.868800,-45.732900,GOES-19,2026-10-06 14:40:00
-11.260300,-45.530800,GOES-19,2026-10-06 02:40:00
-11.260300,-45.530800,GOES-19,2026-10-06 03:30:00
-11.260300,-45.530800,GOES-19,2026-10-06 03:40:00
-11.260300,-45.530800,GOES-19,2026-10-06 03:50:00
-11.260300,-45.530800,GOES-19,2026-10-06 04:00:00
-11.260300,-45.530800,GOES-19,2026-10-06 04:10:00
-11.260300,-45.530800,GOES-19,2026-10-06 04:20:00
-11.279400,-45.528100,GOES-19,2026-10-06 02:40:00
-11.279400,-45.528100,GOES-19,2026-10-06 03:30:00
-11.279400,-45.528100,GOES-19,2026-10-06 03:40:00
-11.279400,-45.528100,GOES-19,2026-10-06 03:50:00
-11.279400,-45.528100,GOES-19,2026-10-06 04:00:00
-11.279400,-45.528100,GOES-19,2026-10-06 04:10:00
-11.279400,-45.528100,GOES-19,2026-10-06 04:20:00
-11.298600,-45.525500,GOES-19,2026-10-06 03:30:00
-11.298600,-45.525500,GOES-19,2026-10-06 03:40:00
-11.298600,-45.525500,GOES-19,2026-10-06 03:50:00
-11.298600,-45.525500,GOES-19,2026-10-06 04:00:00
-11.298600,-45.525500,GOES-19,2026-10-06 04:10:00
-11.298600,-45.525500,GOES-19,2026-10-06 04:20:00
-11.260700,-45.507800,GOES-19,2026-10-06 01:10:00
-11.260700,-45.507800,GOES-19,2026-10-06 02:40:00
-11.260700,-45.507800,GOES-19,2026-10-06 03:30:00
-11.260700,-45.507800,GOES-19,2026-10-06 03:40:00
-11.260700,-45.507800,GOES-19,2026-10-06 03:50:00
-11.260700,-45.507800,GOES-19,2026-10-06 04:00:00
-11.260700,-45.507800,GOES-19,2026-10-06 04:10:00
-11.260700,-45.507800,GOES-19,2026-10-06 04:20:00
-11.279800,-45.505200,GOES-19,2026-10-06 01:10:00
-11.279800,-45.505200,GOES-19,2026-10-06 02:40:00
-11.279800,-45.505200,GOES-19,2026-10-06 03:30:00
-11.279800,-45.505200,GOES-19,2026-10-06 03:40:00
-11.279800,-45.505200,GOES-19,2026-10-06 03:50:00
-11.279800,-45.505200,GOES-19,2026-10-06 04:00:00
-11.279800,-45.505200,GOES-19,2026-10-06 04:10:00
-11.279800,-45.505200,GOES-19,2026-10-06 04:20:00
-11.299000,-45.502500,GOES-19,2026-10-06 01:10:00
-11.299000,-45.502500,GOES-19,2026-10-06 02:40:00
-11.299000,-45.502500,GOES-19,2026-10-06 03:30:00
-11.299000,-45.502500,GOES-19,2026-10-06 03:40:00
-11.299000,-45.502500,GOES-19,2026-10-06 03:50:00
-11.299000,-45.502500,GOES-19,2026-10-06 04:00:00
-11.299000,-45.502500,GOES-19,2026-10-06 04:10:00
-11.299000,-45.502500,GOES-19,2026-10-06 04:20:00
-11.280200,-45.482300,GOES-19,2026-10-06 01:10:00
-11.280200,-45.482300,GOES-19,2026-10-06 02:40:00
-11.280200,-45.482300,GOES-19,2026-10-06 03:30:00
-11.280200,-45.482300,GOES-19,2026-10-06 03:40:00
-11.280200,-45.482300,GOES-19,2026-10-06 03:50:00
-11.280200,-45.482300,GOES-19,2026-10-06 04:00:00
-11.280200,-45.482300,GOES-19,2026-10-06 04:10:00
-11.280200,-45.482300,GOES-19,2026-10-06 04:20:00
-11.013300,-45.473000,GOES-19,2026-10-06 19:30:00
-11.013300,-45.473000,GOES-19,2026-10-06 19:40:00
-11.013300,-45.473000,GOES-19,2026-10-06 19:50:00
-6.890700,-45.898800,GOES-19,2026-10-06 13:50:00
-6.890700,-45.898800,GOES-19,2026-10-06 18:10:00
-6.890700,-45.898800,GOES-19,2026-10-06 18:20:00
-6.909400,-45.897200,GOES-19,2026-10-06 13:50:00
-6.909400,-45.897200,GOES-19,2026-10-06 14:00:00
-6.909400,-45.897200,GOES-19,2026-10-06 14:20:00
-6.909400,-45.897200,GOES-19,2026-10-06 17:30:00
-6.909400,-45.897200,GOES-19,2026-10-06 17:40:00
-6.909400,-45.897200,GOES-19,2026-10-06 18:20:00
-10.975500,-45.455300,GOES-19,2026-10-06 19:30:00
-10.994600,-45.452700,GOES-19,2026-10-06 19:00:00
-10.994600,-45.452700,GOES-19,2026-10-06 19:30:00
-2.288800,-46.128600,GOES-19,2026-10-06 18:10:00
-10.994900,-45.429800,GOES-19,2026-10-06 13:10:00
-10.994900,-45.429800,GOES-19,2026-10-06 13:30:00
-10.994900,-45.429800,GOES-19,2026-10-06 13:40:00
-10.994900,-45.429800,GOES-19,2026-10-06 13:50:00
-10.994900,-45.429800,GOES-19,2026-10-06 14:40:00
-10.994900,-45.429800,GOES-19,2026-10-06 14:50:00
-10.994900,-45.429800,GOES-19,2026-10-06 17:10:00
-10.994900,-45.429800,GOES-19,2026-10-06 17:20:00
-10.994900,-45.429800,GOES-19,2026-10-06 18:10:00
-10.994900,-45.429800,GOES-19,2026-10-06 18:30:00
-10.994900,-45.429800,GOES-19,2026-10-06 18:40:00
-10.994900,-45.429800,GOES-19,2026-10-06 18:50:00
-10.994900,-45.429800,GOES-19,2026-10-06 19:00:00
-10.994900,-45.429800,GOES-19,2026-10-06 19:30:00
-10.995300,-45.406800,GOES-19,2026-10-06 13:10:00
-10.995300,-45.406800,GOES-19,2026-10-06 13:30:00
-10.995300,-45.406800,GOES-19,2026-10-06 13:50:00
-10.995300,-45.406800,GOES-19,2026-10-06 14:00:00
-10.995300,-45.406800,GOES-19,2026-10-06 14:10:00
-10.995300,-45.406800,GOES-19,2026-10-06 14:20:00
-10.995300,-45.406800,GOES-19,2026-10-06 14:50:00
-10.995300,-45.406800,GOES-19,2026-10-06 18:10:00
-10.995300,-45.406800,GOES-19,2026-10-06 18:20:00
-10.995300,-45.406800,GOES-19,2026-10-06 19:00:00
-5.376300,-45.943000,GOES-19,2026-10-06 18:10:00
-5.376300,-45.943000,GOES-19,2026-10-06 18:40:00
-5.376300,-45.943000,GOES-19,2026-10-06 19:10:00
-5.376500,-45.920600,GOES-19,2026-10-06 18:00:00
-5.376500,-45.920600,GOES-19,2026-10-06 18:10:00
-5.376500,-45.920600,GOES-19,2026-10-06 18:20:00
-5.376500,-45.920600,GOES-19,2026-10-06 18:30:00
-5.395100,-45.919400,GOES-19,2026-10-06 18:00:00
-5.395100,-45.919400,GOES-19,2026-10-06 18:10:00
-5.395100,-45.919400,GOES-19,2026-10-06 18:20:00
-5.395100,-45.919400,GOES-19,2026-10-06 18:30:00
-6.722900,-45.822700,GOES-19,2026-10-06 18:30:00
-6.741600,-45.821200,GOES-19,2026-10-06 18:30:00
-9.739300,-45.521100,GOES-19,2026-10-06 18:30:00
-6.591900,-45.810700,GOES-19,2026-10-06 14:10:00
-6.591900,-45.810700,GOES-19,2026-10-06 18:00:00
-6.723100,-45.800200,GOES-19,2026-10-06 17:40:00
-6.723100,-45.800200,GOES-19,2026-10-06 17:50:00
-6.723100,-45.800200,GOES-19,2026-10-06 18:30:00
-6.741800,-45.798700,GOES-19,2026-10-06 14:10:00
-6.741800,-45.798700,GOES-19,2026-10-06 14:20:00
-6.741800,-45.798700,GOES-19,2026-10-06 18:50:00
-6.442300,-45.800000,GOES-19,2026-10-06 18:00:00
-6.723300,-45.777700,GOES-19,2026-10-06 13:50:00
-6.723300,-45.777700,GOES-19,2026-10-06 14:10:00
-6.723300,-45.777700,GOES-19,2026-10-06 17:30:00
-6.723300,-45.777700,GOES-19,2026-10-06 17:40:00
-6.723300,-45.777700,GOES-19,2026-10-06 17:50:00
-6.723300,-45.777700,GOES-19,2026-10-06 18:00:00
-6.742100,-45.776200,GOES-19,2026-10-06 14:00:00
-6.742100,-45.776200,GOES-19,2026-10-06 14:10:00
-6.742100,-45.776200,GOES-19,2026-10-06 14:30:00
-6.742100,-45.776200,GOES-19,2026-10-06 14:50:00
-11.226300,-45.283400,GOES-19,2026-10-06 18:50:00
-7.399800,-45.629700,GOES-19,2026-10-06 18:00:00
-7.399800,-45.629700,GOES-19,2026-10-06 18:30:00
-7.381300,-45.608800,GOES-19,2026-10-06 13:50:00
-12.766900,-44.913700,GOES-19,2026-10-06 13:00:00
-12.766900,-44.913700,GOES-19,2026-10-06 13:10:00
-12.766900,-44.913700,GOES-19,2026-10-06 13:20:00
-12.766900,-44.913700,GOES-19,2026-10-06 13:30:00
-12.766900,-44.913700,GOES-19,2026-10-06 13:40:00
-12.766900,-44.913700,GOES-19,2026-10-06 13:50:00
-12.766900,-44.913700,GOES-19,2026-10-06 14:00:00
-7.833200,-45.521700,GOES-19,2026-10-06 12:40:00
-7.833200,-45.521700,GOES-19,2026-10-06 13:00:00
-7.833200,-45.521700,GOES-19,2026-10-06 14:10:00
-6.687600,-45.600500,GOES-19,2026-10-06 17:50:00
-6.687600,-45.600500,GOES-19,2026-10-06 19:50:00
-7.814600,-45.500900,GOES-19,2026-10-06 12:50:00
-7.814600,-45.500900,GOES-19,2026-10-06 13:00:00
-7.814600,-45.500900,GOES-19,2026-10-06 13:10:00
-7.814600,-45.500900,GOES-19,2026-10-06 13:20:00
-7.814600,-45.500900,GOES-19,2026-10-06 13:50:00
-7.833400,-45.499100,GOES-19,2026-10-06 12:50:00
-7.833400,-45.499100,GOES-19,2026-10-06 13:00:00
-7.833400,-45.499100,GOES-19,2026-10-06 13:10:00
-7.833400,-45.499100,GOES-19,2026-10-06 13:20:00
-7.833400,-45.499100,GOES-19,2026-10-06 14:10:00
-7.833400,-45.499100,GOES-19,2026-10-06 14:30:00
-7.833400,-45.499100,GOES-19,2026-10-06 14:40:00
-6.687900,-45.578000,GOES-19,2026-10-06 14:30:00
-6.687900,-45.578000,GOES-19,2026-10-06 17:40:00
-6.687900,-45.578000,GOES-19,2026-10-06 17:50:00
-7.852500,-45.474600,GOES-19,2026-10-06 14:00:00
-2.419800,-45.790800,GOES-19,2026-10-06 14:30:00
-7.852800,-45.451900,GOES-19,2026-10-06 13:40:00
-7.852800,-45.451900,GOES-19,2026-10-06 14:00:00
-7.852800,-45.451900,GOES-19,2026-10-06 14:10:00
-4.838000,-45.617600,GOES-19,2026-10-06 18:50:00
-7.891800,-45.334800,GOES-19,2026-10-06 13:20:00
-7.891800,-45.334800,GOES-19,2026-10-06 14:10:00
-7.891800,-45.334800,GOES-19,2026-10-06 14:30:00
-7.891800,-45.334800,GOES-19,2026-10-06 14:40:00
-8.703300,-45.228900,GOES-19,2026-10-06 23:30:00
-8.684400,-45.230900,GOES-19,2026-10-06 23:30:00
-12.810100,-44.673900,GOES-19,2026-10-06 18:30:00
-12.810100,-44.673900,GOES-19,2026-10-06 18:40:00
-12.829400,-44.670700,GOES-19,2026-10-06 19:00:00
-12.829400,-44.670700,GOES-19,2026-10-06 19:10:00
-8.703600,-45.206100,GOES-19,2026-10-06 23:30:00
-8.722500,-45.204000,GOES-19,2026-10-06 23:30:00
-8.684700,-45.208100,GOES-19,2026-10-06 23:30:00
-9.157700,-45.155700,GOES-19,2026-10-06 14:30:00
-12.791200,-44.653600,GOES-19,2026-10-06 13:40:00
-12.791200,-44.653600,GOES-19,2026-10-06 13:50:00
-12.791200,-44.653600,GOES-19,2026-10-06 14:00:00
-12.791200,-44.653600,GOES-19,2026-10-06 17:40:00
-12.791200,-44.653600,GOES-19,2026-10-06 17:50:00
-12.810500,-44.650500,GOES-19,2026-10-06 13:40:00
-12.810500,-44.650500,GOES-19,2026-10-06 13:50:00
-12.810500,-44.650500,GOES-19,2026-10-06 14:00:00
-12.810500,-44.650500,GOES-19,2026-10-06 14:10:00
-12.810500,-44.650500,GOES-19,2026-10-06 17:30:00
-12.810500,-44.650500,GOES-19,2026-10-06 17:40:00
-12.810500,-44.650500,GOES-19,2026-10-06 17:50:00
-8.703900,-45.183200,GOES-19,2026-10-06 23:30:00
-8.722800,-45.181200,GOES-19,2026-10-06 23:30:00
-12.193500,-44.725400,GOES-19,2026-10-06 18:30:00
-12.193500,-44.725400,GOES-19,2026-10-06 18:40:00
-12.193500,-44.725400,GOES-19,2026-10-06 19:00:00
-12.193500,-44.725400,GOES-19,2026-10-06 19:10:00
-12.193500,-44.725400,GOES-19,2026-10-06 19:20:00
-12.193500,-44.725400,GOES-19,2026-10-06 19:30:00
-12.193500,-44.725400,GOES-19,2026-10-06 19:40:00
-12.193500,-44.725400,GOES-19,2026-10-06 19:50:00
-12.193500,-44.725400,GOES-19,2026-10-06 20:00:00
-11.866400,-44.775300,GOES-19,2026-10-06 18:10:00
-11.866400,-44.775300,GOES-19,2026-10-06 18:20:00
-11.866400,-44.775300,GOES-19,2026-10-06 18:40:00
-12.791600,-44.630200,GOES-19,2026-10-06 14:50:00
-12.193900,-44.702100,GOES-19,2026-10-06 17:50:00
-12.193900,-44.702100,GOES-19,2026-10-06 18:00:00
-12.193900,-44.702100,GOES-19,2026-10-06 18:10:00
-12.193900,-44.702100,GOES-19,2026-10-06 18:20:00
-12.193900,-44.702100,GOES-19,2026-10-06 18:30:00
-12.193900,-44.702100,GOES-19,2026-10-06 18:40:00
-12.193900,-44.702100,GOES-19,2026-10-06 18:50:00
-12.193900,-44.702100,GOES-19,2026-10-06 20:00:00
-12.213200,-44.699100,GOES-19,2026-10-06 17:50:00
-12.213200,-44.699100,GOES-19,2026-10-06 18:20:00
-12.213200,-44.699100,GOES-19,2026-10-06 18:40:00
-12.213200,-44.699100,GOES-19,2026-10-06 19:00:00
-12.213200,-44.699100,GOES-19,2026-10-06 19:10:00
-12.213200,-44.699100,GOES-19,2026-10-06 19:20:00
-12.213200,-44.699100,GOES-19,2026-10-06 19:30:00
-12.213200,-44.699100,GOES-19,2026-10-06 19:40:00
-12.213200,-44.699100,GOES-19,2026-10-06 19:50:00
-12.213200,-44.699100,GOES-19,2026-10-06 20:00:00
-12.194300,-44.678800,GOES-19,2026-10-06 17:50:00
-12.194300,-44.678800,GOES-19,2026-10-06 18:00:00
-12.194300,-44.678800,GOES-19,2026-10-06 18:10:00
-12.194300,-44.678800,GOES-19,2026-10-06 18:20:00
-12.194300,-44.678800,GOES-19,2026-10-06 18:30:00
-12.194300,-44.678800,GOES-19,2026-10-06 18:40:00
-12.194300,-44.678800,GOES-19,2026-10-06 18:50:00
-12.194300,-44.678800,GOES-19,2026-10-06 20:00:00
-12.213600,-44.675800,GOES-19,2026-10-06 14:30:00
-12.213600,-44.675800,GOES-19,2026-10-06 15:00:00
-12.213600,-44.675800,GOES-19,2026-10-06 17:30:00
-12.213600,-44.675800,GOES-19,2026-10-06 17:40:00
-12.213600,-44.675800,GOES-19,2026-10-06 17:50:00
-12.213600,-44.675800,GOES-19,2026-10-06 18:00:00
-12.213600,-44.675800,GOES-19,2026-10-06 18:10:00
-12.213600,-44.675800,GOES-19,2026-10-06 18:20:00
-12.213600,-44.675800,GOES-19,2026-10-06 18:30:00
-12.213600,-44.675800,GOES-19,2026-10-06 18:50:00
-12.213600,-44.675800,GOES-19,2026-10-06 20:00:00
-12.214000,-44.652400,GOES-19,2026-10-06 14:00:00
-12.214000,-44.652400,GOES-19,2026-10-06 14:10:00
-12.214000,-44.652400,GOES-19,2026-10-06 14:20:00
-12.214000,-44.652400,GOES-19,2026-10-06 14:30:00
-12.214000,-44.652400,GOES-19,2026-10-06 14:40:00
-6.259800,-45.318400,GOES-19,2026-10-06 18:50:00
-4.225000,-45.359200,GOES-19,2026-10-06 19:50:00
-9.901400,-44.814700,GOES-19,2026-10-06 14:30:00
-9.901400,-44.814700,GOES-19,2026-10-06 14:50:00
-9.901400,-44.814700,GOES-19,2026-10-06 18:00:00
-9.901400,-44.814700,GOES-19,2026-10-06 18:10:00
-9.901400,-44.814700,GOES-19,2026-10-06 18:20:00
-9.901400,-44.814700,GOES-19,2026-10-06 18:50:00
-9.920500,-44.812400,GOES-19,2026-10-06 14:20:00
-9.901800,-44.791700,GOES-19,2026-10-06 18:20:00
-5.718700,-45.177300,GOES-19,2026-10-06 19:30:00
-5.718700,-45.177300,GOES-19,2026-10-06 19:50:00
-5.737400,-45.176000,GOES-19,2026-10-06 18:40:00
-5.737400,-45.176000,GOES-19,2026-10-06 18:50:00
-12.275800,-44.432900,GOES-19,2026-10-06 18:10:00
-12.275800,-44.432900,GOES-19,2026-10-06 18:20:00
-12.275800,-44.432900,GOES-19,2026-10-06 18:30:00
-12.275800,-44.432900,GOES-19,2026-10-06 18:50:00
-5.718900,-45.154700,GOES-19,2026-10-06 18:20:00
-5.718900,-45.154700,GOES-19,2026-10-06 18:30:00
-5.718900,-45.154700,GOES-19,2026-10-06 18:40:00
-5.718900,-45.154700,GOES-19,2026-10-06 18:50:00
-5.718900,-45.154700,GOES-19,2026-10-06 19:00:00
-5.718900,-45.154700,GOES-19,2026-10-06 19:10:00
-5.718900,-45.154700,GOES-19,2026-10-06 19:20:00
-5.718900,-45.154700,GOES-19,2026-10-06 19:30:00
-5.718900,-45.154700,GOES-19,2026-10-06 19:40:00
-5.718900,-45.154700,GOES-19,2026-10-06 19:50:00
-12.276200,-44.409400,GOES-19,2026-10-06 14:10:00
-12.276200,-44.409400,GOES-19,2026-10-06 14:30:00
-12.276200,-44.409400,GOES-19,2026-10-06 14:40:00
-12.276200,-44.409400,GOES-19,2026-10-06 17:50:00
-12.276200,-44.409400,GOES-19,2026-10-06 18:00:00
-12.276200,-44.409400,GOES-19,2026-10-06 18:10:00
-12.276200,-44.409400,GOES-19,2026-10-06 18:20:00
-12.276200,-44.409400,GOES-19,2026-10-06 18:30:00
-12.276200,-44.409400,GOES-19,2026-10-06 18:50:00
-5.719100,-45.132000,GOES-19,2026-10-06 18:10:00
-5.719100,-45.132000,GOES-19,2026-10-06 18:40:00
-5.719100,-45.132000,GOES-19,2026-10-06 18:50:00
-5.719100,-45.132000,GOES-19,2026-10-06 19:00:00
-5.719100,-45.132000,GOES-19,2026-10-06 19:10:00
-5.719100,-45.132000,GOES-19,2026-10-06 19:20:00
-5.719100,-45.132000,GOES-19,2026-10-06 19:30:00
-5.719100,-45.132000,GOES-19,2026-10-06 19:40:00
-8.632500,-44.871000,GOES-19,2026-10-06 14:40:00
-8.651400,-44.868900,GOES-19,2026-10-06 14:40:00
-5.196400,-45.099400,GOES-19,2026-10-06 18:50:00
-6.469000,-44.984300,GOES-19,2026-10-06 14:30:00
-6.469000,-44.984300,GOES-19,2026-10-06 14:40:00
-6.657000,-44.923400,GOES-19,2026-10-06 18:20:00
-6.675700,-44.921800,GOES-19,2026-10-06 17:40:00
-6.675700,-44.921800,GOES-19,2026-10-06 17:50:00
-6.675700,-44.921800,GOES-19,2026-10-06 18:10:00
-6.694500,-44.920300,GOES-19,2026-10-06 18:00:00
-6.694500,-44.920300,GOES-19,2026-10-06 18:10:00
-3.575100,-45.097200,GOES-19,2026-10-06 18:00:00
-6.676000,-44.899000,GOES-19,2026-10-06 18:10:00
-6.694700,-44.897500,GOES-19,2026-10-06 18:00:00
-9.449200,-44.616700,GOES-19,2026-10-06 18:00:00
-9.449200,-44.616700,GOES-19,2026-10-06 18:10:00
-9.449200,-44.616700,GOES-19,2026-10-06 18:20:00
-9.449200,-44.616700,GOES-19,2026-10-06 18:40:00
-5.159900,-44.988500,GOES-19,2026-10-06 18:20:00
-5.159900,-44.988500,GOES-19,2026-10-06 18:50:00
-5.159900,-44.988500,GOES-19,2026-10-06 19:00:00
-9.449600,-44.593600,GOES-19,2026-10-06 18:20:00
-9.449600,-44.593600,GOES-19,2026-10-06 18:30:00
-13.909600,-43.895100,GOES-19,2026-10-06 18:30:00
-13.909600,-43.895100,GOES-19,2026-10-06 18:40:00
-13.909600,-43.895100,GOES-19,2026-10-06 18:50:00
-13.345700,-43.972600,GOES-19,2026-10-06 18:20:00
-13.346200,-43.948900,GOES-19,2026-10-06 18:20:00
-6.789700,-44.775400,GOES-19,2026-10-06 18:10:00
-13.386500,-43.870800,GOES-19,2026-10-06 13:50:00
-11.714300,-43.652000,GOES-19,2026-10-06 14:30:00
-13.386500,-43.870800,GOES-19,2026-10-06 14:00:00
-13.386500,-43.870800,GOES-19,2026-10-06 14:10:00
-13.386500,-43.870800,GOES-19,2026-10-06 18:20:00
-13.386500,-43.870800,GOES-19,2026-10-06 18:30:00
-13.386500,-43.870800,GOES-19,2026-10-06 18:40:00
-13.386500,-43.870800,GOES-19,2026-10-06 18:50:00
-13.387000,-43.847000,GOES-19,2026-10-06 13:50:00
-13.387000,-43.847000,GOES-19,2026-10-06 14:00:00
-13.387000,-43.847000,GOES-19,2026-10-06 14:10:00
-13.387000,-43.847000,GOES-19,2026-10-06 14:20:00
-13.387000,-43.847000,GOES-19,2026-10-06 14:30:00
-13.387000,-43.847000,GOES-19,2026-10-06 14:40:00
-7.412900,-44.467300,GOES-19,2026-10-06 18:20:00
-7.412900,-44.467300,GOES-19,2026-10-06 18:30:00
-7.431700,-44.465500,GOES-19,2026-10-06 14:00:00
-7.431700,-44.465500,GOES-19,2026-10-06 14:10:00
-7.431700,-44.465500,GOES-19,2026-10-06 14:20:00
-7.431700,-44.465500,GOES-19,2026-10-06 14:30:00
-7.431700,-44.465500,GOES-19,2026-10-06 14:40:00
-7.431700,-44.465500,GOES-19,2026-10-06 18:20:00
-7.431700,-44.465500,GOES-19,2026-10-06 18:30:00
-7.431700,-44.465500,GOES-19,2026-10-06 18:40:00
-7.413100,-44.444300,GOES-19,2026-10-06 14:50:00
-7.226500,-44.323700,GOES-19,2026-10-06 14:00:00
-7.226500,-44.323700,GOES-19,2026-10-06 14:20:00
-7.226500,-44.323700,GOES-19,2026-10-06 14:30:00
-6.475300,-44.343800,GOES-19,2026-10-06 18:40:00
-6.475300,-44.343800,GOES-19,2026-10-06 18:50:00
-6.475300,-44.343800,GOES-19,2026-10-06 19:00:00
-6.475300,-44.343800,GOES-19,2026-10-06 19:20:00
-6.475300,-44.343800,GOES-19,2026-10-06 19:30:00
-6.494100,-44.342200,GOES-19,2026-10-06 18:40:00
-6.494100,-44.342200,GOES-19,2026-10-06 18:50:00
-7.867600,-44.215300,GOES-19,2026-10-06 19:20:00
-7.849000,-44.194100,GOES-19,2026-10-06 18:10:00
-7.849000,-44.194100,GOES-19,2026-10-06 18:40:00
-7.849000,-44.194100,GOES-19,2026-10-06 19:20:00
-7.867900,-44.192200,GOES-19,2026-10-06 14:10:00
-7.867900,-44.192200,GOES-19,2026-10-06 14:20:00
-7.867900,-44.192200,GOES-19,2026-10-06 18:10:00
-7.867900,-44.192200,GOES-19,2026-10-06 18:40:00
-7.867900,-44.192200,GOES-19,2026-10-06 19:20:00
-7.886700,-44.190200,GOES-19,2026-10-06 19:20:00
-3.410800,-44.491500,GOES-19,2026-10-06 14:30:00
-3.410800,-44.491500,GOES-19,2026-10-06 14:40:00
-3.410800,-44.491500,GOES-19,2026-10-06 14:50:00
-3.410800,-44.491500,GOES-19,2026-10-06 18:20:00
-7.830400,-44.172900,GOES-19,2026-10-06 13:20:00
-7.830400,-44.172900,GOES-19,2026-10-06 13:30:00
-7.830400,-44.172900,GOES-19,2026-10-06 13:40:00
-7.830400,-44.172900,GOES-19,2026-10-06 14:10:00
-7.830400,-44.172900,GOES-19,2026-10-06 14:20:00
-7.849300,-44.170900,GOES-19,2026-10-06 12:50:00
-7.849300,-44.170900,GOES-19,2026-10-06 13:00:00
-7.849300,-44.170900,GOES-19,2026-10-06 13:10:00
-7.849300,-44.170900,GOES-19,2026-10-06 13:20:00
-7.849300,-44.170900,GOES-19,2026-10-06 13:30:00
-7.849300,-44.170900,GOES-19,2026-10-06 13:40:00
-7.849300,-44.170900,GOES-19,2026-10-06 13:50:00
-7.849300,-44.170900,GOES-19,2026-10-06 14:00:00
-7.849300,-44.170900,GOES-19,2026-10-06 14:10:00
-7.849300,-44.170900,GOES-19,2026-10-06 14:20:00
-7.849300,-44.170900,GOES-19,2026-10-06 14:50:00
-7.849300,-44.170900,GOES-19,2026-10-06 17:40:00
-7.849300,-44.170900,GOES-19,2026-10-06 18:00:00
-7.849300,-44.170900,GOES-19,2026-10-06 18:30:00
-7.849300,-44.170900,GOES-19,2026-10-06 19:20:00
-7.868200,-44.169000,GOES-19,2026-10-06 19:20:00
-11.675400,-43.681700,GOES-19,2026-10-06 14:20:00
-11.694600,-43.678700,GOES-19,2026-10-06 14:20:00
-11.694600,-43.678700,GOES-19,2026-10-06 14:30:00
-3.410900,-44.468700,GOES-19,2026-10-06 14:30:00
-3.410900,-44.468700,GOES-19,2026-10-06 14:40:00
-3.410900,-44.468700,GOES-19,2026-10-06 14:50:00
-3.410900,-44.468700,GOES-19,2026-10-06 18:10:00
-11.618100,-43.666900,GOES-19,2026-10-06 18:50:00
-11.675800,-43.658000,GOES-19,2026-10-06 14:20:00
-11.675800,-43.658000,GOES-19,2026-10-06 14:30:00
-11.695100,-43.655000,GOES-19,2026-10-06 14:20:00
-11.695100,-43.655000,GOES-19,2026-10-06 14:30:00
-11.733500,-43.649000,GOES-19,2026-10-06 14:20:00
-11.733500,-43.649000,GOES-19,2026-10-06 14:30:00
-11.657000,-43.637300,GOES-19,2026-10-06 14:20:00
-11.657000,-43.637300,GOES-19,2026-10-06 14:30:00
-11.676300,-43.634300,GOES-19,2026-10-06 14:20:00
-11.714700,-43.628300,GOES-19,2026-10-06 14:30:00
-3.932900,-44.398600,GOES-19,2026-10-06 18:00:00
-3.932900,-44.398600,GOES-19,2026-10-06 18:30:00
-11.619000,-43.619600,GOES-19,2026-10-06 18:30:00
-11.619000,-43.619600,GOES-19,2026-10-06 18:40:00
-11.619000,-43.619600,GOES-19,2026-10-06 18:50:00
-11.657500,-43.613600,GOES-19,2026-10-06 14:20:00
-11.676700,-43.610600,GOES-19,2026-10-06 13:30:00
-11.676700,-43.610600,GOES-19,2026-10-06 13:50:00
-11.676700,-43.610600,GOES-19,2026-10-06 15:00:00
-11.676700,-43.610600,GOES-19,2026-10-06 15:50:00
-11.676700,-43.610600,GOES-19,2026-10-06 17:20:00
-3.877100,-44.378500,GOES-19,2026-10-06 18:30:00
-3.877100,-44.378500,GOES-19,2026-10-06 18:50:00
-11.850300,-43.559800,GOES-19,2026-10-06 14:00:00
-11.850300,-43.559800,GOES-19,2026-10-06 14:10:00
-11.850300,-43.559800,GOES-19,2026-10-06 14:20:00
-11.850300,-43.559800,GOES-19,2026-10-06 14:30:00
-3.597700,-44.369000,GOES-19,2026-10-06 18:00:00
-11.850800,-43.536100,GOES-19,2026-10-06 14:00:00
-11.850800,-43.536100,GOES-19,2026-10-06 14:10:00
-11.850800,-43.536100,GOES-19,2026-10-06 14:20:00
-11.850800,-43.536100,GOES-19,2026-10-06 14:40:00
-11.850800,-43.536100,GOES-19,2026-10-06 15:20:00
-11.850800,-43.536100,GOES-19,2026-10-06 17:40:00
-11.850800,-43.536100,GOES-19,2026-10-06 17:50:00
-11.850800,-43.536100,GOES-19,2026-10-06 18:10:00
-11.850800,-43.536100,GOES-19,2026-10-06 18:50:00
-11.832000,-43.515400,GOES-19,2026-10-06 14:20:00
-11.832000,-43.515400,GOES-19,2026-10-06 14:30:00
-11.832000,-43.515400,GOES-19,2026-10-06 14:40:00
-11.678900,-43.492100,GOES-19,2026-10-06 17:30:00
-11.678900,-43.492100,GOES-19,2026-10-06 17:40:00
-11.678900,-43.492100,GOES-19,2026-10-06 17:50:00
-11.698100,-43.489100,GOES-19,2026-10-06 17:40:00
-17.352600,-42.334400,GOES-19,2026-10-06 18:30:00
-12.045700,-43.386400,GOES-19,2026-10-06 17:40:00
-12.045700,-43.386400,GOES-19,2026-10-06 17:50:00
-12.045700,-43.386400,GOES-19,2026-10-06 18:10:00
-3.990000,-44.212600,GOES-19,2026-10-06 18:40:00
-3.990000,-44.212600,GOES-19,2026-10-06 18:50:00
-6.703700,-44.024800,GOES-19,2026-10-06 14:30:00
-7.023400,-43.996300,GOES-19,2026-10-06 13:40:00
-6.704000,-44.001700,GOES-19,2026-10-06 14:20:00
-6.704000,-44.001700,GOES-19,2026-10-06 14:30:00
-6.704000,-44.001700,GOES-19,2026-10-06 14:40:00
-6.704000,-44.001700,GOES-19,2026-10-06 14:50:00
-15.521600,-42.658800,GOES-19,2026-10-06 13:10:00
-7.759500,-43.809200,GOES-19,2026-10-06 18:40:00
-7.759500,-43.809200,GOES-19,2026-10-06 18:50:00
-9.958900,-43.551600,GOES-19,2026-10-06 18:50:00
-9.958900,-43.551600,GOES-19,2026-10-06 19:20:00
-9.958900,-43.551600,GOES-19,2026-10-06 19:30:00
-9.958900,-43.551600,GOES-19,2026-10-06 19:50:00
-9.977900,-43.549100,GOES-19,2026-10-06 19:10:00
-9.977900,-43.549100,GOES-19,2026-10-06 19:20:00
-9.977900,-43.549100,GOES-19,2026-10-06 19:30:00
-9.977900,-43.549100,GOES-19,2026-10-06 19:40:00
-9.977900,-43.549100,GOES-19,2026-10-06 19:50:00
-9.959200,-43.528100,GOES-19,2026-10-06 18:40:00
-9.959200,-43.528100,GOES-19,2026-10-06 18:50:00
-9.959200,-43.528100,GOES-19,2026-10-06 19:10:00
-9.959200,-43.528100,GOES-19,2026-10-06 19:20:00
-9.959200,-43.528100,GOES-19,2026-10-06 19:30:00
-9.959200,-43.528100,GOES-19,2026-10-06 19:40:00
-9.959200,-43.528100,GOES-19,2026-10-06 19:50:00
-9.978300,-43.525600,GOES-19,2026-10-06 18:40:00
-9.978300,-43.525600,GOES-19,2026-10-06 19:10:00
-9.978300,-43.525600,GOES-19,2026-10-06 19:20:00
-9.978300,-43.525600,GOES-19,2026-10-06 19:40:00
-9.978300,-43.525600,GOES-19,2026-10-06 19:50:00
-3.953700,-44.053800,GOES-19,2026-10-06 18:00:00
-9.959600,-43.504500,GOES-19,2026-10-06 17:50:00
-9.959600,-43.504500,GOES-19,2026-10-06 18:10:00
-9.959600,-43.504500,GOES-19,2026-10-06 18:30:00
-9.959600,-43.504500,GOES-19,2026-10-06 18:40:00
-9.959600,-43.504500,GOES-19,2026-10-06 19:10:00
-9.959600,-43.504500,GOES-19,2026-10-06 19:20:00
-9.959600,-43.504500,GOES-19,2026-10-06 19:50:00
-9.978700,-43.502000,GOES-19,2026-10-06 17:50:00
-9.978700,-43.502000,GOES-19,2026-10-06 18:00:00
-9.978700,-43.502000,GOES-19,2026-10-06 18:10:00
-9.978700,-43.502000,GOES-19,2026-10-06 18:20:00
-9.978700,-43.502000,GOES-19,2026-10-06 18:30:00
-9.978700,-43.502000,GOES-19,2026-10-06 18:40:00
-9.978700,-43.502000,GOES-19,2026-10-06 18:50:00
-9.978700,-43.502000,GOES-19,2026-10-06 19:00:00
-9.978700,-43.502000,GOES-19,2026-10-06 19:10:00
-9.978700,-43.502000,GOES-19,2026-10-06 19:20:00
-3.935100,-44.031700,GOES-19,2026-10-06 18:20:00
-9.960000,-43.481000,GOES-19,2026-10-06 18:40:00
-6.349200,-43.823700,GOES-19,2026-10-06 18:30:00
-3.171600,-43.906000,GOES-19,2026-10-06 14:30:00
-3.171600,-43.906000,GOES-19,2026-10-06 14:50:00
-6.896000,-43.613500,GOES-19,2026-10-06 13:40:00
-6.896000,-43.613500,GOES-19,2026-10-06 13:50:00
-6.896000,-43.613500,GOES-19,2026-10-06 14:00:00
-4.534500,-43.721900,GOES-19,2026-10-06 14:40:00
-4.292200,-43.643400,GOES-19,2026-10-06 19:50:00
-5.958200,-43.530500,GOES-19,2026-10-06 18:20:00
-5.958200,-43.530500,GOES-19,2026-10-06 18:50:00
-5.958200,-43.530500,GOES-19,2026-10-06 19:10:00
-5.958200,-43.530500,GOES-19,2026-10-06 19:20:00
-5.977000,-43.529000,GOES-19,2026-10-06 18:50:00
-5.977000,-43.529000,GOES-19,2026-10-06 19:00:00
-5.977000,-43.529000,GOES-19,2026-10-06 19:10:00
-5.977000,-43.529000,GOES-19,2026-10-06 19:20:00
-5.977000,-43.529000,GOES-19,2026-10-06 19:40:00
-5.958400,-43.507200,GOES-19,2026-10-06 18:40:00
-5.958400,-43.507200,GOES-19,2026-10-06 18:50:00
-5.958400,-43.507200,GOES-19,2026-10-06 19:00:00
-5.958400,-43.507200,GOES-19,2026-10-06 19:10:00
-5.958400,-43.507200,GOES-19,2026-10-06 19:40:00
-5.977200,-43.505700,GOES-19,2026-10-06 18:50:00
-5.977200,-43.505700,GOES-19,2026-10-06 19:00:00
-5.977200,-43.505700,GOES-19,2026-10-06 19:10:00
-5.977200,-43.505700,GOES-19,2026-10-06 19:20:00
-5.977200,-43.505700,GOES-19,2026-10-06 19:40:00
-5.977200,-43.505700,GOES-19,2026-10-06 19:50:00
-14.986300,-42.063100,GOES-19,2026-10-06 18:00:00
-13.167300,-42.327800,GOES-19,2026-10-06 11:10:00
-14.872900,-41.890300,GOES-19,2026-10-06 18:10:00
-14.872900,-41.890300,GOES-19,2026-10-06 18:20:00
-5.661500,-43.180400,GOES-19,2026-10-06 18:20:00
-6.074400,-43.147800,GOES-19,2026-10-06 18:50:00
-6.074400,-43.147800,GOES-19,2026-10-06 19:00:00
-15.624600,-41.700200,GOES-19,2026-10-06 18:00:00
-15.624600,-41.700200,GOES-19,2026-10-06 18:10:00
-15.624600,-41.700200,GOES-19,2026-10-06 18:20:00
-15.624600,-41.700200,GOES-19,2026-10-06 18:30:00
-15.624600,-41.700200,GOES-19,2026-10-06 18:40:00
-15.624600,-41.700200,GOES-19,2026-10-06 18:50:00
-15.624600,-41.700200,GOES-19,2026-10-06 19:00:00
-15.624600,-41.700200,GOES-19,2026-10-06 19:10:00
-15.624600,-41.700200,GOES-19,2026-10-06 19:20:00
-15.624600,-41.700200,GOES-19,2026-10-06 19:30:00
-15.624600,-41.700200,GOES-19,2026-10-06 19:40:00
-15.644500,-41.695700,GOES-19,2026-10-06 18:30:00
-15.644500,-41.695700,GOES-19,2026-10-06 18:40:00
-15.644500,-41.695700,GOES-19,2026-10-06 18:50:00
-15.644500,-41.695700,GOES-19,2026-10-06 19:20:00
-15.644500,-41.695700,GOES-19,2026-10-06 19:40:00
-15.605500,-41.679700,GOES-19,2026-10-06 17:50:00
-15.605500,-41.679700,GOES-19,2026-10-06 19:20:00
-15.625300,-41.675300,GOES-19,2026-10-06 17:30:00
-15.625300,-41.675300,GOES-19,2026-10-06 17:40:00
-15.625300,-41.675300,GOES-19,2026-10-06 17:50:00
-15.625300,-41.675300,GOES-19,2026-10-06 18:00:00
-15.625300,-41.675300,GOES-19,2026-10-06 18:10:00
-15.625300,-41.675300,GOES-19,2026-10-06 18:20:00
-15.625300,-41.675300,GOES-19,2026-10-06 18:30:00
-15.625300,-41.675300,GOES-19,2026-10-06 18:40:00
-15.625300,-41.675300,GOES-19,2026-10-06 18:50:00
-15.625300,-41.675300,GOES-19,2026-10-06 19:20:00
-12.123700,-42.343500,GOES-19,2026-10-06 14:40:00
-12.123700,-42.343500,GOES-19,2026-10-06 14:50:00
-12.123700,-42.343500,GOES-19,2026-10-06 15:00:00
-12.123700,-42.343500,GOES-19,2026-10-06 15:10:00
-6.300600,-43.058600,GOES-19,2026-10-06 18:50:00
-3.828500,-43.157300,GOES-19,2026-10-06 18:40:00
-5.925800,-42.995800,GOES-19,2026-10-06 19:20:00
-2.988900,-43.149200,GOES-19,2026-10-06 18:20:00
-2.989000,-43.125900,GOES-19,2026-10-06 17:40:00
-4.296500,-43.014900,GOES-19,2026-10-06 18:00:00
-4.296500,-43.014900,GOES-19,2026-10-06 18:10:00
-4.296500,-43.014900,GOES-19,2026-10-06 18:20:00
-4.296500,-43.014900,GOES-19,2026-10-06 18:40:00
-4.315200,-43.013800,GOES-19,2026-10-06 19:40:00
-2.952200,-43.034100,GOES-19,2026-10-06 18:40:00
-15.039300,-41.507700,GOES-19,2026-10-06 18:50:00
-3.195000,-42.977200,GOES-19,2026-10-06 18:50:00
-3.195000,-42.977200,GOES-19,2026-10-06 19:00:00
-3.195000,-42.977200,GOES-19,2026-10-06 19:20:00
-4.521600,-42.907800,GOES-19,2026-10-06 18:50:00
-3.213700,-42.953000,GOES-19,2026-10-06 18:30:00
-3.213700,-42.953000,GOES-19,2026-10-06 18:50:00
-3.213700,-42.953000,GOES-19,2026-10-06 19:00:00
-3.213700,-42.953000,GOES-19,2026-10-06 19:10:00
-3.213700,-42.953000,GOES-19,2026-10-06 19:20:00
-3.213700,-42.953000,GOES-19,2026-10-06 19:30:00
-3.213700,-42.953000,GOES-19,2026-10-06 19:40:00
-3.213700,-42.953000,GOES-19,2026-10-06 19:50:00
-4.521800,-42.884300,GOES-19,2026-10-06 18:20:00
-4.521800,-42.884300,GOES-19,2026-10-06 18:30:00
-4.521800,-42.884300,GOES-19,2026-10-06 18:40:00
-4.521800,-42.884300,GOES-19,2026-10-06 18:50:00
-3.961100,-42.869800,GOES-19,2026-10-06 18:20:00
-5.685600,-42.591100,GOES-19,2026-10-06 19:00:00
-5.685600,-42.591100,GOES-19,2026-10-06 19:10:00
-5.685600,-42.591100,GOES-19,2026-10-06 19:20:00
-7.607100,-42.390500,GOES-19,2026-10-06 18:00:00
-14.652900,-41.268400,GOES-19,2026-10-06 19:40:00
-14.359000,-41.281300,GOES-19,2026-10-06 13:20:00
-5.856000,-42.435600,GOES-19,2026-10-06 19:40:00
-6.891700,-42.296300,GOES-19,2026-10-06 18:50:00
-6.891700,-42.296300,GOES-19,2026-10-06 19:10:00
-4.882300,-42.247700,GOES-19,2026-10-06 18:00:00
-7.177500,-42.029400,GOES-19,2026-10-06 18:00:00
-13.446700,-41.095500,GOES-19,2026-10-06 18:40:00
-3.291900,-42.291000,GOES-19,2026-10-06 18:10:00
-3.291900,-42.291000,GOES-19,2026-10-06 18:30:00
-3.291900,-42.291000,GOES-19,2026-10-06 18:40:00
-3.291900,-42.291000,GOES-19,2026-10-06 18:50:00
-3.291900,-42.291000,GOES-19,2026-10-06 19:10:00
-3.291900,-42.291000,GOES-19,2026-10-06 19:20:00
-3.291900,-42.291000,GOES-19,2026-10-06 19:30:00
-3.291900,-42.291000,GOES-19,2026-10-06 19:40:00
-3.310600,-42.290100,GOES-19,2026-10-06 18:30:00
-3.310600,-42.290100,GOES-19,2026-10-06 18:40:00
-3.310600,-42.290100,GOES-19,2026-10-06 19:10:00
-3.310600,-42.290100,GOES-19,2026-10-06 19:20:00
-3.310600,-42.290100,GOES-19,2026-10-06 19:30:00
-3.310600,-42.290100,GOES-19,2026-10-06 19:40:00
-3.310600,-42.290100,GOES-19,2026-10-06 19:50:00
-3.310700,-42.266500,GOES-19,2026-10-06 18:30:00
-3.310700,-42.266500,GOES-19,2026-10-06 18:50:00
-3.310700,-42.266500,GOES-19,2026-10-06 19:00:00
-3.310700,-42.266500,GOES-19,2026-10-06 19:10:00
-3.310700,-42.266500,GOES-19,2026-10-06 19:20:00
-3.310700,-42.266500,GOES-19,2026-10-06 19:30:00
-3.310700,-42.266500,GOES-19,2026-10-06 19:40:00
-3.310700,-42.266500,GOES-19,2026-10-06 19:50:00
-5.731500,-41.706900,GOES-19,2026-10-06 18:30:00
-5.731500,-41.706900,GOES-19,2026-10-06 18:40:00
-5.731500,-41.706900,GOES-19,2026-10-06 19:00:00
-5.731500,-41.706900,GOES-19,2026-10-06 19:10:00
-5.731500,-41.706900,GOES-19,2026-10-06 19:20:00
-5.731500,-41.706900,GOES-19,2026-10-06 19:50:00
-4.305100,-41.785100,GOES-19,2026-10-06 14:30:00
-4.323900,-41.783900,GOES-19,2026-10-06 14:30:00
-4.323900,-41.783900,GOES-19,2026-10-06 14:40:00
-3.799500,-41.814200,GOES-19,2026-10-06 14:30:00
-5.712900,-41.684500,GOES-19,2026-10-06 17:50:00
-5.712900,-41.684500,GOES-19,2026-10-06 18:20:00
-5.712900,-41.684500,GOES-19,2026-10-06 19:00:00
-5.731700,-41.682900,GOES-19,2026-10-06 17:50:00
-5.731700,-41.682900,GOES-19,2026-10-06 18:20:00
-5.731700,-41.682900,GOES-19,2026-10-06 18:30:00
-5.731700,-41.682900,GOES-19,2026-10-06 18:40:00
-5.731700,-41.682900,GOES-19,2026-10-06 18:50:00
-5.731700,-41.682900,GOES-19,2026-10-06 19:00:00
-5.731700,-41.682900,GOES-19,2026-10-06 19:10:00
-5.731700,-41.682900,GOES-19,2026-10-06 19:20:00
-5.731700,-41.682900,GOES-19,2026-10-06 19:50:00
-3.780900,-41.791300,GOES-19,2026-10-06 18:40:00
-3.780900,-41.791300,GOES-19,2026-10-06 19:10:00
-3.780900,-41.791300,GOES-19,2026-10-06 19:20:00
-5.731900,-41.658900,GOES-19,2026-10-06 17:40:00
-5.731900,-41.658900,GOES-19,2026-10-06 17:50:00
-5.731900,-41.658900,GOES-19,2026-10-06 18:00:00
-5.731900,-41.658900,GOES-19,2026-10-06 18:10:00
-5.731900,-41.658900,GOES-19,2026-10-06 18:20:00
-5.731900,-41.658900,GOES-19,2026-10-06 18:30:00
-5.731900,-41.658900,GOES-19,2026-10-06 18:40:00
-5.731900,-41.658900,GOES-19,2026-10-06 18:50:00
-5.750700,-41.657400,GOES-19,2026-10-06 17:50:00
-5.750700,-41.657400,GOES-19,2026-10-06 18:00:00
-5.750700,-41.657400,GOES-19,2026-10-06 18:10:00
-16.029500,-39.860100,GOES-19,2026-10-06 18:30:00
-16.029500,-39.860100,GOES-19,2026-10-06 18:40:00
-16.029500,-39.860100,GOES-19,2026-10-06 18:50:00
-16.029500,-39.860100,GOES-19,2026-10-06 19:10:00
-16.030200,-39.834100,GOES-19,2026-10-06 18:10:00
-16.030200,-39.834100,GOES-19,2026-10-06 18:40:00
-16.030200,-39.834100,GOES-19,2026-10-06 18:50:00
-16.030200,-39.834100,GOES-19,2026-10-06 19:00:00
-16.030200,-39.834100,GOES-19,2026-10-06 19:10:00
-3.969500,-41.565600,GOES-19,2026-10-06 14:30:00
-17.257700,-39.408100,GOES-19,2026-10-06 18:40:00
-2.997400,-41.422300,GOES-19,2026-10-06 15:30:00
-5.964700,-40.938300,GOES-19,2026-10-06 19:10:00
-5.964700,-40.938300,GOES-19,2026-10-06 19:20:00
-5.964700,-40.938300,GOES-19,2026-10-06 19:30:00
-5.964700,-40.938300,GOES-19,2026-10-06 19:40:00
-5.964700,-40.938300,GOES-19,2026-10-06 19:50:00
-5.983500,-40.936700,GOES-19,2026-10-06 18:40:00
-5.983500,-40.936700,GOES-19,2026-10-06 18:50:00
-5.983500,-40.936700,GOES-19,2026-10-06 19:00:00
-5.983500,-40.936700,GOES-19,2026-10-06 19:10:00
-5.983500,-40.936700,GOES-19,2026-10-06 19:20:00
-5.983500,-40.936700,GOES-19,2026-10-06 19:40:00
-5.983500,-40.936700,GOES-19,2026-10-06 19:50:00
-5.682900,-40.889500,GOES-19,2026-10-06 18:10:00
-5.682900,-40.889500,GOES-19,2026-10-06 18:20:00
-5.682900,-40.889500,GOES-19,2026-10-06 18:30:00
-5.682900,-40.889500,GOES-19,2026-10-06 18:40:00
-5.682900,-40.889500,GOES-19,2026-10-06 19:00:00
-5.682900,-40.889500,GOES-19,2026-10-06 19:10:00
-5.682900,-40.889500,GOES-19,2026-10-06 19:20:00
-5.682900,-40.889500,GOES-19,2026-10-06 19:30:00
-5.682900,-40.889500,GOES-19,2026-10-06 19:40:00
-5.701700,-40.888000,GOES-19,2026-10-06 18:10:00
-5.701700,-40.888000,GOES-19,2026-10-06 18:20:00
-5.701700,-40.888000,GOES-19,2026-10-06 18:30:00
-5.701700,-40.888000,GOES-19,2026-10-06 18:40:00
-5.701700,-40.888000,GOES-19,2026-10-06 18:50:00
-5.701700,-40.888000,GOES-19,2026-10-06 19:00:00
-5.701700,-40.888000,GOES-19,2026-10-06 19:10:00
-5.701700,-40.888000,GOES-19,2026-10-06 19:20:00
-5.701700,-40.888000,GOES-19,2026-10-06 19:30:00
-5.701700,-40.888000,GOES-19,2026-10-06 19:40:00
-12.677700,-39.868200,GOES-19,2026-10-06 18:50:00
-5.523400,-39.846500,GOES-19,2026-10-06 18:40:00
-6.829200,-39.547200,GOES-19,2026-10-06 13:50:00
-6.829200,-39.547200,GOES-19,2026-10-06 14:20:00
-5.908000,-39.112500,GOES-19,2026-10-06 18:50:00
-7.257900,-37.140400,GOES-19,2026-10-06 18:00:00
-7.639000,-73.298300,GOES-19,2026-10-06 17:40:00
-7.639000,-73.298300,GOES-19,2026-10-06 17:50:00
-7.639000,-73.298300,GOES-19,2026-10-06 18:00:00
-7.455300,-73.280900,GOES-19,2026-10-06 17:40:00
-7.437000,-73.190000,GOES-19,2026-10-06 18:10:00
-7.437000,-73.190000,GOES-19,2026-10-06 18:40:00
-7.437000,-73.190000,GOES-19,2026-10-06 19:00:00
-7.437000,-73.190000,GOES-19,2026-10-06 19:10:00
-7.437000,-73.190000,GOES-19,2026-10-06 19:20:00
-7.437000,-73.190000,GOES-19,2026-10-06 19:30:00
-7.437000,-73.190000,GOES-19,2026-10-06 19:40:00
-7.437000,-73.190000,GOES-19,2026-10-06 19:50:00
-7.437000,-73.171800,GOES-19,2026-10-06 18:10:00
-7.437000,-73.171800,GOES-19,2026-10-06 18:40:00
-7.712700,-73.079300,GOES-19,2026-10-06 18:00:00
-7.823100,-73.060500,GOES-19,2026-10-06 19:30:00
-7.271900,-72.990700,GOES-19,2026-10-06 17:00:00
-7.271900,-72.990700,GOES-19,2026-10-06 17:10:00
-7.271900,-72.990700,GOES-19,2026-10-06 17:30:00
-7.271900,-72.990700,GOES-19,2026-10-06 17:40:00
-7.271900,-72.990700,GOES-19,2026-10-06 17:50:00
-8.209700,-72.967100,GOES-19,2026-10-06 17:30:00
-8.209700,-72.967100,GOES-19,2026-10-06 17:40:00
-8.209700,-72.967100,GOES-19,2026-10-06 17:50:00
-8.228200,-72.930500,GOES-19,2026-10-06 17:30:00
-8.596900,-72.928100,GOES-19,2026-10-06 18:00:00
-8.596900,-72.928100,GOES-19,2026-10-06 18:10:00
-8.596900,-72.928100,GOES-19,2026-10-06 18:20:00
-8.596900,-72.928100,GOES-19,2026-10-06 18:30:00
-8.596900,-72.928100,GOES-19,2026-10-06 19:00:00
-7.749600,-72.915200,GOES-19,2026-10-06 18:30:00
-7.749600,-72.915200,GOES-19,2026-10-06 18:40:00
-7.749600,-72.915200,GOES-19,2026-10-06 19:10:00
-7.363700,-72.917400,GOES-19,2026-10-06 17:10:00
-7.363700,-72.917400,GOES-19,2026-10-06 17:20:00
-7.363700,-72.917400,GOES-19,2026-10-06 17:30:00
-7.363700,-72.917400,GOES-19,2026-10-06 18:00:00
-7.363700,-72.917400,GOES-19,2026-10-06 18:20:00
-7.363700,-72.917400,GOES-19,2026-10-06 18:30:00
-7.363700,-72.917400,GOES-19,2026-10-06 19:00:00
-8.596900,-72.909800,GOES-19,2026-10-06 18:00:00
-8.596900,-72.909800,GOES-19,2026-10-06 18:10:00
-8.596900,-72.909800,GOES-19,2026-10-06 18:20:00
-7.731200,-72.897000,GOES-19,2026-10-06 17:40:00
-7.860000,-72.878100,GOES-19,2026-10-06 19:30:00
-8.172900,-72.876100,GOES-19,2026-10-06 17:50:00
-8.172900,-72.876100,GOES-19,2026-10-06 18:00:00
-7.860000,-72.859800,GOES-19,2026-10-06 19:30:00
-7.860000,-72.859800,GOES-19,2026-10-06 19:40:00
-8.265100,-72.857200,GOES-19,2026-10-06 18:40:00
-8.265100,-72.857200,GOES-19,2026-10-06 18:50:00
-8.265100,-72.857200,GOES-19,2026-10-06 19:00:00
-8.265100,-72.857200,GOES-19,2026-10-06 19:10:00
-8.283500,-72.857100,GOES-19,2026-10-06 18:40:00
-8.283500,-72.857100,GOES-19,2026-10-06 18:50:00
-8.283500,-72.857100,GOES-19,2026-10-06 19:00:00
-8.283500,-72.857100,GOES-19,2026-10-06 19:10:00
-8.265100,-72.839000,GOES-19,2026-10-06 19:00:00
-8.228300,-72.821000,GOES-19,2026-10-06 16:20:00
-8.265100,-72.802500,GOES-19,2026-10-06 18:40:00
-8.265100,-72.802500,GOES-19,2026-10-06 18:50:00
-8.763100,-72.799100,GOES-19,2026-10-06 18:00:00
-8.763100,-72.799100,GOES-19,2026-10-06 18:10:00
-8.763100,-72.799100,GOES-19,2026-10-06 18:20:00
-8.763100,-72.799100,GOES-19,2026-10-06 18:30:00
-8.763100,-72.799100,GOES-19,2026-10-06 18:40:00
-8.763100,-72.799100,GOES-19,2026-10-06 18:50:00
-8.763100,-72.799100,GOES-19,2026-10-06 19:30:00
-8.763100,-72.799100,GOES-19,2026-10-06 19:40:00
-8.763100,-72.799100,GOES-19,2026-10-06 19:50:00
-8.412600,-72.783200,GOES-19,2026-10-06 17:50:00
-8.781600,-72.762400,GOES-19,2026-10-06 19:00:00
-8.781600,-72.762400,GOES-19,2026-10-06 19:10:00
-8.855500,-72.743600,GOES-19,2026-10-06 18:00:00
-8.855500,-72.743600,GOES-19,2026-10-06 18:30:00
-7.272100,-72.735900,GOES-19,2026-10-06 19:00:00
-8.800100,-72.725700,GOES-19,2026-10-06 16:20:00
-8.855600,-72.725300,GOES-19,2026-10-06 17:40:00
-7.308900,-72.644700,GOES-19,2026-10-06 19:30:00
-7.952300,-72.622200,GOES-19,2026-10-06 18:10:00
-7.952300,-72.622200,GOES-19,2026-10-06 18:30:00
-8.339000,-72.619400,GOES-19,2026-10-06 19:30:00
-8.339000,-72.619400,GOES-19,2026-10-06 19:40:00
-7.419100,-72.607600,GOES-19,2026-10-06 17:10:00
-7.952300,-72.604000,GOES-19,2026-10-06 18:10:00
-7.952300,-72.604000,GOES-19,2026-10-06 18:30:00
-8.412800,-72.600600,GOES-19,2026-10-06 19:40:00
-7.364000,-72.553300,GOES-19,2026-10-06 17:30:00
-7.254000,-72.481200,GOES-19,2026-10-06 17:50:00
-7.897200,-72.476700,GOES-19,2026-10-06 18:00:00
-7.786800,-72.459300,GOES-19,2026-10-06 19:20:00
-7.786800,-72.459300,GOES-19,2026-10-06 19:30:00
-7.786800,-72.459300,GOES-19,2026-10-06 19:50:00
-7.768500,-72.441200,GOES-19,2026-10-06 19:10:00
-8.597500,-72.398200,GOES-19,2026-10-06 17:30:00
-8.634400,-72.379600,GOES-19,2026-10-06 17:30:00
-7.952500,-72.366800,GOES-19,2026-10-06 17:10:00
-7.952500,-72.366800,GOES-19,2026-10-06 17:30:00
-7.842200,-72.331200,GOES-19,2026-10-06 18:20:00
-7.916100,-72.075200,GOES-19,2026-10-06 19:10:00
-9.226400,-71.898100,GOES-19,2026-10-06 18:40:00
-9.226400,-71.898100,GOES-19,2026-10-06 18:50:00
-9.171000,-71.843700,GOES-19,2026-10-06 17:40:00
-7.144700,-71.717200,GOES-19,2026-10-06 18:10:00
-7.144700,-71.717200,GOES-19,2026-10-06 18:30:00
-7.144700,-71.717200,GOES-19,2026-10-06 18:40:00
-7.144700,-71.717200,GOES-19,2026-10-06 18:50:00
-7.144700,-71.717200,GOES-19,2026-10-06 19:10:00
-7.144700,-71.717200,GOES-19,2026-10-06 19:50:00
-7.163000,-71.717000,GOES-19,2026-10-06 18:10:00
-7.163000,-71.717000,GOES-19,2026-10-06 18:20:00
-7.163000,-71.717000,GOES-19,2026-10-06 19:50:00
-7.861400,-71.692400,GOES-19,2026-10-06 18:10:00
-8.727700,-71.683600,GOES-19,2026-10-06 18:40:00
-6.998000,-71.609100,GOES-19,2026-10-06 17:20:00
-6.998000,-71.609100,GOES-19,2026-10-06 19:20:00
-6.998000,-71.609100,GOES-19,2026-10-06 19:30:00
-7.181500,-71.607500,GOES-19,2026-10-06 19:40:00
-7.181500,-71.607500,GOES-19,2026-10-06 19:50:00
-6.998100,-71.590900,GOES-19,2026-10-06 17:30:00
-6.998100,-71.590900,GOES-19,2026-10-06 19:00:00
-6.998100,-71.590900,GOES-19,2026-10-06 19:10:00
-6.998100,-71.590900,GOES-19,2026-10-06 19:20:00
-6.998100,-71.590900,GOES-19,2026-10-06 19:30:00
-6.998100,-71.590900,GOES-19,2026-10-06 19:40:00
-6.998100,-71.590900,GOES-19,2026-10-06 19:50:00
-7.016400,-71.590700,GOES-19,2026-10-06 16:20:00
-7.016400,-71.590700,GOES-19,2026-10-06 19:00:00
-7.016400,-71.590700,GOES-19,2026-10-06 19:10:00
-7.016400,-71.590700,GOES-19,2026-10-06 19:50:00
-8.045600,-71.581000,GOES-19,2026-10-06 19:30:00
-8.045600,-71.581000,GOES-19,2026-10-06 19:40:00
-8.045600,-71.581000,GOES-19,2026-10-06 19:50:00
-8.064000,-71.580800,GOES-19,2026-10-06 18:20:00
-8.064000,-71.580800,GOES-19,2026-10-06 18:30:00
-8.875700,-71.498900,GOES-19,2026-10-06 16:10:00
-8.875700,-71.498900,GOES-19,2026-10-06 16:20:00
-8.875700,-71.498900,GOES-19,2026-10-06 18:20:00
-8.875700,-71.498900,GOES-19,2026-10-06 18:30:00
-6.924800,-71.482300,GOES-19,2026-10-06 18:50:00
-6.924800,-71.482300,GOES-19,2026-10-06 19:10:00
-8.875800,-71.425600,GOES-19,2026-10-06 17:40:00
-8.875800,-71.425600,GOES-19,2026-10-06 17:50:00
-8.875800,-71.425600,GOES-19,2026-10-06 18:10:00
-8.875800,-71.425600,GOES-19,2026-10-06 18:20:00
-8.875900,-71.407300,GOES-19,2026-10-06 17:40:00
-8.875900,-71.407300,GOES-19,2026-10-06 17:50:00
-8.875900,-71.407300,GOES-19,2026-10-06 18:00:00
-8.875900,-71.407300,GOES-19,2026-10-06 18:10:00
-7.972200,-71.399100,GOES-19,2026-10-06 17:40:00
-7.972200,-71.399100,GOES-19,2026-10-06 17:50:00
-8.931300,-71.388300,GOES-19,2026-10-06 18:40:00
-8.931300,-71.388300,GOES-19,2026-10-06 18:50:00
-8.931300,-71.388300,GOES-19,2026-10-06 19:10:00
-7.972300,-71.380800,GOES-19,2026-10-06 15:00:00
-7.972300,-71.380800,GOES-19,2026-10-06 15:10:00
-7.972300,-71.380800,GOES-19,2026-10-06 15:20:00
-7.972300,-71.380800,GOES-19,2026-10-06 17:40:00
-7.972300,-71.380800,GOES-19,2026-10-06 17:50:00
-7.972300,-71.380800,GOES-19,2026-10-06 18:00:00
-7.972300,-71.380800,GOES-19,2026-10-06 18:20:00
-7.990700,-71.380600,GOES-19,2026-10-06 14:40:00
-7.990700,-71.380600,GOES-19,2026-10-06 14:50:00
-7.990700,-71.380600,GOES-19,2026-10-06 15:00:00
-7.990700,-71.380600,GOES-19,2026-10-06 15:10:00
-7.990700,-71.380600,GOES-19,2026-10-06 15:20:00
-7.990700,-71.380600,GOES-19,2026-10-06 15:30:00
-7.990700,-71.380600,GOES-19,2026-10-06 15:40:00
-7.990700,-71.380600,GOES-19,2026-10-06 16:00:00
-7.990700,-71.380600,GOES-19,2026-10-06 18:10:00
-7.990700,-71.380600,GOES-19,2026-10-06 18:40:00
-7.990700,-71.380600,GOES-19,2026-10-06 18:50:00
-7.990700,-71.380600,GOES-19,2026-10-06 19:00:00
-7.990700,-71.380600,GOES-19,2026-10-06 19:20:00
-7.990700,-71.380600,GOES-19,2026-10-06 19:30:00
-7.990700,-71.362300,GOES-19,2026-10-06 14:40:00
-7.990700,-71.362300,GOES-19,2026-10-06 14:50:00
-7.990700,-71.362300,GOES-19,2026-10-06 15:00:00
-7.990700,-71.362300,GOES-19,2026-10-06 15:10:00
-7.990700,-71.362300,GOES-19,2026-10-06 15:20:00
-7.990700,-71.362300,GOES-19,2026-10-06 15:30:00
-7.990700,-71.362300,GOES-19,2026-10-06 15:40:00
-7.990700,-71.362300,GOES-19,2026-10-06 16:00:00
-7.990700,-71.362300,GOES-19,2026-10-06 17:40:00
-7.990700,-71.362300,GOES-19,2026-10-06 18:30:00
-7.990700,-71.362300,GOES-19,2026-10-06 18:40:00
-7.990700,-71.362300,GOES-19,2026-10-06 18:50:00
-7.990700,-71.362300,GOES-19,2026-10-06 19:00:00
-7.990700,-71.362300,GOES-19,2026-10-06 19:10:00
-7.990700,-71.362300,GOES-19,2026-10-06 19:20:00
-7.990700,-71.362300,GOES-19,2026-10-06 19:30:00
-7.990700,-71.362300,GOES-19,2026-10-06 19:40:00
-7.990700,-71.362300,GOES-19,2026-10-06 19:50:00
-7.953900,-71.344500,GOES-19,2026-10-06 17:30:00
-7.953900,-71.344500,GOES-19,2026-10-06 17:40:00
-7.953900,-71.344500,GOES-19,2026-10-06 18:00:00
-7.953900,-71.344500,GOES-19,2026-10-06 18:10:00
-7.953900,-71.344500,GOES-19,2026-10-06 18:20:00
-7.953900,-71.344500,GOES-19,2026-10-06 18:30:00
-7.953900,-71.344500,GOES-19,2026-10-06 18:40:00
-7.953900,-71.344500,GOES-19,2026-10-06 18:50:00
-7.953900,-71.344500,GOES-19,2026-10-06 19:00:00
-7.953900,-71.344500,GOES-19,2026-10-06 19:10:00
-7.953900,-71.344500,GOES-19,2026-10-06 19:40:00
-7.953900,-71.344500,GOES-19,2026-10-06 19:50:00
-7.953900,-71.326200,GOES-19,2026-10-06 17:20:00
-7.953900,-71.326200,GOES-19,2026-10-06 18:00:00
-7.953900,-71.326200,GOES-19,2026-10-06 19:30:00
-7.953900,-71.326200,GOES-19,2026-10-06 19:40:00
-8.783900,-71.170200,GOES-19,2026-10-06 17:50:00
-8.783900,-71.170200,GOES-19,2026-10-06 18:00:00
-8.783900,-71.170200,GOES-19,2026-10-06 18:10:00
-8.783900,-71.170200,GOES-19,2026-10-06 18:20:00
-8.009600,-71.069700,GOES-19,2026-10-06 16:10:00
-8.341300,-71.029100,GOES-19,2026-10-06 18:10:00
-8.193900,-71.012600,GOES-19,2026-10-06 17:40:00
-8.193900,-71.012600,GOES-19,2026-10-06 17:50:00
-8.193900,-71.012600,GOES-19,2026-10-06 18:00:00
-8.193900,-71.012600,GOES-19,2026-10-06 18:50:00
-8.212300,-71.012400,GOES-19,2026-10-06 17:50:00
-8.175500,-70.994500,GOES-19,2026-10-06 17:50:00
-8.175500,-70.994500,GOES-19,2026-10-06 19:00:00
-8.175500,-70.994500,GOES-19,2026-10-06 19:30:00
-8.193900,-70.994300,GOES-19,2026-10-06 17:20:00
-8.193900,-70.994300,GOES-19,2026-10-06 17:30:00
-8.193900,-70.994300,GOES-19,2026-10-06 17:40:00
-8.507400,-70.972100,GOES-19,2026-10-06 17:50:00
-8.525900,-70.953600,GOES-19,2026-10-06 17:50:00
-8.028300,-70.923100,GOES-19,2026-10-06 19:50:00
-8.267800,-70.901900,GOES-19,2026-10-06 18:10:00
-8.267800,-70.901900,GOES-19,2026-10-06 18:40:00
-8.267800,-70.901900,GOES-19,2026-10-06 19:00:00
-8.415400,-70.863400,GOES-19,2026-10-06 17:40:00
-8.839900,-70.857800,GOES-19,2026-10-06 17:30:00
-8.839900,-70.857800,GOES-19,2026-10-06 18:30:00
-8.839900,-70.857800,GOES-19,2026-10-06 18:40:00
-8.858400,-70.857600,GOES-19,2026-10-06 17:30:00
-8.267900,-70.847000,GOES-19,2026-10-06 18:00:00
-8.267900,-70.847000,GOES-19,2026-10-06 18:10:00
-8.267900,-70.847000,GOES-19,2026-10-06 18:20:00
-8.267900,-70.847000,GOES-19,2026-10-06 18:30:00
-8.470700,-70.844400,GOES-19,2026-10-06 18:20:00
-8.470700,-70.844400,GOES-19,2026-10-06 19:10:00
-8.470700,-70.844400,GOES-19,2026-10-06 19:20:00
-8.470700,-70.844400,GOES-19,2026-10-06 19:30:00
-8.526100,-70.843700,GOES-19,2026-10-06 17:50:00
-8.323400,-70.736400,GOES-19,2026-10-06 16:10:00
-8.526300,-70.733700,GOES-19,2026-10-06 17:50:00
-8.526300,-70.733700,GOES-19,2026-10-06 18:10:00
-8.526300,-70.733700,GOES-19,2026-10-06 18:20:00
-8.526300,-70.733700,GOES-19,2026-10-06 18:40:00
-8.526300,-70.733700,GOES-19,2026-10-06 19:00:00
-8.526300,-70.733700,GOES-19,2026-10-06 19:10:00
-8.526300,-70.733700,GOES-19,2026-10-06 19:20:00
-7.900000,-70.613800,GOES-19,2026-10-06 15:40:00
-7.900000,-70.613800,GOES-19,2026-10-06 15:50:00
-7.900000,-70.613800,GOES-19,2026-10-06 16:00:00
-7.900000,-70.613800,GOES-19,2026-10-06 16:10:00
-8.176500,-70.463700,GOES-19,2026-10-06 18:20:00
-9.488400,-70.444200,GOES-19,2026-10-06 18:10:00
-9.488400,-70.444200,GOES-19,2026-10-06 18:20:00
-9.488400,-70.444200,GOES-19,2026-10-06 18:30:00
-9.488400,-70.444200,GOES-19,2026-10-06 18:50:00
-9.507000,-70.443900,GOES-19,2026-10-06 17:40:00
-9.507000,-70.443900,GOES-19,2026-10-06 17:50:00
-9.507000,-70.443900,GOES-19,2026-10-06 18:10:00
-9.507000,-70.443900,GOES-19,2026-10-06 18:20:00
-9.507000,-70.443900,GOES-19,2026-10-06 18:30:00
-9.507000,-70.443900,GOES-19,2026-10-06 18:50:00
-8.379300,-70.442500,GOES-19,2026-10-06 18:10:00
-8.379300,-70.442500,GOES-19,2026-10-06 18:20:00
-8.379300,-70.442500,GOES-19,2026-10-06 18:30:00
-8.379300,-70.442500,GOES-19,2026-10-06 18:40:00
-8.379300,-70.442500,GOES-19,2026-10-06 18:50:00
-8.379300,-70.442500,GOES-19,2026-10-06 19:00:00
-8.416200,-70.423700,GOES-19,2026-10-06 18:10:00
-8.287200,-70.407200,GOES-19,2026-10-06 15:20:00
-8.287200,-70.407200,GOES-19,2026-10-06 15:30:00
-8.287200,-70.407200,GOES-19,2026-10-06 15:40:00
-8.287200,-70.407200,GOES-19,2026-10-06 15:50:00
-8.287200,-70.407200,GOES-19,2026-10-06 16:00:00
-8.287200,-70.407200,GOES-19,2026-10-06 18:20:00
-8.287200,-70.407200,GOES-19,2026-10-06 18:30:00
-8.287200,-70.407200,GOES-19,2026-10-06 18:50:00
-8.287200,-70.407200,GOES-19,2026-10-06 19:00:00
-8.287200,-70.407200,GOES-19,2026-10-06 19:10:00
-8.287200,-70.407200,GOES-19,2026-10-06 19:20:00
-8.287200,-70.407200,GOES-19,2026-10-06 19:40:00
-8.287200,-70.407200,GOES-19,2026-10-06 19:50:00
-8.748800,-70.272000,GOES-19,2026-10-06 19:40:00
-8.398100,-70.277300,GOES-19,2026-10-06 18:10:00
-8.398200,-70.258900,GOES-19,2026-10-06 18:40:00
-8.195700,-70.115300,GOES-19,2026-10-06 17:30:00
-8.195700,-70.115300,GOES-19,2026-10-06 17:40:00
-8.564600,-70.091300,GOES-19,2026-10-06 17:50:00
-7.680200,-70.086000,GOES-19,2026-10-06 17:50:00
-7.680200,-70.086000,GOES-19,2026-10-06 18:00:00
-7.680200,-70.086000,GOES-19,2026-10-06 18:10:00
-8.085200,-70.080200,GOES-19,2026-10-06 17:40:00
-8.490800,-70.074100,GOES-19,2026-10-06 18:00:00
-8.620200,-69.998700,GOES-19,2026-10-06 18:10:00
-8.620200,-69.980300,GOES-19,2026-10-06 18:10:00
-8.620200,-69.980300,GOES-19,2026-10-06 18:20:00
-7.919700,-69.972700,GOES-19,2026-10-06 17:10:00
-7.919700,-69.972700,GOES-19,2026-10-06 17:40:00
-7.551700,-69.978000,GOES-19,2026-10-06 17:40:00
-7.551700,-69.978000,GOES-19,2026-10-06 17:50:00
-7.570100,-69.977700,GOES-19,2026-10-06 17:30:00
-7.570100,-69.977700,GOES-19,2026-10-06 17:40:00
-7.570100,-69.977700,GOES-19,2026-10-06 17:50:00
-9.063800,-69.954700,GOES-19,2026-10-06 18:30:00
-9.063800,-69.954700,GOES-19,2026-10-06 18:40:00
-6.890700,-69.913700,GOES-19,2026-10-06 17:20:00
-7.313000,-69.853200,GOES-19,2026-10-06 16:00:00
-7.313000,-69.853200,GOES-19,2026-10-06 16:10:00
-6.542500,-69.826800,GOES-19,2026-10-06 17:30:00
-6.542500,-69.826800,GOES-19,2026-10-06 17:40:00
-6.542500,-69.826800,GOES-19,2026-10-06 17:50:00
-6.542500,-69.826800,GOES-19,2026-10-06 18:00:00
-10.568000,-69.705100,GOES-19,2026-10-06 18:50:00
-10.568000,-69.705100,GOES-19,2026-10-06 19:00:00
-10.568000,-69.705100,GOES-19,2026-10-06 19:10:00
-10.586600,-69.704700,GOES-19,2026-10-06 19:10:00
-10.810600,-69.644400,GOES-19,2026-10-06 18:00:00
-10.419600,-69.504700,GOES-19,2026-10-06 18:20:00
-10.270800,-69.470900,GOES-19,2026-10-06 18:20:00
-10.270800,-69.470900,GOES-19,2026-10-06 18:30:00
-10.923100,-69.456700,GOES-19,2026-10-06 18:20:00
-10.923100,-69.456700,GOES-19,2026-10-06 18:30:00
-10.792500,-69.441100,GOES-19,2026-10-06 18:10:00
-10.792500,-69.441100,GOES-19,2026-10-06 18:20:00
-8.732500,-69.408700,GOES-19,2026-10-06 16:20:00
-8.732500,-69.408700,GOES-19,2026-10-06 17:50:00
-8.732500,-69.408700,GOES-19,2026-10-06 18:00:00
-8.732500,-69.408700,GOES-19,2026-10-06 18:10:00
-8.732500,-69.408700,GOES-19,2026-10-06 18:20:00
-8.732500,-69.408700,GOES-19,2026-10-06 18:40:00
-8.732500,-69.408700,GOES-19,2026-10-06 18:50:00
-8.732500,-69.408700,GOES-19,2026-10-06 19:00:00
-8.732500,-69.408700,GOES-19,2026-10-06 19:10:00
-8.732500,-69.408700,GOES-19,2026-10-06 19:20:00
-8.732500,-69.408700,GOES-19,2026-10-06 19:40:00
-10.159600,-69.343800,GOES-19,2026-10-06 15:30:00
-10.159600,-69.343800,GOES-19,2026-10-06 15:40:00
-10.159600,-69.343800,GOES-19,2026-10-06 15:50:00
-10.159600,-69.343800,GOES-19,2026-10-06 17:50:00
-10.159600,-69.343800,GOES-19,2026-10-06 18:10:00
-10.159600,-69.343800,GOES-19,2026-10-06 18:50:00
-10.439000,-69.282200,GOES-19,2026-10-06 18:30:00
-10.439000,-69.282200,GOES-19,2026-10-06 18:40:00
-10.439000,-69.282200,GOES-19,2026-10-06 18:50:00
-10.513500,-69.280600,GOES-19,2026-10-06 18:20:00
-10.513500,-69.280600,GOES-19,2026-10-06 18:30:00
-10.513500,-69.280600,GOES-19,2026-10-06 18:40:00
-10.532100,-69.280200,GOES-19,2026-10-06 18:30:00
-10.550700,-69.279700,GOES-19,2026-10-06 18:10:00
-10.550700,-69.279700,GOES-19,2026-10-06 18:20:00
-10.550700,-69.279700,GOES-19,2026-10-06 18:30:00
-10.588100,-69.241800,GOES-19,2026-10-06 18:00:00
-10.588100,-69.241800,GOES-19,2026-10-06 18:10:00
-10.588100,-69.241800,GOES-19,2026-10-06 18:20:00
-10.588100,-69.241800,GOES-19,2026-10-06 18:30:00
-10.588100,-69.241800,GOES-19,2026-10-06 18:40:00
-10.588100,-69.241800,GOES-19,2026-10-06 18:50:00
-10.588100,-69.241800,GOES-19,2026-10-06 19:10:00
-10.588100,-69.241800,GOES-19,2026-10-06 19:20:00
-10.588100,-69.241800,GOES-19,2026-10-06 19:30:00
-10.588100,-69.241800,GOES-19,2026-10-06 19:40:00
-9.010400,-69.164200,GOES-19,2026-10-06 18:10:00
-9.010400,-69.164200,GOES-19,2026-10-06 18:20:00
-8.677700,-69.152100,GOES-19,2026-10-06 17:50:00
-8.677700,-69.152100,GOES-19,2026-10-06 18:00:00
-8.677700,-69.152100,GOES-19,2026-10-06 18:10:00
-8.677700,-69.152100,GOES-19,2026-10-06 18:20:00
-8.677700,-69.152100,GOES-19,2026-10-06 18:30:00
-8.751700,-69.113900,GOES-19,2026-10-06 17:50:00
-8.751700,-69.113900,GOES-19,2026-10-06 18:00:00
-8.825800,-69.057200,GOES-19,2026-10-06 16:00:00
-8.825800,-69.057200,GOES-19,2026-10-06 16:10:00
-8.844300,-69.056900,GOES-19,2026-10-06 16:00:00
-8.844300,-69.056900,GOES-19,2026-10-06 16:10:00
-9.399700,-68.990300,GOES-19,2026-10-06 18:10:00
-9.399700,-68.990300,GOES-19,2026-10-06 18:20:00
-9.399700,-68.990300,GOES-19,2026-10-06 18:30:00
-9.399700,-68.990300,GOES-19,2026-10-06 18:50:00
-9.399700,-68.990300,GOES-19,2026-10-06 19:00:00
-9.399700,-68.990300,GOES-19,2026-10-06 19:10:00
-9.399700,-68.990300,GOES-19,2026-10-06 19:20:00
-9.399700,-68.990300,GOES-19,2026-10-06 19:30:00
-9.399700,-68.990300,GOES-19,2026-10-06 19:40:00
-9.399800,-68.971900,GOES-19,2026-10-06 18:10:00
-9.399800,-68.971900,GOES-19,2026-10-06 18:30:00
-9.399800,-68.971900,GOES-19,2026-10-06 18:40:00
-9.399800,-68.971900,GOES-19,2026-10-06 18:50:00
-9.399800,-68.971900,GOES-19,2026-10-06 19:00:00
-9.399800,-68.971900,GOES-19,2026-10-06 19:10:00
-9.399800,-68.971900,GOES-19,2026-10-06 19:40:00
-9.436900,-68.952700,GOES-19,2026-10-06 17:50:00
-9.436900,-68.952700,GOES-19,2026-10-06 18:20:00
-9.752400,-68.871900,GOES-19,2026-10-06 18:20:00
-8.900200,-68.889900,GOES-19,2026-10-06 17:40:00
-8.900200,-68.889900,GOES-19,2026-10-06 17:50:00
-8.900200,-68.889900,GOES-19,2026-10-06 18:10:00
-8.900200,-68.889900,GOES-19,2026-10-06 18:30:00
-8.918700,-68.889600,GOES-19,2026-10-06 17:20:00
-8.918700,-68.889600,GOES-19,2026-10-06 17:30:00
-8.918700,-68.889600,GOES-19,2026-10-06 17:40:00
-8.918700,-68.889600,GOES-19,2026-10-06 17:50:00
-8.863500,-68.798500,GOES-19,2026-10-06 17:50:00
-8.919000,-68.797400,GOES-19,2026-10-06 17:50:00
-8.919000,-68.797400,GOES-19,2026-10-06 18:10:00
-8.919000,-68.797400,GOES-19,2026-10-06 18:50:00
-8.919000,-68.797400,GOES-19,2026-10-06 19:00:00
-8.919000,-68.797400,GOES-19,2026-10-06 19:20:00
-8.919000,-68.797400,GOES-19,2026-10-06 19:30:00
-9.400300,-68.787200,GOES-19,2026-10-06 18:30:00
-8.845100,-68.780400,GOES-19,2026-10-06 17:30:00
-8.845100,-68.780400,GOES-19,2026-10-06 17:40:00
-8.845100,-68.780400,GOES-19,2026-10-06 18:00:00
-8.845100,-68.780400,GOES-19,2026-10-06 18:20:00
-8.845100,-68.780400,GOES-19,2026-10-06 18:30:00
-8.863600,-68.780100,GOES-19,2026-10-06 17:50:00
-9.326300,-68.770400,GOES-19,2026-10-06 18:00:00
-9.344800,-68.770000,GOES-19,2026-10-06 18:10:00
-9.344800,-68.770000,GOES-19,2026-10-06 18:30:00
-9.344800,-68.770000,GOES-19,2026-10-06 18:50:00
-9.344800,-68.770000,GOES-19,2026-10-06 19:00:00
-9.344800,-68.770000,GOES-19,2026-10-06 19:10:00
-9.363300,-68.769600,GOES-19,2026-10-06 17:10:00
-9.363300,-68.769600,GOES-19,2026-10-06 18:50:00
-9.864200,-68.758500,GOES-19,2026-10-06 18:40:00
-8.771200,-68.763500,GOES-19,2026-10-06 15:50:00
-9.864300,-68.740000,GOES-19,2026-10-06 18:40:00
-9.344900,-68.751500,GOES-19,2026-10-06 18:00:00
-9.344900,-68.751500,GOES-19,2026-10-06 18:10:00
-9.344900,-68.751500,GOES-19,2026-10-06 18:30:00
-9.344900,-68.751500,GOES-19,2026-10-06 18:50:00
-9.344900,-68.751500,GOES-19,2026-10-06 19:10:00
-9.344900,-68.751500,GOES-19,2026-10-06 19:20:00
-8.660400,-68.747300,GOES-19,2026-10-06 18:10:00
-8.660400,-68.747300,GOES-19,2026-10-06 19:30:00
-8.660400,-68.747300,GOES-19,2026-10-06 19:40:00
-8.660400,-68.747300,GOES-19,2026-10-06 19:50:00
-10.198900,-68.713600,GOES-19,2026-10-06 16:10:00
-10.198900,-68.713600,GOES-19,2026-10-06 18:00:00
-10.198900,-68.713600,GOES-19,2026-10-06 18:50:00
-10.198900,-68.713600,GOES-19,2026-10-06 19:00:00
-10.198900,-68.713600,GOES-19,2026-10-06 19:10:00
-10.198900,-68.713600,GOES-19,2026-10-06 19:20:00
-10.478200,-68.706900,GOES-19,2026-10-06 18:00:00
-10.478200,-68.706900,GOES-19,2026-10-06 18:20:00
-8.697500,-68.709700,GOES-19,2026-10-06 17:50:00
-9.345100,-68.677600,GOES-19,2026-10-06 17:50:00
-9.345100,-68.677600,GOES-19,2026-10-06 18:00:00
-9.363600,-68.677200,GOES-19,2026-10-06 17:50:00
-9.363600,-68.677200,GOES-19,2026-10-06 18:10:00
-10.385300,-68.635000,GOES-19,2026-10-06 17:50:00
-10.385300,-68.635000,GOES-19,2026-10-06 18:00:00
-10.143400,-68.622300,GOES-19,2026-10-06 18:00:00
-10.143400,-68.622300,GOES-19,2026-10-06 18:20:00
-10.162000,-68.621900,GOES-19,2026-10-06 19:00:00
-10.422700,-68.597000,GOES-19,2026-10-06 18:20:00
-10.422700,-68.597000,GOES-19,2026-10-06 18:30:00
-9.512200,-68.600000,GOES-19,2026-10-06 18:40:00
-9.512200,-68.600000,GOES-19,2026-10-06 18:50:00
-9.512200,-68.600000,GOES-19,2026-10-06 19:00:00
-9.512200,-68.600000,GOES-19,2026-10-06 19:10:00
-9.512200,-68.600000,GOES-19,2026-10-06 19:20:00
-9.512200,-68.600000,GOES-19,2026-10-06 19:30:00
-9.530700,-68.599600,GOES-19,2026-10-06 19:10:00
-10.087800,-68.586600,GOES-19,2026-10-06 18:00:00
-10.087800,-68.586600,GOES-19,2026-10-06 18:10:00
-10.087800,-68.586600,GOES-19,2026-10-06 19:10:00
-10.087800,-68.586600,GOES-19,2026-10-06 19:20:00
-10.106400,-68.586200,GOES-19,2026-10-06 18:00:00
-10.106400,-68.586200,GOES-19,2026-10-06 18:40:00
-10.106400,-68.586200,GOES-19,2026-10-06 18:50:00
-10.106400,-68.586200,GOES-19,2026-10-06 19:10:00
-10.106400,-68.586200,GOES-19,2026-10-06 19:20:00
-10.106400,-68.586200,GOES-19,2026-10-06 19:30:00
-10.106400,-68.586200,GOES-19,2026-10-06 19:50:00
-10.087800,-68.568100,GOES-19,2026-10-06 19:20:00
-10.106400,-68.567600,GOES-19,2026-10-06 19:20:00
-10.273900,-68.545000,GOES-19,2026-10-06 15:50:00
-9.660700,-68.541100,GOES-19,2026-10-06 18:10:00
-9.660700,-68.541100,GOES-19,2026-10-06 18:20:00
-9.660700,-68.541100,GOES-19,2026-10-06 18:30:00
-9.679300,-68.540700,GOES-19,2026-10-06 18:00:00
-9.679300,-68.540700,GOES-19,2026-10-06 18:20:00
-9.660800,-68.522600,GOES-19,2026-10-06 17:50:00
-9.660800,-68.522600,GOES-19,2026-10-06 18:10:00
-10.404400,-68.504700,GOES-19,2026-10-06 18:20:00
-10.404400,-68.504700,GOES-19,2026-10-06 18:30:00
-10.404400,-68.504700,GOES-19,2026-10-06 18:40:00
-10.311600,-68.432800,GOES-19,2026-10-06 18:00:00
-9.012900,-68.352500,GOES-19,2026-10-06 18:30:00
-9.012900,-68.352500,GOES-19,2026-10-06 18:40:00
-10.386500,-68.301000,GOES-19,2026-10-06 16:00:00
-10.461200,-68.243400,GOES-19,2026-10-06 18:20:00
-9.179800,-68.256300,GOES-19,2026-10-06 15:20:00
-9.365000,-68.252000,GOES-19,2026-10-06 17:40:00
-9.365000,-68.252000,GOES-19,2026-10-06 17:50:00
-9.254500,-68.069600,GOES-19,2026-10-06 16:10:00
-9.254500,-68.051100,GOES-19,2026-10-06 16:10:00
-9.254500,-68.051100,GOES-19,2026-10-06 17:20:00
-9.904100,-67.979500,GOES-19,2026-10-06 19:00:00
-9.236300,-67.959100,GOES-19,2026-10-06 19:10:00
-9.236300,-67.959100,GOES-19,2026-10-06 19:40:00
-9.254900,-67.958600,GOES-19,2026-10-06 19:00:00
-9.254900,-67.958600,GOES-19,2026-10-06 19:10:00
-9.254900,-67.958600,GOES-19,2026-10-06 19:20:00
-9.254900,-67.958600,GOES-19,2026-10-06 19:30:00
-9.254900,-67.958600,GOES-19,2026-10-06 19:40:00
-9.254900,-67.958600,GOES-19,2026-10-06 19:50:00
-9.218000,-67.904000,GOES-19,2026-10-06 17:40:00
-9.218000,-67.904000,GOES-19,2026-10-06 17:50:00
-9.218000,-67.904000,GOES-19,2026-10-06 18:20:00
-9.218000,-67.904000,GOES-19,2026-10-06 18:40:00
-9.218000,-67.904000,GOES-19,2026-10-06 18:50:00
-9.218000,-67.904000,GOES-19,2026-10-06 19:10:00
-9.107100,-67.851100,GOES-19,2026-10-06 19:10:00
-9.107100,-67.851100,GOES-19,2026-10-06 19:20:00
-9.107100,-67.851100,GOES-19,2026-10-06 19:30:00
-9.107100,-67.851100,GOES-19,2026-10-06 19:40:00
-9.107100,-67.851100,GOES-19,2026-10-06 19:50:00
-9.329500,-67.827200,GOES-19,2026-10-06 18:50:00
-9.329500,-67.827200,GOES-19,2026-10-06 19:00:00
-9.329500,-67.827200,GOES-19,2026-10-06 19:10:00
-9.199800,-67.830400,GOES-19,2026-10-06 19:20:00
-9.218300,-67.829900,GOES-19,2026-10-06 19:20:00
-9.218300,-67.829900,GOES-19,2026-10-06 19:40:00
-9.515100,-67.766900,GOES-19,2026-10-06 17:30:00
-9.515100,-67.766900,GOES-19,2026-10-06 18:00:00
-9.515100,-67.766900,GOES-19,2026-10-06 18:10:00
-9.515100,-67.766900,GOES-19,2026-10-06 18:20:00
-9.144400,-67.776200,GOES-19,2026-10-06 18:00:00
-9.144400,-67.776200,GOES-19,2026-10-06 18:10:00
-9.144400,-67.776200,GOES-19,2026-10-06 19:00:00
-9.181400,-67.775300,GOES-19,2026-10-06 18:10:00
-9.070500,-67.741000,GOES-19,2026-10-06 18:50:00
-9.070500,-67.741000,GOES-19,2026-10-06 20:20:00
-9.070500,-67.722500,GOES-19,2026-10-06 18:50:00
-9.107600,-67.721500,GOES-19,2026-10-06 18:50:00
-9.107600,-67.721500,GOES-19,2026-10-06 20:20:00
-9.126100,-67.721100,GOES-19,2026-10-06 18:50:00
-9.107600,-67.703000,GOES-19,2026-10-06 18:50:00
-9.107600,-67.703000,GOES-19,2026-10-06 20:20:00
-9.089200,-67.685000,GOES-19,2026-10-06 18:50:00
-9.089200,-67.685000,GOES-19,2026-10-06 20:20:00
-9.107700,-67.684500,GOES-19,2026-10-06 18:50:00
-9.107700,-67.684500,GOES-19,2026-10-06 20:20:00
-9.089200,-67.666500,GOES-19,2026-10-06 18:50:00
-9.089200,-67.666500,GOES-19,2026-10-06 20:20:00
-9.422900,-67.621000,GOES-19,2026-10-06 18:30:00
-9.422900,-67.621000,GOES-19,2026-10-06 18:40:00
-9.422900,-67.621000,GOES-19,2026-10-06 18:50:00
-9.422900,-67.621000,GOES-19,2026-10-06 19:00:00
-9.404400,-67.602900,GOES-19,2026-10-06 18:30:00
-9.404400,-67.602900,GOES-19,2026-10-06 18:40:00
-9.404400,-67.602900,GOES-19,2026-10-06 18:50:00
-9.404400,-67.602900,GOES-19,2026-10-06 19:00:00
-9.404400,-67.602900,GOES-19,2026-10-06 19:10:00
-8.923000,-67.578000,GOES-19,2026-10-06 18:00:00
-8.923000,-67.578000,GOES-19,2026-10-06 18:10:00
-8.923000,-67.578000,GOES-19,2026-10-06 18:20:00
-8.978800,-67.502500,GOES-19,2026-10-06 15:00:00
-8.978800,-67.502500,GOES-19,2026-10-06 17:30:00
-8.978800,-67.502500,GOES-19,2026-10-06 17:40:00
-8.978800,-67.502500,GOES-19,2026-10-06 17:50:00
-8.978800,-67.502500,GOES-19,2026-10-06 18:00:00
-8.978800,-67.502500,GOES-19,2026-10-06 18:30:00
-8.978800,-67.502500,GOES-19,2026-10-06 19:40:00
-8.886300,-67.504800,GOES-19,2026-10-06 15:20:00
-8.886300,-67.504800,GOES-19,2026-10-06 15:30:00
-8.886300,-67.504800,GOES-19,2026-10-06 15:40:00
-8.886300,-67.504800,GOES-19,2026-10-06 15:50:00
-8.904800,-67.504400,GOES-19,2026-10-06 14:30:00
-8.904800,-67.504400,GOES-19,2026-10-06 14:40:00
-8.904800,-67.504400,GOES-19,2026-10-06 14:50:00
-8.904800,-67.504400,GOES-19,2026-10-06 15:00:00
-8.904800,-67.504400,GOES-19,2026-10-06 15:10:00
-8.904800,-67.504400,GOES-19,2026-10-06 15:20:00
-8.904800,-67.504400,GOES-19,2026-10-06 15:30:00
-8.904800,-67.504400,GOES-19,2026-10-06 15:40:00
-8.904800,-67.504400,GOES-19,2026-10-06 15:50:00
-8.904800,-67.504400,GOES-19,2026-10-06 16:00:00
-9.963000,-67.197600,GOES-19,2026-10-06 18:00:00
-9.963000,-67.197600,GOES-19,2026-10-06 18:10:00
-9.963000,-67.197600,GOES-19,2026-10-06 18:20:00
-9.963000,-67.197600,GOES-19,2026-10-06 19:00:00
-9.517400,-67.173000,GOES-19,2026-10-06 15:50:00
-9.517400,-67.173000,GOES-19,2026-10-06 16:00:00
-9.443500,-67.082200,GOES-19,2026-10-06 17:40:00
-9.443500,-67.082200,GOES-19,2026-10-06 18:00:00
-9.443500,-67.082200,GOES-19,2026-10-06 18:10:00
-9.443500,-67.082200,GOES-19,2026-10-06 18:20:00
-9.443500,-67.082200,GOES-19,2026-10-06 19:00:00
-8.592100,-67.049100,GOES-19,2026-10-06 19:00:00
-8.629100,-67.048200,GOES-19,2026-10-06 17:20:00
-8.629100,-67.048200,GOES-19,2026-10-06 17:30:00
-8.980600,-67.020500,GOES-19,2026-10-06 15:50:00
-9.778600,-66.849400,GOES-19,2026-10-06 14:10:00
-9.778600,-66.849400,GOES-19,2026-10-06 14:30:00
-8.907600,-66.744000,GOES-19,2026-10-06 19:10:00
-8.907600,-66.744000,GOES-19,2026-10-06 19:20:00
-8.907600,-66.744000,GOES-19,2026-10-06 19:30:00
-8.907600,-66.744000,GOES-19,2026-10-06 19:40:00
-8.907600,-66.744000,GOES-19,2026-10-06 19:50:00
-8.797100,-66.617000,GOES-19,2026-10-06 19:40:00
-9.371900,-66.470400,GOES-19,2026-10-06 18:00:00
-9.188600,-65.991500,GOES-19,2026-10-06 15:10:00
-9.188600,-65.991500,GOES-19,2026-10-06 15:20:00
-9.188600,-65.991500,GOES-19,2026-10-06 15:30:00
-9.188600,-65.991500,GOES-19,2026-10-06 15:40:00
-9.188600,-65.991500,GOES-19,2026-10-06 18:40:00
-9.188600,-65.991500,GOES-19,2026-10-06 18:50:00
-9.188600,-65.991500,GOES-19,2026-10-06 19:20:00
-9.170100,-65.992100,GOES-19,2026-10-06 15:40:00
-9.170100,-65.992100,GOES-19,2026-10-06 15:50:00
-9.170100,-65.992100,GOES-19,2026-10-06 16:00:00
-9.151900,-65.918100,GOES-19,2026-10-06 13:20:00
-9.151900,-65.918100,GOES-19,2026-10-06 13:30:00
-9.151900,-65.918100,GOES-19,2026-10-06 13:40:00
-9.151900,-65.918100,GOES-19,2026-10-06 14:20:00
-9.151900,-65.918100,GOES-19,2026-10-06 14:40:00
-9.151900,-65.918100,GOES-19,2026-10-06 14:50:00
-9.151900,-65.918100,GOES-19,2026-10-06 18:00:00
-9.151900,-65.918100,GOES-19,2026-10-06 18:30:00
-9.040700,-65.921500,GOES-19,2026-10-06 14:40:00
-9.040700,-65.921500,GOES-19,2026-10-06 14:50:00
-9.040700,-65.921500,GOES-19,2026-10-06 15:40:00
-9.040700,-65.921500,GOES-19,2026-10-06 15:50:00
-9.040700,-65.921500,GOES-19,2026-10-06 16:00:00
-9.040700,-65.921500,GOES-19,2026-10-06 18:20:00
-9.040700,-65.921500,GOES-19,2026-10-06 18:30:00
-9.040700,-65.921500,GOES-19,2026-10-06 18:40:00
-9.040700,-65.921500,GOES-19,2026-10-06 18:50:00
-9.040700,-65.921500,GOES-19,2026-10-06 19:10:00
-9.040700,-65.921500,GOES-19,2026-10-06 19:30:00
-9.059200,-65.920900,GOES-19,2026-10-06 18:20:00
-9.059200,-65.920900,GOES-19,2026-10-06 18:30:00
-9.059200,-65.920900,GOES-19,2026-10-06 18:50:00
-9.059200,-65.920900,GOES-19,2026-10-06 19:20:00
-9.265600,-65.372800,GOES-19,2026-10-06 15:00:00
-9.265600,-65.372800,GOES-19,2026-10-06 15:10:00
-9.265600,-65.372800,GOES-19,2026-10-06 15:20:00
-9.265600,-65.372800,GOES-19,2026-10-06 15:30:00
-9.265600,-65.372800,GOES-19,2026-10-06 15:40:00
-9.265600,-65.372800,GOES-19,2026-10-06 15:50:00
-9.265700,-65.354100,GOES-19,2026-10-06 15:10:00
-9.265700,-65.354100,GOES-19,2026-10-06 15:30:00
-9.136200,-65.302200,GOES-19,2026-10-06 18:30:00
-9.136200,-65.302200,GOES-19,2026-10-06 19:00:00
-2.954500,-65.417500,GOES-19,2026-10-06 18:00:00
-2.972700,-65.417400,GOES-19,2026-10-06 18:00:00
-9.750300,-64.999900,GOES-19,2026-10-06 18:40:00
-3.064300,-65.084200,GOES-19,2026-10-06 18:20:00
-3.064300,-65.084200,GOES-19,2026-10-06 18:30:00
-3.064300,-65.084200,GOES-19,2026-10-06 18:40:00
-3.064300,-65.084200,GOES-19,2026-10-06 18:50:00
-3.064300,-65.084200,GOES-19,2026-10-06 19:00:00
-3.064300,-65.084200,GOES-19,2026-10-06 19:10:00
-9.754000,-64.304100,GOES-19,2026-10-06 19:00:00
-9.754100,-64.285300,GOES-19,2026-10-06 18:20:00
-9.754100,-64.285300,GOES-19,2026-10-06 18:50:00
-9.754100,-64.285300,GOES-19,2026-10-06 19:00:00
-9.754100,-64.285300,GOES-19,2026-10-06 19:10:00
-3.667100,-64.317300,GOES-19,2026-10-06 16:10:00
-8.905400,-63.337800,GOES-19,2026-10-06 17:40:00
-8.905400,-63.337800,GOES-19,2026-10-06 17:50:00
-8.905400,-63.337800,GOES-19,2026-10-06 18:10:00
-9.468000,-62.385700,GOES-19,2026-10-06 19:30:00
3.128000,-60.613000,GOES-19,2026-10-06 14:30:00
-2.313400,-57.089400,GOES-19,2026-10-06 15:10:00
-2.313500,-57.069900,GOES-19,2026-10-06 15:20:00
1.564900,-56.002600,GOES-19,2026-10-06 14:30:00
1.564900,-56.002600,GOES-19,2026-10-06 15:00:00
1.564900,-56.002600,GOES-19,2026-10-06 15:10:00
1.564900,-56.002600,GOES-19,2026-10-06 15:30:00
1.564900,-56.002600,GOES-19,2026-10-06 17:40:00
1.546600,-56.002800,GOES-19,2026-10-06 17:40:00
1.546600,-56.002800,GOES-19,2026-10-06 18:40:00
1.528300,-56.003000,GOES-19,2026-10-06 18:00:00
1.528300,-56.003000,GOES-19,2026-10-06 18:50:00
1.546600,-55.983100,GOES-19,2026-10-06 15:50:00
1.546600,-55.983100,GOES-19,2026-10-06 16:00:00
1.546600,-55.983100,GOES-19,2026-10-06 16:10:00
2.297700,-55.933200,GOES-19,2026-10-06 15:00:00
2.297700,-55.933200,GOES-19,2026-10-06 15:50:00
2.297700,-55.933200,GOES-19,2026-10-06 16:00:00
1.986300,-55.898600,GOES-19,2026-10-06 14:10:00
1.986300,-55.898600,GOES-19,2026-10-06 15:00:00
2.242900,-55.874900,GOES-19,2026-10-06 18:30:00
2.242900,-55.874900,GOES-19,2026-10-06 18:50:00
2.224600,-55.875200,GOES-19,2026-10-06 18:00:00
2.224600,-55.875200,GOES-19,2026-10-06 18:20:00
2.224600,-55.875200,GOES-19,2026-10-06 18:30:00
2.224600,-55.875200,GOES-19,2026-10-06 18:50:00
2.242900,-55.855200,GOES-19,2026-10-06 13:20:00
2.242900,-55.855200,GOES-19,2026-10-06 13:40:00
2.242900,-55.855200,GOES-19,2026-10-06 13:50:00
2.242900,-55.855200,GOES-19,2026-10-06 14:00:00
2.242900,-55.855200,GOES-19,2026-10-06 14:10:00
2.242900,-55.855200,GOES-19,2026-10-06 14:20:00
2.242900,-55.855200,GOES-19,2026-10-06 15:40:00
2.242900,-55.855200,GOES-19,2026-10-06 16:10:00
2.242900,-55.855200,GOES-19,2026-10-06 16:20:00
2.242900,-55.855200,GOES-19,2026-10-06 17:40:00
2.242900,-55.855200,GOES-19,2026-10-06 17:50:00
2.242900,-55.855200,GOES-19,2026-10-06 18:00:00
2.242900,-55.855200,GOES-19,2026-10-06 18:10:00
2.242900,-55.855200,GOES-19,2026-10-06 18:20:00
2.242900,-55.855200,GOES-19,2026-10-06 18:30:00
2.242900,-55.855200,GOES-19,2026-10-06 18:40:00
2.242900,-55.855200,GOES-19,2026-10-06 18:50:00
2.224600,-55.855500,GOES-19,2026-10-06 13:50:00
2.224600,-55.855500,GOES-19,2026-10-06 14:00:00
2.224600,-55.855500,GOES-19,2026-10-06 14:10:00
2.224600,-55.855500,GOES-19,2026-10-06 14:20:00
2.224600,-55.855500,GOES-19,2026-10-06 16:00:00
2.224600,-55.855500,GOES-19,2026-10-06 16:10:00
2.224600,-55.855500,GOES-19,2026-10-06 17:20:00
2.224600,-55.855500,GOES-19,2026-10-06 17:30:00
2.224600,-55.855500,GOES-19,2026-10-06 17:50:00
2.224600,-55.855500,GOES-19,2026-10-06 18:00:00
2.224600,-55.855500,GOES-19,2026-10-06 18:20:00
2.224600,-55.855500,GOES-19,2026-10-06 18:50:00
2.243000,-55.835500,GOES-19,2026-10-06 13:40:00
1.492100,-55.727500,GOES-19,2026-10-06 15:40:00
1.492100,-55.707700,GOES-19,2026-10-06 15:30:00
1.492100,-55.707700,GOES-19,2026-10-06 18:20:00
1.492100,-55.707700,GOES-19,2026-10-06 18:30:00
1.510500,-55.687800,GOES-19,2026-10-06 18:50:00
1.492200,-55.688000,GOES-19,2026-10-06 13:00:00
1.492200,-55.688000,GOES-19,2026-10-06 13:10:00
1.492200,-55.688000,GOES-19,2026-10-06 13:40:00
1.712000,-55.645900,GOES-19,2026-10-06 15:50:00
1.730400,-55.625900,GOES-19,2026-10-06 15:20:00
1.730400,-55.625900,GOES-19,2026-10-06 15:30:00
1.730400,-55.625900,GOES-19,2026-10-06 15:40:00
1.730400,-55.625900,GOES-19,2026-10-06 15:50:00
1.712100,-55.626100,GOES-19,2026-10-06 15:00:00
1.712100,-55.626100,GOES-19,2026-10-06 15:10:00
1.712100,-55.626100,GOES-19,2026-10-06 15:30:00
1.712100,-55.626100,GOES-19,2026-10-06 15:50:00
1.712100,-55.626100,GOES-19,2026-10-06 16:00:00
1.712100,-55.626100,GOES-19,2026-10-06 18:00:00
1.712100,-55.626100,GOES-19,2026-10-06 18:10:00
1.712100,-55.626100,GOES-19,2026-10-06 18:20:00
1.712100,-55.626100,GOES-19,2026-10-06 18:30:00
1.712100,-55.626100,GOES-19,2026-10-06 18:40:00
1.748700,-55.605900,GOES-19,2026-10-06 15:20:00
1.748700,-55.605900,GOES-19,2026-10-06 15:30:00
1.748700,-55.605900,GOES-19,2026-10-06 15:40:00
1.748700,-55.605900,GOES-19,2026-10-06 15:50:00
1.730400,-55.606100,GOES-19,2026-10-06 15:20:00
1.730400,-55.606100,GOES-19,2026-10-06 15:30:00
1.730400,-55.606100,GOES-19,2026-10-06 15:40:00
1.730400,-55.606100,GOES-19,2026-10-06 15:50:00
1.712100,-55.606300,GOES-19,2026-10-06 19:00:00
1.785400,-55.585600,GOES-19,2026-10-06 15:20:00
1.767100,-55.585900,GOES-19,2026-10-06 15:20:00
1.767100,-55.585900,GOES-19,2026-10-06 15:30:00
1.767100,-55.585900,GOES-19,2026-10-06 15:40:00
1.785400,-55.565800,GOES-19,2026-10-06 15:20:00
1.785400,-55.565800,GOES-19,2026-10-06 15:30:00
1.785400,-55.565800,GOES-19,2026-10-06 15:40:00
1.767100,-55.566100,GOES-19,2026-10-06 13:50:00
1.767100,-55.566100,GOES-19,2026-10-06 15:20:00
1.767100,-55.566100,GOES-19,2026-10-06 18:10:00
1.803800,-55.545800,GOES-19,2026-10-06 15:30:00
1.803800,-55.545800,GOES-19,2026-10-06 15:40:00
1.785500,-55.546100,GOES-19,2026-10-06 15:20:00
1.785500,-55.546100,GOES-19,2026-10-06 15:30:00
1.785500,-55.546100,GOES-19,2026-10-06 15:40:00
-3.494300,-54.656700,GOES-19,2026-10-06 22:10:00
-3.494300,-54.656700,GOES-19,2026-10-06 22:20:00
-3.494300,-54.656700,GOES-19,2026-10-06 22:30:00
-3.494300,-54.656700,GOES-19,2026-10-06 22:40:00
-3.494300,-54.656700,GOES-19,2026-10-06 22:50:00
-3.494300,-54.656700,GOES-19,2026-10-06 23:00:00
-3.494300,-54.656700,GOES-19,2026-10-06 23:10:00
-3.494300,-54.656700,GOES-19,2026-10-06 23:20:00
-3.494300,-54.656700,GOES-19,2026-10-06 23:40:00
-3.494300,-54.656700,GOES-19,2026-10-06 23:50:00
-3.512700,-54.656200,GOES-19,2026-10-06 22:10:00
-3.512700,-54.656200,GOES-19,2026-10-06 22:20:00
-3.512700,-54.656200,GOES-19,2026-10-06 22:30:00
-3.512700,-54.656200,GOES-19,2026-10-06 22:40:00
-3.512700,-54.656200,GOES-19,2026-10-06 22:50:00
-3.512700,-54.656200,GOES-19,2026-10-06 23:00:00
-3.512700,-54.656200,GOES-19,2026-10-06 23:10:00
-3.512700,-54.656200,GOES-19,2026-10-06 23:20:00
-3.512700,-54.656200,GOES-19,2026-10-06 23:30:00
-3.512700,-54.656200,GOES-19,2026-10-06 23:40:00
-3.512700,-54.656200,GOES-19,2026-10-06 23:50:00
-3.531000,-54.655700,GOES-19,2026-10-06 22:10:00
-3.531000,-54.655700,GOES-19,2026-10-06 22:20:00
-3.531000,-54.655700,GOES-19,2026-10-06 22:30:00
-3.531000,-54.655700,GOES-19,2026-10-06 22:40:00
-3.531000,-54.655700,GOES-19,2026-10-06 22:50:00
-3.531000,-54.655700,GOES-19,2026-10-06 23:00:00
-3.531000,-54.655700,GOES-19,2026-10-06 23:10:00
-3.531000,-54.655700,GOES-19,2026-10-06 23:20:00
-3.531000,-54.655700,GOES-19,2026-10-06 23:30:00
-3.531000,-54.655700,GOES-19,2026-10-06 23:40:00
-3.531000,-54.655700,GOES-19,2026-10-06 23:50:00
-3.494300,-54.636700,GOES-19,2026-10-06 22:10:00
-3.494300,-54.636700,GOES-19,2026-10-06 22:20:00
-3.494300,-54.636700,GOES-19,2026-10-06 22:30:00
-3.494300,-54.636700,GOES-19,2026-10-06 22:40:00
-3.494300,-54.636700,GOES-19,2026-10-06 22:50:00
-3.494300,-54.636700,GOES-19,2026-10-06 23:00:00
-3.494300,-54.636700,GOES-19,2026-10-06 23:10:00
-3.494300,-54.636700,GOES-19,2026-10-06 23:20:00
-3.494300,-54.636700,GOES-19,2026-10-06 23:30:00
-3.494300,-54.636700,GOES-19,2026-10-06 23:40:00
-3.494300,-54.636700,GOES-19,2026-10-06 23:50:00
-3.512700,-54.636200,GOES-19,2026-10-06 22:10:00
-3.512700,-54.636200,GOES-19,2026-10-06 22:20:00
-3.512700,-54.636200,GOES-19,2026-10-06 22:30:00
-3.512700,-54.636200,GOES-19,2026-10-06 22:40:00
-3.512700,-54.636200,GOES-19,2026-10-06 22:50:00
-3.512700,-54.636200,GOES-19,2026-10-06 23:00:00
-3.512700,-54.636200,GOES-19,2026-10-06 23:10:00
-3.512700,-54.636200,GOES-19,2026-10-06 23:20:00
-3.512700,-54.636200,GOES-19,2026-10-06 23:30:00
-3.512700,-54.636200,GOES-19,2026-10-06 23:40:00
-3.512700,-54.636200,GOES-19,2026-10-06 23:50:00
-3.531100,-54.635700,GOES-19,2026-10-06 22:10:00
-3.531100,-54.635700,GOES-19,2026-10-06 22:20:00
-3.531100,-54.635700,GOES-19,2026-10-06 22:30:00
-3.531100,-54.635700,GOES-19,2026-10-06 22:40:00
-3.531100,-54.635700,GOES-19,2026-10-06 22:50:00
-3.531100,-54.635700,GOES-19,2026-10-06 23:00:00
-3.531100,-54.635700,GOES-19,2026-10-06 23:10:00
-3.531100,-54.635700,GOES-19,2026-10-06 23:20:00
-3.531100,-54.635700,GOES-19,2026-10-06 23:30:00
-3.531100,-54.635700,GOES-19,2026-10-06 23:40:00
-3.531100,-54.635700,GOES-19,2026-10-06 23:50:00
-3.494400,-54.616700,GOES-19,2026-10-06 22:10:00
-3.494400,-54.616700,GOES-19,2026-10-06 22:20:00
-3.494400,-54.616700,GOES-19,2026-10-06 22:30:00
-3.494400,-54.616700,GOES-19,2026-10-06 22:40:00
-3.494400,-54.616700,GOES-19,2026-10-06 22:50:00
-3.494400,-54.616700,GOES-19,2026-10-06 23:00:00
-3.494400,-54.616700,GOES-19,2026-10-06 23:20:00
-3.494400,-54.616700,GOES-19,2026-10-06 23:30:00
-3.494400,-54.616700,GOES-19,2026-10-06 23:40:00
-3.494400,-54.616700,GOES-19,2026-10-06 23:50:00
-2.136100,-54.447100,GOES-19,2026-10-06 15:10:00
-3.091300,-54.307000,GOES-19,2026-10-06 22:10:00
-3.091300,-54.307000,GOES-19,2026-10-06 22:20:00
-3.091300,-54.307000,GOES-19,2026-10-06 22:30:00
-3.091300,-54.307000,GOES-19,2026-10-06 22:40:00
-3.091300,-54.307000,GOES-19,2026-10-06 22:50:00
-3.091300,-54.307000,GOES-19,2026-10-06 23:00:00
-3.091300,-54.307000,GOES-19,2026-10-06 23:10:00
-3.091300,-54.307000,GOES-19,2026-10-06 23:20:00
-3.091300,-54.307000,GOES-19,2026-10-06 23:30:00
-3.091300,-54.307000,GOES-19,2026-10-06 23:40:00
-3.091300,-54.307000,GOES-19,2026-10-06 23:50:00
-3.073000,-54.287400,GOES-19,2026-10-06 22:10:00
-3.073000,-54.287400,GOES-19,2026-10-06 22:20:00
-3.073000,-54.287400,GOES-19,2026-10-06 22:30:00
-3.073000,-54.287400,GOES-19,2026-10-06 22:40:00
-3.073000,-54.287400,GOES-19,2026-10-06 22:50:00
-3.073000,-54.287400,GOES-19,2026-10-06 23:00:00
-3.073000,-54.287400,GOES-19,2026-10-06 23:10:00
-3.073000,-54.287400,GOES-19,2026-10-06 23:20:00
-3.073000,-54.287400,GOES-19,2026-10-06 23:30:00
-3.073000,-54.287400,GOES-19,2026-10-06 23:40:00
-3.073000,-54.287400,GOES-19,2026-10-06 23:50:00
-3.091300,-54.287000,GOES-19,2026-10-06 22:10:00
-3.091300,-54.287000,GOES-19,2026-10-06 22:20:00
-3.091300,-54.287000,GOES-19,2026-10-06 22:30:00
-3.091300,-54.287000,GOES-19,2026-10-06 22:40:00
-3.091300,-54.287000,GOES-19,2026-10-06 22:50:00
-3.091300,-54.287000,GOES-19,2026-10-06 23:00:00
-3.091300,-54.287000,GOES-19,2026-10-06 23:10:00
-3.091300,-54.287000,GOES-19,2026-10-06 23:20:00
-3.091300,-54.287000,GOES-19,2026-10-06 23:30:00
-3.091300,-54.287000,GOES-19,2026-10-06 23:40:00
-3.091300,-54.287000,GOES-19,2026-10-06 23:50:00
-3.073000,-54.267400,GOES-19,2026-10-06 00:00:00
-3.073000,-54.267400,GOES-19,2026-10-06 00:10:00
-3.073000,-54.267400,GOES-19,2026-10-06 00:20:00
-3.073000,-54.267400,GOES-19,2026-10-06 00:40:00
-3.073000,-54.267400,GOES-19,2026-10-06 00:50:00
-3.073000,-54.267400,GOES-19,2026-10-06 01:00:00
-3.073000,-54.267400,GOES-19,2026-10-06 01:10:00
-3.073000,-54.267400,GOES-19,2026-10-06 01:20:00
-3.073000,-54.267400,GOES-19,2026-10-06 01:30:00
-3.073000,-54.267400,GOES-19,2026-10-06 01:40:00
-3.073000,-54.267400,GOES-19,2026-10-06 01:50:00
-3.073000,-54.267400,GOES-19,2026-10-06 02:00:00
-3.073000,-54.267400,GOES-19,2026-10-06 02:10:00
-3.073000,-54.267400,GOES-19,2026-10-06 02:20:00
-3.073000,-54.267400,GOES-19,2026-10-06 02:30:00
-3.073000,-54.267400,GOES-19,2026-10-06 02:40:00
-3.073000,-54.267400,GOES-19,2026-10-06 03:00:00
-3.073000,-54.267400,GOES-19,2026-10-06 03:30:00
-3.073000,-54.267400,GOES-19,2026-10-06 03:40:00
-3.073000,-54.267400,GOES-19,2026-10-06 22:10:00
-3.073000,-54.267400,GOES-19,2026-10-06 22:20:00
-3.073000,-54.267400,GOES-19,2026-10-06 22:30:00
-3.073000,-54.267400,GOES-19,2026-10-06 22:40:00
-3.073000,-54.267400,GOES-19,2026-10-06 22:50:00
-3.073000,-54.267400,GOES-19,2026-10-06 23:00:00
-3.073000,-54.267400,GOES-19,2026-10-06 23:10:00
-3.073000,-54.267400,GOES-19,2026-10-06 23:20:00
-3.073000,-54.267400,GOES-19,2026-10-06 23:30:00
-3.073000,-54.267400,GOES-19,2026-10-06 23:40:00
-3.073000,-54.267400,GOES-19,2026-10-06 23:50:00
-3.091400,-54.266900,GOES-19,2026-10-06 00:00:00
-3.091400,-54.266900,GOES-19,2026-10-06 00:10:00
-3.091400,-54.266900,GOES-19,2026-10-06 00:20:00
-3.091400,-54.266900,GOES-19,2026-10-06 00:40:00
-3.091400,-54.266900,GOES-19,2026-10-06 01:00:00
-3.091400,-54.266900,GOES-19,2026-10-06 01:10:00
-3.091400,-54.266900,GOES-19,2026-10-06 01:30:00
-3.091400,-54.266900,GOES-19,2026-10-06 01:40:00
-3.091400,-54.266900,GOES-19,2026-10-06 01:50:00
-3.091400,-54.266900,GOES-19,2026-10-06 02:10:00
-3.091400,-54.266900,GOES-19,2026-10-06 02:30:00
-3.091400,-54.266900,GOES-19,2026-10-06 02:40:00
-3.091400,-54.266900,GOES-19,2026-10-06 22:10:00
-3.091400,-54.266900,GOES-19,2026-10-06 22:20:00
-3.091400,-54.266900,GOES-19,2026-10-06 22:30:00
-3.091400,-54.266900,GOES-19,2026-10-06 22:40:00
-3.091400,-54.266900,GOES-19,2026-10-06 22:50:00
-3.091400,-54.266900,GOES-19,2026-10-06 23:00:00
-3.091400,-54.266900,GOES-19,2026-10-06 23:10:00
-3.091400,-54.266900,GOES-19,2026-10-06 23:20:00
-3.091400,-54.266900,GOES-19,2026-10-06 23:30:00
-3.091400,-54.266900,GOES-19,2026-10-06 23:40:00
-3.091400,-54.266900,GOES-19,2026-10-06 23:50:00
-3.054700,-54.247800,GOES-19,2026-10-06 00:00:00
-3.054700,-54.247800,GOES-19,2026-10-06 00:10:00
-3.054700,-54.247800,GOES-19,2026-10-06 00:20:00
-3.054700,-54.247800,GOES-19,2026-10-06 00:40:00
-3.054700,-54.247800,GOES-19,2026-10-06 00:50:00
-3.054700,-54.247800,GOES-19,2026-10-06 01:00:00
-3.054700,-54.247800,GOES-19,2026-10-06 01:10:00
-3.054700,-54.247800,GOES-19,2026-10-06 01:20:00
-3.054700,-54.247800,GOES-19,2026-10-06 01:40:00
-3.054700,-54.247800,GOES-19,2026-10-06 01:50:00
-3.054700,-54.247800,GOES-19,2026-10-06 02:00:00
-3.054700,-54.247800,GOES-19,2026-10-06 02:10:00
-3.054700,-54.247800,GOES-19,2026-10-06 02:20:00
-3.054700,-54.247800,GOES-19,2026-10-06 22:20:00
-3.073100,-54.247300,GOES-19,2026-10-06 00:00:00
-3.073100,-54.247300,GOES-19,2026-10-06 00:10:00
-3.073100,-54.247300,GOES-19,2026-10-06 00:20:00
-3.073100,-54.247300,GOES-19,2026-10-06 00:40:00
-3.073100,-54.247300,GOES-19,2026-10-06 00:50:00
-3.073100,-54.247300,GOES-19,2026-10-06 01:00:00
-3.073100,-54.247300,GOES-19,2026-10-06 01:10:00
-3.073100,-54.247300,GOES-19,2026-10-06 01:20:00
-3.073100,-54.247300,GOES-19,2026-10-06 01:30:00
-3.073100,-54.247300,GOES-19,2026-10-06 01:40:00
-3.073100,-54.247300,GOES-19,2026-10-06 01:50:00
-3.073100,-54.247300,GOES-19,2026-10-06 02:00:00
-3.073100,-54.247300,GOES-19,2026-10-06 02:10:00
-3.073100,-54.247300,GOES-19,2026-10-06 02:20:00
-3.073100,-54.247300,GOES-19,2026-10-06 02:30:00
-3.073100,-54.247300,GOES-19,2026-10-06 02:40:00
-3.073100,-54.247300,GOES-19,2026-10-06 03:00:00
-3.073100,-54.247300,GOES-19,2026-10-06 03:30:00
-3.073100,-54.247300,GOES-19,2026-10-06 03:40:00
-3.073100,-54.247300,GOES-19,2026-10-06 22:10:00
-3.073100,-54.247300,GOES-19,2026-10-06 22:20:00
-3.073100,-54.247300,GOES-19,2026-10-06 22:30:00
-3.073100,-54.247300,GOES-19,2026-10-06 22:40:00
-3.073100,-54.247300,GOES-19,2026-10-06 22:50:00
-3.073100,-54.247300,GOES-19,2026-10-06 23:00:00
-3.073100,-54.247300,GOES-19,2026-10-06 23:10:00
-3.073100,-54.247300,GOES-19,2026-10-06 23:20:00
-3.073100,-54.247300,GOES-19,2026-10-06 23:30:00
-3.073100,-54.247300,GOES-19,2026-10-06 23:40:00
-3.073100,-54.247300,GOES-19,2026-10-06 23:50:00
-3.091500,-54.246900,GOES-19,2026-10-06 00:00:00
-3.091500,-54.246900,GOES-19,2026-10-06 00:10:00
-3.091500,-54.246900,GOES-19,2026-10-06 00:20:00
-3.091500,-54.246900,GOES-19,2026-10-06 00:40:00
-3.091500,-54.246900,GOES-19,2026-10-06 00:50:00
-3.091500,-54.246900,GOES-19,2026-10-06 01:00:00
-3.091500,-54.246900,GOES-19,2026-10-06 01:10:00
-3.091500,-54.246900,GOES-19,2026-10-06 01:20:00
-3.091500,-54.246900,GOES-19,2026-10-06 01:30:00
-3.091500,-54.246900,GOES-19,2026-10-06 01:40:00
-3.091500,-54.246900,GOES-19,2026-10-06 01:50:00
-3.091500,-54.246900,GOES-19,2026-10-06 02:00:00
-3.091500,-54.246900,GOES-19,2026-10-06 02:10:00
-3.091500,-54.246900,GOES-19,2026-10-06 02:20:00
-3.091500,-54.246900,GOES-19,2026-10-06 02:30:00
-3.091500,-54.246900,GOES-19,2026-10-06 02:40:00
-3.091500,-54.246900,GOES-19,2026-10-06 03:00:00
-3.091500,-54.246900,GOES-19,2026-10-06 03:30:00
-3.091500,-54.246900,GOES-19,2026-10-06 03:40:00
-3.091500,-54.246900,GOES-19,2026-10-06 22:10:00
-3.091500,-54.246900,GOES-19,2026-10-06 22:20:00
-3.091500,-54.246900,GOES-19,2026-10-06 22:30:00
-3.091500,-54.246900,GOES-19,2026-10-06 22:40:00
-3.091500,-54.246900,GOES-19,2026-10-06 22:50:00
-3.091500,-54.246900,GOES-19,2026-10-06 23:00:00
-3.091500,-54.246900,GOES-19,2026-10-06 23:10:00
-3.091500,-54.246900,GOES-19,2026-10-06 23:20:00
-3.091500,-54.246900,GOES-19,2026-10-06 23:30:00
-3.091500,-54.246900,GOES-19,2026-10-06 23:40:00
-3.091500,-54.246900,GOES-19,2026-10-06 23:50:00
-3.054800,-54.227700,GOES-19,2026-10-06 00:00:00
-3.054800,-54.227700,GOES-19,2026-10-06 00:10:00
-3.054800,-54.227700,GOES-19,2026-10-06 00:20:00
-3.054800,-54.227700,GOES-19,2026-10-06 00:40:00
-3.054800,-54.227700,GOES-19,2026-10-06 00:50:00
-3.054800,-54.227700,GOES-19,2026-10-06 01:00:00
-3.054800,-54.227700,GOES-19,2026-10-06 01:10:00
-3.054800,-54.227700,GOES-19,2026-10-06 01:20:00
-3.054800,-54.227700,GOES-19,2026-10-06 01:30:00
-3.054800,-54.227700,GOES-19,2026-10-06 01:40:00
-3.054800,-54.227700,GOES-19,2026-10-06 01:50:00
-3.054800,-54.227700,GOES-19,2026-10-06 02:00:00
-3.054800,-54.227700,GOES-19,2026-10-06 02:10:00
-3.054800,-54.227700,GOES-19,2026-10-06 02:20:00
-3.054800,-54.227700,GOES-19,2026-10-06 02:30:00
-3.054800,-54.227700,GOES-19,2026-10-06 02:40:00
-3.054800,-54.227700,GOES-19,2026-10-06 03:00:00
-3.054800,-54.227700,GOES-19,2026-10-06 03:30:00
-3.054800,-54.227700,GOES-19,2026-10-06 03:40:00
-3.054800,-54.227700,GOES-19,2026-10-06 22:10:00
-3.054800,-54.227700,GOES-19,2026-10-06 22:20:00
-3.054800,-54.227700,GOES-19,2026-10-06 22:30:00
-3.054800,-54.227700,GOES-19,2026-10-06 22:40:00
-3.054800,-54.227700,GOES-19,2026-10-06 23:00:00
-3.054800,-54.227700,GOES-19,2026-10-06 23:10:00
-3.073200,-54.227300,GOES-19,2026-10-06 00:00:00
-3.073200,-54.227300,GOES-19,2026-10-06 00:10:00
-3.073200,-54.227300,GOES-19,2026-10-06 00:20:00
-3.073200,-54.227300,GOES-19,2026-10-06 00:40:00
-3.073200,-54.227300,GOES-19,2026-10-06 00:50:00
-3.073200,-54.227300,GOES-19,2026-10-06 01:00:00
-3.073200,-54.227300,GOES-19,2026-10-06 01:10:00
-3.073200,-54.227300,GOES-19,2026-10-06 01:20:00
-3.073200,-54.227300,GOES-19,2026-10-06 01:30:00
-3.073200,-54.227300,GOES-19,2026-10-06 01:40:00
-3.073200,-54.227300,GOES-19,2026-10-06 01:50:00
-3.073200,-54.227300,GOES-19,2026-10-06 02:00:00
-3.073200,-54.227300,GOES-19,2026-10-06 02:10:00
-3.073200,-54.227300,GOES-19,2026-10-06 02:20:00
-3.073200,-54.227300,GOES-19,2026-10-06 02:30:00
-3.073200,-54.227300,GOES-19,2026-10-06 02:40:00
-3.073200,-54.227300,GOES-19,2026-10-06 03:00:00
-3.073200,-54.227300,GOES-19,2026-10-06 03:30:00
-3.091500,-54.226800,GOES-19,2026-10-06 00:00:00
-3.091500,-54.226800,GOES-19,2026-10-06 00:10:00
-3.091500,-54.226800,GOES-19,2026-10-06 00:20:00
-3.091500,-54.226800,GOES-19,2026-10-06 00:40:00
-3.091500,-54.226800,GOES-19,2026-10-06 01:00:00
-3.054800,-54.207600,GOES-19,2026-10-06 00:00:00
-3.054800,-54.207600,GOES-19,2026-10-06 00:10:00
-3.054800,-54.207600,GOES-19,2026-10-06 00:20:00
-3.054800,-54.207600,GOES-19,2026-10-06 00:40:00
-3.054800,-54.207600,GOES-19,2026-10-06 00:50:00
-3.054800,-54.207600,GOES-19,2026-10-06 01:00:00
-3.054800,-54.207600,GOES-19,2026-10-06 01:10:00
-3.054800,-54.207600,GOES-19,2026-10-06 01:20:00
-3.054800,-54.207600,GOES-19,2026-10-06 01:30:00
-3.054800,-54.207600,GOES-19,2026-10-06 01:40:00
-3.054800,-54.207600,GOES-19,2026-10-06 01:50:00
-3.054800,-54.207600,GOES-19,2026-10-06 02:00:00
-3.054800,-54.207600,GOES-19,2026-10-06 02:10:00
-3.054800,-54.207600,GOES-19,2026-10-06 02:20:00
-3.054800,-54.207600,GOES-19,2026-10-06 02:30:00
-3.054800,-54.207600,GOES-19,2026-10-06 02:40:00
-3.054800,-54.207600,GOES-19,2026-10-06 03:00:00
-3.054800,-54.207600,GOES-19,2026-10-06 03:30:00
-3.054800,-54.207600,GOES-19,2026-10-06 03:40:00
-3.054800,-54.207600,GOES-19,2026-10-06 22:10:00
-3.054800,-54.207600,GOES-19,2026-10-06 22:30:00
-3.054800,-54.207600,GOES-19,2026-10-06 22:40:00
-3.054800,-54.207600,GOES-19,2026-10-06 23:00:00
-3.054800,-54.207600,GOES-19,2026-10-06 23:10:00
-2.944700,-54.190200,GOES-19,2026-10-06 22:10:00
-2.944700,-54.190200,GOES-19,2026-10-06 22:20:00
-2.944700,-54.190200,GOES-19,2026-10-06 22:30:00
-2.944700,-54.190200,GOES-19,2026-10-06 22:50:00
-2.944700,-54.190200,GOES-19,2026-10-06 23:00:00
-2.944700,-54.190200,GOES-19,2026-10-06 23:10:00
-2.944700,-54.190200,GOES-19,2026-10-06 23:20:00
-3.073300,-54.187100,GOES-19,2026-10-06 00:00:00
-3.073300,-54.187100,GOES-19,2026-10-06 00:10:00
-3.073300,-54.187100,GOES-19,2026-10-06 00:20:00
-3.073300,-54.187100,GOES-19,2026-10-06 00:40:00
-3.073300,-54.187100,GOES-19,2026-10-06 00:50:00
-3.073300,-54.187100,GOES-19,2026-10-06 01:00:00
-3.073300,-54.187100,GOES-19,2026-10-06 01:10:00
-3.073300,-54.187100,GOES-19,2026-10-06 01:20:00
-3.073300,-54.187100,GOES-19,2026-10-06 01:30:00
-3.073300,-54.187100,GOES-19,2026-10-06 01:40:00
-3.073300,-54.187100,GOES-19,2026-10-06 01:50:00
-3.073300,-54.187100,GOES-19,2026-10-06 02:00:00
-3.073300,-54.187100,GOES-19,2026-10-06 02:30:00
-3.073300,-54.187100,GOES-19,2026-10-06 02:40:00
-3.073300,-54.187100,GOES-19,2026-10-06 03:00:00
-3.073300,-54.187100,GOES-19,2026-10-06 03:30:00
-3.073300,-54.187100,GOES-19,2026-10-06 03:40:00
-3.091700,-54.186700,GOES-19,2026-10-06 00:00:00
-3.091700,-54.186700,GOES-19,2026-10-06 00:10:00
-3.091700,-54.186700,GOES-19,2026-10-06 00:20:00
-3.091700,-54.186700,GOES-19,2026-10-06 00:40:00
-3.091700,-54.186700,GOES-19,2026-10-06 00:50:00
-3.091700,-54.186700,GOES-19,2026-10-06 01:00:00
-3.091700,-54.186700,GOES-19,2026-10-06 01:10:00
-3.091700,-54.186700,GOES-19,2026-10-06 01:20:00
-3.091700,-54.186700,GOES-19,2026-10-06 01:30:00
-3.091700,-54.186700,GOES-19,2026-10-06 01:40:00
-3.091700,-54.186700,GOES-19,2026-10-06 01:50:00
-3.091700,-54.186700,GOES-19,2026-10-06 02:00:00
-3.091700,-54.186700,GOES-19,2026-10-06 02:30:00
-3.091700,-54.186700,GOES-19,2026-10-06 02:40:00
-3.091700,-54.186700,GOES-19,2026-10-06 03:00:00
-3.091700,-54.186700,GOES-19,2026-10-06 03:40:00
-3.110000,-54.186200,GOES-19,2026-10-06 01:00:00
-3.110000,-54.186200,GOES-19,2026-10-06 01:10:00
-3.110000,-54.186200,GOES-19,2026-10-06 01:20:00
-3.110000,-54.186200,GOES-19,2026-10-06 02:40:00
-2.871200,-54.171900,GOES-19,2026-10-06 02:00:00
-2.926400,-54.170600,GOES-19,2026-10-06 22:10:00
-2.926400,-54.170600,GOES-19,2026-10-06 22:20:00
-2.926400,-54.170600,GOES-19,2026-10-06 22:30:00
-2.926400,-54.170600,GOES-19,2026-10-06 22:40:00
-2.926400,-54.170600,GOES-19,2026-10-06 22:50:00
-2.926400,-54.170600,GOES-19,2026-10-06 23:00:00
-2.926400,-54.170600,GOES-19,2026-10-06 23:10:00
-2.926400,-54.170600,GOES-19,2026-10-06 23:20:00
-2.944700,-54.170200,GOES-19,2026-10-06 22:10:00
-2.944700,-54.170200,GOES-19,2026-10-06 22:20:00
-2.944700,-54.170200,GOES-19,2026-10-06 22:30:00
-2.944700,-54.170200,GOES-19,2026-10-06 22:40:00
-2.944700,-54.170200,GOES-19,2026-10-06 22:50:00
-2.944700,-54.170200,GOES-19,2026-10-06 23:00:00
-2.944700,-54.170200,GOES-19,2026-10-06 23:10:00
-2.944700,-54.170200,GOES-19,2026-10-06 23:20:00
-3.055000,-54.167500,GOES-19,2026-10-06 00:00:00
-3.055000,-54.167500,GOES-19,2026-10-06 00:10:00
-3.055000,-54.167500,GOES-19,2026-10-06 00:20:00
-3.055000,-54.167500,GOES-19,2026-10-06 00:40:00
-3.055000,-54.167500,GOES-19,2026-10-06 00:50:00
-3.055000,-54.167500,GOES-19,2026-10-06 01:00:00
-3.055000,-54.167500,GOES-19,2026-10-06 01:10:00
-3.055000,-54.167500,GOES-19,2026-10-06 01:20:00
-3.055000,-54.167500,GOES-19,2026-10-06 01:30:00
-3.055000,-54.167500,GOES-19,2026-10-06 01:40:00
-3.055000,-54.167500,GOES-19,2026-10-06 02:00:00
-3.055000,-54.167500,GOES-19,2026-10-06 22:10:00
-3.055000,-54.167500,GOES-19,2026-10-06 22:20:00
-3.055000,-54.167500,GOES-19,2026-10-06 22:30:00
-3.073400,-54.167000,GOES-19,2026-10-06 00:00:00
-3.073400,-54.167000,GOES-19,2026-10-06 00:10:00
-3.073400,-54.167000,GOES-19,2026-10-06 00:20:00
-3.073400,-54.167000,GOES-19,2026-10-06 00:40:00
-3.073400,-54.167000,GOES-19,2026-10-06 00:50:00
-3.073400,-54.167000,GOES-19,2026-10-06 01:00:00
-3.073400,-54.167000,GOES-19,2026-10-06 01:10:00
-3.073400,-54.167000,GOES-19,2026-10-06 01:20:00
-3.073400,-54.167000,GOES-19,2026-10-06 01:30:00
-3.073400,-54.167000,GOES-19,2026-10-06 01:40:00
-3.073400,-54.167000,GOES-19,2026-10-06 01:50:00
-3.073400,-54.167000,GOES-19,2026-10-06 02:00:00
-3.073400,-54.167000,GOES-19,2026-10-06 02:30:00
-3.073400,-54.167000,GOES-19,2026-10-06 02:40:00
-3.073400,-54.167000,GOES-19,2026-10-06 03:00:00
-3.073400,-54.167000,GOES-19,2026-10-06 03:30:00
-3.073400,-54.167000,GOES-19,2026-10-06 03:40:00
-3.073400,-54.167000,GOES-19,2026-10-06 22:10:00
-3.073400,-54.167000,GOES-19,2026-10-06 22:20:00
-3.091700,-54.166600,GOES-19,2026-10-06 00:00:00
-3.091700,-54.166600,GOES-19,2026-10-06 00:10:00
-3.091700,-54.166600,GOES-19,2026-10-06 00:20:00
-3.091700,-54.166600,GOES-19,2026-10-06 00:40:00
-3.091700,-54.166600,GOES-19,2026-10-06 00:50:00
-3.091700,-54.166600,GOES-19,2026-10-06 01:00:00
-3.091700,-54.166600,GOES-19,2026-10-06 01:10:00
-3.091700,-54.166600,GOES-19,2026-10-06 01:20:00
-3.091700,-54.166600,GOES-19,2026-10-06 01:30:00
-3.091700,-54.166600,GOES-19,2026-10-06 01:40:00
-3.091700,-54.166600,GOES-19,2026-10-06 01:50:00
-3.091700,-54.166600,GOES-19,2026-10-06 02:00:00
-3.091700,-54.166600,GOES-19,2026-10-06 02:30:00
-3.091700,-54.166600,GOES-19,2026-10-06 02:40:00
-3.091700,-54.166600,GOES-19,2026-10-06 03:00:00
-3.091700,-54.166600,GOES-19,2026-10-06 03:30:00
-3.091700,-54.166600,GOES-19,2026-10-06 03:40:00
-3.091700,-54.166600,GOES-19,2026-10-06 22:10:00
-3.091700,-54.166600,GOES-19,2026-10-06 22:20:00
-3.110100,-54.166100,GOES-19,2026-10-06 00:00:00
-3.110100,-54.166100,GOES-19,2026-10-06 00:20:00
-3.110100,-54.166100,GOES-19,2026-10-06 00:40:00
-3.110100,-54.166100,GOES-19,2026-10-06 01:00:00
-3.110100,-54.166100,GOES-19,2026-10-06 01:10:00
-3.110100,-54.166100,GOES-19,2026-10-06 01:20:00
-3.110100,-54.166100,GOES-19,2026-10-06 01:30:00
-3.110100,-54.166100,GOES-19,2026-10-06 01:40:00
-3.110100,-54.166100,GOES-19,2026-10-06 01:50:00
-3.110100,-54.166100,GOES-19,2026-10-06 02:00:00
-3.110100,-54.166100,GOES-19,2026-10-06 02:30:00
-3.110100,-54.166100,GOES-19,2026-10-06 02:40:00
-3.110100,-54.166100,GOES-19,2026-10-06 03:00:00
-3.110100,-54.166100,GOES-19,2026-10-06 22:10:00
-3.110100,-54.166100,GOES-19,2026-10-06 22:20:00
-3.018300,-54.148300,GOES-19,2026-10-06 22:20:00
-3.018300,-54.148300,GOES-19,2026-10-06 22:30:00
-3.018300,-54.148300,GOES-19,2026-10-06 22:40:00
-3.018300,-54.148300,GOES-19,2026-10-06 22:50:00
-3.055000,-54.147400,GOES-19,2026-10-06 00:00:00
-3.055000,-54.147400,GOES-19,2026-10-06 00:20:00
-3.055000,-54.147400,GOES-19,2026-10-06 22:10:00
-3.055000,-54.147400,GOES-19,2026-10-06 22:20:00
-3.055000,-54.147400,GOES-19,2026-10-06 22:30:00
-3.073400,-54.147000,GOES-19,2026-10-06 00:00:00
-3.073400,-54.147000,GOES-19,2026-10-06 00:10:00
-3.073400,-54.147000,GOES-19,2026-10-06 00:20:00
-3.073400,-54.147000,GOES-19,2026-10-06 00:40:00
-3.073400,-54.147000,GOES-19,2026-10-06 00:50:00
-3.073400,-54.147000,GOES-19,2026-10-06 01:00:00
-3.073400,-54.147000,GOES-19,2026-10-06 01:10:00
-3.073400,-54.147000,GOES-19,2026-10-06 01:20:00
-3.073400,-54.147000,GOES-19,2026-10-06 01:30:00
-3.073400,-54.147000,GOES-19,2026-10-06 01:40:00
-3.073400,-54.147000,GOES-19,2026-10-06 01:50:00
-3.073400,-54.147000,GOES-19,2026-10-06 02:00:00
-3.073400,-54.147000,GOES-19,2026-10-06 02:30:00
-3.073400,-54.147000,GOES-19,2026-10-06 03:00:00
-3.073400,-54.147000,GOES-19,2026-10-06 22:10:00
-3.091800,-54.146500,GOES-19,2026-10-06 00:00:00
-3.091800,-54.146500,GOES-19,2026-10-06 00:10:00
-3.091800,-54.146500,GOES-19,2026-10-06 00:20:00
-3.091800,-54.146500,GOES-19,2026-10-06 00:40:00
-3.091800,-54.146500,GOES-19,2026-10-06 00:50:00
-3.091800,-54.146500,GOES-19,2026-10-06 01:00:00
-3.091800,-54.146500,GOES-19,2026-10-06 01:10:00
-3.091800,-54.146500,GOES-19,2026-10-06 01:20:00
-3.091800,-54.146500,GOES-19,2026-10-06 01:30:00
-3.091800,-54.146500,GOES-19,2026-10-06 01:40:00
-3.091800,-54.146500,GOES-19,2026-10-06 22:10:00
-3.091800,-54.146500,GOES-19,2026-10-06 22:20:00
-3.110200,-54.146000,GOES-19,2026-10-06 15:20:00
-3.110200,-54.146000,GOES-19,2026-10-06 22:10:00
-3.110200,-54.146000,GOES-19,2026-10-06 22:20:00
-2.871300,-54.151800,GOES-19,2026-10-06 00:00:00
-2.871300,-54.151800,GOES-19,2026-10-06 00:10:00
-2.871300,-54.151800,GOES-19,2026-10-06 00:20:00
-2.871300,-54.151800,GOES-19,2026-10-06 01:30:00
-2.871300,-54.151800,GOES-19,2026-10-06 01:40:00
-2.871300,-54.151800,GOES-19,2026-10-06 02:00:00
-2.889700,-54.151400,GOES-19,2026-10-06 00:00:00
-2.889700,-54.151400,GOES-19,2026-10-06 00:10:00
-2.889700,-54.151400,GOES-19,2026-10-06 00:20:00
-2.889700,-54.151400,GOES-19,2026-10-06 01:30:00
-2.889700,-54.151400,GOES-19,2026-10-06 01:40:00
-2.889700,-54.151400,GOES-19,2026-10-06 02:00:00
-2.926400,-54.150500,GOES-19,2026-10-06 22:10:00
-2.926400,-54.150500,GOES-19,2026-10-06 22:20:00
-2.926400,-54.150500,GOES-19,2026-10-06 22:30:00
-2.926400,-54.150500,GOES-19,2026-10-06 22:40:00
-2.926400,-54.150500,GOES-19,2026-10-06 22:50:00
-2.926400,-54.150500,GOES-19,2026-10-06 23:00:00
-2.926400,-54.150500,GOES-19,2026-10-06 23:10:00
-2.926400,-54.150500,GOES-19,2026-10-06 23:20:00
-2.944800,-54.150100,GOES-19,2026-10-06 00:00:00
-2.944800,-54.150100,GOES-19,2026-10-06 00:10:00
-2.944800,-54.150100,GOES-19,2026-10-06 00:20:00
-2.944800,-54.150100,GOES-19,2026-10-06 00:40:00
-2.944800,-54.150100,GOES-19,2026-10-06 01:30:00
-2.944800,-54.150100,GOES-19,2026-10-06 01:40:00
-2.944800,-54.150100,GOES-19,2026-10-06 02:00:00
-2.944800,-54.150100,GOES-19,2026-10-06 22:10:00
-2.944800,-54.150100,GOES-19,2026-10-06 22:20:00
-2.944800,-54.150100,GOES-19,2026-10-06 22:30:00
-2.944800,-54.150100,GOES-19,2026-10-06 22:40:00
-2.944800,-54.150100,GOES-19,2026-10-06 22:50:00
-2.944800,-54.150100,GOES-19,2026-10-06 23:00:00
-2.944800,-54.150100,GOES-19,2026-10-06 23:10:00
-2.944800,-54.150100,GOES-19,2026-10-06 23:20:00
-2.963200,-54.149700,GOES-19,2026-10-06 00:00:00
-2.963200,-54.149700,GOES-19,2026-10-06 00:40:00
-2.871400,-54.131800,GOES-19,2026-10-06 00:00:00
-2.871400,-54.131800,GOES-19,2026-10-06 00:10:00
-2.871400,-54.131800,GOES-19,2026-10-06 00:20:00
-2.871400,-54.131800,GOES-19,2026-10-06 01:30:00
-2.871400,-54.131800,GOES-19,2026-10-06 01:40:00
-2.871400,-54.131800,GOES-19,2026-10-06 02:00:00
-2.889700,-54.131300,GOES-19,2026-10-06 00:00:00
-2.889700,-54.131300,GOES-19,2026-10-06 00:10:00
-2.889700,-54.131300,GOES-19,2026-10-06 00:20:00
-2.908100,-54.130900,GOES-19,2026-10-06 00:00:00
-2.908100,-54.130900,GOES-19,2026-10-06 00:10:00
-2.908100,-54.130900,GOES-19,2026-10-06 00:20:00
-2.908100,-54.130900,GOES-19,2026-10-06 01:30:00
-2.908100,-54.130900,GOES-19,2026-10-06 01:40:00
-2.908100,-54.130900,GOES-19,2026-10-06 02:00:00
-2.926500,-54.130500,GOES-19,2026-10-06 00:00:00
-2.926500,-54.130500,GOES-19,2026-10-06 00:10:00
-2.926500,-54.130500,GOES-19,2026-10-06 00:20:00
-2.926500,-54.130500,GOES-19,2026-10-06 00:40:00
-2.926500,-54.130500,GOES-19,2026-10-06 01:30:00
-2.926500,-54.130500,GOES-19,2026-10-06 01:40:00
-2.926500,-54.130500,GOES-19,2026-10-06 02:00:00
-2.926500,-54.130500,GOES-19,2026-10-06 22:10:00
-2.926500,-54.130500,GOES-19,2026-10-06 22:20:00
-2.926500,-54.130500,GOES-19,2026-10-06 22:30:00
-2.926500,-54.130500,GOES-19,2026-10-06 22:40:00
-2.926500,-54.130500,GOES-19,2026-10-06 22:50:00
-2.926500,-54.130500,GOES-19,2026-10-06 23:00:00
-2.926500,-54.130500,GOES-19,2026-10-06 23:10:00
-2.926500,-54.130500,GOES-19,2026-10-06 23:20:00
-2.944900,-54.130000,GOES-19,2026-10-06 00:00:00
-2.944900,-54.130000,GOES-19,2026-10-06 00:10:00
-2.944900,-54.130000,GOES-19,2026-10-06 00:20:00
-2.944900,-54.130000,GOES-19,2026-10-06 00:40:00
-2.944900,-54.130000,GOES-19,2026-10-06 01:30:00
-2.944900,-54.130000,GOES-19,2026-10-06 01:40:00
-2.944900,-54.130000,GOES-19,2026-10-06 02:00:00
-2.944900,-54.130000,GOES-19,2026-10-06 22:10:00
-2.944900,-54.130000,GOES-19,2026-10-06 22:20:00
-2.944900,-54.130000,GOES-19,2026-10-06 22:30:00
-2.944900,-54.130000,GOES-19,2026-10-06 22:40:00
-2.944900,-54.130000,GOES-19,2026-10-06 22:50:00
-2.944900,-54.130000,GOES-19,2026-10-06 23:00:00
-2.944900,-54.130000,GOES-19,2026-10-06 23:10:00
-2.944900,-54.130000,GOES-19,2026-10-06 23:20:00
-2.981600,-54.129100,GOES-19,2026-10-06 00:00:00
-2.981600,-54.129100,GOES-19,2026-10-06 00:40:00
-2.981600,-54.129100,GOES-19,2026-10-06 22:10:00
-2.981600,-54.129100,GOES-19,2026-10-06 22:20:00
-2.981600,-54.129100,GOES-19,2026-10-06 22:30:00
-2.981600,-54.129100,GOES-19,2026-10-06 22:40:00
-2.981600,-54.129100,GOES-19,2026-10-06 22:50:00
-3.000000,-54.128700,GOES-19,2026-10-06 00:00:00
-3.000000,-54.128700,GOES-19,2026-10-06 00:40:00
-3.000000,-54.128700,GOES-19,2026-10-06 22:10:00
-3.000000,-54.128700,GOES-19,2026-10-06 22:20:00
-3.000000,-54.128700,GOES-19,2026-10-06 22:30:00
-3.000000,-54.128700,GOES-19,2026-10-06 22:40:00
-3.000000,-54.128700,GOES-19,2026-10-06 22:50:00
-3.018400,-54.128200,GOES-19,2026-10-06 22:10:00
-3.018400,-54.128200,GOES-19,2026-10-06 22:20:00
-3.018400,-54.128200,GOES-19,2026-10-06 22:30:00
-3.018400,-54.128200,GOES-19,2026-10-06 22:40:00
-3.018400,-54.128200,GOES-19,2026-10-06 22:50:00
-2.779600,-54.113800,GOES-19,2026-10-06 22:10:00
-2.908200,-54.110800,GOES-19,2026-10-06 00:00:00
-2.908200,-54.110800,GOES-19,2026-10-06 00:10:00
-2.926500,-54.110400,GOES-19,2026-10-06 00:00:00
-2.926500,-54.110400,GOES-19,2026-10-06 00:10:00
-2.926500,-54.110400,GOES-19,2026-10-06 00:20:00
-2.926500,-54.110400,GOES-19,2026-10-06 00:40:00
-2.926500,-54.110400,GOES-19,2026-10-06 01:30:00
-2.926500,-54.110400,GOES-19,2026-10-06 01:40:00
-2.926500,-54.110400,GOES-19,2026-10-06 02:00:00
-2.944900,-54.109900,GOES-19,2026-10-06 00:00:00
-2.944900,-54.109900,GOES-19,2026-10-06 00:10:00
-2.944900,-54.109900,GOES-19,2026-10-06 22:10:00
-2.944900,-54.109900,GOES-19,2026-10-06 22:20:00
-2.944900,-54.109900,GOES-19,2026-10-06 22:30:00
-2.944900,-54.109900,GOES-19,2026-10-06 22:40:00
-2.944900,-54.109900,GOES-19,2026-10-06 22:50:00
-2.944900,-54.109900,GOES-19,2026-10-06 23:00:00
-2.944900,-54.109900,GOES-19,2026-10-06 23:10:00
-2.944900,-54.109900,GOES-19,2026-10-06 23:20:00
-2.963300,-54.109500,GOES-19,2026-10-06 22:10:00
-2.963300,-54.109500,GOES-19,2026-10-06 22:20:00
-2.963300,-54.109500,GOES-19,2026-10-06 22:30:00
-2.963300,-54.109500,GOES-19,2026-10-06 22:40:00
-2.981700,-54.109100,GOES-19,2026-10-06 00:00:00
-2.981700,-54.109100,GOES-19,2026-10-06 00:40:00
-2.981700,-54.109100,GOES-19,2026-10-06 22:10:00
-2.981700,-54.109100,GOES-19,2026-10-06 22:30:00
-2.981700,-54.109100,GOES-19,2026-10-06 22:50:00
-3.000100,-54.108600,GOES-19,2026-10-06 00:00:00
-3.000100,-54.108600,GOES-19,2026-10-06 00:40:00
-3.000100,-54.108600,GOES-19,2026-10-06 22:10:00
-3.000100,-54.108600,GOES-19,2026-10-06 22:20:00
-3.000100,-54.108600,GOES-19,2026-10-06 22:30:00
-3.000100,-54.108600,GOES-19,2026-10-06 22:40:00
-3.000100,-54.108600,GOES-19,2026-10-06 22:50:00
-2.761300,-54.094100,GOES-19,2026-10-06 15:20:00
-2.761300,-54.094100,GOES-19,2026-10-06 22:10:00
-2.779600,-54.093700,GOES-19,2026-10-06 22:10:00
-3.275800,-54.081500,GOES-19,2026-10-06 22:20:00
-3.275800,-54.081500,GOES-19,2026-10-06 22:30:00
-3.275800,-54.081500,GOES-19,2026-10-06 22:40:00
-3.275800,-54.081500,GOES-19,2026-10-06 22:50:00
-3.275800,-54.081500,GOES-19,2026-10-06 23:00:00
-3.275800,-54.081500,GOES-19,2026-10-06 23:10:00
-3.275800,-54.081500,GOES-19,2026-10-06 23:20:00
-3.275800,-54.081500,GOES-19,2026-10-06 23:30:00
-3.275800,-54.081500,GOES-19,2026-10-06 23:40:00
-3.275800,-54.081500,GOES-19,2026-10-06 23:50:00
-3.294200,-54.081000,GOES-19,2026-10-06 22:20:00
-3.294200,-54.081000,GOES-19,2026-10-06 22:30:00
-3.294200,-54.081000,GOES-19,2026-10-06 22:40:00
-3.294200,-54.081000,GOES-19,2026-10-06 22:50:00
-3.294200,-54.081000,GOES-19,2026-10-06 23:00:00
-3.294200,-54.081000,GOES-19,2026-10-06 23:10:00
-3.294200,-54.081000,GOES-19,2026-10-06 23:20:00
-3.294200,-54.081000,GOES-19,2026-10-06 23:30:00
-3.294200,-54.081000,GOES-19,2026-10-06 23:40:00
-3.294200,-54.081000,GOES-19,2026-10-06 23:50:00
-3.275900,-54.061400,GOES-19,2026-10-06 22:10:00
-3.275900,-54.061400,GOES-19,2026-10-06 22:20:00
-3.275900,-54.061400,GOES-19,2026-10-06 22:30:00
-3.275900,-54.061400,GOES-19,2026-10-06 22:40:00
-3.275900,-54.061400,GOES-19,2026-10-06 22:50:00
-3.275900,-54.061400,GOES-19,2026-10-06 23:00:00
-3.275900,-54.061400,GOES-19,2026-10-06 23:10:00
-3.275900,-54.061400,GOES-19,2026-10-06 23:20:00
-3.275900,-54.061400,GOES-19,2026-10-06 23:30:00
-3.275900,-54.061400,GOES-19,2026-10-06 23:40:00
-3.275900,-54.061400,GOES-19,2026-10-06 23:50:00
-2.761300,-54.074000,GOES-19,2026-10-06 22:10:00
-2.779700,-54.073600,GOES-19,2026-10-06 22:10:00
-3.294300,-54.060900,GOES-19,2026-10-06 22:10:00
-3.294300,-54.060900,GOES-19,2026-10-06 22:20:00
-3.294300,-54.060900,GOES-19,2026-10-06 22:30:00
-3.294300,-54.060900,GOES-19,2026-10-06 22:40:00
-3.294300,-54.060900,GOES-19,2026-10-06 22:50:00
-3.294300,-54.060900,GOES-19,2026-10-06 23:00:00
-3.294300,-54.060900,GOES-19,2026-10-06 23:10:00
-3.294300,-54.060900,GOES-19,2026-10-06 23:20:00
-3.294300,-54.060900,GOES-19,2026-10-06 23:30:00
-3.294300,-54.060900,GOES-19,2026-10-06 23:40:00
-3.294300,-54.060900,GOES-19,2026-10-06 23:50:00
-3.276000,-54.041300,GOES-19,2026-10-06 22:10:00
-3.276000,-54.041300,GOES-19,2026-10-06 22:20:00
-3.276000,-54.041300,GOES-19,2026-10-06 22:30:00
-3.276000,-54.041300,GOES-19,2026-10-06 22:40:00
-3.276000,-54.041300,GOES-19,2026-10-06 22:50:00
-3.276000,-54.041300,GOES-19,2026-10-06 23:00:00
-3.276000,-54.041300,GOES-19,2026-10-06 23:10:00
-3.276000,-54.041300,GOES-19,2026-10-06 23:20:00
-3.276000,-54.041300,GOES-19,2026-10-06 23:30:00
-3.276000,-54.041300,GOES-19,2026-10-06 23:40:00
-3.276000,-54.041300,GOES-19,2026-10-06 23:50:00
-3.294400,-54.040800,GOES-19,2026-10-06 22:10:00
-3.294400,-54.040800,GOES-19,2026-10-06 22:20:00
-3.294400,-54.040800,GOES-19,2026-10-06 22:30:00
-3.294400,-54.040800,GOES-19,2026-10-06 22:40:00
-3.294400,-54.040800,GOES-19,2026-10-06 22:50:00
-3.294400,-54.040800,GOES-19,2026-10-06 23:00:00
-3.294400,-54.040800,GOES-19,2026-10-06 23:10:00
-3.294400,-54.040800,GOES-19,2026-10-06 23:20:00
-3.294400,-54.040800,GOES-19,2026-10-06 23:30:00
-3.294400,-54.040800,GOES-19,2026-10-06 23:40:00
-3.294400,-54.040800,GOES-19,2026-10-06 23:50:00
-3.257700,-54.021700,GOES-19,2026-10-06 22:10:00
-3.276000,-54.021200,GOES-19,2026-10-06 22:10:00
-3.276000,-54.021200,GOES-19,2026-10-06 22:20:00
-3.276000,-54.021200,GOES-19,2026-10-06 22:30:00
-3.276000,-54.021200,GOES-19,2026-10-06 22:40:00
-3.276000,-54.021200,GOES-19,2026-10-06 22:50:00
-3.276000,-54.021200,GOES-19,2026-10-06 23:00:00
-3.276000,-54.021200,GOES-19,2026-10-06 23:10:00
-3.276000,-54.021200,GOES-19,2026-10-06 23:20:00
-3.276000,-54.021200,GOES-19,2026-10-06 23:30:00
-3.276000,-54.021200,GOES-19,2026-10-06 23:40:00
-3.276000,-54.021200,GOES-19,2026-10-06 23:50:00
-3.294400,-54.020700,GOES-19,2026-10-06 22:10:00
-3.294400,-54.020700,GOES-19,2026-10-06 22:20:00
-3.294400,-54.020700,GOES-19,2026-10-06 22:30:00
-3.294400,-54.020700,GOES-19,2026-10-06 22:40:00
-3.294400,-54.020700,GOES-19,2026-10-06 22:50:00
-3.294400,-54.020700,GOES-19,2026-10-06 23:00:00
-3.294400,-54.020700,GOES-19,2026-10-06 23:10:00
-3.294400,-54.020700,GOES-19,2026-10-06 23:20:00
-3.294400,-54.020700,GOES-19,2026-10-06 23:30:00
-3.294400,-54.020700,GOES-19,2026-10-06 23:40:00
-3.294400,-54.020700,GOES-19,2026-10-06 23:50:00
-3.276100,-54.001100,GOES-19,2026-10-06 22:10:00
-3.276100,-54.001100,GOES-19,2026-10-06 22:20:00
-3.276100,-54.001100,GOES-19,2026-10-06 22:30:00
-3.276100,-54.001100,GOES-19,2026-10-06 22:40:00
-3.276100,-54.001100,GOES-19,2026-10-06 22:50:00
-3.276100,-54.001100,GOES-19,2026-10-06 23:00:00
-3.276100,-54.001100,GOES-19,2026-10-06 23:10:00
-3.276100,-54.001100,GOES-19,2026-10-06 23:20:00
-3.276100,-54.001100,GOES-19,2026-10-06 23:30:00
-3.276100,-54.001100,GOES-19,2026-10-06 23:40:00
-3.276100,-54.001100,GOES-19,2026-10-06 23:50:00
-3.037400,-53.926800,GOES-19,2026-10-06 22:10:00
-3.037400,-53.926800,GOES-19,2026-10-06 22:20:00
-3.037400,-53.926800,GOES-19,2026-10-06 22:40:00
-3.037400,-53.926800,GOES-19,2026-10-06 22:50:00
-3.037400,-53.926800,GOES-19,2026-10-06 23:00:00
-3.037400,-53.926800,GOES-19,2026-10-06 23:30:00
-3.037400,-53.926800,GOES-19,2026-10-06 23:40:00
-3.037400,-53.926800,GOES-19,2026-10-06 23:50:00
-3.019100,-53.907100,GOES-19,2026-10-06 22:10:00
-3.019100,-53.907100,GOES-19,2026-10-06 22:20:00
-3.019100,-53.907100,GOES-19,2026-10-06 22:40:00
-3.037500,-53.906600,GOES-19,2026-10-06 22:10:00
-3.037500,-53.906600,GOES-19,2026-10-06 22:20:00
-3.037500,-53.906600,GOES-19,2026-10-06 22:40:00
-3.037500,-53.906600,GOES-19,2026-10-06 22:50:00
-3.037500,-53.906600,GOES-19,2026-10-06 23:00:00
-3.037500,-53.906600,GOES-19,2026-10-06 23:30:00
-3.037500,-53.906600,GOES-19,2026-10-06 23:40:00
-3.037500,-53.906600,GOES-19,2026-10-06 23:50:00
-3.019200,-53.887000,GOES-19,2026-10-06 22:10:00
-3.037500,-53.886500,GOES-19,2026-10-06 22:10:00
-3.037500,-53.886500,GOES-19,2026-10-06 22:20:00
-3.037500,-53.886500,GOES-19,2026-10-06 22:40:00
-3.037500,-53.886500,GOES-19,2026-10-06 22:50:00
-3.037500,-53.886500,GOES-19,2026-10-06 23:00:00
-3.037500,-53.886500,GOES-19,2026-10-06 23:30:00
-3.037500,-53.886500,GOES-19,2026-10-06 23:40:00
-3.037500,-53.886500,GOES-19,2026-10-06 23:50:00
-3.093100,-53.764200,GOES-19,2026-10-06 01:00:00
-3.093100,-53.764200,GOES-19,2026-10-06 02:20:00
-3.111500,-53.763700,GOES-19,2026-10-06 00:00:00
-3.111500,-53.763700,GOES-19,2026-10-06 00:10:00
-3.111500,-53.763700,GOES-19,2026-10-06 00:20:00
-3.111500,-53.763700,GOES-19,2026-10-06 00:40:00
-3.111500,-53.763700,GOES-19,2026-10-06 01:00:00
-3.111500,-53.763700,GOES-19,2026-10-06 02:00:00
-3.111500,-53.763700,GOES-19,2026-10-06 02:20:00
-3.093200,-53.744100,GOES-19,2026-10-06 00:00:00
-3.093200,-53.744100,GOES-19,2026-10-06 00:10:00
-3.093200,-53.744100,GOES-19,2026-10-06 00:20:00
-3.093200,-53.744100,GOES-19,2026-10-06 00:40:00
-3.093200,-53.744100,GOES-19,2026-10-06 01:00:00
-3.093200,-53.744100,GOES-19,2026-10-06 02:00:00
-3.093200,-53.744100,GOES-19,2026-10-06 02:20:00
-3.111600,-53.743600,GOES-19,2026-10-06 00:00:00
-3.111600,-53.743600,GOES-19,2026-10-06 00:10:00
-3.111600,-53.743600,GOES-19,2026-10-06 00:20:00
-3.111600,-53.743600,GOES-19,2026-10-06 00:40:00
-3.111600,-53.743600,GOES-19,2026-10-06 01:00:00
-3.111600,-53.743600,GOES-19,2026-10-06 02:00:00
-3.111600,-53.743600,GOES-19,2026-10-06 02:20:00
-3.093200,-53.723900,GOES-19,2026-10-06 00:00:00
-3.093200,-53.723900,GOES-19,2026-10-06 00:10:00
-3.093200,-53.723900,GOES-19,2026-10-06 00:20:00
-3.093200,-53.723900,GOES-19,2026-10-06 00:40:00
-3.093200,-53.723900,GOES-19,2026-10-06 01:00:00
-3.093200,-53.723900,GOES-19,2026-10-06 02:00:00
-3.093200,-53.723900,GOES-19,2026-10-06 02:20:00
-3.111600,-53.723400,GOES-19,2026-10-06 00:00:00
-3.111600,-53.723400,GOES-19,2026-10-06 00:10:00
-3.111600,-53.723400,GOES-19,2026-10-06 00:20:00
-3.111600,-53.723400,GOES-19,2026-10-06 00:40:00
-3.111600,-53.723400,GOES-19,2026-10-06 01:00:00
-3.111600,-53.723400,GOES-19,2026-10-06 02:00:00
-3.111600,-53.723400,GOES-19,2026-10-06 02:20:00
-3.093300,-53.703700,GOES-19,2026-10-06 00:00:00
-3.093300,-53.703700,GOES-19,2026-10-06 00:10:00
-3.093300,-53.703700,GOES-19,2026-10-06 00:20:00
-3.093300,-53.703700,GOES-19,2026-10-06 00:40:00
-3.093300,-53.703700,GOES-19,2026-10-06 01:00:00
-3.093300,-53.703700,GOES-19,2026-10-06 02:00:00
-3.093300,-53.703700,GOES-19,2026-10-06 02:20:00
-3.111700,-53.703200,GOES-19,2026-10-06 00:00:00
-3.111700,-53.703200,GOES-19,2026-10-06 00:10:00
-3.111700,-53.703200,GOES-19,2026-10-06 00:20:00
-3.111700,-53.703200,GOES-19,2026-10-06 00:40:00
-3.111700,-53.703200,GOES-19,2026-10-06 02:00:00
-0.413500,-52.076700,GOES-19,2026-10-06 14:20:00
-0.413500,-52.076700,GOES-19,2026-10-06 14:30:00
-0.413500,-52.076700,GOES-19,2026-10-06 14:40:00
-0.413500,-52.076700,GOES-19,2026-10-06 14:50:00
-0.413500,-52.076700,GOES-19,2026-10-06 15:00:00
-0.413500,-52.076700,GOES-19,2026-10-06 15:10:00
-0.413500,-52.076700,GOES-19,2026-10-06 15:20:00
-0.413500,-52.056200,GOES-19,2026-10-06 14:20:00
-0.413500,-52.056200,GOES-19,2026-10-06 14:40:00
-0.413500,-52.056200,GOES-19,2026-10-06 15:00:00
-0.413500,-52.056200,GOES-19,2026-10-06 15:10:00
-0.413500,-52.056200,GOES-19,2026-10-06 15:20:00
-0.413500,-52.056200,GOES-19,2026-10-06 15:30:00
-0.431900,-52.056100,GOES-19,2026-10-06 14:40:00
-0.431900,-52.056100,GOES-19,2026-10-06 15:00:00
0.708200,-51.395700,GOES-19,2026-10-06 18:10:00
0.726600,-51.374900,GOES-19,2026-10-06 18:20:00
0.708200,-51.375000,GOES-19,2026-10-06 18:10:00
0.708200,-51.375000,GOES-19,2026-10-06 18:20:00
0.708200,-51.375000,GOES-19,2026-10-06 18:40:00
-5.006400,-50.947600,GOES-19,2026-10-06 19:20:00
-5.006400,-50.947600,GOES-19,2026-10-06 19:30:00
-5.006400,-50.947600,GOES-19,2026-10-06 19:40:00
-5.006400,-50.947600,GOES-19,2026-10-06 19:50:00
-5.006500,-50.926700,GOES-19,2026-10-06 19:20:00
-5.006500,-50.926700,GOES-19,2026-10-06 19:30:00
-5.025000,-50.925800,GOES-19,2026-10-06 19:10:00
-5.228900,-50.894900,GOES-19,2026-10-06 19:20:00
0.266800,-51.004000,GOES-19,2026-10-06 15:00:00
0.266800,-51.004000,GOES-19,2026-10-06 15:10:00
0.266800,-51.004000,GOES-19,2026-10-06 15:20:00
0.266800,-51.004000,GOES-19,2026-10-06 16:00:00
0.266800,-51.004000,GOES-19,2026-10-06 16:20:00
0.248400,-51.004000,GOES-19,2026-10-06 14:20:00
0.248400,-51.004000,GOES-19,2026-10-06 14:40:00
0.248400,-51.004000,GOES-19,2026-10-06 14:50:00
0.248400,-51.004000,GOES-19,2026-10-06 15:00:00
0.248400,-51.004000,GOES-19,2026-10-06 15:30:00
0.248400,-51.004000,GOES-19,2026-10-06 16:00:00
0.248400,-51.004000,GOES-19,2026-10-06 17:20:00
0.248400,-50.983200,GOES-19,2026-10-06 14:20:00
0.248400,-50.983200,GOES-19,2026-10-06 14:30:00
0.248400,-50.983200,GOES-19,2026-10-06 14:40:00
0.248400,-50.983200,GOES-19,2026-10-06 15:10:00
1.942400,-50.882400,GOES-19,2026-10-06 17:30:00
1.942400,-50.882400,GOES-19,2026-10-06 17:50:00
1.923900,-50.882700,GOES-19,2026-10-06 17:50:00
2.440000,-50.851100,GOES-19,2026-10-06 14:30:00
2.440000,-50.851100,GOES-19,2026-10-06 14:50:00
2.440000,-50.851100,GOES-19,2026-10-06 15:00:00
2.440000,-50.851100,GOES-19,2026-10-06 15:10:00
2.440000,-50.851100,GOES-19,2026-10-06 15:20:00
1.942400,-50.861600,GOES-19,2026-10-06 16:00:00
1.942400,-50.861600,GOES-19,2026-10-06 16:20:00
1.924000,-50.861900,GOES-19,2026-10-06 16:40:00
1.924000,-50.861900,GOES-19,2026-10-06 17:30:00
2.440000,-50.830300,GOES-19,2026-10-06 15:00:00
2.440000,-50.830300,GOES-19,2026-10-06 18:30:00
1.334600,-50.850300,GOES-19,2026-10-06 18:20:00
1.334600,-50.850300,GOES-19,2026-10-06 18:30:00
1.334600,-50.850300,GOES-19,2026-10-06 18:40:00
1.113900,-50.727900,GOES-19,2026-10-06 15:10:00
1.095400,-50.728100,GOES-19,2026-10-06 15:10:00
1.206000,-50.706000,GOES-19,2026-10-06 18:40:00
1.206000,-50.706000,GOES-19,2026-10-06 19:10:00
1.206000,-50.706000,GOES-19,2026-10-06 19:20:00
1.206000,-50.706000,GOES-19,2026-10-06 19:30:00
1.206000,-50.706000,GOES-19,2026-10-06 19:50:00
1.206000,-50.685100,GOES-19,2026-10-06 14:40:00
1.206000,-50.685100,GOES-19,2026-10-06 18:40:00
-3.178700,-50.559700,GOES-19,2026-10-06 22:10:00
-3.178700,-50.559700,GOES-19,2026-10-06 22:20:00
-3.178700,-50.559700,GOES-19,2026-10-06 22:50:00
-3.197200,-50.559200,GOES-19,2026-10-06 22:10:00
-3.197200,-50.559200,GOES-19,2026-10-06 22:20:00
-3.197200,-50.559200,GOES-19,2026-10-06 22:50:00
-3.178800,-50.538800,GOES-19,2026-10-06 22:10:00
-3.178800,-50.538800,GOES-19,2026-10-06 22:20:00
-3.178800,-50.538800,GOES-19,2026-10-06 22:50:00
-3.197300,-50.538200,GOES-19,2026-10-06 22:20:00
-11.063900,-49.574900,GOES-19,2026-10-06 19:50:00
-6.018100,-49.543500,GOES-19,2026-10-06 18:30:00
-4.073600,-48.983600,GOES-19,2026-10-06 18:30:00
-4.073600,-48.983600,GOES-19,2026-10-06 18:50:00
-4.073600,-48.983600,GOES-19,2026-10-06 19:00:00
-12.772100,-67.217300,GOES-19,2026-10-07 03:20:00
-12.772200,-67.198500,GOES-19,2026-10-07 03:20:00
-12.790800,-67.235400,GOES-19,2026-10-07 03:20:00
-12.790900,-67.216600,GOES-19,2026-10-07 03:20:00
5.189700,-54.297500,GOES-19,2026-10-07 03:20:00
-12.753200,-67.218000,GOES-19,2026-10-07 03:20:00
-12.772000,-67.236100,GOES-19,2026-10-07 03:20:00
-12.904400,-67.193500,GOES-19,2026-10-07 03:20:00
-13.660900,-72.455400,GOES-19,2026-10-07 03:20:00
-17.703100,-65.440300,GOES-19,2026-10-07 03:20:00
-6.236200,-41.999100,GOES-19,2026-10-07 03:20:00
-8.703600,-45.206100,GOES-19,2026-10-07 03:20:00
-8.703900,-45.183200,GOES-19,2026-10-07 03:20:00
-8.722500,-45.204000,GOES-19,2026-10-07 03:20:00
-8.722800,-45.181200,GOES-19,2026-10-07 03:20:00
-11.733500,-43.649000,GOES-19,2026-10-07 03:20:00
-1.801000,-57.116100,GOES-19,2026-10-07 03:20:00
-2.761200,-54.114200,GOES-19,2026-10-07 03:20:00
-2.761300,-54.094100,GOES-19,2026-10-07 03:20:00
-2.761300,-54.074000,GOES-19,2026-10-07 03:20:00
-2.779600,-54.113800,GOES-19,2026-10-07 03:20:00
-2.779600,-54.093700,GOES-19,2026-10-07 03:20:00
-2.779700,-54.073600,GOES-19,2026-10-07 03:20:00
-2.944800,-54.150100,GOES-19,2026-10-07 03:20:00
-3.000000,-54.128700,GOES-19,2026-10-07 03:20:00
-3.037500,-53.906600,GOES-19,2026-10-07 03:20:00
-3.073000,-54.267400,GOES-19,2026-10-07 03:20:00
-3.073100,-54.247300,GOES-19,2026-10-07 03:20:00
-3.091300,-54.307000,GOES-19,2026-10-07 03:20:00
-3.091300,-54.287000,GOES-19,2026-10-07 03:20:00
-3.091400,-54.266900,GOES-19,2026-10-07 03:20:00
-3.111400,-53.783900,GOES-19,2026-10-07 03:20:00
-3.111500,-53.763700,GOES-19,2026-10-07 03:20:00
-3.178700,-50.559700,GOES-19,2026-10-07 03:20:00
-3.476200,-50.088300,GOES-19,2026-10-07 03:20:00
-3.512700,-54.656200,GOES-19,2026-10-07 03:20:00
-3.531000,-54.655700,GOES-19,2026-10-07 03:20:00
-3.531100,-54.635700,GOES-19,2026-10-07 03:20:00
-3.620500,-55.290700,GOES-19,2026-10-07 03:20:00
-3.620600,-55.270800,GOES-19,2026-10-07 03:20:00
-3.657900,-60.641200,GOES-19,2026-10-07 03:20:00
-3.658000,-60.622200,GOES-19,2026-10-07 03:20:00
-3.856600,-55.996700,GOES-19,2026-10-07 03:20:00
-3.856700,-55.976900,GOES-19,2026-10-07 03:20:00
-5.718700,-45.177300,GOES-19,2026-10-07 03:20:00
-5.718900,-45.154700,GOES-19,2026-10-07 03:20:00
-5.737400,-45.176000,GOES-19,2026-10-07 03:20:00
-5.737600,-45.153300,GOES-19,2026-10-07 03:20:00
-8.286500,-50.273100,GOES-19,2026-10-07 03:20:00
-9.151700,-65.955400,GOES-19,2026-10-07 03:20:00