lat,lon,satelite,data
-12.173300,-44.775000,GOES-19,2026-10-07 17:30:00
-10.363000,-48.239800,GOES-19,2026-10-07 14:50:00
-10.363000,-48.239800,GOES-19,2026-10-07 15:00:00
-5.337800,-48.556000,GOES-19,2026-10-07 18:30:00
-5.337800,-48.556000,GOES-19,2026-10-07 18:40:00
-7.784100,-48.231800,GOES-19,2026-10-07 14:40:00
-5.246100,-48.388700,GOES-19,2026-10-07 18:20:00
-5.246100,-48.388700,GOES-19,2026-10-07 18:30:00
-5.246100,-48.388700,GOES-19,2026-10-07 18:40:00
-11.777100,-47.736500,GOES-19,2026-10-07 18:10:00
-11.377400,-47.699300,GOES-19,2026-10-07 18:40:00
-11.377400,-47.699300,GOES-19,2026-10-07 18:50:00
-9.839100,-47.836500,GOES-19,2026-10-07 18:00:00
-9.839100,-47.836500,GOES-19,2026-10-07 18:20:00
-11.092800,-47.646400,GOES-19,2026-10-07 18:10:00
-11.111900,-47.644000,GOES-19,2026-10-07 18:50:00
-1.597800,-48.286000,GOES-19,2026-10-07 15:00:00
-8.030800,-47.948900,GOES-19,2026-10-07 13:40:00
-11.093200,-47.624200,GOES-19,2026-10-07 13:50:00
-11.093200,-47.624200,GOES-19,2026-10-07 14:00:00
-11.093200,-47.624200,GOES-19,2026-10-07 14:10:00
-11.093200,-47.624200,GOES-19,2026-10-07 14:20:00
-11.093200,-47.624200,GOES-19,2026-10-07 14:40:00
-11.093200,-47.624200,GOES-19,2026-10-07 14:50:00
-11.093200,-47.624200,GOES-19,2026-10-07 15:00:00
-11.093200,-47.624200,GOES-19,2026-10-07 18:00:00
-11.112200,-47.621800,GOES-19,2026-10-07 14:40:00
-11.112200,-47.621800,GOES-19,2026-10-07 14:50:00
-11.112200,-47.621800,GOES-19,2026-10-07 17:50:00
-11.112600,-47.599600,GOES-19,2026-10-07 14:50:00
-11.112600,-47.599600,GOES-19,2026-10-07 15:00:00
-5.285300,-48.105300,GOES-19,2026-10-07 19:10:00
-10.884400,-47.605500,GOES-19,2026-10-07 14:50:00
-10.884400,-47.605500,GOES-19,2026-10-07 15:00:00
-10.884400,-47.605500,GOES-19,2026-10-07 15:20:00
-10.884400,-47.605500,GOES-19,2026-10-07 18:40:00
-10.884400,-47.605500,GOES-19,2026-10-07 18:50:00
-11.093800,-47.579700,GOES-19,2026-10-07 14:30:00
-11.093800,-47.579700,GOES-19,2026-10-07 14:50:00
-11.112900,-47.577300,GOES-19,2026-10-07 14:50:00
-11.112900,-47.577300,GOES-19,2026-10-07 15:00:00
-6.142700,-47.964900,GOES-19,2026-10-07 19:10:00
-11.840400,-47.372000,GOES-19,2026-10-07 13:20:00
-11.840400,-47.372000,GOES-19,2026-10-07 13:30:00
-11.840400,-47.372000,GOES-19,2026-10-07 13:50:00
-11.840400,-47.372000,GOES-19,2026-10-07 14:00:00
-11.840400,-47.372000,GOES-19,2026-10-07 14:10:00
-11.840400,-47.372000,GOES-19,2026-10-07 14:20:00
-11.840400,-47.372000,GOES-19,2026-10-07 14:30:00
-11.840400,-47.372000,GOES-19,2026-10-07 14:40:00
-11.840400,-47.372000,GOES-19,2026-10-07 14:50:00
-11.840400,-47.372000,GOES-19,2026-10-07 15:00:00
-11.840400,-47.372000,GOES-19,2026-10-07 18:50:00
-6.124400,-47.922700,GOES-19,2026-10-07 18:00:00
-6.124400,-47.922700,GOES-19,2026-10-07 18:30:00
-6.124400,-47.922700,GOES-19,2026-10-07 18:40:00
-6.143100,-47.921400,GOES-19,2026-10-07 18:10:00
-6.143100,-47.921400,GOES-19,2026-10-07 18:20:00
-6.143100,-47.921400,GOES-19,2026-10-07 18:30:00
-6.143100,-47.921400,GOES-19,2026-10-07 18:40:00
-6.143100,-47.921400,GOES-19,2026-10-07 18:50:00
-7.170900,-47.802400,GOES-19,2026-10-07 14:10:00
-7.170900,-47.802400,GOES-19,2026-10-07 14:50:00
-7.170900,-47.802400,GOES-19,2026-10-07 18:10:00
-7.170900,-47.802400,GOES-19,2026-10-07 18:40:00
-1.099300,-48.056100,GOES-19,2026-10-07 14:20:00
-5.268300,-47.889200,GOES-19,2026-10-07 18:30:00
-8.353200,-47.656800,GOES-19,2026-10-07 19:40:00
-8.824300,-47.567600,GOES-19,2026-10-07 18:20:00
-8.824300,-47.567600,GOES-19,2026-10-07 18:30:00
-8.824500,-47.545600,GOES-19,2026-10-07 18:20:00
-10.528400,-47.293300,GOES-19,2026-10-07 14:10:00
-10.472400,-47.233300,GOES-19,2026-10-07 19:00:00
-10.472400,-47.233300,GOES-19,2026-10-07 19:10:00
-10.472400,-47.233300,GOES-19,2026-10-07 19:20:00
-10.472400,-47.233300,GOES-19,2026-10-07 19:30:00
-10.472400,-47.233300,GOES-19,2026-10-07 19:40:00
-10.472400,-47.233300,GOES-19,2026-10-07 19:50:00
-9.392600,-47.332800,GOES-19,2026-10-07 13:10:00
-10.777000,-47.174200,GOES-19,2026-10-07 14:10:00
-10.777000,-47.174200,GOES-19,2026-10-07 14:40:00
-10.777000,-47.174200,GOES-19,2026-10-07 15:00:00
-10.777000,-47.174200,GOES-19,2026-10-07 18:00:00
-10.796000,-47.171800,GOES-19,2026-10-07 14:40:00
-17.018800,-45.922800,GOES-19,2026-10-07 15:00:00
-7.307200,-47.286900,GOES-19,2026-10-07 14:30:00
-17.019400,-45.899300,GOES-19,2026-10-07 15:10:00
-11.774000,-46.775900,GOES-19,2026-10-07 13:50:00
-11.774000,-46.775900,GOES-19,2026-10-07 14:00:00
-11.793200,-46.773300,GOES-19,2026-10-07 14:00:00
-10.459000,-46.855700,GOES-19,2026-10-07 18:20:00
-10.459000,-46.855700,GOES-19,2026-10-07 18:30:00
-10.459000,-46.855700,GOES-19,2026-10-07 18:50:00
-10.459000,-46.855700,GOES-19,2026-10-07 19:00:00
-10.459000,-46.855700,GOES-19,2026-10-07 19:10:00
-10.459000,-46.855700,GOES-19,2026-10-07 19:20:00
-10.459000,-46.855700,GOES-19,2026-10-07 19:30:00
-11.393300,-46.714800,GOES-19,2026-10-07 12:00:00
-11.393300,-46.714800,GOES-19,2026-10-07 13:10:00
-11.393300,-46.714800,GOES-19,2026-10-07 13:20:00
-11.393700,-46.692200,GOES-19,2026-10-07 12:00:00
-15.401700,-46.054800,GOES-19,2026-10-07 13:40:00
-15.401700,-46.054800,GOES-19,2026-10-07 13:50:00
-15.401700,-46.054800,GOES-19,2026-10-07 14:00:00
-11.394000,-46.669700,GOES-19,2026-10-07 18:00:00
-9.910100,-46.808700,GOES-19,2026-10-07 17:50:00
-10.195700,-46.708300,GOES-19,2026-10-07 18:30:00
-10.195700,-46.708300,GOES-19,2026-10-07 18:40:00
-17.506300,-45.490300,GOES-19,2026-10-07 11:30:00
-17.506300,-45.490300,GOES-19,2026-10-07 11:40:00
-17.506300,-45.490300,GOES-19,2026-10-07 12:20:00
-5.125000,-47.132900,GOES-19,2026-10-07 19:40:00
-17.506900,-45.466600,GOES-19,2026-10-07 11:30:00
-17.506900,-45.466600,GOES-19,2026-10-07 11:40:00
-17.506900,-45.466600,GOES-19,2026-10-07 11:50:00
-17.506900,-45.466600,GOES-19,2026-10-07 12:00:00
-17.506900,-45.466600,GOES-19,2026-10-07 12:10:00
-17.506900,-45.466600,GOES-19,2026-10-07 12:20:00
-17.506900,-45.466600,GOES-19,2026-10-07 12:30:00
-17.526900,-45.462200,GOES-19,2026-10-07 11:30:00
-17.526900,-45.462200,GOES-19,2026-10-07 11:40:00
-17.526900,-45.462200,GOES-19,2026-10-07 12:00:00
-17.526900,-45.462200,GOES-19,2026-10-07 12:10:00
-17.526900,-45.462200,GOES-19,2026-10-07 12:20:00
-5.106600,-47.112000,GOES-19,2026-10-07 19:20:00
-5.106600,-47.112000,GOES-19,2026-10-07 19:40:00
-5.125200,-47.110900,GOES-19,2026-10-07 19:20:00
-5.125200,-47.110900,GOES-19,2026-10-07 19:30:00
-5.125200,-47.110900,GOES-19,2026-10-07 19:40:00
-5.125200,-47.110900,GOES-19,2026-10-07 19:50:00
-10.310700,-46.627300,GOES-19,2026-10-07 19:40:00
-10.310700,-46.627300,GOES-19,2026-10-07 19:50:00
-10.786300,-46.568600,GOES-19,2026-10-07 12:20:00
-10.786300,-46.568600,GOES-19,2026-10-07 12:40:00
-10.786300,-46.568600,GOES-19,2026-10-07 12:50:00
-10.786300,-46.568600,GOES-19,2026-10-07 13:00:00
-10.786300,-46.568600,GOES-19,2026-10-07 13:10:00
-10.786300,-46.568600,GOES-19,2026-10-07 13:20:00
-10.786300,-46.568600,GOES-19,2026-10-07 13:30:00
-10.786300,-46.568600,GOES-19,2026-10-07 13:40:00
-10.786300,-46.568600,GOES-19,2026-10-07 13:50:00
-10.786300,-46.568600,GOES-19,2026-10-07 14:00:00
-10.786300,-46.568600,GOES-19,2026-10-07 14:10:00
-10.786300,-46.568600,GOES-19,2026-10-07 14:20:00
-10.786300,-46.568600,GOES-19,2026-10-07 14:40:00
-10.786300,-46.568600,GOES-19,2026-10-07 14:50:00
-10.786300,-46.568600,GOES-19,2026-10-07 18:10:00
-10.805400,-46.566200,GOES-19,2026-10-07 12:20:00
-10.805400,-46.566200,GOES-19,2026-10-07 12:40:00
-10.786700,-46.546000,GOES-19,2026-10-07 12:20:00
-10.786700,-46.546000,GOES-19,2026-10-07 12:30:00
-10.786700,-46.546000,GOES-19,2026-10-07 12:40:00
-10.786700,-46.546000,GOES-19,2026-10-07 12:50:00
-10.786700,-46.546000,GOES-19,2026-10-07 13:00:00
-10.786700,-46.546000,GOES-19,2026-10-07 13:10:00
-10.786700,-46.546000,GOES-19,2026-10-07 13:20:00
-10.786700,-46.546000,GOES-19,2026-10-07 13:30:00
-10.786700,-46.546000,GOES-19,2026-10-07 13:40:00
-10.786700,-46.546000,GOES-19,2026-10-07 13:50:00
-10.786700,-46.546000,GOES-19,2026-10-07 14:00:00
-10.786700,-46.546000,GOES-19,2026-10-07 14:10:00
-10.786700,-46.546000,GOES-19,2026-10-07 14:40:00
-10.786700,-46.546000,GOES-19,2026-10-07 15:00:00
-10.805700,-46.543600,GOES-19,2026-10-07 12:40:00
-10.805700,-46.543600,GOES-19,2026-10-07 12:50:00
-10.311000,-46.604800,GOES-19,2026-10-07 19:20:00
-10.311000,-46.604800,GOES-19,2026-10-07 19:30:00
-10.311000,-46.604800,GOES-19,2026-10-07 19:40:00
-10.311000,-46.604800,GOES-19,2026-10-07 19:50:00
-9.212500,-46.685100,GOES-19,2026-10-07 13:40:00
-9.212500,-46.685100,GOES-19,2026-10-07 14:10:00
-9.212500,-46.685100,GOES-19,2026-10-07 14:20:00
-9.212500,-46.685100,GOES-19,2026-10-07 14:40:00
-4.233800,-46.938700,GOES-19,2026-10-07 19:40:00
-4.233800,-46.938700,GOES-19,2026-10-07 19:50:00
-7.575800,-46.688900,GOES-19,2026-10-07 13:10:00
-7.575800,-46.688900,GOES-19,2026-10-07 13:20:00
-7.575800,-46.688900,GOES-19,2026-10-07 13:40:00
-7.575800,-46.688900,GOES-19,2026-10-07 13:50:00
-7.575800,-46.688900,GOES-19,2026-10-07 14:10:00
-7.575800,-46.688900,GOES-19,2026-10-07 14:30:00
-7.575800,-46.688900,GOES-19,2026-10-07 18:30:00
-7.575800,-46.688900,GOES-19,2026-10-07 18:40:00
-11.154200,-46.182400,GOES-19,2026-10-07 14:20:00
-11.154200,-46.182400,GOES-19,2026-10-07 14:30:00
-10.391800,-46.280100,GOES-19,2026-10-07 18:20:00
-10.391800,-46.280100,GOES-19,2026-10-07 18:30:00
-10.391800,-46.280100,GOES-19,2026-10-07 18:40:00
-10.391800,-46.280100,GOES-19,2026-10-07 19:40:00
-10.335100,-46.264500,GOES-19,2026-10-07 17:50:00
-10.335100,-46.264500,GOES-19,2026-10-07 18:10:00
-10.335100,-46.264500,GOES-19,2026-10-07 18:20:00
-10.373100,-46.259800,GOES-19,2026-10-07 18:10:00
-10.373100,-46.259800,GOES-19,2026-10-07 18:30:00
-10.373100,-46.259800,GOES-19,2026-10-07 18:40:00
-11.135400,-46.162300,GOES-19,2026-10-07 14:20:00
-11.135400,-46.162300,GOES-19,2026-10-07 18:10:00
-10.335400,-46.241900,GOES-19,2026-10-07 18:10:00
-11.136200,-46.116800,GOES-19,2026-10-07 14:00:00
-11.136200,-46.116800,GOES-19,2026-10-07 18:30:00
-11.155300,-46.114300,GOES-19,2026-10-07 13:30:00
-11.155300,-46.114300,GOES-19,2026-10-07 13:40:00
-11.155300,-46.114300,GOES-19,2026-10-07 13:50:00
-11.155300,-46.114300,GOES-19,2026-10-07 14:00:00
-11.155300,-46.114300,GOES-19,2026-10-07 14:10:00
-11.155300,-46.114300,GOES-19,2026-10-07 14:20:00
-11.155300,-46.114300,GOES-19,2026-10-07 14:30:00
-11.155300,-46.114300,GOES-19,2026-10-07 17:20:00
-11.155300,-46.114300,GOES-19,2026-10-07 17:30:00
-11.155300,-46.114300,GOES-19,2026-10-07 17:40:00
-11.155300,-46.114300,GOES-19,2026-10-07 18:30:00
-7.146500,-46.525600,GOES-19,2026-10-07 18:50:00
-7.146500,-46.525600,GOES-19,2026-10-07 19:30:00
-7.146500,-46.525600,GOES-19,2026-10-07 19:40:00
-7.146500,-46.525600,GOES-19,2026-10-07 19:50:00
-7.146500,-46.525600,GOES-19,2026-10-07 20:00:00
-7.146500,-46.525600,GOES-19,2026-10-07 20:10:00
-11.136500,-46.094100,GOES-19,2026-10-07 13:30:00
-9.863900,-46.073000,GOES-19,2026-10-07 13:30:00
-9.863900,-46.073000,GOES-19,2026-10-07 13:40:00
-9.863900,-46.073000,GOES-19,2026-10-07 13:50:00
-9.863900,-46.073000,GOES-19,2026-10-07 15:10:00
-9.882900,-46.070800,GOES-19,2026-10-07 13:30:00
-9.636300,-46.099500,GOES-19,2026-10-07 17:20:00
-9.636300,-46.099500,GOES-19,2026-10-07 17:30:00
-9.636300,-46.099500,GOES-19,2026-10-07 17:40:00
-9.636300,-46.099500,GOES-19,2026-10-07 17:50:00
-9.636300,-46.099500,GOES-19,2026-10-07 18:00:00
-9.655300,-46.097300,GOES-19,2026-10-07 17:40:00
-9.655300,-46.097300,GOES-19,2026-10-07 17:50:00
-9.655300,-46.097300,GOES-19,2026-10-07 18:00:00
-9.864200,-46.050400,GOES-19,2026-10-07 13:10:00
-9.864200,-46.050400,GOES-19,2026-10-07 13:20:00
-9.864200,-46.050400,GOES-19,2026-10-07 13:30:00
-9.864200,-46.050400,GOES-19,2026-10-07 13:40:00
-9.864200,-46.050400,GOES-19,2026-10-07 13:50:00
-9.864200,-46.050400,GOES-19,2026-10-07 14:50:00
-11.063900,-45.876800,GOES-19,2026-10-07 13:30:00
-5.951200,-46.372700,GOES-19,2026-10-07 17:40:00
-5.951200,-46.372700,GOES-19,2026-10-07 17:50:00
-5.951200,-46.372700,GOES-19,2026-10-07 18:20:00
-5.951200,-46.372700,GOES-19,2026-10-07 18:30:00
-5.951200,-46.372700,GOES-19,2026-10-07 18:40:00
-5.951200,-46.372700,GOES-19,2026-10-07 18:50:00
-5.969900,-46.371400,GOES-19,2026-10-07 18:20:00
-5.969900,-46.371400,GOES-19,2026-10-07 18:30:00
-5.969900,-46.371400,GOES-19,2026-10-07 18:40:00
-5.951400,-46.350400,GOES-19,2026-10-07 18:30:00
-7.374400,-46.238500,GOES-19,2026-10-07 18:30:00
-7.393200,-46.236800,GOES-19,2026-10-07 18:10:00
-7.393200,-46.236800,GOES-19,2026-10-07 18:30:00
-7.393200,-46.236800,GOES-19,2026-10-07 19:00:00
-7.393200,-46.236800,GOES-19,2026-10-07 19:40:00
-9.960100,-45.971200,GOES-19,2026-10-07 17:50:00
-9.960100,-45.971200,GOES-19,2026-10-07 18:10:00
-9.960100,-45.971200,GOES-19,2026-10-07 18:20:00
-9.960100,-45.971200,GOES-19,2026-10-07 18:30:00
-9.960100,-45.971200,GOES-19,2026-10-07 18:50:00
-9.979100,-45.968900,GOES-19,2026-10-07 17:50:00
-9.979100,-45.968900,GOES-19,2026-10-07 19:00:00
-9.979100,-45.968900,GOES-19,2026-10-07 19:10:00
-9.979100,-45.968900,GOES-19,2026-10-07 19:20:00
-18.050000,-44.558200,GOES-19,2026-10-07 14:20:00
-18.050000,-44.558200,GOES-19,2026-10-07 14:30:00
-7.374700,-46.216100,GOES-19,2026-10-07 18:30:00
-7.393500,-46.214400,GOES-19,2026-10-07 18:30:00
-9.960400,-45.948500,GOES-19,2026-10-07 18:10:00
-9.960400,-45.948500,GOES-19,2026-10-07 18:30:00
-4.274300,-46.406700,GOES-19,2026-10-07 19:20:00
-4.274300,-46.406700,GOES-19,2026-10-07 19:30:00
-4.274300,-46.406700,GOES-19,2026-10-07 19:50:00
-7.374900,-46.193700,GOES-19,2026-10-07 13:30:00
-7.374900,-46.193700,GOES-19,2026-10-07 13:50:00
-7.393700,-46.192100,GOES-19,2026-10-07 13:30:00
-7.393700,-46.192100,GOES-19,2026-10-07 14:50:00
-11.104300,-45.734700,GOES-19,2026-10-07 00:30:00
-11.104300,-45.734700,GOES-19,2026-10-07 00:40:00
-11.123400,-45.732200,GOES-19,2026-10-07 00:30:00
-11.123400,-45.732200,GOES-19,2026-10-07 00:40:00
-9.373900,-45.926300,GOES-19,2026-10-07 18:40:00
-11.104700,-45.711900,GOES-19,2026-10-07 00:30:00
-11.104700,-45.711900,GOES-19,2026-10-07 00:40:00
-11.123800,-45.709300,GOES-19,2026-10-07 00:30:00
-11.123800,-45.709300,GOES-19,2026-10-07 00:40:00
-2.121000,-46.398900,GOES-19,2026-10-07 18:40:00
-8.976900,-45.947500,GOES-19,2026-10-07 18:00:00
-8.976900,-45.947500,GOES-19,2026-10-07 18:30:00
-8.976900,-45.947500,GOES-19,2026-10-07 18:40:00
-8.976900,-45.947500,GOES-19,2026-10-07 18:50:00
-8.995800,-45.945400,GOES-19,2026-10-07 14:20:00
-8.995800,-45.945400,GOES-19,2026-10-07 18:00:00
-8.995800,-45.945400,GOES-19,2026-10-07 18:40:00
-8.995800,-45.945400,GOES-19,2026-10-07 18:50:00
-11.105100,-45.689000,GOES-19,2026-10-07 00:30:00
-11.105100,-45.689000,GOES-19,2026-10-07 00:40:00
-11.105100,-45.689000,GOES-19,2026-10-07 13:40:00
-8.977200,-45.924900,GOES-19,2026-10-07 14:20:00
-8.977200,-45.924900,GOES-19,2026-10-07 14:40:00
-8.977200,-45.924900,GOES-19,2026-10-07 18:30:00
-8.977200,-45.924900,GOES-19,2026-10-07 18:40:00
-8.996100,-45.922800,GOES-19,2026-10-07 18:40:00
-11.086300,-45.668800,GOES-19,2026-10-07 00:30:00
-11.086300,-45.668800,GOES-19,2026-10-07 13:40:00
-11.105400,-45.666200,GOES-19,2026-10-07 00:30:00
-11.105400,-45.666200,GOES-19,2026-10-07 13:40:00
-9.450600,-45.849800,GOES-19,2026-10-07 12:50:00
-9.450600,-45.849800,GOES-19,2026-10-07 13:00:00
-9.450600,-45.849800,GOES-19,2026-10-07 14:30:00
-11.067600,-45.648500,GOES-19,2026-10-07 13:40:00
-11.086700,-45.645900,GOES-19,2026-10-07 13:40:00
-9.432300,-45.806600,GOES-19,2026-10-07 14:30:00
-9.432300,-45.806600,GOES-19,2026-10-07 17:50:00
-9.148600,-45.815800,GOES-19,2026-10-07 14:00:00
-9.148600,-45.815800,GOES-19,2026-10-07 14:20:00
-9.148600,-45.815800,GOES-19,2026-10-07 14:40:00
-10.993800,-45.498500,GOES-19,2026-10-07 17:40:00
-10.993800,-45.498500,GOES-19,2026-10-07 18:20:00
-10.993800,-45.498500,GOES-19,2026-10-07 18:40:00
-10.993800,-45.498500,GOES-19,2026-10-07 18:50:00
-10.994200,-45.475600,GOES-19,2026-10-07 15:40:00
-10.994200,-45.475600,GOES-19,2026-10-07 17:20:00
-10.994200,-45.475600,GOES-19,2026-10-07 17:30:00
-10.994200,-45.475600,GOES-19,2026-10-07 18:00:00
-10.994200,-45.475600,GOES-19,2026-10-07 18:20:00
-8.584100,-45.695500,GOES-19,2026-10-07 14:30:00
-8.584100,-45.695500,GOES-19,2026-10-07 14:40:00
-10.976600,-45.386500,GOES-19,2026-10-07 12:30:00
-16.186100,-44.445400,GOES-19,2026-10-07 18:50:00
-7.399600,-45.652300,GOES-19,2026-10-07 14:30:00
-7.399600,-45.652300,GOES-19,2026-10-07 18:40:00
-7.399600,-45.652300,GOES-19,2026-10-07 18:50:00
-7.740100,-45.440000,GOES-19,2026-10-07 13:10:00
-7.740100,-45.440000,GOES-19,2026-10-07 13:20:00
-7.740100,-45.440000,GOES-19,2026-10-07 13:30:00
-7.740100,-45.440000,GOES-19,2026-10-07 13:40:00
-7.740100,-45.440000,GOES-19,2026-10-07 13:50:00
-7.740100,-45.440000,GOES-19,2026-10-07 14:00:00
-7.740100,-45.440000,GOES-19,2026-10-07 14:10:00
-7.026700,-45.436700,GOES-19,2026-10-07 14:30:00
-7.026700,-45.436700,GOES-19,2026-10-07 18:40:00
-7.045400,-45.435100,GOES-19,2026-10-07 18:40:00
-7.026900,-45.414100,GOES-19,2026-10-07 14:00:00
-7.026900,-45.414100,GOES-19,2026-10-07 14:30:00
-12.172900,-44.798300,GOES-19,2026-10-07 17:40:00
-12.172900,-44.798300,GOES-19,2026-10-07 17:50:00
-12.172900,-44.798300,GOES-19,2026-10-07 18:00:00
-12.172900,-44.798300,GOES-19,2026-10-07 18:10:00
-12.172900,-44.798300,GOES-19,2026-10-07 18:20:00
-12.172900,-44.798300,GOES-19,2026-10-07 18:30:00
-12.192200,-44.795300,GOES-19,2026-10-07 18:30:00
-12.192200,-44.795300,GOES-19,2026-10-07 18:40:00
-12.192200,-44.795300,GOES-19,2026-10-07 18:50:00
-12.192200,-44.795300,GOES-19,2026-10-07 19:20:00
-8.703300,-45.228900,GOES-19,2026-10-07 01:00:00
-12.173300,-44.775000,GOES-19,2026-10-07 17:40:00
-12.173300,-44.775000,GOES-19,2026-10-07 17:50:00
-12.173300,-44.775000,GOES-19,2026-10-07 18:00:00
-12.173300,-44.775000,GOES-19,2026-10-07 18:10:00
-12.173300,-44.775000,GOES-19,2026-10-07 18:20:00
-12.173300,-44.775000,GOES-19,2026-10-07 18:40:00
-12.192600,-44.772000,GOES-19,2026-10-07 17:30:00
-12.192600,-44.772000,GOES-19,2026-10-07 17:40:00
-12.192600,-44.772000,GOES-19,2026-10-07 18:00:00
-12.192600,-44.772000,GOES-19,2026-10-07 18:10:00
-12.192600,-44.772000,GOES-19,2026-10-07 18:20:00
-12.192600,-44.772000,GOES-19,2026-10-07 18:30:00
-12.192600,-44.772000,GOES-19,2026-10-07 18:40:00
-12.192600,-44.772000,GOES-19,2026-10-07 18:50:00
-12.192600,-44.772000,GOES-19,2026-10-07 19:20:00
-8.703600,-45.206100,GOES-19,2026-10-07 01:00:00
-8.722500,-45.204000,GOES-19,2026-10-07 01:00:00
-11.232900,-44.891000,GOES-19,2026-10-07 18:30:00
-11.232900,-44.891000,GOES-19,2026-10-07 18:40:00
-11.232900,-44.891000,GOES-19,2026-10-07 18:50:00
-11.232900,-44.891000,GOES-19,2026-10-07 19:00:00
-11.232900,-44.891000,GOES-19,2026-10-07 19:30:00
-12.154500,-44.754700,GOES-19,2026-10-07 18:50:00
-12.154500,-44.754700,GOES-19,2026-10-07 19:20:00
-12.173800,-44.751700,GOES-19,2026-10-07 14:30:00
-12.173800,-44.751700,GOES-19,2026-10-07 14:50:00
-12.173800,-44.751700,GOES-19,2026-10-07 17:20:00
-12.173800,-44.751700,GOES-19,2026-10-07 17:30:00
-12.173800,-44.751700,GOES-19,2026-10-07 17:40:00
-12.173800,-44.751700,GOES-19,2026-10-07 17:50:00
-12.173800,-44.751700,GOES-19,2026-10-07 18:10:00
-12.173800,-44.751700,GOES-19,2026-10-07 18:40:00
-12.173800,-44.751700,GOES-19,2026-10-07 18:50:00
-12.173800,-44.751700,GOES-19,2026-10-07 19:20:00
-12.193000,-44.748700,GOES-19,2026-10-07 17:30:00
-12.193000,-44.748700,GOES-19,2026-10-07 18:20:00
-12.193000,-44.748700,GOES-19,2026-10-07 18:40:00
-12.212300,-44.745700,GOES-19,2026-10-07 18:00:00
-12.212300,-44.745700,GOES-19,2026-10-07 18:20:00
-12.231600,-44.742700,GOES-19,2026-10-07 18:10:00
-12.231600,-44.742700,GOES-19,2026-10-07 18:50:00
-6.689900,-45.374600,GOES-19,2026-10-07 17:50:00
-6.689900,-45.374600,GOES-19,2026-10-07 18:10:00
-6.689900,-45.374600,GOES-19,2026-10-07 18:20:00
-6.689900,-45.374600,GOES-19,2026-10-07 18:40:00
-6.689900,-45.374600,GOES-19,2026-10-07 18:50:00
-6.689900,-45.374600,GOES-19,2026-10-07 19:10:00
-6.689900,-45.374600,GOES-19,2026-10-07 19:30:00
-8.703900,-45.183200,GOES-19,2026-10-07 01:00:00
-8.722800,-45.181200,GOES-19,2026-10-07 01:00:00
-11.214200,-44.870500,GOES-19,2026-10-07 17:40:00
-11.214200,-44.870500,GOES-19,2026-10-07 18:30:00
-12.154900,-44.731400,GOES-19,2026-10-07 00:40:00
-12.154900,-44.731400,GOES-19,2026-10-07 14:20:00
-12.154900,-44.731400,GOES-19,2026-10-07 14:40:00
-12.154900,-44.731400,GOES-19,2026-10-07 14:50:00
-12.154900,-44.731400,GOES-19,2026-10-07 19:20:00
-12.174200,-44.728400,GOES-19,2026-10-07 00:40:00
-12.174200,-44.728400,GOES-19,2026-10-07 14:20:00
-12.174200,-44.728400,GOES-19,2026-10-07 19:20:00
-12.193500,-44.725400,GOES-19,2026-10-07 00:40:00
-12.193500,-44.725400,GOES-19,2026-10-07 14:20:00
-12.212700,-44.722400,GOES-19,2026-10-07 13:50:00
-12.212700,-44.722400,GOES-19,2026-10-07 14:20:00
-12.212700,-44.722400,GOES-19,2026-10-07 14:30:00
-12.212700,-44.722400,GOES-19,2026-10-07 14:50:00
-12.212700,-44.722400,GOES-19,2026-10-07 17:30:00
-12.212700,-44.722400,GOES-19,2026-10-07 17:40:00
-12.212700,-44.722400,GOES-19,2026-10-07 17:50:00
-12.212700,-44.722400,GOES-19,2026-10-07 18:00:00
-12.212700,-44.722400,GOES-19,2026-10-07 18:10:00
-12.232000,-44.719400,GOES-19,2026-10-07 13:50:00
-12.232000,-44.719400,GOES-19,2026-10-07 14:00:00
-12.232000,-44.719400,GOES-19,2026-10-07 14:20:00
-12.232000,-44.719400,GOES-19,2026-10-07 17:50:00
-12.232000,-44.719400,GOES-19,2026-10-07 18:00:00
-12.232000,-44.719400,GOES-19,2026-10-07 18:40:00
-12.232000,-44.719400,GOES-19,2026-10-07 18:50:00
-12.830300,-44.623900,GOES-19,2026-10-07 14:10:00
-12.849700,-44.620700,GOES-19,2026-10-07 13:40:00
-12.849700,-44.620700,GOES-19,2026-10-07 13:50:00
-6.690100,-45.351900,GOES-19,2026-10-07 17:50:00
-6.690100,-45.351900,GOES-19,2026-10-07 18:00:00
-6.690100,-45.351900,GOES-19,2026-10-07 18:10:00
-6.690100,-45.351900,GOES-19,2026-10-07 18:40:00
-7.347200,-45.295200,GOES-19,2026-10-07 13:20:00
-7.347200,-45.295200,GOES-19,2026-10-07 13:30:00
-7.347200,-45.295200,GOES-19,2026-10-07 13:40:00
-7.347200,-45.295200,GOES-19,2026-10-07 13:50:00
-7.347200,-45.295200,GOES-19,2026-10-07 14:00:00
-8.950100,-45.133400,GOES-19,2026-10-07 18:50:00
-8.950100,-45.133400,GOES-19,2026-10-07 19:00:00
-8.950100,-45.133400,GOES-19,2026-10-07 19:20:00
-8.969000,-45.131300,GOES-19,2026-10-07 18:40:00
-8.969000,-45.131300,GOES-19,2026-10-07 19:00:00
-9.101500,-45.116400,GOES-19,2026-10-07 17:50:00
-9.101500,-45.116400,GOES-19,2026-10-07 18:30:00
-9.120400,-45.114300,GOES-19,2026-10-07 18:00:00
-9.120400,-45.114300,GOES-19,2026-10-07 18:30:00
-9.120400,-45.114300,GOES-19,2026-10-07 18:40:00
-9.139400,-45.112100,GOES-19,2026-10-07 13:50:00
-9.139400,-45.112100,GOES-19,2026-10-07 14:00:00
-9.139400,-45.112100,GOES-19,2026-10-07 14:10:00
-12.155400,-44.708000,GOES-19,2026-10-07 00:40:00
-12.155400,-44.708000,GOES-19,2026-10-07 14:20:00
-12.174600,-44.705100,GOES-19,2026-10-07 00:40:00
-12.174600,-44.705100,GOES-19,2026-10-07 14:20:00
-12.193900,-44.702100,GOES-19,2026-10-07 00:40:00
-12.193900,-44.702100,GOES-19,2026-10-07 14:20:00
-12.213200,-44.699100,GOES-19,2026-10-07 14:20:00
-12.232400,-44.696100,GOES-19,2026-10-07 13:30:00
-12.232400,-44.696100,GOES-19,2026-10-07 13:50:00
-12.232400,-44.696100,GOES-19,2026-10-07 14:20:00
-12.232400,-44.696100,GOES-19,2026-10-07 14:40:00
-12.232400,-44.696100,GOES-19,2026-10-07 14:50:00
-5.941200,-45.387400,GOES-19,2026-10-07 17:40:00
-5.941200,-45.387400,GOES-19,2026-10-07 18:40:00
-5.941200,-45.387400,GOES-19,2026-10-07 18:50:00
-8.950400,-45.110500,GOES-19,2026-10-07 14:00:00
-8.950400,-45.110500,GOES-19,2026-10-07 14:20:00
-8.950400,-45.110500,GOES-19,2026-10-07 14:30:00
-8.950400,-45.110500,GOES-19,2026-10-07 14:40:00
-8.969300,-45.108400,GOES-19,2026-10-07 14:50:00
-9.101800,-45.093500,GOES-19,2026-10-07 18:50:00
-12.213600,-44.675800,GOES-19,2026-10-07 14:20:00
-6.953500,-45.261900,GOES-19,2026-10-07 13:50:00
-6.953500,-45.261900,GOES-19,2026-10-07 14:00:00
-6.953500,-45.261900,GOES-19,2026-10-07 14:10:00
-6.953500,-45.261900,GOES-19,2026-10-07 14:20:00
-6.953500,-45.261900,GOES-19,2026-10-07 14:40:00
-6.953500,-45.261900,GOES-19,2026-10-07 14:50:00
-6.953700,-45.239200,GOES-19,2026-10-07 13:50:00
-6.953700,-45.239200,GOES-19,2026-10-07 14:00:00
-6.953700,-45.239200,GOES-19,2026-10-07 14:10:00
-6.953700,-45.239200,GOES-19,2026-10-07 14:20:00
-6.953700,-45.239200,GOES-19,2026-10-07 14:30:00
-6.953700,-45.239200,GOES-19,2026-10-07 14:40:00
-6.953700,-45.239200,GOES-19,2026-10-07 14:50:00
-3.815100,-45.424400,GOES-19,2026-10-07 18:50:00
-3.815100,-45.424400,GOES-19,2026-10-07 19:40:00
-3.815100,-45.424400,GOES-19,2026-10-07 19:50:00
-3.796600,-45.402700,GOES-19,2026-10-07 18:20:00
-3.796600,-45.402700,GOES-19,2026-10-07 18:50:00
-3.796600,-45.402700,GOES-19,2026-10-07 19:10:00
-3.796600,-45.402700,GOES-19,2026-10-07 19:30:00
-3.796600,-45.402700,GOES-19,2026-10-07 19:50:00
-3.815200,-45.401900,GOES-19,2026-10-07 18:50:00
-5.175900,-45.326800,GOES-19,2026-10-07 18:30:00
-5.175900,-45.326800,GOES-19,2026-10-07 18:50:00
-6.448000,-45.213100,GOES-19,2026-10-07 14:40:00
-6.448000,-45.213100,GOES-19,2026-10-07 18:00:00
-5.344300,-45.270800,GOES-19,2026-10-07 20:50:00
-6.992200,-45.145100,GOES-19,2026-10-07 18:10:00
-6.973700,-45.124000,GOES-19,2026-10-07 14:10:00
-6.973700,-45.124000,GOES-19,2026-10-07 14:20:00
-6.973700,-45.124000,GOES-19,2026-10-07 14:30:00
-5.718700,-45.177300,GOES-19,2026-10-07 19:40:00
-5.718700,-45.177300,GOES-19,2026-10-07 20:00:00
-5.718700,-45.177300,GOES-19,2026-10-07 20:10:00
-5.718700,-45.177300,GOES-19,2026-10-07 20:20:00
-5.718700,-45.177300,GOES-19,2026-10-07 20:50:00
-5.737400,-45.176000,GOES-19,2026-10-07 19:40:00
-5.737400,-45.176000,GOES-19,2026-10-07 20:00:00
-5.737400,-45.176000,GOES-19,2026-10-07 20:10:00
-5.737400,-45.176000,GOES-19,2026-10-07 20:20:00
-5.737400,-45.176000,GOES-19,2026-10-07 20:50:00
-5.756100,-45.174700,GOES-19,2026-10-07 18:20:00
-5.756100,-45.174700,GOES-19,2026-10-07 19:40:00
-5.718900,-45.154700,GOES-19,2026-10-07 19:40:00
-5.718900,-45.154700,GOES-19,2026-10-07 20:00:00
-5.718900,-45.154700,GOES-19,2026-10-07 20:10:00
-5.718900,-45.154700,GOES-19,2026-10-07 20:20:00
-5.718900,-45.154700,GOES-19,2026-10-07 20:50:00
-5.737600,-45.153300,GOES-19,2026-10-07 19:40:00
-5.737600,-45.153300,GOES-19,2026-10-07 20:00:00
-5.737600,-45.153300,GOES-19,2026-10-07 20:10:00
-5.737600,-45.153300,GOES-19,2026-10-07 20:20:00
-5.737600,-45.153300,GOES-19,2026-10-07 20:50:00
-13.865500,-44.140000,GOES-19,2026-10-07 18:30:00
-5.270500,-45.162500,GOES-19,2026-10-07 18:30:00
-5.719100,-45.132000,GOES-19,2026-10-07 19:40:00
-5.719100,-45.132000,GOES-19,2026-10-07 20:00:00
-5.719100,-45.132000,GOES-19,2026-10-07 20:10:00
-5.719100,-45.132000,GOES-19,2026-10-07 20:20:00
-5.719100,-45.132000,GOES-19,2026-10-07 20:50:00
-5.737800,-45.130700,GOES-19,2026-10-07 19:40:00
-5.737800,-45.130700,GOES-19,2026-10-07 20:00:00
-5.737800,-45.130700,GOES-19,2026-10-07 20:10:00
-5.737800,-45.130700,GOES-19,2026-10-07 20:20:00
-5.737800,-45.130700,GOES-19,2026-10-07 20:50:00
-7.670600,-44.946500,GOES-19,2026-10-07 18:40:00
-7.670600,-44.946500,GOES-19,2026-10-07 18:50:00
-7.670600,-44.946500,GOES-19,2026-10-07 19:00:00
-6.675500,-44.944600,GOES-19,2026-10-07 14:30:00
-6.675500,-44.944600,GOES-19,2026-10-07 14:40:00
-6.675500,-44.944600,GOES-19,2026-10-07 14:50:00
-6.675500,-44.944600,GOES-19,2026-10-07 18:40:00
-14.572700,-43.841600,GOES-19,2026-10-07 12:20:00
-14.572700,-43.841600,GOES-19,2026-10-07 12:30:00
-14.572700,-43.841600,GOES-19,2026-10-07 12:40:00
-14.572700,-43.841600,GOES-19,2026-10-07 13:00:00
-14.572700,-43.841600,GOES-19,2026-10-07 13:10:00
-6.301100,-44.906700,GOES-19,2026-10-07 14:40:00
-6.432800,-44.850700,GOES-19,2026-10-07 18:20:00
-6.226800,-44.844300,GOES-19,2026-10-07 18:00:00
-6.226800,-44.844300,GOES-19,2026-10-07 18:10:00
-6.226800,-44.844300,GOES-19,2026-10-07 18:20:00
-8.755600,-44.142900,GOES-19,2026-10-07 13:30:00
-3.743200,-44.976500,GOES-19,2026-10-07 18:30:00
-14.832700,-43.575600,GOES-19,2026-10-07 12:50:00
-9.036200,-44.365400,GOES-19,2026-10-07 18:30:00
-9.036200,-44.365400,GOES-19,2026-10-07 18:40:00
-11.228700,-44.031100,GOES-19,2026-10-07 18:40:00
-11.229100,-44.007600,GOES-19,2026-10-07 18:40:00
-11.095300,-44.003700,GOES-19,2026-10-07 19:10:00
-11.095300,-44.003700,GOES-19,2026-10-07 19:20:00
-11.095300,-44.003700,GOES-19,2026-10-07 19:30:00
-11.095300,-44.003700,GOES-19,2026-10-07 19:40:00
-11.114500,-44.000900,GOES-19,2026-10-07 19:10:00
-11.114500,-44.000900,GOES-19,2026-10-07 19:20:00
-11.114500,-44.000900,GOES-19,2026-10-07 19:30:00
-11.114500,-44.000900,GOES-19,2026-10-07 19:40:00
-11.114500,-44.000900,GOES-19,2026-10-07 19:50:00
-8.755300,-44.166200,GOES-19,2026-10-07 13:30:00
-8.755300,-44.166200,GOES-19,2026-10-07 13:40:00
-8.755300,-44.166200,GOES-19,2026-10-07 14:00:00
-8.755300,-44.166200,GOES-19,2026-10-07 14:10:00
-8.755300,-44.166200,GOES-19,2026-10-07 14:30:00
-8.774200,-44.164000,GOES-19,2026-10-07 13:40:00
-7.867300,-44.238400,GOES-19,2026-10-07 13:10:00
-7.867300,-44.238400,GOES-19,2026-10-07 13:20:00
-7.170300,-44.305900,GOES-19,2026-10-07 13:40:00
-7.170300,-44.305900,GOES-19,2026-10-07 14:00:00
-7.170300,-44.305900,GOES-19,2026-10-07 15:10:00
-8.755600,-44.142900,GOES-19,2026-10-07 13:10:00
-8.755600,-44.142900,GOES-19,2026-10-07 13:40:00
-8.755600,-44.142900,GOES-19,2026-10-07 13:50:00
-8.755600,-44.142900,GOES-19,2026-10-07 14:00:00
-8.755600,-44.142900,GOES-19,2026-10-07 14:10:00
-8.755600,-44.142900,GOES-19,2026-10-07 14:20:00
-8.755600,-44.142900,GOES-19,2026-10-07 15:10:00
-8.774500,-44.140800,GOES-19,2026-10-07 13:40:00
-8.774500,-44.140800,GOES-19,2026-10-07 14:20:00
-7.227000,-44.277600,GOES-19,2026-10-07 18:10:00
-7.227000,-44.277600,GOES-19,2026-10-07 19:00:00
-8.301900,-44.169900,GOES-19,2026-10-07 14:20:00
-8.301900,-44.169900,GOES-19,2026-10-07 18:10:00
-8.301900,-44.169900,GOES-19,2026-10-07 18:40:00
-4.174800,-44.477500,GOES-19,2026-10-07 19:00:00
-8.321100,-44.144700,GOES-19,2026-10-07 14:00:00
-8.321100,-44.144700,GOES-19,2026-10-07 14:10:00
-8.321100,-44.144700,GOES-19,2026-10-07 14:20:00
-8.321100,-44.144700,GOES-19,2026-10-07 14:30:00
-8.321100,-44.144700,GOES-19,2026-10-07 14:40:00
-8.321100,-44.144700,GOES-19,2026-10-07 14:50:00
-11.636500,-43.711300,GOES-19,2026-10-07 19:50:00
-11.636500,-43.711300,GOES-19,2026-10-07 20:30:00
-11.636500,-43.711300,GOES-19,2026-10-07 20:40:00
-11.636500,-43.711300,GOES-19,2026-10-07 22:20:00
-11.655700,-43.708300,GOES-19,2026-10-07 22:20:00
-11.617700,-43.690600,GOES-19,2026-10-07 18:10:00
-11.617700,-43.690600,GOES-19,2026-10-07 18:20:00
-11.617700,-43.690600,GOES-19,2026-10-07 18:30:00
-11.617700,-43.690600,GOES-19,2026-10-07 18:40:00
-11.617700,-43.690600,GOES-19,2026-10-07 18:50:00
-11.617700,-43.690600,GOES-19,2026-10-07 20:30:00
-11.617700,-43.690600,GOES-19,2026-10-07 20:40:00
-11.617700,-43.690600,GOES-19,2026-10-07 22:20:00
-11.636900,-43.687600,GOES-19,2026-10-07 14:30:00
-11.636900,-43.687600,GOES-19,2026-10-07 14:50:00
-11.636900,-43.687600,GOES-19,2026-10-07 15:10:00
-11.636900,-43.687600,GOES-19,2026-10-07 18:00:00
-11.636900,-43.687600,GOES-19,2026-10-07 18:30:00
-11.636900,-43.687600,GOES-19,2026-10-07 18:40:00
-11.636900,-43.687600,GOES-19,2026-10-07 18:50:00
-11.636900,-43.687600,GOES-19,2026-10-07 20:30:00
-11.636900,-43.687600,GOES-19,2026-10-07 20:40:00
-11.636900,-43.687600,GOES-19,2026-10-07 22:20:00
-11.656200,-43.684600,GOES-19,2026-10-07 18:00:00
-11.656200,-43.684600,GOES-19,2026-10-07 18:20:00
-11.656200,-43.684600,GOES-19,2026-10-07 18:30:00
-11.656200,-43.684600,GOES-19,2026-10-07 18:40:00
-11.656200,-43.684600,GOES-19,2026-10-07 18:50:00
-11.656200,-43.684600,GOES-19,2026-10-07 22:20:00
-11.675400,-43.681700,GOES-19,2026-10-07 18:00:00
-11.675400,-43.681700,GOES-19,2026-10-07 18:10:00
-11.694600,-43.678700,GOES-19,2026-10-07 18:00:00
-11.694600,-43.678700,GOES-19,2026-10-07 18:10:00
-11.713900,-43.675700,GOES-19,2026-10-07 18:00:00
-11.713900,-43.675700,GOES-19,2026-10-07 18:10:00
-11.733100,-43.672700,GOES-19,2026-10-07 18:00:00
-11.733100,-43.672700,GOES-19,2026-10-07 18:10:00
-15.553200,-42.968600,GOES-19,2026-10-07 19:40:00
-15.553200,-42.968600,GOES-19,2026-10-07 19:50:00
-11.618100,-43.666900,GOES-19,2026-10-07 18:20:00
-11.618100,-43.666900,GOES-19,2026-10-07 20:30:00
-11.618100,-43.666900,GOES-19,2026-10-07 20:40:00
-11.618100,-43.666900,GOES-19,2026-10-07 22:20:00
-11.637400,-43.664000,GOES-19,2026-10-07 17:40:00
-11.637400,-43.664000,GOES-19,2026-10-07 18:00:00
-11.637400,-43.664000,GOES-19,2026-10-07 18:20:00
-11.637400,-43.664000,GOES-19,2026-10-07 20:30:00
-11.637400,-43.664000,GOES-19,2026-10-07 20:40:00
-11.637400,-43.664000,GOES-19,2026-10-07 22:20:00
-11.675800,-43.658000,GOES-19,2026-10-07 17:40:00
-11.695100,-43.655000,GOES-19,2026-10-07 18:00:00
-11.695100,-43.655000,GOES-19,2026-10-07 18:10:00
-11.714300,-43.652000,GOES-19,2026-10-07 18:00:00
-11.714300,-43.652000,GOES-19,2026-10-07 18:10:00
-11.733500,-43.649000,GOES-19,2026-10-07 18:00:00
-11.733500,-43.649000,GOES-19,2026-10-07 18:10:00
-11.618600,-43.643300,GOES-19,2026-10-07 12:30:00
-11.618600,-43.643300,GOES-19,2026-10-07 12:40:00
-11.618600,-43.643300,GOES-19,2026-10-07 17:40:00
-11.618600,-43.643300,GOES-19,2026-10-07 18:20:00
-11.619000,-43.619600,GOES-19,2026-10-07 17:40:00
-11.619000,-43.619600,GOES-19,2026-10-07 18:20:00
-11.638200,-43.616600,GOES-19,2026-10-07 17:40:00
-11.638200,-43.616600,GOES-19,2026-10-07 18:20:00
-7.003800,-44.067400,GOES-19,2026-10-07 18:10:00
-5.372000,-44.175100,GOES-19,2026-10-07 18:00:00
-5.372000,-44.175100,GOES-19,2026-10-07 18:20:00
-5.372000,-44.175100,GOES-19,2026-10-07 18:40:00
-5.372000,-44.175100,GOES-19,2026-10-07 18:50:00
-12.143100,-43.323000,GOES-19,2026-10-07 18:40:00
-12.143600,-43.299200,GOES-19,2026-10-07 18:10:00
-12.143600,-43.299200,GOES-19,2026-10-07 18:20:00
-4.830600,-44.095800,GOES-19,2026-10-07 19:00:00
-4.830600,-44.095800,GOES-19,2026-10-07 19:10:00
-3.897300,-44.125500,GOES-19,2026-10-07 14:30:00
-3.897300,-44.125500,GOES-19,2026-10-07 14:40:00
-3.897300,-44.125500,GOES-19,2026-10-07 17:50:00
-3.897300,-44.125500,GOES-19,2026-10-07 18:00:00
-3.897300,-44.125500,GOES-19,2026-10-07 18:20:00
-3.897300,-44.125500,GOES-19,2026-10-07 18:30:00
-3.897300,-44.125500,GOES-19,2026-10-07 18:40:00
-3.897300,-44.125500,GOES-19,2026-10-07 18:50:00
-7.778100,-43.830500,GOES-19,2026-10-07 13:00:00
-7.778100,-43.830500,GOES-19,2026-10-07 13:40:00
-9.958500,-43.575200,GOES-19,2026-10-07 18:50:00
-9.977600,-43.572700,GOES-19,2026-10-07 18:20:00
-3.916100,-44.101600,GOES-19,2026-10-07 14:40:00
-7.778400,-43.807300,GOES-19,2026-10-07 13:00:00
-7.778400,-43.807300,GOES-19,2026-10-07 13:10:00
-7.778400,-43.807300,GOES-19,2026-10-07 13:20:00
-7.778400,-43.807300,GOES-19,2026-10-07 14:10:00
-9.939800,-43.554200,GOES-19,2026-10-07 17:40:00
-9.939800,-43.554200,GOES-19,2026-10-07 17:50:00
-9.939800,-43.554200,GOES-19,2026-10-07 18:10:00
-9.939800,-43.554200,GOES-19,2026-10-07 18:20:00
-9.939800,-43.554200,GOES-19,2026-10-07 18:30:00
-9.939800,-43.554200,GOES-19,2026-10-07 18:40:00
-9.939800,-43.554200,GOES-19,2026-10-07 18:50:00
-6.631500,-43.753300,GOES-19,2026-10-07 21:30:00
-6.631500,-43.753300,GOES-19,2026-10-07 21:50:00
-6.631500,-43.753300,GOES-19,2026-10-07 22:00:00
-6.631500,-43.753300,GOES-19,2026-10-07 22:20:00
-6.631500,-43.753300,GOES-19,2026-10-07 22:30:00
-6.631500,-43.753300,GOES-19,2026-10-07 22:40:00
-6.631500,-43.753300,GOES-19,2026-10-07 22:50:00
-6.631500,-43.753300,GOES-19,2026-10-07 23:00:00
-6.631500,-43.753300,GOES-19,2026-10-07 23:10:00
-4.570700,-43.881400,GOES-19,2026-10-07 14:40:00
-6.612900,-43.731700,GOES-19,2026-10-07 21:30:00
-6.612900,-43.731700,GOES-19,2026-10-07 21:50:00
-6.612900,-43.731700,GOES-19,2026-10-07 22:00:00
-6.612900,-43.731700,GOES-19,2026-10-07 22:20:00
-6.612900,-43.731700,GOES-19,2026-10-07 22:30:00
-6.612900,-43.731700,GOES-19,2026-10-07 22:40:00
-6.612900,-43.731700,GOES-19,2026-10-07 22:50:00
-6.612900,-43.731700,GOES-19,2026-10-07 23:00:00
-6.612900,-43.731700,GOES-19,2026-10-07 23:10:00
-6.876200,-43.708300,GOES-19,2026-10-07 19:00:00
-6.876200,-43.708300,GOES-19,2026-10-07 19:10:00
-6.876200,-43.708300,GOES-19,2026-10-07 19:20:00
-6.876200,-43.708300,GOES-19,2026-10-07 19:30:00
-6.876200,-43.708300,GOES-19,2026-10-07 19:40:00
-6.876200,-43.708300,GOES-19,2026-10-07 19:50:00
-6.631700,-43.730000,GOES-19,2026-10-07 21:30:00
-6.631700,-43.730000,GOES-19,2026-10-07 21:50:00
-6.631700,-43.730000,GOES-19,2026-10-07 22:00:00
-6.631700,-43.730000,GOES-19,2026-10-07 22:20:00
-6.631700,-43.730000,GOES-19,2026-10-07 22:30:00
-6.631700,-43.730000,GOES-19,2026-10-07 22:40:00
-6.631700,-43.730000,GOES-19,2026-10-07 22:50:00
-6.631700,-43.730000,GOES-19,2026-10-07 23:00:00
-6.631700,-43.730000,GOES-19,2026-10-07 23:10:00
-6.631900,-43.706800,GOES-19,2026-10-07 21:30:00
-6.631900,-43.706800,GOES-19,2026-10-07 21:50:00
-6.631900,-43.706800,GOES-19,2026-10-07 22:00:00
-6.631900,-43.706800,GOES-19,2026-10-07 22:20:00
-6.631900,-43.706800,GOES-19,2026-10-07 22:30:00
-6.631900,-43.706800,GOES-19,2026-10-07 22:40:00
-6.631900,-43.706800,GOES-19,2026-10-07 22:50:00
-6.631900,-43.706800,GOES-19,2026-10-07 23:00:00
-6.631900,-43.706800,GOES-19,2026-10-07 23:10:00
-5.790900,-43.380600,GOES-19,2026-10-07 19:10:00
-6.354100,-43.334900,GOES-19,2026-10-07 18:40:00
-5.904300,-43.278400,GOES-19,2026-10-07 18:40:00
-5.904300,-43.278400,GOES-19,2026-10-07 18:50:00
-3.436000,-43.269600,GOES-19,2026-10-07 14:20:00
-12.162300,-42.336900,GOES-19,2026-10-07 14:50:00
-15.388200,-41.703700,GOES-19,2026-10-07 14:20:00
-15.388200,-41.703700,GOES-19,2026-10-07 14:30:00
-15.388200,-41.703700,GOES-19,2026-10-07 14:40:00
-15.388200,-41.703700,GOES-19,2026-10-07 14:50:00
-4.145700,-43.210300,GOES-19,2026-10-07 18:10:00
-4.145700,-43.210300,GOES-19,2026-10-07 18:50:00
-4.145700,-43.210300,GOES-19,2026-10-07 19:00:00
-4.145700,-43.210300,GOES-19,2026-10-07 19:10:00
-7.469400,-42.855100,GOES-19,2026-10-07 18:30:00
-7.469400,-42.855100,GOES-19,2026-10-07 18:40:00
-7.469400,-42.855100,GOES-19,2026-10-07 19:00:00
-7.469400,-42.855100,GOES-19,2026-10-07 19:10:00
-7.469400,-42.855100,GOES-19,2026-10-07 19:40:00
-7.469400,-42.855100,GOES-19,2026-10-07 19:50:00
-7.488600,-42.829500,GOES-19,2026-10-07 18:50:00
-7.469700,-42.831500,GOES-19,2026-10-07 18:00:00
-7.469700,-42.831500,GOES-19,2026-10-07 18:30:00
-7.469700,-42.831500,GOES-19,2026-10-07 18:50:00
-5.495600,-42.864800,GOES-19,2026-10-07 18:40:00
-5.495600,-42.864800,GOES-19,2026-10-07 19:10:00
-5.495600,-42.864800,GOES-19,2026-10-07 19:20:00
-5.495600,-42.864800,GOES-19,2026-10-07 19:30:00
-5.477100,-42.842700,GOES-19,2026-10-07 18:10:00
-5.477100,-42.842700,GOES-19,2026-10-07 18:20:00
-5.477100,-42.842700,GOES-19,2026-10-07 18:30:00
-5.477100,-42.842700,GOES-19,2026-10-07 18:40:00
-5.477100,-42.842700,GOES-19,2026-10-07 18:50:00
-3.101800,-42.957800,GOES-19,2026-10-07 18:30:00
-3.120400,-42.957000,GOES-19,2026-10-07 18:20:00
-3.120400,-42.957000,GOES-19,2026-10-07 18:30:00
-3.120400,-42.957000,GOES-19,2026-10-07 18:40:00
-16.452800,-41.054600,GOES-19,2026-10-07 14:10:00
-5.853800,-42.672200,GOES-19,2026-10-07 18:20:00
-6.042100,-42.609600,GOES-19,2026-10-07 18:40:00
-6.042100,-42.609600,GOES-19,2026-10-07 18:50:00
-6.042300,-42.585900,GOES-19,2026-10-07 14:30:00
-6.042300,-42.585900,GOES-19,2026-10-07 18:40:00
-6.249900,-42.497300,GOES-19,2026-10-07 19:40:00
-3.831700,-42.641800,GOES-19,2026-10-07 18:10:00
-14.428900,-40.816900,GOES-19,2026-10-07 18:00:00
-14.428900,-40.816900,GOES-19,2026-10-07 18:20:00
-14.428900,-40.816900,GOES-19,2026-10-07 18:30:00
-5.746900,-42.064300,GOES-19,2026-10-07 18:00:00
-5.746900,-42.064300,GOES-19,2026-10-07 18:10:00
-5.746900,-42.064300,GOES-19,2026-10-07 18:20:00
-5.746900,-42.064300,GOES-19,2026-10-07 18:30:00
-5.765600,-42.062800,GOES-19,2026-10-07 18:20:00
-5.765600,-42.062800,GOES-19,2026-10-07 18:40:00
-5.765600,-42.062800,GOES-19,2026-10-07 18:50:00
-5.765600,-42.062800,GOES-19,2026-10-07 19:00:00
-5.765600,-42.062800,GOES-19,2026-10-07 19:10:00
-5.765600,-42.062800,GOES-19,2026-10-07 19:40:00
-5.747100,-42.040500,GOES-19,2026-10-07 18:10:00
-5.747100,-42.040500,GOES-19,2026-10-07 18:20:00
-5.747100,-42.040500,GOES-19,2026-10-07 18:30:00
-14.432500,-40.665400,GOES-19,2026-10-07 18:30:00
-14.432500,-40.665400,GOES-19,2026-10-07 18:40:00
-14.452200,-40.661100,GOES-19,2026-10-07 18:10:00
-14.452200,-40.661100,GOES-19,2026-10-07 18:30:00
-14.452200,-40.661100,GOES-19,2026-10-07 18:40:00
-5.712200,-41.756500,GOES-19,2026-10-07 18:10:00
-5.731000,-41.754900,GOES-19,2026-10-07 18:40:00
-5.731000,-41.754900,GOES-19,2026-10-07 18:50:00
-5.749800,-41.753400,GOES-19,2026-10-07 18:40:00
-5.712400,-41.732500,GOES-19,2026-10-07 18:00:00
-5.750000,-41.729400,GOES-19,2026-10-07 18:40:00
-3.762200,-41.792400,GOES-19,2026-10-07 18:00:00
-3.762200,-41.792400,GOES-19,2026-10-07 18:10:00
-3.762200,-41.792400,GOES-19,2026-10-07 18:20:00
-3.762200,-41.792400,GOES-19,2026-10-07 18:50:00
-4.117900,-41.772400,GOES-19,2026-10-07 14:20:00
-4.117900,-41.772400,GOES-19,2026-10-07 14:30:00
-4.117900,-41.772400,GOES-19,2026-10-07 14:40:00
-5.713100,-41.660400,GOES-19,2026-10-07 15:10:00
-15.926200,-40.014200,GOES-19,2026-10-07 13:20:00
-15.926200,-40.014200,GOES-19,2026-10-07 14:00:00
-15.926200,-40.014200,GOES-19,2026-10-07 14:10:00
-3.743900,-41.721700,GOES-19,2026-10-07 18:40:00
-3.743900,-41.721700,GOES-19,2026-10-07 18:50:00
-3.595600,-41.489900,GOES-19,2026-10-07 18:00:00
-3.670800,-41.438000,GOES-19,2026-10-07 14:20:00
-7.077100,-40.953100,GOES-19,2026-10-07 18:00:00
-7.077100,-40.953100,GOES-19,2026-10-07 18:10:00
-7.077100,-40.953100,GOES-19,2026-10-07 18:20:00
-7.077300,-40.928700,GOES-19,2026-10-07 18:20:00
-7.077300,-40.928700,GOES-19,2026-10-07 18:30:00
-7.077300,-40.928700,GOES-19,2026-10-07 18:40:00
-7.077300,-40.928700,GOES-19,2026-10-07 18:50:00
-6.907800,-40.897500,GOES-19,2026-10-07 19:50:00
-6.191900,-40.820500,GOES-19,2026-10-07 18:30:00
-6.191900,-40.820500,GOES-19,2026-10-07 18:50:00
-6.210800,-40.818700,GOES-19,2026-10-07 18:50:00
-6.192200,-40.796100,GOES-19,2026-10-07 18:30:00
-6.192200,-40.796100,GOES-19,2026-10-07 18:50:00
-6.211000,-40.794300,GOES-19,2026-10-07 18:50:00
-3.693000,-40.881400,GOES-19,2026-10-07 18:30:00
-3.693000,-40.881400,GOES-19,2026-10-07 19:20:00
-4.575100,-40.778900,GOES-19,2026-10-07 14:30:00
-3.693300,-40.832900,GOES-19,2026-10-07 18:30:00
-3.712000,-40.831800,GOES-19,2026-10-07 18:20:00
-3.693100,-40.857200,GOES-19,2026-10-07 18:00:00
-3.693100,-40.857200,GOES-19,2026-10-07 18:10:00
-3.693100,-40.857200,GOES-19,2026-10-07 18:20:00
-3.693100,-40.857200,GOES-19,2026-10-07 18:30:00
-3.693100,-40.857200,GOES-19,2026-10-07 18:40:00
-3.693100,-40.857200,GOES-19,2026-10-07 18:50:00
-3.711900,-40.856100,GOES-19,2026-10-07 18:20:00
-3.711900,-40.856100,GOES-19,2026-10-07 18:30:00
-3.711900,-40.856100,GOES-19,2026-10-07 18:40:00
-3.711900,-40.856100,GOES-19,2026-10-07 18:50:00
-3.711900,-40.856100,GOES-19,2026-10-07 19:00:00
-3.711900,-40.856100,GOES-19,2026-10-07 19:10:00
-3.711900,-40.856100,GOES-19,2026-10-07 19:20:00
-6.974700,-40.029700,GOES-19,2026-10-07 18:10:00
-6.974700,-40.029700,GOES-19,2026-10-07 18:20:00
-6.974700,-40.029700,GOES-19,2026-10-07 18:50:00
-6.351700,-39.994200,GOES-19,2026-10-07 18:00:00
-6.351700,-39.994200,GOES-19,2026-10-07 18:10:00
-10.487500,-39.428600,GOES-19,2026-10-07 12:50:00
-10.487500,-39.428600,GOES-19,2026-10-07 13:00:00
-6.150000,-39.440900,GOES-19,2026-10-07 18:30:00
-7.363500,-73.226800,GOES-19,2026-10-07 18:00:00
-7.363500,-73.226800,GOES-19,2026-10-07 18:30:00
-7.308600,-73.008700,GOES-19,2026-10-07 18:00:00
-7.308600,-73.008700,GOES-19,2026-10-07 18:10:00
-7.308600,-73.008700,GOES-19,2026-10-07 18:30:00
-7.345400,-72.862900,GOES-19,2026-10-07 17:00:00
-7.345400,-72.862900,GOES-19,2026-10-07 18:10:00
-7.345400,-72.862900,GOES-19,2026-10-07 18:20:00
-7.345400,-72.862900,GOES-19,2026-10-07 18:30:00
-7.345400,-72.862900,GOES-19,2026-10-07 18:40:00
-7.290400,-72.717600,GOES-19,2026-10-07 18:30:00
-7.217100,-72.681700,GOES-19,2026-10-07 18:40:00
-8.007700,-72.421100,GOES-19,2026-10-07 18:10:00
-7.897300,-72.367200,GOES-19,2026-10-07 17:30:00
-7.658300,-72.296100,GOES-19,2026-10-07 17:40:00
-7.658300,-72.296100,GOES-19,2026-10-07 19:00:00
-7.658300,-72.296100,GOES-19,2026-10-07 19:20:00
-7.658300,-72.296100,GOES-19,2026-10-07 19:30:00
-7.658300,-72.296100,GOES-19,2026-10-07 19:40:00
-7.658300,-72.296100,GOES-19,2026-10-07 19:50:00
-7.328100,-71.824900,GOES-19,2026-10-07 17:20:00
-7.328100,-71.824900,GOES-19,2026-10-07 17:30:00
-7.328100,-71.824900,GOES-19,2026-10-07 17:40:00
-7.328100,-71.824900,GOES-19,2026-10-07 17:50:00
-7.861400,-71.655900,GOES-19,2026-10-07 17:20:00
-7.861400,-71.655900,GOES-19,2026-10-07 17:30:00
-7.861400,-71.655900,GOES-19,2026-10-07 18:10:00
-6.979700,-71.645700,GOES-19,2026-10-07 18:20:00
-6.979700,-71.645700,GOES-19,2026-10-07 18:30:00
-8.894400,-71.388700,GOES-19,2026-10-07 18:50:00
-8.377800,-71.266600,GOES-19,2026-10-07 18:00:00
-8.377800,-71.266600,GOES-19,2026-10-07 19:20:00
-8.377800,-71.248300,GOES-19,2026-10-07 17:50:00
-8.377800,-71.248300,GOES-19,2026-10-07 18:10:00
-8.377800,-71.248300,GOES-19,2026-10-07 18:40:00
-8.377800,-71.248300,GOES-19,2026-10-07 18:50:00
-8.396200,-71.248100,GOES-19,2026-10-07 17:50:00
-8.396200,-71.248100,GOES-19,2026-10-07 18:00:00
-8.396200,-71.248100,GOES-19,2026-10-07 18:40:00
-8.285700,-71.231100,GOES-19,2026-10-07 17:30:00
-8.285700,-71.231100,GOES-19,2026-10-07 17:40:00
-8.285700,-71.231100,GOES-19,2026-10-07 17:50:00
-8.304100,-71.230900,GOES-19,2026-10-07 18:00:00
-8.285700,-71.212800,GOES-19,2026-10-07 17:40:00
-8.285700,-71.212800,GOES-19,2026-10-07 17:50:00
-8.341300,-71.047400,GOES-19,2026-10-07 15:50:00
-8.341300,-71.047400,GOES-19,2026-10-07 16:20:00
-8.599800,-70.916000,GOES-19,2026-10-07 18:00:00
-8.599800,-70.916000,GOES-19,2026-10-07 18:10:00
-8.599800,-70.916000,GOES-19,2026-10-07 18:20:00
-8.599800,-70.916000,GOES-19,2026-10-07 18:30:00
-8.599800,-70.916000,GOES-19,2026-10-07 18:40:00
-8.599800,-70.916000,GOES-19,2026-10-07 18:50:00
-8.286300,-70.883400,GOES-19,2026-10-07 18:20:00
-8.286300,-70.865100,GOES-19,2026-10-07 17:40:00
-8.286300,-70.865100,GOES-19,2026-10-07 17:50:00
-8.286300,-70.865100,GOES-19,2026-10-07 18:00:00
-8.304700,-70.864800,GOES-19,2026-10-07 17:50:00
-8.304700,-70.864800,GOES-19,2026-10-07 18:00:00
-8.249500,-70.847200,GOES-19,2026-10-07 16:00:00
-8.249500,-70.847200,GOES-19,2026-10-07 16:10:00
-8.249500,-70.847200,GOES-19,2026-10-07 16:20:00
-8.249500,-70.847200,GOES-19,2026-10-07 18:30:00
-8.249500,-70.847200,GOES-19,2026-10-07 18:40:00
-8.304800,-70.846500,GOES-19,2026-10-07 17:30:00
-8.489300,-70.807500,GOES-19,2026-10-07 17:50:00
-8.489300,-70.807500,GOES-19,2026-10-07 18:00:00
-8.083700,-70.812700,GOES-19,2026-10-07 18:10:00
-8.083700,-70.812700,GOES-19,2026-10-07 18:20:00
-8.323400,-70.754700,GOES-19,2026-10-07 17:50:00
-7.881500,-70.650600,GOES-19,2026-10-07 19:40:00
-7.973600,-70.594500,GOES-19,2026-10-07 17:40:00
-7.973600,-70.594500,GOES-19,2026-10-07 17:50:00
-7.973600,-70.594500,GOES-19,2026-10-07 18:00:00
-7.973600,-70.594500,GOES-19,2026-10-07 18:10:00
-7.973600,-70.594500,GOES-19,2026-10-07 18:20:00
-7.973600,-70.594500,GOES-19,2026-10-07 18:30:00
-8.564100,-70.329900,GOES-19,2026-10-07 16:00:00
-8.564100,-70.329900,GOES-19,2026-10-07 16:10:00
-8.564100,-70.329900,GOES-19,2026-10-07 16:20:00
-8.435200,-70.203400,GOES-19,2026-10-07 17:50:00
-8.066700,-70.117100,GOES-19,2026-10-07 18:00:00
-8.066700,-70.117100,GOES-19,2026-10-07 18:30:00
-8.675400,-70.089600,GOES-19,2026-10-07 17:30:00
-8.675400,-70.089600,GOES-19,2026-10-07 17:40:00
-8.675400,-70.089600,GOES-19,2026-10-07 17:50:00
-6.982100,-70.077000,GOES-19,2026-10-07 18:00:00
-6.982100,-70.077000,GOES-19,2026-10-07 18:10:00
-6.982100,-70.077000,GOES-19,2026-10-07 18:20:00
-6.982100,-70.077000,GOES-19,2026-10-07 18:30:00
-6.982100,-70.077000,GOES-19,2026-10-07 18:40:00
-6.982100,-70.077000,GOES-19,2026-10-07 18:50:00
-6.982100,-70.077000,GOES-19,2026-10-07 19:10:00
-7.661800,-70.068000,GOES-19,2026-10-07 18:10:00
-7.661800,-70.068000,GOES-19,2026-10-07 18:20:00
-7.661800,-70.068000,GOES-19,2026-10-07 18:30:00
-7.661800,-70.068000,GOES-19,2026-10-07 18:40:00
-7.661800,-70.068000,GOES-19,2026-10-07 18:50:00
-8.601600,-70.035700,GOES-19,2026-10-07 18:00:00
-8.601600,-70.035700,GOES-19,2026-10-07 18:10:00
-8.601600,-70.035700,GOES-19,2026-10-07 18:20:00
-6.927100,-70.041200,GOES-19,2026-10-07 17:30:00
-6.927100,-70.041200,GOES-19,2026-10-07 17:40:00
-6.945500,-70.040900,GOES-19,2026-10-07 17:30:00
-6.945500,-70.040900,GOES-19,2026-10-07 17:40:00
-6.927200,-70.022900,GOES-19,2026-10-07 17:40:00
-6.945500,-70.022700,GOES-19,2026-10-07 17:30:00
-6.945500,-70.022700,GOES-19,2026-10-07 17:40:00
-6.799100,-69.823500,GOES-19,2026-10-07 18:10:00
-6.799100,-69.823500,GOES-19,2026-10-07 18:20:00
-8.750300,-69.647400,GOES-19,2026-10-07 14:00:00
-8.750300,-69.647400,GOES-19,2026-10-07 14:20:00
-8.750300,-69.647400,GOES-19,2026-10-07 14:40:00
-8.695500,-69.409400,GOES-19,2026-10-07 16:00:00
-8.695500,-69.409400,GOES-19,2026-10-07 16:10:00
-9.659100,-69.040300,GOES-19,2026-10-07 17:50:00
-9.659100,-69.040300,GOES-19,2026-10-07 18:10:00
-10.908700,-68.287200,GOES-19,2026-10-07 17:50:00
-10.890100,-68.269100,GOES-19,2026-10-07 17:50:00
-10.890100,-68.269100,GOES-19,2026-10-07 18:30:00
-10.890100,-68.269100,GOES-19,2026-10-07 18:40:00
-10.908700,-68.268600,GOES-19,2026-10-07 18:10:00
-10.908700,-68.268600,GOES-19,2026-10-07 18:30:00
-10.908700,-68.268600,GOES-19,2026-10-07 18:40:00
-10.852800,-68.251500,GOES-19,2026-10-07 19:10:00
-10.890100,-68.250500,GOES-19,2026-10-07 18:30:00
-9.330600,-67.512100,GOES-19,2026-10-07 18:40:00
-9.330600,-67.512100,GOES-19,2026-10-07 18:50:00
-9.330600,-67.512100,GOES-19,2026-10-07 19:00:00
-9.330600,-67.512100,GOES-19,2026-10-07 19:10:00
-9.330600,-67.512100,GOES-19,2026-10-07 19:20:00
-8.886300,-67.486300,GOES-19,2026-10-07 17:50:00
-8.886300,-67.486300,GOES-19,2026-10-07 18:00:00
-8.886300,-67.486300,GOES-19,2026-10-07 18:10:00
-8.886300,-67.486300,GOES-19,2026-10-07 18:20:00
-8.886300,-67.486300,GOES-19,2026-10-07 18:40:00
-8.886300,-67.486300,GOES-19,2026-10-07 18:50:00
-8.905400,-67.337600,GOES-19,2026-10-07 18:00:00
-8.905400,-67.337600,GOES-19,2026-10-07 18:10:00
-8.609700,-67.308000,GOES-19,2026-10-07 15:10:00
-8.609700,-67.308000,GOES-19,2026-10-07 19:40:00
-8.609700,-67.308000,GOES-19,2026-10-07 19:50:00
-9.888400,-67.255600,GOES-19,2026-10-07 18:10:00
-9.907000,-67.255000,GOES-19,2026-10-07 18:50:00
-8.646700,-67.270000,GOES-19,2026-10-07 18:30:00
-9.461900,-67.118800,GOES-19,2026-10-07 18:00:00
-9.461900,-67.118800,GOES-19,2026-10-07 18:40:00
-9.461900,-67.118800,GOES-19,2026-10-07 18:50:00
-9.461900,-67.118800,GOES-19,2026-10-07 19:00:00
-8.610500,-67.067200,GOES-19,2026-10-07 15:10:00
-8.610500,-67.067200,GOES-19,2026-10-07 15:20:00
-8.610500,-67.067200,GOES-19,2026-10-07 15:30:00
-8.610500,-67.067200,GOES-19,2026-10-07 15:40:00
-8.610500,-67.067200,GOES-19,2026-10-07 18:40:00
-8.610500,-67.067200,GOES-19,2026-10-07 19:10:00
-8.610500,-67.067200,GOES-19,2026-10-07 19:20:00
-8.610500,-67.067200,GOES-19,2026-10-07 19:30:00
-8.610500,-67.067200,GOES-19,2026-10-07 19:40:00
-8.610500,-67.067200,GOES-19,2026-10-07 19:50:00
-8.980500,-67.039000,GOES-19,2026-10-07 19:10:00
-8.536700,-67.032000,GOES-19,2026-10-07 20:00:00
-8.536700,-67.032000,GOES-19,2026-10-07 20:10:00
-8.536700,-67.032000,GOES-19,2026-10-07 20:20:00
-8.536700,-67.032000,GOES-19,2026-10-07 20:30:00
-8.536700,-67.032000,GOES-19,2026-10-07 20:40:00
-8.536700,-67.032000,GOES-19,2026-10-07 20:50:00
-8.536700,-67.032000,GOES-19,2026-10-07 21:00:00
-8.536700,-67.032000,GOES-19,2026-10-07 21:10:00
-8.555200,-67.031500,GOES-19,2026-10-07 20:00:00
-8.555200,-67.031500,GOES-19,2026-10-07 20:10:00
-8.555200,-67.031500,GOES-19,2026-10-07 20:20:00
-8.555200,-67.031500,GOES-19,2026-10-07 20:30:00
-8.555200,-67.031500,GOES-19,2026-10-07 20:40:00
-8.555200,-67.031500,GOES-19,2026-10-07 20:50:00
-8.555200,-67.031500,GOES-19,2026-10-07 21:00:00
-8.555200,-67.031500,GOES-19,2026-10-07 21:10:00
-8.518300,-67.013900,GOES-19,2026-10-07 20:00:00
-8.518300,-67.013900,GOES-19,2026-10-07 20:10:00
-8.518300,-67.013900,GOES-19,2026-10-07 20:20:00
-8.518300,-67.013900,GOES-19,2026-10-07 20:30:00
-8.518300,-67.013900,GOES-19,2026-10-07 20:40:00
-8.518300,-67.013900,GOES-19,2026-10-07 20:50:00
-8.518300,-67.013900,GOES-19,2026-10-07 21:00:00
-8.518300,-67.013900,GOES-19,2026-10-07 21:10:00
-8.536800,-67.013500,GOES-19,2026-10-07 20:00:00
-8.536800,-67.013500,GOES-19,2026-10-07 20:10:00
-8.536800,-67.013500,GOES-19,2026-10-07 20:20:00
-8.536800,-67.013500,GOES-19,2026-10-07 20:30:00
-8.536800,-67.013500,GOES-19,2026-10-07 20:40:00
-8.536800,-67.013500,GOES-19,2026-10-07 20:50:00
-8.536800,-67.013500,GOES-19,2026-10-07 21:00:00
-8.536800,-67.013500,GOES-19,2026-10-07 21:10:00
-8.555300,-67.013000,GOES-19,2026-10-07 20:10:00
-8.555300,-67.013000,GOES-19,2026-10-07 20:20:00
-8.555300,-67.013000,GOES-19,2026-10-07 20:30:00
-8.555300,-67.013000,GOES-19,2026-10-07 20:40:00
-8.610700,-67.011600,GOES-19,2026-10-07 18:40:00
-8.610700,-67.011600,GOES-19,2026-10-07 18:50:00
-8.518400,-66.995400,GOES-19,2026-10-07 20:00:00
-8.518400,-66.995400,GOES-19,2026-10-07 20:10:00
-8.518400,-66.995400,GOES-19,2026-10-07 20:20:00
-8.518400,-66.995400,GOES-19,2026-10-07 20:30:00
-8.518400,-66.995400,GOES-19,2026-10-07 20:40:00
-8.518400,-66.995400,GOES-19,2026-10-07 20:50:00
-8.518400,-66.995400,GOES-19,2026-10-07 21:00:00
-8.518400,-66.995400,GOES-19,2026-10-07 21:10:00
-8.536900,-66.994900,GOES-19,2026-10-07 18:30:00
-8.536900,-66.994900,GOES-19,2026-10-07 18:40:00
-8.536900,-66.994900,GOES-19,2026-10-07 19:00:00
-8.536900,-66.994900,GOES-19,2026-10-07 19:40:00
-8.536900,-66.994900,GOES-19,2026-10-07 19:50:00
-8.536900,-66.994900,GOES-19,2026-10-07 20:00:00
-8.536900,-66.994900,GOES-19,2026-10-07 20:10:00
-8.536900,-66.994900,GOES-19,2026-10-07 20:20:00
-8.536900,-66.994900,GOES-19,2026-10-07 20:30:00
-8.536900,-66.994900,GOES-19,2026-10-07 20:40:00
-8.536900,-66.994900,GOES-19,2026-10-07 20:50:00
-8.536900,-66.994900,GOES-19,2026-10-07 21:00:00
-8.536900,-66.994900,GOES-19,2026-10-07 21:10:00
-8.537000,-66.976400,GOES-19,2026-10-07 20:00:00
-8.537000,-66.976400,GOES-19,2026-10-07 20:10:00
-8.537000,-66.976400,GOES-19,2026-10-07 20:20:00
-8.537000,-66.976400,GOES-19,2026-10-07 20:30:00
-8.537000,-66.976400,GOES-19,2026-10-07 20:40:00
-8.537000,-66.976400,GOES-19,2026-10-07 20:50:00
-8.537000,-66.976400,GOES-19,2026-10-07 21:00:00
-8.537000,-66.976400,GOES-19,2026-10-07 21:10:00
-4.902300,-66.956800,GOES-19,2026-10-07 18:10:00
-4.902300,-66.956800,GOES-19,2026-10-07 18:20:00
-4.902300,-66.956800,GOES-19,2026-10-07 19:20:00
-8.611700,-66.752000,GOES-19,2026-10-07 15:50:00
-8.611700,-66.752000,GOES-19,2026-10-07 16:00:00
-8.611700,-66.752000,GOES-19,2026-10-07 18:20:00
-9.132600,-66.086400,GOES-19,2026-10-07 18:10:00
-9.132600,-66.086400,GOES-19,2026-10-07 19:00:00
-9.114400,-66.012400,GOES-19,2026-10-07 19:30:00
-8.948000,-65.942900,GOES-19,2026-10-07 18:20:00
-8.948000,-65.942900,GOES-19,2026-10-07 18:30:00
-8.948000,-65.942900,GOES-19,2026-10-07 18:40:00
-8.948000,-65.942900,GOES-19,2026-10-07 18:50:00
-8.948000,-65.942900,GOES-19,2026-10-07 19:10:00
-8.948000,-65.942900,GOES-19,2026-10-07 19:40:00
-9.356500,-65.762300,GOES-19,2026-10-07 19:00:00
-9.356500,-65.762300,GOES-19,2026-10-07 19:10:00
-9.356500,-65.762300,GOES-19,2026-10-07 19:20:00
-9.171200,-65.749500,GOES-19,2026-10-07 18:20:00
-9.171200,-65.749500,GOES-19,2026-10-07 18:30:00
-9.171200,-65.749500,GOES-19,2026-10-07 18:40:00
-9.245800,-65.635100,GOES-19,2026-10-07 18:00:00
-9.245800,-65.635100,GOES-19,2026-10-07 18:20:00
-9.079800,-65.472300,GOES-19,2026-10-07 15:50:00
-8.987300,-65.437900,GOES-19,2026-10-07 15:20:00
-8.987300,-65.437900,GOES-19,2026-10-07 15:30:00
-8.987300,-65.437900,GOES-19,2026-10-07 15:40:00
-9.005800,-65.437300,GOES-19,2026-10-07 15:20:00
-9.005800,-65.437300,GOES-19,2026-10-07 15:30:00
-9.005800,-65.437300,GOES-19,2026-10-07 15:40:00
-9.024400,-65.436700,GOES-19,2026-10-07 15:40:00
-9.135600,-65.433100,GOES-19,2026-10-07 15:50:00
-9.135600,-65.433100,GOES-19,2026-10-07 17:20:00
-9.135600,-65.433100,GOES-19,2026-10-07 17:40:00
-9.135600,-65.433100,GOES-19,2026-10-07 17:50:00
-8.987400,-65.419200,GOES-19,2026-10-07 15:20:00
-8.987400,-65.419200,GOES-19,2026-10-07 15:30:00
-8.987400,-65.419200,GOES-19,2026-10-07 15:40:00
-9.006000,-65.400000,GOES-19,2026-10-07 15:30:00
-9.006000,-65.400000,GOES-19,2026-10-07 15:40:00
-9.117500,-65.340300,GOES-19,2026-10-07 15:20:00
-9.117500,-65.340300,GOES-19,2026-10-07 15:30:00
-9.117500,-65.340300,GOES-19,2026-10-07 15:40:00
-9.657100,-65.040800,GOES-19,2026-10-07 15:40:00
-9.657100,-65.040800,GOES-19,2026-10-07 15:50:00
-9.657100,-65.040800,GOES-19,2026-10-07 16:00:00
-9.657100,-65.040800,GOES-19,2026-10-07 16:10:00
-9.657100,-65.040800,GOES-19,2026-10-07 17:20:00
-9.657100,-65.040800,GOES-19,2026-10-07 17:30:00
-9.657100,-65.040800,GOES-19,2026-10-07 17:40:00
-9.657100,-65.040800,GOES-19,2026-10-07 17:50:00
-9.805900,-65.035400,GOES-19,2026-10-07 16:00:00
-9.805900,-65.035400,GOES-19,2026-10-07 18:40:00
-9.824500,-65.034800,GOES-19,2026-10-07 16:00:00
-9.824500,-65.034800,GOES-19,2026-10-07 18:40:00
-9.843100,-65.034100,GOES-19,2026-10-07 18:40:00
-9.824600,-65.016000,GOES-19,2026-10-07 16:00:00
-9.824600,-65.016000,GOES-19,2026-10-07 18:40:00
-9.843200,-65.015300,GOES-19,2026-10-07 16:00:00
-9.843200,-65.015300,GOES-19,2026-10-07 17:40:00
-9.843200,-65.015300,GOES-19,2026-10-07 18:40:00
-9.675800,-65.021400,GOES-19,2026-10-07 14:40:00
-9.675800,-65.021400,GOES-19,2026-10-07 15:00:00
-9.675800,-65.021400,GOES-19,2026-10-07 15:10:00
-9.675800,-65.021400,GOES-19,2026-10-07 15:20:00
-9.675800,-65.021400,GOES-19,2026-10-07 15:30:00
-9.675800,-65.021400,GOES-19,2026-10-07 15:40:00
-9.675800,-65.021400,GOES-19,2026-10-07 15:50:00
-9.675800,-65.021400,GOES-19,2026-10-07 16:00:00
-9.675800,-65.021400,GOES-19,2026-10-07 16:10:00
-9.675800,-65.021400,GOES-19,2026-10-07 16:20:00
-9.675800,-65.021400,GOES-19,2026-10-07 16:30:00
-9.675800,-65.021400,GOES-19,2026-10-07 16:40:00
-9.675800,-65.021400,GOES-19,2026-10-07 16:50:00
-9.675800,-65.021400,GOES-19,2026-10-07 18:30:00
-9.806000,-65.016700,GOES-19,2026-10-07 16:00:00
-9.806000,-65.016700,GOES-19,2026-10-07 18:40:00
-9.713100,-65.001300,GOES-19,2026-10-07 16:10:00
-9.713100,-65.001300,GOES-19,2026-10-07 17:10:00
-9.806100,-64.997900,GOES-19,2026-10-07 16:00:00
-9.806100,-64.997900,GOES-19,2026-10-07 18:40:00
-9.843400,-64.977700,GOES-19,2026-10-07 18:10:00
-9.862000,-64.977100,GOES-19,2026-10-07 18:00:00
-9.862000,-64.977100,GOES-19,2026-10-07 18:20:00
-9.862000,-64.977100,GOES-19,2026-10-07 18:50:00
-9.862000,-64.977100,GOES-19,2026-10-07 19:00:00
-9.862000,-64.977100,GOES-19,2026-10-07 19:10:00
-9.862000,-64.977100,GOES-19,2026-10-07 19:20:00
-10.440300,-64.804400,GOES-19,2026-10-07 16:00:00
-10.348800,-64.506600,GOES-19,2026-10-07 18:20:00
-9.475000,-64.352500,GOES-19,2026-10-07 20:50:00
-9.475000,-64.352500,GOES-19,2026-10-07 21:10:00
-9.475100,-64.333600,GOES-19,2026-10-07 20:50:00
-9.475100,-64.333600,GOES-19,2026-10-07 21:10:00
-8.844900,-64.244000,GOES-19,2026-10-07 19:20:00
-8.844900,-64.244000,GOES-19,2026-10-07 19:30:00
-8.844900,-64.244000,GOES-19,2026-10-07 19:40:00
-8.844900,-64.244000,GOES-19,2026-10-07 19:50:00
-8.845000,-64.225200,GOES-19,2026-10-07 19:30:00
-8.845000,-64.225200,GOES-19,2026-10-07 19:40:00
-8.223100,-62.835000,GOES-19,2026-10-07 14:10:00
-8.223100,-62.835000,GOES-19,2026-10-07 14:20:00
-8.223100,-62.835000,GOES-19,2026-10-07 14:30:00
-8.223100,-62.835000,GOES-19,2026-10-07 14:40:00
-8.223100,-62.835000,GOES-19,2026-10-07 14:50:00
-8.223100,-62.835000,GOES-19,2026-10-07 15:00:00
-8.223100,-62.835000,GOES-19,2026-10-07 15:10:00
-8.223100,-62.835000,GOES-19,2026-10-07 15:20:00
-8.482900,-62.692700,GOES-19,2026-10-07 15:10:00
-8.482900,-62.692700,GOES-19,2026-10-07 15:20:00
-8.482900,-62.692700,GOES-19,2026-10-07 15:30:00
-8.836400,-62.432100,GOES-19,2026-10-07 15:20:00
-8.836500,-62.413100,GOES-19,2026-10-07 15:20:00
-11.906500,-61.567900,GOES-19,2026-10-07 19:00:00
-11.925400,-61.566700,GOES-19,2026-10-07 19:00:00
-11.925400,-61.566700,GOES-19,2026-10-07 19:40:00
-11.925400,-61.566700,GOES-19,2026-10-07 19:50:00
-10.723200,-61.616500,GOES-19,2026-10-07 15:10:00
-10.723200,-61.616500,GOES-19,2026-10-07 15:20:00
-10.723200,-61.616500,GOES-19,2026-10-07 15:30:00
-10.723200,-61.616500,GOES-19,2026-10-07 15:40:00
3.567700,-60.205800,GOES-19,2026-10-07 13:50:00
3.567700,-60.205800,GOES-19,2026-10-07 14:40:00
3.567800,-60.186800,GOES-19,2026-10-07 13:40:00
3.567800,-60.186800,GOES-19,2026-10-07 13:50:00
3.567800,-60.186800,GOES-19,2026-10-07 14:00:00
-3.497200,-59.290300,GOES-19,2026-10-07 15:30:00
-3.570900,-59.096900,GOES-19,2026-10-07 15:30:00
-3.187900,-58.643300,GOES-19,2026-10-07 18:00:00
-3.187900,-58.643300,GOES-19,2026-10-07 18:20:00
-3.187900,-58.643300,GOES-19,2026-10-07 18:30:00
-3.187900,-58.643300,GOES-19,2026-10-07 18:40:00
-3.187900,-58.643300,GOES-19,2026-10-07 18:50:00
-3.187900,-58.643300,GOES-19,2026-10-07 19:00:00
-3.187900,-58.643300,GOES-19,2026-10-07 19:10:00
-3.188000,-58.624100,GOES-19,2026-10-07 18:20:00
-3.188000,-58.624100,GOES-19,2026-10-07 18:40:00
-3.188000,-58.624100,GOES-19,2026-10-07 18:50:00
-3.517500,-58.597900,GOES-19,2026-10-07 17:50:00
-3.097000,-58.433100,GOES-19,2026-10-07 18:30:00
-2.914400,-58.301400,GOES-19,2026-10-07 18:30:00
-2.914400,-58.301400,GOES-19,2026-10-07 18:40:00
-2.914400,-58.301400,GOES-19,2026-10-07 18:50:00
-2.914400,-58.301400,GOES-19,2026-10-07 19:00:00
-2.914400,-58.301400,GOES-19,2026-10-07 19:10:00
-2.914400,-58.301400,GOES-19,2026-10-07 19:20:00
-2.914400,-58.301400,GOES-19,2026-10-07 19:30:00
-2.932700,-58.301100,GOES-19,2026-10-07 15:20:00
-2.932700,-58.301100,GOES-19,2026-10-07 15:30:00
-2.932700,-58.301100,GOES-19,2026-10-07 15:40:00
-2.932700,-58.301100,GOES-19,2026-10-07 18:30:00
-2.932700,-58.301100,GOES-19,2026-10-07 18:40:00
-2.932700,-58.301100,GOES-19,2026-10-07 18:50:00
-2.932700,-58.301100,GOES-19,2026-10-07 19:00:00
-2.932700,-58.301100,GOES-19,2026-10-07 19:10:00
-2.932700,-58.301100,GOES-19,2026-10-07 19:20:00
-2.932700,-58.301100,GOES-19,2026-10-07 19:30:00
-2.932700,-58.301100,GOES-19,2026-10-07 19:40:00
-2.932700,-58.301100,GOES-19,2026-10-07 19:50:00
-3.591800,-58.268100,GOES-19,2026-10-07 18:30:00
-3.372200,-58.234300,GOES-19,2026-10-07 15:40:00
-3.390500,-58.233900,GOES-19,2026-10-07 15:40:00
-3.390500,-58.214600,GOES-19,2026-10-07 15:40:00
-3.354000,-58.196100,GOES-19,2026-10-07 15:40:00
-3.372300,-58.195700,GOES-19,2026-10-07 15:40:00
-6.625600,-57.994000,GOES-19,2026-10-07 18:30:00
-6.625600,-57.994000,GOES-19,2026-10-07 18:40:00
-3.098100,-58.046600,GOES-19,2026-10-07 19:50:00
-11.983000,-57.606600,GOES-19,2026-10-07 15:10:00
-3.098200,-58.027300,GOES-19,2026-10-07 15:20:00
-3.098200,-58.027300,GOES-19,2026-10-07 19:00:00
-3.098200,-58.027300,GOES-19,2026-10-07 19:50:00
-3.043300,-58.009000,GOES-19,2026-10-07 15:20:00
-3.043300,-58.009000,GOES-19,2026-10-07 15:30:00
-3.061600,-58.008600,GOES-19,2026-10-07 15:20:00
-3.061600,-58.008600,GOES-19,2026-10-07 15:30:00
-3.079900,-58.008300,GOES-19,2026-10-07 15:20:00
-3.079900,-58.008300,GOES-19,2026-10-07 15:30:00
-3.007000,-57.893500,GOES-19,2026-10-07 19:20:00
-3.263400,-57.868900,GOES-19,2026-10-07 19:20:00
-5.871500,-57.674000,GOES-19,2026-10-07 15:30:00
-3.025700,-57.738000,GOES-19,2026-10-07 15:40:00
-2.787900,-57.684300,GOES-19,2026-10-07 15:30:00
-2.751300,-57.665600,GOES-19,2026-10-07 15:30:00
-2.769600,-57.665300,GOES-19,2026-10-07 15:30:00
-2.787900,-57.664900,GOES-19,2026-10-07 15:30:00
-3.080900,-57.659300,GOES-19,2026-10-07 15:20:00
-3.080900,-57.659300,GOES-19,2026-10-07 15:30:00
-3.080900,-57.659300,GOES-19,2026-10-07 15:40:00
-2.788000,-57.645500,GOES-19,2026-10-07 15:30:00
-2.733200,-57.607700,GOES-19,2026-10-07 15:10:00
-3.044600,-57.524000,GOES-19,2026-10-07 15:30:00
-3.044600,-57.524000,GOES-19,2026-10-07 15:40:00
-3.063000,-57.523600,GOES-19,2026-10-07 15:30:00
-3.063000,-57.523600,GOES-19,2026-10-07 15:40:00
-3.044700,-57.504600,GOES-19,2026-10-07 15:30:00
-3.044700,-57.504600,GOES-19,2026-10-07 15:40:00
-3.026400,-57.485500,GOES-19,2026-10-07 15:30:00
-3.026400,-57.485500,GOES-19,2026-10-07 15:40:00
-3.044700,-57.485100,GOES-19,2026-10-07 15:30:00
-3.044700,-57.485100,GOES-19,2026-10-07 15:40:00
-3.026500,-57.466000,GOES-19,2026-10-07 15:30:00
-3.026500,-57.466000,GOES-19,2026-10-07 15:40:00
-3.044800,-57.465700,GOES-19,2026-10-07 15:40:00
-1.124200,-57.220300,GOES-19,2026-10-07 15:20:00
-1.124200,-57.220300,GOES-19,2026-10-07 15:30:00
-4.219500,-57.085900,GOES-19,2026-10-07 15:30:00
-1.819300,-57.115900,GOES-19,2026-10-07 18:20:00
-1.819300,-57.115900,GOES-19,2026-10-07 18:30:00
-1.819300,-57.115900,GOES-19,2026-10-07 18:40:00
-1.819300,-57.115900,GOES-19,2026-10-07 18:50:00
-1.819300,-57.115900,GOES-19,2026-10-07 19:00:00
-1.819300,-57.115900,GOES-19,2026-10-07 19:20:00
-1.819300,-57.115900,GOES-19,2026-10-07 19:50:00
-1.142700,-57.064300,GOES-19,2026-10-07 15:00:00
-1.142700,-57.064300,GOES-19,2026-10-07 15:10:00
-1.856000,-57.057000,GOES-19,2026-10-07 19:10:00
-1.856000,-57.057000,GOES-19,2026-10-07 19:20:00
-1.856000,-57.037500,GOES-19,2026-10-07 19:20:00
-1.856000,-57.037500,GOES-19,2026-10-07 19:40:00
-3.248300,-56.817600,GOES-19,2026-10-07 15:30:00
-3.083400,-56.801700,GOES-19,2026-10-07 15:40:00
-7.004800,-56.485500,GOES-19,2026-10-07 14:00:00
-7.004800,-56.485500,GOES-19,2026-10-07 14:10:00
-7.004800,-56.485500,GOES-19,2026-10-07 14:20:00
-2.498700,-56.185600,GOES-19,2026-10-07 22:40:00
-2.498700,-56.185600,GOES-19,2026-10-07 22:50:00
-2.498700,-56.185600,GOES-19,2026-10-07 23:00:00
-2.498700,-56.185600,GOES-19,2026-10-07 23:10:00
-2.498700,-56.185600,GOES-19,2026-10-07 23:20:00
-2.498700,-56.185600,GOES-19,2026-10-07 23:30:00
-2.498700,-56.185600,GOES-19,2026-10-07 23:40:00
-2.498700,-56.185600,GOES-19,2026-10-07 23:50:00
-2.517000,-56.185200,GOES-19,2026-10-07 23:40:00
-2.517000,-56.185200,GOES-19,2026-10-07 23:50:00
-2.498700,-56.165900,GOES-19,2026-10-07 22:20:00
-2.498700,-56.165900,GOES-19,2026-10-07 22:30:00
-2.498700,-56.165900,GOES-19,2026-10-07 22:40:00
-2.498700,-56.165900,GOES-19,2026-10-07 22:50:00
-2.498700,-56.165900,GOES-19,2026-10-07 23:00:00
-2.498700,-56.165900,GOES-19,2026-10-07 23:10:00
-2.498700,-56.165900,GOES-19,2026-10-07 23:20:00
-2.498700,-56.165900,GOES-19,2026-10-07 23:30:00
-2.498700,-56.165900,GOES-19,2026-10-07 23:40:00
-2.498700,-56.165900,GOES-19,2026-10-07 23:50:00
-2.517000,-56.165600,GOES-19,2026-10-07 22:20:00
-2.517000,-56.165600,GOES-19,2026-10-07 22:30:00
-2.517000,-56.165600,GOES-19,2026-10-07 22:40:00
-2.517000,-56.165600,GOES-19,2026-10-07 22:50:00
-2.517000,-56.165600,GOES-19,2026-10-07 23:00:00
-2.517000,-56.165600,GOES-19,2026-10-07 23:10:00
-2.517000,-56.165600,GOES-19,2026-10-07 23:20:00
-2.517000,-56.165600,GOES-19,2026-10-07 23:30:00
-2.517000,-56.165600,GOES-19,2026-10-07 23:40:00
-2.517000,-56.165600,GOES-19,2026-10-07 23:50:00
-2.480400,-56.146600,GOES-19,2026-10-07 22:20:00
-2.480400,-56.146600,GOES-19,2026-10-07 22:30:00
-2.480400,-56.146600,GOES-19,2026-10-07 23:30:00
-2.480400,-56.146600,GOES-19,2026-10-07 23:40:00
-2.480400,-56.146600,GOES-19,2026-10-07 23:50:00
-2.498800,-56.146200,GOES-19,2026-10-07 22:20:00
-2.498800,-56.146200,GOES-19,2026-10-07 22:30:00
-2.498800,-56.146200,GOES-19,2026-10-07 22:40:00
-2.498800,-56.146200,GOES-19,2026-10-07 22:50:00
-2.498800,-56.146200,GOES-19,2026-10-07 23:00:00
-2.498800,-56.146200,GOES-19,2026-10-07 23:10:00
-2.498800,-56.146200,GOES-19,2026-10-07 23:20:00
-2.498800,-56.146200,GOES-19,2026-10-07 23:30:00
-2.498800,-56.146200,GOES-19,2026-10-07 23:40:00
-2.498800,-56.146200,GOES-19,2026-10-07 23:50:00
-2.480500,-56.126900,GOES-19,2026-10-07 22:20:00
-2.480500,-56.126900,GOES-19,2026-10-07 22:30:00
-2.480500,-56.126900,GOES-19,2026-10-07 22:40:00
-2.480500,-56.126900,GOES-19,2026-10-07 22:50:00
-2.480500,-56.126900,GOES-19,2026-10-07 23:00:00
-2.480500,-56.126900,GOES-19,2026-10-07 23:10:00
-2.480500,-56.126900,GOES-19,2026-10-07 23:20:00
-2.480500,-56.126900,GOES-19,2026-10-07 23:30:00
-2.480500,-56.126900,GOES-19,2026-10-07 23:40:00
-2.480500,-56.126900,GOES-19,2026-10-07 23:50:00
-2.498800,-56.126600,GOES-19,2026-10-07 22:20:00
-2.498800,-56.126600,GOES-19,2026-10-07 22:30:00
-2.498800,-56.126600,GOES-19,2026-10-07 22:40:00
-2.498800,-56.126600,GOES-19,2026-10-07 22:50:00
-2.498800,-56.126600,GOES-19,2026-10-07 23:00:00
-2.498800,-56.126600,GOES-19,2026-10-07 23:10:00
-2.498800,-56.126600,GOES-19,2026-10-07 23:20:00
-2.498800,-56.126600,GOES-19,2026-10-07 23:30:00
-2.498800,-56.126600,GOES-19,2026-10-07 23:40:00
-2.498800,-56.126600,GOES-19,2026-10-07 23:50:00
1.345100,-56.123000,GOES-19,2026-10-07 15:40:00
-2.462200,-56.107500,GOES-19,2026-10-07 22:20:00
-2.462200,-56.107500,GOES-19,2026-10-07 22:30:00
-2.462200,-56.107500,GOES-19,2026-10-07 22:40:00
-2.462200,-56.107500,GOES-19,2026-10-07 22:50:00
-2.462200,-56.107500,GOES-19,2026-10-07 23:00:00
-2.480500,-56.107200,GOES-19,2026-10-07 22:20:00
-2.480500,-56.107200,GOES-19,2026-10-07 22:30:00
-2.480500,-56.107200,GOES-19,2026-10-07 22:40:00
-2.480500,-56.107200,GOES-19,2026-10-07 22:50:00
-2.480500,-56.107200,GOES-19,2026-10-07 23:00:00
-2.480500,-56.107200,GOES-19,2026-10-07 23:10:00
-2.480500,-56.107200,GOES-19,2026-10-07 23:20:00
-2.480500,-56.107200,GOES-19,2026-10-07 23:30:00
-2.480500,-56.107200,GOES-19,2026-10-07 23:40:00
-2.480500,-56.107200,GOES-19,2026-10-07 23:50:00
-2.498900,-56.106900,GOES-19,2026-10-07 22:20:00
-2.498900,-56.106900,GOES-19,2026-10-07 22:30:00
-2.498900,-56.106900,GOES-19,2026-10-07 22:40:00
-2.498900,-56.106900,GOES-19,2026-10-07 22:50:00
-2.498900,-56.106900,GOES-19,2026-10-07 23:00:00
-2.498900,-56.106900,GOES-19,2026-10-07 23:10:00
-2.498900,-56.106900,GOES-19,2026-10-07 23:20:00
-2.498900,-56.106900,GOES-19,2026-10-07 23:30:00
-2.498900,-56.106900,GOES-19,2026-10-07 23:40:00
-2.498900,-56.106900,GOES-19,2026-10-07 23:50:00
1.729600,-56.099000,GOES-19,2026-10-07 18:00:00
1.729600,-56.099000,GOES-19,2026-10-07 18:20:00
-2.462300,-56.087900,GOES-19,2026-10-07 22:20:00
-2.462300,-56.087900,GOES-19,2026-10-07 22:30:00
-2.462300,-56.087900,GOES-19,2026-10-07 22:40:00
-2.462300,-56.087900,GOES-19,2026-10-07 22:50:00
-2.462300,-56.087900,GOES-19,2026-10-07 23:00:00
-2.462300,-56.087900,GOES-19,2026-10-07 23:10:00
-2.462300,-56.087900,GOES-19,2026-10-07 23:20:00
-2.462300,-56.087900,GOES-19,2026-10-07 23:30:00
-2.462300,-56.087900,GOES-19,2026-10-07 23:40:00
-2.462300,-56.087900,GOES-19,2026-10-07 23:50:00
-2.480600,-56.087500,GOES-19,2026-10-07 22:20:00
-2.480600,-56.087500,GOES-19,2026-10-07 22:30:00
-2.480600,-56.087500,GOES-19,2026-10-07 22:40:00
-2.480600,-56.087500,GOES-19,2026-10-07 22:50:00
-2.480600,-56.087500,GOES-19,2026-10-07 23:00:00
-2.480600,-56.087500,GOES-19,2026-10-07 23:10:00
-2.480600,-56.087500,GOES-19,2026-10-07 23:20:00
-2.480600,-56.087500,GOES-19,2026-10-07 23:30:00
-2.480600,-56.087500,GOES-19,2026-10-07 23:40:00
-2.480600,-56.087500,GOES-19,2026-10-07 23:50:00
-2.498900,-56.087200,GOES-19,2026-10-07 22:20:00
-2.498900,-56.087200,GOES-19,2026-10-07 22:30:00
-2.498900,-56.087200,GOES-19,2026-10-07 22:40:00
-2.498900,-56.087200,GOES-19,2026-10-07 22:50:00
-2.498900,-56.087200,GOES-19,2026-10-07 23:00:00
-2.498900,-56.087200,GOES-19,2026-10-07 23:10:00
1.747900,-56.079100,GOES-19,2026-10-07 17:30:00
1.747900,-56.079100,GOES-19,2026-10-07 17:40:00
1.747900,-56.079100,GOES-19,2026-10-07 17:50:00
1.747900,-56.079100,GOES-19,2026-10-07 18:20:00
1.729600,-56.079300,GOES-19,2026-10-07 17:20:00
1.729600,-56.079300,GOES-19,2026-10-07 17:30:00
1.729600,-56.079300,GOES-19,2026-10-07 17:40:00
1.729600,-56.079300,GOES-19,2026-10-07 17:50:00
1.729600,-56.079300,GOES-19,2026-10-07 18:00:00
1.729600,-56.079300,GOES-19,2026-10-07 18:10:00
1.729600,-56.079300,GOES-19,2026-10-07 18:20:00
-2.462300,-56.068200,GOES-19,2026-10-07 22:20:00
-2.462300,-56.068200,GOES-19,2026-10-07 22:30:00
-2.480600,-56.067800,GOES-19,2026-10-07 22:40:00
-2.480600,-56.067800,GOES-19,2026-10-07 22:50:00
-2.499000,-56.067500,GOES-19,2026-10-07 22:20:00
-2.499000,-56.067500,GOES-19,2026-10-07 22:30:00
-2.499000,-56.067500,GOES-19,2026-10-07 22:40:00
-2.499000,-56.067500,GOES-19,2026-10-07 22:50:00
-2.499000,-56.067500,GOES-19,2026-10-07 23:00:00
-2.499000,-56.067500,GOES-19,2026-10-07 23:10:00
-2.499000,-56.067500,GOES-19,2026-10-07 23:20:00
-2.499000,-56.067500,GOES-19,2026-10-07 23:30:00
-2.499000,-56.067500,GOES-19,2026-10-07 23:40:00
-2.499000,-56.067500,GOES-19,2026-10-07 23:50:00
-7.584600,-55.740400,GOES-19,2026-10-07 14:00:00
-7.584600,-55.740400,GOES-19,2026-10-07 15:00:00
-7.603300,-55.719400,GOES-19,2026-10-07 14:30:00
2.023000,-55.898100,GOES-19,2026-10-07 18:10:00
1.968000,-55.898900,GOES-19,2026-10-07 14:20:00
-3.967300,-55.855300,GOES-19,2026-10-07 15:20:00
-3.967300,-55.855300,GOES-19,2026-10-07 15:30:00
-4.923700,-55.823900,GOES-19,2026-10-07 15:30:00
-3.967400,-55.835500,GOES-19,2026-10-07 15:20:00
-3.967400,-55.835500,GOES-19,2026-10-07 15:30:00
-4.923800,-55.804100,GOES-19,2026-10-07 15:30:00
2.004700,-55.858900,GOES-19,2026-10-07 14:40:00
2.004700,-55.858900,GOES-19,2026-10-07 15:00:00
2.023000,-55.858700,GOES-19,2026-10-07 15:00:00
2.023000,-55.858700,GOES-19,2026-10-07 15:40:00
-1.272200,-55.867800,GOES-19,2026-10-07 15:10:00
-1.272200,-55.867800,GOES-19,2026-10-07 15:20:00
-1.272200,-55.867800,GOES-19,2026-10-07 15:30:00
-1.272200,-55.867800,GOES-19,2026-10-07 15:40:00
-1.290500,-55.867600,GOES-19,2026-10-07 15:10:00
-1.290500,-55.867600,GOES-19,2026-10-07 15:20:00
-1.290500,-55.867600,GOES-19,2026-10-07 15:30:00
-1.290500,-55.867600,GOES-19,2026-10-07 15:40:00
-6.085500,-55.736900,GOES-19,2026-10-07 15:10:00
-1.272200,-55.848000,GOES-19,2026-10-07 15:00:00
-1.272200,-55.848000,GOES-19,2026-10-07 15:10:00
-1.272200,-55.848000,GOES-19,2026-10-07 15:20:00
-1.272200,-55.848000,GOES-19,2026-10-07 15:30:00
-1.272200,-55.848000,GOES-19,2026-10-07 15:40:00
-1.272200,-55.848000,GOES-19,2026-10-07 15:50:00
-1.290500,-55.847900,GOES-19,2026-10-07 14:50:00
-1.290500,-55.847900,GOES-19,2026-10-07 15:00:00
-1.290500,-55.847900,GOES-19,2026-10-07 15:10:00
-1.290500,-55.847900,GOES-19,2026-10-07 15:20:00
-1.290500,-55.847900,GOES-19,2026-10-07 15:30:00
-1.290500,-55.847900,GOES-19,2026-10-07 15:40:00
1.656800,-55.824200,GOES-19,2026-10-07 17:50:00
1.656800,-55.804500,GOES-19,2026-10-07 14:40:00
1.656800,-55.804500,GOES-19,2026-10-07 15:00:00
1.656800,-55.804500,GOES-19,2026-10-07 15:10:00
1.656800,-55.804500,GOES-19,2026-10-07 17:30:00
1.656800,-55.804500,GOES-19,2026-10-07 17:40:00
1.656800,-55.804500,GOES-19,2026-10-07 17:50:00
1.656800,-55.804500,GOES-19,2026-10-07 18:00:00
1.656800,-55.804500,GOES-19,2026-10-07 18:10:00
1.656800,-55.804500,GOES-19,2026-10-07 18:20:00
1.656800,-55.804500,GOES-19,2026-10-07 18:30:00
1.656800,-55.804500,GOES-19,2026-10-07 18:50:00
-14.380100,-55.029800,GOES-19,2026-10-07 13:30:00
-14.380100,-55.029800,GOES-19,2026-10-07 14:10:00
-14.380100,-55.029800,GOES-19,2026-10-07 14:30:00
-14.380100,-55.029800,GOES-19,2026-10-07 14:40:00
1.858400,-55.722900,GOES-19,2026-10-07 18:00:00
-4.427700,-55.662900,GOES-19,2026-10-07 15:30:00
-1.565400,-55.706900,GOES-19,2026-10-07 15:20:00
-1.565400,-55.706900,GOES-19,2026-10-07 15:30:00
-1.547100,-55.707100,GOES-19,2026-10-07 15:20:00
-1.547100,-55.707100,GOES-19,2026-10-07 15:30:00
-1.547100,-55.707100,GOES-19,2026-10-07 15:40:00
1.712000,-55.645900,GOES-19,2026-10-07 16:40:00
1.712000,-55.645900,GOES-19,2026-10-07 16:50:00
1.712000,-55.645900,GOES-19,2026-10-07 17:00:00
1.712000,-55.645900,GOES-19,2026-10-07 17:30:00
1.712000,-55.645900,GOES-19,2026-10-07 17:40:00
1.712000,-55.645900,GOES-19,2026-10-07 18:10:00
1.693700,-55.646100,GOES-19,2026-10-07 17:30:00
1.693700,-55.646100,GOES-19,2026-10-07 17:40:00
1.693700,-55.646100,GOES-19,2026-10-07 18:10:00
1.730400,-55.625900,GOES-19,2026-10-07 16:10:00
1.712100,-55.626100,GOES-19,2026-10-07 15:30:00
1.712100,-55.626100,GOES-19,2026-10-07 15:40:00
1.712100,-55.626100,GOES-19,2026-10-07 16:00:00
1.712100,-55.626100,GOES-19,2026-10-07 16:10:00
1.712100,-55.626100,GOES-19,2026-10-07 16:40:00
1.712100,-55.626100,GOES-19,2026-10-07 16:50:00
1.712100,-55.626100,GOES-19,2026-10-07 17:00:00
1.712100,-55.626100,GOES-19,2026-10-07 17:30:00
1.712100,-55.626100,GOES-19,2026-10-07 17:40:00
1.712100,-55.626100,GOES-19,2026-10-07 18:10:00
1.693700,-55.626300,GOES-19,2026-10-07 15:40:00
1.693700,-55.626300,GOES-19,2026-10-07 16:00:00
1.693700,-55.626300,GOES-19,2026-10-07 16:10:00
1.693700,-55.626300,GOES-19,2026-10-07 16:40:00
1.693700,-55.626300,GOES-19,2026-10-07 16:50:00
1.693700,-55.626300,GOES-19,2026-10-07 17:00:00
1.693700,-55.626300,GOES-19,2026-10-07 17:30:00
1.693700,-55.626300,GOES-19,2026-10-07 17:40:00
1.693700,-55.626300,GOES-19,2026-10-07 18:10:00
1.730400,-55.606100,GOES-19,2026-10-07 15:30:00
1.730400,-55.606100,GOES-19,2026-10-07 15:40:00
1.730400,-55.606100,GOES-19,2026-10-07 16:00:00
1.730400,-55.606100,GOES-19,2026-10-07 16:10:00
1.730400,-55.606100,GOES-19,2026-10-07 16:40:00
1.730400,-55.606100,GOES-19,2026-10-07 16:50:00
1.730400,-55.606100,GOES-19,2026-10-07 17:00:00
1.712100,-55.606300,GOES-19,2026-10-07 15:30:00
1.712100,-55.606300,GOES-19,2026-10-07 15:40:00
1.712100,-55.606300,GOES-19,2026-10-07 16:00:00
1.712100,-55.606300,GOES-19,2026-10-07 16:10:00
1.712100,-55.606300,GOES-19,2026-10-07 16:40:00
1.712100,-55.606300,GOES-19,2026-10-07 16:50:00
1.712100,-55.606300,GOES-19,2026-10-07 17:00:00
1.712100,-55.606300,GOES-19,2026-10-07 17:30:00
1.712100,-55.606300,GOES-19,2026-10-07 17:40:00
1.712100,-55.606300,GOES-19,2026-10-07 18:10:00
1.767100,-55.585900,GOES-19,2026-10-07 15:20:00
1.767100,-55.585900,GOES-19,2026-10-07 15:30:00
1.767100,-55.585900,GOES-19,2026-10-07 15:40:00
1.767100,-55.585900,GOES-19,2026-10-07 15:50:00
1.767100,-55.585900,GOES-19,2026-10-07 16:00:00
1.767100,-55.585900,GOES-19,2026-10-07 16:10:00
1.767100,-55.585900,GOES-19,2026-10-07 16:40:00
1.767100,-55.585900,GOES-19,2026-10-07 16:50:00
1.767100,-55.585900,GOES-19,2026-10-07 17:00:00
1.748800,-55.586100,GOES-19,2026-10-07 15:00:00
1.748800,-55.586100,GOES-19,2026-10-07 15:10:00
1.748800,-55.586100,GOES-19,2026-10-07 15:20:00
1.748800,-55.586100,GOES-19,2026-10-07 15:30:00
1.748800,-55.586100,GOES-19,2026-10-07 15:40:00
1.748800,-55.586100,GOES-19,2026-10-07 15:50:00
1.748800,-55.586100,GOES-19,2026-10-07 16:00:00
1.748800,-55.586100,GOES-19,2026-10-07 16:10:00
1.748800,-55.586100,GOES-19,2026-10-07 16:20:00
1.748800,-55.586100,GOES-19,2026-10-07 16:40:00
1.748800,-55.586100,GOES-19,2026-10-07 16:50:00
1.748800,-55.586100,GOES-19,2026-10-07 17:00:00
1.748800,-55.586100,GOES-19,2026-10-07 17:10:00
1.748800,-55.586100,GOES-19,2026-10-07 17:20:00
1.748800,-55.586100,GOES-19,2026-10-07 17:30:00
1.748800,-55.586100,GOES-19,2026-10-07 17:40:00
1.748800,-55.586100,GOES-19,2026-10-07 17:50:00
1.748800,-55.586100,GOES-19,2026-10-07 18:00:00
1.748800,-55.586100,GOES-19,2026-10-07 18:10:00
1.748800,-55.586100,GOES-19,2026-10-07 18:20:00
1.748800,-55.586100,GOES-19,2026-10-07 18:30:00
1.748800,-55.586100,GOES-19,2026-10-07 18:40:00
1.748800,-55.586100,GOES-19,2026-10-07 18:50:00
1.785400,-55.565800,GOES-19,2026-10-07 15:20:00
1.785400,-55.565800,GOES-19,2026-10-07 15:30:00
1.785400,-55.565800,GOES-19,2026-10-07 15:40:00
1.785400,-55.565800,GOES-19,2026-10-07 15:50:00
1.785400,-55.565800,GOES-19,2026-10-07 16:00:00
1.785400,-55.565800,GOES-19,2026-10-07 16:10:00
1.767100,-55.566100,GOES-19,2026-10-07 15:20:00
1.767100,-55.566100,GOES-19,2026-10-07 15:30:00
1.767100,-55.566100,GOES-19,2026-10-07 15:40:00
1.767100,-55.566100,GOES-19,2026-10-07 15:50:00
1.767100,-55.566100,GOES-19,2026-10-07 16:00:00
1.767100,-55.566100,GOES-19,2026-10-07 16:10:00
1.767100,-55.566100,GOES-19,2026-10-07 16:50:00
1.767100,-55.566100,GOES-19,2026-10-07 17:00:00
1.748800,-55.566300,GOES-19,2026-10-07 15:00:00
1.748800,-55.566300,GOES-19,2026-10-07 15:10:00
1.748800,-55.566300,GOES-19,2026-10-07 15:20:00
1.748800,-55.566300,GOES-19,2026-10-07 15:30:00
1.748800,-55.566300,GOES-19,2026-10-07 15:40:00
1.748800,-55.566300,GOES-19,2026-10-07 15:50:00
1.748800,-55.566300,GOES-19,2026-10-07 16:00:00
1.748800,-55.566300,GOES-19,2026-10-07 16:10:00
1.748800,-55.566300,GOES-19,2026-10-07 16:20:00
1.748800,-55.566300,GOES-19,2026-10-07 17:20:00
1.748800,-55.566300,GOES-19,2026-10-07 17:30:00
1.748800,-55.566300,GOES-19,2026-10-07 17:40:00
1.748800,-55.566300,GOES-19,2026-10-07 17:50:00
1.822100,-55.545600,GOES-19,2026-10-07 15:40:00
1.822100,-55.545600,GOES-19,2026-10-07 16:00:00
1.803800,-55.545800,GOES-19,2026-10-07 15:40:00
1.803800,-55.545800,GOES-19,2026-10-07 15:50:00
1.803800,-55.545800,GOES-19,2026-10-07 16:00:00
1.803800,-55.545800,GOES-19,2026-10-07 16:10:00
1.767200,-55.546300,GOES-19,2026-10-07 15:20:00
1.767200,-55.546300,GOES-19,2026-10-07 16:00:00
1.822200,-55.525800,GOES-19,2026-10-07 15:40:00
1.822200,-55.525800,GOES-19,2026-10-07 16:10:00
1.803800,-55.526100,GOES-19,2026-10-07 15:40:00
1.803800,-55.526100,GOES-19,2026-10-07 15:50:00
1.803800,-55.526100,GOES-19,2026-10-07 16:00:00
-3.693200,-55.487100,GOES-19,2026-10-07 15:20:00
-1.712400,-55.448100,GOES-19,2026-10-07 14:50:00
-1.712400,-55.448100,GOES-19,2026-10-07 15:00:00
-1.712400,-55.448100,GOES-19,2026-10-07 15:10:00
-1.712400,-55.448100,GOES-19,2026-10-07 15:20:00
-1.712400,-55.448100,GOES-19,2026-10-07 15:30:00
-1.712400,-55.448100,GOES-19,2026-10-07 15:40:00
-6.476400,-55.300400,GOES-19,2026-10-07 15:00:00
-6.476400,-55.300400,GOES-19,2026-10-07 15:10:00
-7.199800,-55.122600,GOES-19,2026-10-07 13:00:00
-7.199800,-55.122600,GOES-19,2026-10-07 13:10:00
-7.199800,-55.122600,GOES-19,2026-10-07 13:20:00
-7.199800,-55.122600,GOES-19,2026-10-07 13:30:00
-7.199800,-55.122600,GOES-19,2026-10-07 13:40:00
-7.199800,-55.122600,GOES-19,2026-10-07 13:50:00
-7.199800,-55.122600,GOES-19,2026-10-07 14:00:00
-7.199800,-55.122600,GOES-19,2026-10-07 14:10:00
-7.199800,-55.122600,GOES-19,2026-10-07 14:20:00
-7.199800,-55.122600,GOES-19,2026-10-07 14:30:00
-7.199800,-55.122600,GOES-19,2026-10-07 14:40:00
-7.199800,-55.122600,GOES-19,2026-10-07 14:50:00
-7.199800,-55.122600,GOES-19,2026-10-07 15:00:00
-7.199800,-55.122600,GOES-19,2026-10-07 15:10:00
-7.199800,-55.122600,GOES-19,2026-10-07 15:20:00
-7.218400,-55.121600,GOES-19,2026-10-07 14:40:00
-7.218500,-55.101600,GOES-19,2026-10-07 14:50:00
-7.218500,-55.101600,GOES-19,2026-10-07 15:00:00
-7.218500,-55.101600,GOES-19,2026-10-07 15:10:00
-7.200100,-55.082600,GOES-19,2026-10-07 14:50:00
-7.200100,-55.082600,GOES-19,2026-10-07 15:00:00
-7.200100,-55.082600,GOES-19,2026-10-07 15:10:00
-7.200100,-55.082600,GOES-19,2026-10-07 15:20:00
-7.571600,-55.021300,GOES-19,2026-10-07 15:10:00
-7.590200,-55.020200,GOES-19,2026-10-07 15:10:00
-7.869200,-54.983400,GOES-19,2026-10-07 14:50:00
-7.869200,-54.983400,GOES-19,2026-10-07 15:00:00
-7.869200,-54.983400,GOES-19,2026-10-07 15:10:00
-7.887800,-54.982200,GOES-19,2026-10-07 15:00:00
-7.869300,-54.963300,GOES-19,2026-10-07 14:50:00
-7.869300,-54.963300,GOES-19,2026-10-07 15:00:00
-7.887900,-54.962100,GOES-19,2026-10-07 14:50:00
-7.887900,-54.962100,GOES-19,2026-10-07 15:00:00
-7.887900,-54.962100,GOES-19,2026-10-07 15:10:00
-7.776500,-54.948800,GOES-19,2026-10-07 15:00:00
-7.776500,-54.948800,GOES-19,2026-10-07 15:10:00
-7.758100,-54.929800,GOES-19,2026-10-07 14:40:00
-7.758100,-54.929800,GOES-19,2026-10-07 15:10:00
-7.758100,-54.929800,GOES-19,2026-10-07 15:20:00
-1.749600,-55.130400,GOES-19,2026-10-07 15:30:00
-1.749600,-55.130400,GOES-19,2026-10-07 15:40:00
-1.749600,-55.110600,GOES-19,2026-10-07 15:30:00
-1.749600,-55.110600,GOES-19,2026-10-07 15:40:00
-1.823000,-55.089700,GOES-19,2026-10-07 14:50:00
-1.823000,-55.089700,GOES-19,2026-10-07 15:00:00
-1.823000,-55.089700,GOES-19,2026-10-07 15:10:00
-1.823000,-55.089700,GOES-19,2026-10-07 15:20:00
-1.823000,-55.089700,GOES-19,2026-10-07 15:30:00
-1.823000,-55.089700,GOES-19,2026-10-07 15:40:00
-1.823000,-55.089700,GOES-19,2026-10-07 15:50:00
-3.107400,-54.985800,GOES-19,2026-10-07 15:20:00
-3.107400,-54.965900,GOES-19,2026-10-07 15:10:00
-4.136600,-54.937000,GOES-19,2026-10-07 19:00:00
-4.155100,-54.916500,GOES-19,2026-10-07 18:20:00
-4.155100,-54.916500,GOES-19,2026-10-07 18:40:00
-4.265600,-54.892900,GOES-19,2026-10-07 18:40:00
-4.265600,-54.892900,GOES-19,2026-10-07 18:50:00
-4.265600,-54.892900,GOES-19,2026-10-07 19:00:00
-4.265600,-54.892900,GOES-19,2026-10-07 19:10:00
-7.908600,-54.719400,GOES-19,2026-10-07 14:20:00
-7.908600,-54.719400,GOES-19,2026-10-07 14:30:00
-7.908600,-54.719400,GOES-19,2026-10-07 14:40:00
-7.908600,-54.719400,GOES-19,2026-10-07 14:50:00
-7.908600,-54.719400,GOES-19,2026-10-07 15:00:00
-8.505300,-54.600000,GOES-19,2026-10-07 13:30:00
-8.505300,-54.600000,GOES-19,2026-10-07 13:40:00
-1.475300,-54.756000,GOES-19,2026-10-07 14:40:00
-1.475300,-54.756000,GOES-19,2026-10-07 14:50:00
-1.475300,-54.756000,GOES-19,2026-10-07 15:00:00
-1.475300,-54.756000,GOES-19,2026-10-07 15:10:00
-1.475300,-54.756000,GOES-19,2026-10-07 15:30:00
-1.475300,-54.756000,GOES-19,2026-10-07 15:40:00
-1.456900,-54.756200,GOES-19,2026-10-07 14:40:00
-1.456900,-54.756200,GOES-19,2026-10-07 14:50:00
-1.456900,-54.756200,GOES-19,2026-10-07 15:00:00
-1.456900,-54.756200,GOES-19,2026-10-07 15:10:00
-1.456900,-54.756200,GOES-19,2026-10-07 15:20:00
-1.456900,-54.756200,GOES-19,2026-10-07 15:30:00
-1.456900,-54.756200,GOES-19,2026-10-07 15:40:00
-3.292000,-54.702100,GOES-19,2026-10-07 19:50:00
-3.530900,-54.695700,GOES-19,2026-10-07 22:10:00
-3.586000,-54.694100,GOES-19,2026-10-07 20:10:00
-3.586000,-54.694100,GOES-19,2026-10-07 20:30:00
-3.586000,-54.694100,GOES-19,2026-10-07 20:50:00
-3.586000,-54.694100,GOES-19,2026-10-07 21:00:00
-3.586000,-54.694100,GOES-19,2026-10-07 21:10:00
-3.586000,-54.694100,GOES-19,2026-10-07 21:20:00
-3.586000,-54.694100,GOES-19,2026-10-07 22:10:00
-3.586000,-54.694100,GOES-19,2026-10-07 22:20:00
-3.586000,-54.694100,GOES-19,2026-10-07 22:30:00
-3.586000,-54.694100,GOES-19,2026-10-07 22:40:00
-3.586000,-54.694100,GOES-19,2026-10-07 22:50:00
-3.586000,-54.694100,GOES-19,2026-10-07 23:00:00
-3.586000,-54.694100,GOES-19,2026-10-07 23:10:00
-3.586000,-54.694100,GOES-19,2026-10-07 23:20:00
-3.586000,-54.694100,GOES-19,2026-10-07 23:30:00
-3.586000,-54.694100,GOES-19,2026-10-07 23:40:00
-3.586000,-54.694100,GOES-19,2026-10-07 23:50:00
-3.604400,-54.693600,GOES-19,2026-10-07 22:10:00
-3.604400,-54.693600,GOES-19,2026-10-07 22:20:00
-3.604400,-54.693600,GOES-19,2026-10-07 22:30:00
-3.604400,-54.693600,GOES-19,2026-10-07 22:40:00
-3.604400,-54.693600,GOES-19,2026-10-07 22:50:00
-3.604400,-54.693600,GOES-19,2026-10-07 23:00:00
-3.604400,-54.693600,GOES-19,2026-10-07 23:10:00
-3.604400,-54.693600,GOES-19,2026-10-07 23:20:00
-3.604400,-54.693600,GOES-19,2026-10-07 23:40:00
-3.273700,-54.682600,GOES-19,2026-10-07 18:30:00
-3.273700,-54.682600,GOES-19,2026-10-07 19:50:00
-3.512600,-54.676200,GOES-19,2026-10-07 00:00:00
-3.512600,-54.676200,GOES-19,2026-10-07 00:10:00
-3.512600,-54.676200,GOES-19,2026-10-07 00:20:00
-3.512600,-54.676200,GOES-19,2026-10-07 00:30:00
-3.512600,-54.676200,GOES-19,2026-10-07 00:40:00
-3.512600,-54.676200,GOES-19,2026-10-07 00:50:00
-3.512600,-54.676200,GOES-19,2026-10-07 01:20:00
-3.512600,-54.676200,GOES-19,2026-10-07 01:30:00
-3.512600,-54.676200,GOES-19,2026-10-07 01:40:00
-3.512600,-54.676200,GOES-19,2026-10-07 01:50:00
-3.512600,-54.676200,GOES-19,2026-10-07 02:10:00
-3.512600,-54.676200,GOES-19,2026-10-07 02:20:00
-3.512600,-54.676200,GOES-19,2026-10-07 02:30:00
-3.512600,-54.676200,GOES-19,2026-10-07 02:40:00
-3.512600,-54.676200,GOES-19,2026-10-07 19:40:00
-3.512600,-54.676200,GOES-19,2026-10-07 19:50:00
-3.512600,-54.676200,GOES-19,2026-10-07 20:00:00
-3.512600,-54.676200,GOES-19,2026-10-07 20:10:00
-3.512600,-54.676200,GOES-19,2026-10-07 20:20:00
-3.512600,-54.676200,GOES-19,2026-10-07 20:30:00
-3.512600,-54.676200,GOES-19,2026-10-07 20:40:00
-3.512600,-54.676200,GOES-19,2026-10-07 20:50:00
-3.512600,-54.676200,GOES-19,2026-10-07 21:00:00
-3.512600,-54.676200,GOES-19,2026-10-07 21:10:00
-3.512600,-54.676200,GOES-19,2026-10-07 21:20:00
-3.512600,-54.676200,GOES-19,2026-10-07 22:30:00
-3.531000,-54.675700,GOES-19,2026-10-07 00:00:00
-3.531000,-54.675700,GOES-19,2026-10-07 00:10:00
-3.531000,-54.675700,GOES-19,2026-10-07 00:20:00
-3.531000,-54.675700,GOES-19,2026-10-07 00:30:00
-3.531000,-54.675700,GOES-19,2026-10-07 00:40:00
-3.531000,-54.675700,GOES-19,2026-10-07 00:50:00
-3.531000,-54.675700,GOES-19,2026-10-07 01:20:00
-3.531000,-54.675700,GOES-19,2026-10-07 01:30:00
-3.531000,-54.675700,GOES-19,2026-10-07 01:40:00
-3.531000,-54.675700,GOES-19,2026-10-07 01:50:00
-3.531000,-54.675700,GOES-19,2026-10-07 02:10:00
-3.531000,-54.675700,GOES-19,2026-10-07 02:30:00
-3.531000,-54.675700,GOES-19,2026-10-07 02:40:00
-3.531000,-54.675700,GOES-19,2026-10-07 19:50:00
-3.531000,-54.675700,GOES-19,2026-10-07 20:00:00
-3.531000,-54.675700,GOES-19,2026-10-07 20:10:00
-3.531000,-54.675700,GOES-19,2026-10-07 20:20:00
-3.531000,-54.675700,GOES-19,2026-10-07 20:30:00
-3.531000,-54.675700,GOES-19,2026-10-07 20:40:00
-3.531000,-54.675700,GOES-19,2026-10-07 20:50:00
-3.531000,-54.675700,GOES-19,2026-10-07 21:00:00
-3.531000,-54.675700,GOES-19,2026-10-07 21:10:00
-3.531000,-54.675700,GOES-19,2026-10-07 21:20:00
-3.531000,-54.675700,GOES-19,2026-10-07 22:10:00
-3.531000,-54.675700,GOES-19,2026-10-07 22:20:00
-3.531000,-54.675700,GOES-19,2026-10-07 22:30:00
-3.531000,-54.675700,GOES-19,2026-10-07 22:40:00
-3.531000,-54.675700,GOES-19,2026-10-07 22:50:00
-3.531000,-54.675700,GOES-19,2026-10-07 23:00:00
-3.531000,-54.675700,GOES-19,2026-10-07 23:10:00
-3.531000,-54.675700,GOES-19,2026-10-07 23:20:00
-3.531000,-54.675700,GOES-19,2026-10-07 23:30:00
-3.531000,-54.675700,GOES-19,2026-10-07 23:40:00
-3.531000,-54.675700,GOES-19,2026-10-07 23:50:00
-3.549300,-54.675200,GOES-19,2026-10-07 18:40:00
-3.549300,-54.675200,GOES-19,2026-10-07 19:00:00
-3.549300,-54.675200,GOES-19,2026-10-07 19:10:00
-3.549300,-54.675200,GOES-19,2026-10-07 19:50:00
-3.549300,-54.675200,GOES-19,2026-10-07 20:10:00
-3.549300,-54.675200,GOES-19,2026-10-07 20:20:00
-3.549300,-54.675200,GOES-19,2026-10-07 20:30:00
-3.549300,-54.675200,GOES-19,2026-10-07 20:40:00
-3.549300,-54.675200,GOES-19,2026-10-07 20:50:00
-3.549300,-54.675200,GOES-19,2026-10-07 21:00:00
-3.549300,-54.675200,GOES-19,2026-10-07 21:10:00
-3.549300,-54.675200,GOES-19,2026-10-07 21:20:00
-3.549300,-54.675200,GOES-19,2026-10-07 22:10:00
-3.549300,-54.675200,GOES-19,2026-10-07 22:20:00
-3.549300,-54.675200,GOES-19,2026-10-07 22:30:00
-3.549300,-54.675200,GOES-19,2026-10-07 22:40:00
-3.549300,-54.675200,GOES-19,2026-10-07 22:50:00
-3.549300,-54.675200,GOES-19,2026-10-07 23:00:00
-3.549300,-54.675200,GOES-19,2026-10-07 23:10:00
-3.549300,-54.675200,GOES-19,2026-10-07 23:20:00
-3.549300,-54.675200,GOES-19,2026-10-07 23:30:00
-3.549300,-54.675200,GOES-19,2026-10-07 23:40:00
-3.549300,-54.675200,GOES-19,2026-10-07 23:50:00
-3.567700,-54.674600,GOES-19,2026-10-07 18:40:00
-3.567700,-54.674600,GOES-19,2026-10-07 18:50:00
-3.567700,-54.674600,GOES-19,2026-10-07 19:00:00
-3.567700,-54.674600,GOES-19,2026-10-07 19:10:00
-3.567700,-54.674600,GOES-19,2026-10-07 19:20:00
-3.567700,-54.674600,GOES-19,2026-10-07 19:50:00
-3.567700,-54.674600,GOES-19,2026-10-07 20:00:00
-3.567700,-54.674600,GOES-19,2026-10-07 20:10:00
-3.567700,-54.674600,GOES-19,2026-10-07 20:20:00
-3.567700,-54.674600,GOES-19,2026-10-07 20:30:00
-3.567700,-54.674600,GOES-19,2026-10-07 20:40:00
-3.567700,-54.674600,GOES-19,2026-10-07 20:50:00
-3.567700,-54.674600,GOES-19,2026-10-07 21:00:00
-3.567700,-54.674600,GOES-19,2026-10-07 21:10:00
-3.567700,-54.674600,GOES-19,2026-10-07 21:20:00
-3.567700,-54.674600,GOES-19,2026-10-07 22:10:00
-3.567700,-54.674600,GOES-19,2026-10-07 22:20:00
-3.567700,-54.674600,GOES-19,2026-10-07 22:30:00
-3.567700,-54.674600,GOES-19,2026-10-07 22:40:00
-3.567700,-54.674600,GOES-19,2026-10-07 22:50:00
-3.567700,-54.674600,GOES-19,2026-10-07 23:00:00
-3.567700,-54.674600,GOES-19,2026-10-07 23:10:00
-3.567700,-54.674600,GOES-19,2026-10-07 23:20:00
-3.567700,-54.674600,GOES-19,2026-10-07 23:30:00
-3.567700,-54.674600,GOES-19,2026-10-07 23:40:00
-3.567700,-54.674600,GOES-19,2026-10-07 23:50:00
-3.586100,-54.674100,GOES-19,2026-10-07 19:20:00
-3.586100,-54.674100,GOES-19,2026-10-07 19:30:00
-3.586100,-54.674100,GOES-19,2026-10-07 19:40:00
-3.586100,-54.674100,GOES-19,2026-10-07 19:50:00
-3.586100,-54.674100,GOES-19,2026-10-07 20:00:00
-3.586100,-54.674100,GOES-19,2026-10-07 20:10:00
-3.586100,-54.674100,GOES-19,2026-10-07 20:20:00
-3.586100,-54.674100,GOES-19,2026-10-07 20:30:00
-3.586100,-54.674100,GOES-19,2026-10-07 20:40:00
-3.586100,-54.674100,GOES-19,2026-10-07 20:50:00
-3.586100,-54.674100,GOES-19,2026-10-07 21:00:00
-3.586100,-54.674100,GOES-19,2026-10-07 21:10:00
-3.586100,-54.674100,GOES-19,2026-10-07 21:20:00
-3.586100,-54.674100,GOES-19,2026-10-07 22:10:00
-3.586100,-54.674100,GOES-19,2026-10-07 22:20:00
-3.586100,-54.674100,GOES-19,2026-10-07 22:30:00
-3.586100,-54.674100,GOES-19,2026-10-07 22:40:00
-3.586100,-54.674100,GOES-19,2026-10-07 22:50:00
-3.586100,-54.674100,GOES-19,2026-10-07 23:00:00
-3.586100,-54.674100,GOES-19,2026-10-07 23:10:00
-3.586100,-54.674100,GOES-19,2026-10-07 23:20:00
-3.586100,-54.674100,GOES-19,2026-10-07 23:30:00
-3.586100,-54.674100,GOES-19,2026-10-07 23:40:00
-3.586100,-54.674100,GOES-19,2026-10-07 23:50:00
-3.604500,-54.673600,GOES-19,2026-10-07 19:20:00
-3.604500,-54.673600,GOES-19,2026-10-07 19:40:00
-3.604500,-54.673600,GOES-19,2026-10-07 20:00:00
-3.604500,-54.673600,GOES-19,2026-10-07 20:10:00
-3.604500,-54.673600,GOES-19,2026-10-07 20:20:00
-3.604500,-54.673600,GOES-19,2026-10-07 20:30:00
-3.604500,-54.673600,GOES-19,2026-10-07 20:40:00
-3.604500,-54.673600,GOES-19,2026-10-07 20:50:00
-3.604500,-54.673600,GOES-19,2026-10-07 21:00:00
-3.604500,-54.673600,GOES-19,2026-10-07 21:10:00
-3.604500,-54.673600,GOES-19,2026-10-07 21:20:00
-3.604500,-54.673600,GOES-19,2026-10-07 22:10:00
-3.604500,-54.673600,GOES-19,2026-10-07 22:20:00
-3.604500,-54.673600,GOES-19,2026-10-07 22:30:00
-3.604500,-54.673600,GOES-19,2026-10-07 22:40:00
-3.604500,-54.673600,GOES-19,2026-10-07 22:50:00
-3.604500,-54.673600,GOES-19,2026-10-07 23:00:00
-3.604500,-54.673600,GOES-19,2026-10-07 23:10:00
-3.604500,-54.673600,GOES-19,2026-10-07 23:20:00
-3.604500,-54.673600,GOES-19,2026-10-07 23:30:00
-3.604500,-54.673600,GOES-19,2026-10-07 23:40:00
-3.604500,-54.673600,GOES-19,2026-10-07 23:50:00
-3.273800,-54.662600,GOES-19,2026-10-07 18:40:00
-3.512700,-54.656200,GOES-19,2026-10-07 00:00:00
-3.512700,-54.656200,GOES-19,2026-10-07 00:10:00
-3.512700,-54.656200,GOES-19,2026-10-07 00:20:00
-3.512700,-54.656200,GOES-19,2026-10-07 00:30:00
-3.512700,-54.656200,GOES-19,2026-10-07 00:40:00
-3.512700,-54.656200,GOES-19,2026-10-07 00:50:00
-3.512700,-54.656200,GOES-19,2026-10-07 01:20:00
-3.512700,-54.656200,GOES-19,2026-10-07 01:30:00
-3.512700,-54.656200,GOES-19,2026-10-07 01:40:00
-3.512700,-54.656200,GOES-19,2026-10-07 01:50:00
-3.512700,-54.656200,GOES-19,2026-10-07 02:10:00
-3.512700,-54.656200,GOES-19,2026-10-07 02:20:00
-3.512700,-54.656200,GOES-19,2026-10-07 02:30:00
-3.512700,-54.656200,GOES-19,2026-10-07 02:40:00
-3.512700,-54.656200,GOES-19,2026-10-07 19:40:00
-3.512700,-54.656200,GOES-19,2026-10-07 19:50:00
-3.512700,-54.656200,GOES-19,2026-10-07 20:00:00
-3.512700,-54.656200,GOES-19,2026-10-07 20:10:00
-3.512700,-54.656200,GOES-19,2026-10-07 20:20:00
-3.512700,-54.656200,GOES-19,2026-10-07 20:30:00
-3.512700,-54.656200,GOES-19,2026-10-07 20:40:00
-3.512700,-54.656200,GOES-19,2026-10-07 20:50:00
-3.512700,-54.656200,GOES-19,2026-10-07 21:00:00
-3.512700,-54.656200,GOES-19,2026-10-07 21:10:00
-3.512700,-54.656200,GOES-19,2026-10-07 21:20:00
-3.512700,-54.656200,GOES-19,2026-10-07 22:10:00
-3.512700,-54.656200,GOES-19,2026-10-07 22:20:00
-3.512700,-54.656200,GOES-19,2026-10-07 22:30:00
-3.512700,-54.656200,GOES-19,2026-10-07 23:30:00
-3.512700,-54.656200,GOES-19,2026-10-07 23:40:00
-3.512700,-54.656200,GOES-19,2026-10-07 23:50:00
-3.531000,-54.655700,GOES-19,2026-10-07 00:00:00
-3.531000,-54.655700,GOES-19,2026-10-07 00:10:00
-3.531000,-54.655700,GOES-19,2026-10-07 00:20:00
-3.531000,-54.655700,GOES-19,2026-10-07 00:30:00
-3.531000,-54.655700,GOES-19,2026-10-07 00:40:00
-3.531000,-54.655700,GOES-19,2026-10-07 00:50:00
-3.531000,-54.655700,GOES-19,2026-10-07 01:20:00
-3.531000,-54.655700,GOES-19,2026-10-07 01:30:00
-3.531000,-54.655700,GOES-19,2026-10-07 01:40:00
-3.531000,-54.655700,GOES-19,2026-10-07 01:50:00
-3.531000,-54.655700,GOES-19,2026-10-07 02:10:00
-3.531000,-54.655700,GOES-19,2026-10-07 02:20:00
-3.531000,-54.655700,GOES-19,2026-10-07 02:30:00
-3.531000,-54.655700,GOES-19,2026-10-07 02:40:00
-3.531000,-54.655700,GOES-19,2026-10-07 19:40:00
-3.531000,-54.655700,GOES-19,2026-10-07 19:50:00
-3.531000,-54.655700,GOES-19,2026-10-07 20:00:00
-3.531000,-54.655700,GOES-19,2026-10-07 20:10:00
-3.531000,-54.655700,GOES-19,2026-10-07 20:20:00
-3.531000,-54.655700,GOES-19,2026-10-07 20:30:00
-3.531000,-54.655700,GOES-19,2026-10-07 20:40:00
-3.531000,-54.655700,GOES-19,2026-10-07 20:50:00
-3.531000,-54.655700,GOES-19,2026-10-07 21:00:00
-3.531000,-54.655700,GOES-19,2026-10-07 21:10:00
-3.531000,-54.655700,GOES-19,2026-10-07 21:20:00
-3.531000,-54.655700,GOES-19,2026-10-07 22:10:00
-3.531000,-54.655700,GOES-19,2026-10-07 22:20:00
-3.531000,-54.655700,GOES-19,2026-10-07 22:30:00
-3.531000,-54.655700,GOES-19,2026-10-07 22:40:00
-3.531000,-54.655700,GOES-19,2026-10-07 22:50:00
-3.531000,-54.655700,GOES-19,2026-10-07 23:00:00
-3.531000,-54.655700,GOES-19,2026-10-07 23:10:00
-3.531000,-54.655700,GOES-19,2026-10-07 23:20:00
-3.531000,-54.655700,GOES-19,2026-10-07 23:30:00
-3.531000,-54.655700,GOES-19,2026-10-07 23:40:00
-3.531000,-54.655700,GOES-19,2026-10-07 23:50:00
-3.549400,-54.655200,GOES-19,2026-10-07 01:20:00
-3.549400,-54.655200,GOES-19,2026-10-07 01:30:00
-3.549400,-54.655200,GOES-19,2026-10-07 01:40:00
-3.549400,-54.655200,GOES-19,2026-10-07 01:50:00
-3.549400,-54.655200,GOES-19,2026-10-07 02:10:00
-3.549400,-54.655200,GOES-19,2026-10-07 02:20:00
-3.549400,-54.655200,GOES-19,2026-10-07 02:30:00
-3.549400,-54.655200,GOES-19,2026-10-07 02:40:00
-3.549400,-54.655200,GOES-19,2026-10-07 18:30:00
-3.549400,-54.655200,GOES-19,2026-10-07 19:40:00
-3.549400,-54.655200,GOES-19,2026-10-07 19:50:00
-3.549400,-54.655200,GOES-19,2026-10-07 20:00:00
-3.549400,-54.655200,GOES-19,2026-10-07 20:10:00
-3.549400,-54.655200,GOES-19,2026-10-07 20:20:00
-3.549400,-54.655200,GOES-19,2026-10-07 20:30:00
-3.549400,-54.655200,GOES-19,2026-10-07 20:40:00
-3.549400,-54.655200,GOES-19,2026-10-07 20:50:00
-3.549400,-54.655200,GOES-19,2026-10-07 21:00:00
-3.549400,-54.655200,GOES-19,2026-10-07 21:10:00
-3.549400,-54.655200,GOES-19,2026-10-07 21:20:00
-3.549400,-54.655200,GOES-19,2026-10-07 22:10:00
-3.549400,-54.655200,GOES-19,2026-10-07 22:20:00
-3.549400,-54.655200,GOES-19,2026-10-07 22:30:00
-3.549400,-54.655200,GOES-19,2026-10-07 22:40:00
-3.549400,-54.655200,GOES-19,2026-10-07 22:50:00
-3.549400,-54.655200,GOES-19,2026-10-07 23:00:00
-3.549400,-54.655200,GOES-19,2026-10-07 23:10:00
-3.549400,-54.655200,GOES-19,2026-10-07 23:20:00
-3.549400,-54.655200,GOES-19,2026-10-07 23:30:00
-3.549400,-54.655200,GOES-19,2026-10-07 23:40:00
-3.549400,-54.655200,GOES-19,2026-10-07 23:50:00
-3.567800,-54.654700,GOES-19,2026-10-07 18:30:00
-3.567800,-54.654700,GOES-19,2026-10-07 19:40:00
-3.567800,-54.654700,GOES-19,2026-10-07 19:50:00
-3.567800,-54.654700,GOES-19,2026-10-07 20:00:00
-3.567800,-54.654700,GOES-19,2026-10-07 20:10:00
-3.567800,-54.654700,GOES-19,2026-10-07 20:20:00
-3.567800,-54.654700,GOES-19,2026-10-07 20:30:00
-3.567800,-54.654700,GOES-19,2026-10-07 20:40:00
-3.567800,-54.654700,GOES-19,2026-10-07 20:50:00
-3.567800,-54.654700,GOES-19,2026-10-07 21:00:00
-3.567800,-54.654700,GOES-19,2026-10-07 21:10:00
-3.567800,-54.654700,GOES-19,2026-10-07 21:20:00
-3.567800,-54.654700,GOES-19,2026-10-07 22:10:00
-3.567800,-54.654700,GOES-19,2026-10-07 22:20:00
-3.567800,-54.654700,GOES-19,2026-10-07 22:30:00
-3.567800,-54.654700,GOES-19,2026-10-07 22:40:00
-3.567800,-54.654700,GOES-19,2026-10-07 22:50:00
-3.567800,-54.654700,GOES-19,2026-10-07 23:00:00
-3.567800,-54.654700,GOES-19,2026-10-07 23:10:00
-3.567800,-54.654700,GOES-19,2026-10-07 23:20:00
-3.567800,-54.654700,GOES-19,2026-10-07 23:30:00
-3.567800,-54.654700,GOES-19,2026-10-07 23:40:00
-3.567800,-54.654700,GOES-19,2026-10-07 23:50:00
-3.586200,-54.654100,GOES-19,2026-10-07 19:40:00
-3.586200,-54.654100,GOES-19,2026-10-07 19:50:00
-3.586200,-54.654100,GOES-19,2026-10-07 20:00:00
-3.586200,-54.654100,GOES-19,2026-10-07 20:10:00
-3.586200,-54.654100,GOES-19,2026-10-07 20:20:00
-3.586200,-54.654100,GOES-19,2026-10-07 20:30:00
-3.586200,-54.654100,GOES-19,2026-10-07 20:40:00
-3.586200,-54.654100,GOES-19,2026-10-07 20:50:00
-3.586200,-54.654100,GOES-19,2026-10-07 21:00:00
-3.586200,-54.654100,GOES-19,2026-10-07 21:10:00
-3.586200,-54.654100,GOES-19,2026-10-07 21:20:00
-3.586200,-54.654100,GOES-19,2026-10-07 22:10:00
-3.586200,-54.654100,GOES-19,2026-10-07 22:20:00
-3.586200,-54.654100,GOES-19,2026-10-07 22:30:00
-3.586200,-54.654100,GOES-19,2026-10-07 22:40:00
-3.586200,-54.654100,GOES-19,2026-10-07 22:50:00
-3.586200,-54.654100,GOES-19,2026-10-07 23:00:00
-3.586200,-54.654100,GOES-19,2026-10-07 23:10:00
-3.586200,-54.654100,GOES-19,2026-10-07 23:20:00
-3.586200,-54.654100,GOES-19,2026-10-07 23:30:00
-3.586200,-54.654100,GOES-19,2026-10-07 23:40:00
-3.586200,-54.654100,GOES-19,2026-10-07 23:50:00
-3.604600,-54.653600,GOES-19,2026-10-07 19:20:00
-3.604600,-54.653600,GOES-19,2026-10-07 19:40:00
-3.604600,-54.653600,GOES-19,2026-10-07 20:00:00
-3.604600,-54.653600,GOES-19,2026-10-07 20:10:00
-3.604600,-54.653600,GOES-19,2026-10-07 20:20:00
-3.604600,-54.653600,GOES-19,2026-10-07 20:30:00
-3.604600,-54.653600,GOES-19,2026-10-07 20:40:00
-3.604600,-54.653600,GOES-19,2026-10-07 20:50:00
-3.604600,-54.653600,GOES-19,2026-10-07 21:10:00
-3.604600,-54.653600,GOES-19,2026-10-07 21:20:00
-3.604600,-54.653600,GOES-19,2026-10-07 22:10:00
-3.604600,-54.653600,GOES-19,2026-10-07 22:20:00
-3.604600,-54.653600,GOES-19,2026-10-07 22:30:00
-3.604600,-54.653600,GOES-19,2026-10-07 22:40:00
-3.604600,-54.653600,GOES-19,2026-10-07 22:50:00
-3.604600,-54.653600,GOES-19,2026-10-07 23:00:00
-3.604600,-54.653600,GOES-19,2026-10-07 23:10:00
-3.604600,-54.653600,GOES-19,2026-10-07 23:20:00
-3.604600,-54.653600,GOES-19,2026-10-07 23:30:00
-3.604600,-54.653600,GOES-19,2026-10-07 23:50:00
-3.476000,-54.637200,GOES-19,2026-10-07 15:10:00
-3.476000,-54.637200,GOES-19,2026-10-07 18:30:00
-3.476000,-54.637200,GOES-19,2026-10-07 19:50:00
-3.494300,-54.636700,GOES-19,2026-10-07 00:00:00
-3.494300,-54.636700,GOES-19,2026-10-07 00:30:00
-3.494300,-54.636700,GOES-19,2026-10-07 00:50:00
-3.494300,-54.636700,GOES-19,2026-10-07 18:30:00
-3.512700,-54.636200,GOES-19,2026-10-07 00:00:00
-3.512700,-54.636200,GOES-19,2026-10-07 00:10:00
-3.512700,-54.636200,GOES-19,2026-10-07 00:20:00
-3.512700,-54.636200,GOES-19,2026-10-07 00:30:00
-3.512700,-54.636200,GOES-19,2026-10-07 00:40:00
-3.512700,-54.636200,GOES-19,2026-10-07 00:50:00
-3.512700,-54.636200,GOES-19,2026-10-07 01:20:00
-3.512700,-54.636200,GOES-19,2026-10-07 01:30:00
-3.512700,-54.636200,GOES-19,2026-10-07 01:40:00
-3.512700,-54.636200,GOES-19,2026-10-07 01:50:00
-3.512700,-54.636200,GOES-19,2026-10-07 02:10:00
-3.512700,-54.636200,GOES-19,2026-10-07 02:20:00
-3.512700,-54.636200,GOES-19,2026-10-07 02:30:00
-3.512700,-54.636200,GOES-19,2026-10-07 02:40:00
-3.512700,-54.636200,GOES-19,2026-10-07 15:10:00
-3.512700,-54.636200,GOES-19,2026-10-07 18:30:00
-3.512700,-54.636200,GOES-19,2026-10-07 19:40:00
-3.512700,-54.636200,GOES-19,2026-10-07 19:50:00
-3.512700,-54.636200,GOES-19,2026-10-07 20:00:00
-3.512700,-54.636200,GOES-19,2026-10-07 20:10:00
-3.512700,-54.636200,GOES-19,2026-10-07 20:20:00
-3.512700,-54.636200,GOES-19,2026-10-07 20:30:00
-3.531100,-54.635700,GOES-19,2026-10-07 00:00:00
-3.531100,-54.635700,GOES-19,2026-10-07 00:10:00
-3.531100,-54.635700,GOES-19,2026-10-07 00:20:00
-3.531100,-54.635700,GOES-19,2026-10-07 00:30:00
-3.531100,-54.635700,GOES-19,2026-10-07 00:40:00
-3.531100,-54.635700,GOES-19,2026-10-07 00:50:00
-3.531100,-54.635700,GOES-19,2026-10-07 01:20:00
-3.531100,-54.635700,GOES-19,2026-10-07 01:30:00
-3.531100,-54.635700,GOES-19,2026-10-07 01:40:00
-3.531100,-54.635700,GOES-19,2026-10-07 01:50:00
-3.531100,-54.635700,GOES-19,2026-10-07 02:10:00
-3.531100,-54.635700,GOES-19,2026-10-07 02:20:00
-3.531100,-54.635700,GOES-19,2026-10-07 02:30:00
-3.531100,-54.635700,GOES-19,2026-10-07 02:40:00
-3.531100,-54.635700,GOES-19,2026-10-07 18:30:00
-3.531100,-54.635700,GOES-19,2026-10-07 19:40:00
-3.531100,-54.635700,GOES-19,2026-10-07 19:50:00
-3.531100,-54.635700,GOES-19,2026-10-07 20:00:00
-3.531100,-54.635700,GOES-19,2026-10-07 20:10:00
-3.531100,-54.635700,GOES-19,2026-10-07 20:20:00
-3.531100,-54.635700,GOES-19,2026-10-07 20:30:00
-3.531100,-54.635700,GOES-19,2026-10-07 20:40:00
-3.531100,-54.635700,GOES-19,2026-10-07 20:50:00
-3.531100,-54.635700,GOES-19,2026-10-07 21:00:00
-3.531100,-54.635700,GOES-19,2026-10-07 21:10:00
-3.549500,-54.635200,GOES-19,2026-10-07 01:20:00
-3.549500,-54.635200,GOES-19,2026-10-07 01:30:00
-3.549500,-54.635200,GOES-19,2026-10-07 01:40:00
-3.549500,-54.635200,GOES-19,2026-10-07 02:10:00
-3.549500,-54.635200,GOES-19,2026-10-07 02:20:00
-3.549500,-54.635200,GOES-19,2026-10-07 15:10:00
-3.549500,-54.635200,GOES-19,2026-10-07 20:10:00
-1.457100,-54.656500,GOES-19,2026-10-07 22:50:00
-1.457100,-54.656500,GOES-19,2026-10-07 23:10:00
-1.475400,-54.656300,GOES-19,2026-10-07 19:20:00
-1.475400,-54.656300,GOES-19,2026-10-07 22:50:00
-1.475400,-54.656300,GOES-19,2026-10-07 23:10:00
-3.476000,-54.617200,GOES-19,2026-10-07 15:10:00
-3.476000,-54.617200,GOES-19,2026-10-07 18:30:00
-3.476000,-54.617200,GOES-19,2026-10-07 19:40:00
-3.476000,-54.617200,GOES-19,2026-10-07 19:50:00
-3.476000,-54.617200,GOES-19,2026-10-07 20:00:00
-3.476000,-54.617200,GOES-19,2026-10-07 20:10:00
-3.476000,-54.617200,GOES-19,2026-10-07 20:20:00
-3.494400,-54.616700,GOES-19,2026-10-07 00:00:00
-3.494400,-54.616700,GOES-19,2026-10-07 00:10:00
-3.494400,-54.616700,GOES-19,2026-10-07 00:20:00
-3.494400,-54.616700,GOES-19,2026-10-07 00:30:00
-3.494400,-54.616700,GOES-19,2026-10-07 00:40:00
-3.494400,-54.616700,GOES-19,2026-10-07 15:10:00
-3.494400,-54.616700,GOES-19,2026-10-07 18:30:00
-3.494400,-54.616700,GOES-19,2026-10-07 19:40:00
-3.494400,-54.616700,GOES-19,2026-10-07 19:50:00
-3.494400,-54.616700,GOES-19,2026-10-07 20:00:00
-3.494400,-54.616700,GOES-19,2026-10-07 20:10:00
-3.494400,-54.616700,GOES-19,2026-10-07 20:20:00
-3.512800,-54.616200,GOES-19,2026-10-07 15:10:00
-1.457100,-54.636500,GOES-19,2026-10-07 22:50:00
-1.457100,-54.636500,GOES-19,2026-10-07 23:10:00
-1.475500,-54.636300,GOES-19,2026-10-07 22:50:00
-1.475500,-54.636300,GOES-19,2026-10-07 23:10:00
-3.604900,-54.553600,GOES-19,2026-10-07 18:40:00
-3.604900,-54.553600,GOES-19,2026-10-07 18:50:00
-3.604900,-54.553600,GOES-19,2026-10-07 19:00:00
-3.604900,-54.553600,GOES-19,2026-10-07 19:30:00
-1.512200,-54.576000,GOES-19,2026-10-07 22:30:00
-3.513100,-54.536200,GOES-19,2026-10-07 19:50:00
-1.475600,-54.556500,GOES-19,2026-10-07 22:20:00
-1.475600,-54.556500,GOES-19,2026-10-07 22:30:00
-1.475600,-54.556500,GOES-19,2026-10-07 22:40:00
-1.475600,-54.556500,GOES-19,2026-10-07 23:00:00
-1.475600,-54.556500,GOES-19,2026-10-07 23:10:00
-1.475600,-54.556500,GOES-19,2026-10-07 23:30:00
-1.530600,-54.555800,GOES-19,2026-10-07 19:40:00
-1.530600,-54.555800,GOES-19,2026-10-07 22:20:00
-1.530600,-54.555800,GOES-19,2026-10-07 22:30:00
-1.530600,-54.555800,GOES-19,2026-10-07 22:40:00
-1.530600,-54.555800,GOES-19,2026-10-07 23:00:00
-1.530600,-54.555800,GOES-19,2026-10-07 23:10:00
-1.530600,-54.555800,GOES-19,2026-10-07 23:30:00
-3.678600,-54.511500,GOES-19,2026-10-07 18:10:00
-3.678600,-54.511500,GOES-19,2026-10-07 18:20:00
-3.678600,-54.511500,GOES-19,2026-10-07 18:30:00
-3.678600,-54.511500,GOES-19,2026-10-07 18:40:00
-1.530600,-54.535900,GOES-19,2026-10-07 22:20:00
-1.530600,-54.535900,GOES-19,2026-10-07 22:30:00
-1.530600,-54.535900,GOES-19,2026-10-07 22:40:00
-1.530600,-54.535900,GOES-19,2026-10-07 23:00:00
-1.530600,-54.535900,GOES-19,2026-10-07 23:10:00
-1.530600,-54.535900,GOES-19,2026-10-07 23:30:00
-1.475600,-54.536500,GOES-19,2026-10-07 22:20:00
-1.475600,-54.536500,GOES-19,2026-10-07 22:30:00
-1.475600,-54.536500,GOES-19,2026-10-07 22:40:00
-1.475600,-54.536500,GOES-19,2026-10-07 23:00:00
-1.475600,-54.536500,GOES-19,2026-10-07 23:10:00
-1.475600,-54.536500,GOES-19,2026-10-07 23:30:00
-1.475700,-54.516500,GOES-19,2026-10-07 22:20:00
-1.475700,-54.516500,GOES-19,2026-10-07 22:30:00
-1.475700,-54.516500,GOES-19,2026-10-07 22:40:00
-2.870300,-54.472500,GOES-19,2026-10-07 19:30:00
-2.870300,-54.472500,GOES-19,2026-10-07 19:40:00
-2.870300,-54.472500,GOES-19,2026-10-07 19:50:00
-2.888700,-54.472100,GOES-19,2026-10-07 19:30:00
-1.879400,-54.391200,GOES-19,2026-10-07 17:30:00
-1.879400,-54.391200,GOES-19,2026-10-07 17:40:00
-1.879400,-54.391200,GOES-19,2026-10-07 17:50:00
-1.879400,-54.391200,GOES-19,2026-10-07 18:00:00
-1.879400,-54.391200,GOES-19,2026-10-07 18:10:00
-1.879400,-54.391200,GOES-19,2026-10-07 18:20:00
-1.879400,-54.391200,GOES-19,2026-10-07 18:30:00
-1.879400,-54.391200,GOES-19,2026-10-07 18:40:00
-1.897700,-54.390900,GOES-19,2026-10-07 18:00:00
-1.897700,-54.390900,GOES-19,2026-10-07 18:10:00
-1.897700,-54.390900,GOES-19,2026-10-07 18:20:00
-1.897700,-54.390900,GOES-19,2026-10-07 18:30:00
-1.897700,-54.390900,GOES-19,2026-10-07 18:40:00
-1.897700,-54.390900,GOES-19,2026-10-07 18:50:00
-3.568900,-54.354400,GOES-19,2026-10-07 18:30:00
-3.568900,-54.354400,GOES-19,2026-10-07 18:40:00
-3.568900,-54.354400,GOES-19,2026-10-07 18:50:00
-3.568900,-54.354400,GOES-19,2026-10-07 19:00:00
-3.568900,-54.354400,GOES-19,2026-10-07 19:10:00
-3.568900,-54.354400,GOES-19,2026-10-07 19:20:00
-3.568900,-54.354400,GOES-19,2026-10-07 19:30:00
-3.568900,-54.354400,GOES-19,2026-10-07 19:40:00
-3.568900,-54.354400,GOES-19,2026-10-07 19:50:00
-3.587300,-54.353900,GOES-19,2026-10-07 17:50:00
-3.587300,-54.353900,GOES-19,2026-10-07 18:20:00
-3.587300,-54.353900,GOES-19,2026-10-07 18:30:00
-3.587300,-54.353900,GOES-19,2026-10-07 18:40:00
-3.587300,-54.353900,GOES-19,2026-10-07 18:50:00
-3.587300,-54.353900,GOES-19,2026-10-07 19:10:00
-3.587300,-54.353900,GOES-19,2026-10-07 19:20:00
-3.587300,-54.353900,GOES-19,2026-10-07 19:30:00
-3.587300,-54.353900,GOES-19,2026-10-07 19:40:00
-3.587400,-54.333800,GOES-19,2026-10-07 18:30:00
-3.587400,-54.333800,GOES-19,2026-10-07 18:40:00
-3.587500,-54.313800,GOES-19,2026-10-07 18:30:00
-3.587500,-54.313800,GOES-19,2026-10-07 18:40:00
-3.072900,-54.307500,GOES-19,2026-10-07 20:00:00
-3.072900,-54.307500,GOES-19,2026-10-07 20:10:00
-3.072900,-54.307500,GOES-19,2026-10-07 20:20:00
-3.072900,-54.307500,GOES-19,2026-10-07 20:30:00
-3.072900,-54.307500,GOES-19,2026-10-07 20:40:00
-3.072900,-54.307500,GOES-19,2026-10-07 20:50:00
-3.072900,-54.307500,GOES-19,2026-10-07 21:00:00
-3.072900,-54.307500,GOES-19,2026-10-07 21:10:00
-3.072900,-54.307500,GOES-19,2026-10-07 22:10:00
-3.072900,-54.307500,GOES-19,2026-10-07 22:20:00
-3.072900,-54.307500,GOES-19,2026-10-07 22:30:00
-3.091300,-54.307000,GOES-19,2026-10-07 00:00:00
-3.091300,-54.307000,GOES-19,2026-10-07 00:10:00
-3.091300,-54.307000,GOES-19,2026-10-07 00:20:00
-3.091300,-54.307000,GOES-19,2026-10-07 00:30:00
-3.091300,-54.307000,GOES-19,2026-10-07 00:40:00
-3.091300,-54.307000,GOES-19,2026-10-07 00:50:00
-3.091300,-54.307000,GOES-19,2026-10-07 01:00:00
-3.091300,-54.307000,GOES-19,2026-10-07 01:10:00
-3.091300,-54.307000,GOES-19,2026-10-07 01:20:00
-3.091300,-54.307000,GOES-19,2026-10-07 01:30:00
-3.091300,-54.307000,GOES-19,2026-10-07 01:40:00
-3.091300,-54.307000,GOES-19,2026-10-07 01:50:00
-3.091300,-54.307000,GOES-19,2026-10-07 02:00:00
-3.091300,-54.307000,GOES-19,2026-10-07 02:10:00
-3.091300,-54.307000,GOES-19,2026-10-07 02:20:00
-3.091300,-54.307000,GOES-19,2026-10-07 19:50:00
-3.091300,-54.307000,GOES-19,2026-10-07 20:00:00
-3.091300,-54.307000,GOES-19,2026-10-07 20:10:00
-3.091300,-54.307000,GOES-19,2026-10-07 20:20:00
-3.091300,-54.307000,GOES-19,2026-10-07 20:30:00
-3.091300,-54.307000,GOES-19,2026-10-07 20:40:00
-3.091300,-54.307000,GOES-19,2026-10-07 20:50:00
-3.091300,-54.307000,GOES-19,2026-10-07 21:00:00
-3.091300,-54.307000,GOES-19,2026-10-07 21:10:00
-3.091300,-54.307000,GOES-19,2026-10-07 21:20:00
-3.091300,-54.307000,GOES-19,2026-10-07 22:10:00
-3.091300,-54.307000,GOES-19,2026-10-07 22:20:00
-3.091300,-54.307000,GOES-19,2026-10-07 22:30:00
-3.587600,-54.293700,GOES-19,2026-10-07 18:30:00
-3.587600,-54.293700,GOES-19,2026-10-07 18:40:00
-2.026300,-54.308800,GOES-19,2026-10-07 18:00:00
-3.073000,-54.287400,GOES-19,2026-10-07 00:00:00
-3.073000,-54.287400,GOES-19,2026-10-07 00:10:00
-3.073000,-54.287400,GOES-19,2026-10-07 00:20:00
-3.073000,-54.287400,GOES-19,2026-10-07 00:30:00
-3.073000,-54.287400,GOES-19,2026-10-07 00:40:00
-3.073000,-54.287400,GOES-19,2026-10-07 00:50:00
-3.073000,-54.287400,GOES-19,2026-10-07 01:00:00
-3.073000,-54.287400,GOES-19,2026-10-07 01:10:00
-3.073000,-54.287400,GOES-19,2026-10-07 01:20:00
-3.073000,-54.287400,GOES-19,2026-10-07 01:30:00
-3.073000,-54.287400,GOES-19,2026-10-07 01:40:00
-3.073000,-54.287400,GOES-19,2026-10-07 01:50:00
-3.073000,-54.287400,GOES-19,2026-10-07 02:00:00
-3.073000,-54.287400,GOES-19,2026-10-07 02:10:00
-3.073000,-54.287400,GOES-19,2026-10-07 02:20:00
-3.073000,-54.287400,GOES-19,2026-10-07 19:50:00
-3.073000,-54.287400,GOES-19,2026-10-07 20:00:00
-3.073000,-54.287400,GOES-19,2026-10-07 20:10:00
-3.073000,-54.287400,GOES-19,2026-10-07 20:20:00
-3.073000,-54.287400,GOES-19,2026-10-07 20:30:00
-3.073000,-54.287400,GOES-19,2026-10-07 20:40:00
-3.073000,-54.287400,GOES-19,2026-10-07 20:50:00
-3.073000,-54.287400,GOES-19,2026-10-07 21:00:00
-3.073000,-54.287400,GOES-19,2026-10-07 21:10:00
-3.073000,-54.287400,GOES-19,2026-10-07 21:20:00
-3.073000,-54.287400,GOES-19,2026-10-07 22:10:00
-3.073000,-54.287400,GOES-19,2026-10-07 22:20:00
-3.073000,-54.287400,GOES-19,2026-10-07 22:30:00
-3.091300,-54.287000,GOES-19,2026-10-07 00:00:00
-3.091300,-54.287000,GOES-19,2026-10-07 00:10:00
-3.091300,-54.287000,GOES-19,2026-10-07 00:20:00
-3.091300,-54.287000,GOES-19,2026-10-07 00:30:00
-3.091300,-54.287000,GOES-19,2026-10-07 00:40:00
-3.091300,-54.287000,GOES-19,2026-10-07 00:50:00
-3.091300,-54.287000,GOES-19,2026-10-07 01:00:00
-3.091300,-54.287000,GOES-19,2026-10-07 01:10:00
-3.091300,-54.287000,GOES-19,2026-10-07 01:20:00
-3.091300,-54.287000,GOES-19,2026-10-07 01:30:00
-3.091300,-54.287000,GOES-19,2026-10-07 01:40:00
-3.091300,-54.287000,GOES-19,2026-10-07 01:50:00
-3.091300,-54.287000,GOES-19,2026-10-07 02:00:00
-3.091300,-54.287000,GOES-19,2026-10-07 02:10:00
-3.091300,-54.287000,GOES-19,2026-10-07 02:20:00
-3.091300,-54.287000,GOES-19,2026-10-07 19:50:00
-3.091300,-54.287000,GOES-19,2026-10-07 20:00:00
-3.091300,-54.287000,GOES-19,2026-10-07 20:10:00
-3.091300,-54.287000,GOES-19,2026-10-07 20:20:00
-3.091300,-54.287000,GOES-19,2026-10-07 20:30:00
-3.091300,-54.287000,GOES-19,2026-10-07 20:40:00
-3.091300,-54.287000,GOES-19,2026-10-07 20:50:00
-3.091300,-54.287000,GOES-19,2026-10-07 21:00:00
-3.091300,-54.287000,GOES-19,2026-10-07 21:10:00
-3.091300,-54.287000,GOES-19,2026-10-07 21:20:00
-3.091300,-54.287000,GOES-19,2026-10-07 22:10:00
-3.091300,-54.287000,GOES-19,2026-10-07 22:20:00
-3.091300,-54.287000,GOES-19,2026-10-07 22:30:00
-3.109700,-54.286500,GOES-19,2026-10-07 00:00:00
-3.109700,-54.286500,GOES-19,2026-10-07 00:10:00
-3.109700,-54.286500,GOES-19,2026-10-07 00:20:00
-3.109700,-54.286500,GOES-19,2026-10-07 00:30:00
-3.109700,-54.286500,GOES-19,2026-10-07 00:40:00
-3.109700,-54.286500,GOES-19,2026-10-07 00:50:00
-3.109700,-54.286500,GOES-19,2026-10-07 01:00:00
-3.109700,-54.286500,GOES-19,2026-10-07 01:10:00
-3.109700,-54.286500,GOES-19,2026-10-07 01:20:00
-3.109700,-54.286500,GOES-19,2026-10-07 01:30:00
-3.109700,-54.286500,GOES-19,2026-10-07 01:40:00
-3.109700,-54.286500,GOES-19,2026-10-07 01:50:00
-3.109700,-54.286500,GOES-19,2026-10-07 02:00:00
-3.109700,-54.286500,GOES-19,2026-10-07 02:10:00
-3.109700,-54.286500,GOES-19,2026-10-07 02:20:00
-3.109700,-54.286500,GOES-19,2026-10-07 19:50:00
-3.109700,-54.286500,GOES-19,2026-10-07 20:00:00
-3.109700,-54.286500,GOES-19,2026-10-07 20:10:00
-3.109700,-54.286500,GOES-19,2026-10-07 20:20:00
-3.109700,-54.286500,GOES-19,2026-10-07 20:30:00
-3.109700,-54.286500,GOES-19,2026-10-07 20:40:00
-3.109700,-54.286500,GOES-19,2026-10-07 20:50:00
-3.109700,-54.286500,GOES-19,2026-10-07 21:00:00
-3.109700,-54.286500,GOES-19,2026-10-07 21:10:00
-3.109700,-54.286500,GOES-19,2026-10-07 21:20:00
-3.109700,-54.286500,GOES-19,2026-10-07 22:10:00
-3.109700,-54.286500,GOES-19,2026-10-07 22:20:00
-3.109700,-54.286500,GOES-19,2026-10-07 22:30:00
-3.054600,-54.267800,GOES-19,2026-10-07 19:50:00
-3.054600,-54.267800,GOES-19,2026-10-07 20:10:00
-3.054600,-54.267800,GOES-19,2026-10-07 20:20:00
-3.073000,-54.267400,GOES-19,2026-10-07 00:00:00
-3.073000,-54.267400,GOES-19,2026-10-07 00:10:00
-3.073000,-54.267400,GOES-19,2026-10-07 00:20:00
-3.073000,-54.267400,GOES-19,2026-10-07 00:30:00
-3.073000,-54.267400,GOES-19,2026-10-07 00:40:00
-3.073000,-54.267400,GOES-19,2026-10-07 00:50:00
-3.073000,-54.267400,GOES-19,2026-10-07 01:00:00
-3.073000,-54.267400,GOES-19,2026-10-07 01:10:00
-3.073000,-54.267400,GOES-19,2026-10-07 01:20:00
-3.073000,-54.267400,GOES-19,2026-10-07 01:30:00
-3.073000,-54.267400,GOES-19,2026-10-07 01:40:00
-3.073000,-54.267400,GOES-19,2026-10-07 01:50:00
-3.073000,-54.267400,GOES-19,2026-10-07 02:00:00
-3.073000,-54.267400,GOES-19,2026-10-07 02:10:00
-3.073000,-54.267400,GOES-19,2026-10-07 02:20:00
-3.073000,-54.267400,GOES-19,2026-10-07 19:50:00
-3.073000,-54.267400,GOES-19,2026-10-07 20:00:00
-3.073000,-54.267400,GOES-19,2026-10-07 20:10:00
-3.073000,-54.267400,GOES-19,2026-10-07 20:20:00
-3.073000,-54.267400,GOES-19,2026-10-07 20:30:00
-3.073000,-54.267400,GOES-19,2026-10-07 20:40:00
-3.073000,-54.267400,GOES-19,2026-10-07 20:50:00
-3.073000,-54.267400,GOES-19,2026-10-07 21:00:00
-3.073000,-54.267400,GOES-19,2026-10-07 21:10:00
-3.073000,-54.267400,GOES-19,2026-10-07 21:20:00
-3.073000,-54.267400,GOES-19,2026-10-07 22:10:00
-3.073000,-54.267400,GOES-19,2026-10-07 22:20:00
-3.073000,-54.267400,GOES-19,2026-10-07 22:30:00
-3.091400,-54.266900,GOES-19,2026-10-07 00:00:00
-3.091400,-54.266900,GOES-19,2026-10-07 00:10:00
-3.091400,-54.266900,GOES-19,2026-10-07 00:20:00
-3.091400,-54.266900,GOES-19,2026-10-07 00:30:00
-3.091400,-54.266900,GOES-19,2026-10-07 00:40:00
-3.091400,-54.266900,GOES-19,2026-10-07 00:50:00
-3.091400,-54.266900,GOES-19,2026-10-07 01:00:00
-3.091400,-54.266900,GOES-19,2026-10-07 01:10:00
-3.091400,-54.266900,GOES-19,2026-10-07 01:20:00
-3.091400,-54.266900,GOES-19,2026-10-07 01:30:00
-3.091400,-54.266900,GOES-19,2026-10-07 01:40:00
-3.091400,-54.266900,GOES-19,2026-10-07 01:50:00
-3.091400,-54.266900,GOES-19,2026-10-07 02:00:00
-3.091400,-54.266900,GOES-19,2026-10-07 02:10:00
-3.091400,-54.266900,GOES-19,2026-10-07 02:20:00
-3.091400,-54.266900,GOES-19,2026-10-07 20:00:00
-3.091400,-54.266900,GOES-19,2026-10-07 20:10:00
-3.091400,-54.266900,GOES-19,2026-10-07 20:20:00
-3.091400,-54.266900,GOES-19,2026-10-07 20:30:00
-3.091400,-54.266900,GOES-19,2026-10-07 20:40:00
-3.091400,-54.266900,GOES-19,2026-10-07 20:50:00
-3.091400,-54.266900,GOES-19,2026-10-07 21:00:00
-3.091400,-54.266900,GOES-19,2026-10-07 21:10:00
-3.091400,-54.266900,GOES-19,2026-10-07 21:20:00
-3.091400,-54.266900,GOES-19,2026-10-07 22:10:00
-3.091400,-54.266900,GOES-19,2026-10-07 22:20:00
-3.091400,-54.266900,GOES-19,2026-10-07 22:30:00
-3.109800,-54.266500,GOES-19,2026-10-07 00:00:00
-3.109800,-54.266500,GOES-19,2026-10-07 20:00:00
-3.109800,-54.266500,GOES-19,2026-10-07 20:10:00
-3.109800,-54.266500,GOES-19,2026-10-07 20:20:00
-3.109800,-54.266500,GOES-19,2026-10-07 20:30:00
-3.109800,-54.266500,GOES-19,2026-10-07 20:40:00
-3.109800,-54.266500,GOES-19,2026-10-07 20:50:00
-3.109800,-54.266500,GOES-19,2026-10-07 21:00:00
-3.109800,-54.266500,GOES-19,2026-10-07 21:10:00
-3.109800,-54.266500,GOES-19,2026-10-07 21:20:00
-3.054700,-54.247800,GOES-19,2026-10-07 20:10:00
-3.054700,-54.247800,GOES-19,2026-10-07 20:20:00
-3.073100,-54.247300,GOES-19,2026-10-07 00:00:00
-3.073100,-54.247300,GOES-19,2026-10-07 00:10:00
-3.073100,-54.247300,GOES-19,2026-10-07 00:20:00
-3.073100,-54.247300,GOES-19,2026-10-07 00:30:00
-3.073100,-54.247300,GOES-19,2026-10-07 00:40:00
-3.073100,-54.247300,GOES-19,2026-10-07 00:50:00
-3.073100,-54.247300,GOES-19,2026-10-07 01:00:00
-3.073100,-54.247300,GOES-19,2026-10-07 01:10:00
-3.073100,-54.247300,GOES-19,2026-10-07 01:20:00
-3.073100,-54.247300,GOES-19,2026-10-07 01:30:00
-3.073100,-54.247300,GOES-19,2026-10-07 01:40:00
-3.073100,-54.247300,GOES-19,2026-10-07 01:50:00
-3.073100,-54.247300,GOES-19,2026-10-07 02:00:00
-3.073100,-54.247300,GOES-19,2026-10-07 02:10:00
-3.073100,-54.247300,GOES-19,2026-10-07 02:20:00
-3.073100,-54.247300,GOES-19,2026-10-07 19:50:00
-3.073100,-54.247300,GOES-19,2026-10-07 20:00:00
-3.073100,-54.247300,GOES-19,2026-10-07 20:10:00
-3.073100,-54.247300,GOES-19,2026-10-07 20:20:00
-3.073100,-54.247300,GOES-19,2026-10-07 20:30:00
-3.073100,-54.247300,GOES-19,2026-10-07 20:40:00
-3.073100,-54.247300,GOES-19,2026-10-07 20:50:00
-3.073100,-54.247300,GOES-19,2026-10-07 21:00:00
-3.073100,-54.247300,GOES-19,2026-10-07 21:10:00
-3.073100,-54.247300,GOES-19,2026-10-07 22:10:00
-3.091500,-54.246900,GOES-19,2026-10-07 00:00:00
-3.091500,-54.246900,GOES-19,2026-10-07 00:10:00
-3.091500,-54.246900,GOES-19,2026-10-07 00:20:00
-3.091500,-54.246900,GOES-19,2026-10-07 00:30:00
-2.871100,-54.212000,GOES-19,2026-10-07 18:40:00
-2.871100,-54.212000,GOES-19,2026-10-07 20:00:00
-2.944600,-54.210300,GOES-19,2026-10-07 19:20:00
-2.944600,-54.210300,GOES-19,2026-10-07 19:30:00
-3.110000,-54.206300,GOES-19,2026-10-07 19:40:00
-3.110000,-54.206300,GOES-19,2026-10-07 20:00:00
-3.110000,-54.206300,GOES-19,2026-10-07 20:20:00
-2.871200,-54.192000,GOES-19,2026-10-07 18:30:00
-2.871200,-54.192000,GOES-19,2026-10-07 18:40:00
-2.871200,-54.192000,GOES-19,2026-10-07 18:50:00
-2.871200,-54.192000,GOES-19,2026-10-07 19:00:00
-2.871200,-54.192000,GOES-19,2026-10-07 19:10:00
-2.871200,-54.192000,GOES-19,2026-10-07 19:20:00
-2.871200,-54.192000,GOES-19,2026-10-07 20:00:00
-2.926300,-54.190700,GOES-19,2026-10-07 15:30:00
-2.944700,-54.190200,GOES-19,2026-10-07 15:00:00
-2.944700,-54.190200,GOES-19,2026-10-07 19:20:00
-2.944700,-54.190200,GOES-19,2026-10-07 19:30:00
-2.944700,-54.190200,GOES-19,2026-10-07 19:40:00
-2.944700,-54.190200,GOES-19,2026-10-07 19:50:00
-2.944700,-54.190200,GOES-19,2026-10-07 20:00:00
-2.944700,-54.190200,GOES-19,2026-10-07 20:10:00
-2.944700,-54.190200,GOES-19,2026-10-07 20:20:00
-2.944700,-54.190200,GOES-19,2026-10-07 20:30:00
-2.944700,-54.190200,GOES-19,2026-10-07 20:40:00
-3.091700,-54.186700,GOES-19,2026-10-07 15:10:00
-3.091700,-54.186700,GOES-19,2026-10-07 15:20:00
-3.091700,-54.186700,GOES-19,2026-10-07 15:30:00
-3.091700,-54.186700,GOES-19,2026-10-07 19:50:00
-3.091700,-54.186700,GOES-19,2026-10-07 20:00:00
-3.091700,-54.186700,GOES-19,2026-10-07 20:10:00
-3.091700,-54.186700,GOES-19,2026-10-07 20:20:00
-3.110000,-54.186200,GOES-19,2026-10-07 15:00:00
-3.110000,-54.186200,GOES-19,2026-10-07 15:10:00
-3.110000,-54.186200,GOES-19,2026-10-07 15:20:00
-3.110000,-54.186200,GOES-19,2026-10-07 15:30:00
-3.110000,-54.186200,GOES-19,2026-10-07 19:30:00
-3.110000,-54.186200,GOES-19,2026-10-07 19:50:00
-3.110000,-54.186200,GOES-19,2026-10-07 20:00:00
-3.110000,-54.186200,GOES-19,2026-10-07 20:10:00
-3.110000,-54.186200,GOES-19,2026-10-07 20:20:00
-2.871200,-54.171900,GOES-19,2026-10-07 18:30:00
-2.871200,-54.171900,GOES-19,2026-10-07 18:40:00
-2.871200,-54.171900,GOES-19,2026-10-07 18:50:00
-2.889600,-54.171500,GOES-19,2026-10-07 15:10:00
-2.889600,-54.171500,GOES-19,2026-10-07 15:20:00
-2.889600,-54.171500,GOES-19,2026-10-07 18:40:00
-2.889600,-54.171500,GOES-19,2026-10-07 18:50:00
-2.889600,-54.171500,GOES-19,2026-10-07 19:00:00
-2.889600,-54.171500,GOES-19,2026-10-07 19:10:00
-2.889600,-54.171500,GOES-19,2026-10-07 19:20:00
-2.889600,-54.171500,GOES-19,2026-10-07 19:30:00
-2.889600,-54.171500,GOES-19,2026-10-07 19:40:00
-2.889600,-54.171500,GOES-19,2026-10-07 19:50:00
-2.889600,-54.171500,GOES-19,2026-10-07 20:00:00
-2.926400,-54.170600,GOES-19,2026-10-07 15:00:00
-2.926400,-54.170600,GOES-19,2026-10-07 15:10:00
-2.926400,-54.170600,GOES-19,2026-10-07 15:20:00
-2.926400,-54.170600,GOES-19,2026-10-07 15:30:00
-2.926400,-54.170600,GOES-19,2026-10-07 18:50:00
-2.926400,-54.170600,GOES-19,2026-10-07 19:00:00
-2.926400,-54.170600,GOES-19,2026-10-07 19:20:00
-2.926400,-54.170600,GOES-19,2026-10-07 19:40:00
-2.926400,-54.170600,GOES-19,2026-10-07 19:50:00
-2.926400,-54.170600,GOES-19,2026-10-07 20:00:00
-2.926400,-54.170600,GOES-19,2026-10-07 20:10:00
-2.926400,-54.170600,GOES-19,2026-10-07 20:20:00
-2.926400,-54.170600,GOES-19,2026-10-07 20:30:00
-2.926400,-54.170600,GOES-19,2026-10-07 20:40:00
-2.926400,-54.170600,GOES-19,2026-10-07 21:00:00
-2.944700,-54.170200,GOES-19,2026-10-07 19:20:00
-2.944700,-54.170200,GOES-19,2026-10-07 19:40:00
-2.944700,-54.170200,GOES-19,2026-10-07 19:50:00
-2.944700,-54.170200,GOES-19,2026-10-07 20:00:00
-2.944700,-54.170200,GOES-19,2026-10-07 20:10:00
-2.944700,-54.170200,GOES-19,2026-10-07 20:20:00
-2.944700,-54.170200,GOES-19,2026-10-07 20:30:00
-2.944700,-54.170200,GOES-19,2026-10-07 20:40:00
-2.944700,-54.170200,GOES-19,2026-10-07 20:50:00
-2.944700,-54.170200,GOES-19,2026-10-07 21:00:00
-2.944700,-54.170200,GOES-19,2026-10-07 21:10:00
-2.944700,-54.170200,GOES-19,2026-10-07 21:20:00
-2.963100,-54.169700,GOES-19,2026-10-07 19:30:00
-2.963100,-54.169700,GOES-19,2026-10-07 19:50:00
-2.963100,-54.169700,GOES-19,2026-10-07 20:00:00
-2.963100,-54.169700,GOES-19,2026-10-07 20:10:00
-2.963100,-54.169700,GOES-19,2026-10-07 20:20:00
-3.073400,-54.167000,GOES-19,2026-10-07 15:00:00
-3.073400,-54.167000,GOES-19,2026-10-07 15:10:00
-3.091700,-54.166600,GOES-19,2026-10-07 15:00:00
-3.091700,-54.166600,GOES-19,2026-10-07 15:10:00
-3.091700,-54.166600,GOES-19,2026-10-07 15:20:00
-3.091700,-54.166600,GOES-19,2026-10-07 15:30:00
-3.091700,-54.166600,GOES-19,2026-10-07 19:30:00
-3.091700,-54.166600,GOES-19,2026-10-07 19:50:00
-3.091700,-54.166600,GOES-19,2026-10-07 20:00:00
-3.091700,-54.166600,GOES-19,2026-10-07 20:10:00
-3.091700,-54.166600,GOES-19,2026-10-07 20:20:00
-3.110100,-54.166100,GOES-19,2026-10-07 15:00:00
-3.110100,-54.166100,GOES-19,2026-10-07 15:10:00
-3.110100,-54.166100,GOES-19,2026-10-07 15:20:00
-3.110100,-54.166100,GOES-19,2026-10-07 15:30:00
-3.110100,-54.166100,GOES-19,2026-10-07 19:30:00
-3.110100,-54.166100,GOES-19,2026-10-07 19:50:00
-3.110100,-54.166100,GOES-19,2026-10-07 20:00:00
-3.110100,-54.166100,GOES-19,2026-10-07 20:10:00
-3.110100,-54.166100,GOES-19,2026-10-07 20:20:00
-1.109400,-54.180200,GOES-19,2026-10-07 19:00:00
-1.109400,-54.180200,GOES-19,2026-10-07 19:40:00
-2.999900,-54.148800,GOES-19,2026-10-07 19:30:00
-2.999900,-54.148800,GOES-19,2026-10-07 19:40:00
-2.999900,-54.148800,GOES-19,2026-10-07 19:50:00
-2.999900,-54.148800,GOES-19,2026-10-07 20:00:00
-2.999900,-54.148800,GOES-19,2026-10-07 20:10:00
-2.999900,-54.148800,GOES-19,2026-10-07 20:20:00
-2.999900,-54.148800,GOES-19,2026-10-07 20:30:00
-2.999900,-54.148800,GOES-19,2026-10-07 20:40:00
-2.999900,-54.148800,GOES-19,2026-10-07 20:50:00
-2.999900,-54.148800,GOES-19,2026-10-07 21:00:00
-2.999900,-54.148800,GOES-19,2026-10-07 21:10:00
-2.999900,-54.148800,GOES-19,2026-10-07 21:20:00
-2.999900,-54.148800,GOES-19,2026-10-07 22:10:00
-3.018300,-54.148300,GOES-19,2026-10-07 20:20:00
-3.036700,-54.147900,GOES-19,2026-10-07 15:20:00
-3.055000,-54.147400,GOES-19,2026-10-07 15:00:00
-3.055000,-54.147400,GOES-19,2026-10-07 15:10:00
-3.055000,-54.147400,GOES-19,2026-10-07 15:20:00
-3.073400,-54.147000,GOES-19,2026-10-07 15:00:00
-3.073400,-54.147000,GOES-19,2026-10-07 15:10:00
-3.073400,-54.147000,GOES-19,2026-10-07 15:20:00
-3.073400,-54.147000,GOES-19,2026-10-07 15:30:00
-3.091800,-54.146500,GOES-19,2026-10-07 15:00:00
-3.091800,-54.146500,GOES-19,2026-10-07 15:10:00
-3.091800,-54.146500,GOES-19,2026-10-07 15:20:00
-3.091800,-54.146500,GOES-19,2026-10-07 15:30:00
-3.091800,-54.146500,GOES-19,2026-10-07 19:30:00
-3.091800,-54.146500,GOES-19,2026-10-07 19:50:00
-3.110200,-54.146000,GOES-19,2026-10-07 15:00:00
-3.110200,-54.146000,GOES-19,2026-10-07 15:10:00
-3.110200,-54.146000,GOES-19,2026-10-07 15:20:00
-3.110200,-54.146000,GOES-19,2026-10-07 15:30:00
-3.110200,-54.146000,GOES-19,2026-10-07 19:30:00
-3.110200,-54.146000,GOES-19,2026-10-07 19:50:00
-3.110200,-54.146000,GOES-19,2026-10-07 20:00:00
-3.110200,-54.146000,GOES-19,2026-10-07 20:10:00
-3.110200,-54.146000,GOES-19,2026-10-07 20:20:00
-2.852900,-54.152300,GOES-19,2026-10-07 18:30:00
-2.871300,-54.151800,GOES-19,2026-10-07 15:20:00
-2.871300,-54.151800,GOES-19,2026-10-07 15:30:00
-2.871300,-54.151800,GOES-19,2026-10-07 15:40:00
-2.871300,-54.151800,GOES-19,2026-10-07 18:10:00
-2.871300,-54.151800,GOES-19,2026-10-07 18:20:00
-2.871300,-54.151800,GOES-19,2026-10-07 18:30:00
-2.871300,-54.151800,GOES-19,2026-10-07 18:40:00
-2.871300,-54.151800,GOES-19,2026-10-07 18:50:00
-2.871300,-54.151800,GOES-19,2026-10-07 19:00:00
-2.871300,-54.151800,GOES-19,2026-10-07 19:10:00
-2.871300,-54.151800,GOES-19,2026-10-07 19:20:00
-2.871300,-54.151800,GOES-19,2026-10-07 19:30:00
-2.889700,-54.151400,GOES-19,2026-10-07 15:00:00
-2.889700,-54.151400,GOES-19,2026-10-07 15:10:00
-2.889700,-54.151400,GOES-19,2026-10-07 15:20:00
-2.889700,-54.151400,GOES-19,2026-10-07 15:30:00
-2.889700,-54.151400,GOES-19,2026-10-07 15:40:00
-2.889700,-54.151400,GOES-19,2026-10-07 18:10:00
-2.889700,-54.151400,GOES-19,2026-10-07 18:20:00
-2.889700,-54.151400,GOES-19,2026-10-07 18:30:00
-2.889700,-54.151400,GOES-19,2026-10-07 18:40:00
-2.889700,-54.151400,GOES-19,2026-10-07 18:50:00
-2.889700,-54.151400,GOES-19,2026-10-07 19:00:00
-2.889700,-54.151400,GOES-19,2026-10-07 19:10:00
-2.889700,-54.151400,GOES-19,2026-10-07 19:20:00
-2.889700,-54.151400,GOES-19,2026-10-07 19:30:00
-2.889700,-54.151400,GOES-19,2026-10-07 19:40:00
-2.889700,-54.151400,GOES-19,2026-10-07 19:50:00
-2.889700,-54.151400,GOES-19,2026-10-07 20:00:00
-2.908000,-54.151000,GOES-19,2026-10-07 19:00:00
-2.926400,-54.150500,GOES-19,2026-10-07 15:00:00
-2.926400,-54.150500,GOES-19,2026-10-07 15:10:00
-2.926400,-54.150500,GOES-19,2026-10-07 15:20:00
-2.926400,-54.150500,GOES-19,2026-10-07 15:30:00
-2.926400,-54.150500,GOES-19,2026-10-07 15:40:00
-2.926400,-54.150500,GOES-19,2026-10-07 18:40:00
-2.926400,-54.150500,GOES-19,2026-10-07 18:50:00
-2.926400,-54.150500,GOES-19,2026-10-07 19:00:00
-2.926400,-54.150500,GOES-19,2026-10-07 19:20:00
-2.926400,-54.150500,GOES-19,2026-10-07 19:30:00
-2.926400,-54.150500,GOES-19,2026-10-07 19:40:00
-2.926400,-54.150500,GOES-19,2026-10-07 19:50:00
-2.926400,-54.150500,GOES-19,2026-10-07 20:00:00
-2.926400,-54.150500,GOES-19,2026-10-07 20:10:00
-2.926400,-54.150500,GOES-19,2026-10-07 20:20:00
-2.926400,-54.150500,GOES-19,2026-10-07 20:30:00
-2.926400,-54.150500,GOES-19,2026-10-07 20:40:00
-2.926400,-54.150500,GOES-19,2026-10-07 20:50:00
-2.926400,-54.150500,GOES-19,2026-10-07 21:00:00
-2.926400,-54.150500,GOES-19,2026-10-07 21:10:00
-2.944800,-54.150100,GOES-19,2026-10-07 15:00:00
-2.944800,-54.150100,GOES-19,2026-10-07 15:10:00
-2.944800,-54.150100,GOES-19,2026-10-07 15:20:00
-2.944800,-54.150100,GOES-19,2026-10-07 19:00:00
-2.944800,-54.150100,GOES-19,2026-10-07 19:10:00
-2.944800,-54.150100,GOES-19,2026-10-07 19:20:00
-2.944800,-54.150100,GOES-19,2026-10-07 19:30:00
-2.944800,-54.150100,GOES-19,2026-10-07 19:40:00
-2.944800,-54.150100,GOES-19,2026-10-07 19:50:00
-2.944800,-54.150100,GOES-19,2026-10-07 20:00:00
-2.944800,-54.150100,GOES-19,2026-10-07 20:10:00
-2.944800,-54.150100,GOES-19,2026-10-07 20:20:00
-2.944800,-54.150100,GOES-19,2026-10-07 20:30:00
-2.944800,-54.150100,GOES-19,2026-10-07 20:40:00
-2.944800,-54.150100,GOES-19,2026-10-07 20:50:00
-2.944800,-54.150100,GOES-19,2026-10-07 21:00:00
-2.944800,-54.150100,GOES-19,2026-10-07 21:10:00
-2.944800,-54.150100,GOES-19,2026-10-07 21:20:00
-2.963200,-54.149700,GOES-19,2026-10-07 15:10:00
-2.963200,-54.149700,GOES-19,2026-10-07 15:20:00
-2.963200,-54.149700,GOES-19,2026-10-07 19:20:00
-2.963200,-54.149700,GOES-19,2026-10-07 19:30:00
-2.963200,-54.149700,GOES-19,2026-10-07 19:40:00
-2.963200,-54.149700,GOES-19,2026-10-07 19:50:00
-2.963200,-54.149700,GOES-19,2026-10-07 20:00:00
-2.963200,-54.149700,GOES-19,2026-10-07 20:10:00
-2.963200,-54.149700,GOES-19,2026-10-07 20:20:00
-2.963200,-54.149700,GOES-19,2026-10-07 20:30:00
-2.963200,-54.149700,GOES-19,2026-10-07 20:40:00
-2.963200,-54.149700,GOES-19,2026-10-07 20:50:00
-2.963200,-54.149700,GOES-19,2026-10-07 21:00:00
-2.963200,-54.149700,GOES-19,2026-10-07 21:10:00
-2.981500,-54.149200,GOES-19,2026-10-07 19:10:00
-2.981500,-54.149200,GOES-19,2026-10-07 19:20:00
-2.981500,-54.149200,GOES-19,2026-10-07 19:30:00
-2.981500,-54.149200,GOES-19,2026-10-07 19:40:00
-2.981500,-54.149200,GOES-19,2026-10-07 19:50:00
-2.981500,-54.149200,GOES-19,2026-10-07 20:00:00
-2.981500,-54.149200,GOES-19,2026-10-07 20:10:00
-2.981500,-54.149200,GOES-19,2026-10-07 20:20:00
-2.981500,-54.149200,GOES-19,2026-10-07 20:30:00
-2.981500,-54.149200,GOES-19,2026-10-07 20:40:00
-2.981500,-54.149200,GOES-19,2026-10-07 20:50:00
-2.981500,-54.149200,GOES-19,2026-10-07 21:00:00
-2.981500,-54.149200,GOES-19,2026-10-07 21:10:00
-2.981500,-54.149200,GOES-19,2026-10-07 21:20:00
-2.981500,-54.149200,GOES-19,2026-10-07 22:10:00
-2.981500,-54.149200,GOES-19,2026-10-07 22:20:00
-2.981500,-54.149200,GOES-19,2026-10-07 22:30:00
-2.834600,-54.132600,GOES-19,2026-10-07 18:20:00
-2.834600,-54.132600,GOES-19,2026-10-07 18:30:00
-2.834600,-54.132600,GOES-19,2026-10-07 18:40:00
-2.834600,-54.132600,GOES-19,2026-10-07 18:50:00
-2.834600,-54.132600,GOES-19,2026-10-07 19:00:00
-2.834600,-54.132600,GOES-19,2026-10-07 19:10:00
-2.834600,-54.132600,GOES-19,2026-10-07 19:20:00
-2.834600,-54.132600,GOES-19,2026-10-07 19:30:00
-2.834600,-54.132600,GOES-19,2026-10-07 19:40:00
-2.834600,-54.132600,GOES-19,2026-10-07 19:50:00
-2.834600,-54.132600,GOES-19,2026-10-07 20:00:00
-2.853000,-54.132200,GOES-19,2026-10-07 18:10:00
-2.853000,-54.132200,GOES-19,2026-10-07 18:20:00
-2.853000,-54.132200,GOES-19,2026-10-07 18:30:00
-2.853000,-54.132200,GOES-19,2026-10-07 18:40:00
-2.853000,-54.132200,GOES-19,2026-10-07 18:50:00
-2.853000,-54.132200,GOES-19,2026-10-07 19:00:00
-2.853000,-54.132200,GOES-19,2026-10-07 19:10:00
-2.853000,-54.132200,GOES-19,2026-10-07 19:20:00
-2.853000,-54.132200,GOES-19,2026-10-07 19:30:00
-2.853000,-54.132200,GOES-19,2026-10-07 19:40:00
-2.853000,-54.132200,GOES-19,2026-10-07 19:50:00
-2.853000,-54.132200,GOES-19,2026-10-07 20:00:00
-2.871400,-54.131800,GOES-19,2026-10-07 15:00:00
-2.871400,-54.131800,GOES-19,2026-10-07 15:10:00
-2.871400,-54.131800,GOES-19,2026-10-07 15:20:00
-2.871400,-54.131800,GOES-19,2026-10-07 15:30:00
-2.871400,-54.131800,GOES-19,2026-10-07 15:40:00
-2.871400,-54.131800,GOES-19,2026-10-07 18:10:00
-2.871400,-54.131800,GOES-19,2026-10-07 18:20:00
-2.871400,-54.131800,GOES-19,2026-10-07 18:30:00
-2.871400,-54.131800,GOES-19,2026-10-07 18:40:00
-2.871400,-54.131800,GOES-19,2026-10-07 18:50:00
-2.871400,-54.131800,GOES-19,2026-10-07 19:00:00
-2.871400,-54.131800,GOES-19,2026-10-07 19:10:00
-2.871400,-54.131800,GOES-19,2026-10-07 19:20:00
-2.871400,-54.131800,GOES-19,2026-10-07 19:30:00
-2.871400,-54.131800,GOES-19,2026-10-07 19:40:00
-2.871400,-54.131800,GOES-19,2026-10-07 20:00:00
-2.889700,-54.131300,GOES-19,2026-10-07 15:00:00
-2.889700,-54.131300,GOES-19,2026-10-07 15:10:00
-2.889700,-54.131300,GOES-19,2026-10-07 15:20:00
-2.889700,-54.131300,GOES-19,2026-10-07 15:30:00
-2.889700,-54.131300,GOES-19,2026-10-07 18:10:00
-2.889700,-54.131300,GOES-19,2026-10-07 18:20:00
-2.889700,-54.131300,GOES-19,2026-10-07 18:30:00
-2.889700,-54.131300,GOES-19,2026-10-07 18:40:00
-2.889700,-54.131300,GOES-19,2026-10-07 18:50:00
-2.889700,-54.131300,GOES-19,2026-10-07 19:00:00
-2.889700,-54.131300,GOES-19,2026-10-07 19:10:00
-2.889700,-54.131300,GOES-19,2026-10-07 19:20:00
-2.889700,-54.131300,GOES-19,2026-10-07 19:30:00
-2.889700,-54.131300,GOES-19,2026-10-07 19:40:00
-2.889700,-54.131300,GOES-19,2026-10-07 19:50:00
-2.908100,-54.130900,GOES-19,2026-10-07 15:00:00
-2.908100,-54.130900,GOES-19,2026-10-07 15:10:00
-2.908100,-54.130900,GOES-19,2026-10-07 15:20:00
-2.908100,-54.130900,GOES-19,2026-10-07 18:30:00
-2.926500,-54.130500,GOES-19,2026-10-07 15:00:00
-2.926500,-54.130500,GOES-19,2026-10-07 15:10:00
-2.926500,-54.130500,GOES-19,2026-10-07 15:20:00
-2.926500,-54.130500,GOES-19,2026-10-07 15:30:00
-2.926500,-54.130500,GOES-19,2026-10-07 15:40:00
-2.926500,-54.130500,GOES-19,2026-10-07 18:40:00
-2.926500,-54.130500,GOES-19,2026-10-07 18:50:00
-2.926500,-54.130500,GOES-19,2026-10-07 19:00:00
-2.926500,-54.130500,GOES-19,2026-10-07 19:10:00
-2.926500,-54.130500,GOES-19,2026-10-07 19:30:00
-2.926500,-54.130500,GOES-19,2026-10-07 19:40:00
-2.926500,-54.130500,GOES-19,2026-10-07 19:50:00
-2.926500,-54.130500,GOES-19,2026-10-07 20:00:00
-2.926500,-54.130500,GOES-19,2026-10-07 20:10:00
-2.926500,-54.130500,GOES-19,2026-10-07 20:20:00
-2.926500,-54.130500,GOES-19,2026-10-07 20:30:00
-2.926500,-54.130500,GOES-19,2026-10-07 20:40:00
-2.926500,-54.130500,GOES-19,2026-10-07 20:50:00
-2.926500,-54.130500,GOES-19,2026-10-07 21:00:00
-2.926500,-54.130500,GOES-19,2026-10-07 21:10:00
-2.944900,-54.130000,GOES-19,2026-10-07 15:00:00
-2.944900,-54.130000,GOES-19,2026-10-07 15:10:00
-2.944900,-54.130000,GOES-19,2026-10-07 15:20:00
-2.944900,-54.130000,GOES-19,2026-10-07 15:30:00
-2.944900,-54.130000,GOES-19,2026-10-07 15:40:00
-2.944900,-54.130000,GOES-19,2026-10-07 18:30:00
-2.944900,-54.130000,GOES-19,2026-10-07 18:40:00
-2.944900,-54.130000,GOES-19,2026-10-07 18:50:00
-2.944900,-54.130000,GOES-19,2026-10-07 19:10:00
-2.944900,-54.130000,GOES-19,2026-10-07 19:20:00
-2.944900,-54.130000,GOES-19,2026-10-07 19:30:00
-2.944900,-54.130000,GOES-19,2026-10-07 19:40:00
-2.944900,-54.130000,GOES-19,2026-10-07 19:50:00
-2.944900,-54.130000,GOES-19,2026-10-07 20:00:00
-2.944900,-54.130000,GOES-19,2026-10-07 20:10:00
-2.944900,-54.130000,GOES-19,2026-10-07 20:20:00
-2.944900,-54.130000,GOES-19,2026-10-07 20:30:00
-2.944900,-54.130000,GOES-19,2026-10-07 20:40:00
-2.944900,-54.130000,GOES-19,2026-10-07 20:50:00
-2.944900,-54.130000,GOES-19,2026-10-07 21:00:00
-2.944900,-54.130000,GOES-19,2026-10-07 21:10:00
-2.944900,-54.130000,GOES-19,2026-10-07 21:20:00
-2.963200,-54.129600,GOES-19,2026-10-07 15:20:00
-2.963200,-54.129600,GOES-19,2026-10-07 15:30:00
-2.963200,-54.129600,GOES-19,2026-10-07 18:40:00
-2.963200,-54.129600,GOES-19,2026-10-07 18:50:00
-2.963200,-54.129600,GOES-19,2026-10-07 19:00:00
-2.963200,-54.129600,GOES-19,2026-10-07 19:10:00
-2.963200,-54.129600,GOES-19,2026-10-07 19:20:00
-2.963200,-54.129600,GOES-19,2026-10-07 19:30:00
-2.963200,-54.129600,GOES-19,2026-10-07 19:40:00
-2.963200,-54.129600,GOES-19,2026-10-07 19:50:00
-2.963200,-54.129600,GOES-19,2026-10-07 20:00:00
-2.963200,-54.129600,GOES-19,2026-10-07 20:10:00
-2.963200,-54.129600,GOES-19,2026-10-07 20:20:00
-2.963200,-54.129600,GOES-19,2026-10-07 20:30:00
-2.963200,-54.129600,GOES-19,2026-10-07 20:40:00
-2.963200,-54.129600,GOES-19,2026-10-07 20:50:00
-2.963200,-54.129600,GOES-19,2026-10-07 21:00:00
-2.963200,-54.129600,GOES-19,2026-10-07 21:10:00
-2.963200,-54.129600,GOES-19,2026-10-07 21:20:00
-2.981600,-54.129100,GOES-19,2026-10-07 15:10:00
-2.981600,-54.129100,GOES-19,2026-10-07 15:20:00
-2.981600,-54.129100,GOES-19,2026-10-07 15:30:00
-2.981600,-54.129100,GOES-19,2026-10-07 19:00:00
-2.981600,-54.129100,GOES-19,2026-10-07 19:10:00
-2.981600,-54.129100,GOES-19,2026-10-07 19:20:00
-2.981600,-54.129100,GOES-19,2026-10-07 19:30:00
-2.981600,-54.129100,GOES-19,2026-10-07 19:40:00
-2.981600,-54.129100,GOES-19,2026-10-07 19:50:00
-2.981600,-54.129100,GOES-19,2026-10-07 20:00:00
-2.981600,-54.129100,GOES-19,2026-10-07 20:10:00
-2.981600,-54.129100,GOES-19,2026-10-07 20:20:00
-2.981600,-54.129100,GOES-19,2026-10-07 20:30:00
-2.981600,-54.129100,GOES-19,2026-10-07 20:40:00
-2.981600,-54.129100,GOES-19,2026-10-07 20:50:00
-2.981600,-54.129100,GOES-19,2026-10-07 21:00:00
-2.981600,-54.129100,GOES-19,2026-10-07 21:10:00
-2.981600,-54.129100,GOES-19,2026-10-07 21:20:00
-2.981600,-54.129100,GOES-19,2026-10-07 22:10:00
-2.981600,-54.129100,GOES-19,2026-10-07 22:20:00
-2.981600,-54.129100,GOES-19,2026-10-07 22:30:00
-2.981600,-54.129100,GOES-19,2026-10-07 22:40:00
-2.981600,-54.129100,GOES-19,2026-10-07 22:50:00
-2.981600,-54.129100,GOES-19,2026-10-07 23:00:00
-2.981600,-54.129100,GOES-19,2026-10-07 23:10:00
-2.981600,-54.129100,GOES-19,2026-10-07 23:20:00
-2.981600,-54.129100,GOES-19,2026-10-07 23:30:00
-2.981600,-54.129100,GOES-19,2026-10-07 23:40:00
-2.981600,-54.129100,GOES-19,2026-10-07 23:50:00
-3.000000,-54.128700,GOES-19,2026-10-07 15:10:00
-3.000000,-54.128700,GOES-19,2026-10-07 19:10:00
-3.000000,-54.128700,GOES-19,2026-10-07 19:20:00
-3.000000,-54.128700,GOES-19,2026-10-07 19:30:00
-3.000000,-54.128700,GOES-19,2026-10-07 19:40:00
-3.000000,-54.128700,GOES-19,2026-10-07 19:50:00
-3.000000,-54.128700,GOES-19,2026-10-07 20:00:00
-3.000000,-54.128700,GOES-19,2026-10-07 20:10:00
-3.000000,-54.128700,GOES-19,2026-10-07 20:20:00
-3.000000,-54.128700,GOES-19,2026-10-07 20:30:00
-3.000000,-54.128700,GOES-19,2026-10-07 20:40:00
-3.000000,-54.128700,GOES-19,2026-10-07 20:50:00
-3.000000,-54.128700,GOES-19,2026-10-07 21:00:00
-3.000000,-54.128700,GOES-19,2026-10-07 21:10:00
-3.000000,-54.128700,GOES-19,2026-10-07 21:20:00
-3.000000,-54.128700,GOES-19,2026-10-07 22:10:00
-3.000000,-54.128700,GOES-19,2026-10-07 22:20:00
-3.000000,-54.128700,GOES-19,2026-10-07 22:30:00
-3.000000,-54.128700,GOES-19,2026-10-07 22:40:00
-3.000000,-54.128700,GOES-19,2026-10-07 22:50:00
-3.000000,-54.128700,GOES-19,2026-10-07 23:00:00
-3.000000,-54.128700,GOES-19,2026-10-07 23:10:00
-3.000000,-54.128700,GOES-19,2026-10-07 23:20:00
-3.000000,-54.128700,GOES-19,2026-10-07 23:30:00
-3.000000,-54.128700,GOES-19,2026-10-07 23:40:00
-3.000000,-54.128700,GOES-19,2026-10-07 23:50:00
-3.018400,-54.128200,GOES-19,2026-10-07 15:10:00
-3.018400,-54.128200,GOES-19,2026-10-07 20:20:00
-3.018400,-54.128200,GOES-19,2026-10-07 20:30:00
-3.018400,-54.128200,GOES-19,2026-10-07 20:40:00
-3.018400,-54.128200,GOES-19,2026-10-07 20:50:00
-3.018400,-54.128200,GOES-19,2026-10-07 21:00:00
-3.018400,-54.128200,GOES-19,2026-10-07 21:10:00
-3.018400,-54.128200,GOES-19,2026-10-07 21:20:00
-3.018400,-54.128200,GOES-19,2026-10-07 22:10:00
-3.018400,-54.128200,GOES-19,2026-10-07 22:20:00
-3.018400,-54.128200,GOES-19,2026-10-07 22:30:00
-3.018400,-54.128200,GOES-19,2026-10-07 22:40:00
-3.018400,-54.128200,GOES-19,2026-10-07 22:50:00
-3.018400,-54.128200,GOES-19,2026-10-07 23:00:00
-3.018400,-54.128200,GOES-19,2026-10-07 23:10:00
-3.018400,-54.128200,GOES-19,2026-10-07 23:20:00
-3.018400,-54.128200,GOES-19,2026-10-07 23:30:00
-3.018400,-54.128200,GOES-19,2026-10-07 23:40:00
-3.018400,-54.128200,GOES-19,2026-10-07 23:50:00
-2.761200,-54.114200,GOES-19,2026-10-07 15:00:00
-2.761200,-54.114200,GOES-19,2026-10-07 15:10:00
-2.761200,-54.114200,GOES-19,2026-10-07 15:20:00
-2.761200,-54.114200,GOES-19,2026-10-07 15:30:00
-2.761200,-54.114200,GOES-19,2026-10-07 18:20:00
-2.761200,-54.114200,GOES-19,2026-10-07 18:30:00
-2.761200,-54.114200,GOES-19,2026-10-07 18:40:00
-2.761200,-54.114200,GOES-19,2026-10-07 18:50:00
-2.761200,-54.114200,GOES-19,2026-10-07 19:00:00
-2.761200,-54.114200,GOES-19,2026-10-07 19:10:00
-2.761200,-54.114200,GOES-19,2026-10-07 19:20:00
-2.761200,-54.114200,GOES-19,2026-10-07 19:30:00
-2.761200,-54.114200,GOES-19,2026-10-07 19:40:00
-2.761200,-54.114200,GOES-19,2026-10-07 19:50:00
-2.761200,-54.114200,GOES-19,2026-10-07 20:00:00
-2.761200,-54.114200,GOES-19,2026-10-07 20:10:00
-2.761200,-54.114200,GOES-19,2026-10-07 20:20:00
-2.761200,-54.114200,GOES-19,2026-10-07 20:30:00
-2.761200,-54.114200,GOES-19,2026-10-07 20:40:00
-2.761200,-54.114200,GOES-19,2026-10-07 20:50:00
-2.761200,-54.114200,GOES-19,2026-10-07 21:00:00
-2.761200,-54.114200,GOES-19,2026-10-07 21:10:00
-2.761200,-54.114200,GOES-19,2026-10-07 21:20:00
-2.761200,-54.114200,GOES-19,2026-10-07 22:10:00
-2.761200,-54.114200,GOES-19,2026-10-07 22:20:00
-2.761200,-54.114200,GOES-19,2026-10-07 22:30:00
-2.761200,-54.114200,GOES-19,2026-10-07 23:00:00
-2.779600,-54.113800,GOES-19,2026-10-07 19:20:00
-2.779600,-54.113800,GOES-19,2026-10-07 19:40:00
-2.779600,-54.113800,GOES-19,2026-10-07 19:50:00
-2.779600,-54.113800,GOES-19,2026-10-07 20:00:00
-2.779600,-54.113800,GOES-19,2026-10-07 20:10:00
-2.779600,-54.113800,GOES-19,2026-10-07 20:20:00
-2.779600,-54.113800,GOES-19,2026-10-07 20:30:00
-2.779600,-54.113800,GOES-19,2026-10-07 20:40:00
-2.779600,-54.113800,GOES-19,2026-10-07 20:50:00
-2.779600,-54.113800,GOES-19,2026-10-07 21:10:00
-2.779600,-54.113800,GOES-19,2026-10-07 22:20:00
-2.779600,-54.113800,GOES-19,2026-10-07 22:30:00
-2.816300,-54.112900,GOES-19,2026-10-07 15:00:00
-2.816300,-54.112900,GOES-19,2026-10-07 18:10:00
-2.816300,-54.112900,GOES-19,2026-10-07 18:40:00
-2.816300,-54.112900,GOES-19,2026-10-07 18:50:00
-2.816300,-54.112900,GOES-19,2026-10-07 19:00:00
-2.816300,-54.112900,GOES-19,2026-10-07 19:10:00
-2.853100,-54.112100,GOES-19,2026-10-07 18:30:00
-2.853100,-54.112100,GOES-19,2026-10-07 18:40:00
-2.853100,-54.112100,GOES-19,2026-10-07 18:50:00
-2.853100,-54.112100,GOES-19,2026-10-07 19:00:00
-2.853100,-54.112100,GOES-19,2026-10-07 19:10:00
-2.853100,-54.112100,GOES-19,2026-10-07 19:20:00
-2.871400,-54.111700,GOES-19,2026-10-07 18:20:00
-2.871400,-54.111700,GOES-19,2026-10-07 18:30:00
-2.871400,-54.111700,GOES-19,2026-10-07 18:40:00
-2.871400,-54.111700,GOES-19,2026-10-07 18:50:00
-2.871400,-54.111700,GOES-19,2026-10-07 19:00:00
-2.871400,-54.111700,GOES-19,2026-10-07 19:10:00
-2.871400,-54.111700,GOES-19,2026-10-07 19:20:00
-2.871400,-54.111700,GOES-19,2026-10-07 19:30:00
-2.889800,-54.111200,GOES-19,2026-10-07 15:10:00
-2.889800,-54.111200,GOES-19,2026-10-07 15:20:00
-2.889800,-54.111200,GOES-19,2026-10-07 15:30:00
-2.889800,-54.111200,GOES-19,2026-10-07 15:40:00
-2.889800,-54.111200,GOES-19,2026-10-07 18:10:00
-2.889800,-54.111200,GOES-19,2026-10-07 18:20:00
-2.889800,-54.111200,GOES-19,2026-10-07 18:30:00
-2.889800,-54.111200,GOES-19,2026-10-07 18:40:00
-2.889800,-54.111200,GOES-19,2026-10-07 18:50:00
-2.889800,-54.111200,GOES-19,2026-10-07 19:00:00
-2.889800,-54.111200,GOES-19,2026-10-07 19:10:00
-2.889800,-54.111200,GOES-19,2026-10-07 19:20:00
-2.889800,-54.111200,GOES-19,2026-10-07 19:30:00
-2.889800,-54.111200,GOES-19,2026-10-07 19:50:00
-2.908200,-54.110800,GOES-19,2026-10-07 15:10:00
-2.908200,-54.110800,GOES-19,2026-10-07 15:20:00
-2.908200,-54.110800,GOES-19,2026-10-07 15:30:00
-2.908200,-54.110800,GOES-19,2026-10-07 15:40:00
-2.908200,-54.110800,GOES-19,2026-10-07 18:10:00
-2.908200,-54.110800,GOES-19,2026-10-07 18:20:00
-2.908200,-54.110800,GOES-19,2026-10-07 18:30:00
-2.908200,-54.110800,GOES-19,2026-10-07 18:40:00
-2.908200,-54.110800,GOES-19,2026-10-07 18:50:00
-2.908200,-54.110800,GOES-19,2026-10-07 19:20:00
-2.908200,-54.110800,GOES-19,2026-10-07 19:30:00
-2.908200,-54.110800,GOES-19,2026-10-07 19:40:00
-2.908200,-54.110800,GOES-19,2026-10-07 19:50:00
-2.908200,-54.110800,GOES-19,2026-10-07 20:00:00
-2.908200,-54.110800,GOES-19,2026-10-07 20:10:00
-2.908200,-54.110800,GOES-19,2026-10-07 20:20:00
-2.926500,-54.110400,GOES-19,2026-10-07 15:00:00
-2.926500,-54.110400,GOES-19,2026-10-07 15:10:00
-2.926500,-54.110400,GOES-19,2026-10-07 15:20:00
-2.926500,-54.110400,GOES-19,2026-10-07 15:30:00
-2.926500,-54.110400,GOES-19,2026-10-07 18:10:00
-2.926500,-54.110400,GOES-19,2026-10-07 18:20:00
-2.926500,-54.110400,GOES-19,2026-10-07 18:30:00
-2.926500,-54.110400,GOES-19,2026-10-07 18:40:00
-2.926500,-54.110400,GOES-19,2026-10-07 18:50:00
-2.926500,-54.110400,GOES-19,2026-10-07 19:00:00
-2.926500,-54.110400,GOES-19,2026-10-07 19:10:00
-2.926500,-54.110400,GOES-19,2026-10-07 19:20:00
-2.926500,-54.110400,GOES-19,2026-10-07 19:30:00
-2.926500,-54.110400,GOES-19,2026-10-07 19:40:00
-2.926500,-54.110400,GOES-19,2026-10-07 19:50:00
-2.926500,-54.110400,GOES-19,2026-10-07 20:00:00
-2.926500,-54.110400,GOES-19,2026-10-07 20:10:00
-2.926500,-54.110400,GOES-19,2026-10-07 20:20:00
-2.926500,-54.110400,GOES-19,2026-10-07 20:30:00
-2.926500,-54.110400,GOES-19,2026-10-07 20:40:00
-2.926500,-54.110400,GOES-19,2026-10-07 20:50:00
-2.926500,-54.110400,GOES-19,2026-10-07 21:00:00
-2.926500,-54.110400,GOES-19,2026-10-07 21:10:00
-2.926500,-54.110400,GOES-19,2026-10-07 21:20:00
-2.944900,-54.109900,GOES-19,2026-10-07 15:00:00
-2.944900,-54.109900,GOES-19,2026-10-07 15:10:00
-2.944900,-54.109900,GOES-19,2026-10-07 15:20:00
-2.944900,-54.109900,GOES-19,2026-10-07 15:30:00
-2.944900,-54.109900,GOES-19,2026-10-07 15:40:00
-2.944900,-54.109900,GOES-19,2026-10-07 18:10:00
-2.944900,-54.109900,GOES-19,2026-10-07 18:20:00
-2.944900,-54.109900,GOES-19,2026-10-07 18:40:00
-2.944900,-54.109900,GOES-19,2026-10-07 18:50:00
-2.944900,-54.109900,GOES-19,2026-10-07 19:00:00
-2.944900,-54.109900,GOES-19,2026-10-07 19:10:00
-2.944900,-54.109900,GOES-19,2026-10-07 19:20:00
-2.944900,-54.109900,GOES-19,2026-10-07 19:30:00
-2.944900,-54.109900,GOES-19,2026-10-07 19:40:00
-2.944900,-54.109900,GOES-19,2026-10-07 19:50:00
-2.944900,-54.109900,GOES-19,2026-10-07 20:00:00
-2.944900,-54.109900,GOES-19,2026-10-07 20:10:00
-2.944900,-54.109900,GOES-19,2026-10-07 20:20:00
-2.944900,-54.109900,GOES-19,2026-10-07 20:30:00
-2.944900,-54.109900,GOES-19,2026-10-07 20:40:00
-2.944900,-54.109900,GOES-19,2026-10-07 20:50:00
-2.944900,-54.109900,GOES-19,2026-10-07 21:00:00
-2.944900,-54.109900,GOES-19,2026-10-07 21:10:00
-2.944900,-54.109900,GOES-19,2026-10-07 21:20:00
-2.963300,-54.109500,GOES-19,2026-10-07 15:10:00
-2.963300,-54.109500,GOES-19,2026-10-07 15:20:00
-2.963300,-54.109500,GOES-19,2026-10-07 15:30:00
-2.963300,-54.109500,GOES-19,2026-10-07 18:10:00
-2.963300,-54.109500,GOES-19,2026-10-07 18:20:00
-2.963300,-54.109500,GOES-19,2026-10-07 18:40:00
-2.963300,-54.109500,GOES-19,2026-10-07 18:50:00
-2.963300,-54.109500,GOES-19,2026-10-07 19:00:00
-2.963300,-54.109500,GOES-19,2026-10-07 19:10:00
-2.963300,-54.109500,GOES-19,2026-10-07 19:20:00
-2.963300,-54.109500,GOES-19,2026-10-07 19:30:00
-2.963300,-54.109500,GOES-19,2026-10-07 19:40:00
-2.963300,-54.109500,GOES-19,2026-10-07 19:50:00
-2.963300,-54.109500,GOES-19,2026-10-07 20:00:00
-2.963300,-54.109500,GOES-19,2026-10-07 20:10:00
-2.963300,-54.109500,GOES-19,2026-10-07 20:20:00
-2.963300,-54.109500,GOES-19,2026-10-07 20:30:00
-2.963300,-54.109500,GOES-19,2026-10-07 20:40:00
-2.963300,-54.109500,GOES-19,2026-10-07 20:50:00
-2.963300,-54.109500,GOES-19,2026-10-07 21:00:00
-2.963300,-54.109500,GOES-19,2026-10-07 21:10:00
-2.981700,-54.109100,GOES-19,2026-10-07 15:10:00
-2.981700,-54.109100,GOES-19,2026-10-07 15:20:00
-2.981700,-54.109100,GOES-19,2026-10-07 15:30:00
-2.981700,-54.109100,GOES-19,2026-10-07 18:10:00
-2.981700,-54.109100,GOES-19,2026-10-07 18:20:00
-2.981700,-54.109100,GOES-19,2026-10-07 18:30:00
-2.981700,-54.109100,GOES-19,2026-10-07 18:40:00
-2.981700,-54.109100,GOES-19,2026-10-07 18:50:00
-2.981700,-54.109100,GOES-19,2026-10-07 19:00:00
-2.981700,-54.109100,GOES-19,2026-10-07 19:10:00
-2.981700,-54.109100,GOES-19,2026-10-07 19:20:00
-2.981700,-54.109100,GOES-19,2026-10-07 19:30:00
-2.981700,-54.109100,GOES-19,2026-10-07 19:40:00
-2.981700,-54.109100,GOES-19,2026-10-07 19:50:00
-2.981700,-54.109100,GOES-19,2026-10-07 20:00:00
-2.981700,-54.109100,GOES-19,2026-10-07 20:10:00
-2.981700,-54.109100,GOES-19,2026-10-07 20:20:00
-2.981700,-54.109100,GOES-19,2026-10-07 20:30:00
-2.981700,-54.109100,GOES-19,2026-10-07 20:40:00
-2.981700,-54.109100,GOES-19,2026-10-07 20:50:00
-2.981700,-54.109100,GOES-19,2026-10-07 21:00:00
-2.981700,-54.109100,GOES-19,2026-10-07 21:10:00
-2.981700,-54.109100,GOES-19,2026-10-07 22:10:00
-2.981700,-54.109100,GOES-19,2026-10-07 22:20:00
-2.981700,-54.109100,GOES-19,2026-10-07 22:30:00
-2.981700,-54.109100,GOES-19,2026-10-07 22:40:00
-2.981700,-54.109100,GOES-19,2026-10-07 22:50:00
-2.981700,-54.109100,GOES-19,2026-10-07 23:00:00
-2.981700,-54.109100,GOES-19,2026-10-07 23:10:00
-2.981700,-54.109100,GOES-19,2026-10-07 23:20:00
-2.981700,-54.109100,GOES-19,2026-10-07 23:30:00
-2.981700,-54.109100,GOES-19,2026-10-07 23:40:00
-2.981700,-54.109100,GOES-19,2026-10-07 23:50:00
-3.000100,-54.108600,GOES-19,2026-10-07 15:10:00
-3.000100,-54.108600,GOES-19,2026-10-07 15:20:00
-3.000100,-54.108600,GOES-19,2026-10-07 15:30:00
-3.000100,-54.108600,GOES-19,2026-10-07 19:20:00
-3.000100,-54.108600,GOES-19,2026-10-07 19:40:00
-3.000100,-54.108600,GOES-19,2026-10-07 19:50:00
-3.000100,-54.108600,GOES-19,2026-10-07 20:00:00
-3.000100,-54.108600,GOES-19,2026-10-07 20:10:00
-3.000100,-54.108600,GOES-19,2026-10-07 20:20:00
-3.000100,-54.108600,GOES-19,2026-10-07 20:30:00
-3.000100,-54.108600,GOES-19,2026-10-07 20:40:00
-3.000100,-54.108600,GOES-19,2026-10-07 20:50:00
-3.000100,-54.108600,GOES-19,2026-10-07 21:00:00
-3.000100,-54.108600,GOES-19,2026-10-07 21:10:00
-3.000100,-54.108600,GOES-19,2026-10-07 21:20:00
-3.000100,-54.108600,GOES-19,2026-10-07 22:10:00
-3.000100,-54.108600,GOES-19,2026-10-07 22:20:00
-3.000100,-54.108600,GOES-19,2026-10-07 22:30:00
-3.000100,-54.108600,GOES-19,2026-10-07 22:40:00
-3.000100,-54.108600,GOES-19,2026-10-07 22:50:00
-3.000100,-54.108600,GOES-19,2026-10-07 23:00:00
-3.000100,-54.108600,GOES-19,2026-10-07 23:10:00
-3.000100,-54.108600,GOES-19,2026-10-07 23:20:00
-3.000100,-54.108600,GOES-19,2026-10-07 23:30:00
-3.000100,-54.108600,GOES-19,2026-10-07 23:40:00
-3.000100,-54.108600,GOES-19,2026-10-07 23:50:00
-3.018400,-54.108200,GOES-19,2026-10-07 19:30:00
-3.018400,-54.108200,GOES-19,2026-10-07 19:50:00
-3.018400,-54.108200,GOES-19,2026-10-07 20:00:00
-3.018400,-54.108200,GOES-19,2026-10-07 20:10:00
-3.018400,-54.108200,GOES-19,2026-10-07 20:20:00
-3.018400,-54.108200,GOES-19,2026-10-07 20:30:00
-3.018400,-54.108200,GOES-19,2026-10-07 20:40:00
-3.018400,-54.108200,GOES-19,2026-10-07 20:50:00
-3.018400,-54.108200,GOES-19,2026-10-07 21:00:00
-3.018400,-54.108200,GOES-19,2026-10-07 21:10:00
-3.018400,-54.108200,GOES-19,2026-10-07 21:20:00
-3.018400,-54.108200,GOES-19,2026-10-07 22:10:00
-3.018400,-54.108200,GOES-19,2026-10-07 22:20:00
-3.018400,-54.108200,GOES-19,2026-10-07 22:30:00
-3.018400,-54.108200,GOES-19,2026-10-07 22:40:00
-3.018400,-54.108200,GOES-19,2026-10-07 22:50:00
-3.018400,-54.108200,GOES-19,2026-10-07 23:00:00
-3.018400,-54.108200,GOES-19,2026-10-07 23:10:00
-3.018400,-54.108200,GOES-19,2026-10-07 23:20:00
-3.018400,-54.108200,GOES-19,2026-10-07 23:30:00
-3.018400,-54.108200,GOES-19,2026-10-07 23:40:00
-3.018400,-54.108200,GOES-19,2026-10-07 23:50:00
-3.036800,-54.107700,GOES-19,2026-10-07 20:10:00
-3.036800,-54.107700,GOES-19,2026-10-07 20:30:00
-3.036800,-54.107700,GOES-19,2026-10-07 20:40:00
-3.036800,-54.107700,GOES-19,2026-10-07 20:50:00
-3.036800,-54.107700,GOES-19,2026-10-07 21:00:00
-3.036800,-54.107700,GOES-19,2026-10-07 21:10:00
-3.036800,-54.107700,GOES-19,2026-10-07 21:20:00
-3.036800,-54.107700,GOES-19,2026-10-07 22:10:00
-3.036800,-54.107700,GOES-19,2026-10-07 22:20:00
-3.036800,-54.107700,GOES-19,2026-10-07 22:30:00
-3.036800,-54.107700,GOES-19,2026-10-07 22:40:00
-3.036800,-54.107700,GOES-19,2026-10-07 22:50:00
-3.036800,-54.107700,GOES-19,2026-10-07 23:00:00
-3.036800,-54.107700,GOES-19,2026-10-07 23:10:00
-3.036800,-54.107700,GOES-19,2026-10-07 23:20:00
-3.036800,-54.107700,GOES-19,2026-10-07 23:30:00
-3.036800,-54.107700,GOES-19,2026-10-07 23:40:00
-3.036800,-54.107700,GOES-19,2026-10-07 23:50:00
-2.761300,-54.094100,GOES-19,2026-10-07 15:00:00
-2.761300,-54.094100,GOES-19,2026-10-07 15:10:00
-2.761300,-54.094100,GOES-19,2026-10-07 15:20:00
-2.761300,-54.094100,GOES-19,2026-10-07 15:30:00
-2.761300,-54.094100,GOES-19,2026-10-07 18:20:00
-2.761300,-54.094100,GOES-19,2026-10-07 18:30:00
-2.761300,-54.094100,GOES-19,2026-10-07 18:40:00
-2.761300,-54.094100,GOES-19,2026-10-07 18:50:00
-2.761300,-54.094100,GOES-19,2026-10-07 19:00:00
-2.761300,-54.094100,GOES-19,2026-10-07 19:10:00
-2.761300,-54.094100,GOES-19,2026-10-07 19:20:00
-2.761300,-54.094100,GOES-19,2026-10-07 19:30:00
-2.761300,-54.094100,GOES-19,2026-10-07 19:40:00
-2.761300,-54.094100,GOES-19,2026-10-07 19:50:00
-2.761300,-54.094100,GOES-19,2026-10-07 20:00:00
-2.761300,-54.094100,GOES-19,2026-10-07 20:10:00
-2.761300,-54.094100,GOES-19,2026-10-07 20:20:00
-2.761300,-54.094100,GOES-19,2026-10-07 20:30:00
-2.761300,-54.094100,GOES-19,2026-10-07 20:40:00
-2.761300,-54.094100,GOES-19,2026-10-07 20:50:00
-2.761300,-54.094100,GOES-19,2026-10-07 21:00:00
-2.761300,-54.094100,GOES-19,2026-10-07 21:10:00
-2.761300,-54.094100,GOES-19,2026-10-07 21:20:00
-2.761300,-54.094100,GOES-19,2026-10-07 22:10:00
-2.761300,-54.094100,GOES-19,2026-10-07 22:20:00
-2.761300,-54.094100,GOES-19,2026-10-07 22:30:00
-2.761300,-54.094100,GOES-19,2026-10-07 23:00:00
-2.779600,-54.093700,GOES-19,2026-10-07 18:20:00
-2.779600,-54.093700,GOES-19,2026-10-07 18:40:00
-2.779600,-54.093700,GOES-19,2026-10-07 18:50:00
-2.779600,-54.093700,GOES-19,2026-10-07 19:00:00
-2.779600,-54.093700,GOES-19,2026-10-07 19:20:00
-2.779600,-54.093700,GOES-19,2026-10-07 19:30:00
-2.779600,-54.093700,GOES-19,2026-10-07 19:40:00
-2.779600,-54.093700,GOES-19,2026-10-07 19:50:00
-2.779600,-54.093700,GOES-19,2026-10-07 20:00:00
-2.779600,-54.093700,GOES-19,2026-10-07 20:10:00
-2.779600,-54.093700,GOES-19,2026-10-07 20:20:00
-2.779600,-54.093700,GOES-19,2026-10-07 20:30:00
-2.779600,-54.093700,GOES-19,2026-10-07 20:40:00
-2.779600,-54.093700,GOES-19,2026-10-07 20:50:00
-2.779600,-54.093700,GOES-19,2026-10-07 21:00:00
-2.779600,-54.093700,GOES-19,2026-10-07 21:10:00
-2.779600,-54.093700,GOES-19,2026-10-07 21:20:00
-2.779600,-54.093700,GOES-19,2026-10-07 22:10:00
-2.779600,-54.093700,GOES-19,2026-10-07 22:20:00
-2.779600,-54.093700,GOES-19,2026-10-07 22:30:00
-2.779600,-54.093700,GOES-19,2026-10-07 23:00:00
-2.798000,-54.093300,GOES-19,2026-10-07 18:40:00
-2.798000,-54.093300,GOES-19,2026-10-07 19:00:00
-2.798000,-54.093300,GOES-19,2026-10-07 19:10:00
-2.798000,-54.093300,GOES-19,2026-10-07 19:20:00
-2.798000,-54.093300,GOES-19,2026-10-07 19:30:00
-2.798000,-54.093300,GOES-19,2026-10-07 19:40:00
-2.798000,-54.093300,GOES-19,2026-10-07 19:50:00
-2.798000,-54.093300,GOES-19,2026-10-07 20:00:00
-2.798000,-54.093300,GOES-19,2026-10-07 20:10:00
-2.798000,-54.093300,GOES-19,2026-10-07 20:20:00
-2.798000,-54.093300,GOES-19,2026-10-07 20:30:00
-2.798000,-54.093300,GOES-19,2026-10-07 20:40:00
-2.798000,-54.093300,GOES-19,2026-10-07 20:50:00
-2.798000,-54.093300,GOES-19,2026-10-07 21:00:00
-2.798000,-54.093300,GOES-19,2026-10-07 21:10:00
-2.798000,-54.093300,GOES-19,2026-10-07 21:20:00
-2.798000,-54.093300,GOES-19,2026-10-07 22:10:00
-2.798000,-54.093300,GOES-19,2026-10-07 22:20:00
-2.798000,-54.093300,GOES-19,2026-10-07 22:30:00
-2.798000,-54.093300,GOES-19,2026-10-07 23:00:00
-2.816400,-54.092900,GOES-19,2026-10-07 15:00:00
-2.816400,-54.092900,GOES-19,2026-10-07 15:10:00
-2.816400,-54.092900,GOES-19,2026-10-07 18:10:00
-2.816400,-54.092900,GOES-19,2026-10-07 18:20:00
-2.816400,-54.092900,GOES-19,2026-10-07 18:30:00
-2.816400,-54.092900,GOES-19,2026-10-07 18:40:00
-2.816400,-54.092900,GOES-19,2026-10-07 18:50:00
-2.816400,-54.092900,GOES-19,2026-10-07 19:00:00
-2.816400,-54.092900,GOES-19,2026-10-07 19:10:00
-2.816400,-54.092900,GOES-19,2026-10-07 19:20:00
-2.816400,-54.092900,GOES-19,2026-10-07 19:30:00
-2.816400,-54.092900,GOES-19,2026-10-07 19:40:00
-2.816400,-54.092900,GOES-19,2026-10-07 19:50:00
-2.816400,-54.092900,GOES-19,2026-10-07 20:00:00
-2.816400,-54.092900,GOES-19,2026-10-07 20:10:00
-2.963400,-54.089400,GOES-19,2026-10-07 15:10:00
-2.963400,-54.089400,GOES-19,2026-10-07 15:20:00
-2.963400,-54.089400,GOES-19,2026-10-07 15:30:00
-2.963400,-54.089400,GOES-19,2026-10-07 18:10:00
-2.963400,-54.089400,GOES-19,2026-10-07 18:30:00
-2.963400,-54.089400,GOES-19,2026-10-07 18:40:00
-2.963400,-54.089400,GOES-19,2026-10-07 18:50:00
-2.963400,-54.089400,GOES-19,2026-10-07 19:00:00
-2.963400,-54.089400,GOES-19,2026-10-07 19:10:00
-2.963400,-54.089400,GOES-19,2026-10-07 19:20:00
-2.963400,-54.089400,GOES-19,2026-10-07 19:30:00
-2.963400,-54.089400,GOES-19,2026-10-07 19:40:00
-3.000100,-54.088500,GOES-19,2026-10-07 19:10:00
-3.000100,-54.088500,GOES-19,2026-10-07 19:20:00
-3.000100,-54.088500,GOES-19,2026-10-07 19:30:00
-3.000100,-54.088500,GOES-19,2026-10-07 19:40:00
-3.000100,-54.088500,GOES-19,2026-10-07 19:50:00
-3.000100,-54.088500,GOES-19,2026-10-07 20:00:00
-3.000100,-54.088500,GOES-19,2026-10-07 20:10:00
-3.000100,-54.088500,GOES-19,2026-10-07 20:20:00
-3.000100,-54.088500,GOES-19,2026-10-07 20:30:00
-3.000100,-54.088500,GOES-19,2026-10-07 20:40:00
-3.000100,-54.088500,GOES-19,2026-10-07 20:50:00
-3.000100,-54.088500,GOES-19,2026-10-07 21:00:00
-3.000100,-54.088500,GOES-19,2026-10-07 21:10:00
-3.000100,-54.088500,GOES-19,2026-10-07 21:20:00
-3.000100,-54.088500,GOES-19,2026-10-07 22:10:00
-3.000100,-54.088500,GOES-19,2026-10-07 22:20:00
-3.000100,-54.088500,GOES-19,2026-10-07 22:30:00
-3.000100,-54.088500,GOES-19,2026-10-07 22:40:00
-3.000100,-54.088500,GOES-19,2026-10-07 22:50:00
-3.000100,-54.088500,GOES-19,2026-10-07 23:00:00
-3.000100,-54.088500,GOES-19,2026-10-07 23:10:00
-3.000100,-54.088500,GOES-19,2026-10-07 23:20:00
-3.000100,-54.088500,GOES-19,2026-10-07 23:30:00
-3.000100,-54.088500,GOES-19,2026-10-07 23:40:00
-3.000100,-54.088500,GOES-19,2026-10-07 23:50:00
-3.018500,-54.088100,GOES-19,2026-10-07 19:10:00
-3.018500,-54.088100,GOES-19,2026-10-07 19:50:00
-3.018500,-54.088100,GOES-19,2026-10-07 20:00:00
-3.018500,-54.088100,GOES-19,2026-10-07 20:10:00
-3.018500,-54.088100,GOES-19,2026-10-07 20:20:00
-3.018500,-54.088100,GOES-19,2026-10-07 20:30:00
-3.018500,-54.088100,GOES-19,2026-10-07 20:40:00
-3.018500,-54.088100,GOES-19,2026-10-07 20:50:00
-3.018500,-54.088100,GOES-19,2026-10-07 21:00:00
-3.018500,-54.088100,GOES-19,2026-10-07 21:10:00
-3.018500,-54.088100,GOES-19,2026-10-07 21:20:00
-3.018500,-54.088100,GOES-19,2026-10-07 22:10:00
-3.018500,-54.088100,GOES-19,2026-10-07 22:20:00
-3.018500,-54.088100,GOES-19,2026-10-07 22:30:00
-3.018500,-54.088100,GOES-19,2026-10-07 22:40:00
-3.018500,-54.088100,GOES-19,2026-10-07 22:50:00
-3.018500,-54.088100,GOES-19,2026-10-07 23:00:00
-3.018500,-54.088100,GOES-19,2026-10-07 23:10:00
-3.018500,-54.088100,GOES-19,2026-10-07 23:20:00
-3.018500,-54.088100,GOES-19,2026-10-07 23:30:00
-3.018500,-54.088100,GOES-19,2026-10-07 23:40:00
-3.018500,-54.088100,GOES-19,2026-10-07 23:50:00
-3.036900,-54.087600,GOES-19,2026-10-07 19:50:00
-3.036900,-54.087600,GOES-19,2026-10-07 20:00:00
-3.036900,-54.087600,GOES-19,2026-10-07 20:10:00
-3.036900,-54.087600,GOES-19,2026-10-07 20:20:00
-3.036900,-54.087600,GOES-19,2026-10-07 20:30:00
-3.036900,-54.087600,GOES-19,2026-10-07 20:40:00
-3.036900,-54.087600,GOES-19,2026-10-07 20:50:00
-3.036900,-54.087600,GOES-19,2026-10-07 21:00:00
-3.036900,-54.087600,GOES-19,2026-10-07 21:10:00
-3.036900,-54.087600,GOES-19,2026-10-07 21:20:00
-3.036900,-54.087600,GOES-19,2026-10-07 22:10:00
-3.036900,-54.087600,GOES-19,2026-10-07 22:20:00
-3.036900,-54.087600,GOES-19,2026-10-07 22:30:00
-3.036900,-54.087600,GOES-19,2026-10-07 22:40:00
-3.036900,-54.087600,GOES-19,2026-10-07 22:50:00
-3.036900,-54.087600,GOES-19,2026-10-07 23:00:00
-3.036900,-54.087600,GOES-19,2026-10-07 23:10:00
-3.036900,-54.087600,GOES-19,2026-10-07 23:20:00
-3.036900,-54.087600,GOES-19,2026-10-07 23:30:00
-3.036900,-54.087600,GOES-19,2026-10-07 23:40:00
-3.036900,-54.087600,GOES-19,2026-10-07 23:50:00
-2.889900,-54.091200,GOES-19,2026-10-07 15:20:00
-2.889900,-54.091200,GOES-19,2026-10-07 15:30:00
-2.889900,-54.091200,GOES-19,2026-10-07 15:40:00
-2.889900,-54.091200,GOES-19,2026-10-07 18:10:00
-2.889900,-54.091200,GOES-19,2026-10-07 18:20:00
-2.889900,-54.091200,GOES-19,2026-10-07 18:30:00
-2.889900,-54.091200,GOES-19,2026-10-07 18:40:00
-2.889900,-54.091200,GOES-19,2026-10-07 18:50:00
-2.889900,-54.091200,GOES-19,2026-10-07 19:00:00
-2.889900,-54.091200,GOES-19,2026-10-07 19:10:00
-2.889900,-54.091200,GOES-19,2026-10-07 19:20:00
-2.908200,-54.090700,GOES-19,2026-10-07 15:30:00
-2.908200,-54.090700,GOES-19,2026-10-07 18:10:00
-2.908200,-54.090700,GOES-19,2026-10-07 18:20:00
-2.908200,-54.090700,GOES-19,2026-10-07 18:30:00
-2.908200,-54.090700,GOES-19,2026-10-07 18:40:00
-2.908200,-54.090700,GOES-19,2026-10-07 18:50:00
-2.908200,-54.090700,GOES-19,2026-10-07 19:00:00
-2.908200,-54.090700,GOES-19,2026-10-07 19:10:00
-2.908200,-54.090700,GOES-19,2026-10-07 19:20:00
-3.275800,-54.081500,GOES-19,2026-10-07 00:00:00
-3.275800,-54.081500,GOES-19,2026-10-07 00:10:00
-3.275800,-54.081500,GOES-19,2026-10-07 00:20:00
-3.275800,-54.081500,GOES-19,2026-10-07 00:30:00
-3.275800,-54.081500,GOES-19,2026-10-07 00:40:00
-3.275800,-54.081500,GOES-19,2026-10-07 00:50:00
-3.275800,-54.081500,GOES-19,2026-10-07 01:00:00
-3.275800,-54.081500,GOES-19,2026-10-07 01:10:00
-3.275800,-54.081500,GOES-19,2026-10-07 01:20:00
-3.275800,-54.081500,GOES-19,2026-10-07 01:30:00
-3.275800,-54.081500,GOES-19,2026-10-07 01:40:00
-3.275800,-54.081500,GOES-19,2026-10-07 01:50:00
-3.275800,-54.081500,GOES-19,2026-10-07 02:00:00
-3.275800,-54.081500,GOES-19,2026-10-07 02:10:00
-3.275800,-54.081500,GOES-19,2026-10-07 02:20:00
-3.275800,-54.081500,GOES-19,2026-10-07 02:30:00
-3.275800,-54.081500,GOES-19,2026-10-07 02:40:00
-3.275800,-54.081500,GOES-19,2026-10-07 02:50:00
-3.275800,-54.081500,GOES-19,2026-10-07 03:00:00
-3.275800,-54.081500,GOES-19,2026-10-07 03:10:00
-3.275800,-54.081500,GOES-19,2026-10-07 03:20:00
-3.275800,-54.081500,GOES-19,2026-10-07 03:30:00
-3.275800,-54.081500,GOES-19,2026-10-07 03:40:00
-3.275800,-54.081500,GOES-19,2026-10-07 03:50:00
-3.275800,-54.081500,GOES-19,2026-10-07 04:00:00
-3.275800,-54.081500,GOES-19,2026-10-07 04:10:00
-3.275800,-54.081500,GOES-19,2026-10-07 20:10:00
-3.275800,-54.081500,GOES-19,2026-10-07 20:40:00
-3.275800,-54.081500,GOES-19,2026-10-07 20:50:00
-3.275800,-54.081500,GOES-19,2026-10-07 21:00:00
-3.275800,-54.081500,GOES-19,2026-10-07 21:10:00
-3.275800,-54.081500,GOES-19,2026-10-07 21:20:00
-3.275800,-54.081500,GOES-19,2026-10-07 22:10:00
-3.275800,-54.081500,GOES-19,2026-10-07 22:20:00
-3.275800,-54.081500,GOES-19,2026-10-07 22:30:00
-3.275800,-54.081500,GOES-19,2026-10-07 22:40:00
-3.275800,-54.081500,GOES-19,2026-10-07 22:50:00
-3.275800,-54.081500,GOES-19,2026-10-07 23:00:00
-3.275800,-54.081500,GOES-19,2026-10-07 23:10:00
-3.275800,-54.081500,GOES-19,2026-10-07 23:20:00
-3.275800,-54.081500,GOES-19,2026-10-07 23:30:00
-3.275800,-54.081500,GOES-19,2026-10-07 23:40:00
-3.275800,-54.081500,GOES-19,2026-10-07 23:50:00
-3.294200,-54.081000,GOES-19,2026-10-07 00:00:00
-3.294200,-54.081000,GOES-19,2026-10-07 00:10:00
-3.294200,-54.081000,GOES-19,2026-10-07 00:20:00
-3.294200,-54.081000,GOES-19,2026-10-07 00:30:00
-3.294200,-54.081000,GOES-19,2026-10-07 00:40:00
-3.294200,-54.081000,GOES-19,2026-10-07 00:50:00
-3.294200,-54.081000,GOES-19,2026-10-07 01:00:00
-3.294200,-54.081000,GOES-19,2026-10-07 01:10:00
-3.294200,-54.081000,GOES-19,2026-10-07 01:20:00
-3.294200,-54.081000,GOES-19,2026-10-07 01:30:00
-3.294200,-54.081000,GOES-19,2026-10-07 01:40:00
-3.294200,-54.081000,GOES-19,2026-10-07 01:50:00
-3.294200,-54.081000,GOES-19,2026-10-07 02:00:00
-3.294200,-54.081000,GOES-19,2026-10-07 02:10:00
-3.294200,-54.081000,GOES-19,2026-10-07 02:20:00
-3.294200,-54.081000,GOES-19,2026-10-07 02:30:00
-3.294200,-54.081000,GOES-19,2026-10-07 02:40:00
-3.294200,-54.081000,GOES-19,2026-10-07 02:50:00
-3.294200,-54.081000,GOES-19,2026-10-07 03:00:00
-3.294200,-54.081000,GOES-19,2026-10-07 03:10:00
-3.294200,-54.081000,GOES-19,2026-10-07 03:20:00
-3.294200,-54.081000,GOES-19,2026-10-07 03:30:00
-3.294200,-54.081000,GOES-19,2026-10-07 03:40:00
-3.294200,-54.081000,GOES-19,2026-10-07 03:50:00
-3.294200,-54.081000,GOES-19,2026-10-07 04:00:00
-3.294200,-54.081000,GOES-19,2026-10-07 04:10:00
-3.294200,-54.081000,GOES-19,2026-10-07 04:40:00
-3.294200,-54.081000,GOES-19,2026-10-07 20:00:00
-3.294200,-54.081000,GOES-19,2026-10-07 20:10:00
-3.294200,-54.081000,GOES-19,2026-10-07 20:30:00
-3.294200,-54.081000,GOES-19,2026-10-07 20:40:00
-3.294200,-54.081000,GOES-19,2026-10-07 20:50:00
-3.294200,-54.081000,GOES-19,2026-10-07 21:00:00
-3.294200,-54.081000,GOES-19,2026-10-07 21:10:00
-3.294200,-54.081000,GOES-19,2026-10-07 21:20:00
-3.294200,-54.081000,GOES-19,2026-10-07 22:10:00
-3.294200,-54.081000,GOES-19,2026-10-07 22:20:00
-3.294200,-54.081000,GOES-19,2026-10-07 22:30:00
-3.294200,-54.081000,GOES-19,2026-10-07 22:40:00
-3.294200,-54.081000,GOES-19,2026-10-07 22:50:00
-3.294200,-54.081000,GOES-19,2026-10-07 23:00:00
-3.294200,-54.081000,GOES-19,2026-10-07 23:10:00
-3.294200,-54.081000,GOES-19,2026-10-07 23:20:00
-3.294200,-54.081000,GOES-19,2026-10-07 23:30:00
-3.294200,-54.081000,GOES-19,2026-10-07 23:40:00
-3.294200,-54.081000,GOES-19,2026-10-07 23:50:00
-1.127800,-54.099800,GOES-19,2026-10-07 18:30:00
-3.257500,-54.061900,GOES-19,2026-10-07 15:00:00
-3.257500,-54.061900,GOES-19,2026-10-07 15:10:00
-3.257500,-54.061900,GOES-19,2026-10-07 15:20:00
-3.257500,-54.061900,GOES-19,2026-10-07 18:10:00
-3.257500,-54.061900,GOES-19,2026-10-07 18:30:00
-3.257500,-54.061900,GOES-19,2026-10-07 18:40:00
-3.257500,-54.061900,GOES-19,2026-10-07 18:50:00
-3.257500,-54.061900,GOES-19,2026-10-07 19:00:00
-3.257500,-54.061900,GOES-19,2026-10-07 19:10:00
-3.257500,-54.061900,GOES-19,2026-10-07 19:20:00
-3.257500,-54.061900,GOES-19,2026-10-07 19:30:00
-3.257500,-54.061900,GOES-19,2026-10-07 19:40:00
-3.257500,-54.061900,GOES-19,2026-10-07 19:50:00
-3.257500,-54.061900,GOES-19,2026-10-07 20:00:00
-3.257500,-54.061900,GOES-19,2026-10-07 20:10:00
-3.257500,-54.061900,GOES-19,2026-10-07 20:20:00
-3.257500,-54.061900,GOES-19,2026-10-07 20:30:00
-3.257500,-54.061900,GOES-19,2026-10-07 20:40:00
-3.257500,-54.061900,GOES-19,2026-10-07 20:50:00
-3.257500,-54.061900,GOES-19,2026-10-07 21:00:00
-3.257500,-54.061900,GOES-19,2026-10-07 21:10:00
-3.257500,-54.061900,GOES-19,2026-10-07 21:20:00
-3.257500,-54.061900,GOES-19,2026-10-07 22:10:00
-3.257500,-54.061900,GOES-19,2026-10-07 22:20:00
-3.257500,-54.061900,GOES-19,2026-10-07 22:30:00
-3.257500,-54.061900,GOES-19,2026-10-07 22:40:00
-3.257500,-54.061900,GOES-19,2026-10-07 22:50:00
-3.257500,-54.061900,GOES-19,2026-10-07 23:00:00
-3.257500,-54.061900,GOES-19,2026-10-07 23:10:00
-3.257500,-54.061900,GOES-19,2026-10-07 23:20:00
-3.257500,-54.061900,GOES-19,2026-10-07 23:30:00
-3.257500,-54.061900,GOES-19,2026-10-07 23:40:00
-3.257500,-54.061900,GOES-19,2026-10-07 23:50:00
-3.275900,-54.061400,GOES-19,2026-10-07 00:00:00
-3.275900,-54.061400,GOES-19,2026-10-07 00:10:00
-3.275900,-54.061400,GOES-19,2026-10-07 00:20:00
-3.275900,-54.061400,GOES-19,2026-10-07 00:30:00
-3.275900,-54.061400,GOES-19,2026-10-07 00:40:00
-3.275900,-54.061400,GOES-19,2026-10-07 00:50:00
-3.275900,-54.061400,GOES-19,2026-10-07 01:00:00
-3.275900,-54.061400,GOES-19,2026-10-07 01:10:00
-3.275900,-54.061400,GOES-19,2026-10-07 01:20:00
-3.275900,-54.061400,GOES-19,2026-10-07 01:30:00
-3.275900,-54.061400,GOES-19,2026-10-07 01:40:00
-3.275900,-54.061400,GOES-19,2026-10-07 01:50:00
-3.275900,-54.061400,GOES-19,2026-10-07 02:00:00
-3.275900,-54.061400,GOES-19,2026-10-07 02:10:00
-3.275900,-54.061400,GOES-19,2026-10-07 02:20:00
-3.275900,-54.061400,GOES-19,2026-10-07 02:30:00
-3.275900,-54.061400,GOES-19,2026-10-07 02:40:00
-3.275900,-54.061400,GOES-19,2026-10-07 02:50:00
-3.275900,-54.061400,GOES-19,2026-10-07 03:00:00
-3.275900,-54.061400,GOES-19,2026-10-07 03:10:00
-3.275900,-54.061400,GOES-19,2026-10-07 03:20:00
-3.275900,-54.061400,GOES-19,2026-10-07 03:30:00
-3.275900,-54.061400,GOES-19,2026-10-07 03:40:00
-3.275900,-54.061400,GOES-19,2026-10-07 03:50:00
-3.275900,-54.061400,GOES-19,2026-10-07 04:00:00
-3.275900,-54.061400,GOES-19,2026-10-07 04:10:00
-3.275900,-54.061400,GOES-19,2026-10-07 04:20:00
-3.275900,-54.061400,GOES-19,2026-10-07 04:30:00
-3.275900,-54.061400,GOES-19,2026-10-07 04:40:00
-3.275900,-54.061400,GOES-19,2026-10-07 19:20:00
-3.275900,-54.061400,GOES-19,2026-10-07 19:40:00
-3.275900,-54.061400,GOES-19,2026-10-07 19:50:00
-3.275900,-54.061400,GOES-19,2026-10-07 20:00:00
-3.275900,-54.061400,GOES-19,2026-10-07 20:10:00
-3.275900,-54.061400,GOES-19,2026-10-07 20:20:00
-3.275900,-54.061400,GOES-19,2026-10-07 20:30:00
-3.275900,-54.061400,GOES-19,2026-10-07 20:40:00
-3.275900,-54.061400,GOES-19,2026-10-07 20:50:00
-3.275900,-54.061400,GOES-19,2026-10-07 21:00:00
-3.275900,-54.061400,GOES-19,2026-10-07 21:10:00
-3.275900,-54.061400,GOES-19,2026-10-07 21:20:00
-3.275900,-54.061400,GOES-19,2026-10-07 22:10:00
-3.275900,-54.061400,GOES-19,2026-10-07 22:20:00
-3.275900,-54.061400,GOES-19,2026-10-07 22:30:00
-3.275900,-54.061400,GOES-19,2026-10-07 22:40:00
-3.275900,-54.061400,GOES-19,2026-10-07 22:50:00
-3.275900,-54.061400,GOES-19,2026-10-07 23:00:00
-3.275900,-54.061400,GOES-19,2026-10-07 23:10:00
-3.275900,-54.061400,GOES-19,2026-10-07 23:20:00
-3.275900,-54.061400,GOES-19,2026-10-07 23:30:00
-3.275900,-54.061400,GOES-19,2026-10-07 23:40:00
-3.275900,-54.061400,GOES-19,2026-10-07 23:50:00
-2.761300,-54.074000,GOES-19,2026-10-07 15:00:00
-2.761300,-54.074000,GOES-19,2026-10-07 15:10:00
-2.761300,-54.074000,GOES-19,2026-10-07 15:20:00
-2.761300,-54.074000,GOES-19,2026-10-07 15:30:00
-2.761300,-54.074000,GOES-19,2026-10-07 18:20:00
-2.761300,-54.074000,GOES-19,2026-10-07 18:30:00
-2.761300,-54.074000,GOES-19,2026-10-07 18:40:00
-2.761300,-54.074000,GOES-19,2026-10-07 18:50:00
-2.761300,-54.074000,GOES-19,2026-10-07 19:00:00
-2.761300,-54.074000,GOES-19,2026-10-07 19:10:00
-2.761300,-54.074000,GOES-19,2026-10-07 19:20:00
-2.761300,-54.074000,GOES-19,2026-10-07 19:30:00
-2.761300,-54.074000,GOES-19,2026-10-07 19:40:00
-2.761300,-54.074000,GOES-19,2026-10-07 19:50:00
-2.761300,-54.074000,GOES-19,2026-10-07 20:00:00
-2.761300,-54.074000,GOES-19,2026-10-07 20:10:00
-2.761300,-54.074000,GOES-19,2026-10-07 20:20:00
-2.761300,-54.074000,GOES-19,2026-10-07 20:30:00
-2.761300,-54.074000,GOES-19,2026-10-07 20:40:00
-2.761300,-54.074000,GOES-19,2026-10-07 20:50:00
-2.761300,-54.074000,GOES-19,2026-10-07 21:00:00
-2.761300,-54.074000,GOES-19,2026-10-07 21:10:00
-2.761300,-54.074000,GOES-19,2026-10-07 21:20:00
-2.761300,-54.074000,GOES-19,2026-10-07 22:10:00
-2.779700,-54.073600,GOES-19,2026-10-07 18:30:00
-2.779700,-54.073600,GOES-19,2026-10-07 18:40:00
-2.779700,-54.073600,GOES-19,2026-10-07 18:50:00
-2.779700,-54.073600,GOES-19,2026-10-07 19:00:00
-2.779700,-54.073600,GOES-19,2026-10-07 19:10:00
-2.779700,-54.073600,GOES-19,2026-10-07 19:20:00
-2.779700,-54.073600,GOES-19,2026-10-07 19:30:00
-2.779700,-54.073600,GOES-19,2026-10-07 19:40:00
-2.779700,-54.073600,GOES-19,2026-10-07 19:50:00
-2.779700,-54.073600,GOES-19,2026-10-07 20:00:00
-2.779700,-54.073600,GOES-19,2026-10-07 20:10:00
-2.779700,-54.073600,GOES-19,2026-10-07 20:20:00
-2.779700,-54.073600,GOES-19,2026-10-07 20:30:00
-2.779700,-54.073600,GOES-19,2026-10-07 20:40:00
-2.779700,-54.073600,GOES-19,2026-10-07 20:50:00
-2.779700,-54.073600,GOES-19,2026-10-07 21:00:00
-2.779700,-54.073600,GOES-19,2026-10-07 21:10:00
-2.779700,-54.073600,GOES-19,2026-10-07 21:20:00
-2.779700,-54.073600,GOES-19,2026-10-07 22:10:00
-2.779700,-54.073600,GOES-19,2026-10-07 22:20:00
-2.779700,-54.073600,GOES-19,2026-10-07 22:30:00
-2.779700,-54.073600,GOES-19,2026-10-07 23:00:00
-2.798100,-54.073200,GOES-19,2026-10-07 15:00:00
-2.798100,-54.073200,GOES-19,2026-10-07 15:10:00
-2.798100,-54.073200,GOES-19,2026-10-07 15:30:00
-2.798100,-54.073200,GOES-19,2026-10-07 18:10:00
-2.798100,-54.073200,GOES-19,2026-10-07 18:20:00
-2.798100,-54.073200,GOES-19,2026-10-07 18:30:00
-2.798100,-54.073200,GOES-19,2026-10-07 18:40:00
-2.798100,-54.073200,GOES-19,2026-10-07 18:50:00
-2.798100,-54.073200,GOES-19,2026-10-07 19:00:00
-2.798100,-54.073200,GOES-19,2026-10-07 19:10:00
-2.798100,-54.073200,GOES-19,2026-10-07 19:20:00
-2.798100,-54.073200,GOES-19,2026-10-07 19:30:00
-2.798100,-54.073200,GOES-19,2026-10-07 19:40:00
-2.798100,-54.073200,GOES-19,2026-10-07 19:50:00
-2.798100,-54.073200,GOES-19,2026-10-07 20:00:00
-2.798100,-54.073200,GOES-19,2026-10-07 20:10:00
-2.798100,-54.073200,GOES-19,2026-10-07 20:20:00
-2.798100,-54.073200,GOES-19,2026-10-07 20:30:00
-2.798100,-54.073200,GOES-19,2026-10-07 20:40:00
-2.798100,-54.073200,GOES-19,2026-10-07 20:50:00
-2.798100,-54.073200,GOES-19,2026-10-07 21:00:00
-2.798100,-54.073200,GOES-19,2026-10-07 21:10:00
-2.798100,-54.073200,GOES-19,2026-10-07 21:20:00
-2.798100,-54.073200,GOES-19,2026-10-07 22:10:00
-2.798100,-54.073200,GOES-19,2026-10-07 22:20:00
-2.798100,-54.073200,GOES-19,2026-10-07 22:30:00
-2.798100,-54.073200,GOES-19,2026-10-07 23:00:00
-3.294300,-54.060900,GOES-19,2026-10-07 00:00:00
-3.294300,-54.060900,GOES-19,2026-10-07 00:10:00
-3.294300,-54.060900,GOES-19,2026-10-07 00:20:00
-3.294300,-54.060900,GOES-19,2026-10-07 00:30:00
-3.294300,-54.060900,GOES-19,2026-10-07 00:40:00
-3.294300,-54.060900,GOES-19,2026-10-07 00:50:00
-3.294300,-54.060900,GOES-19,2026-10-07 01:00:00
-3.294300,-54.060900,GOES-19,2026-10-07 01:10:00
-3.294300,-54.060900,GOES-19,2026-10-07 01:20:00
-3.294300,-54.060900,GOES-19,2026-10-07 01:30:00
-3.294300,-54.060900,GOES-19,2026-10-07 01:40:00
-3.294300,-54.060900,GOES-19,2026-10-07 01:50:00
-3.294300,-54.060900,GOES-19,2026-10-07 02:00:00
-3.294300,-54.060900,GOES-19,2026-10-07 02:10:00
-3.294300,-54.060900,GOES-19,2026-10-07 02:20:00
-3.294300,-54.060900,GOES-19,2026-10-07 02:30:00
-3.294300,-54.060900,GOES-19,2026-10-07 02:40:00
-3.294300,-54.060900,GOES-19,2026-10-07 02:50:00
-3.294300,-54.060900,GOES-19,2026-10-07 03:00:00
-3.294300,-54.060900,GOES-19,2026-10-07 03:10:00
-3.294300,-54.060900,GOES-19,2026-10-07 03:20:00
-3.294300,-54.060900,GOES-19,2026-10-07 03:30:00
-3.294300,-54.060900,GOES-19,2026-10-07 03:40:00
-3.294300,-54.060900,GOES-19,2026-10-07 03:50:00
-3.294300,-54.060900,GOES-19,2026-10-07 04:00:00
-3.294300,-54.060900,GOES-19,2026-10-07 04:10:00
-3.294300,-54.060900,GOES-19,2026-10-07 04:20:00
-3.294300,-54.060900,GOES-19,2026-10-07 04:30:00
-3.294300,-54.060900,GOES-19,2026-10-07 04:40:00
-3.294300,-54.060900,GOES-19,2026-10-07 19:00:00
-3.294300,-54.060900,GOES-19,2026-10-07 19:10:00
-3.294300,-54.060900,GOES-19,2026-10-07 19:20:00
-3.294300,-54.060900,GOES-19,2026-10-07 19:30:00
-3.294300,-54.060900,GOES-19,2026-10-07 19:50:00
-3.294300,-54.060900,GOES-19,2026-10-07 20:00:00
-3.294300,-54.060900,GOES-19,2026-10-07 20:10:00
-3.294300,-54.060900,GOES-19,2026-10-07 20:20:00
-3.294300,-54.060900,GOES-19,2026-10-07 20:30:00
-3.294300,-54.060900,GOES-19,2026-10-07 20:40:00
-3.294300,-54.060900,GOES-19,2026-10-07 20:50:00
-3.294300,-54.060900,GOES-19,2026-10-07 21:00:00
-3.294300,-54.060900,GOES-19,2026-10-07 21:10:00
-3.294300,-54.060900,GOES-19,2026-10-07 21:20:00
-3.294300,-54.060900,GOES-19,2026-10-07 22:10:00
-3.294300,-54.060900,GOES-19,2026-10-07 22:20:00
-3.294300,-54.060900,GOES-19,2026-10-07 22:30:00
-3.294300,-54.060900,GOES-19,2026-10-07 22:40:00
-3.294300,-54.060900,GOES-19,2026-10-07 22:50:00
-3.294300,-54.060900,GOES-19,2026-10-07 23:00:00
-3.294300,-54.060900,GOES-19,2026-10-07 23:10:00
-3.294300,-54.060900,GOES-19,2026-10-07 23:20:00
-3.294300,-54.060900,GOES-19,2026-10-07 23:30:00
-3.294300,-54.060900,GOES-19,2026-10-07 23:40:00
-3.294300,-54.060900,GOES-19,2026-10-07 23:50:00
-3.312700,-54.060400,GOES-19,2026-10-07 00:00:00
-3.312700,-54.060400,GOES-19,2026-10-07 00:10:00
-3.312700,-54.060400,GOES-19,2026-10-07 00:20:00
-3.312700,-54.060400,GOES-19,2026-10-07 00:30:00
-3.312700,-54.060400,GOES-19,2026-10-07 01:00:00
-3.312700,-54.060400,GOES-19,2026-10-07 01:10:00
-3.312700,-54.060400,GOES-19,2026-10-07 18:40:00
-3.312700,-54.060400,GOES-19,2026-10-07 19:10:00
-3.312700,-54.060400,GOES-19,2026-10-07 19:20:00
-3.312700,-54.060400,GOES-19,2026-10-07 19:50:00
-3.312700,-54.060400,GOES-19,2026-10-07 20:00:00
-3.312700,-54.060400,GOES-19,2026-10-07 20:10:00
-3.312700,-54.060400,GOES-19,2026-10-07 20:20:00
-3.312700,-54.060400,GOES-19,2026-10-07 20:30:00
-3.312700,-54.060400,GOES-19,2026-10-07 20:40:00
-3.312700,-54.060400,GOES-19,2026-10-07 20:50:00
-3.312700,-54.060400,GOES-19,2026-10-07 21:00:00
-3.312700,-54.060400,GOES-19,2026-10-07 21:10:00
-3.312700,-54.060400,GOES-19,2026-10-07 21:20:00
-3.312700,-54.060400,GOES-19,2026-10-07 22:10:00
-3.312700,-54.060400,GOES-19,2026-10-07 22:20:00
-3.312700,-54.060400,GOES-19,2026-10-07 22:30:00
-3.312700,-54.060400,GOES-19,2026-10-07 22:40:00
-3.312700,-54.060400,GOES-19,2026-10-07 22:50:00
-3.312700,-54.060400,GOES-19,2026-10-07 23:00:00
-3.312700,-54.060400,GOES-19,2026-10-07 23:10:00
-3.312700,-54.060400,GOES-19,2026-10-07 23:20:00
-3.312700,-54.060400,GOES-19,2026-10-07 23:30:00
-3.312700,-54.060400,GOES-19,2026-10-07 23:40:00
-3.312700,-54.060400,GOES-19,2026-10-07 23:50:00
-2.889900,-54.071100,GOES-19,2026-10-07 18:20:00
-2.889900,-54.071100,GOES-19,2026-10-07 18:30:00
-2.889900,-54.071100,GOES-19,2026-10-07 18:40:00
-2.889900,-54.071100,GOES-19,2026-10-07 19:00:00
-2.889900,-54.071100,GOES-19,2026-10-07 19:10:00
-2.889900,-54.071100,GOES-19,2026-10-07 19:20:00
-2.926700,-54.070200,GOES-19,2026-10-07 18:30:00
-2.926700,-54.070200,GOES-19,2026-10-07 18:50:00
-2.926700,-54.070200,GOES-19,2026-10-07 19:00:00
-2.926700,-54.070200,GOES-19,2026-10-07 19:10:00
-2.926700,-54.070200,GOES-19,2026-10-07 19:20:00
-2.926700,-54.070200,GOES-19,2026-10-07 19:30:00
-2.926700,-54.070200,GOES-19,2026-10-07 19:40:00
-2.945100,-54.069800,GOES-19,2026-10-07 15:20:00
-2.945100,-54.069800,GOES-19,2026-10-07 18:10:00
-2.945100,-54.069800,GOES-19,2026-10-07 18:20:00
-2.945100,-54.069800,GOES-19,2026-10-07 18:30:00
-2.945100,-54.069800,GOES-19,2026-10-07 18:40:00
-2.945100,-54.069800,GOES-19,2026-10-07 18:50:00
-2.945100,-54.069800,GOES-19,2026-10-07 19:00:00
-2.945100,-54.069800,GOES-19,2026-10-07 19:10:00
-2.945100,-54.069800,GOES-19,2026-10-07 19:20:00
-2.945100,-54.069800,GOES-19,2026-10-07 19:30:00
-2.945100,-54.069800,GOES-19,2026-10-07 19:40:00
-2.945100,-54.069800,GOES-19,2026-10-07 19:50:00
-2.963400,-54.069300,GOES-19,2026-10-07 18:20:00
-2.963400,-54.069300,GOES-19,2026-10-07 18:40:00
-2.963400,-54.069300,GOES-19,2026-10-07 19:00:00
-2.963400,-54.069300,GOES-19,2026-10-07 19:30:00
-2.963400,-54.069300,GOES-19,2026-10-07 19:50:00
-2.981800,-54.068900,GOES-19,2026-10-07 18:20:00
-2.981800,-54.068900,GOES-19,2026-10-07 18:30:00
-2.981800,-54.068900,GOES-19,2026-10-07 18:40:00
-2.981800,-54.068900,GOES-19,2026-10-07 18:50:00
-2.981800,-54.068900,GOES-19,2026-10-07 19:00:00
-2.981800,-54.068900,GOES-19,2026-10-07 19:10:00
-2.981800,-54.068900,GOES-19,2026-10-07 19:20:00
-2.981800,-54.068900,GOES-19,2026-10-07 19:30:00
-2.981800,-54.068900,GOES-19,2026-10-07 19:40:00
-2.981800,-54.068900,GOES-19,2026-10-07 19:50:00
-2.981800,-54.068900,GOES-19,2026-10-07 20:00:00
-2.981800,-54.068900,GOES-19,2026-10-07 20:10:00
-2.981800,-54.068900,GOES-19,2026-10-07 20:20:00
-2.981800,-54.068900,GOES-19,2026-10-07 20:30:00
-2.981800,-54.068900,GOES-19,2026-10-07 20:40:00
-2.981800,-54.068900,GOES-19,2026-10-07 20:50:00
-2.981800,-54.068900,GOES-19,2026-10-07 21:00:00
-2.981800,-54.068900,GOES-19,2026-10-07 21:10:00
-2.981800,-54.068900,GOES-19,2026-10-07 21:20:00
-2.981800,-54.068900,GOES-19,2026-10-07 22:10:00
-2.981800,-54.068900,GOES-19,2026-10-07 22:20:00
-2.981800,-54.068900,GOES-19,2026-10-07 22:30:00
-2.981800,-54.068900,GOES-19,2026-10-07 22:40:00
-2.981800,-54.068900,GOES-19,2026-10-07 22:50:00
-2.981800,-54.068900,GOES-19,2026-10-07 23:00:00
-2.981800,-54.068900,GOES-19,2026-10-07 23:10:00
-2.981800,-54.068900,GOES-19,2026-10-07 23:20:00
-2.981800,-54.068900,GOES-19,2026-10-07 23:30:00
-2.981800,-54.068900,GOES-19,2026-10-07 23:40:00
-2.981800,-54.068900,GOES-19,2026-10-07 23:50:00
-3.000200,-54.068400,GOES-19,2026-10-07 15:00:00
-3.000200,-54.068400,GOES-19,2026-10-07 15:10:00
-3.000200,-54.068400,GOES-19,2026-10-07 15:20:00
-3.000200,-54.068400,GOES-19,2026-10-07 15:30:00
-3.000200,-54.068400,GOES-19,2026-10-07 18:40:00
-3.000200,-54.068400,GOES-19,2026-10-07 18:50:00
-3.000200,-54.068400,GOES-19,2026-10-07 19:00:00
-3.000200,-54.068400,GOES-19,2026-10-07 19:10:00
-3.000200,-54.068400,GOES-19,2026-10-07 19:20:00
-3.000200,-54.068400,GOES-19,2026-10-07 19:30:00
-3.000200,-54.068400,GOES-19,2026-10-07 19:40:00
-3.000200,-54.068400,GOES-19,2026-10-07 19:50:00
-3.000200,-54.068400,GOES-19,2026-10-07 20:00:00
-3.000200,-54.068400,GOES-19,2026-10-07 20:10:00
-3.000200,-54.068400,GOES-19,2026-10-07 20:20:00
-3.000200,-54.068400,GOES-19,2026-10-07 20:30:00
-3.000200,-54.068400,GOES-19,2026-10-07 20:40:00
-3.000200,-54.068400,GOES-19,2026-10-07 20:50:00
-3.000200,-54.068400,GOES-19,2026-10-07 21:00:00
-3.000200,-54.068400,GOES-19,2026-10-07 21:10:00
-3.000200,-54.068400,GOES-19,2026-10-07 21:20:00
-3.000200,-54.068400,GOES-19,2026-10-07 22:10:00
-3.000200,-54.068400,GOES-19,2026-10-07 22:20:00
-3.000200,-54.068400,GOES-19,2026-10-07 22:30:00
-3.000200,-54.068400,GOES-19,2026-10-07 22:40:00
-3.000200,-54.068400,GOES-19,2026-10-07 22:50:00
-3.000200,-54.068400,GOES-19,2026-10-07 23:00:00
-3.000200,-54.068400,GOES-19,2026-10-07 23:10:00
-3.000200,-54.068400,GOES-19,2026-10-07 23:20:00
-3.000200,-54.068400,GOES-19,2026-10-07 23:30:00
-3.000200,-54.068400,GOES-19,2026-10-07 23:40:00
-3.000200,-54.068400,GOES-19,2026-10-07 23:50:00
-3.018600,-54.068000,GOES-19,2026-10-07 15:00:00
-3.018600,-54.068000,GOES-19,2026-10-07 15:10:00
-3.018600,-54.068000,GOES-19,2026-10-07 15:20:00
-3.018600,-54.068000,GOES-19,2026-10-07 19:00:00
-3.018600,-54.068000,GOES-19,2026-10-07 19:10:00
-3.018600,-54.068000,GOES-19,2026-10-07 19:20:00
-3.018600,-54.068000,GOES-19,2026-10-07 19:40:00
-3.018600,-54.068000,GOES-19,2026-10-07 19:50:00
-3.018600,-54.068000,GOES-19,2026-10-07 20:00:00
-3.018600,-54.068000,GOES-19,2026-10-07 20:10:00
-3.018600,-54.068000,GOES-19,2026-10-07 20:20:00
-3.018600,-54.068000,GOES-19,2026-10-07 20:30:00
-3.018600,-54.068000,GOES-19,2026-10-07 20:40:00
-3.018600,-54.068000,GOES-19,2026-10-07 20:50:00
-3.018600,-54.068000,GOES-19,2026-10-07 21:00:00
-3.018600,-54.068000,GOES-19,2026-10-07 21:10:00
-3.018600,-54.068000,GOES-19,2026-10-07 21:20:00
-3.018600,-54.068000,GOES-19,2026-10-07 22:10:00
-3.018600,-54.068000,GOES-19,2026-10-07 22:20:00
-3.018600,-54.068000,GOES-19,2026-10-07 22:30:00
-3.018600,-54.068000,GOES-19,2026-10-07 22:40:00
-3.018600,-54.068000,GOES-19,2026-10-07 22:50:00
-3.018600,-54.068000,GOES-19,2026-10-07 23:00:00
-3.018600,-54.068000,GOES-19,2026-10-07 23:10:00
-3.018600,-54.068000,GOES-19,2026-10-07 23:20:00
-3.018600,-54.068000,GOES-19,2026-10-07 23:30:00
-3.018600,-54.068000,GOES-19,2026-10-07 23:40:00
-3.018600,-54.068000,GOES-19,2026-10-07 23:50:00
-3.036900,-54.067500,GOES-19,2026-10-07 15:10:00
-3.036900,-54.067500,GOES-19,2026-10-07 15:20:00
-3.036900,-54.067500,GOES-19,2026-10-07 15:30:00
-3.036900,-54.067500,GOES-19,2026-10-07 18:40:00
-3.036900,-54.067500,GOES-19,2026-10-07 18:50:00
-3.036900,-54.067500,GOES-19,2026-10-07 19:40:00
-3.036900,-54.067500,GOES-19,2026-10-07 19:50:00
-3.036900,-54.067500,GOES-19,2026-10-07 20:00:00
-3.036900,-54.067500,GOES-19,2026-10-07 20:10:00
-3.036900,-54.067500,GOES-19,2026-10-07 20:20:00
-3.036900,-54.067500,GOES-19,2026-10-07 20:30:00
-3.036900,-54.067500,GOES-19,2026-10-07 20:40:00
-3.036900,-54.067500,GOES-19,2026-10-07 20:50:00
-3.036900,-54.067500,GOES-19,2026-10-07 21:00:00
-3.036900,-54.067500,GOES-19,2026-10-07 21:10:00
-3.036900,-54.067500,GOES-19,2026-10-07 21:20:00
-3.036900,-54.067500,GOES-19,2026-10-07 22:10:00
-3.036900,-54.067500,GOES-19,2026-10-07 22:20:00
-3.036900,-54.067500,GOES-19,2026-10-07 22:30:00
-3.036900,-54.067500,GOES-19,2026-10-07 22:40:00
-3.036900,-54.067500,GOES-19,2026-10-07 22:50:00
-3.036900,-54.067500,GOES-19,2026-10-07 23:00:00
-3.036900,-54.067500,GOES-19,2026-10-07 23:10:00
-3.036900,-54.067500,GOES-19,2026-10-07 23:20:00
-3.036900,-54.067500,GOES-19,2026-10-07 23:30:00
-3.036900,-54.067500,GOES-19,2026-10-07 23:40:00
-3.036900,-54.067500,GOES-19,2026-10-07 23:50:00
-2.945100,-54.049700,GOES-19,2026-10-07 15:20:00
-2.945100,-54.049700,GOES-19,2026-10-07 18:20:00
-2.945100,-54.049700,GOES-19,2026-10-07 18:30:00
-2.945100,-54.049700,GOES-19,2026-10-07 18:40:00
-2.945100,-54.049700,GOES-19,2026-10-07 18:50:00
-2.945100,-54.049700,GOES-19,2026-10-07 19:00:00
-2.945100,-54.049700,GOES-19,2026-10-07 19:10:00
-2.945100,-54.049700,GOES-19,2026-10-07 19:20:00
-2.945100,-54.049700,GOES-19,2026-10-07 19:30:00
-2.945100,-54.049700,GOES-19,2026-10-07 19:40:00
-2.945100,-54.049700,GOES-19,2026-10-07 19:50:00
-2.981900,-54.048800,GOES-19,2026-10-07 15:20:00
-2.981900,-54.048800,GOES-19,2026-10-07 15:30:00
-2.981900,-54.048800,GOES-19,2026-10-07 18:20:00
-2.981900,-54.048800,GOES-19,2026-10-07 18:30:00
-2.981900,-54.048800,GOES-19,2026-10-07 18:40:00
-2.981900,-54.048800,GOES-19,2026-10-07 18:50:00
-2.981900,-54.048800,GOES-19,2026-10-07 19:00:00
-2.981900,-54.048800,GOES-19,2026-10-07 19:10:00
-2.981900,-54.048800,GOES-19,2026-10-07 19:20:00
-2.981900,-54.048800,GOES-19,2026-10-07 19:30:00
-2.981900,-54.048800,GOES-19,2026-10-07 19:40:00
-2.981900,-54.048800,GOES-19,2026-10-07 19:50:00
-2.981900,-54.048800,GOES-19,2026-10-07 20:00:00
-2.981900,-54.048800,GOES-19,2026-10-07 20:10:00
-2.981900,-54.048800,GOES-19,2026-10-07 20:20:00
-2.981900,-54.048800,GOES-19,2026-10-07 20:30:00
-2.981900,-54.048800,GOES-19,2026-10-07 20:40:00
-2.981900,-54.048800,GOES-19,2026-10-07 20:50:00
-2.981900,-54.048800,GOES-19,2026-10-07 21:00:00
-2.981900,-54.048800,GOES-19,2026-10-07 21:10:00
-2.981900,-54.048800,GOES-19,2026-10-07 21:20:00
-2.981900,-54.048800,GOES-19,2026-10-07 22:10:00
-2.981900,-54.048800,GOES-19,2026-10-07 22:20:00
-2.981900,-54.048800,GOES-19,2026-10-07 22:30:00
-2.981900,-54.048800,GOES-19,2026-10-07 22:40:00
-2.981900,-54.048800,GOES-19,2026-10-07 22:50:00
-2.981900,-54.048800,GOES-19,2026-10-07 23:00:00
-2.981900,-54.048800,GOES-19,2026-10-07 23:10:00
-2.981900,-54.048800,GOES-19,2026-10-07 23:20:00
-2.981900,-54.048800,GOES-19,2026-10-07 23:30:00
-2.981900,-54.048800,GOES-19,2026-10-07 23:40:00
-2.981900,-54.048800,GOES-19,2026-10-07 23:50:00
-3.000200,-54.048300,GOES-19,2026-10-07 15:20:00
-3.000200,-54.048300,GOES-19,2026-10-07 15:30:00
-3.000200,-54.048300,GOES-19,2026-10-07 18:20:00
-3.000200,-54.048300,GOES-19,2026-10-07 18:30:00
-3.000200,-54.048300,GOES-19,2026-10-07 18:40:00
-3.000200,-54.048300,GOES-19,2026-10-07 18:50:00
-3.000200,-54.048300,GOES-19,2026-10-07 19:00:00
-3.000200,-54.048300,GOES-19,2026-10-07 19:10:00
-3.000200,-54.048300,GOES-19,2026-10-07 19:20:00
-3.000200,-54.048300,GOES-19,2026-10-07 19:30:00
-3.000200,-54.048300,GOES-19,2026-10-07 19:40:00
-3.000200,-54.048300,GOES-19,2026-10-07 19:50:00
-3.000200,-54.048300,GOES-19,2026-10-07 20:00:00
-3.000200,-54.048300,GOES-19,2026-10-07 20:10:00
-3.000200,-54.048300,GOES-19,2026-10-07 20:20:00
-3.000200,-54.048300,GOES-19,2026-10-07 20:30:00
-3.000200,-54.048300,GOES-19,2026-10-07 20:40:00
-3.000200,-54.048300,GOES-19,2026-10-07 20:50:00
-3.000200,-54.048300,GOES-19,2026-10-07 21:00:00
-3.000200,-54.048300,GOES-19,2026-10-07 21:10:00
-3.000200,-54.048300,GOES-19,2026-10-07 21:20:00
-3.000200,-54.048300,GOES-19,2026-10-07 22:10:00
-3.000200,-54.048300,GOES-19,2026-10-07 22:20:00
-3.000200,-54.048300,GOES-19,2026-10-07 22:30:00
-3.000200,-54.048300,GOES-19,2026-10-07 22:40:00
-3.000200,-54.048300,GOES-19,2026-10-07 22:50:00
-3.000200,-54.048300,GOES-19,2026-10-07 23:00:00
-3.000200,-54.048300,GOES-19,2026-10-07 23:10:00
-3.000200,-54.048300,GOES-19,2026-10-07 23:20:00
-3.000200,-54.048300,GOES-19,2026-10-07 23:30:00
-3.000200,-54.048300,GOES-19,2026-10-07 23:40:00
-3.000200,-54.048300,GOES-19,2026-10-07 23:50:00
-3.018600,-54.047900,GOES-19,2026-10-07 15:00:00
-3.018600,-54.047900,GOES-19,2026-10-07 15:10:00
-3.018600,-54.047900,GOES-19,2026-10-07 15:20:00
-3.018600,-54.047900,GOES-19,2026-10-07 15:30:00
-3.018600,-54.047900,GOES-19,2026-10-07 18:10:00
-3.018600,-54.047900,GOES-19,2026-10-07 18:40:00
-3.018600,-54.047900,GOES-19,2026-10-07 18:50:00
-3.018600,-54.047900,GOES-19,2026-10-07 19:10:00
-3.018600,-54.047900,GOES-19,2026-10-07 19:20:00
-3.018600,-54.047900,GOES-19,2026-10-07 19:40:00
-3.018600,-54.047900,GOES-19,2026-10-07 19:50:00
-3.018600,-54.047900,GOES-19,2026-10-07 20:00:00
-3.018600,-54.047900,GOES-19,2026-10-07 20:10:00
-3.018600,-54.047900,GOES-19,2026-10-07 20:20:00
-3.018600,-54.047900,GOES-19,2026-10-07 20:30:00
-3.018600,-54.047900,GOES-19,2026-10-07 20:40:00
-3.018600,-54.047900,GOES-19,2026-10-07 20:50:00
-3.018600,-54.047900,GOES-19,2026-10-07 21:00:00
-3.018600,-54.047900,GOES-19,2026-10-07 21:10:00
-3.018600,-54.047900,GOES-19,2026-10-07 21:20:00
-3.018600,-54.047900,GOES-19,2026-10-07 22:10:00
-3.018600,-54.047900,GOES-19,2026-10-07 22:20:00
-3.018600,-54.047900,GOES-19,2026-10-07 22:30:00
-3.018600,-54.047900,GOES-19,2026-10-07 22:40:00
-3.018600,-54.047900,GOES-19,2026-10-07 22:50:00
-3.018600,-54.047900,GOES-19,2026-10-07 23:00:00
-3.018600,-54.047900,GOES-19,2026-10-07 23:10:00
-3.018600,-54.047900,GOES-19,2026-10-07 23:20:00
-3.018600,-54.047900,GOES-19,2026-10-07 23:30:00
-3.018600,-54.047900,GOES-19,2026-10-07 23:40:00
-3.018600,-54.047900,GOES-19,2026-10-07 23:50:00
-2.779800,-54.053500,GOES-19,2026-10-07 15:00:00
-2.779800,-54.053500,GOES-19,2026-10-07 15:10:00
-2.779800,-54.053500,GOES-19,2026-10-07 15:20:00
-2.779800,-54.053500,GOES-19,2026-10-07 15:30:00
-2.779800,-54.053500,GOES-19,2026-10-07 18:20:00
-2.779800,-54.053500,GOES-19,2026-10-07 18:30:00
-2.779800,-54.053500,GOES-19,2026-10-07 18:40:00
-2.779800,-54.053500,GOES-19,2026-10-07 18:50:00
-2.779800,-54.053500,GOES-19,2026-10-07 19:00:00
-2.779800,-54.053500,GOES-19,2026-10-07 19:10:00
-2.779800,-54.053500,GOES-19,2026-10-07 19:20:00
-2.779800,-54.053500,GOES-19,2026-10-07 19:30:00
-2.779800,-54.053500,GOES-19,2026-10-07 19:40:00
-2.779800,-54.053500,GOES-19,2026-10-07 19:50:00
-2.779800,-54.053500,GOES-19,2026-10-07 20:00:00
-2.779800,-54.053500,GOES-19,2026-10-07 20:10:00
-2.779800,-54.053500,GOES-19,2026-10-07 20:20:00
-2.779800,-54.053500,GOES-19,2026-10-07 20:30:00
-2.779800,-54.053500,GOES-19,2026-10-07 20:40:00
-2.779800,-54.053500,GOES-19,2026-10-07 20:50:00
-2.779800,-54.053500,GOES-19,2026-10-07 21:00:00
-3.257600,-54.041800,GOES-19,2026-10-07 01:00:00
-3.257600,-54.041800,GOES-19,2026-10-07 03:30:00
-3.257600,-54.041800,GOES-19,2026-10-07 04:00:00
-3.257600,-54.041800,GOES-19,2026-10-07 04:10:00
-3.257600,-54.041800,GOES-19,2026-10-07 04:20:00
-3.257600,-54.041800,GOES-19,2026-10-07 04:30:00
-3.257600,-54.041800,GOES-19,2026-10-07 04:40:00
-3.257600,-54.041800,GOES-19,2026-10-07 18:30:00
-3.257600,-54.041800,GOES-19,2026-10-07 18:40:00
-3.257600,-54.041800,GOES-19,2026-10-07 18:50:00
-3.257600,-54.041800,GOES-19,2026-10-07 19:00:00
-3.257600,-54.041800,GOES-19,2026-10-07 19:10:00
-3.257600,-54.041800,GOES-19,2026-10-07 19:20:00
-3.257600,-54.041800,GOES-19,2026-10-07 19:30:00
-3.257600,-54.041800,GOES-19,2026-10-07 19:40:00
-3.257600,-54.041800,GOES-19,2026-10-07 19:50:00
-3.257600,-54.041800,GOES-19,2026-10-07 20:00:00
-3.257600,-54.041800,GOES-19,2026-10-07 20:10:00
-3.257600,-54.041800,GOES-19,2026-10-07 20:20:00
-3.257600,-54.041800,GOES-19,2026-10-07 20:30:00
-3.257600,-54.041800,GOES-19,2026-10-07 20:40:00
-3.257600,-54.041800,GOES-19,2026-10-07 20:50:00
-3.257600,-54.041800,GOES-19,2026-10-07 21:00:00
-3.257600,-54.041800,GOES-19,2026-10-07 21:10:00
-3.257600,-54.041800,GOES-19,2026-10-07 21:20:00
-3.257600,-54.041800,GOES-19,2026-10-07 22:10:00
-3.257600,-54.041800,GOES-19,2026-10-07 22:20:00
-3.257600,-54.041800,GOES-19,2026-10-07 22:30:00
-3.257600,-54.041800,GOES-19,2026-10-07 22:40:00
-3.257600,-54.041800,GOES-19,2026-10-07 22:50:00
-3.257600,-54.041800,GOES-19,2026-10-07 23:00:00
-3.257600,-54.041800,GOES-19,2026-10-07 23:10:00
-3.257600,-54.041800,GOES-19,2026-10-07 23:20:00
-3.257600,-54.041800,GOES-19,2026-10-07 23:30:00
-3.257600,-54.041800,GOES-19,2026-10-07 23:40:00
-3.257600,-54.041800,GOES-19,2026-10-07 23:50:00
-3.276000,-54.041300,GOES-19,2026-10-07 00:00:00
-3.276000,-54.041300,GOES-19,2026-10-07 00:10:00
-3.276000,-54.041300,GOES-19,2026-10-07 00:20:00
-3.276000,-54.041300,GOES-19,2026-10-07 00:30:00
-3.276000,-54.041300,GOES-19,2026-10-07 00:40:00
-3.276000,-54.041300,GOES-19,2026-10-07 00:50:00
-3.276000,-54.041300,GOES-19,2026-10-07 01:00:00
-3.276000,-54.041300,GOES-19,2026-10-07 01:10:00
-3.276000,-54.041300,GOES-19,2026-10-07 01:20:00
-3.276000,-54.041300,GOES-19,2026-10-07 01:30:00
-3.276000,-54.041300,GOES-19,2026-10-07 01:40:00
-3.276000,-54.041300,GOES-19,2026-10-07 01:50:00
-3.276000,-54.041300,GOES-19,2026-10-07 02:00:00
-3.276000,-54.041300,GOES-19,2026-10-07 02:10:00
-3.276000,-54.041300,GOES-19,2026-10-07 02:20:00
-3.276000,-54.041300,GOES-19,2026-10-07 02:30:00
-3.276000,-54.041300,GOES-19,2026-10-07 02:40:00
-3.276000,-54.041300,GOES-19,2026-10-07 02:50:00
-3.276000,-54.041300,GOES-19,2026-10-07 03:00:00
-3.276000,-54.041300,GOES-19,2026-10-07 03:10:00
-3.276000,-54.041300,GOES-19,2026-10-07 03:20:00
-3.276000,-54.041300,GOES-19,2026-10-07 03:30:00
-3.276000,-54.041300,GOES-19,2026-10-07 03:40:00
-3.276000,-54.041300,GOES-19,2026-10-07 03:50:00
-3.276000,-54.041300,GOES-19,2026-10-07 04:00:00
-3.276000,-54.041300,GOES-19,2026-10-07 04:10:00
-3.276000,-54.041300,GOES-19,2026-10-07 04:20:00
-3.276000,-54.041300,GOES-19,2026-10-07 04:30:00
-3.276000,-54.041300,GOES-19,2026-10-07 04:40:00
-3.276000,-54.041300,GOES-19,2026-10-07 18:40:00
-3.276000,-54.041300,GOES-19,2026-10-07 18:50:00
-3.276000,-54.041300,GOES-19,2026-10-07 19:00:00
-3.276000,-54.041300,GOES-19,2026-10-07 19:20:00
-3.276000,-54.041300,GOES-19,2026-10-07 19:30:00
-3.276000,-54.041300,GOES-19,2026-10-07 19:40:00
-3.276000,-54.041300,GOES-19,2026-10-07 19:50:00
-3.276000,-54.041300,GOES-19,2026-10-07 20:00:00
-3.276000,-54.041300,GOES-19,2026-10-07 20:10:00
-3.276000,-54.041300,GOES-19,2026-10-07 20:20:00
-3.276000,-54.041300,GOES-19,2026-10-07 20:30:00
-3.276000,-54.041300,GOES-19,2026-10-07 20:40:00
-3.276000,-54.041300,GOES-19,2026-10-07 20:50:00
-3.276000,-54.041300,GOES-19,2026-10-07 21:00:00
-3.276000,-54.041300,GOES-19,2026-10-07 21:10:00
-3.276000,-54.041300,GOES-19,2026-10-07 21:20:00
-3.276000,-54.041300,GOES-19,2026-10-07 22:10:00
-3.276000,-54.041300,GOES-19,2026-10-07 22:20:00
-3.276000,-54.041300,GOES-19,2026-10-07 22:30:00
-3.276000,-54.041300,GOES-19,2026-10-07 22:40:00
-3.276000,-54.041300,GOES-19,2026-10-07 22:50:00
-3.276000,-54.041300,GOES-19,2026-10-07 23:00:00
-3.276000,-54.041300,GOES-19,2026-10-07 23:10:00
-3.276000,-54.041300,GOES-19,2026-10-07 23:20:00
-3.276000,-54.041300,GOES-19,2026-10-07 23:30:00
-3.276000,-54.041300,GOES-19,2026-10-07 23:40:00
-3.276000,-54.041300,GOES-19,2026-10-07 23:50:00
-3.294400,-54.040800,GOES-19,2026-10-07 00:00:00
-3.294400,-54.040800,GOES-19,2026-10-07 00:10:00
-3.294400,-54.040800,GOES-19,2026-10-07 00:20:00
-3.294400,-54.040800,GOES-19,2026-10-07 00:30:00
-3.294400,-54.040800,GOES-19,2026-10-07 00:40:00
-3.294400,-54.040800,GOES-19,2026-10-07 00:50:00
-3.294400,-54.040800,GOES-19,2026-10-07 01:00:00
-3.294400,-54.040800,GOES-19,2026-10-07 01:10:00
-3.294400,-54.040800,GOES-19,2026-10-07 01:20:00
-3.294400,-54.040800,GOES-19,2026-10-07 01:30:00
-3.294400,-54.040800,GOES-19,2026-10-07 01:40:00
-3.294400,-54.040800,GOES-19,2026-10-07 01:50:00
-3.294400,-54.040800,GOES-19,2026-10-07 02:00:00
-3.294400,-54.040800,GOES-19,2026-10-07 02:10:00
-3.294400,-54.040800,GOES-19,2026-10-07 02:20:00
-3.294400,-54.040800,GOES-19,2026-10-07 02:30:00
-3.294400,-54.040800,GOES-19,2026-10-07 02:40:00
-3.294400,-54.040800,GOES-19,2026-10-07 02:50:00
-3.294400,-54.040800,GOES-19,2026-10-07 03:00:00
-3.294400,-54.040800,GOES-19,2026-10-07 03:10:00
-3.294400,-54.040800,GOES-19,2026-10-07 03:20:00
-3.294400,-54.040800,GOES-19,2026-10-07 03:30:00
-3.294400,-54.040800,GOES-19,2026-10-07 03:40:00
-3.294400,-54.040800,GOES-19,2026-10-07 03:50:00
-3.294400,-54.040800,GOES-19,2026-10-07 04:00:00
-3.294400,-54.040800,GOES-19,2026-10-07 04:10:00
-3.294400,-54.040800,GOES-19,2026-10-07 04:20:00
-3.294400,-54.040800,GOES-19,2026-10-07 04:30:00
-3.294400,-54.040800,GOES-19,2026-10-07 04:40:00
-3.294400,-54.040800,GOES-19,2026-10-07 18:30:00
-3.294400,-54.040800,GOES-19,2026-10-07 19:10:00
-3.294400,-54.040800,GOES-19,2026-10-07 19:20:00
-3.294400,-54.040800,GOES-19,2026-10-07 19:30:00
-3.294400,-54.040800,GOES-19,2026-10-07 19:40:00
-3.294400,-54.040800,GOES-19,2026-10-07 19:50:00
-3.294400,-54.040800,GOES-19,2026-10-07 20:00:00
-3.294400,-54.040800,GOES-19,2026-10-07 20:10:00
-3.294400,-54.040800,GOES-19,2026-10-07 20:20:00
-3.294400,-54.040800,GOES-19,2026-10-07 20:30:00
-3.294400,-54.040800,GOES-19,2026-10-07 20:40:00
-3.294400,-54.040800,GOES-19,2026-10-07 20:50:00
-3.294400,-54.040800,GOES-19,2026-10-07 21:00:00
-3.294400,-54.040800,GOES-19,2026-10-07 21:10:00
-3.294400,-54.040800,GOES-19,2026-10-07 21:20:00
-3.294400,-54.040800,GOES-19,2026-10-07 22:10:00
-3.294400,-54.040800,GOES-19,2026-10-07 22:20:00
-3.294400,-54.040800,GOES-19,2026-10-07 22:30:00
-3.294400,-54.040800,GOES-19,2026-10-07 22:40:00
-3.294400,-54.040800,GOES-19,2026-10-07 22:50:00
-3.294400,-54.040800,GOES-19,2026-10-07 23:00:00
-3.294400,-54.040800,GOES-19,2026-10-07 23:10:00
-3.294400,-54.040800,GOES-19,2026-10-07 23:20:00
-3.294400,-54.040800,GOES-19,2026-10-07 23:30:00
-3.294400,-54.040800,GOES-19,2026-10-07 23:40:00
-3.294400,-54.040800,GOES-19,2026-10-07 23:50:00
-3.312700,-54.040300,GOES-19,2026-10-07 00:00:00
-3.312700,-54.040300,GOES-19,2026-10-07 00:10:00
-3.312700,-54.040300,GOES-19,2026-10-07 00:20:00
-3.312700,-54.040300,GOES-19,2026-10-07 00:30:00
-3.312700,-54.040300,GOES-19,2026-10-07 01:00:00
-3.312700,-54.040300,GOES-19,2026-10-07 01:10:00
-3.312700,-54.040300,GOES-19,2026-10-07 18:20:00
-3.312700,-54.040300,GOES-19,2026-10-07 18:30:00
-3.312700,-54.040300,GOES-19,2026-10-07 18:40:00
-3.312700,-54.040300,GOES-19,2026-10-07 19:00:00
-3.312700,-54.040300,GOES-19,2026-10-07 19:10:00
-3.312700,-54.040300,GOES-19,2026-10-07 19:20:00
-3.312700,-54.040300,GOES-19,2026-10-07 19:30:00
-3.312700,-54.040300,GOES-19,2026-10-07 19:50:00
-3.312700,-54.040300,GOES-19,2026-10-07 20:00:00
-3.312700,-54.040300,GOES-19,2026-10-07 20:10:00
-3.312700,-54.040300,GOES-19,2026-10-07 20:20:00
-3.312700,-54.040300,GOES-19,2026-10-07 20:30:00
-3.312700,-54.040300,GOES-19,2026-10-07 20:40:00
-3.312700,-54.040300,GOES-19,2026-10-07 20:50:00
-3.312700,-54.040300,GOES-19,2026-10-07 21:00:00
-3.312700,-54.040300,GOES-19,2026-10-07 21:10:00
-3.312700,-54.040300,GOES-19,2026-10-07 21:20:00
-3.312700,-54.040300,GOES-19,2026-10-07 22:10:00
-3.312700,-54.040300,GOES-19,2026-10-07 22:20:00
-3.312700,-54.040300,GOES-19,2026-10-07 22:30:00
-3.312700,-54.040300,GOES-19,2026-10-07 22:40:00
-3.312700,-54.040300,GOES-19,2026-10-07 22:50:00
-3.312700,-54.040300,GOES-19,2026-10-07 23:00:00
-3.312700,-54.040300,GOES-19,2026-10-07 23:10:00
-3.312700,-54.040300,GOES-19,2026-10-07 23:20:00
-3.312700,-54.040300,GOES-19,2026-10-07 23:30:00
-3.312700,-54.040300,GOES-19,2026-10-07 23:40:00
-3.312700,-54.040300,GOES-19,2026-10-07 23:50:00
-3.257700,-54.021700,GOES-19,2026-10-07 04:20:00
-3.257700,-54.021700,GOES-19,2026-10-07 04:30:00
-3.257700,-54.021700,GOES-19,2026-10-07 18:50:00
-3.257700,-54.021700,GOES-19,2026-10-07 19:00:00
-3.257700,-54.021700,GOES-19,2026-10-07 19:10:00
-3.257700,-54.021700,GOES-19,2026-10-07 19:20:00
-3.257700,-54.021700,GOES-19,2026-10-07 19:30:00
-3.257700,-54.021700,GOES-19,2026-10-07 19:40:00
-3.257700,-54.021700,GOES-19,2026-10-07 19:50:00
-3.257700,-54.021700,GOES-19,2026-10-07 20:00:00
-3.257700,-54.021700,GOES-19,2026-10-07 20:10:00
-3.257700,-54.021700,GOES-19,2026-10-07 20:20:00
-3.257700,-54.021700,GOES-19,2026-10-07 20:30:00
-3.257700,-54.021700,GOES-19,2026-10-07 20:40:00
-3.257700,-54.021700,GOES-19,2026-10-07 20:50:00
-3.257700,-54.021700,GOES-19,2026-10-07 21:00:00
-3.257700,-54.021700,GOES-19,2026-10-07 21:10:00
-3.257700,-54.021700,GOES-19,2026-10-07 21:20:00
-3.257700,-54.021700,GOES-19,2026-10-07 22:10:00
-3.257700,-54.021700,GOES-19,2026-10-07 22:20:00
-3.257700,-54.021700,GOES-19,2026-10-07 22:30:00
-3.257700,-54.021700,GOES-19,2026-10-07 22:40:00
-3.257700,-54.021700,GOES-19,2026-10-07 22:50:00
-3.257700,-54.021700,GOES-19,2026-10-07 23:00:00
-3.257700,-54.021700,GOES-19,2026-10-07 23:10:00
-3.257700,-54.021700,GOES-19,2026-10-07 23:20:00
-3.257700,-54.021700,GOES-19,2026-10-07 23:30:00
-3.257700,-54.021700,GOES-19,2026-10-07 23:40:00
-3.257700,-54.021700,GOES-19,2026-10-07 23:50:00
-3.276000,-54.021200,GOES-19,2026-10-07 00:00:00
-3.276000,-54.021200,GOES-19,2026-10-07 00:10:00
-3.276000,-54.021200,GOES-19,2026-10-07 00:20:00
-3.276000,-54.021200,GOES-19,2026-10-07 00:30:00
-3.276000,-54.021200,GOES-19,2026-10-07 00:40:00
-3.276000,-54.021200,GOES-19,2026-10-07 00:50:00
-3.276000,-54.021200,GOES-19,2026-10-07 01:00:00
-3.276000,-54.021200,GOES-19,2026-10-07 01:10:00
-3.276000,-54.021200,GOES-19,2026-10-07 01:20:00
-3.276000,-54.021200,GOES-19,2026-10-07 01:30:00
-3.276000,-54.021200,GOES-19,2026-10-07 01:40:00
-3.276000,-54.021200,GOES-19,2026-10-07 01:50:00
-3.276000,-54.021200,GOES-19,2026-10-07 02:00:00
-3.276000,-54.021200,GOES-19,2026-10-07 02:10:00
-3.276000,-54.021200,GOES-19,2026-10-07 02:20:00
-3.276000,-54.021200,GOES-19,2026-10-07 02:30:00
-3.276000,-54.021200,GOES-19,2026-10-07 02:40:00
-3.276000,-54.021200,GOES-19,2026-10-07 02:50:00
-3.276000,-54.021200,GOES-19,2026-10-07 03:00:00
-3.276000,-54.021200,GOES-19,2026-10-07 03:10:00
-3.276000,-54.021200,GOES-19,2026-10-07 03:20:00
-3.276000,-54.021200,GOES-19,2026-10-07 03:30:00
-3.276000,-54.021200,GOES-19,2026-10-07 03:40:00
-3.276000,-54.021200,GOES-19,2026-10-07 03:50:00
-3.276000,-54.021200,GOES-19,2026-10-07 04:00:00
-3.276000,-54.021200,GOES-19,2026-10-07 04:10:00
-3.276000,-54.021200,GOES-19,2026-10-07 04:20:00
-3.276000,-54.021200,GOES-19,2026-10-07 04:30:00
-3.276000,-54.021200,GOES-19,2026-10-07 04:40:00
-3.276000,-54.021200,GOES-19,2026-10-07 18:30:00
-3.276000,-54.021200,GOES-19,2026-10-07 18:40:00
-3.276000,-54.021200,GOES-19,2026-10-07 18:50:00
-3.276000,-54.021200,GOES-19,2026-10-07 19:10:00
-3.276000,-54.021200,GOES-19,2026-10-07 19:30:00
-3.276000,-54.021200,GOES-19,2026-10-07 19:40:00
-3.276000,-54.021200,GOES-19,2026-10-07 19:50:00
-3.276000,-54.021200,GOES-19,2026-10-07 20:00:00
-3.276000,-54.021200,GOES-19,2026-10-07 20:10:00
-3.276000,-54.021200,GOES-19,2026-10-07 20:20:00
-3.276000,-54.021200,GOES-19,2026-10-07 20:30:00
-3.276000,-54.021200,GOES-19,2026-10-07 20:40:00
-3.276000,-54.021200,GOES-19,2026-10-07 20:50:00
-3.276000,-54.021200,GOES-19,2026-10-07 21:00:00
-3.276000,-54.021200,GOES-19,2026-10-07 21:10:00
-3.276000,-54.021200,GOES-19,2026-10-07 21:20:00
-3.276000,-54.021200,GOES-19,2026-10-07 22:10:00
-3.276000,-54.021200,GOES-19,2026-10-07 22:20:00
-3.276000,-54.021200,GOES-19,2026-10-07 22:30:00
-3.276000,-54.021200,GOES-19,2026-10-07 22:40:00
-3.276000,-54.021200,GOES-19,2026-10-07 22:50:00
-3.276000,-54.021200,GOES-19,2026-10-07 23:00:00
-3.276000,-54.021200,GOES-19,2026-10-07 23:10:00
-3.276000,-54.021200,GOES-19,2026-10-07 23:20:00
-3.276000,-54.021200,GOES-19,2026-10-07 23:30:00
-3.276000,-54.021200,GOES-19,2026-10-07 23:40:00
-3.276000,-54.021200,GOES-19,2026-10-07 23:50:00
-3.294400,-54.020700,GOES-19,2026-10-07 00:00:00
-3.294400,-54.020700,GOES-19,2026-10-07 00:10:00
-3.294400,-54.020700,GOES-19,2026-10-07 00:20:00
-3.294400,-54.020700,GOES-19,2026-10-07 00:30:00
-3.294400,-54.020700,GOES-19,2026-10-07 00:40:00
-3.294400,-54.020700,GOES-19,2026-10-07 00:50:00
-3.294400,-54.020700,GOES-19,2026-10-07 01:00:00
-3.294400,-54.020700,GOES-19,2026-10-07 01:10:00
-3.294400,-54.020700,GOES-19,2026-10-07 01:20:00
-3.294400,-54.020700,GOES-19,2026-10-07 01:30:00
-3.294400,-54.020700,GOES-19,2026-10-07 01:40:00
-3.294400,-54.020700,GOES-19,2026-10-07 01:50:00
-3.294400,-54.020700,GOES-19,2026-10-07 02:00:00
-3.294400,-54.020700,GOES-19,2026-10-07 02:10:00
-3.294400,-54.020700,GOES-19,2026-10-07 02:20:00
-3.294400,-54.020700,GOES-19,2026-10-07 02:30:00
-3.294400,-54.020700,GOES-19,2026-10-07 02:40:00
-3.294400,-54.020700,GOES-19,2026-10-07 02:50:00
-3.294400,-54.020700,GOES-19,2026-10-07 03:00:00
-3.294400,-54.020700,GOES-19,2026-10-07 03:10:00
-3.294400,-54.020700,GOES-19,2026-10-07 03:20:00
-3.294400,-54.020700,GOES-19,2026-10-07 03:30:00
-3.294400,-54.020700,GOES-19,2026-10-07 03:40:00
-3.294400,-54.020700,GOES-19,2026-10-07 03:50:00
-3.294400,-54.020700,GOES-19,2026-10-07 04:00:00
-3.294400,-54.020700,GOES-19,2026-10-07 04:10:00
-3.294400,-54.020700,GOES-19,2026-10-07 04:20:00
-3.294400,-54.020700,GOES-19,2026-10-07 04:30:00
-3.294400,-54.020700,GOES-19,2026-10-07 04:40:00
-3.294400,-54.020700,GOES-19,2026-10-07 18:30:00
-3.294400,-54.020700,GOES-19,2026-10-07 18:40:00
-3.294400,-54.020700,GOES-19,2026-10-07 18:50:00
-3.294400,-54.020700,GOES-19,2026-10-07 19:00:00
-3.294400,-54.020700,GOES-19,2026-10-07 19:10:00
-3.294400,-54.020700,GOES-19,2026-10-07 19:20:00
-3.294400,-54.020700,GOES-19,2026-10-07 19:30:00
-3.294400,-54.020700,GOES-19,2026-10-07 19:40:00
-3.294400,-54.020700,GOES-19,2026-10-07 19:50:00
-3.294400,-54.020700,GOES-19,2026-10-07 20:00:00
-3.294400,-54.020700,GOES-19,2026-10-07 20:10:00
-3.294400,-54.020700,GOES-19,2026-10-07 20:20:00
-3.294400,-54.020700,GOES-19,2026-10-07 20:30:00
-3.294400,-54.020700,GOES-19,2026-10-07 20:40:00
-3.294400,-54.020700,GOES-19,2026-10-07 20:50:00
-3.294400,-54.020700,GOES-19,2026-10-07 21:00:00
-3.294400,-54.020700,GOES-19,2026-10-07 21:10:00
-3.294400,-54.020700,GOES-19,2026-10-07 21:20:00
-3.294400,-54.020700,GOES-19,2026-10-07 22:10:00
-3.294400,-54.020700,GOES-19,2026-10-07 22:20:00
-3.294400,-54.020700,GOES-19,2026-10-07 22:30:00
-3.294400,-54.020700,GOES-19,2026-10-07 22:40:00
-3.294400,-54.020700,GOES-19,2026-10-07 22:50:00
-3.294400,-54.020700,GOES-19,2026-10-07 23:00:00
-3.294400,-54.020700,GOES-19,2026-10-07 23:10:00
-3.294400,-54.020700,GOES-19,2026-10-07 23:20:00
-3.294400,-54.020700,GOES-19,2026-10-07 23:30:00
-3.294400,-54.020700,GOES-19,2026-10-07 23:40:00
-3.294400,-54.020700,GOES-19,2026-10-07 23:50:00
-2.908400,-54.030400,GOES-19,2026-10-07 18:30:00
-2.981900,-54.028700,GOES-19,2026-10-07 15:20:00
-2.981900,-54.028700,GOES-19,2026-10-07 15:30:00
-2.981900,-54.028700,GOES-19,2026-10-07 18:20:00
-2.981900,-54.028700,GOES-19,2026-10-07 18:30:00
-2.981900,-54.028700,GOES-19,2026-10-07 18:40:00
-2.981900,-54.028700,GOES-19,2026-10-07 18:50:00
-2.981900,-54.028700,GOES-19,2026-10-07 19:00:00
-2.981900,-54.028700,GOES-19,2026-10-07 19:10:00
-2.981900,-54.028700,GOES-19,2026-10-07 19:20:00
-2.981900,-54.028700,GOES-19,2026-10-07 19:30:00
-2.981900,-54.028700,GOES-19,2026-10-07 19:40:00
-2.981900,-54.028700,GOES-19,2026-10-07 19:50:00
-2.981900,-54.028700,GOES-19,2026-10-07 20:00:00
-2.981900,-54.028700,GOES-19,2026-10-07 20:10:00
-2.981900,-54.028700,GOES-19,2026-10-07 20:20:00
-2.981900,-54.028700,GOES-19,2026-10-07 20:30:00
-3.000300,-54.028200,GOES-19,2026-10-07 18:30:00
-3.000300,-54.028200,GOES-19,2026-10-07 18:40:00
-3.000300,-54.028200,GOES-19,2026-10-07 18:50:00
-3.000300,-54.028200,GOES-19,2026-10-07 19:00:00
-3.000300,-54.028200,GOES-19,2026-10-07 19:10:00
-3.000300,-54.028200,GOES-19,2026-10-07 19:20:00
-3.000300,-54.028200,GOES-19,2026-10-07 19:30:00
-3.000300,-54.028200,GOES-19,2026-10-07 19:40:00
-3.000300,-54.028200,GOES-19,2026-10-07 19:50:00
-3.000300,-54.028200,GOES-19,2026-10-07 20:00:00
-3.000300,-54.028200,GOES-19,2026-10-07 20:10:00
-3.000300,-54.028200,GOES-19,2026-10-07 20:20:00
-3.000300,-54.028200,GOES-19,2026-10-07 20:30:00
-3.000300,-54.028200,GOES-19,2026-10-07 20:40:00
-3.000300,-54.028200,GOES-19,2026-10-07 20:50:00
-3.000300,-54.028200,GOES-19,2026-10-07 21:00:00
-3.257700,-54.001600,GOES-19,2026-10-07 19:00:00
-3.257700,-54.001600,GOES-19,2026-10-07 19:10:00
-3.257700,-54.001600,GOES-19,2026-10-07 19:20:00
-3.257700,-54.001600,GOES-19,2026-10-07 19:30:00
-3.257700,-54.001600,GOES-19,2026-10-07 19:40:00
-3.276100,-54.001100,GOES-19,2026-10-07 00:00:00
-3.276100,-54.001100,GOES-19,2026-10-07 00:10:00
-3.276100,-54.001100,GOES-19,2026-10-07 00:20:00
-3.276100,-54.001100,GOES-19,2026-10-07 00:30:00
-3.276100,-54.001100,GOES-19,2026-10-07 00:40:00
-3.276100,-54.001100,GOES-19,2026-10-07 00:50:00
-3.276100,-54.001100,GOES-19,2026-10-07 01:00:00
-3.276100,-54.001100,GOES-19,2026-10-07 04:20:00
-3.276100,-54.001100,GOES-19,2026-10-07 18:40:00
-3.276100,-54.001100,GOES-19,2026-10-07 18:50:00
-3.276100,-54.001100,GOES-19,2026-10-07 19:10:00
-3.276100,-54.001100,GOES-19,2026-10-07 19:20:00
-3.276100,-54.001100,GOES-19,2026-10-07 19:30:00
-3.276100,-54.001100,GOES-19,2026-10-07 19:40:00
-3.276100,-54.001100,GOES-19,2026-10-07 19:50:00
-3.276100,-54.001100,GOES-19,2026-10-07 20:00:00
-3.276100,-54.001100,GOES-19,2026-10-07 20:10:00
-3.276100,-54.001100,GOES-19,2026-10-07 20:20:00
-3.276100,-54.001100,GOES-19,2026-10-07 20:30:00
-3.276100,-54.001100,GOES-19,2026-10-07 20:40:00
-3.276100,-54.001100,GOES-19,2026-10-07 20:50:00
-3.276100,-54.001100,GOES-19,2026-10-07 21:00:00
-3.276100,-54.001100,GOES-19,2026-10-07 21:10:00
-3.276100,-54.001100,GOES-19,2026-10-07 21:20:00
-3.276100,-54.001100,GOES-19,2026-10-07 22:10:00
-3.276100,-54.001100,GOES-19,2026-10-07 22:20:00
-3.276100,-54.001100,GOES-19,2026-10-07 22:30:00
-3.276100,-54.001100,GOES-19,2026-10-07 22:40:00
-3.276100,-54.001100,GOES-19,2026-10-07 22:50:00
-3.276100,-54.001100,GOES-19,2026-10-07 23:00:00
-3.276100,-54.001100,GOES-19,2026-10-07 23:10:00
-3.276100,-54.001100,GOES-19,2026-10-07 23:20:00
-3.276100,-54.001100,GOES-19,2026-10-07 23:30:00
-3.276100,-54.001100,GOES-19,2026-10-07 23:40:00
-3.276100,-54.001100,GOES-19,2026-10-07 23:50:00
-3.294500,-54.000600,GOES-19,2026-10-07 00:00:00
-3.294500,-54.000600,GOES-19,2026-10-07 00:10:00
-3.294500,-54.000600,GOES-19,2026-10-07 00:20:00
-3.294500,-54.000600,GOES-19,2026-10-07 04:20:00
-3.294500,-54.000600,GOES-19,2026-10-07 18:40:00
-3.294500,-54.000600,GOES-19,2026-10-07 18:50:00
-3.294500,-54.000600,GOES-19,2026-10-07 19:00:00
-3.294500,-54.000600,GOES-19,2026-10-07 19:10:00
-3.294500,-54.000600,GOES-19,2026-10-07 19:20:00
-3.294500,-54.000600,GOES-19,2026-10-07 19:40:00
-3.294500,-54.000600,GOES-19,2026-10-07 19:50:00
-3.294500,-54.000600,GOES-19,2026-10-07 20:00:00
-3.294500,-54.000600,GOES-19,2026-10-07 20:10:00
-3.294500,-54.000600,GOES-19,2026-10-07 20:20:00
-3.294500,-54.000600,GOES-19,2026-10-07 20:30:00
-3.294500,-54.000600,GOES-19,2026-10-07 20:40:00
-3.294500,-54.000600,GOES-19,2026-10-07 20:50:00
-3.294500,-54.000600,GOES-19,2026-10-07 21:00:00
-3.294500,-54.000600,GOES-19,2026-10-07 21:10:00
-3.294500,-54.000600,GOES-19,2026-10-07 21:20:00
-3.294500,-54.000600,GOES-19,2026-10-07 22:10:00
-3.294500,-54.000600,GOES-19,2026-10-07 22:20:00
-3.294500,-54.000600,GOES-19,2026-10-07 22:30:00
-3.294500,-54.000600,GOES-19,2026-10-07 22:40:00
-3.294500,-54.000600,GOES-19,2026-10-07 22:50:00
-3.294500,-54.000600,GOES-19,2026-10-07 23:00:00
-3.294500,-54.000600,GOES-19,2026-10-07 23:10:00
-3.294500,-54.000600,GOES-19,2026-10-07 23:20:00
-3.294500,-54.000600,GOES-19,2026-10-07 23:30:00
-3.294500,-54.000600,GOES-19,2026-10-07 23:40:00
-3.294500,-54.000600,GOES-19,2026-10-07 23:50:00
-3.037300,-53.946900,GOES-19,2026-10-07 00:00:00
-3.037300,-53.946900,GOES-19,2026-10-07 00:10:00
-3.037300,-53.946900,GOES-19,2026-10-07 18:40:00
-3.037300,-53.946900,GOES-19,2026-10-07 18:50:00
-3.037300,-53.946900,GOES-19,2026-10-07 19:20:00
-3.037300,-53.946900,GOES-19,2026-10-07 19:30:00
-3.037300,-53.946900,GOES-19,2026-10-07 19:40:00
-3.037300,-53.946900,GOES-19,2026-10-07 19:50:00
-3.037300,-53.946900,GOES-19,2026-10-07 20:10:00
-3.037300,-53.946900,GOES-19,2026-10-07 20:20:00
-3.037300,-53.946900,GOES-19,2026-10-07 20:30:00
-3.037300,-53.946900,GOES-19,2026-10-07 20:40:00
-3.037300,-53.946900,GOES-19,2026-10-07 20:50:00
-3.037300,-53.946900,GOES-19,2026-10-07 21:00:00
-3.037300,-53.946900,GOES-19,2026-10-07 21:10:00
-3.037300,-53.946900,GOES-19,2026-10-07 21:20:00
-3.037300,-53.946900,GOES-19,2026-10-07 22:10:00
-3.037300,-53.946900,GOES-19,2026-10-07 22:20:00
-3.037300,-53.946900,GOES-19,2026-10-07 22:30:00
-3.037300,-53.946900,GOES-19,2026-10-07 22:40:00
-3.037300,-53.946900,GOES-19,2026-10-07 22:50:00
-3.037300,-53.946900,GOES-19,2026-10-07 23:00:00
-3.037300,-53.946900,GOES-19,2026-10-07 23:10:00
-3.037300,-53.946900,GOES-19,2026-10-07 23:20:00
-3.037300,-53.946900,GOES-19,2026-10-07 23:30:00
-3.037300,-53.946900,GOES-19,2026-10-07 23:40:00
-3.037300,-53.946900,GOES-19,2026-10-07 23:50:00
-3.055700,-53.946400,GOES-19,2026-10-07 00:00:00
-3.055700,-53.946400,GOES-19,2026-10-07 00:10:00
-3.055700,-53.946400,GOES-19,2026-10-07 19:20:00
-3.055700,-53.946400,GOES-19,2026-10-07 19:30:00
-3.055700,-53.946400,GOES-19,2026-10-07 19:40:00
-3.055700,-53.946400,GOES-19,2026-10-07 19:50:00
-3.055700,-53.946400,GOES-19,2026-10-07 20:00:00
-3.055700,-53.946400,GOES-19,2026-10-07 20:10:00
-3.055700,-53.946400,GOES-19,2026-10-07 20:20:00
-3.055700,-53.946400,GOES-19,2026-10-07 20:30:00
-3.055700,-53.946400,GOES-19,2026-10-07 20:40:00
-3.055700,-53.946400,GOES-19,2026-10-07 20:50:00
-3.055700,-53.946400,GOES-19,2026-10-07 21:00:00
-3.055700,-53.946400,GOES-19,2026-10-07 21:10:00
-3.055700,-53.946400,GOES-19,2026-10-07 21:20:00
-3.055700,-53.946400,GOES-19,2026-10-07 22:10:00
-2.945500,-53.929000,GOES-19,2026-10-07 18:30:00
-2.945500,-53.929000,GOES-19,2026-10-07 18:40:00
-2.945500,-53.929000,GOES-19,2026-10-07 19:20:00
-2.945500,-53.929000,GOES-19,2026-10-07 19:40:00
-3.019000,-53.927200,GOES-19,2026-10-07 18:30:00
-3.019000,-53.927200,GOES-19,2026-10-07 18:50:00
-3.019000,-53.927200,GOES-19,2026-10-07 19:00:00
-3.019000,-53.927200,GOES-19,2026-10-07 19:10:00
-3.019000,-53.927200,GOES-19,2026-10-07 19:20:00
-3.019000,-53.927200,GOES-19,2026-10-07 19:30:00
-3.019000,-53.927200,GOES-19,2026-10-07 19:40:00
-3.019000,-53.927200,GOES-19,2026-10-07 19:50:00
-3.019000,-53.927200,GOES-19,2026-10-07 20:00:00
-3.019000,-53.927200,GOES-19,2026-10-07 20:10:00
-3.019000,-53.927200,GOES-19,2026-10-07 20:20:00
-3.019000,-53.927200,GOES-19,2026-10-07 20:30:00
-3.019000,-53.927200,GOES-19,2026-10-07 20:40:00
-3.019000,-53.927200,GOES-19,2026-10-07 20:50:00
-3.019000,-53.927200,GOES-19,2026-10-07 21:00:00
-3.019000,-53.927200,GOES-19,2026-10-07 21:10:00
-3.019000,-53.927200,GOES-19,2026-10-07 21:20:00
-3.019000,-53.927200,GOES-19,2026-10-07 22:10:00
-3.019000,-53.927200,GOES-19,2026-10-07 22:20:00
-3.019000,-53.927200,GOES-19,2026-10-07 22:30:00
-3.019000,-53.927200,GOES-19,2026-10-07 22:40:00
-3.019000,-53.927200,GOES-19,2026-10-07 22:50:00
-3.019000,-53.927200,GOES-19,2026-10-07 23:00:00
-3.019000,-53.927200,GOES-19,2026-10-07 23:10:00
-3.019000,-53.927200,GOES-19,2026-10-07 23:20:00
-3.019000,-53.927200,GOES-19,2026-10-07 23:30:00
-3.019000,-53.927200,GOES-19,2026-10-07 23:40:00
-3.019000,-53.927200,GOES-19,2026-10-07 23:50:00
-3.037400,-53.926800,GOES-19,2026-10-07 00:00:00
-3.037400,-53.926800,GOES-19,2026-10-07 00:10:00
-3.037400,-53.926800,GOES-19,2026-10-07 18:30:00
-3.037400,-53.926800,GOES-19,2026-10-07 18:40:00
-3.037400,-53.926800,GOES-19,2026-10-07 18:50:00
-3.037400,-53.926800,GOES-19,2026-10-07 19:00:00
-3.037400,-53.926800,GOES-19,2026-10-07 19:10:00
-3.037400,-53.926800,GOES-19,2026-10-07 19:20:00
-3.037400,-53.926800,GOES-19,2026-10-07 19:30:00
-3.037400,-53.926800,GOES-19,2026-10-07 19:40:00
-3.037400,-53.926800,GOES-19,2026-10-07 19:50:00
-3.037400,-53.926800,GOES-19,2026-10-07 20:00:00
-3.037400,-53.926800,GOES-19,2026-10-07 20:10:00
-3.037400,-53.926800,GOES-19,2026-10-07 20:20:00
-3.037400,-53.926800,GOES-19,2026-10-07 20:30:00
-3.037400,-53.926800,GOES-19,2026-10-07 20:40:00
-3.037400,-53.926800,GOES-19,2026-10-07 20:50:00
-3.037400,-53.926800,GOES-19,2026-10-07 21:00:00
-3.037400,-53.926800,GOES-19,2026-10-07 21:10:00
-3.037400,-53.926800,GOES-19,2026-10-07 21:20:00
-3.037400,-53.926800,GOES-19,2026-10-07 22:10:00
-3.037400,-53.926800,GOES-19,2026-10-07 22:20:00
-3.037400,-53.926800,GOES-19,2026-10-07 22:30:00
-3.037400,-53.926800,GOES-19,2026-10-07 22:40:00
-3.037400,-53.926800,GOES-19,2026-10-07 22:50:00
-3.037400,-53.926800,GOES-19,2026-10-07 23:00:00
-3.037400,-53.926800,GOES-19,2026-10-07 23:10:00
-3.037400,-53.926800,GOES-19,2026-10-07 23:20:00
-3.037400,-53.926800,GOES-19,2026-10-07 23:30:00
-3.037400,-53.926800,GOES-19,2026-10-07 23:40:00
-3.037400,-53.926800,GOES-19,2026-10-07 23:50:00
-3.055800,-53.926300,GOES-19,2026-10-07 00:00:00
-3.055800,-53.926300,GOES-19,2026-10-07 00:10:00
-3.055800,-53.926300,GOES-19,2026-10-07 18:30:00
-3.055800,-53.926300,GOES-19,2026-10-07 18:40:00
-3.055800,-53.926300,GOES-19,2026-10-07 18:50:00
-3.055800,-53.926300,GOES-19,2026-10-07 19:10:00
-3.055800,-53.926300,GOES-19,2026-10-07 19:20:00
-3.055800,-53.926300,GOES-19,2026-10-07 19:30:00
-3.055800,-53.926300,GOES-19,2026-10-07 19:40:00
-3.055800,-53.926300,GOES-19,2026-10-07 19:50:00
-3.055800,-53.926300,GOES-19,2026-10-07 20:00:00
-3.055800,-53.926300,GOES-19,2026-10-07 20:10:00
-3.055800,-53.926300,GOES-19,2026-10-07 20:20:00
-3.055800,-53.926300,GOES-19,2026-10-07 20:30:00
-3.055800,-53.926300,GOES-19,2026-10-07 20:40:00
-3.055800,-53.926300,GOES-19,2026-10-07 20:50:00
-3.055800,-53.926300,GOES-19,2026-10-07 21:00:00
-3.055800,-53.926300,GOES-19,2026-10-07 21:10:00
-3.055800,-53.926300,GOES-19,2026-10-07 21:20:00
-3.055800,-53.926300,GOES-19,2026-10-07 22:10:00
-3.055800,-53.926300,GOES-19,2026-10-07 22:20:00
-3.055800,-53.926300,GOES-19,2026-10-07 22:30:00
-3.055800,-53.926300,GOES-19,2026-10-07 22:40:00
-3.055800,-53.926300,GOES-19,2026-10-07 22:50:00
-3.055800,-53.926300,GOES-19,2026-10-07 23:00:00
-3.055800,-53.926300,GOES-19,2026-10-07 23:10:00
-3.055800,-53.926300,GOES-19,2026-10-07 23:20:00
-3.055800,-53.926300,GOES-19,2026-10-07 23:30:00
-3.055800,-53.926300,GOES-19,2026-10-07 23:40:00
-3.055800,-53.926300,GOES-19,2026-10-07 23:50:00
-3.000700,-53.907500,GOES-19,2026-10-07 20:30:00
-3.000700,-53.907500,GOES-19,2026-10-07 20:40:00
-3.000700,-53.907500,GOES-19,2026-10-07 22:10:00
-3.019100,-53.907100,GOES-19,2026-10-07 18:30:00
-3.019100,-53.907100,GOES-19,2026-10-07 18:40:00
-3.019100,-53.907100,GOES-19,2026-10-07 18:50:00
-3.019100,-53.907100,GOES-19,2026-10-07 19:00:00
-3.019100,-53.907100,GOES-19,2026-10-07 19:10:00
-3.019100,-53.907100,GOES-19,2026-10-07 19:20:00
-3.019100,-53.907100,GOES-19,2026-10-07 19:30:00
-3.019100,-53.907100,GOES-19,2026-10-07 19:40:00
-3.019100,-53.907100,GOES-19,2026-10-07 19:50:00
-3.019100,-53.907100,GOES-19,2026-10-07 20:00:00
-3.019100,-53.907100,GOES-19,2026-10-07 20:10:00
-3.019100,-53.907100,GOES-19,2026-10-07 20:20:00
-3.019100,-53.907100,GOES-19,2026-10-07 20:30:00
-3.019100,-53.907100,GOES-19,2026-10-07 20:40:00
-3.019100,-53.907100,GOES-19,2026-10-07 20:50:00
-3.019100,-53.907100,GOES-19,2026-10-07 21:00:00
-3.019100,-53.907100,GOES-19,2026-10-07 21:10:00
-3.019100,-53.907100,GOES-19,2026-10-07 21:20:00
-3.019100,-53.907100,GOES-19,2026-10-07 22:10:00
-3.019100,-53.907100,GOES-19,2026-10-07 22:20:00
-3.019100,-53.907100,GOES-19,2026-10-07 22:30:00
-3.019100,-53.907100,GOES-19,2026-10-07 22:40:00
-3.019100,-53.907100,GOES-19,2026-10-07 22:50:00
-3.019100,-53.907100,GOES-19,2026-10-07 23:00:00
-3.019100,-53.907100,GOES-19,2026-10-07 23:10:00
-3.019100,-53.907100,GOES-19,2026-10-07 23:20:00
-3.019100,-53.907100,GOES-19,2026-10-07 23:30:00
-3.019100,-53.907100,GOES-19,2026-10-07 23:40:00
-3.019100,-53.907100,GOES-19,2026-10-07 23:50:00
-3.037500,-53.906600,GOES-19,2026-10-07 00:00:00
-3.037500,-53.906600,GOES-19,2026-10-07 00:10:00
-3.037500,-53.906600,GOES-19,2026-10-07 18:30:00
-3.037500,-53.906600,GOES-19,2026-10-07 18:40:00
-3.037500,-53.906600,GOES-19,2026-10-07 18:50:00
-3.037500,-53.906600,GOES-19,2026-10-07 19:00:00
-3.037500,-53.906600,GOES-19,2026-10-07 19:10:00
-3.037500,-53.906600,GOES-19,2026-10-07 19:20:00
-3.037500,-53.906600,GOES-19,2026-10-07 19:30:00
-3.037500,-53.906600,GOES-19,2026-10-07 19:40:00
-3.037500,-53.906600,GOES-19,2026-10-07 19:50:00
-3.037500,-53.906600,GOES-19,2026-10-07 20:00:00
-3.037500,-53.906600,GOES-19,2026-10-07 20:10:00
-3.037500,-53.906600,GOES-19,2026-10-07 20:20:00
-3.037500,-53.906600,GOES-19,2026-10-07 20:30:00
-3.037500,-53.906600,GOES-19,2026-10-07 20:40:00
-3.037500,-53.906600,GOES-19,2026-10-07 20:50:00
-3.037500,-53.906600,GOES-19,2026-10-07 21:00:00
-3.037500,-53.906600,GOES-19,2026-10-07 21:10:00
-3.037500,-53.906600,GOES-19,2026-10-07 21:20:00
-3.037500,-53.906600,GOES-19,2026-10-07 22:10:00
-3.037500,-53.906600,GOES-19,2026-10-07 22:20:00
-3.037500,-53.906600,GOES-19,2026-10-07 22:30:00
-3.037500,-53.906600,GOES-19,2026-10-07 22:40:00
-3.037500,-53.906600,GOES-19,2026-10-07 22:50:00
-3.037500,-53.906600,GOES-19,2026-10-07 23:00:00
-3.037500,-53.906600,GOES-19,2026-10-07 23:10:00
-3.037500,-53.906600,GOES-19,2026-10-07 23:20:00
-3.037500,-53.906600,GOES-19,2026-10-07 23:30:00
-3.037500,-53.906600,GOES-19,2026-10-07 23:40:00
-3.037500,-53.906600,GOES-19,2026-10-07 23:50:00
-3.055900,-53.906200,GOES-19,2026-10-07 00:00:00
-3.055900,-53.906200,GOES-19,2026-10-07 00:10:00
-3.055900,-53.906200,GOES-19,2026-10-07 18:30:00
-3.055900,-53.906200,GOES-19,2026-10-07 18:40:00
-3.055900,-53.906200,GOES-19,2026-10-07 18:50:00
-3.055900,-53.906200,GOES-19,2026-10-07 19:00:00
-3.055900,-53.906200,GOES-19,2026-10-07 19:10:00
-3.055900,-53.906200,GOES-19,2026-10-07 19:20:00
-3.055900,-53.906200,GOES-19,2026-10-07 19:30:00
-3.055900,-53.906200,GOES-19,2026-10-07 19:40:00
-3.055900,-53.906200,GOES-19,2026-10-07 19:50:00
-3.055900,-53.906200,GOES-19,2026-10-07 20:00:00
-3.055900,-53.906200,GOES-19,2026-10-07 20:10:00
-3.055900,-53.906200,GOES-19,2026-10-07 20:20:00
-3.055900,-53.906200,GOES-19,2026-10-07 20:30:00
-3.055900,-53.906200,GOES-19,2026-10-07 20:40:00
-3.055900,-53.906200,GOES-19,2026-10-07 20:50:00
-3.055900,-53.906200,GOES-19,2026-10-07 21:00:00
-3.055900,-53.906200,GOES-19,2026-10-07 21:10:00
-3.055900,-53.906200,GOES-19,2026-10-07 21:20:00
-3.055900,-53.906200,GOES-19,2026-10-07 22:10:00
-3.055900,-53.906200,GOES-19,2026-10-07 22:20:00
-3.055900,-53.906200,GOES-19,2026-10-07 22:30:00
-3.055900,-53.906200,GOES-19,2026-10-07 22:40:00
-3.055900,-53.906200,GOES-19,2026-10-07 22:50:00
-3.055900,-53.906200,GOES-19,2026-10-07 23:00:00
-3.055900,-53.906200,GOES-19,2026-10-07 23:10:00
-3.055900,-53.906200,GOES-19,2026-10-07 23:20:00
-3.055900,-53.906200,GOES-19,2026-10-07 23:30:00
-3.055900,-53.906200,GOES-19,2026-10-07 23:40:00
-3.055900,-53.906200,GOES-19,2026-10-07 23:50:00
-3.019200,-53.887000,GOES-19,2026-10-07 18:30:00
-3.019200,-53.887000,GOES-19,2026-10-07 18:40:00
-3.019200,-53.887000,GOES-19,2026-10-07 18:50:00
-3.019200,-53.887000,GOES-19,2026-10-07 19:00:00
-3.019200,-53.887000,GOES-19,2026-10-07 19:10:00
-3.019200,-53.887000,GOES-19,2026-10-07 19:20:00
-3.019200,-53.887000,GOES-19,2026-10-07 19:30:00
-3.019200,-53.887000,GOES-19,2026-10-07 20:00:00
-3.019200,-53.887000,GOES-19,2026-10-07 20:10:00
-3.019200,-53.887000,GOES-19,2026-10-07 20:20:00
-3.019200,-53.887000,GOES-19,2026-10-07 20:30:00
-3.019200,-53.887000,GOES-19,2026-10-07 20:40:00
-3.037500,-53.886500,GOES-19,2026-10-07 00:00:00
-3.037500,-53.886500,GOES-19,2026-10-07 00:10:00
-3.037500,-53.886500,GOES-19,2026-10-07 18:30:00
-3.037500,-53.886500,GOES-19,2026-10-07 18:40:00
-3.037500,-53.886500,GOES-19,2026-10-07 18:50:00
-3.037500,-53.886500,GOES-19,2026-10-07 19:00:00
-3.037500,-53.886500,GOES-19,2026-10-07 19:10:00
-3.037500,-53.886500,GOES-19,2026-10-07 19:20:00
-3.037500,-53.886500,GOES-19,2026-10-07 19:30:00
-3.037500,-53.886500,GOES-19,2026-10-07 19:40:00
-3.037500,-53.886500,GOES-19,2026-10-07 19:50:00
-3.037500,-53.886500,GOES-19,2026-10-07 20:00:00
-3.037500,-53.886500,GOES-19,2026-10-07 20:10:00
-3.037500,-53.886500,GOES-19,2026-10-07 20:20:00
-3.037500,-53.886500,GOES-19,2026-10-07 20:30:00
-3.037500,-53.886500,GOES-19,2026-10-07 20:40:00
-3.037500,-53.886500,GOES-19,2026-10-07 20:50:00
-3.037500,-53.886500,GOES-19,2026-10-07 21:00:00
-3.037500,-53.886500,GOES-19,2026-10-07 21:10:00
-3.037500,-53.886500,GOES-19,2026-10-07 21:20:00
-3.055900,-53.886000,GOES-19,2026-10-07 18:30:00
-3.055900,-53.886000,GOES-19,2026-10-07 18:40:00
-3.055900,-53.886000,GOES-19,2026-10-07 19:00:00
-3.055900,-53.886000,GOES-19,2026-10-07 19:10:00
-3.055900,-53.886000,GOES-19,2026-10-07 19:20:00
-3.055900,-53.886000,GOES-19,2026-10-07 19:30:00
-3.055900,-53.886000,GOES-19,2026-10-07 19:40:00
-3.055900,-53.886000,GOES-19,2026-10-07 20:00:00
-3.055900,-53.886000,GOES-19,2026-10-07 20:20:00
-3.055900,-53.886000,GOES-19,2026-10-07 21:00:00
-3.055900,-53.886000,GOES-19,2026-10-07 22:10:00
-3.055900,-53.886000,GOES-19,2026-10-07 22:20:00
-3.294900,-53.879800,GOES-19,2026-10-07 15:10:00
-3.294900,-53.879800,GOES-19,2026-10-07 15:20:00
-3.294900,-53.879800,GOES-19,2026-10-07 18:40:00
-3.313300,-53.879300,GOES-19,2026-10-07 15:10:00
-3.313300,-53.879300,GOES-19,2026-10-07 15:20:00
-3.313300,-53.879300,GOES-19,2026-10-07 18:40:00
-3.313300,-53.879300,GOES-19,2026-10-07 18:50:00
-3.166400,-53.842900,GOES-19,2026-10-07 18:30:00
-3.166400,-53.842900,GOES-19,2026-10-07 18:40:00
-3.166400,-53.842900,GOES-19,2026-10-07 19:40:00
-3.111400,-53.804100,GOES-19,2026-10-07 19:30:00
-3.111400,-53.804100,GOES-19,2026-10-07 19:40:00
-3.111400,-53.804100,GOES-19,2026-10-07 19:50:00
-3.111400,-53.804100,GOES-19,2026-10-07 20:00:00
-3.111400,-53.804100,GOES-19,2026-10-07 20:10:00
-3.111400,-53.804100,GOES-19,2026-10-07 23:40:00
-3.129700,-53.803600,GOES-19,2026-10-07 19:00:00
-3.129700,-53.803600,GOES-19,2026-10-07 19:10:00
-3.129700,-53.803600,GOES-19,2026-10-07 19:50:00
-3.129700,-53.803600,GOES-19,2026-10-07 23:40:00
-3.093000,-53.784400,GOES-19,2026-10-07 19:00:00
-3.093000,-53.784400,GOES-19,2026-10-07 19:10:00
-3.093000,-53.784400,GOES-19,2026-10-07 19:20:00
-3.093000,-53.784400,GOES-19,2026-10-07 19:30:00
-3.093000,-53.784400,GOES-19,2026-10-07 19:40:00
-3.093000,-53.784400,GOES-19,2026-10-07 19:50:00
-3.093000,-53.784400,GOES-19,2026-10-07 20:00:00
-3.093000,-53.784400,GOES-19,2026-10-07 20:10:00
-3.093000,-53.784400,GOES-19,2026-10-07 23:40:00
-3.111400,-53.783900,GOES-19,2026-10-07 15:00:00
-3.111400,-53.783900,GOES-19,2026-10-07 15:10:00
-3.111400,-53.783900,GOES-19,2026-10-07 15:20:00
-3.111400,-53.783900,GOES-19,2026-10-07 19:10:00
-3.111400,-53.783900,GOES-19,2026-10-07 19:30:00
-3.111400,-53.783900,GOES-19,2026-10-07 19:40:00
-3.111400,-53.783900,GOES-19,2026-10-07 19:50:00
-3.111400,-53.783900,GOES-19,2026-10-07 20:00:00
-3.111400,-53.783900,GOES-19,2026-10-07 20:10:00
-3.111400,-53.783900,GOES-19,2026-10-07 23:40:00
-3.129800,-53.783400,GOES-19,2026-10-07 15:10:00
-3.129800,-53.783400,GOES-19,2026-10-07 19:00:00
-3.129800,-53.783400,GOES-19,2026-10-07 19:30:00
-3.129800,-53.783400,GOES-19,2026-10-07 19:40:00
-3.129800,-53.783400,GOES-19,2026-10-07 19:50:00
-3.129800,-53.783400,GOES-19,2026-10-07 20:00:00
-3.129800,-53.783400,GOES-19,2026-10-07 20:10:00
-3.129800,-53.783400,GOES-19,2026-10-07 23:40:00
-3.093100,-53.764200,GOES-19,2026-10-07 18:50:00
-3.093100,-53.764200,GOES-19,2026-10-07 19:00:00
-3.093100,-53.764200,GOES-19,2026-10-07 19:10:00
-3.093100,-53.764200,GOES-19,2026-10-07 19:20:00
-3.093100,-53.764200,GOES-19,2026-10-07 19:30:00
-3.093100,-53.764200,GOES-19,2026-10-07 19:40:00
-3.093100,-53.764200,GOES-19,2026-10-07 19:50:00
-3.093100,-53.764200,GOES-19,2026-10-07 20:00:00
-3.093100,-53.764200,GOES-19,2026-10-07 20:10:00
-3.093100,-53.764200,GOES-19,2026-10-07 23:40:00
-3.111500,-53.763700,GOES-19,2026-10-07 15:00:00
-3.111500,-53.763700,GOES-19,2026-10-07 15:10:00
-3.111500,-53.763700,GOES-19,2026-10-07 15:20:00
-3.111500,-53.763700,GOES-19,2026-10-07 18:50:00
-3.111500,-53.763700,GOES-19,2026-10-07 19:00:00
-3.111500,-53.763700,GOES-19,2026-10-07 19:10:00
-3.111500,-53.763700,GOES-19,2026-10-07 19:20:00
-3.111500,-53.763700,GOES-19,2026-10-07 19:30:00
-3.111500,-53.763700,GOES-19,2026-10-07 19:40:00
-3.111500,-53.763700,GOES-19,2026-10-07 19:50:00
-3.111500,-53.763700,GOES-19,2026-10-07 20:00:00
-3.111500,-53.763700,GOES-19,2026-10-07 20:10:00
-3.111500,-53.763700,GOES-19,2026-10-07 23:40:00
-3.129900,-53.763300,GOES-19,2026-10-07 15:00:00
-3.129900,-53.763300,GOES-19,2026-10-07 15:10:00
-3.129900,-53.763300,GOES-19,2026-10-07 15:20:00
-3.129900,-53.763300,GOES-19,2026-10-07 18:50:00
-3.129900,-53.763300,GOES-19,2026-10-07 19:00:00
-3.129900,-53.763300,GOES-19,2026-10-07 19:10:00
-3.129900,-53.763300,GOES-19,2026-10-07 19:20:00
-3.129900,-53.763300,GOES-19,2026-10-07 19:30:00
-3.129900,-53.763300,GOES-19,2026-10-07 19:40:00
-3.129900,-53.763300,GOES-19,2026-10-07 19:50:00
-3.129900,-53.763300,GOES-19,2026-10-07 20:00:00
-3.129900,-53.763300,GOES-19,2026-10-07 20:10:00
-3.093200,-53.744100,GOES-19,2026-10-07 15:10:00
-3.093200,-53.744100,GOES-19,2026-10-07 15:20:00
-3.093200,-53.744100,GOES-19,2026-10-07 19:00:00
-3.093200,-53.744100,GOES-19,2026-10-07 19:10:00
-3.093200,-53.744100,GOES-19,2026-10-07 19:20:00
-3.093200,-53.744100,GOES-19,2026-10-07 19:30:00
-3.093200,-53.744100,GOES-19,2026-10-07 19:40:00
-3.093200,-53.744100,GOES-19,2026-10-07 20:00:00
-3.111600,-53.743600,GOES-19,2026-10-07 18:50:00
-3.111600,-53.743600,GOES-19,2026-10-07 19:10:00
-3.111600,-53.743600,GOES-19,2026-10-07 19:20:00
-3.111600,-53.743600,GOES-19,2026-10-07 19:30:00
-3.111600,-53.743600,GOES-19,2026-10-07 19:40:00
-3.111600,-53.743600,GOES-19,2026-10-07 19:50:00
-5.877200,-53.640400,GOES-19,2026-10-07 19:10:00
-3.148400,-53.722500,GOES-19,2026-10-07 18:50:00
-3.148400,-53.722500,GOES-19,2026-10-07 19:00:00
-3.148400,-53.722500,GOES-19,2026-10-07 19:10:00
-3.148400,-53.722500,GOES-19,2026-10-07 19:20:00
-3.148400,-53.722500,GOES-19,2026-10-07 19:30:00
-3.148400,-53.722500,GOES-19,2026-10-07 19:40:00
-3.093200,-53.723900,GOES-19,2026-10-07 15:10:00
-3.093200,-53.723900,GOES-19,2026-10-07 15:20:00
-3.093200,-53.723900,GOES-19,2026-10-07 19:00:00
-0.999800,-53.739200,GOES-19,2026-10-07 18:30:00
-0.999800,-53.739200,GOES-19,2026-10-07 18:40:00
-0.999800,-53.739200,GOES-19,2026-10-07 18:50:00
-0.999800,-53.739200,GOES-19,2026-10-07 19:00:00
-0.999800,-53.739200,GOES-19,2026-10-07 19:10:00
-0.999800,-53.739200,GOES-19,2026-10-07 19:20:00
-3.111700,-53.703200,GOES-19,2026-10-07 15:00:00
-3.111700,-53.703200,GOES-19,2026-10-07 15:10:00
-3.111700,-53.703200,GOES-19,2026-10-07 15:20:00
-3.130100,-53.702800,GOES-19,2026-10-07 15:00:00
-3.130100,-53.702800,GOES-19,2026-10-07 15:10:00
-3.130100,-53.702800,GOES-19,2026-10-07 15:20:00
-5.896500,-53.517800,GOES-19,2026-10-07 18:40:00
-5.896500,-53.517800,GOES-19,2026-10-07 18:50:00
-5.933500,-53.515900,GOES-19,2026-10-07 18:00:00
-5.896600,-53.497500,GOES-19,2026-10-07 18:30:00
-5.896600,-53.497500,GOES-19,2026-10-07 18:40:00
-5.896600,-53.497500,GOES-19,2026-10-07 18:50:00
-5.693100,-53.507300,GOES-19,2026-10-07 18:40:00
-5.693100,-53.507300,GOES-19,2026-10-07 19:00:00
-5.674800,-53.487900,GOES-19,2026-10-07 18:40:00
-5.674800,-53.487900,GOES-19,2026-10-07 18:50:00
-5.674800,-53.487900,GOES-19,2026-10-07 19:00:00
-5.693200,-53.487000,GOES-19,2026-10-07 18:40:00
-5.693200,-53.487000,GOES-19,2026-10-07 18:50:00
-5.693200,-53.487000,GOES-19,2026-10-07 19:00:00
-5.693400,-53.466700,GOES-19,2026-10-07 15:20:00
-5.693400,-53.466700,GOES-19,2026-10-07 18:30:00
-5.693400,-53.466700,GOES-19,2026-10-07 18:40:00
-5.693400,-53.466700,GOES-19,2026-10-07 18:50:00
-5.693400,-53.466700,GOES-19,2026-10-07 19:00:00
-5.730400,-53.465000,GOES-19,2026-10-07 18:40:00
-5.730400,-53.465000,GOES-19,2026-10-07 18:50:00
-5.730400,-53.465000,GOES-19,2026-10-07 19:00:00
-5.748900,-53.464100,GOES-19,2026-10-07 18:40:00
-5.748900,-53.464100,GOES-19,2026-10-07 18:50:00
-5.748900,-53.464100,GOES-19,2026-10-07 19:00:00
-3.351400,-53.535200,GOES-19,2026-10-07 18:10:00
-5.730500,-53.444600,GOES-19,2026-10-07 18:40:00
-5.730500,-53.444600,GOES-19,2026-10-07 18:50:00
-5.730500,-53.444600,GOES-19,2026-10-07 19:00:00
-5.749000,-53.443700,GOES-19,2026-10-07 18:30:00
-5.749000,-53.443700,GOES-19,2026-10-07 18:50:00
-5.749000,-53.443700,GOES-19,2026-10-07 19:00:00
-3.223200,-53.376900,GOES-19,2026-10-07 19:40:00
-6.195100,-53.156600,GOES-19,2026-10-07 18:30:00
-6.195100,-53.156600,GOES-19,2026-10-07 19:00:00
-6.195100,-53.156600,GOES-19,2026-10-07 19:10:00
-6.195100,-53.156600,GOES-19,2026-10-07 19:20:00
-6.195100,-53.156600,GOES-19,2026-10-07 19:40:00
-6.195100,-53.156600,GOES-19,2026-10-07 19:50:00
-6.140100,-53.077900,GOES-19,2026-10-07 19:00:00
-6.140100,-53.077900,GOES-19,2026-10-07 19:10:00
-6.140100,-53.077900,GOES-19,2026-10-07 19:20:00
-6.140100,-53.077900,GOES-19,2026-10-07 19:30:00
-6.140100,-53.077900,GOES-19,2026-10-07 19:50:00
-6.585200,-53.033100,GOES-19,2026-10-07 19:10:00
-6.603700,-53.032100,GOES-19,2026-10-07 19:10:00
-6.622300,-53.031000,GOES-19,2026-10-07 19:10:00
-3.040000,-53.158800,GOES-19,2026-10-07 15:00:00
-3.040000,-53.158800,GOES-19,2026-10-07 15:10:00
-3.040000,-53.158800,GOES-19,2026-10-07 15:20:00
-3.058400,-53.158400,GOES-19,2026-10-07 15:10:00
-3.058400,-53.158400,GOES-19,2026-10-07 15:20:00
-6.585300,-53.012700,GOES-19,2026-10-07 19:10:00
-6.603900,-53.011600,GOES-19,2026-10-07 19:10:00
-6.622400,-53.010500,GOES-19,2026-10-07 19:10:00
-6.604000,-52.991100,GOES-19,2026-10-07 19:10:00
-6.622600,-52.990100,GOES-19,2026-10-07 19:10:00
-6.660000,-52.947000,GOES-19,2026-10-07 18:30:00
-6.660000,-52.947000,GOES-19,2026-10-07 18:50:00
-6.660000,-52.947000,GOES-19,2026-10-07 19:10:00
-6.734300,-52.942700,GOES-19,2026-10-07 19:00:00
-6.178300,-52.912400,GOES-19,2026-10-07 18:30:00
-6.252600,-52.887900,GOES-19,2026-10-07 22:10:00
-6.252600,-52.887900,GOES-19,2026-10-07 22:20:00
-6.252600,-52.887900,GOES-19,2026-10-07 22:30:00
-6.252600,-52.887900,GOES-19,2026-10-07 23:00:00
-6.252600,-52.887900,GOES-19,2026-10-07 23:20:00
-6.252600,-52.887900,GOES-19,2026-10-07 23:30:00
-6.252600,-52.887900,GOES-19,2026-10-07 23:40:00
-6.215700,-52.869500,GOES-19,2026-10-07 22:10:00
-6.215700,-52.869500,GOES-19,2026-10-07 22:20:00
-6.215700,-52.869500,GOES-19,2026-10-07 22:30:00
-6.215700,-52.869500,GOES-19,2026-10-07 22:40:00
-6.215700,-52.869500,GOES-19,2026-10-07 22:50:00
-6.215700,-52.869500,GOES-19,2026-10-07 23:00:00
-6.215700,-52.869500,GOES-19,2026-10-07 23:10:00
-6.215700,-52.869500,GOES-19,2026-10-07 23:20:00
-6.215700,-52.869500,GOES-19,2026-10-07 23:30:00
-6.215700,-52.869500,GOES-19,2026-10-07 23:40:00
-6.234200,-52.868500,GOES-19,2026-10-07 22:10:00
-6.234200,-52.868500,GOES-19,2026-10-07 22:20:00
-6.234200,-52.868500,GOES-19,2026-10-07 22:30:00
-6.234200,-52.868500,GOES-19,2026-10-07 22:40:00
-6.234200,-52.868500,GOES-19,2026-10-07 22:50:00
-6.234200,-52.868500,GOES-19,2026-10-07 23:00:00
-6.234200,-52.868500,GOES-19,2026-10-07 23:10:00
-6.234200,-52.868500,GOES-19,2026-10-07 23:20:00
-6.234200,-52.868500,GOES-19,2026-10-07 23:30:00
-6.234200,-52.868500,GOES-19,2026-10-07 23:40:00
-6.252700,-52.867500,GOES-19,2026-10-07 22:10:00
-6.252700,-52.867500,GOES-19,2026-10-07 22:20:00
-6.252700,-52.867500,GOES-19,2026-10-07 22:30:00
-6.252700,-52.867500,GOES-19,2026-10-07 22:40:00
-6.252700,-52.867500,GOES-19,2026-10-07 22:50:00
-6.252700,-52.867500,GOES-19,2026-10-07 23:00:00
-6.252700,-52.867500,GOES-19,2026-10-07 23:10:00
-6.252700,-52.867500,GOES-19,2026-10-07 23:20:00
-6.252700,-52.867500,GOES-19,2026-10-07 23:30:00
-6.252700,-52.867500,GOES-19,2026-10-07 23:40:00
-6.197300,-52.850000,GOES-19,2026-10-07 14:50:00
-6.197300,-52.850000,GOES-19,2026-10-07 15:10:00
-6.215800,-52.849000,GOES-19,2026-10-07 22:10:00
-6.215800,-52.849000,GOES-19,2026-10-07 22:20:00
-6.215800,-52.849000,GOES-19,2026-10-07 22:30:00
-6.215800,-52.849000,GOES-19,2026-10-07 22:40:00
-6.215800,-52.849000,GOES-19,2026-10-07 22:50:00
-6.215800,-52.849000,GOES-19,2026-10-07 23:00:00
-6.215800,-52.849000,GOES-19,2026-10-07 23:10:00
-6.215800,-52.849000,GOES-19,2026-10-07 23:20:00
-6.215800,-52.849000,GOES-19,2026-10-07 23:30:00
-6.215800,-52.849000,GOES-19,2026-10-07 23:40:00
-6.234300,-52.848000,GOES-19,2026-10-07 22:10:00
-6.234300,-52.848000,GOES-19,2026-10-07 22:20:00
-6.234300,-52.848000,GOES-19,2026-10-07 22:30:00
-6.234300,-52.848000,GOES-19,2026-10-07 22:40:00
-6.234300,-52.848000,GOES-19,2026-10-07 22:50:00
-6.234300,-52.848000,GOES-19,2026-10-07 23:00:00
-6.234300,-52.848000,GOES-19,2026-10-07 23:10:00
-6.234300,-52.848000,GOES-19,2026-10-07 23:20:00
-6.234300,-52.848000,GOES-19,2026-10-07 23:30:00
-6.234300,-52.848000,GOES-19,2026-10-07 23:40:00
-6.252900,-52.847000,GOES-19,2026-10-07 22:10:00
-6.252900,-52.847000,GOES-19,2026-10-07 22:20:00
-6.252900,-52.847000,GOES-19,2026-10-07 22:30:00
-6.252900,-52.847000,GOES-19,2026-10-07 22:40:00
-6.252900,-52.847000,GOES-19,2026-10-07 22:50:00
-6.252900,-52.847000,GOES-19,2026-10-07 23:00:00
-6.252900,-52.847000,GOES-19,2026-10-07 23:10:00
-6.252900,-52.847000,GOES-19,2026-10-07 23:20:00
-6.252900,-52.847000,GOES-19,2026-10-07 23:30:00
-6.252900,-52.847000,GOES-19,2026-10-07 23:40:00
-6.197400,-52.829500,GOES-19,2026-10-07 14:50:00
-6.197400,-52.829500,GOES-19,2026-10-07 15:10:00
-6.215900,-52.828500,GOES-19,2026-10-07 14:50:00
-6.215900,-52.828500,GOES-19,2026-10-07 15:10:00
-6.234500,-52.827500,GOES-19,2026-10-07 14:10:00
-6.234500,-52.827500,GOES-19,2026-10-07 14:20:00
-6.234500,-52.827500,GOES-19,2026-10-07 14:30:00
-6.234500,-52.827500,GOES-19,2026-10-07 14:40:00
-6.234500,-52.827500,GOES-19,2026-10-07 15:10:00
-6.234500,-52.827500,GOES-19,2026-10-07 17:50:00
-6.216100,-52.808000,GOES-19,2026-10-07 14:50:00
-6.216100,-52.808000,GOES-19,2026-10-07 15:10:00
-6.197700,-52.788600,GOES-19,2026-10-07 14:50:00
-6.197700,-52.788600,GOES-19,2026-10-07 15:10:00
-6.216200,-52.787600,GOES-19,2026-10-07 14:50:00
-6.124000,-52.731100,GOES-19,2026-10-07 18:10:00
-6.124200,-52.710600,GOES-19,2026-10-07 18:10:00
-1.423300,-52.844500,GOES-19,2026-10-07 15:20:00
-1.423300,-52.844500,GOES-19,2026-10-07 15:30:00
-6.439500,-52.672700,GOES-19,2026-10-07 18:30:00
-6.235700,-52.663500,GOES-19,2026-10-07 18:40:00
-6.235700,-52.663500,GOES-19,2026-10-07 18:50:00
-6.161700,-52.647100,GOES-19,2026-10-07 14:50:00
-6.161700,-52.647100,GOES-19,2026-10-07 18:50:00
-10.293600,-52.053900,GOES-19,2026-10-07 19:30:00
-5.793200,-52.358500,GOES-19,2026-10-07 18:30:00
-5.793200,-52.358500,GOES-19,2026-10-07 18:50:00
-5.811800,-52.357500,GOES-19,2026-10-07 18:50:00
-3.817400,-52.196700,GOES-19,2026-10-07 18:40:00
-6.946800,-51.920900,GOES-19,2026-10-07 18:30:00
-6.946800,-51.920900,GOES-19,2026-10-07 18:50:00
-6.946800,-51.920900,GOES-19,2026-10-07 19:10:00
-6.946800,-51.920900,GOES-19,2026-10-07 19:20:00
-6.965400,-51.919700,GOES-19,2026-10-07 18:40:00
-6.129700,-51.948700,GOES-19,2026-10-07 18:00:00
-6.129700,-51.948700,GOES-19,2026-10-07 18:10:00
-6.129700,-51.948700,GOES-19,2026-10-07 18:30:00
-6.129700,-51.948700,GOES-19,2026-10-07 18:40:00
-6.129700,-51.948700,GOES-19,2026-10-07 18:50:00
-6.129700,-51.948700,GOES-19,2026-10-07 19:10:00
-6.129700,-51.948700,GOES-19,2026-10-07 19:20:00
-6.129700,-51.948700,GOES-19,2026-10-07 19:30:00
-6.129700,-51.948700,GOES-19,2026-10-07 19:40:00
-6.148200,-51.947700,GOES-19,2026-10-07 18:10:00
-6.148200,-51.947700,GOES-19,2026-10-07 18:30:00
-6.129800,-51.928100,GOES-19,2026-10-07 18:30:00
-0.431900,-52.056100,GOES-19,2026-10-07 15:20:00
-9.377000,-51.655600,GOES-19,2026-10-07 18:20:00
-3.837000,-51.928700,GOES-19,2026-10-07 18:20:00
-3.837000,-51.928700,GOES-19,2026-10-07 19:00:00
-3.855500,-51.928000,GOES-19,2026-10-07 18:50:00
-3.855500,-51.928000,GOES-19,2026-10-07 19:00:00
-3.855500,-51.928000,GOES-19,2026-10-07 19:10:00
-3.855500,-51.928000,GOES-19,2026-10-07 19:40:00
-3.855500,-51.928000,GOES-19,2026-10-07 19:50:00
-6.038400,-51.746900,GOES-19,2026-10-07 18:40:00
-6.038400,-51.746900,GOES-19,2026-10-07 19:00:00
-6.038400,-51.746900,GOES-19,2026-10-07 19:10:00
-6.038400,-51.746900,GOES-19,2026-10-07 19:20:00
-6.038400,-51.746900,GOES-19,2026-10-07 19:30:00
-6.038400,-51.746900,GOES-19,2026-10-07 19:40:00
-6.038400,-51.746900,GOES-19,2026-10-07 19:50:00
-6.057000,-51.745800,GOES-19,2026-10-07 19:00:00
-6.020000,-51.727200,GOES-19,2026-10-07 19:00:00
-6.038600,-51.726100,GOES-19,2026-10-07 18:10:00
-6.038600,-51.726100,GOES-19,2026-10-07 18:20:00
-6.038600,-51.726100,GOES-19,2026-10-07 18:30:00
-6.038600,-51.726100,GOES-19,2026-10-07 18:40:00
-6.038600,-51.726100,GOES-19,2026-10-07 18:50:00
-6.038600,-51.726100,GOES-19,2026-10-07 19:00:00
-6.038600,-51.726100,GOES-19,2026-10-07 19:10:00
-6.038600,-51.726100,GOES-19,2026-10-07 19:20:00
-6.038600,-51.726100,GOES-19,2026-10-07 19:30:00
-6.038600,-51.726100,GOES-19,2026-10-07 19:40:00
-6.038600,-51.726100,GOES-19,2026-10-07 19:50:00
-5.816200,-51.717500,GOES-19,2026-10-07 18:20:00
-5.816200,-51.717500,GOES-19,2026-10-07 18:30:00
-5.816200,-51.717500,GOES-19,2026-10-07 18:40:00
-5.816200,-51.717500,GOES-19,2026-10-07 18:50:00
-5.816200,-51.717500,GOES-19,2026-10-07 19:10:00
-3.487700,-51.692900,GOES-19,2026-10-07 17:30:00
-3.487700,-51.692900,GOES-19,2026-10-07 17:40:00
-3.487700,-51.692900,GOES-19,2026-10-07 18:00:00
-8.331900,-51.302200,GOES-19,2026-10-07 18:30:00
-8.295200,-51.242200,GOES-19,2026-10-07 18:10:00
-8.295200,-51.242200,GOES-19,2026-10-07 18:20:00
3.212600,-51.308400,GOES-19,2026-10-07 17:50:00
-5.894100,-51.193700,GOES-19,2026-10-07 18:20:00
-5.894100,-51.193700,GOES-19,2026-10-07 18:40:00
3.212700,-51.287700,GOES-19,2026-10-07 15:20:00
3.212700,-51.287700,GOES-19,2026-10-07 15:30:00
3.544800,-51.277200,GOES-19,2026-10-07 15:50:00
-8.073700,-50.965600,GOES-19,2026-10-07 18:40:00
0.818700,-51.229300,GOES-19,2026-10-07 15:30:00
0.800300,-51.229500,GOES-19,2026-10-07 15:30:00
-8.111500,-50.920600,GOES-19,2026-10-07 15:00:00
-8.111500,-50.920600,GOES-19,2026-10-07 15:10:00
-3.268900,-51.078300,GOES-19,2026-10-07 18:40:00
-3.268900,-51.078300,GOES-19,2026-10-07 18:50:00
-3.268900,-51.078300,GOES-19,2026-10-07 19:00:00
-3.268900,-51.078300,GOES-19,2026-10-07 19:10:00
-3.268900,-51.078300,GOES-19,2026-10-07 19:20:00
-3.268900,-51.078300,GOES-19,2026-10-07 19:30:00
-3.268900,-51.078300,GOES-19,2026-10-07 19:40:00
-3.268900,-51.078300,GOES-19,2026-10-07 19:50:00
-3.269000,-51.057500,GOES-19,2026-10-07 18:30:00
-3.269000,-51.057500,GOES-19,2026-10-07 18:40:00
-3.269000,-51.057500,GOES-19,2026-10-07 18:50:00
-3.287400,-51.057000,GOES-19,2026-10-07 18:40:00
-3.287400,-51.057000,GOES-19,2026-10-07 18:50:00
-3.287400,-51.057000,GOES-19,2026-10-07 19:00:00
-3.287400,-51.057000,GOES-19,2026-10-07 19:10:00
-3.287400,-51.057000,GOES-19,2026-10-07 19:20:00
-3.287400,-51.057000,GOES-19,2026-10-07 19:40:00
1.628900,-51.054000,GOES-19,2026-10-07 19:00:00
1.628900,-51.054000,GOES-19,2026-10-07 19:10:00
1.628900,-51.054000,GOES-19,2026-10-07 19:20:00
1.628900,-51.054000,GOES-19,2026-10-07 19:30:00
1.628900,-51.054000,GOES-19,2026-10-07 19:40:00
-5.247500,-50.894000,GOES-19,2026-10-07 18:20:00
-5.247500,-50.894000,GOES-19,2026-10-07 18:30:00
-5.247500,-50.894000,GOES-19,2026-10-07 18:40:00
2.181700,-50.960900,GOES-19,2026-10-07 17:40:00
2.108000,-50.962400,GOES-19,2026-10-07 15:20:00
2.089500,-50.962800,GOES-19,2026-10-07 14:20:00
2.089500,-50.962800,GOES-19,2026-10-07 17:40:00
2.089500,-50.962800,GOES-19,2026-10-07 18:50:00
1.353100,-50.850000,GOES-19,2026-10-07 14:30:00
1.353100,-50.850000,GOES-19,2026-10-07 14:50:00
1.353100,-50.850000,GOES-19,2026-10-07 18:10:00
1.353100,-50.850000,GOES-19,2026-10-07 18:40:00
1.353100,-50.850000,GOES-19,2026-10-07 18:50:00
2.108300,-50.837500,GOES-19,2026-10-07 13:40:00
2.108300,-50.837500,GOES-19,2026-10-07 14:00:00
2.108300,-50.837500,GOES-19,2026-10-07 14:30:00
2.108300,-50.837500,GOES-19,2026-10-07 14:50:00
2.108300,-50.837500,GOES-19,2026-10-07 15:00:00
2.108300,-50.837500,GOES-19,2026-10-07 18:10:00
2.108300,-50.837500,GOES-19,2026-10-07 18:20:00
2.108300,-50.837500,GOES-19,2026-10-07 18:30:00
2.108300,-50.837500,GOES-19,2026-10-07 18:40:00
-3.787200,-50.748300,GOES-19,2026-10-07 18:30:00
-3.787200,-50.748300,GOES-19,2026-10-07 18:50:00
1.482100,-50.765000,GOES-19,2026-10-07 13:20:00
1.482100,-50.765000,GOES-19,2026-10-07 15:00:00
1.482200,-50.744100,GOES-19,2026-10-07 13:30:00
1.482200,-50.744100,GOES-19,2026-10-07 13:40:00
1.482200,-50.744100,GOES-19,2026-10-07 14:00:00
1.463700,-50.744400,GOES-19,2026-10-07 13:40:00
1.463700,-50.744400,GOES-19,2026-10-07 14:00:00
1.463700,-50.744400,GOES-19,2026-10-07 15:20:00
-3.160100,-50.602100,GOES-19,2026-10-07 21:50:00
-3.160100,-50.602100,GOES-19,2026-10-07 22:00:00
-3.160100,-50.602100,GOES-19,2026-10-07 22:10:00
-3.160100,-50.602100,GOES-19,2026-10-07 22:20:00
-3.160100,-50.602100,GOES-19,2026-10-07 22:30:00
-3.160100,-50.602100,GOES-19,2026-10-07 22:40:00
-3.160100,-50.602100,GOES-19,2026-10-07 22:50:00
-3.160100,-50.602100,GOES-19,2026-10-07 23:00:00
-3.160100,-50.602100,GOES-19,2026-10-07 23:10:00
-3.178600,-50.601600,GOES-19,2026-10-07 21:50:00
-3.178600,-50.601600,GOES-19,2026-10-07 22:00:00
-3.178600,-50.601600,GOES-19,2026-10-07 22:10:00
-3.178600,-50.601600,GOES-19,2026-10-07 22:20:00
-3.178600,-50.601600,GOES-19,2026-10-07 22:30:00
-3.178600,-50.601600,GOES-19,2026-10-07 22:40:00
-3.178600,-50.601600,GOES-19,2026-10-07 22:50:00
-3.178600,-50.601600,GOES-19,2026-10-07 23:00:00
-3.178600,-50.601600,GOES-19,2026-10-07 23:10:00
-3.160200,-50.581200,GOES-19,2026-10-07 22:30:00
-3.160200,-50.581200,GOES-19,2026-10-07 22:40:00
-3.160200,-50.581200,GOES-19,2026-10-07 22:50:00
-3.160200,-50.581200,GOES-19,2026-10-07 23:00:00
-3.160200,-50.581200,GOES-19,2026-10-07 23:10:00
-3.178700,-50.580700,GOES-19,2026-10-07 18:50:00
-3.178700,-50.580700,GOES-19,2026-10-07 19:30:00
-3.178700,-50.580700,GOES-19,2026-10-07 22:20:00
-3.178700,-50.580700,GOES-19,2026-10-07 22:30:00
-3.178700,-50.580700,GOES-19,2026-10-07 22:40:00
-3.178700,-50.580700,GOES-19,2026-10-07 22:50:00
-3.178700,-50.580700,GOES-19,2026-10-07 23:00:00
-3.178700,-50.580700,GOES-19,2026-10-07 23:10:00
-3.197100,-50.580100,GOES-19,2026-10-07 18:50:00
-3.197100,-50.580100,GOES-19,2026-10-07 19:30:00
-3.197100,-50.580100,GOES-19,2026-10-07 19:50:00
-3.197100,-50.580100,GOES-19,2026-10-07 20:10:00
-3.197100,-50.580100,GOES-19,2026-10-07 21:50:00
-3.197100,-50.580100,GOES-19,2026-10-07 22:00:00
-3.197100,-50.580100,GOES-19,2026-10-07 22:10:00
-3.197100,-50.580100,GOES-19,2026-10-07 22:20:00
-3.197100,-50.580100,GOES-19,2026-10-07 22:30:00
-3.197100,-50.580100,GOES-19,2026-10-07 22:40:00
-3.197100,-50.580100,GOES-19,2026-10-07 22:50:00
-3.197100,-50.580100,GOES-19,2026-10-07 23:00:00
-3.197100,-50.580100,GOES-19,2026-10-07 23:10:00
-3.178700,-50.559700,GOES-19,2026-10-07 18:50:00
-3.178700,-50.559700,GOES-19,2026-10-07 19:30:00
-3.178700,-50.559700,GOES-19,2026-10-07 19:50:00
-3.178700,-50.559700,GOES-19,2026-10-07 20:10:00
-3.178700,-50.559700,GOES-19,2026-10-07 21:50:00
-3.178700,-50.559700,GOES-19,2026-10-07 22:00:00
-3.178700,-50.559700,GOES-19,2026-10-07 22:10:00
-3.178700,-50.559700,GOES-19,2026-10-07 22:40:00
-3.178700,-50.559700,GOES-19,2026-10-07 22:50:00
-3.178700,-50.559700,GOES-19,2026-10-07 23:00:00
-3.197200,-50.559200,GOES-19,2026-10-07 18:50:00
-3.197200,-50.559200,GOES-19,2026-10-07 19:30:00
-3.197200,-50.559200,GOES-19,2026-10-07 19:50:00
-3.197200,-50.559200,GOES-19,2026-10-07 20:10:00
-3.197200,-50.559200,GOES-19,2026-10-07 21:50:00
-3.197200,-50.559200,GOES-19,2026-10-07 22:00:00
-3.197200,-50.559200,GOES-19,2026-10-07 22:10:00
-3.197200,-50.559200,GOES-19,2026-10-07 22:20:00
-3.197200,-50.559200,GOES-19,2026-10-07 22:30:00
-3.197200,-50.559200,GOES-19,2026-10-07 22:40:00
-3.197200,-50.559200,GOES-19,2026-10-07 22:50:00
-3.197200,-50.559200,GOES-19,2026-10-07 23:00:00
-3.197200,-50.559200,GOES-19,2026-10-07 23:10:00
-3.215700,-50.558600,GOES-19,2026-10-07 18:50:00
-3.215700,-50.558600,GOES-19,2026-10-07 19:30:00
-3.215700,-50.558600,GOES-19,2026-10-07 19:40:00
-3.215700,-50.558600,GOES-19,2026-10-07 19:50:00
-3.215700,-50.558600,GOES-19,2026-10-07 20:10:00
-3.215700,-50.558600,GOES-19,2026-10-07 21:50:00
-3.215700,-50.558600,GOES-19,2026-10-07 22:00:00
-3.215700,-50.558600,GOES-19,2026-10-07 22:10:00
-3.215700,-50.558600,GOES-19,2026-10-07 22:20:00
-3.215700,-50.558600,GOES-19,2026-10-07 22:30:00
-3.215700,-50.558600,GOES-19,2026-10-07 22:40:00
-3.215700,-50.558600,GOES-19,2026-10-07 22:50:00
-3.215700,-50.558600,GOES-19,2026-10-07 23:00:00
-3.215700,-50.558600,GOES-19,2026-10-07 23:10:00
-3.178800,-50.538800,GOES-19,2026-10-07 18:50:00
-3.178800,-50.538800,GOES-19,2026-10-07 19:30:00
-3.178800,-50.538800,GOES-19,2026-10-07 19:50:00
-3.197300,-50.538200,GOES-19,2026-10-07 18:50:00
-3.197300,-50.538200,GOES-19,2026-10-07 19:30:00
-3.197300,-50.538200,GOES-19,2026-10-07 19:50:00
-3.197300,-50.538200,GOES-19,2026-10-07 20:10:00
-3.197300,-50.538200,GOES-19,2026-10-07 21:50:00
-3.197300,-50.538200,GOES-19,2026-10-07 22:00:00
-3.197300,-50.538200,GOES-19,2026-10-07 22:10:00
-3.197300,-50.538200,GOES-19,2026-10-07 22:20:00
-3.197300,-50.538200,GOES-19,2026-10-07 22:30:00
-3.197300,-50.538200,GOES-19,2026-10-07 23:00:00
-3.363600,-50.491100,GOES-19,2026-10-07 18:50:00
-3.363600,-50.491100,GOES-19,2026-10-07 19:10:00
-3.363600,-50.491100,GOES-19,2026-10-07 19:20:00
-3.363600,-50.491100,GOES-19,2026-10-07 19:50:00
-2.312000,-50.478300,GOES-19,2026-10-07 18:50:00
-2.312000,-50.478300,GOES-19,2026-10-07 19:00:00
-2.312000,-50.478300,GOES-19,2026-10-07 19:40:00
-2.312000,-50.478300,GOES-19,2026-10-07 19:50:00
-3.862600,-50.431600,GOES-19,2026-10-07 18:40:00
-3.862600,-50.431600,GOES-19,2026-10-07 18:50:00
-3.862600,-50.431600,GOES-19,2026-10-07 19:00:00
-3.862600,-50.431600,GOES-19,2026-10-07 19:10:00
-3.862600,-50.431600,GOES-19,2026-10-07 19:30:00
-3.844100,-50.432300,GOES-19,2026-10-07 18:40:00
-2.312100,-50.457300,GOES-19,2026-10-07 18:30:00
-2.312100,-50.457300,GOES-19,2026-10-07 18:40:00
-2.312100,-50.457300,GOES-19,2026-10-07 18:50:00
-2.312100,-50.457300,GOES-19,2026-10-07 19:40:00
-2.312100,-50.457300,GOES-19,2026-10-07 19:50:00
-3.844200,-50.411300,GOES-19,2026-10-07 18:40:00
-3.862700,-50.410600,GOES-19,2026-10-07 18:30:00
-3.862700,-50.410600,GOES-19,2026-10-07 18:40:00
-3.862700,-50.410600,GOES-19,2026-10-07 18:50:00
-5.846200,-50.147400,GOES-19,2026-10-07 19:20:00
-5.846200,-50.147400,GOES-19,2026-10-07 19:30:00
-5.846200,-50.147400,GOES-19,2026-10-07 19:50:00
-3.328000,-50.177500,GOES-19,2026-10-07 18:30:00
-3.328000,-50.177500,GOES-19,2026-10-07 18:50:00
-5.289900,-50.093700,GOES-19,2026-10-07 18:40:00
-5.289900,-50.093700,GOES-19,2026-10-07 18:50:00
-5.513000,-50.018400,GOES-19,2026-10-07 19:20:00
-5.513000,-50.018400,GOES-19,2026-10-07 19:40:00
-4.234700,-49.996000,GOES-19,2026-10-07 18:40:00
-4.290900,-49.866900,GOES-19,2026-10-07 18:20:00
-5.051000,-49.767700,GOES-19,2026-10-07 18:30:00
-5.051000,-49.767700,GOES-19,2026-10-07 18:50:00
-1.705200,-49.839100,GOES-19,2026-10-07 17:20:00
-1.705200,-49.839100,GOES-19,2026-10-07 17:30:00
-1.705200,-49.839100,GOES-19,2026-10-07 17:40:00
-4.199300,-49.701600,GOES-19,2026-10-07 16:50:00
-4.199300,-49.701600,GOES-19,2026-10-07 17:00:00
-4.199300,-49.701600,GOES-19,2026-10-07 17:10:00
-4.199300,-49.701600,GOES-19,2026-10-07 17:20:00
-4.199300,-49.701600,GOES-19,2026-10-07 17:30:00
-4.199300,-49.701600,GOES-19,2026-10-07 17:40:00
-4.199300,-49.701600,GOES-19,2026-10-07 17:50:00
-4.199300,-49.701600,GOES-19,2026-10-07 18:00:00
-4.199300,-49.701600,GOES-19,2026-10-07 18:10:00
-4.199300,-49.701600,GOES-19,2026-10-07 18:20:00
-4.199300,-49.701600,GOES-19,2026-10-07 18:30:00
-4.199300,-49.701600,GOES-19,2026-10-07 18:40:00
-13.676000,-48.800700,GOES-19,2026-10-07 14:30:00
-13.676000,-48.800700,GOES-19,2026-10-07 14:40:00
-13.676000,-48.800700,GOES-19,2026-10-07 14:50:00
-13.676000,-48.800700,GOES-19,2026-10-07 15:00:00
-0.599300,-49.429300,GOES-19,2026-10-07 18:10:00
-0.599300,-49.429300,GOES-19,2026-10-07 18:40:00
-0.599300,-49.429300,GOES-19,2026-10-07 18:50:00
-0.580900,-49.408200,GOES-19,2026-10-07 18:10:00
-0.599300,-49.408100,GOES-19,2026-10-07 18:20:00
-5.036000,-49.237000,GOES-19,2026-10-07 18:10:00
-5.036000,-49.237000,GOES-19,2026-10-07 18:50:00
-5.036000,-49.237000,GOES-19,2026-10-07 19:10:00
-3.128800,-49.232200,GOES-19,2026-10-07 18:40:00
-3.128800,-49.232200,GOES-19,2026-10-07 18:50:00
-3.128800,-49.232200,GOES-19,2026-10-07 19:10:00
-3.128800,-49.232200,GOES-19,2026-10-07 19:20:00
-3.128800,-49.232200,GOES-19,2026-10-07 19:30:00
-3.128800,-49.232200,GOES-19,2026-10-07 19:40:00
-1.208200,-49.253900,GOES-19,2026-10-07 15:40:00
-1.116100,-49.191300,GOES-19,2026-10-07 14:40:00
-1.116100,-49.191300,GOES-19,2026-10-07 15:10:00
-0.802500,-49.173100,GOES-19,2026-10-07 14:00:00
-1.430000,-49.102100,GOES-19,2026-10-07 15:00:00
-1.430100,-49.038200,GOES-19,2026-10-07 15:30:00
-1.448500,-49.037900,GOES-19,2026-10-07 15:30:00
-1.227000,-49.041000,GOES-19,2026-10-07 14:20:00
-1.227000,-49.041000,GOES-19,2026-10-07 14:40:00
-1.227000,-49.041000,GOES-19,2026-10-07 15:10:00
-1.227000,-49.041000,GOES-19,2026-10-07 15:20:00
-1.227000,-49.041000,GOES-19,2026-10-07 15:30:00
-1.227000,-49.041000,GOES-19,2026-10-07 16:00:00
-1.227000,-49.041000,GOES-19,2026-10-07 16:10:00
-1.227000,-49.041000,GOES-19,2026-10-07 16:20:00
-4.630400,-48.851200,GOES-19,2026-10-07 15:00:00
-2.353800,-48.891900,GOES-19,2026-10-07 19:50:00
-9.668900,-73.598700,GOES-19,2026-10-08 03:20:00
-13.178300,-63.148400,GOES-19,2026-10-08 03:20:00
-13.197300,-63.147300,GOES-19,2026-10-08 03:20:00
-21.756300,-62.287700,GOES-19,2026-10-08 03:20:00
-21.777000,-62.265000,GOES-19,2026-10-08 03:20:00
-4.347100,-43.802100,GOES-19,2026-10-08 03:20:00
-8.722800,-45.181200,GOES-19,2026-10-08 03:20:00
-8.723100,-45.158300,GOES-19,2026-10-08 03:20:00
-8.742000,-45.156300,GOES-19,2026-10-08 03:20:00
-11.636900,-43.687600,GOES-19,2026-10-08 03:20:00
-1.530600,-54.555800,GOES-19,2026-10-08 03:20:00
-2.403100,-57.904100,GOES-19,2026-10-08 03:20:00
-2.403200,-57.884800,GOES-19,2026-10-08 03:20:00
-2.480500,-56.126900,GOES-19,2026-10-08 03:20:00
-2.480500,-56.107200,GOES-19,2026-10-08 03:20:00
-2.498700,-56.165900,GOES-19,2026-10-08 03:20:00
-2.498800,-56.146200,GOES-19,2026-10-08 03:20:00
-2.499000,-56.067500,GOES-19,2026-10-08 03:20:00
-2.572000,-56.164600,GOES-19,2026-10-08 03:20:00
-2.715200,-57.472000,GOES-19,2026-10-08 03:20:00
-2.733500,-57.471700,GOES-19,2026-10-08 03:20:00
-2.779600,-54.093700,GOES-19,2026-10-08 03:20:00
-2.779700,-54.073600,GOES-19,2026-10-08 03:20:00
-3.073000,-54.287400,GOES-19,2026-10-08 03:20:00
-3.074000,-53.966100,GOES-19,2026-10-08 03:20:00
-3.074100,-53.946000,GOES-19,2026-10-08 03:20:00
-3.091300,-54.287000,GOES-19,2026-10-08 03:20:00
-3.092500,-53.945500,GOES-19,2026-10-08 03:20:00
-3.110000,-54.186200,GOES-19,2026-10-08 03:20:00
-3.110100,-54.166100,GOES-19,2026-10-08 03:20:00
-3.111400,-53.783900,GOES-19,2026-10-08 03:20:00
-3.128500,-54.165700,GOES-19,2026-10-08 03:20:00
-3.160100,-50.602100,GOES-19,2026-10-08 03:20:00
-3.197200,-50.559200,GOES-19,2026-10-08 03:20:00
-3.586500,-54.574200,GOES-19,2026-10-08 03:20:00
-5.737600,-45.153300,GOES-19,2026-10-08 03:20:00
-5.693100,-53.507300,GOES-19,2026-10-08 03:20:00
-5.693200,-53.487000,GOES-19,2026-10-08 03:20:00
-5.711700,-53.486200,GOES-19,2026-10-08 03:20:00
-6.142900,-47.943200,GOES-19,2026-10-08 03:20:00
-6.143100,-47.921400,GOES-19,2026-10-08 03:20:00
-7.006500,-59.122300,GOES-19,2026-10-08 03:20:00
-9.059200,-65.920900,GOES-19,2026-10-08 03:20:00
-9.475000,-64.352500,GOES-19,2026-10-08 03:20:00