lat,lon,satelite,data
-8.456600,-48.455500,GOES-19,2026-09-19 18:10:00
-8.456600,-48.455500,GOES-19,2026-09-19 18:30:00
-8.456600,-48.455500,GOES-19,2026-09-19 18:50:00
-9.341700,-48.348900,GOES-19,2026-09-19 18:00:00
-9.341700,-48.348900,GOES-19,2026-09-19 18:30:00
-9.341700,-48.348900,GOES-19,2026-09-19 18:40:00
-9.341700,-48.348900,GOES-19,2026-09-19 19:30:00
-9.341700,-48.348900,GOES-19,2026-09-19 19:40:00
-9.342000,-48.327000,GOES-19,2026-09-19 17:50:00
-9.342000,-48.327000,GOES-19,2026-09-19 18:20:00
-9.342000,-48.327000,GOES-19,2026-09-19 18:30:00
-9.342000,-48.327000,GOES-19,2026-09-19 18:40:00
-9.360900,-48.325100,GOES-19,2026-09-19 15:30:00
-9.360900,-48.325100,GOES-19,2026-09-19 17:50:00
-9.360900,-48.325100,GOES-19,2026-09-19 18:00:00
-9.360900,-48.325100,GOES-19,2026-09-19 18:10:00
-9.360900,-48.325100,GOES-19,2026-09-19 18:20:00
-9.360900,-48.325100,GOES-19,2026-09-19 18:30:00
-9.360900,-48.325100,GOES-19,2026-09-19 18:40:00
-9.342300,-48.305100,GOES-19,2026-09-19 15:20:00
-9.342300,-48.305100,GOES-19,2026-09-19 15:30:00
-9.342300,-48.305100,GOES-19,2026-09-19 18:00:00
-4.298000,-48.630900,GOES-19,2026-09-19 18:10:00
-6.455400,-48.442300,GOES-19,2026-09-19 15:20:00
-6.455600,-48.420700,GOES-19,2026-09-19 15:20:00
-9.042800,-48.160300,GOES-19,2026-09-19 17:50:00
-9.042800,-48.160300,GOES-19,2026-09-19 18:00:00
-9.042800,-48.160300,GOES-19,2026-09-19 18:20:00
-11.490200,-47.795800,GOES-19,2026-09-19 19:20:00
-11.490200,-47.795800,GOES-19,2026-09-19 19:30:00
-11.490200,-47.795800,GOES-19,2026-09-19 19:40:00
-11.490500,-47.773600,GOES-19,2026-09-19 18:20:00
-11.490500,-47.773600,GOES-19,2026-09-19 18:30:00
-11.490500,-47.773600,GOES-19,2026-09-19 18:40:00
-11.490500,-47.773600,GOES-19,2026-09-19 18:50:00
-11.490500,-47.773600,GOES-19,2026-09-19 19:00:00
-11.490500,-47.773600,GOES-19,2026-09-19 19:10:00
-11.490500,-47.773600,GOES-19,2026-09-19 19:20:00
-11.490500,-47.773600,GOES-19,2026-09-19 19:30:00
-11.490500,-47.773600,GOES-19,2026-09-19 19:40:00
-11.490500,-47.773600,GOES-19,2026-09-19 19:50:00
-11.643300,-47.753900,GOES-19,2026-09-19 18:00:00
-11.643300,-47.753900,GOES-19,2026-09-19 18:10:00
-11.643300,-47.753900,GOES-19,2026-09-19 18:20:00
-11.643300,-47.753900,GOES-19,2026-09-19 18:30:00
-11.643300,-47.753900,GOES-19,2026-09-19 18:40:00
-11.643300,-47.753900,GOES-19,2026-09-19 19:00:00
-11.490900,-47.751400,GOES-19,2026-09-19 17:50:00
-11.490900,-47.751400,GOES-19,2026-09-19 18:00:00
-11.490900,-47.751400,GOES-19,2026-09-19 18:10:00
-11.490900,-47.751400,GOES-19,2026-09-19 18:20:00
-11.490900,-47.751400,GOES-19,2026-09-19 18:30:00
-11.490900,-47.751400,GOES-19,2026-09-19 18:40:00
-11.490900,-47.751400,GOES-19,2026-09-19 18:50:00
-11.491600,-47.706900,GOES-19,2026-09-19 14:10:00
-11.854700,-47.659600,GOES-19,2026-09-19 17:50:00
-11.854700,-47.659600,GOES-19,2026-09-19 18:20:00
-11.854700,-47.659600,GOES-19,2026-09-19 18:50:00
-11.854700,-47.659600,GOES-19,2026-09-19 19:00:00
-11.854700,-47.659600,GOES-19,2026-09-19 19:10:00
-11.854700,-47.659600,GOES-19,2026-09-19 19:40:00
-11.873900,-47.657000,GOES-19,2026-09-19 18:20:00
-11.873900,-47.657000,GOES-19,2026-09-19 18:30:00
-11.893000,-47.654500,GOES-19,2026-09-19 18:20:00
-11.893000,-47.654500,GOES-19,2026-09-19 18:30:00
-11.836000,-47.639800,GOES-19,2026-09-19 12:30:00
-11.836000,-47.639800,GOES-19,2026-09-19 18:20:00
-11.836000,-47.639800,GOES-19,2026-09-19 18:30:00
-11.855100,-47.637300,GOES-19,2026-09-19 18:00:00
-11.855100,-47.637300,GOES-19,2026-09-19 18:10:00
-11.855100,-47.637300,GOES-19,2026-09-19 18:20:00
-11.855100,-47.637300,GOES-19,2026-09-19 18:30:00
-11.855100,-47.637300,GOES-19,2026-09-19 18:40:00
-11.855100,-47.637300,GOES-19,2026-09-19 18:50:00
-11.874200,-47.634800,GOES-19,2026-09-19 18:20:00
-11.874200,-47.634800,GOES-19,2026-09-19 18:30:00
-11.893400,-47.632200,GOES-19,2026-09-19 18:20:00
-11.893400,-47.632200,GOES-19,2026-09-19 18:30:00
-11.912500,-47.629700,GOES-19,2026-09-19 13:10:00
-11.912500,-47.629700,GOES-19,2026-09-19 13:30:00
-11.912500,-47.629700,GOES-19,2026-09-19 18:20:00
-11.912500,-47.629700,GOES-19,2026-09-19 18:30:00
-11.721600,-47.632700,GOES-19,2026-09-19 18:20:00
-11.740700,-47.630200,GOES-19,2026-09-19 18:20:00
-11.912900,-47.607400,GOES-19,2026-09-19 13:10:00
-9.897400,-47.720000,GOES-19,2026-09-19 14:50:00
-9.916300,-47.717900,GOES-19,2026-09-19 14:50:00
-9.916300,-47.717900,GOES-19,2026-09-19 15:30:00
-6.758900,-47.899500,GOES-19,2026-09-19 18:00:00
-6.815000,-47.895300,GOES-19,2026-09-19 18:20:00
-8.445900,-47.757900,GOES-19,2026-09-19 18:10:00
-8.445900,-47.757900,GOES-19,2026-09-19 18:20:00
-8.445900,-47.757900,GOES-19,2026-09-19 18:30:00
-8.445900,-47.757900,GOES-19,2026-09-19 18:40:00
-8.445900,-47.757900,GOES-19,2026-09-19 18:50:00
-6.759700,-47.812200,GOES-19,2026-09-19 18:10:00
-6.759700,-47.812200,GOES-19,2026-09-19 18:20:00
-6.759700,-47.812200,GOES-19,2026-09-19 18:30:00
-6.759700,-47.812200,GOES-19,2026-09-19 18:40:00
-6.797100,-47.809400,GOES-19,2026-09-19 18:20:00
-6.797100,-47.809400,GOES-19,2026-09-19 18:30:00
-6.797100,-47.809400,GOES-19,2026-09-19 18:40:00
-6.797100,-47.809400,GOES-19,2026-09-19 18:50:00
-5.324100,-47.886000,GOES-19,2026-09-19 18:10:00
-6.759900,-47.790400,GOES-19,2026-09-19 18:20:00
-6.759900,-47.790400,GOES-19,2026-09-19 18:30:00
-7.865300,-47.656900,GOES-19,2026-09-19 18:00:00
-7.884000,-47.655300,GOES-19,2026-09-19 14:20:00
-7.884000,-47.655300,GOES-19,2026-09-19 14:30:00
-7.884000,-47.655300,GOES-19,2026-09-19 14:40:00
-7.884000,-47.655300,GOES-19,2026-09-19 14:50:00
-7.884000,-47.655300,GOES-19,2026-09-19 15:30:00
-6.648400,-47.733100,GOES-19,2026-09-19 18:10:00
-6.648400,-47.733100,GOES-19,2026-09-19 18:20:00
-6.648400,-47.733100,GOES-19,2026-09-19 18:30:00
-6.648400,-47.733100,GOES-19,2026-09-19 18:40:00
-6.648400,-47.733100,GOES-19,2026-09-19 18:50:00
-6.667100,-47.731700,GOES-19,2026-09-19 18:20:00
-6.648600,-47.711300,GOES-19,2026-09-19 15:10:00
-6.648600,-47.711300,GOES-19,2026-09-19 15:20:00
-6.648600,-47.711300,GOES-19,2026-09-19 17:50:00
-6.648600,-47.711300,GOES-19,2026-09-19 18:00:00
-6.648600,-47.711300,GOES-19,2026-09-19 18:10:00
-6.648600,-47.711300,GOES-19,2026-09-19 18:20:00
-6.648600,-47.711300,GOES-19,2026-09-19 18:30:00
-6.648600,-47.711300,GOES-19,2026-09-19 18:40:00
-6.648600,-47.711300,GOES-19,2026-09-19 18:50:00
-6.667300,-47.709900,GOES-19,2026-09-19 15:20:00
-6.648800,-47.689400,GOES-19,2026-09-19 13:40:00
-6.648800,-47.689400,GOES-19,2026-09-19 14:00:00
-6.648800,-47.689400,GOES-19,2026-09-19 15:10:00
-6.648800,-47.689400,GOES-19,2026-09-19 15:20:00
-13.036100,-46.954900,GOES-19,2026-09-19 18:30:00
-13.036100,-46.954900,GOES-19,2026-09-19 18:40:00
-13.036600,-46.932200,GOES-19,2026-09-19 12:50:00
-13.036600,-46.932200,GOES-19,2026-09-19 18:00:00
-13.036600,-46.932200,GOES-19,2026-09-19 18:30:00
-13.036600,-46.932200,GOES-19,2026-09-19 18:40:00
-6.257300,-47.651900,GOES-19,2026-09-19 17:30:00
-6.257300,-47.651900,GOES-19,2026-09-19 17:40:00
-6.275900,-47.650600,GOES-19,2026-09-19 17:40:00
-6.275900,-47.650600,GOES-19,2026-09-19 17:50:00
-6.275900,-47.650600,GOES-19,2026-09-19 18:00:00
-6.275900,-47.650600,GOES-19,2026-09-19 18:20:00
-6.275900,-47.650600,GOES-19,2026-09-19 18:30:00
-6.275900,-47.650600,GOES-19,2026-09-19 18:50:00
-6.294600,-47.649300,GOES-19,2026-09-19 18:30:00
-6.257500,-47.630000,GOES-19,2026-09-19 15:00:00
-6.257500,-47.630000,GOES-19,2026-09-19 15:10:00
-6.276100,-47.628700,GOES-19,2026-09-19 14:30:00
-6.276100,-47.628700,GOES-19,2026-09-19 14:40:00
-6.276100,-47.628700,GOES-19,2026-09-19 15:00:00
-6.276100,-47.628700,GOES-19,2026-09-19 15:10:00
-6.276100,-47.628700,GOES-19,2026-09-19 15:20:00
-6.276100,-47.628700,GOES-19,2026-09-19 16:00:00
-10.291200,-45.407700,GOES-19,2026-09-19 14:10:00
-6.276100,-47.628700,GOES-19,2026-09-19 16:10:00
-6.276100,-47.628700,GOES-19,2026-09-19 16:20:00
-6.276100,-47.628700,GOES-19,2026-09-19 16:40:00
-6.276100,-47.628700,GOES-19,2026-09-19 16:50:00
-6.276100,-47.628700,GOES-19,2026-09-19 17:20:00
-6.276100,-47.628700,GOES-19,2026-09-19 17:30:00
-6.276100,-47.628700,GOES-19,2026-09-19 17:40:00
-6.276100,-47.628700,GOES-19,2026-09-19 17:50:00
-6.276100,-47.628700,GOES-19,2026-09-19 18:00:00
-6.276100,-47.628700,GOES-19,2026-09-19 18:10:00
-6.276100,-47.628700,GOES-19,2026-09-19 18:20:00
-6.276100,-47.628700,GOES-19,2026-09-19 18:30:00
-6.276100,-47.628700,GOES-19,2026-09-19 18:40:00
-6.294800,-47.627400,GOES-19,2026-09-19 15:00:00
-6.294800,-47.627400,GOES-19,2026-09-19 15:10:00
-6.294800,-47.627400,GOES-19,2026-09-19 15:20:00
-6.294800,-47.627400,GOES-19,2026-09-19 18:10:00
-6.294800,-47.627400,GOES-19,2026-09-19 18:30:00
-10.757600,-47.198800,GOES-19,2026-09-19 18:10:00
-10.757600,-47.198800,GOES-19,2026-09-19 18:20:00
-5.474700,-47.659200,GOES-19,2026-09-19 15:00:00
-6.276300,-47.606900,GOES-19,2026-09-19 13:50:00
-6.276300,-47.606900,GOES-19,2026-09-19 14:00:00
-6.276300,-47.606900,GOES-19,2026-09-19 14:10:00
-6.276300,-47.606900,GOES-19,2026-09-19 14:20:00
-6.276300,-47.606900,GOES-19,2026-09-19 14:30:00
-6.276300,-47.606900,GOES-19,2026-09-19 14:40:00
-6.276300,-47.606900,GOES-19,2026-09-19 14:50:00
-6.276300,-47.606900,GOES-19,2026-09-19 15:00:00
-6.276300,-47.606900,GOES-19,2026-09-19 15:10:00
-6.276300,-47.606900,GOES-19,2026-09-19 15:20:00
-6.276300,-47.606900,GOES-19,2026-09-19 15:30:00
-6.276300,-47.606900,GOES-19,2026-09-19 15:40:00
-6.276300,-47.606900,GOES-19,2026-09-19 17:30:00
-6.276300,-47.606900,GOES-19,2026-09-19 17:40:00
-6.276300,-47.606900,GOES-19,2026-09-19 17:50:00
-6.276300,-47.606900,GOES-19,2026-09-19 18:00:00
-6.276300,-47.606900,GOES-19,2026-09-19 18:10:00
-6.276300,-47.606900,GOES-19,2026-09-19 18:30:00
-6.276300,-47.606900,GOES-19,2026-09-19 18:40:00
-6.295000,-47.605500,GOES-19,2026-09-19 14:40:00
-6.295000,-47.605500,GOES-19,2026-09-19 15:00:00
-6.295000,-47.605500,GOES-19,2026-09-19 15:20:00
-6.295000,-47.605500,GOES-19,2026-09-19 18:10:00
-6.295000,-47.605500,GOES-19,2026-09-19 18:30:00
-5.474900,-47.637400,GOES-19,2026-09-19 15:00:00
-6.183200,-47.591500,GOES-19,2026-09-19 19:20:00
-6.183200,-47.591500,GOES-19,2026-09-19 19:40:00
-6.276500,-47.585000,GOES-19,2026-09-19 13:50:00
-6.276500,-47.585000,GOES-19,2026-09-19 14:40:00
-6.276500,-47.585000,GOES-19,2026-09-19 14:50:00
-6.276500,-47.585000,GOES-19,2026-09-19 15:00:00
-6.276500,-47.585000,GOES-19,2026-09-19 15:20:00
-6.313800,-47.582400,GOES-19,2026-09-19 18:50:00
-9.733400,-47.273700,GOES-19,2026-09-19 20:40:00
-6.183400,-47.569600,GOES-19,2026-09-19 20:20:00
-7.024300,-47.507500,GOES-19,2026-09-19 17:50:00
-5.437800,-47.617800,GOES-19,2026-09-19 18:40:00
-5.437800,-47.617800,GOES-19,2026-09-19 18:50:00
-9.714800,-47.253600,GOES-19,2026-09-19 18:10:00
-9.714800,-47.253600,GOES-19,2026-09-19 18:20:00
-9.714800,-47.253600,GOES-19,2026-09-19 18:30:00
-9.714800,-47.253600,GOES-19,2026-09-19 18:40:00
-9.714800,-47.253600,GOES-19,2026-09-19 18:50:00
-9.714800,-47.253600,GOES-19,2026-09-19 20:40:00
-12.172700,-46.945500,GOES-19,2026-09-19 14:20:00
-12.172700,-46.945500,GOES-19,2026-09-19 14:40:00
-12.172700,-46.945500,GOES-19,2026-09-19 14:50:00
-12.134300,-46.950900,GOES-19,2026-09-19 12:50:00
-12.134300,-46.950900,GOES-19,2026-09-19 13:00:00
-12.134300,-46.950900,GOES-19,2026-09-19 13:10:00
-12.134300,-46.950900,GOES-19,2026-09-19 13:20:00
-12.134300,-46.950900,GOES-19,2026-09-19 13:30:00
-12.134300,-46.950900,GOES-19,2026-09-19 13:40:00
-12.134300,-46.950900,GOES-19,2026-09-19 13:50:00
-12.134300,-46.950900,GOES-19,2026-09-19 14:00:00
-12.134300,-46.950900,GOES-19,2026-09-19 14:10:00
-1.580500,-47.746200,GOES-19,2026-09-19 18:20:00
-6.164900,-47.549000,GOES-19,2026-09-19 20:20:00
-6.183600,-47.547700,GOES-19,2026-09-19 20:20:00
-7.155500,-47.475100,GOES-19,2026-09-19 13:20:00
-7.155500,-47.475100,GOES-19,2026-09-19 15:30:00
-7.174200,-47.473600,GOES-19,2026-09-19 13:20:00
-9.715100,-47.231400,GOES-19,2026-09-19 17:40:00
-9.715100,-47.231400,GOES-19,2026-09-19 17:50:00
-9.715100,-47.231400,GOES-19,2026-09-19 18:00:00
-9.715100,-47.231400,GOES-19,2026-09-19 18:10:00
-9.715100,-47.231400,GOES-19,2026-09-19 18:20:00
-9.715100,-47.231400,GOES-19,2026-09-19 18:30:00
-9.715100,-47.231400,GOES-19,2026-09-19 18:40:00
-9.715100,-47.231400,GOES-19,2026-09-19 18:50:00
-9.734000,-47.229300,GOES-19,2026-09-19 14:20:00
-9.734000,-47.229300,GOES-19,2026-09-19 14:30:00
-9.734000,-47.229300,GOES-19,2026-09-19 14:40:00
-9.734000,-47.229300,GOES-19,2026-09-19 14:50:00
-9.734000,-47.229300,GOES-19,2026-09-19 18:10:00
-9.734000,-47.229300,GOES-19,2026-09-19 18:20:00
-9.734000,-47.229300,GOES-19,2026-09-19 18:30:00
-9.734000,-47.229300,GOES-19,2026-09-19 20:40:00
-6.146400,-47.528400,GOES-19,2026-09-19 18:40:00
-6.146400,-47.528400,GOES-19,2026-09-19 18:50:00
-6.146400,-47.528400,GOES-19,2026-09-19 19:10:00
-6.146400,-47.528400,GOES-19,2026-09-19 19:20:00
-6.146400,-47.528400,GOES-19,2026-09-19 19:40:00
-6.146400,-47.528400,GOES-19,2026-09-19 20:20:00
-6.165100,-47.527100,GOES-19,2026-09-19 20:20:00
-6.183800,-47.525800,GOES-19,2026-09-19 20:20:00
-6.202400,-47.524500,GOES-19,2026-09-19 20:20:00
-7.155700,-47.453200,GOES-19,2026-09-19 17:50:00
-7.155700,-47.453200,GOES-19,2026-09-19 18:10:00
-7.155700,-47.453200,GOES-19,2026-09-19 18:40:00
-7.155700,-47.453200,GOES-19,2026-09-19 18:50:00
-9.734300,-47.207000,GOES-19,2026-09-19 14:10:00
-9.734300,-47.207000,GOES-19,2026-09-19 14:20:00
-9.734300,-47.207000,GOES-19,2026-09-19 14:30:00
-9.734300,-47.207000,GOES-19,2026-09-19 14:40:00
-9.734300,-47.207000,GOES-19,2026-09-19 15:00:00
-6.146600,-47.506500,GOES-19,2026-09-19 18:30:00
-6.146600,-47.506500,GOES-19,2026-09-19 18:40:00
-6.146600,-47.506500,GOES-19,2026-09-19 18:50:00
-6.146600,-47.506500,GOES-19,2026-09-19 19:10:00
-6.146600,-47.506500,GOES-19,2026-09-19 19:20:00
-6.146600,-47.506500,GOES-19,2026-09-19 19:40:00
-6.165300,-47.505200,GOES-19,2026-09-19 20:20:00
-5.829900,-47.483900,GOES-19,2026-09-19 13:00:00
-5.829900,-47.483900,GOES-19,2026-09-19 13:10:00
-5.829900,-47.483900,GOES-19,2026-09-19 13:20:00
-5.829900,-47.483900,GOES-19,2026-09-19 13:40:00
-5.829900,-47.483900,GOES-19,2026-09-19 14:00:00
-5.829900,-47.483900,GOES-19,2026-09-19 14:20:00
-5.736900,-47.468100,GOES-19,2026-09-19 14:30:00
-11.849100,-46.855600,GOES-19,2026-09-19 18:10:00
-11.849100,-46.855600,GOES-19,2026-09-19 18:20:00
-11.849100,-46.855600,GOES-19,2026-09-19 18:50:00
-11.849500,-46.833000,GOES-19,2026-09-19 18:10:00
-6.278400,-47.365800,GOES-19,2026-09-19 18:10:00
-6.278400,-47.365800,GOES-19,2026-09-19 18:20:00
-6.278400,-47.365800,GOES-19,2026-09-19 18:30:00
-6.278400,-47.365800,GOES-19,2026-09-19 18:40:00
-6.278400,-47.365800,GOES-19,2026-09-19 18:50:00
-10.153500,-47.003700,GOES-19,2026-09-19 14:40:00
-10.172500,-47.001500,GOES-19,2026-09-19 18:00:00
-10.172500,-47.001500,GOES-19,2026-09-19 18:10:00
-5.793500,-47.376800,GOES-19,2026-09-19 18:40:00
-5.793500,-47.376800,GOES-19,2026-09-19 18:50:00
-5.793500,-47.376800,GOES-19,2026-09-19 19:00:00
-5.793500,-47.376800,GOES-19,2026-09-19 19:20:00
-5.793500,-47.376800,GOES-19,2026-09-19 19:30:00
-5.793500,-47.376800,GOES-19,2026-09-19 19:50:00
-5.793700,-47.354900,GOES-19,2026-09-19 18:10:00
-5.793700,-47.354900,GOES-19,2026-09-19 18:30:00
-5.793700,-47.354900,GOES-19,2026-09-19 18:40:00
-5.793700,-47.354900,GOES-19,2026-09-19 18:50:00
-6.185900,-47.284500,GOES-19,2026-09-19 13:20:00
-6.185900,-47.284500,GOES-19,2026-09-19 13:30:00
-6.185900,-47.284500,GOES-19,2026-09-19 13:50:00
-5.757000,-47.291500,GOES-19,2026-09-19 18:40:00
-5.757000,-47.291500,GOES-19,2026-09-19 18:50:00
-5.757000,-47.291500,GOES-19,2026-09-19 19:00:00
-5.757000,-47.291500,GOES-19,2026-09-19 19:10:00
-5.757000,-47.291500,GOES-19,2026-09-19 19:20:00
-5.757000,-47.291500,GOES-19,2026-09-19 19:30:00
-8.473400,-47.027500,GOES-19,2026-09-19 14:10:00
-8.473400,-47.027500,GOES-19,2026-09-19 14:20:00
-8.473400,-47.027500,GOES-19,2026-09-19 14:30:00
-8.473400,-47.027500,GOES-19,2026-09-19 14:40:00
-8.473400,-47.027500,GOES-19,2026-09-19 14:50:00
-8.473400,-47.027500,GOES-19,2026-09-19 15:00:00
-8.473400,-47.027500,GOES-19,2026-09-19 15:10:00
-8.473400,-47.027500,GOES-19,2026-09-19 17:50:00
-8.473400,-47.027500,GOES-19,2026-09-19 18:00:00
-8.473400,-47.027500,GOES-19,2026-09-19 18:10:00
-8.473400,-47.027500,GOES-19,2026-09-19 18:40:00
-8.492200,-47.025700,GOES-19,2026-09-19 19:10:00
-10.555500,-46.754400,GOES-19,2026-09-19 13:10:00
-10.555500,-46.754400,GOES-19,2026-09-19 14:50:00
-10.555500,-46.754400,GOES-19,2026-09-19 17:30:00
-10.555500,-46.754400,GOES-19,2026-09-19 17:50:00
-10.555800,-46.732000,GOES-19,2026-09-19 13:10:00
-10.555800,-46.732000,GOES-19,2026-09-19 13:20:00
-10.555800,-46.732000,GOES-19,2026-09-19 14:20:00
-10.555800,-46.732000,GOES-19,2026-09-19 14:50:00
-10.555800,-46.732000,GOES-19,2026-09-19 15:00:00
-10.555800,-46.732000,GOES-19,2026-09-19 17:50:00
-10.157100,-46.757600,GOES-19,2026-09-19 18:20:00
-10.157100,-46.757600,GOES-19,2026-09-19 18:50:00
-10.176100,-46.755300,GOES-19,2026-09-19 18:50:00
-11.014400,-46.584400,GOES-19,2026-09-19 18:20:00
-11.014400,-46.584400,GOES-19,2026-09-19 18:30:00
-11.014400,-46.584400,GOES-19,2026-09-19 18:40:00
-11.014400,-46.584400,GOES-19,2026-09-19 18:50:00
-11.014400,-46.584400,GOES-19,2026-09-19 19:30:00
-10.995600,-46.564300,GOES-19,2026-09-19 19:30:00
-10.597300,-46.502300,GOES-19,2026-09-19 17:50:00
-10.597300,-46.502300,GOES-19,2026-09-19 18:10:00
-9.970600,-46.555500,GOES-19,2026-09-19 11:30:00
-9.970600,-46.555500,GOES-19,2026-09-19 11:40:00
-7.762400,-46.783400,GOES-19,2026-09-19 14:50:00
-7.762400,-46.783400,GOES-19,2026-09-19 15:00:00
-7.762400,-46.783400,GOES-19,2026-09-19 17:50:00
-7.762400,-46.783400,GOES-19,2026-09-19 18:00:00
-7.762400,-46.783400,GOES-19,2026-09-19 18:10:00
-7.762400,-46.783400,GOES-19,2026-09-19 18:20:00
-7.762400,-46.783400,GOES-19,2026-09-19 18:30:00
-7.762400,-46.783400,GOES-19,2026-09-19 18:40:00
-7.762400,-46.783400,GOES-19,2026-09-19 18:50:00
-7.781200,-46.781700,GOES-19,2026-09-19 18:00:00
-7.781200,-46.781700,GOES-19,2026-09-19 18:10:00
-7.781200,-46.781700,GOES-19,2026-09-19 19:40:00
-12.742800,-46.183000,GOES-19,2026-09-19 22:30:00
-7.743900,-46.762900,GOES-19,2026-09-19 14:30:00
-7.743900,-46.762900,GOES-19,2026-09-19 15:10:00
-7.743900,-46.762900,GOES-19,2026-09-19 18:40:00
-7.781400,-46.759500,GOES-19,2026-09-19 14:00:00
-7.781400,-46.759500,GOES-19,2026-09-19 14:10:00
-7.781400,-46.759500,GOES-19,2026-09-19 14:20:00
-7.781400,-46.759500,GOES-19,2026-09-19 14:30:00
-7.781400,-46.759500,GOES-19,2026-09-19 14:40:00
-7.781400,-46.759500,GOES-19,2026-09-19 14:50:00
-12.743200,-46.160100,GOES-19,2026-09-19 20:40:00
-12.743200,-46.160100,GOES-19,2026-09-19 22:30:00
-12.762500,-46.157200,GOES-19,2026-09-19 20:40:00
-12.762500,-46.157200,GOES-19,2026-09-19 22:30:00
-7.744100,-46.740600,GOES-19,2026-09-19 15:00:00
-7.744100,-46.740600,GOES-19,2026-09-19 15:10:00
-7.744100,-46.740600,GOES-19,2026-09-19 15:20:00
-7.781700,-46.737200,GOES-19,2026-09-19 13:50:00
-7.781700,-46.737200,GOES-19,2026-09-19 14:00:00
-7.781700,-46.737200,GOES-19,2026-09-19 14:10:00
-7.781700,-46.737200,GOES-19,2026-09-19 14:20:00
-12.743600,-46.137300,GOES-19,2026-09-19 20:20:00
-12.743600,-46.137300,GOES-19,2026-09-19 20:30:00
-12.743600,-46.137300,GOES-19,2026-09-19 20:40:00
-12.743600,-46.137300,GOES-19,2026-09-19 22:30:00
-12.762900,-46.134300,GOES-19,2026-09-19 20:20:00
-12.762900,-46.134300,GOES-19,2026-09-19 20:30:00
-12.762900,-46.134300,GOES-19,2026-09-19 20:40:00
-12.762900,-46.134300,GOES-19,2026-09-19 22:30:00
-4.605500,-46.941900,GOES-19,2026-09-19 18:50:00
-7.500500,-46.717700,GOES-19,2026-09-19 18:30:00
-7.500500,-46.717700,GOES-19,2026-09-19 18:40:00
-7.500500,-46.717700,GOES-19,2026-09-19 18:50:00
-7.500500,-46.717700,GOES-19,2026-09-19 19:00:00
-7.500500,-46.717700,GOES-19,2026-09-19 19:10:00
-7.500500,-46.717700,GOES-19,2026-09-19 19:20:00
-7.500500,-46.717700,GOES-19,2026-09-19 19:30:00
-7.500500,-46.717700,GOES-19,2026-09-19 19:40:00
-7.500500,-46.717700,GOES-19,2026-09-19 19:50:00
-10.770400,-46.367900,GOES-19,2026-09-19 18:00:00
-10.770400,-46.367900,GOES-19,2026-09-19 18:10:00
-10.770400,-46.367900,GOES-19,2026-09-19 18:20:00
-10.770400,-46.367900,GOES-19,2026-09-19 18:40:00
-10.770400,-46.367900,GOES-19,2026-09-19 18:50:00
-10.770800,-46.345300,GOES-19,2026-09-19 18:00:00
-10.770800,-46.345300,GOES-19,2026-09-19 18:10:00
-10.770800,-46.345300,GOES-19,2026-09-19 18:20:00
-10.770800,-46.345300,GOES-19,2026-09-19 18:40:00
-10.770800,-46.345300,GOES-19,2026-09-19 18:50:00
-12.725600,-46.071600,GOES-19,2026-09-19 18:50:00
-12.725600,-46.071600,GOES-19,2026-09-19 19:10:00
-12.725600,-46.071600,GOES-19,2026-09-19 19:20:00
-12.725600,-46.071600,GOES-19,2026-09-19 19:40:00
-12.725600,-46.071600,GOES-19,2026-09-19 19:50:00
-12.725600,-46.071600,GOES-19,2026-09-19 20:10:00
-12.725600,-46.071600,GOES-19,2026-09-19 20:40:00
-12.744900,-46.068600,GOES-19,2026-09-19 19:10:00
-12.744900,-46.068600,GOES-19,2026-09-19 19:20:00
-12.744900,-46.068600,GOES-19,2026-09-19 19:40:00
-12.744900,-46.068600,GOES-19,2026-09-19 19:50:00
-12.744900,-46.068600,GOES-19,2026-09-19 20:10:00
-12.744900,-46.068600,GOES-19,2026-09-19 20:20:00
-12.744900,-46.068600,GOES-19,2026-09-19 20:30:00
-12.744900,-46.068600,GOES-19,2026-09-19 20:40:00
-10.771100,-46.322700,GOES-19,2026-09-19 18:50:00
-12.726100,-46.048700,GOES-19,2026-09-19 18:00:00
-12.726100,-46.048700,GOES-19,2026-09-19 18:20:00
-12.726100,-46.048700,GOES-19,2026-09-19 19:50:00
-12.726100,-46.048700,GOES-19,2026-09-19 20:30:00
-12.726100,-46.048700,GOES-19,2026-09-19 20:40:00
-9.840000,-46.413600,GOES-19,2026-09-19 18:00:00
-9.840000,-46.413600,GOES-19,2026-09-19 18:10:00
-9.840000,-46.413600,GOES-19,2026-09-19 18:20:00
-9.840000,-46.413600,GOES-19,2026-09-19 18:30:00
-9.840000,-46.413600,GOES-19,2026-09-19 18:40:00
-9.840000,-46.413600,GOES-19,2026-09-19 18:50:00
-12.707200,-46.028700,GOES-19,2026-09-19 18:40:00
-12.726500,-46.025800,GOES-19,2026-09-19 18:10:00
-12.726500,-46.025800,GOES-19,2026-09-19 18:30:00
-12.726500,-46.025800,GOES-19,2026-09-19 18:40:00
-9.840400,-46.391100,GOES-19,2026-09-19 18:00:00
-9.840400,-46.391100,GOES-19,2026-09-19 18:10:00
-9.840400,-46.391100,GOES-19,2026-09-19 18:20:00
-7.407900,-46.614600,GOES-19,2026-09-19 19:30:00
-7.407900,-46.614600,GOES-19,2026-09-19 19:40:00
-7.407900,-46.614600,GOES-19,2026-09-19 19:50:00
-12.708100,-45.982900,GOES-19,2026-09-19 12:10:00
-12.708100,-45.982900,GOES-19,2026-09-19 12:20:00
-12.708100,-45.982900,GOES-19,2026-09-19 12:30:00
-12.708100,-45.982900,GOES-19,2026-09-19 12:40:00
-12.708100,-45.982900,GOES-19,2026-09-19 12:50:00
-12.708100,-45.982900,GOES-19,2026-09-19 13:00:00
-12.708100,-45.982900,GOES-19,2026-09-19 13:10:00
-12.708100,-45.982900,GOES-19,2026-09-19 13:20:00
-12.708100,-45.982900,GOES-19,2026-09-19 13:30:00
-12.708100,-45.982900,GOES-19,2026-09-19 13:40:00
-12.708100,-45.982900,GOES-19,2026-09-19 13:50:00
-12.708100,-45.982900,GOES-19,2026-09-19 14:00:00
-12.708100,-45.982900,GOES-19,2026-09-19 14:20:00
-12.708100,-45.982900,GOES-19,2026-09-19 14:40:00
-12.708100,-45.982900,GOES-19,2026-09-19 14:50:00
-12.708100,-45.982900,GOES-19,2026-09-19 15:00:00
-12.708100,-45.982900,GOES-19,2026-09-19 15:10:00
-12.708100,-45.982900,GOES-19,2026-09-19 15:20:00
-12.708100,-45.982900,GOES-19,2026-09-19 15:30:00
-12.708100,-45.982900,GOES-19,2026-09-19 15:40:00
-12.708100,-45.982900,GOES-19,2026-09-19 15:50:00
-14.125800,-45.590400,GOES-19,2026-09-19 18:30:00
-14.125800,-45.590400,GOES-19,2026-09-19 18:40:00
-14.125800,-45.590400,GOES-19,2026-09-19 18:50:00
-14.145300,-45.587000,GOES-19,2026-09-19 18:50:00
-14.145300,-45.587000,GOES-19,2026-09-19 19:20:00
-7.992300,-46.383600,GOES-19,2026-09-19 17:50:00
-7.992300,-46.383600,GOES-19,2026-09-19 18:00:00
-7.992300,-46.383600,GOES-19,2026-09-19 18:10:00
-14.145800,-45.563800,GOES-19,2026-09-19 18:20:00
-14.145800,-45.563800,GOES-19,2026-09-19 18:40:00
-14.145800,-45.563800,GOES-19,2026-09-19 18:50:00
-9.218500,-46.236500,GOES-19,2026-09-19 18:30:00
-9.218500,-46.236500,GOES-19,2026-09-19 18:40:00
-9.237400,-46.234400,GOES-19,2026-09-19 13:30:00
-9.237400,-46.234400,GOES-19,2026-09-19 13:40:00
-9.256300,-46.232300,GOES-19,2026-09-19 13:00:00
-9.256300,-46.232300,GOES-19,2026-09-19 13:10:00
-9.256300,-46.232300,GOES-19,2026-09-19 13:30:00
-9.256300,-46.232300,GOES-19,2026-09-19 13:40:00
-9.256300,-46.232300,GOES-19,2026-09-19 13:50:00
-9.256300,-46.232300,GOES-19,2026-09-19 15:00:00
-9.256300,-46.232300,GOES-19,2026-09-19 15:20:00
-9.256300,-46.232300,GOES-19,2026-09-19 18:30:00
-9.256300,-46.232300,GOES-19,2026-09-19 18:50:00
-9.218800,-46.213900,GOES-19,2026-09-19 15:20:00
-9.218800,-46.213900,GOES-19,2026-09-19 15:30:00
-9.218800,-46.213900,GOES-19,2026-09-19 17:50:00
-9.218800,-46.213900,GOES-19,2026-09-19 18:00:00
-9.218800,-46.213900,GOES-19,2026-09-19 18:10:00
-9.218800,-46.213900,GOES-19,2026-09-19 18:20:00
-9.218800,-46.213900,GOES-19,2026-09-19 18:30:00
-9.218800,-46.213900,GOES-19,2026-09-19 18:40:00
-8.050000,-46.266300,GOES-19,2026-09-19 17:40:00
-8.050000,-46.266300,GOES-19,2026-09-19 17:50:00
-8.050000,-46.266300,GOES-19,2026-09-19 18:00:00
-8.050000,-46.266300,GOES-19,2026-09-19 18:10:00
-8.050000,-46.266300,GOES-19,2026-09-19 18:20:00
-8.050000,-46.266300,GOES-19,2026-09-19 18:30:00
-8.050000,-46.266300,GOES-19,2026-09-19 18:40:00
-8.050000,-46.266300,GOES-19,2026-09-19 18:50:00
-9.731100,-46.088600,GOES-19,2026-09-19 13:00:00
-9.731100,-46.088600,GOES-19,2026-09-19 13:50:00
-9.731100,-46.088600,GOES-19,2026-09-19 15:10:00
-9.731100,-46.088600,GOES-19,2026-09-19 15:30:00
-9.731100,-46.088600,GOES-19,2026-09-19 15:40:00
-8.050300,-46.243900,GOES-19,2026-09-19 18:20:00
-8.050300,-46.243900,GOES-19,2026-09-19 18:30:00
-8.050300,-46.243900,GOES-19,2026-09-19 18:40:00
-8.050300,-46.243900,GOES-19,2026-09-19 18:50:00
-9.769700,-46.038900,GOES-19,2026-09-19 19:40:00
-9.769700,-46.038900,GOES-19,2026-09-19 19:50:00
-9.600300,-45.968200,GOES-19,2026-09-19 17:40:00
-9.600300,-45.968200,GOES-19,2026-09-19 17:50:00
-9.600300,-45.968200,GOES-19,2026-09-19 18:00:00
-9.600300,-45.968200,GOES-19,2026-09-19 18:20:00
-9.600300,-45.968200,GOES-19,2026-09-19 18:30:00
-9.600300,-45.968200,GOES-19,2026-09-19 18:40:00
-9.600300,-45.968200,GOES-19,2026-09-19 18:50:00
-9.600600,-45.945600,GOES-19,2026-09-19 17:30:00
-9.600600,-45.945600,GOES-19,2026-09-19 17:40:00
-9.600600,-45.945600,GOES-19,2026-09-19 17:50:00
-9.600600,-45.945600,GOES-19,2026-09-19 18:00:00
-9.600600,-45.945600,GOES-19,2026-09-19 18:10:00
-9.600600,-45.945600,GOES-19,2026-09-19 18:20:00
-9.600600,-45.945600,GOES-19,2026-09-19 18:30:00
-9.600600,-45.945600,GOES-19,2026-09-19 18:40:00
-9.600600,-45.945600,GOES-19,2026-09-19 18:50:00
-9.619600,-45.943400,GOES-19,2026-09-19 17:40:00
-9.619600,-45.943400,GOES-19,2026-09-19 18:00:00
-9.600900,-45.923000,GOES-19,2026-09-19 14:50:00
-9.600900,-45.923000,GOES-19,2026-09-19 15:10:00
-9.600900,-45.923000,GOES-19,2026-09-19 17:30:00
-9.600900,-45.923000,GOES-19,2026-09-19 17:40:00
-9.600900,-45.923000,GOES-19,2026-09-19 17:50:00
-9.600900,-45.923000,GOES-19,2026-09-19 18:00:00
-9.600900,-45.923000,GOES-19,2026-09-19 18:10:00
-9.600900,-45.923000,GOES-19,2026-09-19 18:20:00
-9.600900,-45.923000,GOES-19,2026-09-19 18:40:00
-9.619900,-45.920800,GOES-19,2026-09-19 17:40:00
-9.619900,-45.920800,GOES-19,2026-09-19 17:50:00
-9.619900,-45.920800,GOES-19,2026-09-19 18:20:00
-9.619900,-45.920800,GOES-19,2026-09-19 18:40:00
-9.260000,-45.961600,GOES-19,2026-09-19 13:30:00
-9.260000,-45.961600,GOES-19,2026-09-19 13:50:00
-9.260000,-45.961600,GOES-19,2026-09-19 14:30:00
-9.260000,-45.961600,GOES-19,2026-09-19 14:40:00
-9.260000,-45.961600,GOES-19,2026-09-19 18:10:00
-9.715400,-45.864400,GOES-19,2026-09-19 18:50:00
-9.715400,-45.864400,GOES-19,2026-09-19 19:00:00
-9.715400,-45.864400,GOES-19,2026-09-19 19:20:00
-9.715700,-45.841700,GOES-19,2026-09-19 18:50:00
-9.508100,-45.797900,GOES-19,2026-09-19 14:00:00
-9.508100,-45.797900,GOES-19,2026-09-19 14:20:00
-9.508100,-45.797900,GOES-19,2026-09-19 14:30:00
-9.508100,-45.797900,GOES-19,2026-09-19 14:40:00
-9.508100,-45.797900,GOES-19,2026-09-19 15:10:00
-8.430900,-45.891900,GOES-19,2026-09-19 18:40:00
-8.431200,-45.869300,GOES-19,2026-09-19 13:20:00
-8.431200,-45.869300,GOES-19,2026-09-19 13:40:00
-8.431200,-45.869300,GOES-19,2026-09-19 14:00:00
-8.431200,-45.869300,GOES-19,2026-09-19 17:50:00
-8.431200,-45.869300,GOES-19,2026-09-19 18:00:00
-8.431200,-45.869300,GOES-19,2026-09-19 18:10:00
-8.431200,-45.869300,GOES-19,2026-09-19 18:20:00
-8.431200,-45.869300,GOES-19,2026-09-19 18:30:00
-8.431200,-45.869300,GOES-19,2026-09-19 18:40:00
-8.431200,-45.869300,GOES-19,2026-09-19 18:50:00
-10.059500,-45.664400,GOES-19,2026-09-19 18:20:00
-9.131300,-45.704600,GOES-19,2026-09-19 19:10:00
-9.131300,-45.704600,GOES-19,2026-09-19 19:20:00
-9.131300,-45.704600,GOES-19,2026-09-19 19:30:00
-9.131300,-45.704600,GOES-19,2026-09-19 19:40:00
-9.131300,-45.704600,GOES-19,2026-09-19 19:50:00
-11.453700,-45.389200,GOES-19,2026-09-19 18:10:00
-11.453700,-45.389200,GOES-19,2026-09-19 18:40:00
-11.453700,-45.389200,GOES-19,2026-09-19 18:50:00
-11.453700,-45.389200,GOES-19,2026-09-19 19:00:00
-11.453700,-45.389200,GOES-19,2026-09-19 19:10:00
-11.453700,-45.389200,GOES-19,2026-09-19 19:20:00
-11.453700,-45.389200,GOES-19,2026-09-19 19:40:00
-11.453700,-45.389200,GOES-19,2026-09-19 19:50:00
-11.454100,-45.366200,GOES-19,2026-09-19 18:10:00
-11.454100,-45.366200,GOES-19,2026-09-19 18:30:00
-11.454100,-45.366200,GOES-19,2026-09-19 18:40:00
-11.454100,-45.366200,GOES-19,2026-09-19 18:50:00
-11.454100,-45.366200,GOES-19,2026-09-19 19:00:00
-11.454100,-45.366200,GOES-19,2026-09-19 19:10:00
-11.454100,-45.366200,GOES-19,2026-09-19 19:20:00
-11.454100,-45.366200,GOES-19,2026-09-19 19:50:00
-11.473200,-45.363500,GOES-19,2026-09-19 17:50:00
-11.473200,-45.363500,GOES-19,2026-09-19 18:10:00
-11.473200,-45.363500,GOES-19,2026-09-19 18:20:00
-11.473200,-45.363500,GOES-19,2026-09-19 18:30:00
-11.473200,-45.363500,GOES-19,2026-09-19 18:40:00
-11.473200,-45.363500,GOES-19,2026-09-19 18:50:00
-11.473200,-45.363500,GOES-19,2026-09-19 19:00:00
-11.473200,-45.363500,GOES-19,2026-09-19 19:10:00
-11.473200,-45.363500,GOES-19,2026-09-19 19:20:00
-11.473200,-45.363500,GOES-19,2026-09-19 19:40:00
-11.473200,-45.363500,GOES-19,2026-09-19 19:50:00
-11.435300,-45.345900,GOES-19,2026-09-19 18:30:00
-11.454500,-45.343200,GOES-19,2026-09-19 17:40:00
-11.454500,-45.343200,GOES-19,2026-09-19 17:50:00
-11.454500,-45.343200,GOES-19,2026-09-19 18:00:00
-11.454500,-45.343200,GOES-19,2026-09-19 18:10:00
-11.454500,-45.343200,GOES-19,2026-09-19 18:20:00
-11.454500,-45.343200,GOES-19,2026-09-19 18:30:00
-11.454500,-45.343200,GOES-19,2026-09-19 18:40:00
-11.454500,-45.343200,GOES-19,2026-09-19 18:50:00
-11.454500,-45.343200,GOES-19,2026-09-19 19:00:00
-11.473600,-45.340500,GOES-19,2026-09-19 17:40:00
-11.473600,-45.340500,GOES-19,2026-09-19 17:50:00
-11.473600,-45.340500,GOES-19,2026-09-19 18:00:00
-11.473600,-45.340500,GOES-19,2026-09-19 18:10:00
-11.473600,-45.340500,GOES-19,2026-09-19 18:20:00
-11.473600,-45.340500,GOES-19,2026-09-19 18:30:00
-11.473600,-45.340500,GOES-19,2026-09-19 18:40:00
-11.473600,-45.340500,GOES-19,2026-09-19 18:50:00
-11.473600,-45.340500,GOES-19,2026-09-19 19:00:00
-6.985100,-45.823500,GOES-19,2026-09-19 17:50:00
-6.985100,-45.823500,GOES-19,2026-09-19 18:00:00
-6.985100,-45.823500,GOES-19,2026-09-19 18:40:00
-6.985100,-45.823500,GOES-19,2026-09-19 18:50:00
-7.003900,-45.821900,GOES-19,2026-09-19 18:40:00
-11.454900,-45.320200,GOES-19,2026-09-19 14:00:00
-11.454900,-45.320200,GOES-19,2026-09-19 15:50:00
-11.454900,-45.320200,GOES-19,2026-09-19 17:30:00
-11.454900,-45.320200,GOES-19,2026-09-19 17:40:00
-11.454900,-45.320200,GOES-19,2026-09-19 17:50:00
-11.454900,-45.320200,GOES-19,2026-09-19 18:00:00
-11.454900,-45.320200,GOES-19,2026-09-19 18:10:00
-11.454900,-45.320200,GOES-19,2026-09-19 18:20:00
-11.454900,-45.320200,GOES-19,2026-09-19 18:30:00
-11.454900,-45.320200,GOES-19,2026-09-19 18:40:00
-11.454900,-45.320200,GOES-19,2026-09-19 18:50:00
-5.376500,-45.920600,GOES-19,2026-09-19 18:20:00
-5.376500,-45.920600,GOES-19,2026-09-19 18:50:00
-5.395100,-45.919400,GOES-19,2026-09-19 18:40:00
-5.395100,-45.919400,GOES-19,2026-09-19 18:50:00
-6.985400,-45.801000,GOES-19,2026-09-19 18:40:00
-7.004100,-45.799400,GOES-19,2026-09-19 17:50:00
-7.004100,-45.799400,GOES-19,2026-09-19 18:00:00
-8.358300,-45.673500,GOES-19,2026-09-19 15:00:00
-8.358300,-45.673500,GOES-19,2026-09-19 15:10:00
-8.358300,-45.673500,GOES-19,2026-09-19 18:00:00
-8.358300,-45.673500,GOES-19,2026-09-19 18:10:00
-10.252400,-45.458200,GOES-19,2026-09-19 18:10:00
-7.023100,-45.775300,GOES-19,2026-09-19 11:40:00
-7.023100,-45.775300,GOES-19,2026-09-19 12:20:00
-10.214700,-45.440100,GOES-19,2026-09-19 14:20:00
-10.214700,-45.440100,GOES-19,2026-09-19 14:30:00
-10.214700,-45.440100,GOES-19,2026-09-19 14:40:00
-10.214700,-45.440100,GOES-19,2026-09-19 15:00:00
-10.214700,-45.440100,GOES-19,2026-09-19 15:10:00
-10.233700,-45.437800,GOES-19,2026-09-19 14:10:00
-10.233700,-45.437800,GOES-19,2026-09-19 14:20:00
-10.233700,-45.437800,GOES-19,2026-09-19 14:30:00
-10.233700,-45.437800,GOES-19,2026-09-19 14:40:00
-10.233700,-45.437800,GOES-19,2026-09-19 14:50:00
-10.233700,-45.437800,GOES-19,2026-09-19 15:00:00
-10.252700,-45.435400,GOES-19,2026-09-19 18:00:00
-10.252700,-45.435400,GOES-19,2026-09-19 18:10:00
-10.252700,-45.435400,GOES-19,2026-09-19 18:20:00
-10.252700,-45.435400,GOES-19,2026-09-19 18:30:00
-10.252700,-45.435400,GOES-19,2026-09-19 18:40:00
-10.271800,-45.433000,GOES-19,2026-09-19 18:00:00
-10.271800,-45.433000,GOES-19,2026-09-19 18:10:00
-10.271800,-45.433000,GOES-19,2026-09-19 18:20:00
-10.271800,-45.433000,GOES-19,2026-09-19 18:40:00
-8.396500,-45.624400,GOES-19,2026-09-19 18:50:00
-10.215000,-45.417300,GOES-19,2026-09-19 14:20:00
-10.215000,-45.417300,GOES-19,2026-09-19 14:30:00
-10.215000,-45.417300,GOES-19,2026-09-19 15:10:00
-10.253100,-45.412500,GOES-19,2026-09-19 18:10:00
-10.253100,-45.412500,GOES-19,2026-09-19 18:20:00
-10.272100,-45.410100,GOES-19,2026-09-19 18:20:00
-10.291200,-45.407700,GOES-19,2026-09-19 14:30:00
-10.291200,-45.407700,GOES-19,2026-09-19 14:50:00
-10.310900,-45.359500,GOES-19,2026-09-19 17:30:00
-10.310900,-45.359500,GOES-19,2026-09-19 17:40:00
-10.310900,-45.359500,GOES-19,2026-09-19 18:00:00
-10.330000,-45.357000,GOES-19,2026-09-19 17:50:00
-10.330000,-45.357000,GOES-19,2026-09-19 18:00:00
-10.330000,-45.357000,GOES-19,2026-09-19 18:20:00
-10.330000,-45.357000,GOES-19,2026-09-19 18:30:00
-10.235100,-45.346200,GOES-19,2026-09-19 18:20:00
-10.235100,-45.346200,GOES-19,2026-09-19 18:30:00
-10.235100,-45.346200,GOES-19,2026-09-19 18:40:00
-10.235100,-45.346200,GOES-19,2026-09-19 18:50:00
-10.235100,-45.346200,GOES-19,2026-09-19 19:00:00
-4.799600,-45.776800,GOES-19,2026-09-19 19:20:00
-4.799600,-45.776800,GOES-19,2026-09-19 19:30:00
-4.799600,-45.776800,GOES-19,2026-09-19 19:40:00
-4.799600,-45.776800,GOES-19,2026-09-19 19:50:00
-4.818300,-45.775700,GOES-19,2026-09-19 19:20:00
-4.818300,-45.775700,GOES-19,2026-09-19 19:30:00
-4.818300,-45.775700,GOES-19,2026-09-19 19:40:00
-4.818300,-45.775700,GOES-19,2026-09-19 19:50:00
-8.719200,-45.454600,GOES-19,2026-09-19 13:50:00
-8.719200,-45.454600,GOES-19,2026-09-19 14:00:00
-8.719200,-45.454600,GOES-19,2026-09-19 14:10:00
-8.719200,-45.454600,GOES-19,2026-09-19 14:20:00
-8.719200,-45.454600,GOES-19,2026-09-19 17:40:00
-8.719200,-45.454600,GOES-19,2026-09-19 17:50:00
-8.719200,-45.454600,GOES-19,2026-09-19 18:00:00
-8.719200,-45.454600,GOES-19,2026-09-19 18:10:00
-8.719200,-45.454600,GOES-19,2026-09-19 18:20:00
-8.719200,-45.454600,GOES-19,2026-09-19 18:30:00
-8.719200,-45.454600,GOES-19,2026-09-19 18:40:00
-8.719200,-45.454600,GOES-19,2026-09-19 18:50:00
-8.719500,-45.431900,GOES-19,2026-09-19 13:50:00
-9.381800,-45.358200,GOES-19,2026-09-19 12:10:00
-9.381800,-45.358200,GOES-19,2026-09-19 12:20:00
-9.381800,-45.358200,GOES-19,2026-09-19 13:00:00
-9.381800,-45.358200,GOES-19,2026-09-19 14:20:00
-6.331700,-45.628700,GOES-19,2026-09-19 14:30:00
-6.331700,-45.628700,GOES-19,2026-09-19 14:50:00
-7.288100,-45.549400,GOES-19,2026-09-19 19:10:00
-7.288100,-45.549400,GOES-19,2026-09-19 19:20:00
-7.288100,-45.549400,GOES-19,2026-09-19 19:30:00
-7.288100,-45.549400,GOES-19,2026-09-19 19:40:00
-7.288100,-45.549400,GOES-19,2026-09-19 19:50:00
-6.594600,-45.540400,GOES-19,2026-09-19 17:30:00
-6.594600,-45.540400,GOES-19,2026-09-19 17:40:00
-6.594600,-45.540400,GOES-19,2026-09-19 18:00:00
-6.594600,-45.540400,GOES-19,2026-09-19 18:10:00
-6.594600,-45.540400,GOES-19,2026-09-19 18:20:00
-7.878700,-44.857700,GOES-19,2026-09-19 14:00:00
-6.594600,-45.540400,GOES-19,2026-09-19 18:30:00
-6.594600,-45.540400,GOES-19,2026-09-19 18:40:00
-6.594600,-45.540400,GOES-19,2026-09-19 18:50:00
-6.594600,-45.540400,GOES-19,2026-09-19 19:10:00
-6.594600,-45.540400,GOES-19,2026-09-19 19:20:00
-6.594600,-45.540400,GOES-19,2026-09-19 19:30:00
-6.594600,-45.540400,GOES-19,2026-09-19 20:00:00
-6.594600,-45.540400,GOES-19,2026-09-19 20:10:00
-6.594600,-45.540400,GOES-19,2026-09-19 20:30:00
-7.627200,-45.450700,GOES-19,2026-09-19 13:50:00
-6.576100,-45.519400,GOES-19,2026-09-19 15:10:00
-6.576100,-45.519400,GOES-19,2026-09-19 15:30:00
-6.576100,-45.519400,GOES-19,2026-09-19 17:40:00
-6.576100,-45.519400,GOES-19,2026-09-19 17:50:00
-6.576100,-45.519400,GOES-19,2026-09-19 18:10:00
-6.576100,-45.519400,GOES-19,2026-09-19 18:20:00
-6.576100,-45.519400,GOES-19,2026-09-19 18:30:00
-6.576100,-45.519400,GOES-19,2026-09-19 18:40:00
-6.576100,-45.519400,GOES-19,2026-09-19 18:50:00
-6.576100,-45.519400,GOES-19,2026-09-19 19:10:00
-6.576100,-45.519400,GOES-19,2026-09-19 19:20:00
-6.576100,-45.519400,GOES-19,2026-09-19 20:00:00
-6.594800,-45.517900,GOES-19,2026-09-19 14:30:00
-6.594800,-45.517900,GOES-19,2026-09-19 15:10:00
-6.594800,-45.517900,GOES-19,2026-09-19 15:20:00
-6.594800,-45.517900,GOES-19,2026-09-19 15:30:00
-6.594800,-45.517900,GOES-19,2026-09-19 15:40:00
-6.594800,-45.517900,GOES-19,2026-09-19 15:50:00
-6.594800,-45.517900,GOES-19,2026-09-19 17:30:00
-6.594800,-45.517900,GOES-19,2026-09-19 17:40:00
-6.594800,-45.517900,GOES-19,2026-09-19 17:50:00
-6.594800,-45.517900,GOES-19,2026-09-19 18:00:00
-6.594800,-45.517900,GOES-19,2026-09-19 18:10:00
-6.594800,-45.517900,GOES-19,2026-09-19 18:20:00
-6.594800,-45.517900,GOES-19,2026-09-19 18:30:00
-6.594800,-45.517900,GOES-19,2026-09-19 18:40:00
-6.594800,-45.517900,GOES-19,2026-09-19 18:50:00
-6.594800,-45.517900,GOES-19,2026-09-19 19:20:00
-6.594800,-45.517900,GOES-19,2026-09-19 20:00:00
-6.594800,-45.517900,GOES-19,2026-09-19 20:10:00
-6.594800,-45.517900,GOES-19,2026-09-19 20:30:00
-7.627500,-45.428000,GOES-19,2026-09-19 13:20:00
-7.627500,-45.428000,GOES-19,2026-09-19 13:30:00
-7.627500,-45.428000,GOES-19,2026-09-19 13:50:00
-7.627500,-45.428000,GOES-19,2026-09-19 18:00:00
-4.894000,-45.614300,GOES-19,2026-09-19 19:10:00
-4.894000,-45.614300,GOES-19,2026-09-19 19:20:00
-4.894000,-45.614300,GOES-19,2026-09-19 19:30:00
-5.509900,-45.575300,GOES-19,2026-09-19 18:20:00
-5.584600,-45.570300,GOES-19,2026-09-19 18:40:00
-5.584600,-45.570300,GOES-19,2026-09-19 18:50:00
-5.603300,-45.569000,GOES-19,2026-09-19 15:00:00
-5.603300,-45.569000,GOES-19,2026-09-19 15:10:00
-5.603300,-45.569000,GOES-19,2026-09-19 17:50:00
-5.603300,-45.569000,GOES-19,2026-09-19 18:10:00
-5.603300,-45.569000,GOES-19,2026-09-19 18:20:00
-6.576300,-45.496800,GOES-19,2026-09-19 15:00:00
-6.576300,-45.496800,GOES-19,2026-09-19 15:10:00
-6.576300,-45.496800,GOES-19,2026-09-19 15:30:00
-6.576300,-45.496800,GOES-19,2026-09-19 15:50:00
-6.576300,-45.496800,GOES-19,2026-09-19 16:00:00
-6.576300,-45.496800,GOES-19,2026-09-19 16:30:00
-6.576300,-45.496800,GOES-19,2026-09-19 17:20:00
-6.576300,-45.496800,GOES-19,2026-09-19 17:40:00
-6.576300,-45.496800,GOES-19,2026-09-19 17:50:00
-6.576300,-45.496800,GOES-19,2026-09-19 18:10:00
-6.576300,-45.496800,GOES-19,2026-09-19 18:20:00
-6.576300,-45.496800,GOES-19,2026-09-19 18:40:00
-6.576300,-45.496800,GOES-19,2026-09-19 18:50:00
-6.595000,-45.495300,GOES-19,2026-09-19 13:40:00
-6.595000,-45.495300,GOES-19,2026-09-19 13:50:00
-6.595000,-45.495300,GOES-19,2026-09-19 14:00:00
-6.595000,-45.495300,GOES-19,2026-09-19 14:10:00
-6.595000,-45.495300,GOES-19,2026-09-19 14:20:00
-6.595000,-45.495300,GOES-19,2026-09-19 14:30:00
-6.595000,-45.495300,GOES-19,2026-09-19 14:40:00
-6.595000,-45.495300,GOES-19,2026-09-19 14:50:00
-6.595000,-45.495300,GOES-19,2026-09-19 15:00:00
-6.595000,-45.495300,GOES-19,2026-09-19 15:10:00
-6.595000,-45.495300,GOES-19,2026-09-19 15:20:00
-6.595000,-45.495300,GOES-19,2026-09-19 15:30:00
-6.595000,-45.495300,GOES-19,2026-09-19 15:40:00
-6.595000,-45.495300,GOES-19,2026-09-19 15:50:00
-6.595000,-45.495300,GOES-19,2026-09-19 16:00:00
-6.595000,-45.495300,GOES-19,2026-09-19 16:20:00
-6.595000,-45.495300,GOES-19,2026-09-19 16:30:00
-6.595000,-45.495300,GOES-19,2026-09-19 16:40:00
-6.595000,-45.495300,GOES-19,2026-09-19 16:50:00
-6.595000,-45.495300,GOES-19,2026-09-19 17:10:00
-6.595000,-45.495300,GOES-19,2026-09-19 17:20:00
-6.595000,-45.495300,GOES-19,2026-09-19 17:30:00
-6.595000,-45.495300,GOES-19,2026-09-19 17:40:00
-6.595000,-45.495300,GOES-19,2026-09-19 17:50:00
-6.595000,-45.495300,GOES-19,2026-09-19 18:00:00
-6.595000,-45.495300,GOES-19,2026-09-19 18:10:00
-6.595000,-45.495300,GOES-19,2026-09-19 18:20:00
-6.595000,-45.495300,GOES-19,2026-09-19 18:40:00
-6.613800,-45.493800,GOES-19,2026-09-19 13:40:00
-6.613800,-45.493800,GOES-19,2026-09-19 13:50:00
-6.613800,-45.493800,GOES-19,2026-09-19 14:00:00
-6.613800,-45.493800,GOES-19,2026-09-19 14:10:00
-6.613800,-45.493800,GOES-19,2026-09-19 14:20:00
-6.613800,-45.493800,GOES-19,2026-09-19 14:30:00
-6.613800,-45.493800,GOES-19,2026-09-19 14:40:00
-6.613800,-45.493800,GOES-19,2026-09-19 14:50:00
-6.613800,-45.493800,GOES-19,2026-09-19 15:00:00
-6.613800,-45.493800,GOES-19,2026-09-19 15:10:00
-6.613800,-45.493800,GOES-19,2026-09-19 15:20:00
-6.613800,-45.493800,GOES-19,2026-09-19 15:40:00
-10.467300,-45.087300,GOES-19,2026-09-19 18:10:00
-10.467300,-45.087300,GOES-19,2026-09-19 18:20:00
-10.467300,-45.087300,GOES-19,2026-09-19 18:30:00
-10.467300,-45.087300,GOES-19,2026-09-19 18:40:00
-10.467300,-45.087300,GOES-19,2026-09-19 18:50:00
-5.584800,-45.547800,GOES-19,2026-09-19 14:50:00
-5.584800,-45.547800,GOES-19,2026-09-19 15:00:00
-5.584800,-45.547800,GOES-19,2026-09-19 15:10:00
-5.584800,-45.547800,GOES-19,2026-09-19 18:00:00
-5.584800,-45.547800,GOES-19,2026-09-19 18:10:00
-5.584800,-45.547800,GOES-19,2026-09-19 18:20:00
-5.584800,-45.547800,GOES-19,2026-09-19 18:30:00
-5.584800,-45.547800,GOES-19,2026-09-19 18:40:00
-5.584800,-45.547800,GOES-19,2026-09-19 18:50:00
-5.603500,-45.546500,GOES-19,2026-09-19 14:50:00
-5.603500,-45.546500,GOES-19,2026-09-19 15:00:00
-5.603500,-45.546500,GOES-19,2026-09-19 15:10:00
-5.603500,-45.546500,GOES-19,2026-09-19 15:20:00
-5.603500,-45.546500,GOES-19,2026-09-19 15:30:00
-5.603500,-45.546500,GOES-19,2026-09-19 18:10:00
-5.603500,-45.546500,GOES-19,2026-09-19 18:20:00
-6.595300,-45.472700,GOES-19,2026-09-19 13:00:00
-6.595300,-45.472700,GOES-19,2026-09-19 13:10:00
-6.595300,-45.472700,GOES-19,2026-09-19 13:20:00
-6.595300,-45.472700,GOES-19,2026-09-19 13:30:00
-6.595300,-45.472700,GOES-19,2026-09-19 13:40:00
-6.595300,-45.472700,GOES-19,2026-09-19 13:50:00
-6.595300,-45.472700,GOES-19,2026-09-19 14:00:00
-6.595300,-45.472700,GOES-19,2026-09-19 14:10:00
-6.595300,-45.472700,GOES-19,2026-09-19 14:20:00
-6.595300,-45.472700,GOES-19,2026-09-19 14:30:00
-6.595300,-45.472700,GOES-19,2026-09-19 14:40:00
-6.595300,-45.472700,GOES-19,2026-09-19 14:50:00
-6.595300,-45.472700,GOES-19,2026-09-19 15:00:00
-6.595300,-45.472700,GOES-19,2026-09-19 15:10:00
-6.595300,-45.472700,GOES-19,2026-09-19 15:20:00
-6.595300,-45.472700,GOES-19,2026-09-19 15:30:00
-6.595300,-45.472700,GOES-19,2026-09-19 15:40:00
-6.595300,-45.472700,GOES-19,2026-09-19 15:50:00
-6.595300,-45.472700,GOES-19,2026-09-19 16:30:00
-6.595300,-45.472700,GOES-19,2026-09-19 16:40:00
-6.595300,-45.472700,GOES-19,2026-09-19 16:50:00
-6.595300,-45.472700,GOES-19,2026-09-19 17:20:00
-6.595300,-45.472700,GOES-19,2026-09-19 17:50:00
-6.595300,-45.472700,GOES-19,2026-09-19 18:00:00
-6.595300,-45.472700,GOES-19,2026-09-19 18:10:00
-6.595300,-45.472700,GOES-19,2026-09-19 18:40:00
-7.552800,-45.389700,GOES-19,2026-09-19 14:50:00
-10.467600,-45.064300,GOES-19,2026-09-19 18:30:00
-10.467600,-45.064300,GOES-19,2026-09-19 18:40:00
-10.467600,-45.064300,GOES-19,2026-09-19 18:50:00
-6.614500,-45.425900,GOES-19,2026-09-19 15:40:00
-6.614500,-45.425900,GOES-19,2026-09-19 15:50:00
-6.614500,-45.425900,GOES-19,2026-09-19 16:00:00
-6.633200,-45.424400,GOES-19,2026-09-19 15:40:00
-6.633200,-45.424400,GOES-19,2026-09-19 15:50:00
-6.633200,-45.424400,GOES-19,2026-09-19 16:00:00
-7.948800,-45.283800,GOES-19,2026-09-19 18:10:00
-7.948800,-45.283800,GOES-19,2026-09-19 18:20:00
-7.948800,-45.283800,GOES-19,2026-09-19 18:30:00
-7.948800,-45.283800,GOES-19,2026-09-19 18:40:00
-7.948800,-45.283800,GOES-19,2026-09-19 18:50:00
-7.948800,-45.283800,GOES-19,2026-09-19 19:00:00
-7.948800,-45.283800,GOES-19,2026-09-19 19:10:00
-7.948800,-45.283800,GOES-19,2026-09-19 19:20:00
-9.783600,-45.081900,GOES-19,2026-09-19 18:20:00
-9.783600,-45.081900,GOES-19,2026-09-19 18:30:00
-9.783600,-45.081900,GOES-19,2026-09-19 18:40:00
-9.783600,-45.081900,GOES-19,2026-09-19 19:00:00
-9.783600,-45.081900,GOES-19,2026-09-19 19:10:00
-9.783600,-45.081900,GOES-19,2026-09-19 19:20:00
-9.802600,-45.079600,GOES-19,2026-09-19 19:10:00
-7.968000,-45.259200,GOES-19,2026-09-19 18:10:00
-7.968000,-45.259200,GOES-19,2026-09-19 18:20:00
-7.968000,-45.259200,GOES-19,2026-09-19 18:30:00
-9.803000,-45.056600,GOES-19,2026-09-19 15:20:00
-9.803000,-45.056600,GOES-19,2026-09-19 18:20:00
-7.949100,-45.261000,GOES-19,2026-09-19 18:20:00
-7.949100,-45.261000,GOES-19,2026-09-19 18:30:00
-7.949100,-45.261000,GOES-19,2026-09-19 18:40:00
-7.949100,-45.261000,GOES-19,2026-09-19 18:50:00
-5.754500,-45.355700,GOES-19,2026-09-19 18:50:00
-7.028600,-45.255400,GOES-19,2026-09-19 19:50:00
-7.047400,-45.253800,GOES-19,2026-09-19 19:50:00
-5.754700,-45.333100,GOES-19,2026-09-19 14:50:00
-7.047600,-45.231100,GOES-19,2026-09-19 19:50:00
-5.998300,-45.270200,GOES-19,2026-09-19 13:20:00
-5.998300,-45.270200,GOES-19,2026-09-19 13:30:00
-5.998300,-45.270200,GOES-19,2026-09-19 13:40:00
-5.998300,-45.270200,GOES-19,2026-09-19 13:50:00
-5.998300,-45.270200,GOES-19,2026-09-19 15:10:00
-6.017000,-45.268900,GOES-19,2026-09-19 13:30:00
-7.878700,-44.857700,GOES-19,2026-09-19 14:20:00
-6.017000,-45.268900,GOES-19,2026-09-19 13:40:00
-5.661600,-45.294400,GOES-19,2026-09-19 18:20:00
-5.661600,-45.294400,GOES-19,2026-09-19 18:30:00
-5.661600,-45.294400,GOES-19,2026-09-19 18:40:00
-5.661600,-45.294400,GOES-19,2026-09-19 18:50:00
-5.998500,-45.247600,GOES-19,2026-09-19 13:20:00
-5.998500,-45.247600,GOES-19,2026-09-19 13:30:00
-5.998500,-45.247600,GOES-19,2026-09-19 13:40:00
-6.391800,-45.217500,GOES-19,2026-09-19 18:30:00
-6.560500,-45.204000,GOES-19,2026-09-19 18:30:00
-6.560500,-45.204000,GOES-19,2026-09-19 19:10:00
-6.560500,-45.204000,GOES-19,2026-09-19 19:30:00
-6.560500,-45.204000,GOES-19,2026-09-19 19:40:00
-6.560500,-45.204000,GOES-19,2026-09-19 21:50:00
-6.541900,-45.182800,GOES-19,2026-09-19 17:40:00
-6.541900,-45.182800,GOES-19,2026-09-19 18:30:00
-6.541900,-45.182800,GOES-19,2026-09-19 18:40:00
-6.541900,-45.182800,GOES-19,2026-09-19 18:50:00
-6.541900,-45.182800,GOES-19,2026-09-19 21:50:00
-6.785800,-45.162700,GOES-19,2026-09-19 13:10:00
-6.785800,-45.162700,GOES-19,2026-09-19 13:20:00
-6.785800,-45.162700,GOES-19,2026-09-19 13:30:00
-6.785800,-45.162700,GOES-19,2026-09-19 13:40:00
-6.785800,-45.162700,GOES-19,2026-09-19 13:50:00
-6.785800,-45.162700,GOES-19,2026-09-19 14:00:00
-6.785800,-45.162700,GOES-19,2026-09-19 14:10:00
-6.785800,-45.162700,GOES-19,2026-09-19 14:20:00
-6.785800,-45.162700,GOES-19,2026-09-19 14:30:00
-6.785800,-45.162700,GOES-19,2026-09-19 14:40:00
-6.785800,-45.162700,GOES-19,2026-09-19 14:50:00
-6.785800,-45.162700,GOES-19,2026-09-19 15:00:00
-6.785800,-45.162700,GOES-19,2026-09-19 15:10:00
-6.785800,-45.162700,GOES-19,2026-09-19 15:20:00
-6.785800,-45.162700,GOES-19,2026-09-19 15:30:00
-6.785800,-45.162700,GOES-19,2026-09-19 15:40:00
-6.785800,-45.162700,GOES-19,2026-09-19 15:50:00
-6.785800,-45.162700,GOES-19,2026-09-19 17:30:00
-6.804500,-45.161100,GOES-19,2026-09-19 13:10:00
-6.804500,-45.161100,GOES-19,2026-09-19 13:20:00
-6.804500,-45.161100,GOES-19,2026-09-19 13:30:00
-6.804500,-45.161100,GOES-19,2026-09-19 13:40:00
-6.804500,-45.161100,GOES-19,2026-09-19 13:50:00
-6.804500,-45.161100,GOES-19,2026-09-19 14:00:00
-6.804500,-45.161100,GOES-19,2026-09-19 14:10:00
-6.804500,-45.161100,GOES-19,2026-09-19 14:30:00
-6.804500,-45.161100,GOES-19,2026-09-19 14:40:00
-6.804500,-45.161100,GOES-19,2026-09-19 14:50:00
-12.024100,-44.542100,GOES-19,2026-09-19 18:10:00
-2.588400,-45.382500,GOES-19,2026-09-19 15:00:00
-5.699600,-45.223900,GOES-19,2026-09-19 18:20:00
-5.718300,-45.222600,GOES-19,2026-09-19 18:00:00
-5.718300,-45.222600,GOES-19,2026-09-19 18:20:00
-5.718300,-45.222600,GOES-19,2026-09-19 18:30:00
-5.718300,-45.222600,GOES-19,2026-09-19 18:40:00
-5.718300,-45.222600,GOES-19,2026-09-19 18:50:00
-6.542200,-45.160100,GOES-19,2026-09-19 18:30:00
-6.786000,-45.140000,GOES-19,2026-09-19 13:00:00
-6.786000,-45.140000,GOES-19,2026-09-19 13:10:00
-6.786000,-45.140000,GOES-19,2026-09-19 13:20:00
-6.786000,-45.140000,GOES-19,2026-09-19 13:30:00
-6.786000,-45.140000,GOES-19,2026-09-19 13:40:00
-6.786000,-45.140000,GOES-19,2026-09-19 13:50:00
-6.786000,-45.140000,GOES-19,2026-09-19 14:00:00
-6.786000,-45.140000,GOES-19,2026-09-19 14:50:00
-6.804800,-45.138400,GOES-19,2026-09-19 13:10:00
-6.804800,-45.138400,GOES-19,2026-09-19 13:20:00
-6.804800,-45.138400,GOES-19,2026-09-19 13:40:00
-6.804800,-45.138400,GOES-19,2026-09-19 13:50:00
-6.804800,-45.138400,GOES-19,2026-09-19 14:00:00
-6.804800,-45.138400,GOES-19,2026-09-19 14:50:00
-6.505600,-45.072300,GOES-19,2026-09-19 13:40:00
-6.524300,-45.070800,GOES-19,2026-09-19 13:20:00
-6.524300,-45.070800,GOES-19,2026-09-19 13:40:00
-6.524300,-45.070800,GOES-19,2026-09-19 14:10:00
-6.524300,-45.070800,GOES-19,2026-09-19 14:30:00
-6.524300,-45.070800,GOES-19,2026-09-19 15:20:00
-6.524300,-45.070800,GOES-19,2026-09-19 15:50:00
-6.524300,-45.070800,GOES-19,2026-09-19 16:00:00
-6.524300,-45.070800,GOES-19,2026-09-19 17:30:00
-6.524300,-45.070800,GOES-19,2026-09-19 17:40:00
-6.524300,-45.070800,GOES-19,2026-09-19 18:30:00
-6.524500,-45.048000,GOES-19,2026-09-19 12:50:00
-6.524500,-45.048000,GOES-19,2026-09-19 13:10:00
-6.524500,-45.048000,GOES-19,2026-09-19 13:20:00
-6.524500,-45.048000,GOES-19,2026-09-19 13:30:00
-6.524500,-45.048000,GOES-19,2026-09-19 13:40:00
-6.524500,-45.048000,GOES-19,2026-09-19 13:50:00
-6.524500,-45.048000,GOES-19,2026-09-19 14:00:00
-6.524500,-45.048000,GOES-19,2026-09-19 14:10:00
-6.524500,-45.048000,GOES-19,2026-09-19 14:20:00
-6.524500,-45.048000,GOES-19,2026-09-19 14:30:00
-6.524500,-45.048000,GOES-19,2026-09-19 16:00:00
-7.821300,-44.931900,GOES-19,2026-09-19 13:40:00
-7.821300,-44.931900,GOES-19,2026-09-19 13:50:00
-7.821300,-44.931900,GOES-19,2026-09-19 14:20:00
-7.821300,-44.931900,GOES-19,2026-09-19 15:20:00
-7.821300,-44.931900,GOES-19,2026-09-19 15:40:00
-6.337300,-45.040300,GOES-19,2026-09-19 18:00:00
-8.500800,-44.839400,GOES-19,2026-09-19 13:40:00
-8.500800,-44.839400,GOES-19,2026-09-19 14:10:00
-6.318800,-45.019100,GOES-19,2026-09-19 15:10:00
-6.393700,-45.013100,GOES-19,2026-09-19 15:00:00
-7.765300,-44.891700,GOES-19,2026-09-19 11:50:00
-7.765300,-44.891700,GOES-19,2026-09-19 17:30:00
-7.765300,-44.891700,GOES-19,2026-09-19 18:00:00
-7.765300,-44.891700,GOES-19,2026-09-19 18:10:00
-7.765300,-44.891700,GOES-19,2026-09-19 18:20:00
-7.765300,-44.891700,GOES-19,2026-09-19 18:30:00
-7.765300,-44.891700,GOES-19,2026-09-19 18:40:00
-7.765300,-44.891700,GOES-19,2026-09-19 18:50:00
-7.878400,-44.880600,GOES-19,2026-09-19 18:40:00
-7.878400,-44.880600,GOES-19,2026-09-19 18:50:00
-6.394000,-44.990400,GOES-19,2026-09-19 15:00:00
-6.394000,-44.990400,GOES-19,2026-09-19 17:50:00
-6.394000,-44.990400,GOES-19,2026-09-19 18:00:00
-6.394000,-44.990400,GOES-19,2026-09-19 18:10:00
-6.394000,-44.990400,GOES-19,2026-09-19 18:20:00
-6.394000,-44.990400,GOES-19,2026-09-19 18:30:00
-6.394000,-44.990400,GOES-19,2026-09-19 18:40:00
-6.394000,-44.990400,GOES-19,2026-09-19 19:00:00
-6.394000,-44.990400,GOES-19,2026-09-19 19:10:00
-6.394000,-44.990400,GOES-19,2026-09-19 19:20:00
-6.769100,-44.959500,GOES-19,2026-09-19 18:20:00
-6.769100,-44.959500,GOES-19,2026-09-19 18:40:00
-6.787900,-44.957900,GOES-19,2026-09-19 18:40:00
-7.878700,-44.857700,GOES-19,2026-09-19 13:40:00
-7.878700,-44.857700,GOES-19,2026-09-19 13:50:00
-7.878700,-44.857700,GOES-19,2026-09-19 17:50:00
-7.878700,-44.857700,GOES-19,2026-09-19 18:00:00
-7.878700,-44.857700,GOES-19,2026-09-19 18:10:00
-7.878700,-44.857700,GOES-19,2026-09-19 18:20:00
-7.878700,-44.857700,GOES-19,2026-09-19 18:30:00
-7.878700,-44.857700,GOES-19,2026-09-19 18:40:00
-7.878700,-44.857700,GOES-19,2026-09-19 18:50:00
-6.412900,-44.966100,GOES-19,2026-09-19 18:00:00
-6.412900,-44.966100,GOES-19,2026-09-19 18:10:00
-7.765900,-44.845900,GOES-19,2026-09-19 15:00:00
-7.765900,-44.845900,GOES-19,2026-09-19 17:40:00
-7.765900,-44.845900,GOES-19,2026-09-19 18:00:00
-7.765900,-44.845900,GOES-19,2026-09-19 18:10:00
-7.765900,-44.845900,GOES-19,2026-09-19 18:20:00
-7.765900,-44.845900,GOES-19,2026-09-19 18:30:00
-7.765900,-44.845900,GOES-19,2026-09-19 18:40:00
-7.765900,-44.845900,GOES-19,2026-09-19 18:50:00
-7.878900,-44.834800,GOES-19,2026-09-19 18:10:00
-7.878900,-44.834800,GOES-19,2026-09-19 18:20:00
-7.878900,-44.834800,GOES-19,2026-09-19 18:30:00
-7.878900,-44.834800,GOES-19,2026-09-19 18:40:00
-7.878900,-44.834800,GOES-19,2026-09-19 18:50:00
-6.001000,-44.975300,GOES-19,2026-09-19 17:50:00
-6.019700,-44.973900,GOES-19,2026-09-19 13:50:00
-6.019700,-44.973900,GOES-19,2026-09-19 14:00:00
-6.019700,-44.973900,GOES-19,2026-09-19 14:10:00
-6.019700,-44.973900,GOES-19,2026-09-19 14:20:00
-6.019700,-44.973900,GOES-19,2026-09-19 14:30:00
-6.019700,-44.973900,GOES-19,2026-09-19 14:40:00
-6.019700,-44.973900,GOES-19,2026-09-19 17:40:00
-6.019700,-44.973900,GOES-19,2026-09-19 17:50:00
-6.019700,-44.973900,GOES-19,2026-09-19 18:00:00
-6.019700,-44.973900,GOES-19,2026-09-19 18:10:00
-6.019700,-44.973900,GOES-19,2026-09-19 18:40:00
-6.544400,-44.932700,GOES-19,2026-09-19 18:10:00
-6.544400,-44.932700,GOES-19,2026-09-19 18:20:00
-6.544400,-44.932700,GOES-19,2026-09-19 18:30:00
-6.544400,-44.932700,GOES-19,2026-09-19 18:40:00
-6.544400,-44.932700,GOES-19,2026-09-19 18:50:00
-6.544400,-44.932700,GOES-19,2026-09-19 19:00:00
-6.544400,-44.932700,GOES-19,2026-09-19 19:10:00
-6.544400,-44.932700,GOES-19,2026-09-19 19:20:00
-6.544400,-44.932700,GOES-19,2026-09-19 19:30:00
-6.544400,-44.932700,GOES-19,2026-09-19 19:40:00
-6.544400,-44.932700,GOES-19,2026-09-19 19:50:00
-6.544400,-44.932700,GOES-19,2026-09-19 20:10:00
-6.038400,-44.972500,GOES-19,2026-09-19 14:50:00
-6.563200,-44.931200,GOES-19,2026-09-19 14:30:00
-6.563200,-44.931200,GOES-19,2026-09-19 15:00:00
-6.563200,-44.931200,GOES-19,2026-09-19 15:10:00
-6.563200,-44.931200,GOES-19,2026-09-19 15:20:00
-6.563200,-44.931200,GOES-19,2026-09-19 17:50:00
-6.563200,-44.931200,GOES-19,2026-09-19 18:00:00
-6.563200,-44.931200,GOES-19,2026-09-19 18:10:00
-6.563200,-44.931200,GOES-19,2026-09-19 18:20:00
-6.563200,-44.931200,GOES-19,2026-09-19 18:30:00
-6.563200,-44.931200,GOES-19,2026-09-19 18:40:00
-6.563200,-44.931200,GOES-19,2026-09-19 18:50:00
-6.563200,-44.931200,GOES-19,2026-09-19 19:00:00
-6.563200,-44.931200,GOES-19,2026-09-19 19:20:00
-6.563200,-44.931200,GOES-19,2026-09-19 19:30:00
-6.563200,-44.931200,GOES-19,2026-09-19 19:40:00
-6.563200,-44.931200,GOES-19,2026-09-19 20:10:00
-6.581900,-44.929600,GOES-19,2026-09-19 12:50:00
-6.581900,-44.929600,GOES-19,2026-09-19 13:10:00
-6.581900,-44.929600,GOES-19,2026-09-19 13:20:00
-6.581900,-44.929600,GOES-19,2026-09-19 13:30:00
-6.581900,-44.929600,GOES-19,2026-09-19 13:40:00
-6.581900,-44.929600,GOES-19,2026-09-19 13:50:00
-6.581900,-44.929600,GOES-19,2026-09-19 14:00:00
-6.581900,-44.929600,GOES-19,2026-09-19 14:10:00
-6.581900,-44.929600,GOES-19,2026-09-19 14:20:00
-6.581900,-44.929600,GOES-19,2026-09-19 14:30:00
-6.581900,-44.929600,GOES-19,2026-09-19 14:40:00
-6.581900,-44.929600,GOES-19,2026-09-19 14:50:00
-6.581900,-44.929600,GOES-19,2026-09-19 15:00:00
-6.581900,-44.929600,GOES-19,2026-09-19 15:10:00
-6.581900,-44.929600,GOES-19,2026-09-19 15:20:00
-6.581900,-44.929600,GOES-19,2026-09-19 15:30:00
-6.581900,-44.929600,GOES-19,2026-09-19 15:40:00
-6.581900,-44.929600,GOES-19,2026-09-19 15:50:00
-6.581900,-44.929600,GOES-19,2026-09-19 16:00:00
-6.581900,-44.929600,GOES-19,2026-09-19 16:10:00
-6.581900,-44.929600,GOES-19,2026-09-19 17:40:00
-6.581900,-44.929600,GOES-19,2026-09-19 17:50:00
-6.581900,-44.929600,GOES-19,2026-09-19 18:00:00
-6.581900,-44.929600,GOES-19,2026-09-19 20:10:00
-6.600700,-44.928100,GOES-19,2026-09-19 12:50:00
-6.600700,-44.928100,GOES-19,2026-09-19 13:10:00
-6.600700,-44.928100,GOES-19,2026-09-19 13:20:00
-6.600700,-44.928100,GOES-19,2026-09-19 13:30:00
-6.600700,-44.928100,GOES-19,2026-09-19 13:40:00
-6.600700,-44.928100,GOES-19,2026-09-19 13:50:00
-6.600700,-44.928100,GOES-19,2026-09-19 14:00:00
-6.600700,-44.928100,GOES-19,2026-09-19 14:10:00
-6.600700,-44.928100,GOES-19,2026-09-19 14:20:00
-6.600700,-44.928100,GOES-19,2026-09-19 14:30:00
-6.600700,-44.928100,GOES-19,2026-09-19 14:40:00
-6.600700,-44.928100,GOES-19,2026-09-19 14:50:00
-6.600700,-44.928100,GOES-19,2026-09-19 15:00:00
-6.600700,-44.928100,GOES-19,2026-09-19 15:10:00
-6.600700,-44.928100,GOES-19,2026-09-19 15:20:00
-6.001200,-44.952600,GOES-19,2026-09-19 14:30:00
-6.019900,-44.951200,GOES-19,2026-09-19 13:30:00
-6.019900,-44.951200,GOES-19,2026-09-19 13:40:00
-6.019900,-44.951200,GOES-19,2026-09-19 13:50:00
-6.019900,-44.951200,GOES-19,2026-09-19 14:00:00
-6.019900,-44.951200,GOES-19,2026-09-19 14:10:00
-6.019900,-44.951200,GOES-19,2026-09-19 14:20:00
-6.019900,-44.951200,GOES-19,2026-09-19 14:30:00
-6.019900,-44.951200,GOES-19,2026-09-19 14:40:00
-6.019900,-44.951200,GOES-19,2026-09-19 14:50:00
-6.019900,-44.951200,GOES-19,2026-09-19 15:00:00
-6.019900,-44.951200,GOES-19,2026-09-19 15:10:00
-6.019900,-44.951200,GOES-19,2026-09-19 15:20:00
-6.019900,-44.951200,GOES-19,2026-09-19 15:30:00
-6.019900,-44.951200,GOES-19,2026-09-19 18:00:00
-6.038700,-44.949700,GOES-19,2026-09-19 13:30:00
-6.038700,-44.949700,GOES-19,2026-09-19 13:40:00
-6.038700,-44.949700,GOES-19,2026-09-19 14:00:00
-6.038700,-44.949700,GOES-19,2026-09-19 14:30:00
-6.038700,-44.949700,GOES-19,2026-09-19 14:40:00
-6.038700,-44.949700,GOES-19,2026-09-19 14:50:00
-6.563400,-44.908400,GOES-19,2026-09-19 17:30:00
-6.563400,-44.908400,GOES-19,2026-09-19 17:40:00
-6.563400,-44.908400,GOES-19,2026-09-19 17:50:00
-6.563400,-44.908400,GOES-19,2026-09-19 18:00:00
-6.563400,-44.908400,GOES-19,2026-09-19 18:10:00
-6.563400,-44.908400,GOES-19,2026-09-19 18:20:00
-6.563400,-44.908400,GOES-19,2026-09-19 18:30:00
-6.563400,-44.908400,GOES-19,2026-09-19 18:40:00
-6.563400,-44.908400,GOES-19,2026-09-19 18:50:00
-6.563400,-44.908400,GOES-19,2026-09-19 19:00:00
-6.563400,-44.908400,GOES-19,2026-09-19 20:10:00
-6.582200,-44.906800,GOES-19,2026-09-19 12:30:00
-6.582200,-44.906800,GOES-19,2026-09-19 12:40:00
-6.582200,-44.906800,GOES-19,2026-09-19 12:50:00
-6.582200,-44.906800,GOES-19,2026-09-19 13:00:00
-6.582200,-44.906800,GOES-19,2026-09-19 13:10:00
-6.582200,-44.906800,GOES-19,2026-09-19 13:20:00
-6.582200,-44.906800,GOES-19,2026-09-19 13:30:00
-6.582200,-44.906800,GOES-19,2026-09-19 13:40:00
-6.582200,-44.906800,GOES-19,2026-09-19 13:50:00
-6.582200,-44.906800,GOES-19,2026-09-19 14:00:00
-6.582200,-44.906800,GOES-19,2026-09-19 14:10:00
-6.582200,-44.906800,GOES-19,2026-09-19 14:20:00
-6.582200,-44.906800,GOES-19,2026-09-19 14:30:00
-6.582200,-44.906800,GOES-19,2026-09-19 14:40:00
-6.582200,-44.906800,GOES-19,2026-09-19 14:50:00
-6.582200,-44.906800,GOES-19,2026-09-19 15:00:00
-6.582200,-44.906800,GOES-19,2026-09-19 15:10:00
-6.582200,-44.906800,GOES-19,2026-09-19 15:20:00
-6.582200,-44.906800,GOES-19,2026-09-19 15:30:00
-6.582200,-44.906800,GOES-19,2026-09-19 15:40:00
-6.582200,-44.906800,GOES-19,2026-09-19 17:30:00
-6.582200,-44.906800,GOES-19,2026-09-19 17:40:00
-6.582200,-44.906800,GOES-19,2026-09-19 17:50:00
-6.600900,-44.905300,GOES-19,2026-09-19 12:20:00
-6.600900,-44.905300,GOES-19,2026-09-19 12:30:00
-6.600900,-44.905300,GOES-19,2026-09-19 12:40:00
-6.600900,-44.905300,GOES-19,2026-09-19 12:50:00
-6.600900,-44.905300,GOES-19,2026-09-19 13:10:00
-6.600900,-44.905300,GOES-19,2026-09-19 13:20:00
-6.600900,-44.905300,GOES-19,2026-09-19 13:30:00
-6.600900,-44.905300,GOES-19,2026-09-19 13:40:00
-6.600900,-44.905300,GOES-19,2026-09-19 13:50:00
-6.600900,-44.905300,GOES-19,2026-09-19 14:00:00
-6.600900,-44.905300,GOES-19,2026-09-19 14:10:00
-6.600900,-44.905300,GOES-19,2026-09-19 14:20:00
-6.600900,-44.905300,GOES-19,2026-09-19 14:30:00
-6.600900,-44.905300,GOES-19,2026-09-19 14:40:00
-6.600900,-44.905300,GOES-19,2026-09-19 14:50:00
-6.600900,-44.905300,GOES-19,2026-09-19 15:00:00
-7.428300,-44.763900,GOES-19,2026-09-19 18:50:00
-7.428300,-44.763900,GOES-19,2026-09-19 19:00:00
-7.428600,-44.740900,GOES-19,2026-09-19 18:20:00
-7.428600,-44.740900,GOES-19,2026-09-19 18:30:00
-7.428600,-44.740900,GOES-19,2026-09-19 18:40:00
-7.428600,-44.740900,GOES-19,2026-09-19 18:50:00
-7.447400,-44.739200,GOES-19,2026-09-19 18:50:00
-7.428800,-44.718000,GOES-19,2026-09-19 13:20:00
-7.428800,-44.718000,GOES-19,2026-09-19 13:30:00
-7.428800,-44.718000,GOES-19,2026-09-19 13:40:00
-7.428800,-44.718000,GOES-19,2026-09-19 13:50:00
-7.428800,-44.718000,GOES-19,2026-09-19 14:10:00
-7.428800,-44.718000,GOES-19,2026-09-19 14:20:00
-7.428800,-44.718000,GOES-19,2026-09-19 14:30:00
-7.428800,-44.718000,GOES-19,2026-09-19 14:40:00
-7.428800,-44.718000,GOES-19,2026-09-19 18:10:00
-7.428800,-44.718000,GOES-19,2026-09-19 18:30:00
-7.428800,-44.718000,GOES-19,2026-09-19 18:50:00
-7.447600,-44.716300,GOES-19,2026-09-19 13:40:00
-7.447600,-44.716300,GOES-19,2026-09-19 13:50:00
-7.447600,-44.716300,GOES-19,2026-09-19 14:00:00
-7.447600,-44.716300,GOES-19,2026-09-19 14:20:00
-7.447600,-44.716300,GOES-19,2026-09-19 18:00:00
-7.447600,-44.716300,GOES-19,2026-09-19 18:10:00
-7.447600,-44.716300,GOES-19,2026-09-19 18:20:00
-7.447600,-44.716300,GOES-19,2026-09-19 18:30:00
-7.692700,-44.669900,GOES-19,2026-09-19 14:40:00
-7.692700,-44.669900,GOES-19,2026-09-19 14:50:00
-7.711500,-44.668100,GOES-19,2026-09-19 14:40:00
-7.711500,-44.668100,GOES-19,2026-09-19 14:50:00
-7.711500,-44.668100,GOES-19,2026-09-19 15:00:00
-7.711500,-44.668100,GOES-19,2026-09-19 17:30:00
-7.711500,-44.668100,GOES-19,2026-09-19 17:40:00
-7.711500,-44.668100,GOES-19,2026-09-19 17:50:00
-7.711500,-44.668100,GOES-19,2026-09-19 18:00:00
-7.711500,-44.668100,GOES-19,2026-09-19 18:10:00
-7.711500,-44.668100,GOES-19,2026-09-19 18:20:00
-7.711500,-44.668100,GOES-19,2026-09-19 18:30:00
-7.730400,-44.666200,GOES-19,2026-09-19 15:10:00
-7.730400,-44.666200,GOES-19,2026-09-19 18:10:00
-7.730400,-44.666200,GOES-19,2026-09-19 18:30:00
-7.429100,-44.695100,GOES-19,2026-09-19 13:00:00
-7.429100,-44.695100,GOES-19,2026-09-19 13:20:00
-7.429100,-44.695100,GOES-19,2026-09-19 13:30:00
-7.429100,-44.695100,GOES-19,2026-09-19 13:40:00
-7.429100,-44.695100,GOES-19,2026-09-19 13:50:00
-7.429100,-44.695100,GOES-19,2026-09-19 14:20:00
-7.429100,-44.695100,GOES-19,2026-09-19 14:30:00
-5.347800,-44.839800,GOES-19,2026-09-19 19:20:00
-5.347800,-44.839800,GOES-19,2026-09-19 19:30:00
-5.347800,-44.839800,GOES-19,2026-09-19 19:40:00
-5.347800,-44.839800,GOES-19,2026-09-19 19:50:00
-7.693000,-44.646900,GOES-19,2026-09-19 14:20:00
-7.693000,-44.646900,GOES-19,2026-09-19 14:30:00
-7.693000,-44.646900,GOES-19,2026-09-19 14:40:00
-7.693000,-44.646900,GOES-19,2026-09-19 14:50:00
-7.693000,-44.646900,GOES-19,2026-09-19 15:00:00
-7.730600,-44.643300,GOES-19,2026-09-19 14:40:00
-7.730600,-44.643300,GOES-19,2026-09-19 14:50:00
-7.730600,-44.643300,GOES-19,2026-09-19 15:00:00
-7.730600,-44.643300,GOES-19,2026-09-19 15:10:00
-7.730600,-44.643300,GOES-19,2026-09-19 18:10:00
-7.730600,-44.643300,GOES-19,2026-09-19 18:30:00
-5.348000,-44.817100,GOES-19,2026-09-19 19:20:00
-5.348000,-44.817100,GOES-19,2026-09-19 19:30:00
-5.348000,-44.817100,GOES-19,2026-09-19 19:40:00
-5.348000,-44.817100,GOES-19,2026-09-19 19:50:00
-11.340900,-44.178300,GOES-19,2026-09-19 18:10:00
-11.340900,-44.178300,GOES-19,2026-09-19 19:10:00
-11.340900,-44.178300,GOES-19,2026-09-19 19:20:00
-11.340900,-44.178300,GOES-19,2026-09-19 19:30:00
-11.360000,-44.175500,GOES-19,2026-09-19 18:30:00
-11.360000,-44.175500,GOES-19,2026-09-19 18:50:00
-11.379200,-44.172700,GOES-19,2026-09-19 18:30:00
-11.379200,-44.172700,GOES-19,2026-09-19 18:50:00
-11.379200,-44.172700,GOES-19,2026-09-19 19:40:00
-8.486100,-44.519400,GOES-19,2026-09-19 15:00:00
-8.486100,-44.519400,GOES-19,2026-09-19 18:10:00
-11.360400,-44.152100,GOES-19,2026-09-19 19:40:00
-11.379600,-44.149200,GOES-19,2026-09-19 19:40:00
-11.341700,-44.131400,GOES-19,2026-09-19 18:00:00
-11.380000,-44.125800,GOES-19,2026-09-19 19:40:00
-11.380500,-44.102300,GOES-19,2026-09-19 19:40:00
-11.399600,-44.099500,GOES-19,2026-09-19 18:30:00
-3.502400,-44.760600,GOES-19,2026-09-19 15:00:00
-10.196700,-44.151700,GOES-19,2026-09-19 18:10:00
-10.196700,-44.151700,GOES-19,2026-09-19 18:20:00
-10.197100,-44.128300,GOES-19,2026-09-19 18:10:00
-10.197100,-44.128300,GOES-19,2026-09-19 18:20:00
-10.197100,-44.128300,GOES-19,2026-09-19 18:30:00
-10.197100,-44.128300,GOES-19,2026-09-19 18:50:00
-5.799800,-44.465600,GOES-19,2026-09-19 19:50:00
-6.324500,-44.425000,GOES-19,2026-09-19 15:00:00
-6.324500,-44.425000,GOES-19,2026-09-19 15:10:00
-5.500500,-44.464300,GOES-19,2026-09-19 13:40:00
-5.500500,-44.464300,GOES-19,2026-09-19 13:50:00
-5.500500,-44.464300,GOES-19,2026-09-19 14:00:00
-5.500500,-44.464300,GOES-19,2026-09-19 14:30:00
-5.519200,-44.463000,GOES-19,2026-09-19 13:40:00
-5.519200,-44.463000,GOES-19,2026-09-19 13:50:00
-5.519200,-44.463000,GOES-19,2026-09-19 14:00:00
-5.500700,-44.441400,GOES-19,2026-09-19 12:20:00
-5.500700,-44.441400,GOES-19,2026-09-19 13:30:00
-5.500700,-44.441400,GOES-19,2026-09-19 13:40:00
-5.500700,-44.441400,GOES-19,2026-09-19 13:50:00
-5.500700,-44.441400,GOES-19,2026-09-19 14:00:00
-5.500700,-44.441400,GOES-19,2026-09-19 14:10:00
-5.500700,-44.441400,GOES-19,2026-09-19 14:20:00
-5.519400,-44.440100,GOES-19,2026-09-19 12:30:00
-5.519400,-44.440100,GOES-19,2026-09-19 13:40:00
-5.519400,-44.440100,GOES-19,2026-09-19 13:50:00
-5.519400,-44.440100,GOES-19,2026-09-19 14:00:00
-5.464200,-44.329400,GOES-19,2026-09-19 21:30:00
-5.464200,-44.329400,GOES-19,2026-09-19 21:40:00
-5.464200,-44.329400,GOES-19,2026-09-19 21:50:00
-5.464200,-44.329400,GOES-19,2026-09-19 22:00:00
-5.464200,-44.329400,GOES-19,2026-09-19 22:10:00
-5.464200,-44.329400,GOES-19,2026-09-19 22:20:00
-5.464200,-44.329400,GOES-19,2026-09-19 22:30:00
-5.464200,-44.329400,GOES-19,2026-09-19 22:40:00
-5.464200,-44.329400,GOES-19,2026-09-19 22:50:00
-5.464200,-44.329400,GOES-19,2026-09-19 23:00:00
-5.445700,-44.307800,GOES-19,2026-09-19 21:30:00
-5.445700,-44.307800,GOES-19,2026-09-19 21:40:00
-5.445700,-44.307800,GOES-19,2026-09-19 21:50:00
-5.445700,-44.307800,GOES-19,2026-09-19 22:00:00
-5.445700,-44.307800,GOES-19,2026-09-19 22:10:00
-5.445700,-44.307800,GOES-19,2026-09-19 22:20:00
-5.445700,-44.307800,GOES-19,2026-09-19 22:30:00
-5.445700,-44.307800,GOES-19,2026-09-19 22:40:00
-5.445700,-44.307800,GOES-19,2026-09-19 22:50:00
-5.445700,-44.307800,GOES-19,2026-09-19 23:00:00
-5.464400,-44.306400,GOES-19,2026-09-19 21:30:00
-5.464400,-44.306400,GOES-19,2026-09-19 21:40:00
-5.464400,-44.306400,GOES-19,2026-09-19 21:50:00
-5.464400,-44.306400,GOES-19,2026-09-19 22:00:00
-5.464400,-44.306400,GOES-19,2026-09-19 22:10:00
-5.464400,-44.306400,GOES-19,2026-09-19 22:20:00
-5.464400,-44.306400,GOES-19,2026-09-19 22:30:00
-5.464400,-44.306400,GOES-19,2026-09-19 22:40:00
-5.464400,-44.306400,GOES-19,2026-09-19 22:50:00
-5.464400,-44.306400,GOES-19,2026-09-19 23:00:00
-5.408500,-44.287400,GOES-19,2026-09-19 21:30:00
-5.408500,-44.287400,GOES-19,2026-09-19 21:40:00
-5.408500,-44.287400,GOES-19,2026-09-19 21:50:00
-5.408500,-44.287400,GOES-19,2026-09-19 22:00:00
-5.408500,-44.287400,GOES-19,2026-09-19 22:10:00
-5.408500,-44.287400,GOES-19,2026-09-19 22:20:00
-5.408500,-44.287400,GOES-19,2026-09-19 22:30:00
-5.408500,-44.287400,GOES-19,2026-09-19 22:40:00
-5.408500,-44.287400,GOES-19,2026-09-19 22:50:00
-5.408500,-44.287400,GOES-19,2026-09-19 23:00:00
-5.427200,-44.286100,GOES-19,2026-09-19 21:30:00
-5.427200,-44.286100,GOES-19,2026-09-19 21:40:00
-5.427200,-44.286100,GOES-19,2026-09-19 21:50:00
-5.427200,-44.286100,GOES-19,2026-09-19 22:00:00
-5.427200,-44.286100,GOES-19,2026-09-19 22:10:00
-5.427200,-44.286100,GOES-19,2026-09-19 22:20:00
-5.427200,-44.286100,GOES-19,2026-09-19 22:30:00
-5.427200,-44.286100,GOES-19,2026-09-19 22:40:00
-5.427200,-44.286100,GOES-19,2026-09-19 22:50:00
-5.427200,-44.286100,GOES-19,2026-09-19 23:00:00
-5.408700,-44.264400,GOES-19,2026-09-19 21:30:00
-5.408700,-44.264400,GOES-19,2026-09-19 21:40:00
-5.408700,-44.264400,GOES-19,2026-09-19 21:50:00
-5.408700,-44.264400,GOES-19,2026-09-19 22:00:00
-5.408700,-44.264400,GOES-19,2026-09-19 22:10:00
-5.408700,-44.264400,GOES-19,2026-09-19 22:20:00
-5.408700,-44.264400,GOES-19,2026-09-19 22:30:00
-5.408700,-44.264400,GOES-19,2026-09-19 22:40:00
-5.408700,-44.264400,GOES-19,2026-09-19 22:50:00
-5.408700,-44.264400,GOES-19,2026-09-19 23:00:00
-5.821400,-44.142600,GOES-19,2026-09-19 12:40:00
-5.821400,-44.142600,GOES-19,2026-09-19 12:50:00
-5.821400,-44.142600,GOES-19,2026-09-19 13:00:00
-5.821400,-44.142600,GOES-19,2026-09-19 13:10:00
-5.821400,-44.142600,GOES-19,2026-09-19 13:20:00
-5.821400,-44.142600,GOES-19,2026-09-19 13:30:00
-5.821400,-44.142600,GOES-19,2026-09-19 13:40:00
-5.821400,-44.142600,GOES-19,2026-09-19 13:50:00
-5.821400,-44.142600,GOES-19,2026-09-19 14:00:00
-5.840100,-44.141200,GOES-19,2026-09-19 12:30:00
-5.840100,-44.141200,GOES-19,2026-09-19 12:40:00
-5.840100,-44.141200,GOES-19,2026-09-19 12:50:00
-5.840100,-44.141200,GOES-19,2026-09-19 13:00:00
-5.840100,-44.141200,GOES-19,2026-09-19 13:10:00
-5.840100,-44.141200,GOES-19,2026-09-19 13:20:00
-5.840100,-44.141200,GOES-19,2026-09-19 13:30:00
-5.840100,-44.141200,GOES-19,2026-09-19 13:40:00
-5.840100,-44.141200,GOES-19,2026-09-19 13:50:00
-5.840100,-44.141200,GOES-19,2026-09-19 14:00:00
-5.840100,-44.141200,GOES-19,2026-09-19 14:10:00
-5.840100,-44.141200,GOES-19,2026-09-19 14:20:00
-5.840100,-44.141200,GOES-19,2026-09-19 14:30:00
-5.840100,-44.141200,GOES-19,2026-09-19 14:40:00
-7.116900,-44.033900,GOES-19,2026-09-19 11:10:00
-7.116900,-44.033900,GOES-19,2026-09-19 11:20:00
-7.116900,-44.033900,GOES-19,2026-09-19 11:30:00
-7.116900,-44.033900,GOES-19,2026-09-19 11:40:00
-7.116900,-44.033900,GOES-19,2026-09-19 11:50:00
-7.116900,-44.033900,GOES-19,2026-09-19 12:00:00
-7.116900,-44.033900,GOES-19,2026-09-19 12:10:00
-7.116900,-44.033900,GOES-19,2026-09-19 12:20:00
-7.116900,-44.033900,GOES-19,2026-09-19 12:30:00
-7.116900,-44.033900,GOES-19,2026-09-19 12:40:00
-6.778400,-44.064500,GOES-19,2026-09-19 15:40:00
-6.797200,-44.062800,GOES-19,2026-09-19 15:00:00
-5.821600,-44.119600,GOES-19,2026-09-19 13:00:00
-5.821600,-44.119600,GOES-19,2026-09-19 13:10:00
-5.821600,-44.119600,GOES-19,2026-09-19 13:20:00
-5.821600,-44.119600,GOES-19,2026-09-19 13:30:00
-5.821600,-44.119600,GOES-19,2026-09-19 13:40:00
-5.821600,-44.119600,GOES-19,2026-09-19 13:50:00
-5.821600,-44.119600,GOES-19,2026-09-19 14:00:00
-5.821600,-44.119600,GOES-19,2026-09-19 14:10:00
-5.821600,-44.119600,GOES-19,2026-09-19 14:20:00
-5.821600,-44.119600,GOES-19,2026-09-19 14:30:00
-5.821600,-44.119600,GOES-19,2026-09-19 14:40:00
-5.840300,-44.118100,GOES-19,2026-09-19 12:30:00
-5.840300,-44.118100,GOES-19,2026-09-19 12:50:00
-5.840300,-44.118100,GOES-19,2026-09-19 13:00:00
-5.840300,-44.118100,GOES-19,2026-09-19 13:10:00
-5.840300,-44.118100,GOES-19,2026-09-19 13:20:00
-5.840300,-44.118100,GOES-19,2026-09-19 13:30:00
-5.840300,-44.118100,GOES-19,2026-09-19 13:50:00
-5.840300,-44.118100,GOES-19,2026-09-19 14:00:00
-5.840300,-44.118100,GOES-19,2026-09-19 14:10:00
-5.840300,-44.118100,GOES-19,2026-09-19 14:20:00
-5.840300,-44.118100,GOES-19,2026-09-19 14:30:00
-5.840300,-44.118100,GOES-19,2026-09-19 14:40:00
-5.840300,-44.118100,GOES-19,2026-09-19 14:50:00
-5.840300,-44.118100,GOES-19,2026-09-19 15:00:00
-5.840300,-44.118100,GOES-19,2026-09-19 15:10:00
-6.365400,-44.076600,GOES-19,2026-09-19 18:40:00
-11.660900,-43.423900,GOES-19,2026-09-19 19:30:00
-11.660900,-43.423900,GOES-19,2026-09-19 19:40:00
-11.660900,-43.423900,GOES-19,2026-09-19 19:50:00
-11.335000,-43.426700,GOES-19,2026-09-19 13:20:00
-11.335000,-43.426700,GOES-19,2026-09-19 13:30:00
-11.335000,-43.426700,GOES-19,2026-09-19 13:40:00
-11.335000,-43.426700,GOES-19,2026-09-19 13:50:00
-11.335000,-43.426700,GOES-19,2026-09-19 14:00:00
-11.335000,-43.426700,GOES-19,2026-09-19 14:10:00
-11.335000,-43.426700,GOES-19,2026-09-19 14:20:00
-11.335000,-43.426700,GOES-19,2026-09-19 14:30:00
-11.335000,-43.426700,GOES-19,2026-09-19 14:40:00
-11.335000,-43.426700,GOES-19,2026-09-19 14:50:00
-11.354300,-43.423800,GOES-19,2026-09-19 13:40:00
-11.354300,-43.423800,GOES-19,2026-09-19 13:50:00
-11.354300,-43.423800,GOES-19,2026-09-19 14:10:00
-11.354300,-43.423800,GOES-19,2026-09-19 14:20:00
-4.495000,-44.024100,GOES-19,2026-09-19 13:20:00
-4.495000,-44.024100,GOES-19,2026-09-19 14:10:00
-4.495000,-44.024100,GOES-19,2026-09-19 14:30:00
-6.142700,-43.840600,GOES-19,2026-09-19 18:20:00
-6.142700,-43.840600,GOES-19,2026-09-19 18:30:00
-6.142700,-43.840600,GOES-19,2026-09-19 18:40:00
-6.142700,-43.840600,GOES-19,2026-09-19 18:50:00
-6.142700,-43.840600,GOES-19,2026-09-19 19:00:00
-6.142700,-43.840600,GOES-19,2026-09-19 19:10:00
-6.142700,-43.840600,GOES-19,2026-09-19 19:20:00
-6.142700,-43.840600,GOES-19,2026-09-19 19:30:00
-6.142700,-43.840600,GOES-19,2026-09-19 19:40:00
-6.161500,-43.839100,GOES-19,2026-09-19 18:30:00
-6.161500,-43.839100,GOES-19,2026-09-19 18:40:00
-6.143000,-43.817400,GOES-19,2026-09-19 18:30:00
-6.143000,-43.817400,GOES-19,2026-09-19 18:40:00
-6.143000,-43.817400,GOES-19,2026-09-19 18:50:00
-6.161700,-43.815900,GOES-19,2026-09-19 18:30:00
-6.161700,-43.815900,GOES-19,2026-09-19 18:40:00
-7.007600,-43.719500,GOES-19,2026-09-19 15:00:00
-5.938100,-43.671400,GOES-19,2026-09-19 15:00:00
-5.769400,-43.684500,GOES-19,2026-09-19 18:50:00
-6.183200,-43.535600,GOES-19,2026-09-19 19:50:00
-9.223400,-43.199000,GOES-19,2026-09-19 19:10:00
-9.223400,-43.199000,GOES-19,2026-09-19 19:40:00
-9.223400,-43.199000,GOES-19,2026-09-19 19:50:00
-9.223800,-43.175300,GOES-19,2026-09-19 18:30:00
-9.223800,-43.175300,GOES-19,2026-09-19 18:40:00
-5.640400,-43.438600,GOES-19,2026-09-19 14:40:00
-5.640400,-43.438600,GOES-19,2026-09-19 14:50:00
-5.640400,-43.438600,GOES-19,2026-09-19 18:10:00
-5.640400,-43.438600,GOES-19,2026-09-19 18:20:00
-5.640400,-43.438600,GOES-19,2026-09-19 18:40:00
-5.640600,-43.415300,GOES-19,2026-09-19 13:30:00
-5.640600,-43.415300,GOES-19,2026-09-19 13:40:00
-5.640600,-43.415300,GOES-19,2026-09-19 13:50:00
-5.640600,-43.415300,GOES-19,2026-09-19 14:00:00
-5.640600,-43.415300,GOES-19,2026-09-19 14:20:00
-5.640600,-43.415300,GOES-19,2026-09-19 14:30:00
-5.640600,-43.415300,GOES-19,2026-09-19 14:40:00
-5.640600,-43.415300,GOES-19,2026-09-19 14:50:00
-5.640600,-43.415300,GOES-19,2026-09-19 15:00:00
-5.640600,-43.415300,GOES-19,2026-09-19 15:30:00
-5.640600,-43.415300,GOES-19,2026-09-19 15:40:00
-5.640600,-43.415300,GOES-19,2026-09-19 15:50:00
-5.640600,-43.415300,GOES-19,2026-09-19 17:30:00
-5.640600,-43.415300,GOES-19,2026-09-19 17:40:00
-5.640600,-43.415300,GOES-19,2026-09-19 17:50:00
-5.640600,-43.415300,GOES-19,2026-09-19 18:10:00
-5.659400,-43.413900,GOES-19,2026-09-19 13:50:00
-5.659400,-43.413900,GOES-19,2026-09-19 14:30:00
-5.659400,-43.413900,GOES-19,2026-09-19 14:40:00
-5.659400,-43.413900,GOES-19,2026-09-19 14:50:00
-5.659400,-43.413900,GOES-19,2026-09-19 15:00:00
-6.184800,-43.372400,GOES-19,2026-09-19 18:10:00
-5.622100,-43.393400,GOES-19,2026-09-19 13:50:00
-5.622100,-43.393400,GOES-19,2026-09-19 14:10:00
-5.622100,-43.393400,GOES-19,2026-09-19 14:20:00
-5.622100,-43.393400,GOES-19,2026-09-19 14:30:00
-5.622100,-43.393400,GOES-19,2026-09-19 14:40:00
-5.622100,-43.393400,GOES-19,2026-09-19 14:50:00
-5.622100,-43.393400,GOES-19,2026-09-19 15:00:00
-5.622100,-43.393400,GOES-19,2026-09-19 18:30:00
-5.622100,-43.393400,GOES-19,2026-09-19 18:40:00
-5.640800,-43.392000,GOES-19,2026-09-19 14:40:00
-5.640800,-43.392000,GOES-19,2026-09-19 14:50:00
-5.640800,-43.392000,GOES-19,2026-09-19 15:00:00
-5.659600,-43.390600,GOES-19,2026-09-19 14:40:00
-5.659600,-43.390600,GOES-19,2026-09-19 14:50:00
-5.659600,-43.390600,GOES-19,2026-09-19 15:00:00
-5.641100,-43.368700,GOES-19,2026-09-19 13:50:00
-5.641100,-43.368700,GOES-19,2026-09-19 14:20:00
-5.641100,-43.368700,GOES-19,2026-09-19 14:30:00
-5.641100,-43.368700,GOES-19,2026-09-19 14:40:00
-5.641100,-43.368700,GOES-19,2026-09-19 14:50:00
-5.641100,-43.368700,GOES-19,2026-09-19 15:00:00
-6.393400,-43.167800,GOES-19,2026-09-19 14:50:00
-6.393400,-43.167800,GOES-19,2026-09-19 15:00:00
-6.883000,-43.077100,GOES-19,2026-09-19 19:10:00
-6.883000,-43.077100,GOES-19,2026-09-19 19:40:00
-6.883000,-43.077100,GOES-19,2026-09-19 19:50:00
-10.355800,-42.572500,GOES-19,2026-09-19 13:10:00
-6.922500,-42.908800,GOES-19,2026-09-19 14:50:00
-6.922500,-42.908800,GOES-19,2026-09-19 18:30:00
-6.922500,-42.908800,GOES-19,2026-09-19 18:40:00
-6.266300,-42.732200,GOES-19,2026-09-19 18:20:00
-6.266300,-42.732200,GOES-19,2026-09-19 18:30:00
-6.266300,-42.732200,GOES-19,2026-09-19 18:40:00
-3.382400,-42.828400,GOES-19,2026-09-19 14:30:00
-5.140700,-42.726000,GOES-19,2026-09-19 18:10:00
-5.140700,-42.726000,GOES-19,2026-09-19 18:20:00
-5.140700,-42.726000,GOES-19,2026-09-19 18:40:00
-5.159500,-42.724700,GOES-19,2026-09-19 18:10:00
-5.159500,-42.724700,GOES-19,2026-09-19 18:20:00
-5.159500,-42.724700,GOES-19,2026-09-19 18:30:00
-5.159500,-42.724700,GOES-19,2026-09-19 18:40:00
-6.289000,-42.351700,GOES-19,2026-09-19 14:20:00
-6.289000,-42.351700,GOES-19,2026-09-19 14:30:00
-4.581300,-42.433300,GOES-19,2026-09-19 18:10:00
-7.137800,-42.200600,GOES-19,2026-09-19 14:20:00
-5.915600,-42.098100,GOES-19,2026-09-19 18:40:00
-5.934400,-42.096600,GOES-19,2026-09-19 12:30:00
-6.239400,-41.687500,GOES-19,2026-09-19 13:40:00
-6.239400,-41.687500,GOES-19,2026-09-19 13:50:00
-6.239400,-41.687500,GOES-19,2026-09-19 14:10:00
-6.239400,-41.687500,GOES-19,2026-09-19 14:20:00
-6.239400,-41.687500,GOES-19,2026-09-19 14:30:00
-6.995500,-39.878500,GOES-19,2026-09-19 14:10:00
-6.287900,-38.924200,GOES-19,2026-09-19 13:20:00
-6.306800,-38.922300,GOES-19,2026-09-19 13:20:00
-6.288200,-38.898900,GOES-19,2026-09-19 13:20:00
-6.307100,-38.896900,GOES-19,2026-09-19 13:20:00
-7.016400,-71.609000,GOES-19,2026-09-19 19:50:00
-10.605400,-69.667300,GOES-19,2026-09-19 18:40:00
-10.605400,-69.667300,GOES-19,2026-09-19 18:50:00
-10.549800,-69.576000,GOES-19,2026-09-19 18:30:00
-10.549800,-69.576000,GOES-19,2026-09-19 18:40:00
-10.624400,-69.555900,GOES-19,2026-09-19 18:20:00
-10.624400,-69.555900,GOES-19,2026-09-19 18:30:00
-10.736300,-69.534900,GOES-19,2026-09-19 18:50:00
-1.302500,-61.390600,GOES-19,2026-09-19 18:10:00
-1.302500,-61.371700,GOES-19,2026-09-19 18:10:00
-1.302500,-61.371700,GOES-19,2026-09-19 18:20:00
-1.302500,-61.371700,GOES-19,2026-09-19 18:30:00
-1.302500,-61.371700,GOES-19,2026-09-19 18:40:00
-3.345500,-61.309600,GOES-19,2026-09-19 16:00:00
-3.418600,-61.308400,GOES-19,2026-09-19 17:30:00
-3.255200,-60.895100,GOES-19,2026-09-19 18:00:00
-3.255200,-60.895100,GOES-19,2026-09-19 18:10:00
-3.255200,-60.895100,GOES-19,2026-09-19 18:20:00
-3.255200,-60.895100,GOES-19,2026-09-19 18:30:00
-3.255200,-60.895100,GOES-19,2026-09-19 18:50:00
-3.218900,-60.801100,GOES-19,2026-09-19 17:50:00
-3.218900,-60.801100,GOES-19,2026-09-19 18:00:00
-3.218900,-60.801100,GOES-19,2026-09-19 18:10:00
-3.218900,-60.801100,GOES-19,2026-09-19 18:20:00
-3.218900,-60.801100,GOES-19,2026-09-19 18:30:00
-3.218900,-60.801100,GOES-19,2026-09-19 18:40:00
-3.218900,-60.801100,GOES-19,2026-09-19 18:50:00
-3.237200,-60.800700,GOES-19,2026-09-19 18:00:00
-3.237200,-60.800700,GOES-19,2026-09-19 18:50:00
-3.694500,-60.640500,GOES-19,2026-09-19 19:10:00
-3.694500,-60.640500,GOES-19,2026-09-19 22:50:00
-3.712800,-60.640100,GOES-19,2026-09-19 18:10:00
-3.712800,-60.640100,GOES-19,2026-09-19 18:20:00
-3.712800,-60.640100,GOES-19,2026-09-19 18:40:00
-3.712800,-60.640100,GOES-19,2026-09-19 18:50:00
-3.712800,-60.640100,GOES-19,2026-09-19 19:00:00
-3.712800,-60.640100,GOES-19,2026-09-19 19:10:00
-3.731100,-60.620800,GOES-19,2026-09-19 18:10:00
-3.731100,-60.620800,GOES-19,2026-09-19 18:20:00
-3.731100,-60.620800,GOES-19,2026-09-19 18:30:00
-3.731100,-60.620800,GOES-19,2026-09-19 18:40:00
-3.731100,-60.620800,GOES-19,2026-09-19 18:50:00
-3.731100,-60.620800,GOES-19,2026-09-19 19:00:00
-3.731100,-60.620800,GOES-19,2026-09-19 19:10:00
-3.731100,-60.620800,GOES-19,2026-09-19 19:20:00
-3.731100,-60.620800,GOES-19,2026-09-19 22:40:00
-3.694500,-60.621500,GOES-19,2026-09-19 19:00:00
-3.694500,-60.621500,GOES-19,2026-09-19 19:10:00
-3.694500,-60.621500,GOES-19,2026-09-19 19:20:00
-3.694500,-60.621500,GOES-19,2026-09-19 22:40:00
-3.694500,-60.621500,GOES-19,2026-09-19 22:50:00
-3.694500,-60.621500,GOES-19,2026-09-19 23:10:00
-3.712800,-60.621100,GOES-19,2026-09-19 18:10:00
-3.712800,-60.621100,GOES-19,2026-09-19 18:20:00
-3.712800,-60.621100,GOES-19,2026-09-19 18:30:00
-3.712800,-60.621100,GOES-19,2026-09-19 18:40:00
-3.712800,-60.621100,GOES-19,2026-09-19 18:50:00
-3.712800,-60.621100,GOES-19,2026-09-19 19:00:00
-3.712800,-60.621100,GOES-19,2026-09-19 19:20:00
-3.676300,-60.602900,GOES-19,2026-09-19 18:30:00
-3.676300,-60.602900,GOES-19,2026-09-19 18:40:00
-3.676300,-60.602900,GOES-19,2026-09-19 18:50:00
-3.676300,-60.602900,GOES-19,2026-09-19 19:00:00
-3.676300,-60.602900,GOES-19,2026-09-19 19:10:00
-3.676300,-60.602900,GOES-19,2026-09-19 19:20:00
-3.676300,-60.602900,GOES-19,2026-09-19 22:40:00
-3.676300,-60.602900,GOES-19,2026-09-19 22:50:00
-3.676300,-60.602900,GOES-19,2026-09-19 23:10:00
-3.694600,-60.602500,GOES-19,2026-09-19 18:30:00
-3.694600,-60.602500,GOES-19,2026-09-19 18:40:00
-3.694600,-60.602500,GOES-19,2026-09-19 19:00:00
-3.694600,-60.602500,GOES-19,2026-09-19 19:10:00
-3.694600,-60.602500,GOES-19,2026-09-19 19:20:00
-3.694600,-60.602500,GOES-19,2026-09-19 22:40:00
-3.694600,-60.602500,GOES-19,2026-09-19 22:50:00
-3.694600,-60.602500,GOES-19,2026-09-19 23:10:00
-3.712900,-60.602200,GOES-19,2026-09-19 18:10:00
-3.712900,-60.602200,GOES-19,2026-09-19 18:30:00
-3.712900,-60.602200,GOES-19,2026-09-19 18:40:00
-3.712900,-60.602200,GOES-19,2026-09-19 18:50:00
-3.712900,-60.602200,GOES-19,2026-09-19 19:10:00
-3.712900,-60.602200,GOES-19,2026-09-19 19:20:00
-3.712900,-60.602200,GOES-19,2026-09-19 22:40:00
-3.731100,-60.601800,GOES-19,2026-09-19 18:10:00
-3.731100,-60.601800,GOES-19,2026-09-19 18:20:00
-3.731100,-60.601800,GOES-19,2026-09-19 18:30:00
-3.731100,-60.601800,GOES-19,2026-09-19 18:40:00
-3.731100,-60.601800,GOES-19,2026-09-19 18:50:00
-3.731100,-60.601800,GOES-19,2026-09-19 19:00:00
-3.731100,-60.601800,GOES-19,2026-09-19 19:10:00
-3.731100,-60.601800,GOES-19,2026-09-19 19:20:00
-3.694600,-60.583500,GOES-19,2026-09-19 15:40:00
-3.694600,-60.583500,GOES-19,2026-09-19 16:00:00
-3.694600,-60.583500,GOES-19,2026-09-19 16:10:00
-3.694600,-60.583500,GOES-19,2026-09-19 18:00:00
-3.694600,-60.583500,GOES-19,2026-09-19 18:40:00
-3.694600,-60.583500,GOES-19,2026-09-19 18:50:00
-3.694600,-60.583500,GOES-19,2026-09-19 19:00:00
-3.694600,-60.583500,GOES-19,2026-09-19 19:10:00
-3.694600,-60.583500,GOES-19,2026-09-19 19:20:00
-3.694600,-60.583500,GOES-19,2026-09-19 22:40:00
-3.694600,-60.583500,GOES-19,2026-09-19 22:50:00
-3.694600,-60.583500,GOES-19,2026-09-19 23:10:00
-3.712900,-60.583200,GOES-19,2026-09-19 18:10:00
-3.712900,-60.583200,GOES-19,2026-09-19 18:20:00
-3.712900,-60.583200,GOES-19,2026-09-19 18:30:00
-3.712900,-60.583200,GOES-19,2026-09-19 19:10:00
-3.712900,-60.583200,GOES-19,2026-09-19 22:40:00
0.009100,-60.601600,GOES-19,2026-09-19 18:20:00
0.009100,-60.601600,GOES-19,2026-09-19 18:30:00
0.009100,-60.601600,GOES-19,2026-09-19 18:40:00
0.009100,-60.601600,GOES-19,2026-09-19 18:50:00
0.009100,-60.601600,GOES-19,2026-09-19 19:00:00
0.009100,-60.601600,GOES-19,2026-09-19 19:10:00
0.009100,-60.601600,GOES-19,2026-09-19 19:20:00
0.009100,-60.601600,GOES-19,2026-09-19 19:30:00
0.009100,-60.601600,GOES-19,2026-09-19 19:40:00
-3.694700,-60.564500,GOES-19,2026-09-19 18:10:00
-3.694700,-60.564500,GOES-19,2026-09-19 18:20:00
-3.694700,-60.564500,GOES-19,2026-09-19 18:40:00
-3.694700,-60.564500,GOES-19,2026-09-19 18:50:00
-3.694700,-60.564500,GOES-19,2026-09-19 19:00:00
-3.694700,-60.564500,GOES-19,2026-09-19 19:10:00
-3.694700,-60.564500,GOES-19,2026-09-19 19:20:00
-3.694700,-60.564500,GOES-19,2026-09-19 22:40:00
-3.694700,-60.564500,GOES-19,2026-09-19 22:50:00
-3.694700,-60.564500,GOES-19,2026-09-19 23:10:00
-3.639900,-60.546600,GOES-19,2026-09-19 18:20:00
-3.639900,-60.546600,GOES-19,2026-09-19 18:50:00
3.987500,-60.501400,GOES-19,2026-09-19 18:30:00
-3.713200,-60.488200,GOES-19,2026-09-19 17:20:00
-3.713200,-60.488200,GOES-19,2026-09-19 17:30:00
0.191400,-60.506700,GOES-19,2026-09-19 19:10:00
-1.486100,-60.197100,GOES-19,2026-09-19 18:40:00
-3.531900,-59.939700,GOES-19,2026-09-19 16:30:00
-3.349200,-59.886100,GOES-19,2026-09-19 19:20:00
-3.349200,-59.886100,GOES-19,2026-09-19 19:50:00
-3.367500,-59.885700,GOES-19,2026-09-19 18:10:00
-3.367500,-59.885700,GOES-19,2026-09-19 18:50:00
-3.367500,-59.885700,GOES-19,2026-09-19 19:10:00
-3.367500,-59.885700,GOES-19,2026-09-19 19:20:00
-3.367500,-59.885700,GOES-19,2026-09-19 19:30:00
-3.367500,-59.885700,GOES-19,2026-09-19 19:40:00
-3.367500,-59.885700,GOES-19,2026-09-19 19:50:00
-3.349200,-59.867000,GOES-19,2026-09-19 19:00:00
-3.349200,-59.867000,GOES-19,2026-09-19 19:30:00
-3.349200,-59.867000,GOES-19,2026-09-19 19:50:00
-3.367500,-59.866600,GOES-19,2026-09-19 18:20:00
-3.367500,-59.866600,GOES-19,2026-09-19 19:00:00
-3.367500,-59.866600,GOES-19,2026-09-19 19:10:00
-3.367500,-59.866600,GOES-19,2026-09-19 19:20:00
-3.367500,-59.866600,GOES-19,2026-09-19 19:30:00
-3.367500,-59.866600,GOES-19,2026-09-19 19:40:00
-3.367500,-59.866600,GOES-19,2026-09-19 19:50:00
-3.331000,-59.848300,GOES-19,2026-09-19 15:40:00
-3.331000,-59.848300,GOES-19,2026-09-19 16:10:00
-3.331000,-59.848300,GOES-19,2026-09-19 18:40:00
-3.331000,-59.848300,GOES-19,2026-09-19 18:50:00
-3.331000,-59.848300,GOES-19,2026-09-19 19:20:00
-3.331000,-59.848300,GOES-19,2026-09-19 19:40:00
-3.349300,-59.847900,GOES-19,2026-09-19 19:10:00
-3.349300,-59.847900,GOES-19,2026-09-19 19:20:00
-3.349300,-59.847900,GOES-19,2026-09-19 19:40:00
-3.349300,-59.847900,GOES-19,2026-09-19 19:50:00
-3.367600,-59.847600,GOES-19,2026-09-19 19:00:00
-3.367600,-59.847600,GOES-19,2026-09-19 19:10:00
-3.367600,-59.847600,GOES-19,2026-09-19 19:30:00
-3.367600,-59.847600,GOES-19,2026-09-19 19:50:00
-3.331000,-59.829200,GOES-19,2026-09-19 19:00:00
-3.331000,-59.829200,GOES-19,2026-09-19 19:10:00
-3.331000,-59.829200,GOES-19,2026-09-19 19:20:00
-3.331000,-59.829200,GOES-19,2026-09-19 19:30:00
-3.331000,-59.829200,GOES-19,2026-09-19 19:40:00
-3.331000,-59.829200,GOES-19,2026-09-19 19:50:00
-3.349300,-59.828800,GOES-19,2026-09-19 19:00:00
-3.349300,-59.828800,GOES-19,2026-09-19 19:20:00
-3.349300,-59.828800,GOES-19,2026-09-19 19:30:00
-3.349300,-59.828800,GOES-19,2026-09-19 19:40:00
-3.349300,-59.828800,GOES-19,2026-09-19 19:50:00
-3.331100,-59.810100,GOES-19,2026-09-19 19:00:00
-3.331100,-59.810100,GOES-19,2026-09-19 19:10:00
-3.331100,-59.810100,GOES-19,2026-09-19 19:20:00
-3.331100,-59.810100,GOES-19,2026-09-19 19:30:00
-3.331100,-59.810100,GOES-19,2026-09-19 19:40:00
-3.331100,-59.810100,GOES-19,2026-09-19 19:50:00
-3.349400,-59.809700,GOES-19,2026-09-19 19:00:00
-3.349400,-59.809700,GOES-19,2026-09-19 19:10:00
-3.349400,-59.809700,GOES-19,2026-09-19 19:20:00
-3.349400,-59.809700,GOES-19,2026-09-19 19:30:00
-3.349400,-59.809700,GOES-19,2026-09-19 19:40:00
-2.709800,-59.763600,GOES-19,2026-09-19 18:30:00
-3.788700,-59.705200,GOES-19,2026-09-19 19:10:00
1.103600,-59.647700,GOES-19,2026-09-19 18:40:00
1.103600,-59.647700,GOES-19,2026-09-19 18:50:00
-3.496300,-59.596700,GOES-19,2026-09-19 18:50:00
-3.496300,-59.596700,GOES-19,2026-09-19 19:10:00
-3.496300,-59.596700,GOES-19,2026-09-19 19:20:00
-2.125700,-59.600000,GOES-19,2026-09-19 19:00:00
-2.125700,-59.600000,GOES-19,2026-09-19 19:10:00
0.684000,-59.554500,GOES-19,2026-09-19 18:20:00
0.684000,-59.554500,GOES-19,2026-09-19 18:30:00
0.684000,-59.554500,GOES-19,2026-09-19 18:40:00
0.684000,-59.554500,GOES-19,2026-09-19 18:50:00
-3.295500,-59.447600,GOES-19,2026-09-19 15:20:00
-3.295500,-59.447600,GOES-19,2026-09-19 15:30:00
-3.295500,-59.447600,GOES-19,2026-09-19 16:00:00
-3.295500,-59.447600,GOES-19,2026-09-19 16:10:00
-3.295500,-59.447600,GOES-19,2026-09-19 17:30:00
-3.295500,-59.447600,GOES-19,2026-09-19 18:00:00
-3.295500,-59.447600,GOES-19,2026-09-19 18:20:00
-3.295500,-59.447600,GOES-19,2026-09-19 18:30:00
-3.295500,-59.447600,GOES-19,2026-09-19 18:40:00
-3.295500,-59.447600,GOES-19,2026-09-19 18:50:00
-3.313800,-59.447200,GOES-19,2026-09-19 15:20:00
-3.313800,-59.447200,GOES-19,2026-09-19 15:30:00
-3.313800,-59.447200,GOES-19,2026-09-19 18:00:00
-3.313800,-59.447200,GOES-19,2026-09-19 18:10:00
-3.313800,-59.447200,GOES-19,2026-09-19 18:20:00
-3.313800,-59.447200,GOES-19,2026-09-19 18:30:00
-3.313800,-59.447200,GOES-19,2026-09-19 18:50:00
-3.424200,-59.215100,GOES-19,2026-09-19 15:40:00
-3.442500,-59.195600,GOES-19,2026-09-19 14:50:00
-3.442500,-59.195600,GOES-19,2026-09-19 15:00:00
-3.442500,-59.195600,GOES-19,2026-09-19 15:40:00
-3.442500,-59.195600,GOES-19,2026-09-19 15:50:00
-3.589500,-59.019700,GOES-19,2026-09-19 15:40:00
-3.589500,-59.019700,GOES-19,2026-09-19 15:50:00
-3.535600,-58.693900,GOES-19,2026-09-19 18:20:00
-3.535600,-58.693900,GOES-19,2026-09-19 18:30:00
-3.535600,-58.693900,GOES-19,2026-09-19 19:20:00
-3.463700,-58.232300,GOES-19,2026-09-19 14:20:00
-3.463700,-58.232300,GOES-19,2026-09-19 14:50:00
-3.463700,-58.232300,GOES-19,2026-09-19 19:10:00
-3.463700,-58.232300,GOES-19,2026-09-19 19:20:00
-3.463700,-58.232300,GOES-19,2026-09-19 19:30:00
-3.463700,-58.232300,GOES-19,2026-09-19 19:40:00
-3.463800,-58.213000,GOES-19,2026-09-19 13:50:00
-3.463800,-58.213000,GOES-19,2026-09-19 14:20:00
-3.372900,-57.982800,GOES-19,2026-09-19 17:50:00
-3.446300,-57.961800,GOES-19,2026-09-19 15:00:00
-3.446300,-57.961800,GOES-19,2026-09-19 15:10:00
-3.446300,-57.961800,GOES-19,2026-09-19 15:20:00
-3.446300,-57.961800,GOES-19,2026-09-19 15:30:00
-3.446300,-57.961800,GOES-19,2026-09-19 15:40:00
-3.446300,-57.961800,GOES-19,2026-09-19 16:10:00
-3.446300,-57.961800,GOES-19,2026-09-19 16:20:00
-3.446300,-57.961800,GOES-19,2026-09-19 16:50:00
-3.446300,-57.961800,GOES-19,2026-09-19 17:00:00
-3.446300,-57.961800,GOES-19,2026-09-19 17:20:00
-3.464600,-57.961400,GOES-19,2026-09-19 16:20:00
-3.373000,-57.963400,GOES-19,2026-09-19 18:20:00
-3.373000,-57.963400,GOES-19,2026-09-19 18:30:00
-3.373000,-57.963400,GOES-19,2026-09-19 18:40:00
-3.373000,-57.963400,GOES-19,2026-09-19 18:50:00
-3.446300,-57.942400,GOES-19,2026-09-19 15:50:00
-3.446300,-57.942400,GOES-19,2026-09-19 16:00:00
-2.458000,-57.922600,GOES-19,2026-09-19 14:40:00
-2.458000,-57.922600,GOES-19,2026-09-19 15:00:00
-2.458000,-57.922600,GOES-19,2026-09-19 15:10:00
-2.458000,-57.922600,GOES-19,2026-09-19 15:20:00
-3.135200,-57.871500,GOES-19,2026-09-19 19:30:00
-3.135200,-57.871500,GOES-19,2026-09-19 19:50:00
-2.897400,-57.818100,GOES-19,2026-09-19 14:30:00
-2.897400,-57.818100,GOES-19,2026-09-19 18:50:00
-2.897400,-57.818100,GOES-19,2026-09-19 19:40:00
-2.915700,-57.817700,GOES-19,2026-09-19 17:50:00
-2.915700,-57.817700,GOES-19,2026-09-19 18:30:00
-2.915700,-57.817700,GOES-19,2026-09-19 18:50:00
-2.915700,-57.817700,GOES-19,2026-09-19 19:40:00
-2.879100,-57.818400,GOES-19,2026-09-19 13:40:00
-2.879100,-57.818400,GOES-19,2026-09-19 14:00:00
-2.879100,-57.818400,GOES-19,2026-09-19 14:10:00
-2.879100,-57.818400,GOES-19,2026-09-19 14:20:00
-2.879100,-57.818400,GOES-19,2026-09-19 14:30:00
-2.879100,-57.818400,GOES-19,2026-09-19 14:40:00
-2.879100,-57.818400,GOES-19,2026-09-19 15:00:00
-2.879100,-57.818400,GOES-19,2026-09-19 15:20:00
-2.879100,-57.818400,GOES-19,2026-09-19 15:30:00
-2.879100,-57.818400,GOES-19,2026-09-19 15:40:00
-2.879100,-57.818400,GOES-19,2026-09-19 15:50:00
-2.879100,-57.818400,GOES-19,2026-09-19 18:10:00
-2.879100,-57.818400,GOES-19,2026-09-19 18:30:00
-2.879100,-57.818400,GOES-19,2026-09-19 18:40:00
-2.879100,-57.818400,GOES-19,2026-09-19 18:50:00
-2.879100,-57.818400,GOES-19,2026-09-19 19:40:00
-6.073900,-57.724500,GOES-19,2026-09-19 18:20:00
-6.073900,-57.724500,GOES-19,2026-09-19 18:40:00
-6.073900,-57.724500,GOES-19,2026-09-19 18:50:00
-2.879100,-57.799000,GOES-19,2026-09-19 14:30:00
-2.879100,-57.799000,GOES-19,2026-09-19 15:30:00
-2.879100,-57.799000,GOES-19,2026-09-19 18:50:00
-2.879100,-57.799000,GOES-19,2026-09-19 19:40:00
-2.897400,-57.798700,GOES-19,2026-09-19 14:30:00
-2.897400,-57.798700,GOES-19,2026-09-19 15:30:00
-2.897400,-57.798700,GOES-19,2026-09-19 18:50:00
-2.897400,-57.798700,GOES-19,2026-09-19 19:40:00
-2.915700,-57.798300,GOES-19,2026-09-19 14:30:00
-2.915700,-57.798300,GOES-19,2026-09-19 15:30:00
-2.915700,-57.798300,GOES-19,2026-09-19 18:50:00
-2.915700,-57.798300,GOES-19,2026-09-19 19:40:00
-2.879200,-57.779600,GOES-19,2026-09-19 15:30:00
-2.897500,-57.779300,GOES-19,2026-09-19 14:30:00
-2.897500,-57.779300,GOES-19,2026-09-19 15:30:00
-2.897500,-57.779300,GOES-19,2026-09-19 18:50:00
-2.897500,-57.779300,GOES-19,2026-09-19 19:40:00
-2.970900,-57.719700,GOES-19,2026-09-19 15:30:00
-5.816800,-57.559100,GOES-19,2026-09-19 18:30:00
-5.816800,-57.559100,GOES-19,2026-09-19 18:40:00
-5.816800,-57.559100,GOES-19,2026-09-19 18:50:00
-5.816900,-57.539500,GOES-19,2026-09-19 18:20:00
-5.816900,-57.539500,GOES-19,2026-09-19 18:30:00
-5.816900,-57.539500,GOES-19,2026-09-19 18:40:00
-5.816900,-57.539500,GOES-19,2026-09-19 18:50:00
-2.568700,-57.494000,GOES-19,2026-09-19 17:30:00
-2.568700,-57.494000,GOES-19,2026-09-19 17:50:00
-2.568700,-57.494000,GOES-19,2026-09-19 18:00:00
-2.568700,-57.494000,GOES-19,2026-09-19 18:20:00
-2.568700,-57.494000,GOES-19,2026-09-19 18:30:00
-2.568700,-57.494000,GOES-19,2026-09-19 18:40:00
-2.568700,-57.494000,GOES-19,2026-09-19 18:50:00
-3.173100,-57.424100,GOES-19,2026-09-19 15:30:00
-9.265700,-57.147600,GOES-19,2026-09-19 15:30:00
-2.972300,-57.194500,GOES-19,2026-09-19 18:30:00
-2.771300,-57.042400,GOES-19,2026-09-19 18:20:00
-2.771400,-57.003400,GOES-19,2026-09-19 17:30:00
-2.771400,-57.003400,GOES-19,2026-09-19 17:40:00
-2.771400,-57.003400,GOES-19,2026-09-19 18:20:00
-2.789700,-57.003100,GOES-19,2026-09-19 17:20:00
-1.947600,-56.997300,GOES-19,2026-09-19 19:00:00
-3.523000,-56.908900,GOES-19,2026-09-19 14:30:00
-3.523000,-56.908900,GOES-19,2026-09-19 15:30:00
-2.113400,-56.447200,GOES-19,2026-09-19 14:40:00
-2.113400,-56.447200,GOES-19,2026-09-19 17:40:00
-2.113400,-56.447200,GOES-19,2026-09-19 17:50:00
-2.113400,-56.447200,GOES-19,2026-09-19 18:00:00
-2.113400,-56.447200,GOES-19,2026-09-19 18:10:00
-2.113400,-56.447200,GOES-19,2026-09-19 18:20:00
-2.113400,-56.447200,GOES-19,2026-09-19 18:50:00
-2.113500,-56.427600,GOES-19,2026-09-19 17:40:00
-6.305200,-56.044200,GOES-19,2026-09-19 18:10:00
-6.305200,-56.044200,GOES-19,2026-09-19 18:20:00
2.132800,-55.955500,GOES-19,2026-09-19 15:30:00
2.114400,-55.955800,GOES-19,2026-09-19 15:20:00
2.114400,-55.955800,GOES-19,2026-09-19 15:30:00
2.114400,-55.955800,GOES-19,2026-09-19 15:40:00
2.114400,-55.955800,GOES-19,2026-09-19 15:50:00
2.114500,-55.936100,GOES-19,2026-09-19 18:30:00
-3.893800,-55.877200,GOES-19,2026-09-19 18:20:00
-3.893800,-55.877200,GOES-19,2026-09-19 18:40:00
-3.893800,-55.877200,GOES-19,2026-09-19 19:00:00
-3.893800,-55.877200,GOES-19,2026-09-19 19:30:00
-4.611200,-55.755800,GOES-19,2026-09-19 18:50:00
-4.629600,-55.755100,GOES-19,2026-09-19 18:10:00
-4.629600,-55.755100,GOES-19,2026-09-19 18:20:00
-4.629600,-55.755100,GOES-19,2026-09-19 18:30:00
-4.629600,-55.755100,GOES-19,2026-09-19 18:40:00
-5.919600,-55.704600,GOES-19,2026-09-19 18:40:00
-5.993400,-55.701400,GOES-19,2026-09-19 15:40:00
1.565200,-55.805500,GOES-19,2026-09-19 18:10:00
1.565200,-55.805500,GOES-19,2026-09-19 18:20:00
1.565200,-55.805500,GOES-19,2026-09-19 19:00:00
1.565200,-55.805500,GOES-19,2026-09-19 19:10:00
1.565200,-55.805500,GOES-19,2026-09-19 19:30:00
-7.251700,-55.619300,GOES-19,2026-09-19 18:20:00
-7.251700,-55.619300,GOES-19,2026-09-19 18:40:00
-7.251700,-55.619300,GOES-19,2026-09-19 18:50:00
-7.251700,-55.619300,GOES-19,2026-09-19 19:00:00
-7.251700,-55.619300,GOES-19,2026-09-19 19:10:00
-7.251700,-55.619300,GOES-19,2026-09-19 19:20:00
-7.251700,-55.619300,GOES-19,2026-09-19 19:30:00
-7.251700,-55.619300,GOES-19,2026-09-19 19:40:00
-7.251700,-55.619300,GOES-19,2026-09-19 19:50:00
-7.270200,-55.618300,GOES-19,2026-09-19 18:30:00
-7.270200,-55.618300,GOES-19,2026-09-19 18:40:00
-7.270200,-55.618300,GOES-19,2026-09-19 18:50:00
-7.270200,-55.618300,GOES-19,2026-09-19 19:00:00
-7.270200,-55.618300,GOES-19,2026-09-19 19:10:00
-7.270200,-55.618300,GOES-19,2026-09-19 19:20:00
-7.270200,-55.618300,GOES-19,2026-09-19 19:30:00
-7.270200,-55.618300,GOES-19,2026-09-19 19:40:00
-7.270200,-55.618300,GOES-19,2026-09-19 19:50:00
-7.307300,-55.616300,GOES-19,2026-09-19 18:50:00
-7.325900,-55.615300,GOES-19,2026-09-19 19:40:00
-7.325900,-55.615300,GOES-19,2026-09-19 19:50:00
1.583600,-55.785600,GOES-19,2026-09-19 17:30:00
1.583600,-55.785600,GOES-19,2026-09-19 17:40:00
1.583600,-55.785600,GOES-19,2026-09-19 17:50:00
1.583600,-55.785600,GOES-19,2026-09-19 18:10:00
1.583600,-55.785600,GOES-19,2026-09-19 18:20:00
1.565300,-55.785800,GOES-19,2026-09-19 18:20:00
1.565300,-55.785800,GOES-19,2026-09-19 18:30:00
-7.251900,-55.599400,GOES-19,2026-09-19 18:30:00
-7.251900,-55.599400,GOES-19,2026-09-19 18:40:00
-7.251900,-55.599400,GOES-19,2026-09-19 18:50:00
-7.270400,-55.598300,GOES-19,2026-09-19 18:00:00
-7.270400,-55.598300,GOES-19,2026-09-19 18:40:00
-7.270400,-55.598300,GOES-19,2026-09-19 18:50:00
-7.270400,-55.598300,GOES-19,2026-09-19 19:00:00
-7.270400,-55.598300,GOES-19,2026-09-19 19:10:00
-7.270400,-55.598300,GOES-19,2026-09-19 19:20:00
-7.270400,-55.598300,GOES-19,2026-09-19 19:30:00
-7.270400,-55.598300,GOES-19,2026-09-19 19:40:00
-7.270400,-55.598300,GOES-19,2026-09-19 19:50:00
-7.307500,-55.596300,GOES-19,2026-09-19 18:50:00
-7.307500,-55.596300,GOES-19,2026-09-19 19:40:00
-7.307500,-55.596300,GOES-19,2026-09-19 19:50:00
-1.217400,-55.710500,GOES-19,2026-09-19 15:10:00
-1.217400,-55.710500,GOES-19,2026-09-19 15:20:00
-1.217400,-55.710500,GOES-19,2026-09-19 15:30:00
-1.217400,-55.710500,GOES-19,2026-09-19 15:40:00
-1.217400,-55.710500,GOES-19,2026-09-19 18:30:00
-5.883500,-55.567100,GOES-19,2026-09-19 15:10:00
-5.883500,-55.567100,GOES-19,2026-09-19 15:20:00
-5.883500,-55.567100,GOES-19,2026-09-19 15:40:00
-5.902000,-55.566300,GOES-19,2026-09-19 18:40:00
-5.902000,-55.566300,GOES-19,2026-09-19 18:50:00
-1.180900,-55.671300,GOES-19,2026-09-19 15:40:00
-5.883600,-55.547300,GOES-19,2026-09-19 15:10:00
-5.883600,-55.547300,GOES-19,2026-09-19 15:40:00
-5.883600,-55.547300,GOES-19,2026-09-19 18:40:00
-5.883600,-55.547300,GOES-19,2026-09-19 18:50:00
-5.902100,-55.546400,GOES-19,2026-09-19 18:40:00
-8.070600,-55.352200,GOES-19,2026-09-19 19:40:00
-8.070600,-55.352200,GOES-19,2026-09-19 19:50:00
-8.089200,-55.351100,GOES-19,2026-09-19 18:20:00
-8.089200,-55.351100,GOES-19,2026-09-19 19:30:00
-8.089200,-55.351100,GOES-19,2026-09-19 19:50:00
-8.070800,-55.332100,GOES-19,2026-09-19 18:10:00
-8.070800,-55.332100,GOES-19,2026-09-19 18:20:00
-4.520500,-55.481300,GOES-19,2026-09-19 18:40:00
-4.520500,-55.481300,GOES-19,2026-09-19 19:00:00
-4.520500,-55.481300,GOES-19,2026-09-19 19:10:00
-4.520500,-55.481300,GOES-19,2026-09-19 19:20:00
-4.520500,-55.481300,GOES-19,2026-09-19 19:30:00
-4.520500,-55.481300,GOES-19,2026-09-19 19:40:00
-6.346900,-55.306800,GOES-19,2026-09-19 18:50:00
-6.346900,-55.306800,GOES-19,2026-09-19 19:00:00
-6.346900,-55.306800,GOES-19,2026-09-19 19:10:00
-6.346900,-55.306800,GOES-19,2026-09-19 19:20:00
-6.346900,-55.306800,GOES-19,2026-09-19 19:30:00
-6.346900,-55.306800,GOES-19,2026-09-19 19:40:00
-6.346900,-55.306800,GOES-19,2026-09-19 19:50:00
-7.328900,-55.215500,GOES-19,2026-09-19 18:50:00
-4.392800,-55.247200,GOES-19,2026-09-19 12:50:00
-4.392800,-55.247200,GOES-19,2026-09-19 15:30:00
-6.737000,-55.067400,GOES-19,2026-09-19 18:50:00
-6.922300,-55.057600,GOES-19,2026-09-19 15:30:00
-4.356900,-55.049400,GOES-19,2026-09-19 18:00:00
-4.356900,-55.049400,GOES-19,2026-09-19 18:30:00
-4.356900,-55.049400,GOES-19,2026-09-19 18:40:00
-4.356900,-55.049400,GOES-19,2026-09-19 18:50:00
-8.168400,-54.783600,GOES-19,2026-09-19 23:00:00
-8.187100,-54.782400,GOES-19,2026-09-19 23:00:00
-8.168600,-54.763400,GOES-19,2026-09-19 18:30:00
-8.168600,-54.763400,GOES-19,2026-09-19 23:00:00
-8.410800,-54.747600,GOES-19,2026-09-19 19:00:00
-8.168800,-54.743200,GOES-19,2026-09-19 23:00:00
-8.187400,-54.742000,GOES-19,2026-09-19 18:10:00
-8.187400,-54.742000,GOES-19,2026-09-19 18:20:00
-8.187400,-54.742000,GOES-19,2026-09-19 23:00:00
-8.411000,-54.727400,GOES-19,2026-09-19 19:00:00
-8.429600,-54.726200,GOES-19,2026-09-19 19:00:00
-8.169000,-54.723100,GOES-19,2026-09-19 15:00:00
-8.169000,-54.723100,GOES-19,2026-09-19 15:10:00
-8.169000,-54.723100,GOES-19,2026-09-19 18:40:00
-8.429800,-54.706000,GOES-19,2026-09-19 14:50:00
-8.429800,-54.706000,GOES-19,2026-09-19 15:00:00
-8.429800,-54.706000,GOES-19,2026-09-19 15:10:00
-8.429800,-54.706000,GOES-19,2026-09-19 15:20:00
-8.429800,-54.706000,GOES-19,2026-09-19 15:30:00
-8.429800,-54.706000,GOES-19,2026-09-19 15:40:00
-8.429800,-54.706000,GOES-19,2026-09-19 15:50:00
-8.429800,-54.706000,GOES-19,2026-09-19 16:10:00
-8.429800,-54.706000,GOES-19,2026-09-19 17:50:00
-8.429800,-54.706000,GOES-19,2026-09-19 18:40:00
-8.429800,-54.706000,GOES-19,2026-09-19 18:50:00
-8.429800,-54.706000,GOES-19,2026-09-19 19:00:00
-8.429800,-54.706000,GOES-19,2026-09-19 19:10:00
-8.429800,-54.706000,GOES-19,2026-09-19 19:20:00
-8.429800,-54.706000,GOES-19,2026-09-19 19:30:00
-8.429800,-54.706000,GOES-19,2026-09-19 19:40:00
-8.429800,-54.706000,GOES-19,2026-09-19 19:50:00
-14.048900,-54.053900,GOES-19,2026-09-19 13:40:00
-14.049300,-54.033000,GOES-19,2026-09-19 13:40:00
-3.494300,-54.656700,GOES-19,2026-09-19 18:00:00
-9.648000,-54.314300,GOES-19,2026-09-19 15:10:00
-11.040700,-54.177200,GOES-19,2026-09-19 22:40:00
-11.022100,-54.158400,GOES-19,2026-09-19 22:40:00
-11.041000,-54.156700,GOES-19,2026-09-19 22:40:00
-11.022300,-54.137900,GOES-19,2026-09-19 22:40:00
-11.041200,-54.136200,GOES-19,2026-09-19 22:40:00
-11.098900,-54.049000,GOES-19,2026-09-19 23:00:00
-11.117800,-54.047300,GOES-19,2026-09-19 14:50:00
-11.117800,-54.047300,GOES-19,2026-09-19 15:00:00
-11.117800,-54.047300,GOES-19,2026-09-19 15:10:00
-11.117800,-54.047300,GOES-19,2026-09-19 23:00:00
-11.136700,-54.045600,GOES-19,2026-09-19 13:00:00
-11.136700,-54.045600,GOES-19,2026-09-19 13:10:00
-11.136700,-54.045600,GOES-19,2026-09-19 13:20:00
-11.136700,-54.045600,GOES-19,2026-09-19 13:30:00
-11.136700,-54.045600,GOES-19,2026-09-19 13:40:00
-11.136700,-54.045600,GOES-19,2026-09-19 13:50:00
-11.136700,-54.045600,GOES-19,2026-09-19 14:00:00
-11.136700,-54.045600,GOES-19,2026-09-19 14:10:00
-11.136700,-54.045600,GOES-19,2026-09-19 14:20:00
-11.136700,-54.045600,GOES-19,2026-09-19 14:30:00
-11.136700,-54.045600,GOES-19,2026-09-19 14:40:00
-11.136700,-54.045600,GOES-19,2026-09-19 14:50:00
-11.136700,-54.045600,GOES-19,2026-09-19 15:00:00
-11.136700,-54.045600,GOES-19,2026-09-19 15:10:00
-11.118000,-54.026800,GOES-19,2026-09-19 12:50:00
-11.118000,-54.026800,GOES-19,2026-09-19 13:00:00
-11.118000,-54.026800,GOES-19,2026-09-19 13:10:00
-11.118000,-54.026800,GOES-19,2026-09-19 13:20:00
-11.118000,-54.026800,GOES-19,2026-09-19 13:30:00
-11.118000,-54.026800,GOES-19,2026-09-19 13:40:00
-11.118000,-54.026800,GOES-19,2026-09-19 13:50:00
-11.118000,-54.026800,GOES-19,2026-09-19 14:00:00
-11.118000,-54.026800,GOES-19,2026-09-19 14:10:00
-11.118000,-54.026800,GOES-19,2026-09-19 14:20:00
-11.118000,-54.026800,GOES-19,2026-09-19 14:30:00
-11.118000,-54.026800,GOES-19,2026-09-19 14:40:00
-11.118000,-54.026800,GOES-19,2026-09-19 14:50:00
-11.118000,-54.026800,GOES-19,2026-09-19 15:00:00
-11.118000,-54.026800,GOES-19,2026-09-19 15:10:00
-11.118000,-54.026800,GOES-19,2026-09-19 23:00:00
-11.136900,-54.025100,GOES-19,2026-09-19 14:30:00
-11.136900,-54.025100,GOES-19,2026-09-19 14:40:00
-11.136900,-54.025100,GOES-19,2026-09-19 14:50:00
-11.136900,-54.025100,GOES-19,2026-09-19 23:00:00
-11.155800,-54.023300,GOES-19,2026-09-19 13:10:00
-11.155800,-54.023300,GOES-19,2026-09-19 13:20:00
-11.155800,-54.023300,GOES-19,2026-09-19 13:30:00
-11.155800,-54.023300,GOES-19,2026-09-19 13:40:00
-11.155800,-54.023300,GOES-19,2026-09-19 13:50:00
-11.155800,-54.023300,GOES-19,2026-09-19 14:00:00
-11.155800,-54.023300,GOES-19,2026-09-19 14:10:00
-11.155800,-54.023300,GOES-19,2026-09-19 14:20:00
-11.155800,-54.023300,GOES-19,2026-09-19 14:30:00
-11.155800,-54.023300,GOES-19,2026-09-19 14:40:00
-11.155800,-54.023300,GOES-19,2026-09-19 14:50:00
-11.155800,-54.023300,GOES-19,2026-09-19 15:00:00
-11.155800,-54.023300,GOES-19,2026-09-19 15:10:00
-11.118300,-54.006200,GOES-19,2026-09-19 14:20:00
-11.118300,-54.006200,GOES-19,2026-09-19 14:30:00
-11.118300,-54.006200,GOES-19,2026-09-19 14:40:00
-11.118300,-54.006200,GOES-19,2026-09-19 14:50:00
-11.118300,-54.006200,GOES-19,2026-09-19 15:00:00
-11.118300,-54.006200,GOES-19,2026-09-19 15:10:00
-11.118300,-54.006200,GOES-19,2026-09-19 23:00:00
-11.137200,-54.004500,GOES-19,2026-09-19 13:00:00
-11.137200,-54.004500,GOES-19,2026-09-19 13:10:00
-11.137200,-54.004500,GOES-19,2026-09-19 13:20:00
-11.137200,-54.004500,GOES-19,2026-09-19 13:30:00
-11.137200,-54.004500,GOES-19,2026-09-19 13:40:00
-11.137200,-54.004500,GOES-19,2026-09-19 13:50:00
-11.137200,-54.004500,GOES-19,2026-09-19 14:00:00
-11.137200,-54.004500,GOES-19,2026-09-19 14:10:00
-11.137200,-54.004500,GOES-19,2026-09-19 14:20:00
-11.137200,-54.004500,GOES-19,2026-09-19 14:30:00
-11.137200,-54.004500,GOES-19,2026-09-19 14:40:00
-11.137200,-54.004500,GOES-19,2026-09-19 14:50:00
-11.137200,-54.004500,GOES-19,2026-09-19 15:00:00
-11.137200,-54.004500,GOES-19,2026-09-19 15:10:00
-11.137200,-54.004500,GOES-19,2026-09-19 23:00:00
-1.567500,-54.435500,GOES-19,2026-09-19 15:10:00
-1.567500,-54.435500,GOES-19,2026-09-19 18:10:00
-10.911200,-53.963500,GOES-19,2026-09-19 14:40:00
-10.911200,-53.963500,GOES-19,2026-09-19 14:50:00
-10.911200,-53.963500,GOES-19,2026-09-19 15:00:00
-3.018200,-54.168400,GOES-19,2026-09-19 18:50:00
-3.404500,-54.078000,GOES-19,2026-09-19 18:20:00
-3.404500,-54.078000,GOES-19,2026-09-19 18:30:00
-3.404500,-54.078000,GOES-19,2026-09-19 18:40:00
-3.404500,-54.078000,GOES-19,2026-09-19 18:50:00
-3.404600,-54.057900,GOES-19,2026-09-19 18:40:00
-3.404600,-54.057900,GOES-19,2026-09-19 18:50:00
-5.840700,-53.561100,GOES-19,2026-09-19 13:30:00
-5.840700,-53.561100,GOES-19,2026-09-19 14:00:00
-5.840700,-53.561100,GOES-19,2026-09-19 14:10:00
-5.840700,-53.561100,GOES-19,2026-09-19 14:50:00
-5.840700,-53.561100,GOES-19,2026-09-19 18:30:00
-5.840700,-53.561100,GOES-19,2026-09-19 18:50:00
-5.840700,-53.561100,GOES-19,2026-09-19 19:20:00
-5.840700,-53.561100,GOES-19,2026-09-19 19:30:00
-5.840700,-53.561100,GOES-19,2026-09-19 19:40:00
-5.840700,-53.561100,GOES-19,2026-09-19 19:50:00
-5.840700,-53.561100,GOES-19,2026-09-19 20:00:00
-5.840700,-53.561100,GOES-19,2026-09-19 20:10:00
-5.840700,-53.561100,GOES-19,2026-09-19 20:20:00
-5.840700,-53.561100,GOES-19,2026-09-19 20:30:00
-5.840700,-53.561100,GOES-19,2026-09-19 20:40:00
-5.840700,-53.561100,GOES-19,2026-09-19 20:50:00
-5.840700,-53.561100,GOES-19,2026-09-19 21:00:00
-5.840700,-53.561100,GOES-19,2026-09-19 21:10:00
-5.840700,-53.561100,GOES-19,2026-09-19 21:20:00
-5.840700,-53.561100,GOES-19,2026-09-19 23:10:00
-5.859200,-53.560200,GOES-19,2026-09-19 19:30:00
-5.859200,-53.560200,GOES-19,2026-09-19 20:40:00
-5.859200,-53.560200,GOES-19,2026-09-19 20:50:00
-5.859200,-53.560200,GOES-19,2026-09-19 21:00:00
-5.859200,-53.560200,GOES-19,2026-09-19 21:10:00
-5.859200,-53.560200,GOES-19,2026-09-19 21:20:00
-5.859200,-53.560200,GOES-19,2026-09-19 23:10:00
-5.840800,-53.540800,GOES-19,2026-09-19 18:50:00
-5.840800,-53.540800,GOES-19,2026-09-19 19:20:00
-5.840800,-53.540800,GOES-19,2026-09-19 19:30:00
-5.840800,-53.540800,GOES-19,2026-09-19 19:40:00
-5.840800,-53.540800,GOES-19,2026-09-19 19:50:00
-5.840800,-53.540800,GOES-19,2026-09-19 20:00:00
-5.840800,-53.540800,GOES-19,2026-09-19 20:10:00
-5.840800,-53.540800,GOES-19,2026-09-19 20:20:00
-5.840800,-53.540800,GOES-19,2026-09-19 20:30:00
-5.840800,-53.540800,GOES-19,2026-09-19 20:40:00
-5.840800,-53.540800,GOES-19,2026-09-19 20:50:00
-5.840800,-53.540800,GOES-19,2026-09-19 21:00:00
-5.840800,-53.540800,GOES-19,2026-09-19 21:10:00
-5.840800,-53.540800,GOES-19,2026-09-19 21:20:00
-5.840800,-53.540800,GOES-19,2026-09-19 23:10:00
-5.859300,-53.539900,GOES-19,2026-09-19 14:30:00
-5.859300,-53.539900,GOES-19,2026-09-19 20:10:00
-5.859300,-53.539900,GOES-19,2026-09-19 20:20:00
-5.859300,-53.539900,GOES-19,2026-09-19 20:30:00
-5.859300,-53.539900,GOES-19,2026-09-19 20:40:00
-5.859300,-53.539900,GOES-19,2026-09-19 20:50:00
-5.859300,-53.539900,GOES-19,2026-09-19 21:00:00
-5.859300,-53.539900,GOES-19,2026-09-19 21:10:00
-5.859300,-53.539900,GOES-19,2026-09-19 21:20:00
-5.859300,-53.539900,GOES-19,2026-09-19 23:10:00
-5.841000,-53.520500,GOES-19,2026-09-19 18:40:00
-5.841000,-53.520500,GOES-19,2026-09-19 19:00:00
-5.841000,-53.520500,GOES-19,2026-09-19 19:10:00
-5.841000,-53.520500,GOES-19,2026-09-19 19:20:00
-5.841000,-53.520500,GOES-19,2026-09-19 19:30:00
-5.841000,-53.520500,GOES-19,2026-09-19 19:40:00
-5.841000,-53.520500,GOES-19,2026-09-19 19:50:00
-5.841000,-53.520500,GOES-19,2026-09-19 20:00:00
-5.841000,-53.520500,GOES-19,2026-09-19 20:10:00
-5.841000,-53.520500,GOES-19,2026-09-19 20:20:00
-5.841000,-53.520500,GOES-19,2026-09-19 20:30:00
-5.841000,-53.520500,GOES-19,2026-09-19 20:40:00
-5.841000,-53.520500,GOES-19,2026-09-19 20:50:00
-5.841000,-53.520500,GOES-19,2026-09-19 21:00:00
-5.841000,-53.520500,GOES-19,2026-09-19 21:10:00
-5.841000,-53.520500,GOES-19,2026-09-19 21:20:00
-5.841000,-53.520500,GOES-19,2026-09-19 23:10:00
-5.859500,-53.519600,GOES-19,2026-09-19 19:20:00
-5.859500,-53.519600,GOES-19,2026-09-19 19:40:00
-5.859500,-53.519600,GOES-19,2026-09-19 19:50:00
-5.859500,-53.519600,GOES-19,2026-09-19 20:00:00
-5.859500,-53.519600,GOES-19,2026-09-19 20:10:00
-5.859500,-53.519600,GOES-19,2026-09-19 20:20:00
-5.859500,-53.519600,GOES-19,2026-09-19 20:30:00
-5.859500,-53.519600,GOES-19,2026-09-19 20:40:00
-5.859500,-53.519600,GOES-19,2026-09-19 20:50:00
-5.859500,-53.519600,GOES-19,2026-09-19 21:00:00
-5.859500,-53.519600,GOES-19,2026-09-19 21:10:00
-5.859500,-53.519600,GOES-19,2026-09-19 21:20:00
-5.859500,-53.519600,GOES-19,2026-09-19 23:10:00
-5.859600,-53.499300,GOES-19,2026-09-19 18:40:00
-5.859600,-53.499300,GOES-19,2026-09-19 18:50:00
-5.859600,-53.499300,GOES-19,2026-09-19 19:20:00
-5.859600,-53.499300,GOES-19,2026-09-19 19:40:00
-5.859600,-53.499300,GOES-19,2026-09-19 19:50:00
-5.859600,-53.499300,GOES-19,2026-09-19 20:00:00
-5.859600,-53.499300,GOES-19,2026-09-19 20:10:00
-5.859600,-53.499300,GOES-19,2026-09-19 20:20:00
-5.859600,-53.499300,GOES-19,2026-09-19 20:30:00
-5.859600,-53.499300,GOES-19,2026-09-19 20:40:00
-5.859600,-53.499300,GOES-19,2026-09-19 20:50:00
-5.859600,-53.499300,GOES-19,2026-09-19 21:00:00
-5.859600,-53.499300,GOES-19,2026-09-19 21:10:00
-5.859600,-53.499300,GOES-19,2026-09-19 21:20:00
-5.859600,-53.499300,GOES-19,2026-09-19 23:10:00
-5.859700,-53.479000,GOES-19,2026-09-19 19:20:00
-14.041700,-52.102500,GOES-19,2026-09-19 13:50:00
-13.336300,-51.787900,GOES-19,2026-09-19 12:40:00
-13.221900,-51.759500,GOES-19,2026-09-19 14:20:00
-13.221900,-51.759500,GOES-19,2026-09-19 14:30:00
-13.221900,-51.759500,GOES-19,2026-09-19 14:40:00
-13.221900,-51.759500,GOES-19,2026-09-19 14:50:00
-13.221900,-51.759500,GOES-19,2026-09-19 15:00:00
-13.241000,-51.757100,GOES-19,2026-09-19 14:20:00
-13.241000,-51.757100,GOES-19,2026-09-19 14:30:00
-13.241000,-51.757100,GOES-19,2026-09-19 14:40:00
-13.241000,-51.757100,GOES-19,2026-09-19 14:50:00
-13.241000,-51.757100,GOES-19,2026-09-19 15:00:00
-13.241000,-51.757100,GOES-19,2026-09-19 15:10:00
-13.241000,-51.757100,GOES-19,2026-09-19 15:20:00
-10.597200,-51.899500,GOES-19,2026-09-19 18:20:00
-10.597200,-51.899500,GOES-19,2026-09-19 18:40:00
-10.597200,-51.899500,GOES-19,2026-09-19 18:50:00
-10.597200,-51.899500,GOES-19,2026-09-19 19:00:00
-10.597200,-51.899500,GOES-19,2026-09-19 19:10:00
-10.597200,-51.899500,GOES-19,2026-09-19 19:20:00
-10.597200,-51.899500,GOES-19,2026-09-19 19:30:00
-10.597200,-51.899500,GOES-19,2026-09-19 19:40:00
-10.616100,-51.897700,GOES-19,2026-09-19 18:40:00
-10.616100,-51.897700,GOES-19,2026-09-19 18:50:00
-10.616100,-51.897700,GOES-19,2026-09-19 19:00:00
-10.616100,-51.897700,GOES-19,2026-09-19 19:10:00
-10.616100,-51.897700,GOES-19,2026-09-19 19:20:00
-10.616100,-51.897700,GOES-19,2026-09-19 19:30:00
-10.616100,-51.897700,GOES-19,2026-09-19 19:40:00
-9.467200,-51.982000,GOES-19,2026-09-19 14:00:00
-9.485900,-51.980400,GOES-19,2026-09-19 14:00:00
-9.485900,-51.980400,GOES-19,2026-09-19 14:20:00
-9.485900,-51.980400,GOES-19,2026-09-19 14:30:00
-10.597500,-51.878500,GOES-19,2026-09-19 18:30:00
-10.597500,-51.878500,GOES-19,2026-09-19 18:40:00
-10.597500,-51.878500,GOES-19,2026-09-19 18:50:00
-10.616400,-51.876700,GOES-19,2026-09-19 18:20:00
-10.616400,-51.876700,GOES-19,2026-09-19 18:30:00
-10.616400,-51.876700,GOES-19,2026-09-19 18:40:00
-10.616400,-51.876700,GOES-19,2026-09-19 18:50:00
-10.616400,-51.876700,GOES-19,2026-09-19 19:00:00
-10.616400,-51.876700,GOES-19,2026-09-19 19:10:00
-10.616400,-51.876700,GOES-19,2026-09-19 19:20:00
-10.314300,-51.905600,GOES-19,2026-09-19 14:20:00
-10.314300,-51.905600,GOES-19,2026-09-19 14:30:00
-10.314300,-51.905600,GOES-19,2026-09-19 14:40:00
-10.314300,-51.905600,GOES-19,2026-09-19 14:50:00
-10.314300,-51.905600,GOES-19,2026-09-19 15:00:00
-10.314300,-51.905600,GOES-19,2026-09-19 15:10:00
-10.314300,-51.905600,GOES-19,2026-09-19 15:20:00
-10.314300,-51.905600,GOES-19,2026-09-19 15:30:00
-10.314300,-51.905600,GOES-19,2026-09-19 15:40:00
-5.553500,-52.226600,GOES-19,2026-09-19 18:30:00
-10.314600,-51.884600,GOES-19,2026-09-19 14:40:00
-10.314600,-51.884600,GOES-19,2026-09-19 14:50:00
-10.390000,-51.877500,GOES-19,2026-09-19 18:30:00
-10.408900,-51.875700,GOES-19,2026-09-19 18:00:00
-10.408900,-51.875700,GOES-19,2026-09-19 18:10:00
-10.408900,-51.875700,GOES-19,2026-09-19 18:20:00
-10.390300,-51.856500,GOES-19,2026-09-19 14:30:00
-10.390300,-51.856500,GOES-19,2026-09-19 15:20:00
-10.390300,-51.856500,GOES-19,2026-09-19 18:20:00
-10.409200,-51.854700,GOES-19,2026-09-19 15:20:00
-10.409200,-51.854700,GOES-19,2026-09-19 15:30:00
-10.409200,-51.854700,GOES-19,2026-09-19 15:40:00
-11.379300,-51.398900,GOES-19,2026-09-19 17:50:00
-11.379300,-51.398900,GOES-19,2026-09-19 18:10:00
-11.379300,-51.398900,GOES-19,2026-09-19 18:20:00
-11.379300,-51.398900,GOES-19,2026-09-19 18:30:00
-11.379300,-51.398900,GOES-19,2026-09-19 18:50:00
-11.360600,-51.379700,GOES-19,2026-09-19 18:00:00
-11.360600,-51.379700,GOES-19,2026-09-19 18:40:00
-11.360600,-51.379700,GOES-19,2026-09-19 18:50:00
-11.379600,-51.377700,GOES-19,2026-09-19 17:50:00
-11.379600,-51.377700,GOES-19,2026-09-19 18:00:00
-11.379600,-51.377700,GOES-19,2026-09-19 18:10:00
-11.379600,-51.377700,GOES-19,2026-09-19 18:20:00
-11.379600,-51.377700,GOES-19,2026-09-19 18:40:00
-11.379600,-51.377700,GOES-19,2026-09-19 18:50:00
-11.398600,-51.375700,GOES-19,2026-09-19 17:50:00
-11.398600,-51.375700,GOES-19,2026-09-19 18:10:00
-11.398600,-51.375700,GOES-19,2026-09-19 18:40:00
-11.360900,-51.358500,GOES-19,2026-09-19 15:50:00
-11.360900,-51.358500,GOES-19,2026-09-19 16:00:00
-11.360900,-51.358500,GOES-19,2026-09-19 17:30:00
-11.379900,-51.356500,GOES-19,2026-09-19 17:30:00
-11.379900,-51.356500,GOES-19,2026-09-19 17:40:00
-11.379900,-51.356500,GOES-19,2026-09-19 17:50:00
-11.379900,-51.356500,GOES-19,2026-09-19 18:00:00
-11.379900,-51.356500,GOES-19,2026-09-19 18:10:00
-11.379900,-51.356500,GOES-19,2026-09-19 18:40:00
-11.361200,-51.337400,GOES-19,2026-09-19 17:50:00
-11.361200,-51.337400,GOES-19,2026-09-19 18:00:00
-11.361200,-51.337400,GOES-19,2026-09-19 18:10:00
-10.548400,-51.294500,GOES-19,2026-09-19 15:30:00
-10.548400,-51.294500,GOES-19,2026-09-19 15:40:00
-10.567300,-51.292600,GOES-19,2026-09-19 12:40:00
-10.567300,-51.292600,GOES-19,2026-09-19 15:40:00
-10.567300,-51.292600,GOES-19,2026-09-19 18:50:00
-5.872900,-51.569300,GOES-19,2026-09-19 18:30:00
-5.872900,-51.569300,GOES-19,2026-09-19 18:50:00
-12.584600,-50.942800,GOES-19,2026-09-19 17:40:00
-12.584600,-50.942800,GOES-19,2026-09-19 17:50:00
-10.836400,-50.947900,GOES-19,2026-09-19 18:30:00
-10.836400,-50.947900,GOES-19,2026-09-19 18:50:00
-10.836400,-50.947900,GOES-19,2026-09-19 19:00:00
-10.836400,-50.947900,GOES-19,2026-09-19 19:20:00
-10.836400,-50.947900,GOES-19,2026-09-19 19:30:00
-10.836400,-50.947900,GOES-19,2026-09-19 19:40:00
-10.931700,-50.895500,GOES-19,2026-09-19 16:20:00
-10.931700,-50.895500,GOES-19,2026-09-19 17:30:00
-10.931700,-50.895500,GOES-19,2026-09-19 18:20:00
-10.931700,-50.895500,GOES-19,2026-09-19 18:50:00
-10.780400,-50.890000,GOES-19,2026-09-19 17:30:00
-10.780400,-50.890000,GOES-19,2026-09-19 17:40:00
-10.780400,-50.890000,GOES-19,2026-09-19 17:50:00
-10.780700,-50.868800,GOES-19,2026-09-19 19:30:00
-10.932300,-50.852900,GOES-19,2026-09-19 13:40:00
-10.932300,-50.852900,GOES-19,2026-09-19 14:20:00
-10.932300,-50.852900,GOES-19,2026-09-19 14:40:00
-10.932300,-50.852900,GOES-19,2026-09-19 14:50:00
-10.932300,-50.852900,GOES-19,2026-09-19 15:00:00
-10.932300,-50.852900,GOES-19,2026-09-19 15:10:00
-10.932300,-50.852900,GOES-19,2026-09-19 15:30:00
-13.029800,-50.608900,GOES-19,2026-09-19 13:30:00
-13.029800,-50.608900,GOES-19,2026-09-19 18:10:00
-13.029800,-50.608900,GOES-19,2026-09-19 18:20:00
-13.029800,-50.608900,GOES-19,2026-09-19 18:30:00
-13.029800,-50.608900,GOES-19,2026-09-19 18:40:00
-13.029800,-50.608900,GOES-19,2026-09-19 18:50:00
-13.049000,-50.606500,GOES-19,2026-09-19 13:30:00
-13.049000,-50.606500,GOES-19,2026-09-19 14:10:00
-13.049000,-50.606500,GOES-19,2026-09-19 15:10:00
-13.049000,-50.606500,GOES-19,2026-09-19 18:00:00
-13.049000,-50.606500,GOES-19,2026-09-19 18:10:00
-13.049000,-50.606500,GOES-19,2026-09-19 18:20:00
-13.049000,-50.606500,GOES-19,2026-09-19 18:30:00
-13.049000,-50.606500,GOES-19,2026-09-19 18:40:00
-13.049000,-50.606500,GOES-19,2026-09-19 18:50:00
-2.806900,-51.361300,GOES-19,2026-09-19 18:40:00
-2.806900,-51.361300,GOES-19,2026-09-19 18:50:00
-12.112200,-50.657200,GOES-19,2026-09-19 14:50:00
-11.750000,-50.699300,GOES-19,2026-09-19 18:10:00
-12.093100,-50.659500,GOES-19,2026-09-19 14:40:00
-12.093100,-50.659500,GOES-19,2026-09-19 14:50:00
-12.093100,-50.659500,GOES-19,2026-09-19 15:00:00
-12.093100,-50.659500,GOES-19,2026-09-19 15:10:00
-12.093100,-50.659500,GOES-19,2026-09-19 15:20:00
-12.093100,-50.659500,GOES-19,2026-09-19 15:30:00
-10.707600,-50.685100,GOES-19,2026-09-19 12:30:00
-10.707600,-50.685100,GOES-19,2026-09-19 12:40:00
-10.707600,-50.685100,GOES-19,2026-09-19 12:50:00
-10.707600,-50.685100,GOES-19,2026-09-19 14:30:00
-10.707600,-50.685100,GOES-19,2026-09-19 14:40:00
-10.707600,-50.685100,GOES-19,2026-09-19 14:50:00
-10.707600,-50.685100,GOES-19,2026-09-19 15:00:00
-10.707600,-50.685100,GOES-19,2026-09-19 15:10:00
-10.707600,-50.685100,GOES-19,2026-09-19 15:20:00
-10.707600,-50.685100,GOES-19,2026-09-19 15:30:00
-10.707600,-50.685100,GOES-19,2026-09-19 15:40:00
-10.707600,-50.685100,GOES-19,2026-09-19 15:50:00
-10.707600,-50.685100,GOES-19,2026-09-19 16:00:00
-10.707600,-50.685100,GOES-19,2026-09-19 16:10:00
-10.707600,-50.685100,GOES-19,2026-09-19 17:30:00
-10.707600,-50.685100,GOES-19,2026-09-19 17:40:00
-10.707600,-50.685100,GOES-19,2026-09-19 18:00:00
-10.707600,-50.685100,GOES-19,2026-09-19 18:10:00
-10.726500,-50.683200,GOES-19,2026-09-19 14:50:00
-10.726500,-50.683200,GOES-19,2026-09-19 15:20:00
-10.726500,-50.683200,GOES-19,2026-09-19 15:40:00
-10.726500,-50.683200,GOES-19,2026-09-19 15:50:00
-10.670000,-50.667800,GOES-19,2026-09-19 15:50:00
-10.670000,-50.667800,GOES-19,2026-09-19 18:20:00
-10.670000,-50.667800,GOES-19,2026-09-19 18:30:00
-10.670000,-50.667800,GOES-19,2026-09-19 18:40:00
1.021200,-51.186100,GOES-19,2026-09-19 18:00:00
1.021200,-51.186100,GOES-19,2026-09-19 18:20:00
1.021200,-51.186100,GOES-19,2026-09-19 18:30:00
1.021200,-51.165400,GOES-19,2026-09-19 17:40:00
1.021200,-51.165400,GOES-19,2026-09-19 17:50:00
1.021200,-51.165400,GOES-19,2026-09-19 18:00:00
1.021200,-51.165400,GOES-19,2026-09-19 18:10:00
1.021200,-51.165400,GOES-19,2026-09-19 18:20:00
1.021200,-51.165400,GOES-19,2026-09-19 18:30:00
1.021200,-51.165400,GOES-19,2026-09-19 18:40:00
1.021200,-51.165400,GOES-19,2026-09-19 18:50:00
1.002800,-51.165600,GOES-19,2026-09-19 18:00:00
-8.336700,-50.839700,GOES-19,2026-09-19 14:20:00
-8.336700,-50.839700,GOES-19,2026-09-19 14:30:00
-8.336700,-50.839700,GOES-19,2026-09-19 14:40:00
-8.336700,-50.839700,GOES-19,2026-09-19 14:50:00
-8.336700,-50.839700,GOES-19,2026-09-19 15:00:00
-8.730200,-50.807400,GOES-19,2026-09-19 14:10:00
-10.935800,-50.597200,GOES-19,2026-09-19 13:50:00
-10.935800,-50.597200,GOES-19,2026-09-19 14:10:00
-10.935800,-50.597200,GOES-19,2026-09-19 15:10:00
-10.935800,-50.597200,GOES-19,2026-09-19 15:20:00
-10.935800,-50.597200,GOES-19,2026-09-19 15:30:00
-10.935800,-50.597200,GOES-19,2026-09-19 15:40:00
-10.935800,-50.597200,GOES-19,2026-09-19 15:50:00
-10.935800,-50.597200,GOES-19,2026-09-19 16:00:00
-10.935800,-50.597200,GOES-19,2026-09-19 17:40:00
-10.935800,-50.597200,GOES-19,2026-09-19 17:50:00
-10.935800,-50.597200,GOES-19,2026-09-19 18:10:00
-10.954700,-50.595200,GOES-19,2026-09-19 13:50:00
-10.954700,-50.595200,GOES-19,2026-09-19 14:10:00
1.058100,-51.144300,GOES-19,2026-09-19 18:20:00
1.039700,-51.144500,GOES-19,2026-09-19 17:40:00
1.039700,-51.144500,GOES-19,2026-09-19 17:50:00
1.039700,-51.144500,GOES-19,2026-09-19 18:00:00
1.039700,-51.144500,GOES-19,2026-09-19 18:10:00
1.039700,-51.144500,GOES-19,2026-09-19 18:20:00
1.039700,-51.144500,GOES-19,2026-09-19 18:30:00
1.039700,-51.144500,GOES-19,2026-09-19 18:50:00
1.021300,-51.144700,GOES-19,2026-09-19 17:30:00
1.021300,-51.144700,GOES-19,2026-09-19 17:40:00
1.021300,-51.144700,GOES-19,2026-09-19 17:50:00
1.021300,-51.144700,GOES-19,2026-09-19 18:00:00
1.021300,-51.144700,GOES-19,2026-09-19 18:10:00
1.021300,-51.144700,GOES-19,2026-09-19 18:20:00
1.021300,-51.144700,GOES-19,2026-09-19 18:30:00
1.021300,-51.144700,GOES-19,2026-09-19 18:40:00
1.021300,-51.144700,GOES-19,2026-09-19 18:50:00
-8.730400,-50.786300,GOES-19,2026-09-19 13:20:00
-8.730400,-50.786300,GOES-19,2026-09-19 14:10:00
-8.730400,-50.786300,GOES-19,2026-09-19 14:30:00
-8.730400,-50.786300,GOES-19,2026-09-19 14:40:00
-8.918000,-50.770300,GOES-19,2026-09-19 14:50:00
-8.918000,-50.770300,GOES-19,2026-09-19 15:10:00
-8.918000,-50.770300,GOES-19,2026-09-19 15:20:00
-8.918000,-50.770300,GOES-19,2026-09-19 15:30:00
-10.936100,-50.575900,GOES-19,2026-09-19 13:50:00
-10.936100,-50.575900,GOES-19,2026-09-19 14:10:00
-10.936100,-50.575900,GOES-19,2026-09-19 15:20:00
-10.936100,-50.575900,GOES-19,2026-09-19 15:40:00
-10.936100,-50.575900,GOES-19,2026-09-19 16:00:00
1.058100,-51.123600,GOES-19,2026-09-19 18:00:00
1.039700,-51.123700,GOES-19,2026-09-19 18:00:00
1.039700,-51.123700,GOES-19,2026-09-19 18:10:00
1.039700,-51.123700,GOES-19,2026-09-19 18:20:00
1.021300,-51.123900,GOES-19,2026-09-19 15:20:00
1.021300,-51.123900,GOES-19,2026-09-19 17:40:00
1.021300,-51.123900,GOES-19,2026-09-19 17:50:00
1.021300,-51.123900,GOES-19,2026-09-19 18:00:00
1.021300,-51.123900,GOES-19,2026-09-19 18:10:00
1.223900,-51.038700,GOES-19,2026-09-19 18:10:00
1.205500,-51.038900,GOES-19,2026-09-19 18:30:00
1.131800,-51.039800,GOES-19,2026-09-19 18:40:00
1.131800,-51.039800,GOES-19,2026-09-19 18:50:00
1.113400,-51.040000,GOES-19,2026-09-19 18:40:00
1.113400,-51.040000,GOES-19,2026-09-19 18:50:00
-6.286400,-50.857600,GOES-19,2026-09-19 19:00:00
-6.286400,-50.857600,GOES-19,2026-09-19 19:10:00
1.150300,-51.018800,GOES-19,2026-09-19 18:40:00
1.150300,-51.018800,GOES-19,2026-09-19 18:50:00
1.131900,-51.019000,GOES-19,2026-09-19 18:40:00
1.131900,-51.019000,GOES-19,2026-09-19 18:50:00
-10.691500,-50.473800,GOES-19,2026-09-19 16:40:00
-10.691500,-50.473800,GOES-19,2026-09-19 16:50:00
1.242400,-50.997000,GOES-19,2026-09-19 17:20:00
1.150300,-50.998000,GOES-19,2026-09-19 18:40:00
1.150300,-50.998000,GOES-19,2026-09-19 18:50:00
1.168700,-50.977000,GOES-19,2026-09-19 18:50:00
2.458100,-50.934000,GOES-19,2026-09-19 18:10:00
2.458100,-50.934000,GOES-19,2026-09-19 18:40:00
2.458100,-50.934000,GOES-19,2026-09-19 18:50:00
1.132000,-50.935900,GOES-19,2026-09-19 18:40:00
1.113600,-50.915300,GOES-19,2026-09-19 18:30:00
1.113600,-50.915300,GOES-19,2026-09-19 18:40:00
-12.234100,-50.170300,GOES-19,2026-09-19 18:50:00
-12.234100,-50.170300,GOES-19,2026-09-19 19:00:00
-12.234100,-50.170300,GOES-19,2026-09-19 19:30:00
-12.196200,-50.153400,GOES-19,2026-09-19 18:00:00
-12.196200,-50.153400,GOES-19,2026-09-19 18:10:00
-12.196200,-50.153400,GOES-19,2026-09-19 18:30:00
-12.196200,-50.153400,GOES-19,2026-09-19 18:40:00
-12.196200,-50.153400,GOES-19,2026-09-19 18:50:00
-12.215300,-50.151100,GOES-19,2026-09-19 17:40:00
-12.215300,-50.151100,GOES-19,2026-09-19 18:10:00
-12.215300,-50.151100,GOES-19,2026-09-19 18:20:00
-12.215300,-50.151100,GOES-19,2026-09-19 18:30:00
-12.215300,-50.151100,GOES-19,2026-09-19 18:40:00
-12.215300,-50.151100,GOES-19,2026-09-19 18:50:00
-12.215300,-50.151100,GOES-19,2026-09-19 19:00:00
-12.215300,-50.151100,GOES-19,2026-09-19 19:10:00
-12.215300,-50.151100,GOES-19,2026-09-19 19:20:00
-12.215300,-50.151100,GOES-19,2026-09-19 19:30:00
-12.215300,-50.151100,GOES-19,2026-09-19 19:40:00
-12.234400,-50.148800,GOES-19,2026-09-19 18:10:00
-12.234400,-50.148800,GOES-19,2026-09-19 18:20:00
-12.234400,-50.148800,GOES-19,2026-09-19 18:30:00
-12.234400,-50.148800,GOES-19,2026-09-19 18:40:00
-12.234400,-50.148800,GOES-19,2026-09-19 18:50:00
-12.234400,-50.148800,GOES-19,2026-09-19 19:00:00
-12.234400,-50.148800,GOES-19,2026-09-19 19:10:00
-12.234400,-50.148800,GOES-19,2026-09-19 19:20:00
-12.234400,-50.148800,GOES-19,2026-09-19 19:30:00
-12.521300,-50.113300,GOES-19,2026-09-19 18:10:00
-12.521300,-50.113300,GOES-19,2026-09-19 18:40:00
-12.521300,-50.113300,GOES-19,2026-09-19 19:00:00
-12.521300,-50.113300,GOES-19,2026-09-19 19:10:00
-12.521300,-50.113300,GOES-19,2026-09-19 19:20:00
-11.853000,-50.173100,GOES-19,2026-09-19 15:40:00
-12.521700,-50.091600,GOES-19,2026-09-19 15:00:00
-12.521700,-50.091600,GOES-19,2026-09-19 18:30:00
-12.521700,-50.091600,GOES-19,2026-09-19 18:40:00
-12.521700,-50.091600,GOES-19,2026-09-19 18:50:00
-12.521700,-50.091600,GOES-19,2026-09-19 19:00:00
-12.521700,-50.091600,GOES-19,2026-09-19 19:10:00
-12.521700,-50.091600,GOES-19,2026-09-19 19:20:00
-12.196500,-50.131800,GOES-19,2026-09-19 15:40:00
-12.196500,-50.131800,GOES-19,2026-09-19 17:50:00
-12.196500,-50.131800,GOES-19,2026-09-19 18:00:00
-12.196500,-50.131800,GOES-19,2026-09-19 18:10:00
-12.196500,-50.131800,GOES-19,2026-09-19 18:20:00
-12.196500,-50.131800,GOES-19,2026-09-19 18:30:00
-12.196500,-50.131800,GOES-19,2026-09-19 18:40:00
-12.196500,-50.131800,GOES-19,2026-09-19 18:50:00
-12.215600,-50.129500,GOES-19,2026-09-19 18:10:00
-12.215600,-50.129500,GOES-19,2026-09-19 18:30:00
-12.215600,-50.129500,GOES-19,2026-09-19 18:50:00
-11.948700,-50.140200,GOES-19,2026-09-19 13:40:00
-11.948700,-50.140200,GOES-19,2026-09-19 13:50:00
-11.948700,-50.140200,GOES-19,2026-09-19 14:00:00
-11.948700,-50.140200,GOES-19,2026-09-19 14:10:00
-11.948700,-50.140200,GOES-19,2026-09-19 14:20:00
-11.948700,-50.140200,GOES-19,2026-09-19 14:30:00
-11.948700,-50.140200,GOES-19,2026-09-19 14:50:00
-11.948700,-50.140200,GOES-19,2026-09-19 15:10:00
-11.948700,-50.140200,GOES-19,2026-09-19 15:20:00
-11.967800,-50.137900,GOES-19,2026-09-19 12:20:00
-11.967800,-50.137900,GOES-19,2026-09-19 15:30:00
-12.196900,-50.110200,GOES-19,2026-09-19 18:10:00
-12.483700,-50.074800,GOES-19,2026-09-19 12:40:00
-12.483700,-50.074800,GOES-19,2026-09-19 12:50:00
-12.483700,-50.074800,GOES-19,2026-09-19 13:10:00
-12.483700,-50.074800,GOES-19,2026-09-19 13:30:00
-12.483700,-50.074800,GOES-19,2026-09-19 13:40:00
-12.483700,-50.074800,GOES-19,2026-09-19 13:50:00
-12.483700,-50.074800,GOES-19,2026-09-19 14:00:00
-12.483700,-50.074800,GOES-19,2026-09-19 14:10:00
-12.483700,-50.074800,GOES-19,2026-09-19 14:20:00
-12.483700,-50.074800,GOES-19,2026-09-19 14:30:00
-12.483700,-50.074800,GOES-19,2026-09-19 14:50:00
-12.483700,-50.074800,GOES-19,2026-09-19 15:00:00
-12.483700,-50.074800,GOES-19,2026-09-19 15:10:00
-12.483700,-50.074800,GOES-19,2026-09-19 15:20:00
-12.502900,-50.072400,GOES-19,2026-09-19 12:30:00
-12.502900,-50.072400,GOES-19,2026-09-19 12:40:00
-12.502900,-50.072400,GOES-19,2026-09-19 12:50:00
-12.502900,-50.072400,GOES-19,2026-09-19 13:00:00
-12.502900,-50.072400,GOES-19,2026-09-19 13:10:00
-12.502900,-50.072400,GOES-19,2026-09-19 13:20:00
-12.502900,-50.072400,GOES-19,2026-09-19 13:30:00
-12.502900,-50.072400,GOES-19,2026-09-19 13:40:00
-12.502900,-50.072400,GOES-19,2026-09-19 13:50:00
-12.502900,-50.072400,GOES-19,2026-09-19 14:00:00
-12.502900,-50.072400,GOES-19,2026-09-19 14:10:00
-12.502900,-50.072400,GOES-19,2026-09-19 14:20:00
-12.502900,-50.072400,GOES-19,2026-09-19 14:30:00
-12.502900,-50.072400,GOES-19,2026-09-19 14:40:00
-12.502900,-50.072400,GOES-19,2026-09-19 14:50:00
-12.502900,-50.072400,GOES-19,2026-09-19 15:00:00
-12.502900,-50.072400,GOES-19,2026-09-19 15:10:00
-12.502900,-50.072400,GOES-19,2026-09-19 15:20:00
-12.502900,-50.072400,GOES-19,2026-09-19 15:40:00
-12.502900,-50.072400,GOES-19,2026-09-19 15:50:00
-12.502900,-50.072400,GOES-19,2026-09-19 17:50:00
-12.502900,-50.072400,GOES-19,2026-09-19 18:00:00
-12.502900,-50.072400,GOES-19,2026-09-19 18:10:00
-12.502900,-50.072400,GOES-19,2026-09-19 18:20:00
-12.502900,-50.072400,GOES-19,2026-09-19 18:30:00
-12.502900,-50.072400,GOES-19,2026-09-19 18:40:00
-12.502900,-50.072400,GOES-19,2026-09-19 18:50:00
-12.502900,-50.072400,GOES-19,2026-09-19 19:00:00
-12.502900,-50.072400,GOES-19,2026-09-19 19:10:00
-12.502900,-50.072400,GOES-19,2026-09-19 19:20:00
-12.522000,-50.070000,GOES-19,2026-09-19 14:40:00
-12.522000,-50.070000,GOES-19,2026-09-19 14:50:00
-12.522000,-50.070000,GOES-19,2026-09-19 15:00:00
-12.522000,-50.070000,GOES-19,2026-09-19 17:50:00
-12.522000,-50.070000,GOES-19,2026-09-19 18:00:00
-12.522000,-50.070000,GOES-19,2026-09-19 18:10:00
-12.522000,-50.070000,GOES-19,2026-09-19 18:20:00
-12.522000,-50.070000,GOES-19,2026-09-19 18:30:00
-12.522000,-50.070000,GOES-19,2026-09-19 18:40:00
-12.522000,-50.070000,GOES-19,2026-09-19 18:50:00
-12.522000,-50.070000,GOES-19,2026-09-19 19:00:00
-12.522000,-50.070000,GOES-19,2026-09-19 19:10:00
-12.522000,-50.070000,GOES-19,2026-09-19 19:20:00
-12.541200,-50.067600,GOES-19,2026-09-19 18:20:00
-12.541200,-50.067600,GOES-19,2026-09-19 18:30:00
-12.541200,-50.067600,GOES-19,2026-09-19 19:10:00
-12.541200,-50.067600,GOES-19,2026-09-19 19:20:00
-10.732300,-50.256000,GOES-19,2026-09-19 15:20:00
-10.732300,-50.256000,GOES-19,2026-09-19 15:40:00
-10.732300,-50.256000,GOES-19,2026-09-19 15:50:00
-11.910900,-50.123200,GOES-19,2026-09-19 13:40:00
-11.910900,-50.123200,GOES-19,2026-09-19 14:00:00
-11.910900,-50.123200,GOES-19,2026-09-19 14:20:00
-11.910900,-50.123200,GOES-19,2026-09-19 14:30:00
-11.910900,-50.123200,GOES-19,2026-09-19 15:10:00
-11.910900,-50.123200,GOES-19,2026-09-19 15:30:00
-11.910900,-50.123200,GOES-19,2026-09-19 15:40:00
-11.929900,-50.120900,GOES-19,2026-09-19 13:40:00
-11.929900,-50.120900,GOES-19,2026-09-19 13:50:00
-11.929900,-50.120900,GOES-19,2026-09-19 14:00:00
-11.929900,-50.120900,GOES-19,2026-09-19 14:30:00
-11.929900,-50.120900,GOES-19,2026-09-19 15:10:00
-11.929900,-50.120900,GOES-19,2026-09-19 15:20:00
-11.929900,-50.120900,GOES-19,2026-09-19 15:40:00
-12.484100,-50.053200,GOES-19,2026-09-19 14:10:00
-12.484100,-50.053200,GOES-19,2026-09-19 14:20:00
-12.484100,-50.053200,GOES-19,2026-09-19 14:30:00
-12.484100,-50.053200,GOES-19,2026-09-19 14:50:00
-12.484100,-50.053200,GOES-19,2026-09-19 15:00:00
-12.484100,-50.053200,GOES-19,2026-09-19 15:10:00
-12.484100,-50.053200,GOES-19,2026-09-19 15:20:00
-12.484100,-50.053200,GOES-19,2026-09-19 15:30:00
-12.484100,-50.053200,GOES-19,2026-09-19 15:40:00
-12.484100,-50.053200,GOES-19,2026-09-19 18:10:00
-12.484100,-50.053200,GOES-19,2026-09-19 18:20:00
-12.484100,-50.053200,GOES-19,2026-09-19 18:30:00
-12.484100,-50.053200,GOES-19,2026-09-19 18:50:00
-12.503200,-50.050800,GOES-19,2026-09-19 14:10:00
-12.503200,-50.050800,GOES-19,2026-09-19 14:20:00
-12.503200,-50.050800,GOES-19,2026-09-19 14:30:00
-12.503200,-50.050800,GOES-19,2026-09-19 14:50:00
-12.503200,-50.050800,GOES-19,2026-09-19 15:00:00
-12.503200,-50.050800,GOES-19,2026-09-19 15:10:00
-12.503200,-50.050800,GOES-19,2026-09-19 15:20:00
-12.503200,-50.050800,GOES-19,2026-09-19 15:30:00
-12.503200,-50.050800,GOES-19,2026-09-19 15:40:00
-12.503200,-50.050800,GOES-19,2026-09-19 18:10:00
-12.503200,-50.050800,GOES-19,2026-09-19 18:20:00
-12.503200,-50.050800,GOES-19,2026-09-19 18:30:00
-12.503200,-50.050800,GOES-19,2026-09-19 18:50:00
-12.503200,-50.050800,GOES-19,2026-09-19 19:00:00
-11.949000,-50.118600,GOES-19,2026-09-19 13:40:00
-11.949000,-50.118600,GOES-19,2026-09-19 13:50:00
-11.949000,-50.118600,GOES-19,2026-09-19 14:00:00
-11.949000,-50.118600,GOES-19,2026-09-19 14:10:00
-11.949000,-50.118600,GOES-19,2026-09-19 14:20:00
-11.949000,-50.118600,GOES-19,2026-09-19 14:30:00
-11.949000,-50.118600,GOES-19,2026-09-19 14:50:00
-11.949000,-50.118600,GOES-19,2026-09-19 15:10:00
-11.949000,-50.118600,GOES-19,2026-09-19 15:20:00
-11.949000,-50.118600,GOES-19,2026-09-19 15:30:00
-11.949000,-50.118600,GOES-19,2026-09-19 15:40:00
-11.968100,-50.116400,GOES-19,2026-09-19 12:20:00
-11.968100,-50.116400,GOES-19,2026-09-19 14:00:00
-11.968100,-50.116400,GOES-19,2026-09-19 18:20:00
-11.968100,-50.116400,GOES-19,2026-09-19 18:40:00
-11.968100,-50.116400,GOES-19,2026-09-19 19:00:00
-11.968100,-50.116400,GOES-19,2026-09-19 19:30:00
-12.522400,-50.048400,GOES-19,2026-09-19 13:00:00
-12.522400,-50.048400,GOES-19,2026-09-19 13:10:00
-12.522400,-50.048400,GOES-19,2026-09-19 13:30:00
-12.522400,-50.048400,GOES-19,2026-09-19 14:10:00
-12.522400,-50.048400,GOES-19,2026-09-19 14:20:00
-12.522400,-50.048400,GOES-19,2026-09-19 14:30:00
-12.522400,-50.048400,GOES-19,2026-09-19 14:40:00
-12.522400,-50.048400,GOES-19,2026-09-19 14:50:00
-12.522400,-50.048400,GOES-19,2026-09-19 15:00:00
-12.522400,-50.048400,GOES-19,2026-09-19 15:10:00
-12.522400,-50.048400,GOES-19,2026-09-19 15:20:00
-12.522400,-50.048400,GOES-19,2026-09-19 15:30:00
-12.522400,-50.048400,GOES-19,2026-09-19 18:00:00
-12.522400,-50.048400,GOES-19,2026-09-19 18:10:00
-12.522400,-50.048400,GOES-19,2026-09-19 18:20:00
-12.522400,-50.048400,GOES-19,2026-09-19 18:30:00
-12.522400,-50.048400,GOES-19,2026-09-19 18:40:00
-12.522400,-50.048400,GOES-19,2026-09-19 18:50:00
-12.522400,-50.048400,GOES-19,2026-09-19 19:00:00
-12.522400,-50.048400,GOES-19,2026-09-19 19:10:00
-12.522400,-50.048400,GOES-19,2026-09-19 19:20:00
-11.911200,-50.101600,GOES-19,2026-09-19 13:40:00
-11.911200,-50.101600,GOES-19,2026-09-19 13:50:00
-11.911200,-50.101600,GOES-19,2026-09-19 14:00:00
-11.911200,-50.101600,GOES-19,2026-09-19 14:10:00
-11.911200,-50.101600,GOES-19,2026-09-19 14:20:00
-11.911200,-50.101600,GOES-19,2026-09-19 14:30:00
-11.911200,-50.101600,GOES-19,2026-09-19 14:50:00
-11.911200,-50.101600,GOES-19,2026-09-19 15:10:00
-11.911200,-50.101600,GOES-19,2026-09-19 15:20:00
-11.911200,-50.101600,GOES-19,2026-09-19 15:30:00
-11.911200,-50.101600,GOES-19,2026-09-19 15:40:00
-11.930300,-50.099300,GOES-19,2026-09-19 13:40:00
-11.930300,-50.099300,GOES-19,2026-09-19 13:50:00
-11.930300,-50.099300,GOES-19,2026-09-19 14:00:00
-11.930300,-50.099300,GOES-19,2026-09-19 14:10:00
-11.930300,-50.099300,GOES-19,2026-09-19 14:20:00
-11.930300,-50.099300,GOES-19,2026-09-19 14:30:00
-11.930300,-50.099300,GOES-19,2026-09-19 14:50:00
-11.930300,-50.099300,GOES-19,2026-09-19 15:10:00
-11.930300,-50.099300,GOES-19,2026-09-19 15:20:00
-11.930300,-50.099300,GOES-19,2026-09-19 15:30:00
-11.930300,-50.099300,GOES-19,2026-09-19 15:40:00
-11.949300,-50.097100,GOES-19,2026-09-19 13:40:00
-11.949300,-50.097100,GOES-19,2026-09-19 14:00:00
-11.949300,-50.097100,GOES-19,2026-09-19 14:10:00
-11.949300,-50.097100,GOES-19,2026-09-19 14:20:00
-11.949300,-50.097100,GOES-19,2026-09-19 14:30:00
-11.949300,-50.097100,GOES-19,2026-09-19 14:50:00
-11.949300,-50.097100,GOES-19,2026-09-19 15:10:00
-11.949300,-50.097100,GOES-19,2026-09-19 15:20:00
-11.949300,-50.097100,GOES-19,2026-09-19 15:30:00
-11.949300,-50.097100,GOES-19,2026-09-19 15:40:00
-12.484400,-50.031500,GOES-19,2026-09-19 14:10:00
-12.484400,-50.031500,GOES-19,2026-09-19 14:20:00
-12.484400,-50.031500,GOES-19,2026-09-19 14:30:00
-12.484400,-50.031500,GOES-19,2026-09-19 14:50:00
-12.484400,-50.031500,GOES-19,2026-09-19 15:00:00
-12.484400,-50.031500,GOES-19,2026-09-19 15:10:00
-12.484400,-50.031500,GOES-19,2026-09-19 15:20:00
-12.484400,-50.031500,GOES-19,2026-09-19 15:30:00
-12.484400,-50.031500,GOES-19,2026-09-19 15:40:00
-12.484400,-50.031500,GOES-19,2026-09-19 18:10:00
-12.484400,-50.031500,GOES-19,2026-09-19 18:20:00
-12.484400,-50.031500,GOES-19,2026-09-19 18:30:00
-12.484400,-50.031500,GOES-19,2026-09-19 18:50:00
-12.503600,-50.029100,GOES-19,2026-09-19 14:10:00
-12.503600,-50.029100,GOES-19,2026-09-19 14:20:00
-12.503600,-50.029100,GOES-19,2026-09-19 14:30:00
-12.503600,-50.029100,GOES-19,2026-09-19 15:00:00
-12.503600,-50.029100,GOES-19,2026-09-19 15:10:00
-12.503600,-50.029100,GOES-19,2026-09-19 15:20:00
-12.503600,-50.029100,GOES-19,2026-09-19 15:30:00
-12.503600,-50.029100,GOES-19,2026-09-19 15:40:00
-12.503600,-50.029100,GOES-19,2026-09-19 18:10:00
-12.503600,-50.029100,GOES-19,2026-09-19 18:20:00
-12.503600,-50.029100,GOES-19,2026-09-19 18:50:00
-12.522700,-50.026700,GOES-19,2026-09-19 14:10:00
-12.522700,-50.026700,GOES-19,2026-09-19 14:20:00
-12.522700,-50.026700,GOES-19,2026-09-19 14:30:00
-12.522700,-50.026700,GOES-19,2026-09-19 15:00:00
-12.522700,-50.026700,GOES-19,2026-09-19 15:10:00
-12.522700,-50.026700,GOES-19,2026-09-19 15:20:00
-12.522700,-50.026700,GOES-19,2026-09-19 15:30:00
-12.522700,-50.026700,GOES-19,2026-09-19 15:40:00
-12.522700,-50.026700,GOES-19,2026-09-19 15:50:00
-12.522700,-50.026700,GOES-19,2026-09-19 17:50:00
-12.522700,-50.026700,GOES-19,2026-09-19 18:00:00
-12.522700,-50.026700,GOES-19,2026-09-19 18:10:00
-12.522700,-50.026700,GOES-19,2026-09-19 18:20:00
-12.522700,-50.026700,GOES-19,2026-09-19 18:30:00
-12.522700,-50.026700,GOES-19,2026-09-19 18:50:00
1.390000,-50.766200,GOES-19,2026-09-19 18:00:00
1.390000,-50.766200,GOES-19,2026-09-19 18:10:00
-11.911500,-50.080100,GOES-19,2026-09-19 13:40:00
-11.911500,-50.080100,GOES-19,2026-09-19 13:50:00
-11.911500,-50.080100,GOES-19,2026-09-19 14:00:00
-11.911500,-50.080100,GOES-19,2026-09-19 14:10:00
-11.911500,-50.080100,GOES-19,2026-09-19 14:20:00
-11.911500,-50.080100,GOES-19,2026-09-19 14:30:00
-11.911500,-50.080100,GOES-19,2026-09-19 14:50:00
-11.911500,-50.080100,GOES-19,2026-09-19 15:10:00
-11.911500,-50.080100,GOES-19,2026-09-19 15:20:00
-11.911500,-50.080100,GOES-19,2026-09-19 15:30:00
-11.930600,-50.077800,GOES-19,2026-09-19 13:50:00
-11.930600,-50.077800,GOES-19,2026-09-19 14:00:00
-11.930600,-50.077800,GOES-19,2026-09-19 14:10:00
-11.930600,-50.077800,GOES-19,2026-09-19 14:20:00
-11.930600,-50.077800,GOES-19,2026-09-19 14:50:00
-11.930600,-50.077800,GOES-19,2026-09-19 15:10:00
-11.930600,-50.077800,GOES-19,2026-09-19 15:20:00
-11.930600,-50.077800,GOES-19,2026-09-19 15:30:00
-11.930600,-50.077800,GOES-19,2026-09-19 15:40:00
-11.949700,-50.075500,GOES-19,2026-09-19 15:30:00
-11.949700,-50.075500,GOES-19,2026-09-19 15:40:00
-12.026000,-50.066300,GOES-19,2026-09-19 17:50:00
-12.026000,-50.066300,GOES-19,2026-09-19 18:10:00
-10.827600,-50.203000,GOES-19,2026-09-19 18:20:00
-10.846600,-50.200900,GOES-19,2026-09-19 13:50:00
-10.846600,-50.200900,GOES-19,2026-09-19 14:00:00
-10.846600,-50.200900,GOES-19,2026-09-19 14:10:00
-10.846600,-50.200900,GOES-19,2026-09-19 14:20:00
-10.846600,-50.200900,GOES-19,2026-09-19 14:30:00
-10.846600,-50.200900,GOES-19,2026-09-19 14:40:00
-10.846600,-50.200900,GOES-19,2026-09-19 14:50:00
-10.846600,-50.200900,GOES-19,2026-09-19 15:00:00
-10.846600,-50.200900,GOES-19,2026-09-19 15:10:00
-10.846600,-50.200900,GOES-19,2026-09-19 15:20:00
-10.846600,-50.200900,GOES-19,2026-09-19 15:30:00
-10.846600,-50.200900,GOES-19,2026-09-19 18:20:00
-10.865600,-50.198900,GOES-19,2026-09-19 13:30:00
-10.865600,-50.198900,GOES-19,2026-09-19 13:40:00
-10.865600,-50.198900,GOES-19,2026-09-19 13:50:00
-10.865600,-50.198900,GOES-19,2026-09-19 14:00:00
-10.865600,-50.198900,GOES-19,2026-09-19 14:40:00
-10.865600,-50.198900,GOES-19,2026-09-19 14:50:00
-10.865600,-50.198900,GOES-19,2026-09-19 15:00:00
-10.865600,-50.198900,GOES-19,2026-09-19 15:20:00
-10.865600,-50.198900,GOES-19,2026-09-19 15:30:00
-10.865600,-50.198900,GOES-19,2026-09-19 15:50:00
-10.865600,-50.198900,GOES-19,2026-09-19 16:10:00
-10.865600,-50.198900,GOES-19,2026-09-19 17:20:00
-10.865600,-50.198900,GOES-19,2026-09-19 17:40:00
-10.865600,-50.198900,GOES-19,2026-09-19 18:00:00
-10.865600,-50.198900,GOES-19,2026-09-19 18:10:00
-10.865600,-50.198900,GOES-19,2026-09-19 18:20:00
-10.865600,-50.198900,GOES-19,2026-09-19 18:50:00
-12.503900,-50.007500,GOES-19,2026-09-19 15:00:00
-12.503900,-50.007500,GOES-19,2026-09-19 15:10:00
-12.503900,-50.007500,GOES-19,2026-09-19 15:20:00
-12.503900,-50.007500,GOES-19,2026-09-19 15:30:00
-12.503900,-50.007500,GOES-19,2026-09-19 15:40:00
-12.484800,-50.009900,GOES-19,2026-09-19 15:20:00
-12.484800,-50.009900,GOES-19,2026-09-19 15:30:00
-12.484800,-50.009900,GOES-19,2026-09-19 15:40:00
-12.484800,-50.009900,GOES-19,2026-09-19 18:10:00
-12.484800,-50.009900,GOES-19,2026-09-19 18:50:00
1.390100,-50.745400,GOES-19,2026-09-19 17:50:00
1.390100,-50.745400,GOES-19,2026-09-19 18:10:00
-10.809000,-50.183600,GOES-19,2026-09-19 14:00:00
-10.809000,-50.183600,GOES-19,2026-09-19 14:10:00
-10.809000,-50.183600,GOES-19,2026-09-19 14:20:00
-10.809000,-50.183600,GOES-19,2026-09-19 14:30:00
-10.809000,-50.183600,GOES-19,2026-09-19 14:40:00
-10.809000,-50.183600,GOES-19,2026-09-19 14:50:00
-10.809000,-50.183600,GOES-19,2026-09-19 15:00:00
-10.809000,-50.183600,GOES-19,2026-09-19 15:10:00
-10.809000,-50.183600,GOES-19,2026-09-19 15:20:00
-10.809000,-50.183600,GOES-19,2026-09-19 15:30:00
-10.809000,-50.183600,GOES-19,2026-09-19 18:10:00
-10.809000,-50.183600,GOES-19,2026-09-19 18:20:00
-10.827900,-50.181500,GOES-19,2026-09-19 13:50:00
-10.827900,-50.181500,GOES-19,2026-09-19 14:00:00
-10.827900,-50.181500,GOES-19,2026-09-19 14:10:00
-10.827900,-50.181500,GOES-19,2026-09-19 14:20:00
-10.827900,-50.181500,GOES-19,2026-09-19 14:30:00
-10.827900,-50.181500,GOES-19,2026-09-19 14:40:00
-10.827900,-50.181500,GOES-19,2026-09-19 14:50:00
-10.827900,-50.181500,GOES-19,2026-09-19 15:00:00
-10.827900,-50.181500,GOES-19,2026-09-19 15:10:00
-10.827900,-50.181500,GOES-19,2026-09-19 15:20:00
-10.827900,-50.181500,GOES-19,2026-09-19 15:30:00
-10.827900,-50.181500,GOES-19,2026-09-19 18:10:00
-10.827900,-50.181500,GOES-19,2026-09-19 18:20:00
-10.846900,-50.179500,GOES-19,2026-09-19 13:50:00
-10.846900,-50.179500,GOES-19,2026-09-19 14:00:00
-10.846900,-50.179500,GOES-19,2026-09-19 14:10:00
-10.846900,-50.179500,GOES-19,2026-09-19 14:20:00
-10.846900,-50.179500,GOES-19,2026-09-19 14:30:00
-10.846900,-50.179500,GOES-19,2026-09-19 14:40:00
-10.846900,-50.179500,GOES-19,2026-09-19 14:50:00
-10.846900,-50.179500,GOES-19,2026-09-19 15:00:00
-10.846900,-50.179500,GOES-19,2026-09-19 15:10:00
-10.846900,-50.179500,GOES-19,2026-09-19 15:20:00
-10.846900,-50.179500,GOES-19,2026-09-19 18:10:00
-10.846900,-50.179500,GOES-19,2026-09-19 18:20:00
-10.865900,-50.177500,GOES-19,2026-09-19 12:40:00
-10.865900,-50.177500,GOES-19,2026-09-19 13:30:00
-10.865900,-50.177500,GOES-19,2026-09-19 13:50:00
-10.865900,-50.177500,GOES-19,2026-09-19 14:00:00
-10.865900,-50.177500,GOES-19,2026-09-19 14:10:00
-10.865900,-50.177500,GOES-19,2026-09-19 14:20:00
-10.865900,-50.177500,GOES-19,2026-09-19 14:30:00
-10.865900,-50.177500,GOES-19,2026-09-19 14:40:00
-10.865900,-50.177500,GOES-19,2026-09-19 14:50:00
-10.865900,-50.177500,GOES-19,2026-09-19 15:00:00
-10.865900,-50.177500,GOES-19,2026-09-19 15:10:00
-10.865900,-50.177500,GOES-19,2026-09-19 15:20:00
-10.865900,-50.177500,GOES-19,2026-09-19 15:30:00
-10.865900,-50.177500,GOES-19,2026-09-19 15:40:00
-10.865900,-50.177500,GOES-19,2026-09-19 17:50:00
-10.865900,-50.177500,GOES-19,2026-09-19 18:00:00
-10.865900,-50.177500,GOES-19,2026-09-19 18:10:00
-10.865900,-50.177500,GOES-19,2026-09-19 18:20:00
-10.865900,-50.177500,GOES-19,2026-09-19 18:40:00
-10.865900,-50.177500,GOES-19,2026-09-19 18:50:00
-11.873700,-50.063000,GOES-19,2026-09-19 13:50:00
-11.873700,-50.063000,GOES-19,2026-09-19 14:20:00
-11.873700,-50.063000,GOES-19,2026-09-19 14:30:00
-11.873700,-50.063000,GOES-19,2026-09-19 14:40:00
-11.873700,-50.063000,GOES-19,2026-09-19 15:30:00
-11.873700,-50.063000,GOES-19,2026-09-19 18:10:00
-12.007200,-50.047000,GOES-19,2026-09-19 14:40:00
-12.007200,-50.047000,GOES-19,2026-09-19 14:50:00
-12.007200,-50.047000,GOES-19,2026-09-19 15:20:00
-12.007200,-50.047000,GOES-19,2026-09-19 18:30:00
-12.007200,-50.047000,GOES-19,2026-09-19 19:00:00
-12.026300,-50.044700,GOES-19,2026-09-19 14:50:00
-10.297900,-50.237200,GOES-19,2026-09-19 18:20:00
-10.297900,-50.237200,GOES-19,2026-09-19 19:00:00
-10.297900,-50.237200,GOES-19,2026-09-19 19:30:00
-10.297900,-50.237200,GOES-19,2026-09-19 19:40:00
-10.297900,-50.237200,GOES-19,2026-09-19 19:50:00
-10.298200,-50.215800,GOES-19,2026-09-19 18:20:00
-10.298200,-50.215800,GOES-19,2026-09-19 18:30:00
-10.298200,-50.215800,GOES-19,2026-09-19 18:50:00
-10.317100,-50.213800,GOES-19,2026-09-19 17:30:00
-10.317100,-50.213800,GOES-19,2026-09-19 17:40:00
-10.317100,-50.213800,GOES-19,2026-09-19 18:10:00
-10.317100,-50.213800,GOES-19,2026-09-19 18:20:00
-10.317100,-50.213800,GOES-19,2026-09-19 18:50:00
-10.317100,-50.213800,GOES-19,2026-09-19 19:00:00
-10.317100,-50.213800,GOES-19,2026-09-19 19:10:00
-10.317100,-50.213800,GOES-19,2026-09-19 19:20:00
-10.317100,-50.213800,GOES-19,2026-09-19 19:30:00
-10.317100,-50.213800,GOES-19,2026-09-19 19:40:00
-10.317100,-50.213800,GOES-19,2026-09-19 19:50:00
-11.835900,-50.046000,GOES-19,2026-09-19 18:00:00
-11.835900,-50.046000,GOES-19,2026-09-19 18:10:00
-11.854900,-50.043700,GOES-19,2026-09-19 18:00:00
-11.854900,-50.043700,GOES-19,2026-09-19 18:10:00
-11.854900,-50.043700,GOES-19,2026-09-19 19:00:00
-11.874000,-50.041500,GOES-19,2026-09-19 18:00:00
-11.874000,-50.041500,GOES-19,2026-09-19 19:00:00
-10.809300,-50.162100,GOES-19,2026-09-19 14:00:00
-10.809300,-50.162100,GOES-19,2026-09-19 14:10:00
-10.809300,-50.162100,GOES-19,2026-09-19 14:20:00
-10.809300,-50.162100,GOES-19,2026-09-19 14:30:00
-10.809300,-50.162100,GOES-19,2026-09-19 14:40:00
-10.809300,-50.162100,GOES-19,2026-09-19 14:50:00
-10.809300,-50.162100,GOES-19,2026-09-19 15:10:00
-10.809300,-50.162100,GOES-19,2026-09-19 15:30:00
-10.809300,-50.162100,GOES-19,2026-09-19 15:40:00
-10.809300,-50.162100,GOES-19,2026-09-19 17:40:00
-10.809300,-50.162100,GOES-19,2026-09-19 18:10:00
-10.809300,-50.162100,GOES-19,2026-09-19 18:40:00
-10.828200,-50.160100,GOES-19,2026-09-19 13:50:00
-10.828200,-50.160100,GOES-19,2026-09-19 14:00:00
-10.828200,-50.160100,GOES-19,2026-09-19 14:10:00
-10.828200,-50.160100,GOES-19,2026-09-19 14:20:00
-10.828200,-50.160100,GOES-19,2026-09-19 14:30:00
-10.828200,-50.160100,GOES-19,2026-09-19 14:40:00
-10.828200,-50.160100,GOES-19,2026-09-19 14:50:00
-10.828200,-50.160100,GOES-19,2026-09-19 15:00:00
-10.828200,-50.160100,GOES-19,2026-09-19 15:10:00
-10.828200,-50.160100,GOES-19,2026-09-19 15:20:00
-10.828200,-50.160100,GOES-19,2026-09-19 15:30:00
-10.828200,-50.160100,GOES-19,2026-09-19 18:10:00
-10.828200,-50.160100,GOES-19,2026-09-19 18:20:00
-10.847200,-50.158100,GOES-19,2026-09-19 12:40:00
-10.847200,-50.158100,GOES-19,2026-09-19 12:50:00
-10.847200,-50.158100,GOES-19,2026-09-19 13:00:00
-10.847200,-50.158100,GOES-19,2026-09-19 13:50:00
-10.847200,-50.158100,GOES-19,2026-09-19 14:00:00
-10.847200,-50.158100,GOES-19,2026-09-19 14:10:00
-10.847200,-50.158100,GOES-19,2026-09-19 14:30:00
-10.847200,-50.158100,GOES-19,2026-09-19 14:40:00
-10.847200,-50.158100,GOES-19,2026-09-19 14:50:00
-10.847200,-50.158100,GOES-19,2026-09-19 15:00:00
-10.847200,-50.158100,GOES-19,2026-09-19 15:10:00
-10.847200,-50.158100,GOES-19,2026-09-19 15:20:00
-10.847200,-50.158100,GOES-19,2026-09-19 15:30:00
-10.847200,-50.158100,GOES-19,2026-09-19 18:40:00
-10.847200,-50.158100,GOES-19,2026-09-19 18:50:00
-12.007600,-50.025400,GOES-19,2026-09-19 13:50:00
-12.007600,-50.025400,GOES-19,2026-09-19 14:00:00
-12.007600,-50.025400,GOES-19,2026-09-19 14:10:00
-12.007600,-50.025400,GOES-19,2026-09-19 14:20:00
-12.007600,-50.025400,GOES-19,2026-09-19 14:30:00
-12.007600,-50.025400,GOES-19,2026-09-19 14:40:00
-12.007600,-50.025400,GOES-19,2026-09-19 14:50:00
-12.007600,-50.025400,GOES-19,2026-09-19 15:00:00
-12.007600,-50.025400,GOES-19,2026-09-19 15:10:00
-12.007600,-50.025400,GOES-19,2026-09-19 15:20:00
-12.007600,-50.025400,GOES-19,2026-09-19 18:20:00
-12.007600,-50.025400,GOES-19,2026-09-19 18:30:00
-12.007600,-50.025400,GOES-19,2026-09-19 19:00:00
-12.026700,-50.023100,GOES-19,2026-09-19 13:50:00
-12.026700,-50.023100,GOES-19,2026-09-19 14:00:00
-12.026700,-50.023100,GOES-19,2026-09-19 14:10:00
-12.026700,-50.023100,GOES-19,2026-09-19 14:20:00
-12.026700,-50.023100,GOES-19,2026-09-19 14:40:00
-12.026700,-50.023100,GOES-19,2026-09-19 14:50:00
-12.026700,-50.023100,GOES-19,2026-09-19 17:40:00
-8.304100,-50.377700,GOES-19,2026-09-19 13:00:00
-10.317400,-50.192400,GOES-19,2026-09-19 18:00:00
-11.836200,-50.024400,GOES-19,2026-09-19 18:00:00
-11.855300,-50.022100,GOES-19,2026-09-19 18:00:00
-11.855300,-50.022100,GOES-19,2026-09-19 18:10:00
-11.855300,-50.022100,GOES-19,2026-09-19 19:00:00
-11.874400,-50.019900,GOES-19,2026-09-19 18:00:00
-11.874400,-50.019900,GOES-19,2026-09-19 18:10:00
-11.874400,-50.019900,GOES-19,2026-09-19 19:00:00
-12.007900,-50.003800,GOES-19,2026-09-19 12:20:00
-12.007900,-50.003800,GOES-19,2026-09-19 12:30:00
-12.007900,-50.003800,GOES-19,2026-09-19 12:40:00
-12.007900,-50.003800,GOES-19,2026-09-19 12:50:00
-12.007900,-50.003800,GOES-19,2026-09-19 13:00:00
-12.007900,-50.003800,GOES-19,2026-09-19 13:10:00
-12.007900,-50.003800,GOES-19,2026-09-19 13:20:00
-12.007900,-50.003800,GOES-19,2026-09-19 13:30:00
-12.007900,-50.003800,GOES-19,2026-09-19 13:40:00
-12.007900,-50.003800,GOES-19,2026-09-19 13:50:00
-12.007900,-50.003800,GOES-19,2026-09-19 14:00:00
-12.007900,-50.003800,GOES-19,2026-09-19 14:10:00
-12.007900,-50.003800,GOES-19,2026-09-19 14:20:00
-12.007900,-50.003800,GOES-19,2026-09-19 14:30:00
-12.007900,-50.003800,GOES-19,2026-09-19 14:40:00
-12.007900,-50.003800,GOES-19,2026-09-19 14:50:00
-12.007900,-50.003800,GOES-19,2026-09-19 15:00:00
-12.007900,-50.003800,GOES-19,2026-09-19 15:10:00
-12.007900,-50.003800,GOES-19,2026-09-19 15:20:00
-12.007900,-50.003800,GOES-19,2026-09-19 15:30:00
-12.007900,-50.003800,GOES-19,2026-09-19 16:10:00
-12.007900,-50.003800,GOES-19,2026-09-19 17:40:00
-12.007900,-50.003800,GOES-19,2026-09-19 18:00:00
-12.007900,-50.003800,GOES-19,2026-09-19 18:20:00
-12.007900,-50.003800,GOES-19,2026-09-19 18:30:00
-12.007900,-50.003800,GOES-19,2026-09-19 18:50:00
-12.007900,-50.003800,GOES-19,2026-09-19 19:00:00
-12.027000,-50.001500,GOES-19,2026-09-19 13:50:00
-12.027000,-50.001500,GOES-19,2026-09-19 14:00:00
-12.027000,-50.001500,GOES-19,2026-09-19 14:10:00
-12.027000,-50.001500,GOES-19,2026-09-19 14:20:00
-12.027000,-50.001500,GOES-19,2026-09-19 14:30:00
-12.027000,-50.001500,GOES-19,2026-09-19 14:40:00
-12.027000,-50.001500,GOES-19,2026-09-19 15:00:00
-12.027000,-50.001500,GOES-19,2026-09-19 15:40:00
-12.027000,-50.001500,GOES-19,2026-09-19 17:40:00
-12.046100,-49.999200,GOES-19,2026-09-19 14:50:00
-12.046100,-49.999200,GOES-19,2026-09-19 15:20:00
-11.989200,-49.984500,GOES-19,2026-09-19 15:10:00
-11.989200,-49.984500,GOES-19,2026-09-19 15:20:00
-11.989200,-49.984500,GOES-19,2026-09-19 18:10:00
-11.989200,-49.984500,GOES-19,2026-09-19 18:20:00
-11.989200,-49.984500,GOES-19,2026-09-19 18:30:00
-11.989200,-49.984500,GOES-19,2026-09-19 18:40:00
-11.989200,-49.984500,GOES-19,2026-09-19 18:50:00
-11.989200,-49.984500,GOES-19,2026-09-19 19:00:00
-12.008200,-49.982200,GOES-19,2026-09-19 13:50:00
-12.008200,-49.982200,GOES-19,2026-09-19 14:00:00
-12.008200,-49.982200,GOES-19,2026-09-19 14:10:00
-12.008200,-49.982200,GOES-19,2026-09-19 14:20:00
-12.008200,-49.982200,GOES-19,2026-09-19 14:30:00
-12.008200,-49.982200,GOES-19,2026-09-19 14:40:00
-12.008200,-49.982200,GOES-19,2026-09-19 14:50:00
-12.008200,-49.982200,GOES-19,2026-09-19 15:00:00
-12.008200,-49.982200,GOES-19,2026-09-19 15:10:00
-12.008200,-49.982200,GOES-19,2026-09-19 15:20:00
-12.008200,-49.982200,GOES-19,2026-09-19 15:30:00
-12.008200,-49.982200,GOES-19,2026-09-19 15:40:00
-12.008200,-49.982200,GOES-19,2026-09-19 17:40:00
-12.008200,-49.982200,GOES-19,2026-09-19 18:20:00
-12.008200,-49.982200,GOES-19,2026-09-19 18:30:00
-12.008200,-49.982200,GOES-19,2026-09-19 19:00:00
-12.027300,-49.979900,GOES-19,2026-09-19 13:50:00
-12.027300,-49.979900,GOES-19,2026-09-19 14:00:00
-12.027300,-49.979900,GOES-19,2026-09-19 14:20:00
-12.027300,-49.979900,GOES-19,2026-09-19 14:30:00
-12.027300,-49.979900,GOES-19,2026-09-19 14:40:00
-12.027300,-49.979900,GOES-19,2026-09-19 14:50:00
-12.027300,-49.979900,GOES-19,2026-09-19 15:00:00
-12.027300,-49.979900,GOES-19,2026-09-19 15:10:00
-12.027300,-49.979900,GOES-19,2026-09-19 15:20:00
-12.027300,-49.979900,GOES-19,2026-09-19 15:30:00
-12.027300,-49.979900,GOES-19,2026-09-19 15:40:00
-12.046400,-49.977600,GOES-19,2026-09-19 14:50:00
-11.855600,-50.000600,GOES-19,2026-09-19 18:00:00
-11.855600,-50.000600,GOES-19,2026-09-19 18:10:00
-11.855600,-50.000600,GOES-19,2026-09-19 19:00:00
-11.874700,-49.998300,GOES-19,2026-09-19 18:10:00
-11.874700,-49.998300,GOES-19,2026-09-19 19:00:00
-3.436900,-50.614200,GOES-19,2026-09-19 19:00:00
-12.008600,-49.960600,GOES-19,2026-09-19 13:50:00
-12.008600,-49.960600,GOES-19,2026-09-19 14:00:00
-12.008600,-49.960600,GOES-19,2026-09-19 14:10:00
-12.008600,-49.960600,GOES-19,2026-09-19 14:20:00
-12.008600,-49.960600,GOES-19,2026-09-19 14:30:00
-12.008600,-49.960600,GOES-19,2026-09-19 14:40:00
-12.008600,-49.960600,GOES-19,2026-09-19 14:50:00
-12.008600,-49.960600,GOES-19,2026-09-19 15:00:00
-12.008600,-49.960600,GOES-19,2026-09-19 15:10:00
-12.008600,-49.960600,GOES-19,2026-09-19 15:20:00
-12.008600,-49.960600,GOES-19,2026-09-19 15:30:00
-12.008600,-49.960600,GOES-19,2026-09-19 15:40:00
-12.008600,-49.960600,GOES-19,2026-09-19 17:40:00
-12.008600,-49.960600,GOES-19,2026-09-19 18:20:00
-12.008600,-49.960600,GOES-19,2026-09-19 18:30:00
-12.008600,-49.960600,GOES-19,2026-09-19 19:00:00
-12.027700,-49.958300,GOES-19,2026-09-19 14:50:00
-12.027700,-49.958300,GOES-19,2026-09-19 15:00:00
-12.027700,-49.958300,GOES-19,2026-09-19 15:10:00
-12.027700,-49.958300,GOES-19,2026-09-19 15:20:00
-12.027700,-49.958300,GOES-19,2026-09-19 15:30:00
-12.027700,-49.958300,GOES-19,2026-09-19 15:40:00
-12.027700,-49.958300,GOES-19,2026-09-19 17:40:00
-11.855900,-49.979000,GOES-19,2026-09-19 18:00:00
-11.855900,-49.979000,GOES-19,2026-09-19 19:00:00
-11.875000,-49.976700,GOES-19,2026-09-19 18:00:00
-11.989500,-49.962900,GOES-19,2026-09-19 14:10:00
-11.989500,-49.962900,GOES-19,2026-09-19 14:40:00
-11.989500,-49.962900,GOES-19,2026-09-19 15:10:00
-11.989500,-49.962900,GOES-19,2026-09-19 15:20:00
-11.989500,-49.962900,GOES-19,2026-09-19 15:30:00
-11.989500,-49.962900,GOES-19,2026-09-19 15:40:00
-11.989500,-49.962900,GOES-19,2026-09-19 18:20:00
-11.989500,-49.962900,GOES-19,2026-09-19 18:30:00
-11.989500,-49.962900,GOES-19,2026-09-19 19:00:00
-3.437000,-50.593300,GOES-19,2026-09-19 19:00:00
-11.894400,-49.952800,GOES-19,2026-09-19 14:40:00
-11.894400,-49.952800,GOES-19,2026-09-19 14:50:00
-11.894400,-49.952800,GOES-19,2026-09-19 15:00:00
-11.894400,-49.952800,GOES-19,2026-09-19 15:10:00
-11.894400,-49.952800,GOES-19,2026-09-19 15:20:00
-11.894400,-49.952800,GOES-19,2026-09-19 15:30:00
-11.894400,-49.952800,GOES-19,2026-09-19 15:40:00
-11.894400,-49.952800,GOES-19,2026-09-19 17:50:00
-11.913500,-49.950500,GOES-19,2026-09-19 14:40:00
-11.913500,-49.950500,GOES-19,2026-09-19 14:50:00
-11.913500,-49.950500,GOES-19,2026-09-19 15:00:00
-11.913500,-49.950500,GOES-19,2026-09-19 15:10:00
-11.913500,-49.950500,GOES-19,2026-09-19 15:20:00
-11.913500,-49.950500,GOES-19,2026-09-19 15:30:00
-11.913500,-49.950500,GOES-19,2026-09-19 15:40:00
-11.913500,-49.950500,GOES-19,2026-09-19 15:50:00
-11.913500,-49.950500,GOES-19,2026-09-19 16:00:00
-11.913500,-49.950500,GOES-19,2026-09-19 17:30:00
-11.913500,-49.950500,GOES-19,2026-09-19 17:40:00
-11.913500,-49.950500,GOES-19,2026-09-19 17:50:00
-12.008900,-49.939000,GOES-19,2026-09-19 13:50:00
-12.008900,-49.939000,GOES-19,2026-09-19 14:00:00
-12.008900,-49.939000,GOES-19,2026-09-19 14:10:00
-12.008900,-49.939000,GOES-19,2026-09-19 14:20:00
-12.008900,-49.939000,GOES-19,2026-09-19 14:30:00
-12.008900,-49.939000,GOES-19,2026-09-19 14:40:00
-12.008900,-49.939000,GOES-19,2026-09-19 14:50:00
-12.008900,-49.939000,GOES-19,2026-09-19 15:00:00
-12.008900,-49.939000,GOES-19,2026-09-19 15:10:00
-12.008900,-49.939000,GOES-19,2026-09-19 15:20:00
-12.008900,-49.939000,GOES-19,2026-09-19 15:30:00
-12.008900,-49.939000,GOES-19,2026-09-19 15:40:00
-12.008900,-49.939000,GOES-19,2026-09-19 17:40:00
-1.887700,-50.612300,GOES-19,2026-09-19 15:30:00
-1.887700,-50.612300,GOES-19,2026-09-19 17:40:00
-1.887700,-50.612300,GOES-19,2026-09-19 17:50:00
-11.894700,-49.931200,GOES-19,2026-09-19 13:40:00
-11.894700,-49.931200,GOES-19,2026-09-19 14:10:00
-11.894700,-49.931200,GOES-19,2026-09-19 14:20:00
-11.894700,-49.931200,GOES-19,2026-09-19 14:30:00
-11.894700,-49.931200,GOES-19,2026-09-19 14:40:00
-11.894700,-49.931200,GOES-19,2026-09-19 14:50:00
-11.894700,-49.931200,GOES-19,2026-09-19 15:00:00
-11.894700,-49.931200,GOES-19,2026-09-19 15:10:00
-11.894700,-49.931200,GOES-19,2026-09-19 15:20:00
-11.894700,-49.931200,GOES-19,2026-09-19 15:30:00
-11.894700,-49.931200,GOES-19,2026-09-19 18:00:00
-11.894700,-49.931200,GOES-19,2026-09-19 18:10:00
-11.894700,-49.931200,GOES-19,2026-09-19 18:20:00
-11.894700,-49.931200,GOES-19,2026-09-19 18:30:00
-11.894700,-49.931200,GOES-19,2026-09-19 18:40:00
-11.894700,-49.931200,GOES-19,2026-09-19 18:50:00
-11.913800,-49.928900,GOES-19,2026-09-19 14:00:00
-11.913800,-49.928900,GOES-19,2026-09-19 14:10:00
-11.913800,-49.928900,GOES-19,2026-09-19 14:20:00
-11.913800,-49.928900,GOES-19,2026-09-19 14:30:00
-11.913800,-49.928900,GOES-19,2026-09-19 14:40:00
-11.913800,-49.928900,GOES-19,2026-09-19 14:50:00
-11.913800,-49.928900,GOES-19,2026-09-19 15:00:00
-11.913800,-49.928900,GOES-19,2026-09-19 15:10:00
-11.913800,-49.928900,GOES-19,2026-09-19 15:20:00
-11.913800,-49.928900,GOES-19,2026-09-19 15:30:00
-11.913800,-49.928900,GOES-19,2026-09-19 15:40:00
-11.913800,-49.928900,GOES-19,2026-09-19 15:50:00
-11.913800,-49.928900,GOES-19,2026-09-19 16:00:00
-11.913800,-49.928900,GOES-19,2026-09-19 17:40:00
-11.913800,-49.928900,GOES-19,2026-09-19 17:50:00
-11.932900,-49.926600,GOES-19,2026-09-19 14:50:00
-1.887800,-50.591400,GOES-19,2026-09-19 14:50:00
-1.887800,-50.591400,GOES-19,2026-09-19 15:10:00
-1.887800,-50.591400,GOES-19,2026-09-19 15:20:00
-11.781300,-49.880000,GOES-19,2026-09-19 18:30:00
-11.781300,-49.880000,GOES-19,2026-09-19 18:50:00
-11.781300,-49.880000,GOES-19,2026-09-19 19:10:00
-11.781300,-49.880000,GOES-19,2026-09-19 19:20:00
-11.781300,-49.880000,GOES-19,2026-09-19 19:30:00
-11.781300,-49.880000,GOES-19,2026-09-19 19:40:00
-11.781300,-49.880000,GOES-19,2026-09-19 19:50:00
-11.800400,-49.877800,GOES-19,2026-09-19 19:30:00
-11.800400,-49.877800,GOES-19,2026-09-19 19:40:00
-11.800400,-49.877800,GOES-19,2026-09-19 19:50:00
-11.781600,-49.858400,GOES-19,2026-09-19 11:40:00
-11.781600,-49.858400,GOES-19,2026-09-19 18:20:00
-11.781600,-49.858400,GOES-19,2026-09-19 19:30:00
-11.781600,-49.858400,GOES-19,2026-09-19 19:40:00
-11.781600,-49.858400,GOES-19,2026-09-19 19:50:00
-11.800700,-49.856100,GOES-19,2026-09-19 19:30:00
-11.800700,-49.856100,GOES-19,2026-09-19 19:40:00
-11.782000,-49.836800,GOES-19,2026-09-19 11:00:00
-11.782000,-49.836800,GOES-19,2026-09-19 11:10:00
-11.782000,-49.836800,GOES-19,2026-09-19 11:20:00
-11.782000,-49.836800,GOES-19,2026-09-19 11:30:00
-11.782000,-49.836800,GOES-19,2026-09-19 11:40:00
-11.782000,-49.836800,GOES-19,2026-09-19 11:50:00
-11.782000,-49.836800,GOES-19,2026-09-19 12:00:00
-11.782000,-49.836800,GOES-19,2026-09-19 12:10:00
-11.782000,-49.836800,GOES-19,2026-09-19 12:20:00
-11.782000,-49.836800,GOES-19,2026-09-19 12:30:00
-11.782000,-49.836800,GOES-19,2026-09-19 12:40:00
-11.782000,-49.836800,GOES-19,2026-09-19 12:50:00
-11.782000,-49.836800,GOES-19,2026-09-19 13:00:00
-11.782000,-49.836800,GOES-19,2026-09-19 13:10:00
-11.782000,-49.836800,GOES-19,2026-09-19 13:20:00
-11.782000,-49.836800,GOES-19,2026-09-19 13:30:00
-11.782000,-49.836800,GOES-19,2026-09-19 13:40:00
-11.782000,-49.836800,GOES-19,2026-09-19 13:50:00
-11.782000,-49.836800,GOES-19,2026-09-19 14:00:00
-11.782000,-49.836800,GOES-19,2026-09-19 14:10:00
-11.782000,-49.836800,GOES-19,2026-09-19 14:20:00
-11.782000,-49.836800,GOES-19,2026-09-19 14:30:00
-11.782000,-49.836800,GOES-19,2026-09-19 14:40:00
-11.782000,-49.836800,GOES-19,2026-09-19 14:50:00
-11.782000,-49.836800,GOES-19,2026-09-19 15:00:00
-11.782000,-49.836800,GOES-19,2026-09-19 15:10:00
-11.782000,-49.836800,GOES-19,2026-09-19 15:20:00
-11.782000,-49.836800,GOES-19,2026-09-19 15:30:00
-11.782000,-49.836800,GOES-19,2026-09-19 15:40:00
-11.782000,-49.836800,GOES-19,2026-09-19 15:50:00
-11.782000,-49.836800,GOES-19,2026-09-19 18:00:00
-11.782000,-49.836800,GOES-19,2026-09-19 18:10:00
-11.782000,-49.836800,GOES-19,2026-09-19 18:20:00
-11.782000,-49.836800,GOES-19,2026-09-19 18:30:00
-11.782000,-49.836800,GOES-19,2026-09-19 18:40:00
-11.782000,-49.836800,GOES-19,2026-09-19 18:50:00
-11.782000,-49.836800,GOES-19,2026-09-19 19:30:00
-11.782000,-49.836800,GOES-19,2026-09-19 19:50:00
-11.801000,-49.834500,GOES-19,2026-09-19 14:20:00
-11.801000,-49.834500,GOES-19,2026-09-19 14:30:00
-11.801000,-49.834500,GOES-19,2026-09-19 14:40:00
-11.801000,-49.834500,GOES-19,2026-09-19 14:50:00
-11.801000,-49.834500,GOES-19,2026-09-19 15:00:00
-11.801000,-49.834500,GOES-19,2026-09-19 15:20:00
-11.801000,-49.834500,GOES-19,2026-09-19 18:10:00
-11.801000,-49.834500,GOES-19,2026-09-19 18:20:00
-11.801000,-49.834500,GOES-19,2026-09-19 18:30:00
-10.263500,-49.984000,GOES-19,2026-09-19 18:00:00
-10.263500,-49.984000,GOES-19,2026-09-19 18:30:00
-11.954000,-49.794500,GOES-19,2026-09-19 18:00:00
-11.954000,-49.794500,GOES-19,2026-09-19 18:10:00
-11.954000,-49.794500,GOES-19,2026-09-19 18:20:00
-11.954000,-49.794500,GOES-19,2026-09-19 18:30:00
-11.954000,-49.794500,GOES-19,2026-09-19 18:50:00
-11.079800,-49.788700,GOES-19,2026-09-19 12:50:00
-19.390800,-48.453600,GOES-19,2026-09-19 13:40:00
-19.390800,-48.453600,GOES-19,2026-09-19 13:50:00
-19.411000,-48.449300,GOES-19,2026-09-19 13:40:00
-19.411000,-48.449300,GOES-19,2026-09-19 13:50:00
-10.966200,-49.779900,GOES-19,2026-09-19 17:50:00
-10.966200,-49.779900,GOES-19,2026-09-19 18:00:00
-10.966200,-49.779900,GOES-19,2026-09-19 18:10:00
-10.966200,-49.779900,GOES-19,2026-09-19 18:20:00
-10.966200,-49.779900,GOES-19,2026-09-19 18:30:00
-10.966200,-49.779900,GOES-19,2026-09-19 18:40:00
-10.966200,-49.779900,GOES-19,2026-09-19 18:50:00
-8.873500,-49.732800,GOES-19,2026-09-19 16:10:00
-8.873500,-49.732800,GOES-19,2026-09-19 16:20:00
-8.873500,-49.732800,GOES-19,2026-09-19 17:30:00
-8.873500,-49.732800,GOES-19,2026-09-19 17:50:00
-11.083900,-49.507800,GOES-19,2026-09-19 18:20:00
-11.083900,-49.507800,GOES-19,2026-09-19 18:40:00
-11.083900,-49.507800,GOES-19,2026-09-19 18:50:00
-11.083900,-49.507800,GOES-19,2026-09-19 19:00:00
-11.102900,-49.505600,GOES-19,2026-09-19 18:20:00
-11.102900,-49.505600,GOES-19,2026-09-19 18:30:00
-11.102900,-49.505600,GOES-19,2026-09-19 18:40:00
-11.102900,-49.505600,GOES-19,2026-09-19 18:50:00
-11.102900,-49.505600,GOES-19,2026-09-19 19:00:00
-11.102900,-49.505600,GOES-19,2026-09-19 19:10:00
-11.102900,-49.505600,GOES-19,2026-09-19 19:20:00
-11.084200,-49.486100,GOES-19,2026-09-19 18:10:00
-11.084200,-49.486100,GOES-19,2026-09-19 18:20:00
-11.084200,-49.486100,GOES-19,2026-09-19 18:30:00
-11.084200,-49.486100,GOES-19,2026-09-19 18:40:00
-11.084200,-49.486100,GOES-19,2026-09-19 18:50:00
-11.084200,-49.486100,GOES-19,2026-09-19 19:00:00
-11.103200,-49.483900,GOES-19,2026-09-19 17:40:00
-11.103200,-49.483900,GOES-19,2026-09-19 17:50:00
-11.103200,-49.483900,GOES-19,2026-09-19 18:00:00
-11.103200,-49.483900,GOES-19,2026-09-19 18:10:00
-11.103200,-49.483900,GOES-19,2026-09-19 18:20:00
-11.103200,-49.483900,GOES-19,2026-09-19 18:30:00
-11.103200,-49.483900,GOES-19,2026-09-19 18:40:00
-11.103200,-49.483900,GOES-19,2026-09-19 18:50:00
-11.103200,-49.483900,GOES-19,2026-09-19 19:00:00
-11.122200,-49.481800,GOES-19,2026-09-19 18:00:00
-11.122200,-49.481800,GOES-19,2026-09-19 18:10:00
-11.122200,-49.481800,GOES-19,2026-09-19 18:20:00
-11.122200,-49.481800,GOES-19,2026-09-19 18:30:00
-11.122200,-49.481800,GOES-19,2026-09-19 18:40:00
-11.122200,-49.481800,GOES-19,2026-09-19 18:50:00
-11.122200,-49.481800,GOES-19,2026-09-19 19:00:00
-11.084500,-49.464400,GOES-19,2026-09-19 18:20:00
-11.084500,-49.464400,GOES-19,2026-09-19 18:30:00
-11.084500,-49.464400,GOES-19,2026-09-19 18:40:00
-11.084500,-49.464400,GOES-19,2026-09-19 19:00:00
-11.103500,-49.462300,GOES-19,2026-09-19 18:20:00
-11.122500,-49.460100,GOES-19,2026-09-19 12:50:00
-11.122500,-49.460100,GOES-19,2026-09-19 13:00:00
-11.122500,-49.460100,GOES-19,2026-09-19 13:10:00
-11.122500,-49.460100,GOES-19,2026-09-19 13:20:00
-11.122500,-49.460100,GOES-19,2026-09-19 13:30:00
-11.122500,-49.460100,GOES-19,2026-09-19 13:40:00
-11.122500,-49.460100,GOES-19,2026-09-19 13:50:00
-11.122500,-49.460100,GOES-19,2026-09-19 14:00:00
-11.122500,-49.460100,GOES-19,2026-09-19 14:10:00
-11.122500,-49.460100,GOES-19,2026-09-19 14:20:00
-11.122500,-49.460100,GOES-19,2026-09-19 14:30:00
-11.122500,-49.460100,GOES-19,2026-09-19 14:40:00
-11.122500,-49.460100,GOES-19,2026-09-19 14:50:00
-11.122500,-49.460100,GOES-19,2026-09-19 15:00:00
-11.122500,-49.460100,GOES-19,2026-09-19 15:10:00
-11.122500,-49.460100,GOES-19,2026-09-19 15:20:00
-11.122500,-49.460100,GOES-19,2026-09-19 15:30:00
-11.122500,-49.460100,GOES-19,2026-09-19 17:50:00
-11.122500,-49.460100,GOES-19,2026-09-19 18:00:00
-11.122500,-49.460100,GOES-19,2026-09-19 18:10:00
-11.122500,-49.460100,GOES-19,2026-09-19 18:20:00
-11.122500,-49.460100,GOES-19,2026-09-19 18:30:00
-11.122500,-49.460100,GOES-19,2026-09-19 18:40:00
-11.122500,-49.460100,GOES-19,2026-09-19 18:50:00
-11.122500,-49.460100,GOES-19,2026-09-19 19:00:00
-16.164900,-48.736600,GOES-19,2026-09-19 14:00:00
-16.164900,-48.736600,GOES-19,2026-09-19 14:10:00
-16.164900,-48.736600,GOES-19,2026-09-19 14:20:00
-16.164900,-48.736600,GOES-19,2026-09-19 14:30:00
-16.164900,-48.736600,GOES-19,2026-09-19 14:40:00
-6.983900,-49.799000,GOES-19,2026-09-19 18:50:00
-7.002500,-49.797700,GOES-19,2026-09-19 18:30:00
-7.002500,-49.797700,GOES-19,2026-09-19 18:50:00
-6.984100,-49.777700,GOES-19,2026-09-19 18:10:00
-6.984100,-49.777700,GOES-19,2026-09-19 18:20:00
-6.984100,-49.777700,GOES-19,2026-09-19 18:30:00
-6.984100,-49.777700,GOES-19,2026-09-19 18:40:00
-6.984100,-49.777700,GOES-19,2026-09-19 18:50:00
-12.287200,-49.232000,GOES-19,2026-09-19 13:00:00
-12.287200,-49.232000,GOES-19,2026-09-19 13:10:00
-12.287200,-49.232000,GOES-19,2026-09-19 13:20:00
-12.287200,-49.232000,GOES-19,2026-09-19 13:30:00
-12.287200,-49.232000,GOES-19,2026-09-19 13:40:00
-12.287200,-49.232000,GOES-19,2026-09-19 13:50:00
-12.287200,-49.232000,GOES-19,2026-09-19 15:00:00
-12.268400,-49.212600,GOES-19,2026-09-19 12:10:00
-12.268400,-49.212600,GOES-19,2026-09-19 12:20:00
-12.268400,-49.212600,GOES-19,2026-09-19 12:30:00
-12.268400,-49.212600,GOES-19,2026-09-19 12:40:00
-12.268400,-49.212600,GOES-19,2026-09-19 12:50:00
-12.268400,-49.212600,GOES-19,2026-09-19 13:00:00
-12.268400,-49.212600,GOES-19,2026-09-19 13:10:00
-12.268400,-49.212600,GOES-19,2026-09-19 13:20:00
-12.268400,-49.212600,GOES-19,2026-09-19 13:30:00
-12.268400,-49.212600,GOES-19,2026-09-19 13:40:00
-12.268400,-49.212600,GOES-19,2026-09-19 13:50:00
-12.268400,-49.212600,GOES-19,2026-09-19 14:00:00
-12.268400,-49.212600,GOES-19,2026-09-19 14:20:00
-12.268400,-49.212600,GOES-19,2026-09-19 14:30:00
-12.268400,-49.212600,GOES-19,2026-09-19 14:40:00
-12.268400,-49.212600,GOES-19,2026-09-19 14:50:00
-12.268400,-49.212600,GOES-19,2026-09-19 15:00:00
-12.268400,-49.212600,GOES-19,2026-09-19 18:30:00
-12.268400,-49.212600,GOES-19,2026-09-19 18:40:00
-12.268400,-49.212600,GOES-19,2026-09-19 18:50:00
-12.268400,-49.212600,GOES-19,2026-09-19 19:10:00
-12.268400,-49.212600,GOES-19,2026-09-19 19:20:00
-12.287600,-49.210100,GOES-19,2026-09-19 11:40:00
-12.287600,-49.210100,GOES-19,2026-09-19 12:00:00
-12.287600,-49.210100,GOES-19,2026-09-19 12:10:00
-12.287600,-49.210100,GOES-19,2026-09-19 12:20:00
-12.287600,-49.210100,GOES-19,2026-09-19 12:30:00
-12.287600,-49.210100,GOES-19,2026-09-19 12:40:00
-12.287600,-49.210100,GOES-19,2026-09-19 12:50:00
-12.287600,-49.210100,GOES-19,2026-09-19 13:00:00
-12.287600,-49.210100,GOES-19,2026-09-19 13:10:00
-12.287600,-49.210100,GOES-19,2026-09-19 13:20:00
-12.287600,-49.210100,GOES-19,2026-09-19 13:30:00
-12.287600,-49.210100,GOES-19,2026-09-19 13:40:00
-12.287600,-49.210100,GOES-19,2026-09-19 13:50:00
-12.287600,-49.210100,GOES-19,2026-09-19 14:00:00
-12.287600,-49.210100,GOES-19,2026-09-19 14:10:00
-12.287600,-49.210100,GOES-19,2026-09-19 14:20:00
-12.287600,-49.210100,GOES-19,2026-09-19 14:30:00
-12.287600,-49.210100,GOES-19,2026-09-19 14:40:00
-12.287600,-49.210100,GOES-19,2026-09-19 14:50:00
-12.287600,-49.210100,GOES-19,2026-09-19 15:00:00
-12.287600,-49.210100,GOES-19,2026-09-19 15:10:00
-12.287600,-49.210100,GOES-19,2026-09-19 15:20:00
-12.287600,-49.210100,GOES-19,2026-09-19 15:30:00
-12.287600,-49.210100,GOES-19,2026-09-19 15:50:00
-12.287600,-49.210100,GOES-19,2026-09-19 17:30:00
-12.287600,-49.210100,GOES-19,2026-09-19 17:40:00
-12.287600,-49.210100,GOES-19,2026-09-19 17:50:00
-12.287600,-49.210100,GOES-19,2026-09-19 18:00:00
-12.287600,-49.210100,GOES-19,2026-09-19 18:10:00
-12.287600,-49.210100,GOES-19,2026-09-19 18:20:00
-12.287600,-49.210100,GOES-19,2026-09-19 18:30:00
-12.287600,-49.210100,GOES-19,2026-09-19 18:40:00
-12.287600,-49.210100,GOES-19,2026-09-19 18:50:00
-12.287600,-49.210100,GOES-19,2026-09-19 19:10:00
-12.287600,-49.210100,GOES-19,2026-09-19 19:20:00
-12.306700,-49.207700,GOES-19,2026-09-19 12:30:00
-12.306700,-49.207700,GOES-19,2026-09-19 12:50:00
-12.306700,-49.207700,GOES-19,2026-09-19 13:00:00
-12.306700,-49.207700,GOES-19,2026-09-19 13:10:00
-12.306700,-49.207700,GOES-19,2026-09-19 13:20:00
-12.306700,-49.207700,GOES-19,2026-09-19 13:50:00
-12.306700,-49.207700,GOES-19,2026-09-19 14:40:00
-12.306700,-49.207700,GOES-19,2026-09-19 18:00:00
-12.306700,-49.207700,GOES-19,2026-09-19 18:10:00
-12.306700,-49.207700,GOES-19,2026-09-19 18:20:00
-12.306700,-49.207700,GOES-19,2026-09-19 18:30:00
-12.306700,-49.207700,GOES-19,2026-09-19 19:10:00
-12.306700,-49.207700,GOES-19,2026-09-19 19:20:00
-12.268800,-49.190700,GOES-19,2026-09-19 11:50:00
-12.268800,-49.190700,GOES-19,2026-09-19 12:00:00
-12.268800,-49.190700,GOES-19,2026-09-19 12:10:00
-12.268800,-49.190700,GOES-19,2026-09-19 12:20:00
-12.268800,-49.190700,GOES-19,2026-09-19 12:30:00
-12.268800,-49.190700,GOES-19,2026-09-19 12:40:00
-12.268800,-49.190700,GOES-19,2026-09-19 13:00:00
-12.268800,-49.190700,GOES-19,2026-09-19 13:10:00
-12.268800,-49.190700,GOES-19,2026-09-19 13:20:00
-12.268800,-49.190700,GOES-19,2026-09-19 13:50:00
-12.268800,-49.190700,GOES-19,2026-09-19 15:00:00
-12.268800,-49.190700,GOES-19,2026-09-19 18:30:00
-12.268800,-49.190700,GOES-19,2026-09-19 19:10:00
-12.268800,-49.190700,GOES-19,2026-09-19 19:20:00
-12.287900,-49.188300,GOES-19,2026-09-19 11:30:00
-12.287900,-49.188300,GOES-19,2026-09-19 11:40:00
-12.287900,-49.188300,GOES-19,2026-09-19 11:50:00
-12.287900,-49.188300,GOES-19,2026-09-19 12:00:00
-12.287900,-49.188300,GOES-19,2026-09-19 12:10:00
-12.287900,-49.188300,GOES-19,2026-09-19 12:20:00
-12.287900,-49.188300,GOES-19,2026-09-19 12:30:00
-12.287900,-49.188300,GOES-19,2026-09-19 12:40:00
-12.287900,-49.188300,GOES-19,2026-09-19 13:00:00
-12.287900,-49.188300,GOES-19,2026-09-19 13:10:00
-12.287900,-49.188300,GOES-19,2026-09-19 13:20:00
-12.287900,-49.188300,GOES-19,2026-09-19 13:50:00
-12.287900,-49.188300,GOES-19,2026-09-19 15:00:00
-12.287900,-49.188300,GOES-19,2026-09-19 18:30:00
-12.287900,-49.188300,GOES-19,2026-09-19 19:10:00
-12.287900,-49.188300,GOES-19,2026-09-19 19:20:00
-12.307100,-49.185800,GOES-19,2026-09-19 13:10:00
-12.307100,-49.185800,GOES-19,2026-09-19 13:20:00
-12.307100,-49.185800,GOES-19,2026-09-19 15:00:00
-12.307100,-49.185800,GOES-19,2026-09-19 15:10:00
-12.307100,-49.185800,GOES-19,2026-09-19 18:10:00
-12.307100,-49.185800,GOES-19,2026-09-19 18:20:00
-12.307100,-49.185800,GOES-19,2026-09-19 18:30:00
-12.307100,-49.185800,GOES-19,2026-09-19 19:10:00
-12.307100,-49.185800,GOES-19,2026-09-19 19:20:00
-12.269200,-49.168900,GOES-19,2026-09-19 13:50:00
-12.269200,-49.168900,GOES-19,2026-09-19 15:00:00
-12.269200,-49.168900,GOES-19,2026-09-19 19:10:00
-12.269200,-49.168900,GOES-19,2026-09-19 19:20:00
-12.288300,-49.166400,GOES-19,2026-09-19 13:00:00
-12.288300,-49.166400,GOES-19,2026-09-19 13:10:00
-12.288300,-49.166400,GOES-19,2026-09-19 13:50:00
-12.288300,-49.166400,GOES-19,2026-09-19 15:00:00
-12.575700,-49.129000,GOES-19,2026-09-19 13:40:00
-12.575700,-49.129000,GOES-19,2026-09-19 13:50:00
-12.575700,-49.129000,GOES-19,2026-09-19 14:00:00
-12.575700,-49.129000,GOES-19,2026-09-19 14:10:00
-12.575700,-49.129000,GOES-19,2026-09-19 14:20:00
-12.575700,-49.129000,GOES-19,2026-09-19 14:30:00
-12.575700,-49.129000,GOES-19,2026-09-19 14:40:00
-10.707600,-49.312100,GOES-19,2026-09-19 18:50:00
-12.119300,-48.991500,GOES-19,2026-09-19 18:30:00
-12.119300,-48.991500,GOES-19,2026-09-19 18:40:00
-11.871200,-49.001000,GOES-19,2026-09-19 13:30:00
-11.871200,-49.001000,GOES-19,2026-09-19 13:50:00
-11.871200,-49.001000,GOES-19,2026-09-19 18:30:00
-11.871200,-49.001000,GOES-19,2026-09-19 18:40:00
-11.871200,-49.001000,GOES-19,2026-09-19 18:50:00
-11.890300,-48.998700,GOES-19,2026-09-19 18:30:00
-11.890300,-48.998700,GOES-19,2026-09-19 18:50:00
-11.871500,-48.979200,GOES-19,2026-09-19 13:10:00
-11.871500,-48.979200,GOES-19,2026-09-19 13:20:00
-11.871500,-48.979200,GOES-19,2026-09-19 13:30:00
-11.871500,-48.979200,GOES-19,2026-09-19 13:40:00
-11.871500,-48.979200,GOES-19,2026-09-19 13:50:00
-11.871500,-48.979200,GOES-19,2026-09-19 14:00:00
-11.871500,-48.979200,GOES-19,2026-09-19 14:10:00
-11.871500,-48.979200,GOES-19,2026-09-19 15:00:00
-11.871500,-48.979200,GOES-19,2026-09-19 15:10:00
-11.871500,-48.979200,GOES-19,2026-09-19 15:20:00
-11.871500,-48.979200,GOES-19,2026-09-19 15:30:00
-6.037000,-49.499800,GOES-19,2026-09-19 18:40:00
-10.409100,-48.998200,GOES-19,2026-09-19 13:40:00
-10.409100,-48.998200,GOES-19,2026-09-19 13:50:00
-10.409100,-48.998200,GOES-19,2026-09-19 14:10:00
-10.390500,-48.978500,GOES-19,2026-09-19 13:10:00
-10.390500,-48.978500,GOES-19,2026-09-19 13:40:00
-10.390500,-48.978500,GOES-19,2026-09-19 14:30:00
-10.390500,-48.978500,GOES-19,2026-09-19 14:40:00
-10.409400,-48.976500,GOES-19,2026-09-19 13:00:00
-10.409400,-48.976500,GOES-19,2026-09-19 13:10:00
-10.409400,-48.976500,GOES-19,2026-09-19 13:20:00
-10.409400,-48.976500,GOES-19,2026-09-19 13:30:00
-10.409400,-48.976500,GOES-19,2026-09-19 13:40:00
-10.409400,-48.976500,GOES-19,2026-09-19 13:50:00
-10.409400,-48.976500,GOES-19,2026-09-19 14:00:00
-10.409400,-48.976500,GOES-19,2026-09-19 14:10:00
-10.409400,-48.976500,GOES-19,2026-09-19 14:20:00
-10.409400,-48.976500,GOES-19,2026-09-19 14:30:00
-10.409400,-48.976500,GOES-19,2026-09-19 14:40:00
-10.409400,-48.976500,GOES-19,2026-09-19 15:10:00
-5.276400,-49.352100,GOES-19,2026-09-19 18:50:00
-10.410000,-48.933000,GOES-19,2026-09-19 17:30:00
-10.410000,-48.933000,GOES-19,2026-09-19 18:20:00
-10.391400,-48.913300,GOES-19,2026-09-19 17:40:00
-10.391400,-48.913300,GOES-19,2026-09-19 17:50:00
-10.391400,-48.913300,GOES-19,2026-09-19 18:00:00
-10.391400,-48.913300,GOES-19,2026-09-19 18:10:00
-10.391400,-48.913300,GOES-19,2026-09-19 18:20:00
-10.391400,-48.913300,GOES-19,2026-09-19 18:30:00
-10.391400,-48.913300,GOES-19,2026-09-19 18:40:00
-10.391400,-48.913300,GOES-19,2026-09-19 18:50:00
-10.410300,-48.911200,GOES-19,2026-09-19 15:30:00
-10.410300,-48.911200,GOES-19,2026-09-19 15:40:00
-10.410300,-48.911200,GOES-19,2026-09-19 17:30:00
-10.410300,-48.911200,GOES-19,2026-09-19 17:40:00
-10.410300,-48.911200,GOES-19,2026-09-19 17:50:00
-10.410300,-48.911200,GOES-19,2026-09-19 18:00:00
-10.410300,-48.911200,GOES-19,2026-09-19 18:20:00
-10.410300,-48.911200,GOES-19,2026-09-19 18:40:00
-10.410300,-48.911200,GOES-19,2026-09-19 18:50:00
-10.410700,-48.889400,GOES-19,2026-09-19 18:10:00
-10.410700,-48.889400,GOES-19,2026-09-19 18:20:00
-10.410700,-48.889400,GOES-19,2026-09-19 18:30:00
-10.410700,-48.889400,GOES-19,2026-09-19 18:50:00
-10.391700,-48.891500,GOES-19,2026-09-19 18:20:00
-10.391700,-48.891500,GOES-19,2026-09-19 18:30:00
-10.391700,-48.891500,GOES-19,2026-09-19 18:40:00
-10.391700,-48.891500,GOES-19,2026-09-19 18:50:00
-10.391700,-48.891500,GOES-19,2026-09-19 19:00:00
-10.391700,-48.891500,GOES-19,2026-09-19 19:20:00
-9.296600,-48.940100,GOES-19,2026-09-19 15:20:00
-9.296600,-48.940100,GOES-19,2026-09-19 15:30:00
-9.296600,-48.940100,GOES-19,2026-09-19 18:00:00
-9.296600,-48.940100,GOES-19,2026-09-19 18:40:00
-10.659400,-48.709200,GOES-19,2026-09-19 18:10:00
-10.659400,-48.709200,GOES-19,2026-09-19 18:30:00
-0.525700,-49.238800,GOES-19,2026-09-19 18:40:00
-0.525700,-49.238800,GOES-19,2026-09-19 18:50:00
-9.035000,-48.792100,GOES-19,2026-09-19 19:00:00
-9.035000,-48.792100,GOES-19,2026-09-19 19:10:00
-9.035000,-48.792100,GOES-19,2026-09-19 19:20:00
-9.035000,-48.792100,GOES-19,2026-09-19 19:30:00
-9.035000,-48.792100,GOES-19,2026-09-19 19:40:00
-9.035000,-48.792100,GOES-19,2026-09-19 19:50:00
-9.035000,-48.792100,GOES-19,2026-09-19 20:10:00
-9.035000,-48.792100,GOES-19,2026-09-19 20:20:00
-9.016400,-48.772200,GOES-19,2026-09-19 18:10:00
-9.016400,-48.772200,GOES-19,2026-09-19 18:30:00
-9.016400,-48.772200,GOES-19,2026-09-19 18:40:00
-9.016400,-48.772200,GOES-19,2026-09-19 18:50:00
-9.016400,-48.772200,GOES-19,2026-09-19 19:00:00
-9.016400,-48.772200,GOES-19,2026-09-19 19:10:00
-9.016400,-48.772200,GOES-19,2026-09-19 19:20:00
-9.016400,-48.772200,GOES-19,2026-09-19 19:30:00
-9.016400,-48.772200,GOES-19,2026-09-19 20:10:00
-9.016400,-48.772200,GOES-19,2026-09-19 20:20:00
-9.035300,-48.770400,GOES-19,2026-09-19 14:40:00
-9.035300,-48.770400,GOES-19,2026-09-19 14:50:00
-9.035300,-48.770400,GOES-19,2026-09-19 15:00:00
-9.035300,-48.770400,GOES-19,2026-09-19 15:10:00
-9.035300,-48.770400,GOES-19,2026-09-19 18:20:00
-9.035300,-48.770400,GOES-19,2026-09-19 18:30:00
-9.035300,-48.770400,GOES-19,2026-09-19 18:40:00
-9.035300,-48.770400,GOES-19,2026-09-19 18:50:00
-9.035300,-48.770400,GOES-19,2026-09-19 19:00:00
-9.035300,-48.770400,GOES-19,2026-09-19 19:10:00
-9.035300,-48.770400,GOES-19,2026-09-19 19:20:00
-9.035300,-48.770400,GOES-19,2026-09-19 19:30:00
-9.035300,-48.770400,GOES-19,2026-09-19 20:10:00
-9.035300,-48.770400,GOES-19,2026-09-19 20:20:00
-9.054100,-48.768600,GOES-19,2026-09-19 18:40:00
-9.054100,-48.768600,GOES-19,2026-09-19 19:00:00
-9.054100,-48.768600,GOES-19,2026-09-19 19:10:00
-9.054100,-48.768600,GOES-19,2026-09-19 19:20:00
-9.054100,-48.768600,GOES-19,2026-09-19 19:30:00
-9.054100,-48.768600,GOES-19,2026-09-19 19:40:00
-9.054100,-48.768600,GOES-19,2026-09-19 19:50:00
-9.054100,-48.768600,GOES-19,2026-09-19 20:10:00
-9.054100,-48.768600,GOES-19,2026-09-19 20:20:00
-9.657500,-48.708700,GOES-19,2026-09-19 18:00:00
-9.016700,-48.750500,GOES-19,2026-09-19 18:40:00
-9.016700,-48.750500,GOES-19,2026-09-19 18:50:00
-9.016700,-48.750500,GOES-19,2026-09-19 19:00:00
-9.016700,-48.750500,GOES-19,2026-09-19 19:10:00
-9.016700,-48.750500,GOES-19,2026-09-19 19:20:00
-9.016700,-48.750500,GOES-19,2026-09-19 19:30:00
-9.016700,-48.750500,GOES-19,2026-09-19 20:20:00
-9.035500,-48.748700,GOES-19,2026-09-19 18:40:00
-9.035500,-48.748700,GOES-19,2026-09-19 18:50:00
-9.035500,-48.748700,GOES-19,2026-09-19 19:00:00
-9.035500,-48.748700,GOES-19,2026-09-19 19:10:00
-9.035500,-48.748700,GOES-19,2026-09-19 19:20:00
-9.035500,-48.748700,GOES-19,2026-09-19 19:30:00
-9.035500,-48.748700,GOES-19,2026-09-19 20:10:00
-9.035500,-48.748700,GOES-19,2026-09-19 20:20:00
-9.054400,-48.746900,GOES-19,2026-09-19 19:10:00
-5.334600,-49.007200,GOES-19,2026-09-19 15:20:00
-5.334600,-49.007200,GOES-19,2026-09-19 18:00:00
-9.017000,-48.728800,GOES-19,2026-09-19 12:40:00
-9.017000,-48.728800,GOES-19,2026-09-19 13:00:00
-9.017000,-48.728800,GOES-19,2026-09-19 14:30:00
-9.017000,-48.728800,GOES-19,2026-09-19 14:40:00
-9.017000,-48.728800,GOES-19,2026-09-19 14:50:00
-9.017000,-48.728800,GOES-19,2026-09-19 15:10:00
-9.017000,-48.728800,GOES-19,2026-09-19 15:20:00
-9.035800,-48.727000,GOES-19,2026-09-19 18:40:00
-9.035800,-48.727000,GOES-19,2026-09-19 18:50:00
-9.035800,-48.727000,GOES-19,2026-09-19 19:00:00
-9.035800,-48.727000,GOES-19,2026-09-19 19:10:00
-9.035800,-48.727000,GOES-19,2026-09-19 19:20:00
-9.035800,-48.727000,GOES-19,2026-09-19 19:30:00
-9.035800,-48.727000,GOES-19,2026-09-19 20:10:00
-9.035800,-48.727000,GOES-19,2026-09-19 20:20:00
-9.054600,-48.725200,GOES-19,2026-09-19 18:40:00
-9.054600,-48.725200,GOES-19,2026-09-19 18:50:00
-9.054600,-48.725200,GOES-19,2026-09-19 19:00:00
-9.054600,-48.725200,GOES-19,2026-09-19 19:10:00
-9.054600,-48.725200,GOES-19,2026-09-19 19:20:00
-9.054600,-48.725200,GOES-19,2026-09-19 19:30:00
-9.054600,-48.725200,GOES-19,2026-09-19 20:10:00
-9.054600,-48.725200,GOES-19,2026-09-19 20:20:00
-8.772600,-48.730200,GOES-19,2026-09-19 18:30:00
-8.772600,-48.730200,GOES-19,2026-09-19 18:50:00
-9.036100,-48.705300,GOES-19,2026-09-19 18:40:00
-9.036100,-48.705300,GOES-19,2026-09-19 19:20:00
-9.054900,-48.703500,GOES-19,2026-09-19 18:50:00
-9.054900,-48.703500,GOES-19,2026-09-19 19:00:00
-9.054900,-48.703500,GOES-19,2026-09-19 19:10:00
-9.054900,-48.703500,GOES-19,2026-09-19 19:20:00
-9.054900,-48.703500,GOES-19,2026-09-19 19:30:00
-8.772900,-48.708500,GOES-19,2026-09-19 11:40:00
-8.772900,-48.708500,GOES-19,2026-09-19 11:50:00
-8.772900,-48.708500,GOES-19,2026-09-19 12:00:00
-8.772900,-48.708500,GOES-19,2026-09-19 12:10:00
-8.772900,-48.708500,GOES-19,2026-09-19 12:20:00
-8.772900,-48.708500,GOES-19,2026-09-19 12:30:00
-8.772900,-48.708500,GOES-19,2026-09-19 12:40:00
-8.772900,-48.708500,GOES-19,2026-09-19 12:50:00
-8.772900,-48.708500,GOES-19,2026-09-19 13:00:00
-8.772900,-48.708500,GOES-19,2026-09-19 13:10:00
-8.772900,-48.708500,GOES-19,2026-09-19 13:20:00
-8.772900,-48.708500,GOES-19,2026-09-19 13:30:00
-8.772900,-48.708500,GOES-19,2026-09-19 13:40:00
-8.772900,-48.708500,GOES-19,2026-09-19 13:50:00
-8.772900,-48.708500,GOES-19,2026-09-19 14:00:00
-8.772900,-48.708500,GOES-19,2026-09-19 14:10:00
-8.772900,-48.708500,GOES-19,2026-09-19 14:20:00
-8.772900,-48.708500,GOES-19,2026-09-19 14:30:00
-8.772900,-48.708500,GOES-19,2026-09-19 14:50:00
-8.772900,-48.708500,GOES-19,2026-09-19 15:00:00
-8.772900,-48.708500,GOES-19,2026-09-19 18:00:00
-8.772900,-48.708500,GOES-19,2026-09-19 18:10:00
-8.772900,-48.708500,GOES-19,2026-09-19 18:30:00
-8.772900,-48.708500,GOES-19,2026-09-19 18:40:00
-8.772900,-48.708500,GOES-19,2026-09-19 18:50:00
-8.791700,-48.706800,GOES-19,2026-09-19 11:40:00
-8.791700,-48.706800,GOES-19,2026-09-19 12:00:00
-8.791700,-48.706800,GOES-19,2026-09-19 12:10:00
-8.791700,-48.706800,GOES-19,2026-09-19 12:20:00
-8.791700,-48.706800,GOES-19,2026-09-19 12:40:00
-8.791700,-48.706800,GOES-19,2026-09-19 12:50:00
-8.791700,-48.706800,GOES-19,2026-09-19 13:00:00
-8.791700,-48.706800,GOES-19,2026-09-19 13:10:00
-8.791700,-48.706800,GOES-19,2026-09-19 13:20:00
-8.791700,-48.706800,GOES-19,2026-09-19 13:30:00
-8.791700,-48.706800,GOES-19,2026-09-19 13:40:00
-8.791700,-48.706800,GOES-19,2026-09-19 13:50:00
-8.791700,-48.706800,GOES-19,2026-09-19 14:00:00
-8.791700,-48.706800,GOES-19,2026-09-19 14:20:00
-8.791700,-48.706800,GOES-19,2026-09-19 14:30:00
-8.791700,-48.706800,GOES-19,2026-09-19 14:40:00
-8.791700,-48.706800,GOES-19,2026-09-19 18:30:00
-8.791700,-48.706800,GOES-19,2026-09-19 18:40:00
-8.773100,-48.686800,GOES-19,2026-09-19 14:00:00
-8.791900,-48.685100,GOES-19,2026-09-19 14:00:00
-10.169500,-48.545600,GOES-19,2026-09-19 18:10:00
-10.169500,-48.545600,GOES-19,2026-09-19 18:30:00
-10.169500,-48.545600,GOES-19,2026-09-19 18:40:00
-8.773400,-48.665100,GOES-19,2026-09-19 14:00:00
-8.792200,-48.663400,GOES-19,2026-09-19 14:00:00
-8.792200,-48.663400,GOES-19,2026-09-19 14:10:00
-8.792200,-48.663400,GOES-19,2026-09-19 14:20:00
-8.792200,-48.663400,GOES-19,2026-09-19 14:30:00
-8.792200,-48.663400,GOES-19,2026-09-19 14:40:00
-8.792200,-48.663400,GOES-19,2026-09-19 14:50:00
-8.792200,-48.663400,GOES-19,2026-09-19 15:20:00
-10.909800,-48.439800,GOES-19,2026-09-19 16:30:00
-11.233300,-48.401100,GOES-19,2026-09-19 13:40:00
-11.233300,-48.401100,GOES-19,2026-09-19 14:10:00
-11.233600,-48.379100,GOES-19,2026-09-19 12:40:00
-11.233600,-48.379100,GOES-19,2026-09-19 12:50:00
-11.233600,-48.379100,GOES-19,2026-09-19 13:00:00
-11.233600,-48.379100,GOES-19,2026-09-19 13:10:00
-11.233600,-48.379100,GOES-19,2026-09-19 13:20:00
-11.233600,-48.379100,GOES-19,2026-09-19 13:30:00
-11.233600,-48.379100,GOES-19,2026-09-19 13:40:00
-11.233600,-48.379100,GOES-19,2026-09-19 13:50:00
-11.233600,-48.379100,GOES-19,2026-09-19 14:00:00
-11.233600,-48.379100,GOES-19,2026-09-19 14:10:00
-11.233600,-48.379100,GOES-19,2026-09-19 14:20:00
-11.233600,-48.379100,GOES-19,2026-09-19 14:30:00
-11.233600,-48.379100,GOES-19,2026-09-19 14:40:00
-11.233600,-48.379100,GOES-19,2026-09-19 14:50:00
-11.233600,-48.379100,GOES-19,2026-09-19 15:00:00
-11.233600,-48.379100,GOES-19,2026-09-19 18:00:00
-11.233600,-48.379100,GOES-19,2026-09-19 18:10:00
-11.233600,-48.379100,GOES-19,2026-09-19 18:20:00
-11.233600,-48.379100,GOES-19,2026-09-19 18:40:00
-11.214900,-48.359400,GOES-19,2026-09-19 13:50:00
-11.214900,-48.359400,GOES-19,2026-09-19 15:00:00
-11.025200,-48.338400,GOES-19,2026-09-19 12:20:00
-11.025200,-48.338400,GOES-19,2026-09-19 12:30:00
-11.025200,-48.338400,GOES-19,2026-09-19 13:10:00
-10.095300,-48.444500,GOES-19,2026-09-19 15:00:00
-11.025600,-48.316400,GOES-19,2026-09-19 12:20:00
-10.399100,-48.367100,GOES-19,2026-09-19 14:50:00
-10.399100,-48.367100,GOES-19,2026-09-19 15:00:00
-10.399100,-48.367100,GOES-19,2026-09-19 15:10:00
-10.418000,-48.365000,GOES-19,2026-09-19 14:50:00
-11.025900,-48.294400,GOES-19,2026-09-19 18:30:00
-11.025900,-48.294400,GOES-19,2026-09-19 18:40:00
-11.025900,-48.294400,GOES-19,2026-09-19 18:50:00
-14.196100,-47.854800,GOES-19,2026-09-19 18:20:00
-14.196100,-47.854800,GOES-19,2026-09-19 18:40:00
-14.196100,-47.854800,GOES-19,2026-09-19 19:00:00
-13.944800,-47.849400,GOES-19,2026-09-19 18:30:00
-13.944800,-47.849400,GOES-19,2026-09-19 18:50:00
-13.964100,-47.846400,GOES-19,2026-09-19 18:10:00
-13.964100,-47.846400,GOES-19,2026-09-19 18:30:00
-13.964100,-47.846400,GOES-19,2026-09-19 18:40:00
-13.964100,-47.846400,GOES-19,2026-09-19 18:50:00
-13.964100,-47.846400,GOES-19,2026-09-19 19:00:00
-13.964100,-47.846400,GOES-19,2026-09-19 19:10:00
-13.964100,-47.846400,GOES-19,2026-09-19 19:20:00
-13.964100,-47.846400,GOES-19,2026-09-19 19:30:00
-13.945200,-47.826900,GOES-19,2026-09-19 18:20:00
-13.945200,-47.826900,GOES-19,2026-09-19 18:50:00
-13.964600,-47.823900,GOES-19,2026-09-19 18:30:00
-15.665800,-72.446300,GOES-19,2026-09-20 03:20:00
-15.665900,-72.427500,GOES-19,2026-09-20 03:20:00
-16.105600,-61.659000,GOES-19,2026-09-20 03:20:00
-16.166200,-63.223800,GOES-19,2026-09-20 03:20:00
-16.185400,-63.241900,GOES-19,2026-09-20 03:20:00
-16.185600,-63.222400,GOES-19,2026-09-20 03:20:00
-17.713500,-60.980700,GOES-19,2026-09-20 03:20:00
-19.790400,-59.974500,GOES-19,2026-09-20 03:20:00
-19.810500,-59.972200,GOES-19,2026-09-20 03:20:00
-20.425700,-59.220500,GOES-19,2026-09-20 03:20:00
-20.445900,-59.217900,GOES-19,2026-09-20 03:20:00
-9.131000,-45.727300,GOES-19,2026-09-20 03:20:00
-14.685600,-46.688600,GOES-19,2026-09-20 03:20:00
-2.612500,-54.757700,GOES-19,2026-09-20 03:20:00
-2.879100,-57.818400,GOES-19,2026-09-20 03:20:00
-2.879100,-57.799000,GOES-19,2026-09-20 03:20:00
-2.897400,-57.818100,GOES-19,2026-09-20 03:20:00
-6.294800,-47.627400,GOES-19,2026-09-20 03:20:00
-6.295000,-47.605500,GOES-19,2026-09-20 03:20:00
-6.313300,-47.648000,GOES-19,2026-09-20 03:20:00
-6.313400,-47.626100,GOES-19,2026-09-20 03:20:00
-6.313600,-47.604200,GOES-19,2026-09-20 03:20:00
-6.332100,-47.624800,GOES-19,2026-09-20 03:20:00
-7.325900,-55.615300,GOES-19,2026-09-20 03:20:00
-7.533400,-45.436700,GOES-19,2026-09-20 03:20:00
-7.552200,-45.435000,GOES-19,2026-09-20 03:20:00
-7.552500,-45.412300,GOES-19,2026-09-20 03:20:00
-8.791100,-60.793500,GOES-19,2026-09-20 03:20:00
-10.297600,-50.258500,GOES-19,2026-09-20 03:20:00
-10.297900,-50.237200,GOES-19,2026-09-20 03:20:00
-10.317100,-50.213800,GOES-19,2026-09-20 03:20:00
-11.099100,-54.028500,GOES-19,2026-09-20 03:20:00
-11.118000,-54.026800,GOES-19,2026-09-20 03:20:00
-11.230700,-54.078000,GOES-19,2026-09-20 03:20:00
-11.854700,-47.659600,GOES-19,2026-09-20 03:20:00
-12.152000,-47.038300,GOES-19,2026-09-20 03:20:00
-13.037000,-46.909600,GOES-19,2026-09-20 03:20:00