lat,lon,satelite,data
-10.381700,-48.259600,GOES-19,2026-08-25 17:20:00
-10.381700,-48.259600,GOES-19,2026-08-25 17:40:00
-10.381700,-48.259600,GOES-19,2026-08-25 18:00:00
-12.656400,-47.772400,GOES-19,2026-08-25 14:40:00
-12.656400,-47.772400,GOES-19,2026-08-25 14:50:00
-11.967700,-47.755700,GOES-19,2026-08-25 18:20:00
-11.967700,-47.755700,GOES-19,2026-08-25 18:30:00
-11.967700,-47.755700,GOES-19,2026-08-25 18:40:00
-11.967700,-47.755700,GOES-19,2026-08-25 18:50:00
-11.967700,-47.755700,GOES-19,2026-08-25 19:10:00
-11.986900,-47.753100,GOES-19,2026-08-25 18:40:00
-11.835200,-47.684400,GOES-19,2026-08-25 18:50:00
-11.835200,-47.684400,GOES-19,2026-08-25 19:00:00
-11.835200,-47.684400,GOES-19,2026-08-25 19:10:00
-11.835200,-47.684400,GOES-19,2026-08-25 19:20:00
-15.534700,-47.109500,GOES-19,2026-08-25 13:40:00
-11.816500,-47.664700,GOES-19,2026-08-25 14:10:00
-11.816500,-47.664700,GOES-19,2026-08-25 14:20:00
-11.816500,-47.664700,GOES-19,2026-08-25 14:30:00
-11.816500,-47.664700,GOES-19,2026-08-25 18:00:00
-11.816500,-47.664700,GOES-19,2026-08-25 18:10:00
-11.816500,-47.664700,GOES-19,2026-08-25 18:20:00
-11.816500,-47.664700,GOES-19,2026-08-25 18:30:00
-11.816500,-47.664700,GOES-19,2026-08-25 18:40:00
-11.816500,-47.664700,GOES-19,2026-08-25 18:50:00
-11.835600,-47.662100,GOES-19,2026-08-25 18:30:00
-11.835600,-47.662100,GOES-19,2026-08-25 18:40:00
-11.835600,-47.662100,GOES-19,2026-08-25 18:50:00
-3.504300,-48.039000,GOES-19,2026-08-25 19:20:00
-3.504300,-48.039000,GOES-19,2026-08-25 19:30:00
-3.504300,-48.039000,GOES-19,2026-08-25 19:40:00
-3.504300,-48.039000,GOES-19,2026-08-25 19:50:00
-3.522800,-48.038300,GOES-19,2026-08-25 19:20:00
-3.522800,-48.038300,GOES-19,2026-08-25 19:30:00
-3.522800,-48.038300,GOES-19,2026-08-25 19:40:00
-3.522800,-48.038300,GOES-19,2026-08-25 19:50:00
-8.297300,-47.618000,GOES-19,2026-08-25 18:30:00
-8.316100,-47.616300,GOES-19,2026-08-25 18:30:00
-8.072800,-47.550700,GOES-19,2026-08-25 14:10:00
-8.072800,-47.550700,GOES-19,2026-08-25 14:20:00
-8.072800,-47.550700,GOES-19,2026-08-25 15:00:00
-8.072800,-47.550700,GOES-19,2026-08-25 17:00:00
-8.072800,-47.550700,GOES-19,2026-08-25 17:50:00
-8.072800,-47.550700,GOES-19,2026-08-25 18:00:00
-8.072800,-47.550700,GOES-19,2026-08-25 18:10:00
-8.073300,-47.506600,GOES-19,2026-08-25 15:00:00
-8.073300,-47.506600,GOES-19,2026-08-25 15:30:00
-8.073300,-47.506600,GOES-19,2026-08-25 15:40:00
-8.073300,-47.506600,GOES-19,2026-08-25 15:50:00
-8.073300,-47.506600,GOES-19,2026-08-25 18:00:00
-8.073300,-47.506600,GOES-19,2026-08-25 18:10:00
-8.073300,-47.506600,GOES-19,2026-08-25 18:20:00
-8.073300,-47.506600,GOES-19,2026-08-25 18:40:00
-8.073300,-47.506600,GOES-19,2026-08-25 18:50:00
-11.024900,-47.121000,GOES-19,2026-08-25 18:20:00
-11.024900,-47.121000,GOES-19,2026-08-25 18:50:00
-11.024900,-47.121000,GOES-19,2026-08-25 19:10:00
-11.024900,-47.121000,GOES-19,2026-08-25 19:20:00
-11.024900,-47.121000,GOES-19,2026-08-25 19:40:00
-11.025300,-47.098600,GOES-19,2026-08-25 18:10:00
-11.025300,-47.098600,GOES-19,2026-08-25 18:20:00
-11.025300,-47.098600,GOES-19,2026-08-25 18:40:00
-11.025300,-47.098600,GOES-19,2026-08-25 18:50:00
-11.273200,-47.066900,GOES-19,2026-08-25 14:50:00
-11.273200,-47.066900,GOES-19,2026-08-25 15:00:00
-11.273200,-47.066900,GOES-19,2026-08-25 16:00:00
-11.273200,-47.066900,GOES-19,2026-08-25 17:20:00
-11.273200,-47.066900,GOES-19,2026-08-25 17:30:00
-11.273200,-47.066900,GOES-19,2026-08-25 17:40:00
-11.273200,-47.066900,GOES-19,2026-08-25 17:50:00
-11.273200,-47.066900,GOES-19,2026-08-25 18:10:00
-11.273200,-47.066900,GOES-19,2026-08-25 18:20:00
-11.273200,-47.066900,GOES-19,2026-08-25 18:30:00
-11.273200,-47.066900,GOES-19,2026-08-25 18:40:00
-11.273200,-47.066900,GOES-19,2026-08-25 18:50:00
-11.254500,-47.047000,GOES-19,2026-08-25 19:50:00
-7.646100,-47.125800,GOES-19,2026-08-25 15:30:00
-7.683600,-47.122600,GOES-19,2026-08-25 15:30:00
-7.665100,-47.102100,GOES-19,2026-08-25 15:30:00
-9.896300,-46.452000,GOES-19,2026-08-25 15:00:00
-9.896300,-46.452000,GOES-19,2026-08-25 15:10:00
-9.896300,-46.452000,GOES-19,2026-08-25 15:20:00
-9.877600,-46.431700,GOES-19,2026-08-25 15:00:00
-9.877600,-46.431700,GOES-19,2026-08-25 15:30:00
-5.537300,-46.799300,GOES-19,2026-08-25 18:50:00
-5.537300,-46.799300,GOES-19,2026-08-25 19:00:00
-5.537300,-46.799300,GOES-19,2026-08-25 19:30:00
-5.537300,-46.799300,GOES-19,2026-08-25 19:40:00
-5.518800,-46.778400,GOES-19,2026-08-25 18:20:00
-5.518800,-46.778400,GOES-19,2026-08-25 18:30:00
-5.518800,-46.778400,GOES-19,2026-08-25 18:40:00
-5.518800,-46.778400,GOES-19,2026-08-25 18:50:00
-5.537500,-46.777200,GOES-19,2026-08-25 18:30:00
-5.537500,-46.777200,GOES-19,2026-08-25 18:40:00
-5.537500,-46.777200,GOES-19,2026-08-25 18:50:00
-10.468900,-46.202800,GOES-19,2026-08-25 18:20:00
-12.017000,-45.994500,GOES-19,2026-08-25 19:40:00
-12.017000,-45.994500,GOES-19,2026-08-25 19:50:00
-12.036200,-45.991700,GOES-19,2026-08-25 19:30:00
-12.036600,-45.968900,GOES-19,2026-08-25 19:00:00
-12.036600,-45.968900,GOES-19,2026-08-25 19:10:00
-12.017900,-45.948800,GOES-19,2026-08-25 18:20:00
-12.017900,-45.948800,GOES-19,2026-08-25 18:40:00
-12.017900,-45.948800,GOES-19,2026-08-25 18:50:00
-4.404100,-46.466600,GOES-19,2026-08-25 18:30:00
-4.385600,-46.445400,GOES-19,2026-08-25 18:30:00
-4.385600,-46.445400,GOES-19,2026-08-25 18:40:00
-4.385600,-46.445400,GOES-19,2026-08-25 19:00:00
-4.404200,-46.444500,GOES-19,2026-08-25 18:50:00
-4.404200,-46.444500,GOES-19,2026-08-25 19:00:00
-7.581300,-46.197800,GOES-19,2026-08-25 15:30:00
-7.581300,-46.197800,GOES-19,2026-08-25 15:40:00
-7.581300,-46.197800,GOES-19,2026-08-25 16:00:00
-7.600000,-46.196100,GOES-19,2026-08-25 15:40:00
-7.112000,-46.238600,GOES-19,2026-08-25 19:20:00
-7.112000,-46.238600,GOES-19,2026-08-25 19:40:00
-7.581500,-46.175400,GOES-19,2026-08-25 15:30:00
-7.581500,-46.175400,GOES-19,2026-08-25 15:40:00
-7.394200,-46.147200,GOES-19,2026-08-25 18:10:00
-11.066500,-45.717000,GOES-19,2026-08-25 17:40:00
-11.066500,-45.717000,GOES-19,2026-08-25 18:10:00
-11.066800,-45.694200,GOES-19,2026-08-25 17:40:00
-11.066800,-45.694200,GOES-19,2026-08-25 18:00:00
-11.066800,-45.694200,GOES-19,2026-08-25 18:10:00
-9.787800,-43.550600,GOES-19,2026-08-25 19:40:00
-8.072800,-45.927400,GOES-19,2026-08-25 18:30:00
-8.072800,-45.927400,GOES-19,2026-08-25 18:40:00
-8.072800,-45.927400,GOES-19,2026-08-25 18:50:00
-8.072800,-45.927400,GOES-19,2026-08-25 19:10:00
-8.072800,-45.927400,GOES-19,2026-08-25 19:20:00
-8.072800,-45.927400,GOES-19,2026-08-25 19:30:00
-5.132400,-46.136800,GOES-19,2026-08-25 15:40:00
-5.132400,-46.136800,GOES-19,2026-08-25 18:30:00
-5.132400,-46.136800,GOES-19,2026-08-25 18:50:00
-5.151100,-46.135700,GOES-19,2026-08-25 19:00:00
-8.073100,-45.904900,GOES-19,2026-08-25 18:10:00
-8.073100,-45.904900,GOES-19,2026-08-25 18:20:00
-8.073100,-45.904900,GOES-19,2026-08-25 18:30:00
-8.073100,-45.904900,GOES-19,2026-08-25 18:40:00
-8.073100,-45.904900,GOES-19,2026-08-25 18:50:00
-8.073100,-45.904900,GOES-19,2026-08-25 19:00:00
-8.073100,-45.904900,GOES-19,2026-08-25 19:10:00
-8.073100,-45.904900,GOES-19,2026-08-25 19:20:00
-8.073100,-45.904900,GOES-19,2026-08-25 19:30:00
-8.073100,-45.904900,GOES-19,2026-08-25 19:40:00
-8.073100,-45.904900,GOES-19,2026-08-25 19:50:00
-8.091900,-45.903000,GOES-19,2026-08-25 18:10:00
-8.091900,-45.903000,GOES-19,2026-08-25 18:20:00
-8.091900,-45.903000,GOES-19,2026-08-25 19:00:00
-8.301100,-45.724500,GOES-19,2026-08-25 19:00:00
-8.301100,-45.724500,GOES-19,2026-08-25 19:20:00
-8.301100,-45.724500,GOES-19,2026-08-25 19:30:00
-8.301100,-45.724500,GOES-19,2026-08-25 19:40:00
-8.320000,-45.722600,GOES-19,2026-08-25 19:30:00
-8.320000,-45.722600,GOES-19,2026-08-25 19:40:00
-8.301400,-45.701900,GOES-19,2026-08-25 15:40:00
-8.301400,-45.701900,GOES-19,2026-08-25 18:10:00
-8.301400,-45.701900,GOES-19,2026-08-25 18:20:00
-8.301400,-45.701900,GOES-19,2026-08-25 18:30:00
-8.301400,-45.701900,GOES-19,2026-08-25 19:00:00
-8.301400,-45.701900,GOES-19,2026-08-25 19:20:00
-8.301400,-45.701900,GOES-19,2026-08-25 19:30:00
-8.301400,-45.701900,GOES-19,2026-08-25 19:40:00
-7.023400,-45.752800,GOES-19,2026-08-25 15:00:00
-7.023600,-45.730300,GOES-19,2026-08-25 13:30:00
-7.023600,-45.730300,GOES-19,2026-08-25 13:50:00
-7.023600,-45.730300,GOES-19,2026-08-25 14:20:00
-7.023600,-45.730300,GOES-19,2026-08-25 14:40:00
-7.023600,-45.730300,GOES-19,2026-08-25 14:50:00
-7.023600,-45.730300,GOES-19,2026-08-25 15:00:00
-7.023600,-45.730300,GOES-19,2026-08-25 15:20:00
-4.091400,-45.904100,GOES-19,2026-08-25 19:10:00
-5.508200,-45.777600,GOES-19,2026-08-25 15:50:00
-5.508200,-45.777600,GOES-19,2026-08-25 16:10:00
-11.496800,-45.107100,GOES-19,2026-08-25 19:20:00
-11.496800,-45.107100,GOES-19,2026-08-25 19:30:00
-11.496800,-45.107100,GOES-19,2026-08-25 19:40:00
-11.496800,-45.107100,GOES-19,2026-08-25 19:50:00
-5.564800,-45.706500,GOES-19,2026-08-25 18:30:00
-5.565200,-45.661500,GOES-19,2026-08-25 18:00:00
-5.565200,-45.661500,GOES-19,2026-08-25 18:10:00
-11.787400,-44.903000,GOES-19,2026-08-25 18:40:00
-5.603500,-45.546500,GOES-19,2026-08-25 18:00:00
-5.603500,-45.546500,GOES-19,2026-08-25 18:10:00
-5.603500,-45.546500,GOES-19,2026-08-25 18:20:00
-5.603500,-45.546500,GOES-19,2026-08-25 18:30:00
-11.787900,-44.879800,GOES-19,2026-08-25 18:30:00
-11.787900,-44.879800,GOES-19,2026-08-25 18:40:00
-11.903200,-44.862600,GOES-19,2026-08-25 14:30:00
-5.603700,-45.524000,GOES-19,2026-08-25 17:50:00
-5.603700,-45.524000,GOES-19,2026-08-25 18:00:00
-5.603700,-45.524000,GOES-19,2026-08-25 18:10:00
-5.603700,-45.524000,GOES-19,2026-08-25 18:20:00
-5.603700,-45.524000,GOES-19,2026-08-25 18:30:00
-5.603700,-45.524000,GOES-19,2026-08-25 18:40:00
-6.671800,-45.308200,GOES-19,2026-08-25 18:20:00
-6.671800,-45.308200,GOES-19,2026-08-25 18:30:00
-6.671800,-45.308200,GOES-19,2026-08-25 18:40:00
-6.671800,-45.308200,GOES-19,2026-08-25 18:50:00
-6.671800,-45.308200,GOES-19,2026-08-25 19:00:00
-6.690600,-45.306600,GOES-19,2026-08-25 18:20:00
-6.690600,-45.306600,GOES-19,2026-08-25 18:30:00
-6.690600,-45.306600,GOES-19,2026-08-25 18:40:00
-6.690800,-45.284000,GOES-19,2026-08-25 18:20:00
-5.698700,-45.337000,GOES-19,2026-08-25 18:20:00
-5.698700,-45.337000,GOES-19,2026-08-25 18:30:00
-5.698700,-45.337000,GOES-19,2026-08-25 18:40:00
-5.698800,-45.314400,GOES-19,2026-08-25 18:20:00
-5.698800,-45.314400,GOES-19,2026-08-25 18:40:00
-6.597500,-45.246300,GOES-19,2026-08-25 19:00:00
-6.597500,-45.246300,GOES-19,2026-08-25 19:10:00
-6.597500,-45.246300,GOES-19,2026-08-25 19:30:00
-6.597500,-45.246300,GOES-19,2026-08-25 19:50:00
-6.691500,-45.215900,GOES-19,2026-08-25 17:40:00
-6.691500,-45.215900,GOES-19,2026-08-25 17:50:00
-6.691500,-45.215900,GOES-19,2026-08-25 18:00:00
-6.691500,-45.215900,GOES-19,2026-08-25 18:10:00
-6.691500,-45.215900,GOES-19,2026-08-25 18:20:00
-6.691500,-45.215900,GOES-19,2026-08-25 18:40:00
-6.691500,-45.215900,GOES-19,2026-08-25 18:50:00
-6.691500,-45.215900,GOES-19,2026-08-25 19:00:00
-6.579000,-45.225200,GOES-19,2026-08-25 14:40:00
-6.579000,-45.225200,GOES-19,2026-08-25 14:50:00
-6.579000,-45.225200,GOES-19,2026-08-25 15:10:00
-6.579000,-45.225200,GOES-19,2026-08-25 17:20:00
-6.579000,-45.225200,GOES-19,2026-08-25 18:00:00
-6.579000,-45.225200,GOES-19,2026-08-25 18:20:00
-6.579000,-45.225200,GOES-19,2026-08-25 18:30:00
-6.579000,-45.225200,GOES-19,2026-08-25 18:40:00
-6.579000,-45.225200,GOES-19,2026-08-25 18:50:00
-6.579000,-45.225200,GOES-19,2026-08-25 19:00:00
-6.579000,-45.225200,GOES-19,2026-08-25 19:10:00
-6.710300,-45.214400,GOES-19,2026-08-25 16:40:00
-6.710300,-45.214400,GOES-19,2026-08-25 17:20:00
-6.710300,-45.214400,GOES-19,2026-08-25 17:40:00
-6.710300,-45.214400,GOES-19,2026-08-25 17:50:00
-6.710300,-45.214400,GOES-19,2026-08-25 18:00:00
-6.710300,-45.214400,GOES-19,2026-08-25 18:10:00
-6.710300,-45.214400,GOES-19,2026-08-25 18:20:00
-6.710300,-45.214400,GOES-19,2026-08-25 18:40:00
-6.710300,-45.214400,GOES-19,2026-08-25 18:50:00
-6.597700,-45.223600,GOES-19,2026-08-25 14:50:00
-6.597700,-45.223600,GOES-19,2026-08-25 15:00:00
-6.597700,-45.223600,GOES-19,2026-08-25 17:20:00
-6.597700,-45.223600,GOES-19,2026-08-25 17:30:00
-6.597700,-45.223600,GOES-19,2026-08-25 17:40:00
-6.597700,-45.223600,GOES-19,2026-08-25 17:50:00
-6.597700,-45.223600,GOES-19,2026-08-25 18:00:00
-6.597700,-45.223600,GOES-19,2026-08-25 18:10:00
-6.597700,-45.223600,GOES-19,2026-08-25 18:20:00
-6.597700,-45.223600,GOES-19,2026-08-25 18:30:00
-6.597700,-45.223600,GOES-19,2026-08-25 18:40:00
-6.597700,-45.223600,GOES-19,2026-08-25 18:50:00
-6.597700,-45.223600,GOES-19,2026-08-25 19:00:00
-6.597700,-45.223600,GOES-19,2026-08-25 19:10:00
-6.616500,-45.222100,GOES-19,2026-08-25 14:20:00
-6.616500,-45.222100,GOES-19,2026-08-25 14:30:00
-6.616500,-45.222100,GOES-19,2026-08-25 14:50:00
-6.616500,-45.222100,GOES-19,2026-08-25 15:00:00
-6.616500,-45.222100,GOES-19,2026-08-25 15:10:00
-6.616500,-45.222100,GOES-19,2026-08-25 16:00:00
-6.616500,-45.222100,GOES-19,2026-08-25 16:10:00
-6.616500,-45.222100,GOES-19,2026-08-25 16:30:00
-6.616500,-45.222100,GOES-19,2026-08-25 16:40:00
-6.616500,-45.222100,GOES-19,2026-08-25 17:40:00
-6.616500,-45.222100,GOES-19,2026-08-25 17:50:00
-6.616500,-45.222100,GOES-19,2026-08-25 18:00:00
-6.616500,-45.222100,GOES-19,2026-08-25 18:10:00
-6.616500,-45.222100,GOES-19,2026-08-25 18:20:00
-6.616500,-45.222100,GOES-19,2026-08-25 18:30:00
-6.616500,-45.222100,GOES-19,2026-08-25 18:40:00
-6.616500,-45.222100,GOES-19,2026-08-25 18:50:00
-6.616500,-45.222100,GOES-19,2026-08-25 19:00:00
-6.579200,-45.202500,GOES-19,2026-08-25 14:40:00
-6.579200,-45.202500,GOES-19,2026-08-25 14:50:00
-6.579200,-45.202500,GOES-19,2026-08-25 18:00:00
-6.579200,-45.202500,GOES-19,2026-08-25 18:10:00
-6.579200,-45.202500,GOES-19,2026-08-25 18:20:00
-6.579200,-45.202500,GOES-19,2026-08-25 18:30:00
-6.579200,-45.202500,GOES-19,2026-08-25 18:40:00
-6.579200,-45.202500,GOES-19,2026-08-25 18:50:00
-6.579200,-45.202500,GOES-19,2026-08-25 19:00:00
-6.579200,-45.202500,GOES-19,2026-08-25 19:10:00
-6.598000,-45.201000,GOES-19,2026-08-25 14:20:00
-6.598000,-45.201000,GOES-19,2026-08-25 14:30:00
-6.598000,-45.201000,GOES-19,2026-08-25 14:40:00
-6.598000,-45.201000,GOES-19,2026-08-25 14:50:00
-6.598000,-45.201000,GOES-19,2026-08-25 15:00:00
-6.598000,-45.201000,GOES-19,2026-08-25 15:10:00
-6.598000,-45.201000,GOES-19,2026-08-25 15:20:00
-6.598000,-45.201000,GOES-19,2026-08-25 15:30:00
-6.598000,-45.201000,GOES-19,2026-08-25 15:40:00
-6.598000,-45.201000,GOES-19,2026-08-25 15:50:00
-6.598000,-45.201000,GOES-19,2026-08-25 16:00:00
-6.598000,-45.201000,GOES-19,2026-08-25 16:10:00
-6.598000,-45.201000,GOES-19,2026-08-25 16:30:00
-6.598000,-45.201000,GOES-19,2026-08-25 16:40:00
-6.598000,-45.201000,GOES-19,2026-08-25 17:20:00
-6.598000,-45.201000,GOES-19,2026-08-25 17:30:00
-6.598000,-45.201000,GOES-19,2026-08-25 17:40:00
-6.598000,-45.201000,GOES-19,2026-08-25 17:50:00
-6.598000,-45.201000,GOES-19,2026-08-25 18:00:00
-6.598000,-45.201000,GOES-19,2026-08-25 18:10:00
-6.598000,-45.201000,GOES-19,2026-08-25 18:20:00
-6.598000,-45.201000,GOES-19,2026-08-25 18:30:00
-6.598000,-45.201000,GOES-19,2026-08-25 18:40:00
-6.598000,-45.201000,GOES-19,2026-08-25 18:50:00
-6.598000,-45.201000,GOES-19,2026-08-25 19:00:00
-6.598000,-45.201000,GOES-19,2026-08-25 19:10:00
-6.616700,-45.199400,GOES-19,2026-08-25 13:30:00
-6.616700,-45.199400,GOES-19,2026-08-25 13:40:00
-6.616700,-45.199400,GOES-19,2026-08-25 13:50:00
-6.616700,-45.199400,GOES-19,2026-08-25 14:00:00
-6.616700,-45.199400,GOES-19,2026-08-25 14:10:00
-6.616700,-45.199400,GOES-19,2026-08-25 14:20:00
-6.616700,-45.199400,GOES-19,2026-08-25 14:30:00
-6.616700,-45.199400,GOES-19,2026-08-25 14:40:00
-6.616700,-45.199400,GOES-19,2026-08-25 14:50:00
-6.616700,-45.199400,GOES-19,2026-08-25 15:00:00
-6.616700,-45.199400,GOES-19,2026-08-25 15:10:00
-6.616700,-45.199400,GOES-19,2026-08-25 15:20:00
-6.616700,-45.199400,GOES-19,2026-08-25 15:30:00
-6.616700,-45.199400,GOES-19,2026-08-25 15:40:00
-6.616700,-45.199400,GOES-19,2026-08-25 15:50:00
-6.616700,-45.199400,GOES-19,2026-08-25 16:00:00
-6.616700,-45.199400,GOES-19,2026-08-25 16:10:00
-6.616700,-45.199400,GOES-19,2026-08-25 16:20:00
-6.616700,-45.199400,GOES-19,2026-08-25 16:30:00
-6.616700,-45.199400,GOES-19,2026-08-25 16:40:00
-6.616700,-45.199400,GOES-19,2026-08-25 16:50:00
-6.616700,-45.199400,GOES-19,2026-08-25 17:00:00
-6.616700,-45.199400,GOES-19,2026-08-25 17:10:00
-6.616700,-45.199400,GOES-19,2026-08-25 17:20:00
-6.616700,-45.199400,GOES-19,2026-08-25 17:30:00
-6.616700,-45.199400,GOES-19,2026-08-25 17:40:00
-6.616700,-45.199400,GOES-19,2026-08-25 17:50:00
-6.616700,-45.199400,GOES-19,2026-08-25 18:00:00
-6.616700,-45.199400,GOES-19,2026-08-25 18:10:00
-6.616700,-45.199400,GOES-19,2026-08-25 18:20:00
-6.616700,-45.199400,GOES-19,2026-08-25 18:30:00
-6.616700,-45.199400,GOES-19,2026-08-25 18:40:00
-6.635500,-45.197900,GOES-19,2026-08-25 13:20:00
-6.635500,-45.197900,GOES-19,2026-08-25 13:30:00
-6.635500,-45.197900,GOES-19,2026-08-25 13:40:00
-6.635500,-45.197900,GOES-19,2026-08-25 13:50:00
-6.635500,-45.197900,GOES-19,2026-08-25 14:00:00
-6.635500,-45.197900,GOES-19,2026-08-25 14:10:00
-6.635500,-45.197900,GOES-19,2026-08-25 14:20:00
-6.635500,-45.197900,GOES-19,2026-08-25 14:30:00
-6.635500,-45.197900,GOES-19,2026-08-25 14:40:00
-6.635500,-45.197900,GOES-19,2026-08-25 14:50:00
-6.635500,-45.197900,GOES-19,2026-08-25 15:00:00
-6.635500,-45.197900,GOES-19,2026-08-25 15:10:00
-6.635500,-45.197900,GOES-19,2026-08-25 15:20:00
-6.635500,-45.197900,GOES-19,2026-08-25 15:30:00
-6.635500,-45.197900,GOES-19,2026-08-25 15:40:00
-6.635500,-45.197900,GOES-19,2026-08-25 15:50:00
-6.635500,-45.197900,GOES-19,2026-08-25 16:00:00
-6.635500,-45.197900,GOES-19,2026-08-25 16:10:00
-6.635500,-45.197900,GOES-19,2026-08-25 16:30:00
-6.635500,-45.197900,GOES-19,2026-08-25 16:40:00
-6.635500,-45.197900,GOES-19,2026-08-25 16:50:00
-6.354500,-45.197800,GOES-19,2026-08-25 18:40:00
-6.373300,-45.196300,GOES-19,2026-08-25 14:20:00
-6.373300,-45.196300,GOES-19,2026-08-25 15:30:00
-6.616900,-45.176700,GOES-19,2026-08-25 14:50:00
-6.616900,-45.176700,GOES-19,2026-08-25 15:00:00
-6.616900,-45.176700,GOES-19,2026-08-25 16:40:00
-6.635700,-45.175200,GOES-19,2026-08-25 14:50:00
-6.635700,-45.175200,GOES-19,2026-08-25 15:00:00
-6.635700,-45.175200,GOES-19,2026-08-25 16:40:00
-6.354700,-45.175100,GOES-19,2026-08-25 18:00:00
-6.354700,-45.175100,GOES-19,2026-08-25 18:10:00
-6.354700,-45.175100,GOES-19,2026-08-25 18:20:00
-6.354700,-45.175100,GOES-19,2026-08-25 18:30:00
-6.354700,-45.175100,GOES-19,2026-08-25 18:40:00
-6.354700,-45.175100,GOES-19,2026-08-25 18:50:00
-6.354700,-45.175100,GOES-19,2026-08-25 19:00:00
-6.354700,-45.175100,GOES-19,2026-08-25 19:10:00
-6.354700,-45.175100,GOES-19,2026-08-25 19:20:00
-6.354700,-45.175100,GOES-19,2026-08-25 19:30:00
-6.354700,-45.175100,GOES-19,2026-08-25 19:50:00
-6.355000,-45.152400,GOES-19,2026-08-25 15:40:00
-6.355000,-45.152400,GOES-19,2026-08-25 16:10:00
-6.355000,-45.152400,GOES-19,2026-08-25 17:50:00
-6.355000,-45.152400,GOES-19,2026-08-25 18:00:00
-6.355000,-45.152400,GOES-19,2026-08-25 18:10:00
-6.355000,-45.152400,GOES-19,2026-08-25 18:20:00
-6.355000,-45.152400,GOES-19,2026-08-25 18:30:00
-6.355200,-45.129700,GOES-19,2026-08-25 15:40:00
-11.411000,-44.541000,GOES-19,2026-08-25 11:20:00
-11.411000,-44.541000,GOES-19,2026-08-25 11:30:00
-11.411000,-44.541000,GOES-19,2026-08-25 11:50:00
-11.411000,-44.541000,GOES-19,2026-08-25 12:30:00
-11.411000,-44.541000,GOES-19,2026-08-25 12:40:00
-11.411000,-44.541000,GOES-19,2026-08-25 12:50:00
-11.411000,-44.541000,GOES-19,2026-08-25 13:00:00
-11.411000,-44.541000,GOES-19,2026-08-25 13:10:00
-11.411000,-44.541000,GOES-19,2026-08-25 13:20:00
-11.411000,-44.541000,GOES-19,2026-08-25 13:30:00
-11.411000,-44.541000,GOES-19,2026-08-25 13:40:00
-11.411000,-44.541000,GOES-19,2026-08-25 13:50:00
-11.411000,-44.541000,GOES-19,2026-08-25 14:00:00
-11.411000,-44.541000,GOES-19,2026-08-25 14:10:00
-11.411000,-44.541000,GOES-19,2026-08-25 14:20:00
-11.411000,-44.541000,GOES-19,2026-08-25 14:30:00
-11.411000,-44.541000,GOES-19,2026-08-25 14:40:00
-11.411000,-44.541000,GOES-19,2026-08-25 19:10:00
-11.411000,-44.541000,GOES-19,2026-08-25 19:20:00
-11.411000,-44.541000,GOES-19,2026-08-25 19:30:00
-11.411000,-44.541000,GOES-19,2026-08-25 19:40:00
-11.411000,-44.541000,GOES-19,2026-08-25 19:50:00
-4.263100,-45.221900,GOES-19,2026-08-25 18:40:00
-4.263100,-45.221900,GOES-19,2026-08-25 18:50:00
-4.263100,-45.221900,GOES-19,2026-08-25 19:00:00
-4.281800,-45.220900,GOES-19,2026-08-25 19:00:00
-12.760300,-44.260800,GOES-19,2026-08-25 19:00:00
-12.760300,-44.260800,GOES-19,2026-08-25 19:40:00
-12.760300,-44.260800,GOES-19,2026-08-25 19:50:00
-6.843900,-44.975900,GOES-19,2026-08-25 18:10:00
-6.806400,-44.979100,GOES-19,2026-08-25 18:10:00
-6.806400,-44.979100,GOES-19,2026-08-25 18:20:00
-6.825200,-44.977500,GOES-19,2026-08-25 17:50:00
-6.825200,-44.977500,GOES-19,2026-08-25 18:00:00
-6.825200,-44.977500,GOES-19,2026-08-25 18:10:00
-6.825200,-44.977500,GOES-19,2026-08-25 18:20:00
-6.825200,-44.977500,GOES-19,2026-08-25 18:30:00
-6.825200,-44.977500,GOES-19,2026-08-25 18:40:00
-6.825200,-44.977500,GOES-19,2026-08-25 18:50:00
-6.750800,-44.915500,GOES-19,2026-08-25 18:00:00
-6.750800,-44.915500,GOES-19,2026-08-25 18:10:00
-6.750800,-44.915500,GOES-19,2026-08-25 18:20:00
-6.750800,-44.915500,GOES-19,2026-08-25 18:30:00
-6.750800,-44.915500,GOES-19,2026-08-25 19:30:00
-7.748100,-44.756100,GOES-19,2026-08-25 19:50:00
-7.767000,-44.754300,GOES-19,2026-08-25 19:30:00
-7.767000,-44.754300,GOES-19,2026-08-25 19:40:00
-7.767000,-44.754300,GOES-19,2026-08-25 19:50:00
-6.246000,-44.797200,GOES-19,2026-08-25 18:30:00
-6.246000,-44.797200,GOES-19,2026-08-25 18:40:00
-6.246000,-44.797200,GOES-19,2026-08-25 18:50:00
-6.246000,-44.797200,GOES-19,2026-08-25 19:00:00
-6.246000,-44.797200,GOES-19,2026-08-25 19:10:00
-6.246000,-44.797200,GOES-19,2026-08-25 19:20:00
-6.246000,-44.797200,GOES-19,2026-08-25 19:40:00
-5.067600,-44.858100,GOES-19,2026-08-25 19:00:00
-5.067600,-44.858100,GOES-19,2026-08-25 19:10:00
-5.067600,-44.858100,GOES-19,2026-08-25 19:20:00
-5.067600,-44.858100,GOES-19,2026-08-25 19:30:00
-5.067600,-44.858100,GOES-19,2026-08-25 19:40:00
-5.067600,-44.858100,GOES-19,2026-08-25 19:50:00
-7.563300,-44.475900,GOES-19,2026-08-25 18:50:00
-7.563300,-44.475900,GOES-19,2026-08-25 19:20:00
-7.563300,-44.475900,GOES-19,2026-08-25 19:40:00
-5.990900,-44.037500,GOES-19,2026-08-25 18:30:00
-5.990900,-44.037500,GOES-19,2026-08-25 18:40:00
-5.990900,-44.037500,GOES-19,2026-08-25 18:50:00
-5.990900,-44.037500,GOES-19,2026-08-25 19:00:00
-5.990900,-44.037500,GOES-19,2026-08-25 19:10:00
-5.990900,-44.037500,GOES-19,2026-08-25 19:20:00
-5.990900,-44.037500,GOES-19,2026-08-25 19:30:00
-5.990900,-44.037500,GOES-19,2026-08-25 19:40:00
-5.990900,-44.037500,GOES-19,2026-08-25 19:50:00
-6.009700,-44.036000,GOES-19,2026-08-25 18:40:00
-6.009700,-44.036000,GOES-19,2026-08-25 18:50:00
-9.768700,-43.553100,GOES-19,2026-08-25 18:00:00
-9.768700,-43.553100,GOES-19,2026-08-25 18:20:00
-9.768700,-43.553100,GOES-19,2026-08-25 18:30:00
-9.768700,-43.553100,GOES-19,2026-08-25 18:40:00
-9.768700,-43.553100,GOES-19,2026-08-25 18:50:00
-9.787800,-43.550600,GOES-19,2026-08-25 18:20:00
-9.787800,-43.550600,GOES-19,2026-08-25 18:40:00
-9.787800,-43.550600,GOES-19,2026-08-25 19:00:00
-9.787800,-43.550600,GOES-19,2026-08-25 19:10:00
-9.787800,-43.550600,GOES-19,2026-08-25 19:20:00
-9.787800,-43.550600,GOES-19,2026-08-25 19:30:00
-9.769100,-43.529600,GOES-19,2026-08-25 17:50:00
-9.769100,-43.529600,GOES-19,2026-08-25 18:00:00
-9.769100,-43.529600,GOES-19,2026-08-25 18:10:00
-9.769100,-43.529600,GOES-19,2026-08-25 18:20:00
-9.769100,-43.529600,GOES-19,2026-08-25 18:30:00
-9.769100,-43.529600,GOES-19,2026-08-25 18:40:00
-9.769100,-43.529600,GOES-19,2026-08-25 18:50:00
-9.788100,-43.527100,GOES-19,2026-08-25 18:20:00
-9.788100,-43.527100,GOES-19,2026-08-25 18:30:00
-9.788100,-43.527100,GOES-19,2026-08-25 18:40:00
-9.788100,-43.527100,GOES-19,2026-08-25 18:50:00
-6.423900,-43.863800,GOES-19,2026-08-25 18:00:00
-6.423900,-43.863800,GOES-19,2026-08-25 18:20:00
-9.769500,-43.506000,GOES-19,2026-08-25 13:40:00
-9.769500,-43.506000,GOES-19,2026-08-25 13:50:00
-9.769500,-43.506000,GOES-19,2026-08-25 14:00:00
-9.769500,-43.506000,GOES-19,2026-08-25 18:40:00
-4.554100,-43.581800,GOES-19,2026-08-25 16:00:00
-14.222500,-42.099200,GOES-19,2026-08-25 18:50:00
-3.959600,-43.103800,GOES-19,2026-08-25 18:50:00
-3.978300,-43.102800,GOES-19,2026-08-25 19:30:00
-3.978300,-43.102800,GOES-19,2026-08-25 19:40:00
-3.978300,-43.102800,GOES-19,2026-08-25 19:50:00
-6.078100,-42.771700,GOES-19,2026-08-25 15:20:00
-6.078100,-42.771700,GOES-19,2026-08-25 15:40:00
-5.308900,-42.784500,GOES-19,2026-08-25 15:30:00
-6.879100,-41.747600,GOES-19,2026-08-25 15:00:00
-6.879100,-41.747600,GOES-19,2026-08-25 18:30:00
-6.878100,-38.633300,GOES-19,2026-08-25 13:00:00
-4.880400,-38.007000,GOES-19,2026-08-25 13:00:00
-7.595100,-67.423600,GOES-19,2026-08-25 18:30:00
-7.595100,-67.423600,GOES-19,2026-08-25 18:40:00
-7.595100,-67.423600,GOES-19,2026-08-25 18:50:00
-7.595100,-67.423600,GOES-19,2026-08-25 19:00:00
-7.595100,-67.423600,GOES-19,2026-08-25 19:10:00
-7.595100,-67.423600,GOES-19,2026-08-25 19:20:00
-7.595100,-67.423600,GOES-19,2026-08-25 19:30:00
-7.595100,-67.423600,GOES-19,2026-08-25 19:40:00
-7.595100,-67.423600,GOES-19,2026-08-25 19:50:00
-7.611000,-63.365600,GOES-19,2026-08-25 18:10:00
-7.611000,-63.365600,GOES-19,2026-08-25 18:30:00
-7.611000,-63.365600,GOES-19,2026-08-25 18:40:00
-7.611000,-63.365600,GOES-19,2026-08-25 18:50:00
-7.611000,-63.365600,GOES-19,2026-08-25 19:00:00
-7.611000,-63.365600,GOES-19,2026-08-25 19:10:00
-7.611000,-63.365600,GOES-19,2026-08-25 19:20:00
-7.611000,-63.365600,GOES-19,2026-08-25 19:40:00
-7.611000,-63.365600,GOES-19,2026-08-25 19:50:00
-7.629400,-63.365000,GOES-19,2026-08-25 17:50:00
-7.629400,-63.365000,GOES-19,2026-08-25 18:10:00
-7.629400,-63.365000,GOES-19,2026-08-25 18:20:00
-7.629400,-63.365000,GOES-19,2026-08-25 18:40:00
-7.629400,-63.365000,GOES-19,2026-08-25 18:50:00
-7.629400,-63.365000,GOES-19,2026-08-25 19:00:00
-7.629400,-63.365000,GOES-19,2026-08-25 19:10:00
-7.629400,-63.365000,GOES-19,2026-08-25 19:20:00
-7.629400,-63.365000,GOES-19,2026-08-25 19:30:00
-7.629400,-63.365000,GOES-19,2026-08-25 19:40:00
-7.629400,-63.365000,GOES-19,2026-08-25 19:50:00
-8.648400,-62.894300,GOES-19,2026-08-25 18:00:00
-8.648400,-62.894300,GOES-19,2026-08-25 18:10:00
-8.648400,-62.894300,GOES-19,2026-08-25 18:30:00
-8.648400,-62.894300,GOES-19,2026-08-25 18:40:00
-8.648400,-62.894300,GOES-19,2026-08-25 19:00:00
-8.648400,-62.894300,GOES-19,2026-08-25 19:10:00
-8.648400,-62.894300,GOES-19,2026-08-25 19:30:00
-8.648400,-62.894300,GOES-19,2026-08-25 19:40:00
-8.648400,-62.894300,GOES-19,2026-08-25 19:50:00
-4.748700,-62.806000,GOES-19,2026-08-25 16:00:00
-4.748700,-62.806000,GOES-19,2026-08-25 16:10:00
-8.818700,-62.299900,GOES-19,2026-08-25 18:20:00
-8.818700,-62.299900,GOES-19,2026-08-25 18:30:00
-8.818700,-62.299900,GOES-19,2026-08-25 18:40:00
-8.818700,-62.299900,GOES-19,2026-08-25 19:10:00
-8.818700,-62.299900,GOES-19,2026-08-25 19:30:00
-4.750700,-62.167400,GOES-19,2026-08-25 17:40:00
-5.834000,-61.667600,GOES-19,2026-08-25 18:00:00
-5.834000,-61.667600,GOES-19,2026-08-25 18:10:00
-7.768000,-61.563500,GOES-19,2026-08-25 18:20:00
-7.786500,-61.562700,GOES-19,2026-08-25 18:30:00
-7.786500,-61.562700,GOES-19,2026-08-25 18:40:00
-7.786500,-61.562700,GOES-19,2026-08-25 19:00:00
-3.290000,-61.612400,GOES-19,2026-08-25 18:20:00
-3.290000,-61.612400,GOES-19,2026-08-25 18:30:00
-3.290000,-61.612400,GOES-19,2026-08-25 18:40:00
-3.290100,-61.574700,GOES-19,2026-08-25 16:30:00
-7.565500,-61.438200,GOES-19,2026-08-25 16:00:00
-7.565500,-61.438200,GOES-19,2026-08-25 16:20:00
-7.565500,-61.438200,GOES-19,2026-08-25 16:40:00
-3.271900,-61.537300,GOES-19,2026-08-25 17:00:00
-3.271900,-61.537300,GOES-19,2026-08-25 17:30:00
-7.547100,-61.419900,GOES-19,2026-08-25 19:20:00
-7.547100,-61.419900,GOES-19,2026-08-25 19:30:00
-7.547100,-61.419900,GOES-19,2026-08-25 19:40:00
-7.565600,-61.419100,GOES-19,2026-08-25 16:00:00
-7.565600,-61.419100,GOES-19,2026-08-25 16:10:00
-7.565600,-61.419100,GOES-19,2026-08-25 16:20:00
-7.565600,-61.419100,GOES-19,2026-08-25 16:30:00
-7.454900,-61.404400,GOES-19,2026-08-25 18:20:00
-7.454900,-61.404400,GOES-19,2026-08-25 19:30:00
-7.454900,-61.404400,GOES-19,2026-08-25 19:40:00
-7.473400,-61.403700,GOES-19,2026-08-25 19:30:00
-7.473400,-61.403700,GOES-19,2026-08-25 19:50:00
-7.455000,-61.385300,GOES-19,2026-08-25 18:30:00
-7.455000,-61.385300,GOES-19,2026-08-25 18:50:00
-7.455000,-61.385300,GOES-19,2026-08-25 19:10:00
-7.455000,-61.385300,GOES-19,2026-08-25 19:30:00
-7.473500,-61.384600,GOES-19,2026-08-25 19:10:00
-7.473500,-61.384600,GOES-19,2026-08-25 19:30:00
-7.492000,-61.383900,GOES-19,2026-08-25 18:50:00
-7.492000,-61.383900,GOES-19,2026-08-25 19:10:00
-7.492000,-61.383900,GOES-19,2026-08-25 19:30:00
-7.510400,-61.383200,GOES-19,2026-08-25 18:20:00
-7.510400,-61.383200,GOES-19,2026-08-25 18:30:00
-7.510400,-61.383200,GOES-19,2026-08-25 18:40:00
-7.510400,-61.383200,GOES-19,2026-08-25 18:50:00
-7.510400,-61.383200,GOES-19,2026-08-25 19:00:00
-7.510400,-61.383200,GOES-19,2026-08-25 19:10:00
-7.528900,-61.382500,GOES-19,2026-08-25 18:30:00
-7.528900,-61.382500,GOES-19,2026-08-25 18:40:00
-7.528900,-61.382500,GOES-19,2026-08-25 18:50:00
-7.473600,-61.365600,GOES-19,2026-08-25 15:20:00
-7.473600,-61.365600,GOES-19,2026-08-25 15:30:00
-7.473600,-61.365600,GOES-19,2026-08-25 15:40:00
-7.473600,-61.365600,GOES-19,2026-08-25 15:50:00
-7.473600,-61.365600,GOES-19,2026-08-25 18:10:00
-7.473600,-61.365600,GOES-19,2026-08-25 18:20:00
-7.473600,-61.365600,GOES-19,2026-08-25 18:30:00
-7.473600,-61.365600,GOES-19,2026-08-25 18:50:00
-7.473600,-61.365600,GOES-19,2026-08-25 19:00:00
-7.473600,-61.365600,GOES-19,2026-08-25 19:10:00
-7.473600,-61.365600,GOES-19,2026-08-25 19:20:00
-7.473600,-61.365600,GOES-19,2026-08-25 19:30:00
-7.473600,-61.365600,GOES-19,2026-08-25 19:40:00
-7.473600,-61.365600,GOES-19,2026-08-25 19:50:00
-7.492100,-61.364900,GOES-19,2026-08-25 18:30:00
-7.492100,-61.364900,GOES-19,2026-08-25 18:50:00
-7.492100,-61.364900,GOES-19,2026-08-25 19:10:00
-7.492100,-61.364900,GOES-19,2026-08-25 19:30:00
-7.529000,-61.363500,GOES-19,2026-08-25 18:30:00
-7.529000,-61.363500,GOES-19,2026-08-25 18:50:00
-7.529000,-61.363500,GOES-19,2026-08-25 19:10:00
-10.445600,-61.228000,GOES-19,2026-08-25 18:30:00
-10.445600,-61.228000,GOES-19,2026-08-25 18:40:00
-10.445600,-61.228000,GOES-19,2026-08-25 18:50:00
-10.445600,-61.228000,GOES-19,2026-08-25 19:00:00
-10.445600,-61.228000,GOES-19,2026-08-25 19:10:00
-7.547600,-61.343700,GOES-19,2026-08-25 18:30:00
-7.547600,-61.343700,GOES-19,2026-08-25 18:50:00
-7.547600,-61.343700,GOES-19,2026-08-25 19:10:00
-10.427100,-61.209700,GOES-19,2026-08-25 17:40:00
-10.427100,-61.209700,GOES-19,2026-08-25 17:50:00
-10.427100,-61.209700,GOES-19,2026-08-25 18:00:00
-10.427100,-61.209700,GOES-19,2026-08-25 18:10:00
-10.427100,-61.209700,GOES-19,2026-08-25 18:30:00
-10.427100,-61.209700,GOES-19,2026-08-25 18:40:00
-10.427100,-61.209700,GOES-19,2026-08-25 19:00:00
-10.427100,-61.209700,GOES-19,2026-08-25 19:10:00
-10.427100,-61.209700,GOES-19,2026-08-25 19:20:00
-10.427100,-61.209700,GOES-19,2026-08-25 19:30:00
-10.427100,-61.209700,GOES-19,2026-08-25 19:40:00
-3.838900,-61.300500,GOES-19,2026-08-25 17:40:00
-3.199500,-61.274300,GOES-19,2026-08-25 18:40:00
-3.199500,-61.274300,GOES-19,2026-08-25 18:50:00
-3.236100,-61.254800,GOES-19,2026-08-25 16:10:00
-3.236100,-61.254800,GOES-19,2026-08-25 16:50:00
-3.236100,-61.254800,GOES-19,2026-08-25 17:00:00
-3.236100,-61.254800,GOES-19,2026-08-25 17:10:00
-3.236100,-61.254800,GOES-19,2026-08-25 17:20:00
-3.236100,-61.254800,GOES-19,2026-08-25 17:30:00
-3.236100,-61.254800,GOES-19,2026-08-25 17:40:00
-3.236100,-61.254800,GOES-19,2026-08-25 17:50:00
-3.236100,-61.254800,GOES-19,2026-08-25 18:00:00
-3.108300,-61.238000,GOES-19,2026-08-25 18:10:00
-3.108300,-61.238000,GOES-19,2026-08-25 18:50:00
-3.108300,-61.238000,GOES-19,2026-08-25 19:10:00
-3.108300,-61.238000,GOES-19,2026-08-25 19:20:00
-3.108300,-61.238000,GOES-19,2026-08-25 19:30:00
-3.108300,-61.238000,GOES-19,2026-08-25 19:40:00
-3.108300,-61.238000,GOES-19,2026-08-25 19:50:00
-3.108300,-61.238000,GOES-19,2026-08-25 20:00:00
-3.108300,-61.238000,GOES-19,2026-08-25 20:10:00
-3.108300,-61.238000,GOES-19,2026-08-25 20:20:00
-3.108300,-61.238000,GOES-19,2026-08-25 20:30:00
-3.108300,-61.238000,GOES-19,2026-08-25 20:40:00
-3.108300,-61.238000,GOES-19,2026-08-25 20:50:00
-3.108300,-61.238000,GOES-19,2026-08-25 21:00:00
-3.108300,-61.238000,GOES-19,2026-08-25 21:10:00
-3.108300,-61.238000,GOES-19,2026-08-25 21:20:00
-3.090100,-61.219400,GOES-19,2026-08-25 16:30:00
-3.090100,-61.219400,GOES-19,2026-08-25 16:50:00
-3.090100,-61.219400,GOES-19,2026-08-25 17:00:00
-3.090100,-61.219400,GOES-19,2026-08-25 17:10:00
-3.090100,-61.219400,GOES-19,2026-08-25 17:20:00
-3.090100,-61.219400,GOES-19,2026-08-25 17:30:00
-3.090100,-61.219400,GOES-19,2026-08-25 17:50:00
-3.090100,-61.219400,GOES-19,2026-08-25 18:10:00
-3.090100,-61.219400,GOES-19,2026-08-25 18:30:00
-3.090100,-61.219400,GOES-19,2026-08-25 18:50:00
-3.090100,-61.219400,GOES-19,2026-08-25 19:10:00
-3.090100,-61.219400,GOES-19,2026-08-25 19:20:00
-3.090100,-61.219400,GOES-19,2026-08-25 19:30:00
-3.090100,-61.219400,GOES-19,2026-08-25 19:40:00
-3.090100,-61.219400,GOES-19,2026-08-25 19:50:00
-3.090100,-61.219400,GOES-19,2026-08-25 20:00:00
-3.090100,-61.219400,GOES-19,2026-08-25 20:10:00
-3.090100,-61.219400,GOES-19,2026-08-25 20:20:00
-3.090100,-61.219400,GOES-19,2026-08-25 20:30:00
-3.090100,-61.219400,GOES-19,2026-08-25 20:40:00
-3.090100,-61.219400,GOES-19,2026-08-25 20:50:00
-3.090100,-61.219400,GOES-19,2026-08-25 21:00:00
-3.090100,-61.219400,GOES-19,2026-08-25 21:10:00
-3.108300,-61.219100,GOES-19,2026-08-25 18:40:00
-3.108300,-61.219100,GOES-19,2026-08-25 19:00:00
-3.108300,-61.219100,GOES-19,2026-08-25 19:20:00
-3.108300,-61.219100,GOES-19,2026-08-25 19:30:00
-3.108300,-61.219100,GOES-19,2026-08-25 19:40:00
-3.108300,-61.219100,GOES-19,2026-08-25 19:50:00
-3.108300,-61.219100,GOES-19,2026-08-25 20:00:00
-3.108300,-61.219100,GOES-19,2026-08-25 20:10:00
-3.108300,-61.219100,GOES-19,2026-08-25 20:20:00
-3.108300,-61.219100,GOES-19,2026-08-25 20:30:00
-3.108300,-61.219100,GOES-19,2026-08-25 20:40:00
-3.108300,-61.219100,GOES-19,2026-08-25 20:50:00
-3.108300,-61.219100,GOES-19,2026-08-25 21:00:00
-3.108300,-61.219100,GOES-19,2026-08-25 21:10:00
-3.108300,-61.219100,GOES-19,2026-08-25 21:20:00
-3.126600,-61.218800,GOES-19,2026-08-25 20:00:00
-3.108400,-61.200300,GOES-19,2026-08-25 18:10:00
-3.108400,-61.200300,GOES-19,2026-08-25 18:30:00
-3.108400,-61.200300,GOES-19,2026-08-25 18:40:00
-3.108400,-61.200300,GOES-19,2026-08-25 18:50:00
-3.108400,-61.200300,GOES-19,2026-08-25 19:00:00
-3.108400,-61.200300,GOES-19,2026-08-25 19:10:00
-3.108400,-61.200300,GOES-19,2026-08-25 19:20:00
-3.108400,-61.200300,GOES-19,2026-08-25 19:30:00
-3.108400,-61.200300,GOES-19,2026-08-25 19:40:00
-3.108400,-61.200300,GOES-19,2026-08-25 19:50:00
-3.108400,-61.200300,GOES-19,2026-08-25 20:00:00
-3.108400,-61.200300,GOES-19,2026-08-25 20:10:00
-3.108400,-61.200300,GOES-19,2026-08-25 20:20:00
-3.108400,-61.200300,GOES-19,2026-08-25 20:30:00
-3.108400,-61.200300,GOES-19,2026-08-25 20:40:00
-3.108400,-61.200300,GOES-19,2026-08-25 20:50:00
-3.108400,-61.200300,GOES-19,2026-08-25 21:00:00
-3.108400,-61.200300,GOES-19,2026-08-25 21:10:00
-3.108400,-61.200300,GOES-19,2026-08-25 21:20:00
-3.090100,-61.200500,GOES-19,2026-08-25 18:10:00
-3.090100,-61.200500,GOES-19,2026-08-25 18:30:00
-3.090100,-61.200500,GOES-19,2026-08-25 18:40:00
-3.090100,-61.200500,GOES-19,2026-08-25 18:50:00
-3.090100,-61.200500,GOES-19,2026-08-25 19:00:00
-3.090100,-61.200500,GOES-19,2026-08-25 19:10:00
-3.090100,-61.200500,GOES-19,2026-08-25 19:20:00
-3.090100,-61.200500,GOES-19,2026-08-25 19:30:00
-3.090100,-61.200500,GOES-19,2026-08-25 19:40:00
-3.090100,-61.200500,GOES-19,2026-08-25 19:50:00
-3.090100,-61.200500,GOES-19,2026-08-25 20:00:00
-3.090100,-61.200500,GOES-19,2026-08-25 20:10:00
-3.090100,-61.200500,GOES-19,2026-08-25 20:20:00
-3.090100,-61.200500,GOES-19,2026-08-25 20:30:00
-3.090100,-61.200500,GOES-19,2026-08-25 20:40:00
-3.090100,-61.200500,GOES-19,2026-08-25 20:50:00
-3.090100,-61.200500,GOES-19,2026-08-25 21:00:00
-3.090100,-61.200500,GOES-19,2026-08-25 21:10:00
-3.090100,-61.200500,GOES-19,2026-08-25 21:20:00
-3.126600,-61.200000,GOES-19,2026-08-25 18:50:00
-3.126600,-61.200000,GOES-19,2026-08-25 19:10:00
-3.126600,-61.200000,GOES-19,2026-08-25 19:40:00
-3.126600,-61.200000,GOES-19,2026-08-25 19:50:00
-3.126600,-61.200000,GOES-19,2026-08-25 20:00:00
-3.126600,-61.200000,GOES-19,2026-08-25 20:10:00
-3.126600,-61.200000,GOES-19,2026-08-25 20:20:00
-3.126600,-61.200000,GOES-19,2026-08-25 20:30:00
-3.126600,-61.200000,GOES-19,2026-08-25 20:40:00
-3.126600,-61.200000,GOES-19,2026-08-25 20:50:00
-3.126600,-61.200000,GOES-19,2026-08-25 21:00:00
-3.126600,-61.200000,GOES-19,2026-08-25 21:10:00
-3.126600,-61.200000,GOES-19,2026-08-25 21:20:00
-3.144900,-61.199700,GOES-19,2026-08-25 18:10:00
-3.144900,-61.199700,GOES-19,2026-08-25 18:30:00
-3.144900,-61.199700,GOES-19,2026-08-25 18:40:00
-3.144900,-61.199700,GOES-19,2026-08-25 18:50:00
-3.144900,-61.199700,GOES-19,2026-08-25 19:00:00
-3.144900,-61.199700,GOES-19,2026-08-25 19:10:00
-3.144900,-61.199700,GOES-19,2026-08-25 19:20:00
-3.144900,-61.199700,GOES-19,2026-08-25 19:30:00
-3.144900,-61.199700,GOES-19,2026-08-25 19:40:00
-3.144900,-61.199700,GOES-19,2026-08-25 19:50:00
-3.144900,-61.199700,GOES-19,2026-08-25 20:00:00
-3.144900,-61.199700,GOES-19,2026-08-25 20:10:00
-3.144900,-61.199700,GOES-19,2026-08-25 20:20:00
-3.144900,-61.199700,GOES-19,2026-08-25 20:30:00
-3.144900,-61.199700,GOES-19,2026-08-25 20:40:00
-3.144900,-61.199700,GOES-19,2026-08-25 20:50:00
-3.144900,-61.199700,GOES-19,2026-08-25 21:00:00
-3.144900,-61.199700,GOES-19,2026-08-25 21:10:00
-3.144900,-61.199700,GOES-19,2026-08-25 21:20:00
-3.217900,-61.198500,GOES-19,2026-08-25 18:00:00
-3.090100,-61.181600,GOES-19,2026-08-25 18:20:00
-3.090100,-61.181600,GOES-19,2026-08-25 18:30:00
-3.090100,-61.181600,GOES-19,2026-08-25 18:40:00
-3.090100,-61.181600,GOES-19,2026-08-25 18:50:00
-3.126700,-61.181100,GOES-19,2026-08-25 18:10:00
-3.126700,-61.181100,GOES-19,2026-08-25 18:30:00
-3.126700,-61.181100,GOES-19,2026-08-25 18:40:00
-3.126700,-61.181100,GOES-19,2026-08-25 18:50:00
-3.126700,-61.181100,GOES-19,2026-08-25 19:00:00
-3.126700,-61.181100,GOES-19,2026-08-25 19:10:00
-3.126700,-61.181100,GOES-19,2026-08-25 19:20:00
-3.126700,-61.181100,GOES-19,2026-08-25 19:30:00
-3.126700,-61.181100,GOES-19,2026-08-25 19:40:00
-3.126700,-61.181100,GOES-19,2026-08-25 19:50:00
-3.126700,-61.181100,GOES-19,2026-08-25 20:00:00
-3.126700,-61.181100,GOES-19,2026-08-25 20:10:00
-3.126700,-61.181100,GOES-19,2026-08-25 20:20:00
-3.126700,-61.181100,GOES-19,2026-08-25 20:30:00
-3.126700,-61.181100,GOES-19,2026-08-25 20:40:00
-3.126700,-61.181100,GOES-19,2026-08-25 20:50:00
-3.126700,-61.181100,GOES-19,2026-08-25 21:00:00
-3.126700,-61.181100,GOES-19,2026-08-25 21:10:00
-3.126700,-61.181100,GOES-19,2026-08-25 21:20:00
-3.144900,-61.180800,GOES-19,2026-08-25 18:10:00
-3.144900,-61.180800,GOES-19,2026-08-25 18:30:00
-3.144900,-61.180800,GOES-19,2026-08-25 18:40:00
-3.144900,-61.180800,GOES-19,2026-08-25 18:50:00
-3.144900,-61.180800,GOES-19,2026-08-25 19:00:00
-3.144900,-61.180800,GOES-19,2026-08-25 19:10:00
-3.144900,-61.180800,GOES-19,2026-08-25 19:20:00
-3.144900,-61.180800,GOES-19,2026-08-25 19:30:00
-3.144900,-61.180800,GOES-19,2026-08-25 19:40:00
-3.144900,-61.180800,GOES-19,2026-08-25 19:50:00
-3.144900,-61.180800,GOES-19,2026-08-25 20:00:00
-3.144900,-61.180800,GOES-19,2026-08-25 20:10:00
-3.144900,-61.180800,GOES-19,2026-08-25 20:20:00
-3.144900,-61.180800,GOES-19,2026-08-25 20:30:00
-3.144900,-61.180800,GOES-19,2026-08-25 20:40:00
-3.144900,-61.180800,GOES-19,2026-08-25 20:50:00
-3.144900,-61.180800,GOES-19,2026-08-25 21:00:00
-3.144900,-61.180800,GOES-19,2026-08-25 21:10:00
-3.144900,-61.180800,GOES-19,2026-08-25 21:20:00
-3.163200,-61.161600,GOES-19,2026-08-25 15:30:00
-3.163200,-61.161600,GOES-19,2026-08-25 15:40:00
-3.163200,-61.161600,GOES-19,2026-08-25 15:50:00
-3.163200,-61.161600,GOES-19,2026-08-25 16:00:00
-3.163200,-61.161600,GOES-19,2026-08-25 16:20:00
-3.163200,-61.161600,GOES-19,2026-08-25 16:30:00
-3.163200,-61.161600,GOES-19,2026-08-25 18:00:00
-3.163200,-61.161600,GOES-19,2026-08-25 18:10:00
-3.163200,-61.161600,GOES-19,2026-08-25 18:50:00
-3.163200,-61.161600,GOES-19,2026-08-25 19:40:00
-3.163200,-61.161600,GOES-19,2026-08-25 19:50:00
-3.163200,-61.161600,GOES-19,2026-08-25 20:00:00
-3.181500,-61.161300,GOES-19,2026-08-25 15:30:00
-3.181500,-61.161300,GOES-19,2026-08-25 15:50:00
-3.072100,-61.087400,GOES-19,2026-08-25 17:20:00
-3.072100,-61.087400,GOES-19,2026-08-25 17:50:00
-3.072100,-61.087400,GOES-19,2026-08-25 18:00:00
-3.072100,-61.087400,GOES-19,2026-08-25 18:10:00
-10.992100,-60.792000,GOES-19,2026-08-25 19:10:00
-10.992100,-60.792000,GOES-19,2026-08-25 19:20:00
-10.992100,-60.792000,GOES-19,2026-08-25 19:30:00
-10.992100,-60.792000,GOES-19,2026-08-25 19:40:00
-10.992100,-60.792000,GOES-19,2026-08-25 19:50:00
-3.200600,-60.820300,GOES-19,2026-08-25 16:40:00
-3.585200,-60.471700,GOES-19,2026-08-25 17:30:00
-3.585200,-60.471700,GOES-19,2026-08-25 17:40:00
-3.585200,-60.471700,GOES-19,2026-08-25 17:50:00
-3.585200,-60.471700,GOES-19,2026-08-25 18:00:00
-3.402700,-60.380200,GOES-19,2026-08-25 16:30:00
-3.402700,-60.380200,GOES-19,2026-08-25 16:40:00
-9.893900,-60.120400,GOES-19,2026-08-25 15:40:00
-3.640500,-60.318500,GOES-19,2026-08-25 18:10:00
-3.640600,-60.299500,GOES-19,2026-08-25 18:00:00
-3.512800,-60.225900,GOES-19,2026-08-25 16:50:00
-3.512800,-60.225900,GOES-19,2026-08-25 17:00:00
-3.512800,-60.225900,GOES-19,2026-08-25 17:10:00
-3.512800,-60.225900,GOES-19,2026-08-25 17:20:00
-6.835400,-59.995500,GOES-19,2026-08-25 16:00:00
-7.372800,-59.627500,GOES-19,2026-08-25 19:00:00
-7.372800,-59.627500,GOES-19,2026-08-25 19:10:00
-7.372800,-59.627500,GOES-19,2026-08-25 19:20:00
-7.372800,-59.627500,GOES-19,2026-08-25 19:30:00
-3.367900,-59.733000,GOES-19,2026-08-25 18:30:00
-6.893000,-59.589700,GOES-19,2026-08-25 16:40:00
-3.752200,-59.667800,GOES-19,2026-08-25 15:50:00
-3.752200,-59.667800,GOES-19,2026-08-25 16:00:00
-9.191400,-59.384300,GOES-19,2026-08-25 18:10:00
-9.191400,-59.384300,GOES-19,2026-08-25 19:00:00
-9.191400,-59.384300,GOES-19,2026-08-25 19:10:00
-9.191400,-59.384300,GOES-19,2026-08-25 19:20:00
-9.191400,-59.384300,GOES-19,2026-08-25 19:30:00
-9.098400,-59.389400,GOES-19,2026-08-25 17:50:00
-9.098400,-59.389400,GOES-19,2026-08-25 18:00:00
-9.098400,-59.389400,GOES-19,2026-08-25 18:10:00
-9.098400,-59.389400,GOES-19,2026-08-25 18:20:00
-9.098400,-59.389400,GOES-19,2026-08-25 18:30:00
-9.098400,-59.389400,GOES-19,2026-08-25 18:40:00
-9.098400,-59.389400,GOES-19,2026-08-25 18:50:00
-9.098400,-59.389400,GOES-19,2026-08-25 19:00:00
-9.098400,-59.389400,GOES-19,2026-08-25 19:10:00
-9.098400,-59.389400,GOES-19,2026-08-25 19:20:00
-9.098400,-59.389400,GOES-19,2026-08-25 19:30:00
-9.098400,-59.389400,GOES-19,2026-08-25 19:40:00
-9.098400,-59.389400,GOES-19,2026-08-25 19:50:00
-6.709400,-59.443000,GOES-19,2026-08-25 18:10:00
-6.709400,-59.443000,GOES-19,2026-08-25 18:20:00
-6.727900,-59.442300,GOES-19,2026-08-25 18:10:00
-6.727900,-59.442300,GOES-19,2026-08-25 18:20:00
-6.764800,-59.440800,GOES-19,2026-08-25 18:10:00
-6.764800,-59.440800,GOES-19,2026-08-25 18:20:00
-3.459900,-59.520900,GOES-19,2026-08-25 18:30:00
-6.783300,-59.420800,GOES-19,2026-08-25 18:10:00
-6.783300,-59.420800,GOES-19,2026-08-25 18:20:00
-6.801800,-59.420100,GOES-19,2026-08-25 18:20:00
-6.783400,-59.401600,GOES-19,2026-08-25 18:10:00
-6.783400,-59.401600,GOES-19,2026-08-25 18:20:00
-6.801900,-59.400800,GOES-19,2026-08-25 18:10:00
-6.801900,-59.400800,GOES-19,2026-08-25 18:20:00
-6.987100,-59.277500,GOES-19,2026-08-25 12:50:00
-6.987100,-59.277500,GOES-19,2026-08-25 13:00:00
-6.987100,-59.277500,GOES-19,2026-08-25 19:20:00
-6.987100,-59.277500,GOES-19,2026-08-25 19:30:00
-6.987100,-59.277500,GOES-19,2026-08-25 19:40:00
-6.987100,-59.277500,GOES-19,2026-08-25 19:50:00
-6.987100,-59.277500,GOES-19,2026-08-25 20:00:00
-6.987100,-59.277500,GOES-19,2026-08-25 20:10:00
-6.987100,-59.277500,GOES-19,2026-08-25 20:20:00
-6.987100,-59.277500,GOES-19,2026-08-25 20:30:00
-6.987100,-59.277500,GOES-19,2026-08-25 20:40:00
-6.987100,-59.277500,GOES-19,2026-08-25 20:50:00
-6.987100,-59.277500,GOES-19,2026-08-25 21:00:00
-6.987100,-59.277500,GOES-19,2026-08-25 21:10:00
-6.987100,-59.277500,GOES-19,2026-08-25 21:50:00
-7.005500,-59.276800,GOES-19,2026-08-25 13:00:00
-7.005500,-59.276800,GOES-19,2026-08-25 18:40:00
-7.005500,-59.276800,GOES-19,2026-08-25 19:10:00
-7.005500,-59.276800,GOES-19,2026-08-25 19:20:00
-7.005500,-59.276800,GOES-19,2026-08-25 19:30:00
-7.005500,-59.276800,GOES-19,2026-08-25 19:40:00
-7.005500,-59.276800,GOES-19,2026-08-25 19:50:00
-7.005500,-59.276800,GOES-19,2026-08-25 20:00:00
-7.005500,-59.276800,GOES-19,2026-08-25 20:10:00
-7.005500,-59.276800,GOES-19,2026-08-25 20:20:00
-7.005500,-59.276800,GOES-19,2026-08-25 20:30:00
-7.005500,-59.276800,GOES-19,2026-08-25 20:40:00
-6.968700,-59.259000,GOES-19,2026-08-25 14:40:00
-6.968700,-59.259000,GOES-19,2026-08-25 16:00:00
-6.968700,-59.259000,GOES-19,2026-08-25 16:10:00
-6.968700,-59.259000,GOES-19,2026-08-25 16:20:00
-6.968700,-59.259000,GOES-19,2026-08-25 18:00:00
-6.968700,-59.259000,GOES-19,2026-08-25 18:10:00
-6.968700,-59.259000,GOES-19,2026-08-25 18:20:00
-6.968700,-59.259000,GOES-19,2026-08-25 18:30:00
-6.968700,-59.259000,GOES-19,2026-08-25 18:40:00
-6.968700,-59.259000,GOES-19,2026-08-25 18:50:00
-6.968700,-59.259000,GOES-19,2026-08-25 19:00:00
-6.968700,-59.259000,GOES-19,2026-08-25 19:10:00
-6.968700,-59.259000,GOES-19,2026-08-25 19:20:00
-6.968700,-59.259000,GOES-19,2026-08-25 19:30:00
-6.968700,-59.259000,GOES-19,2026-08-25 19:40:00
-6.968700,-59.259000,GOES-19,2026-08-25 19:50:00
-6.968700,-59.259000,GOES-19,2026-08-25 20:00:00
-6.968700,-59.259000,GOES-19,2026-08-25 20:10:00
-6.968700,-59.259000,GOES-19,2026-08-25 20:20:00
-6.968700,-59.259000,GOES-19,2026-08-25 20:50:00
-6.987200,-59.258200,GOES-19,2026-08-25 02:20:00
-6.987200,-59.258200,GOES-19,2026-08-25 13:00:00
-6.987200,-59.258200,GOES-19,2026-08-25 18:50:00
-6.987200,-59.258200,GOES-19,2026-08-25 19:00:00
-6.987200,-59.258200,GOES-19,2026-08-25 19:10:00
-6.987200,-59.258200,GOES-19,2026-08-25 19:20:00
-6.987200,-59.258200,GOES-19,2026-08-25 19:30:00
-6.987200,-59.258200,GOES-19,2026-08-25 19:40:00
-6.987200,-59.258200,GOES-19,2026-08-25 19:50:00
-6.987200,-59.258200,GOES-19,2026-08-25 20:00:00
-6.987200,-59.258200,GOES-19,2026-08-25 20:10:00
-6.987200,-59.258200,GOES-19,2026-08-25 20:20:00
-6.987200,-59.258200,GOES-19,2026-08-25 20:30:00
-6.987200,-59.258200,GOES-19,2026-08-25 20:40:00
-6.987200,-59.258200,GOES-19,2026-08-25 20:50:00
-6.987200,-59.258200,GOES-19,2026-08-25 21:00:00
-6.987200,-59.258200,GOES-19,2026-08-25 21:10:00
-6.987200,-59.258200,GOES-19,2026-08-25 21:50:00
-7.005700,-59.257500,GOES-19,2026-08-25 02:20:00
-7.005700,-59.257500,GOES-19,2026-08-25 13:00:00
-7.005700,-59.257500,GOES-19,2026-08-25 18:40:00
-7.005700,-59.257500,GOES-19,2026-08-25 19:00:00
-7.005700,-59.257500,GOES-19,2026-08-25 19:10:00
-7.005700,-59.257500,GOES-19,2026-08-25 19:20:00
-7.005700,-59.257500,GOES-19,2026-08-25 19:30:00
-7.005700,-59.257500,GOES-19,2026-08-25 19:40:00
-7.005700,-59.257500,GOES-19,2026-08-25 19:50:00
-7.005700,-59.257500,GOES-19,2026-08-25 20:00:00
-7.005700,-59.257500,GOES-19,2026-08-25 20:10:00
-7.005700,-59.257500,GOES-19,2026-08-25 20:20:00
-7.005700,-59.257500,GOES-19,2026-08-25 20:30:00
-7.005700,-59.257500,GOES-19,2026-08-25 20:40:00
-7.005700,-59.257500,GOES-19,2026-08-25 20:50:00
-7.024100,-59.256700,GOES-19,2026-08-25 02:20:00
-7.024100,-59.256700,GOES-19,2026-08-25 13:00:00
-7.024100,-59.256700,GOES-19,2026-08-25 18:40:00
-7.024100,-59.256700,GOES-19,2026-08-25 19:00:00
-7.024100,-59.256700,GOES-19,2026-08-25 19:20:00
-7.024100,-59.256700,GOES-19,2026-08-25 19:40:00
-7.024100,-59.256700,GOES-19,2026-08-25 19:50:00
-7.024100,-59.256700,GOES-19,2026-08-25 20:00:00
-7.024100,-59.256700,GOES-19,2026-08-25 20:10:00
-7.024100,-59.256700,GOES-19,2026-08-25 20:20:00
-7.024100,-59.256700,GOES-19,2026-08-25 20:30:00
-7.024100,-59.256700,GOES-19,2026-08-25 20:50:00
-6.987300,-59.238900,GOES-19,2026-08-25 02:20:00
-6.987300,-59.238900,GOES-19,2026-08-25 13:00:00
-6.987300,-59.238900,GOES-19,2026-08-25 18:40:00
-6.987300,-59.238900,GOES-19,2026-08-25 18:50:00
-6.987300,-59.238900,GOES-19,2026-08-25 19:00:00
-6.987300,-59.238900,GOES-19,2026-08-25 19:10:00
-6.987300,-59.238900,GOES-19,2026-08-25 19:20:00
-6.987300,-59.238900,GOES-19,2026-08-25 19:30:00
-7.005800,-59.238200,GOES-19,2026-08-25 02:20:00
-7.005800,-59.238200,GOES-19,2026-08-25 13:00:00
-7.005800,-59.238200,GOES-19,2026-08-25 18:40:00
-7.005800,-59.238200,GOES-19,2026-08-25 18:50:00
-7.005800,-59.238200,GOES-19,2026-08-25 19:00:00
-7.005800,-59.238200,GOES-19,2026-08-25 19:10:00
-7.005800,-59.238200,GOES-19,2026-08-25 19:20:00
-7.005800,-59.238200,GOES-19,2026-08-25 19:30:00
-7.005800,-59.238200,GOES-19,2026-08-25 19:40:00
-7.005800,-59.238200,GOES-19,2026-08-25 19:50:00
-7.005800,-59.238200,GOES-19,2026-08-25 20:00:00
-7.005800,-59.238200,GOES-19,2026-08-25 20:10:00
-7.005800,-59.238200,GOES-19,2026-08-25 20:20:00
-7.005800,-59.238200,GOES-19,2026-08-25 20:30:00
-7.005800,-59.238200,GOES-19,2026-08-25 20:40:00
-7.005800,-59.238200,GOES-19,2026-08-25 20:50:00
-7.005800,-59.238200,GOES-19,2026-08-25 21:00:00
-7.005800,-59.238200,GOES-19,2026-08-25 21:10:00
-7.005800,-59.238200,GOES-19,2026-08-25 21:50:00
-7.024200,-59.237400,GOES-19,2026-08-25 02:20:00
-7.024200,-59.237400,GOES-19,2026-08-25 18:40:00
-7.024200,-59.237400,GOES-19,2026-08-25 18:50:00
-7.024200,-59.237400,GOES-19,2026-08-25 19:00:00
-7.024200,-59.237400,GOES-19,2026-08-25 19:10:00
-7.024200,-59.237400,GOES-19,2026-08-25 19:20:00
-7.024200,-59.237400,GOES-19,2026-08-25 19:30:00
-7.024200,-59.237400,GOES-19,2026-08-25 19:40:00
-7.024200,-59.237400,GOES-19,2026-08-25 19:50:00
-7.024200,-59.237400,GOES-19,2026-08-25 20:00:00
-7.024200,-59.237400,GOES-19,2026-08-25 20:10:00
-7.024200,-59.237400,GOES-19,2026-08-25 20:20:00
-7.024200,-59.237400,GOES-19,2026-08-25 20:30:00
-7.024200,-59.237400,GOES-19,2026-08-25 20:40:00
-7.024200,-59.237400,GOES-19,2026-08-25 20:50:00
-7.024200,-59.237400,GOES-19,2026-08-25 21:00:00
-7.024200,-59.237400,GOES-19,2026-08-25 21:10:00
-7.024200,-59.237400,GOES-19,2026-08-25 21:50:00
-7.024200,-59.237400,GOES-19,2026-08-25 23:30:00
-7.042700,-59.236600,GOES-19,2026-08-25 18:40:00
-7.042700,-59.236600,GOES-19,2026-08-25 18:50:00
-7.042700,-59.236600,GOES-19,2026-08-25 19:00:00
-7.042700,-59.236600,GOES-19,2026-08-25 19:20:00
-7.042700,-59.236600,GOES-19,2026-08-25 19:50:00
-7.042700,-59.236600,GOES-19,2026-08-25 20:40:00
-7.042700,-59.236600,GOES-19,2026-08-25 20:50:00
-7.042700,-59.236600,GOES-19,2026-08-25 21:00:00
-7.042700,-59.236600,GOES-19,2026-08-25 21:10:00
-7.042700,-59.236600,GOES-19,2026-08-25 21:50:00
-7.061200,-59.235800,GOES-19,2026-08-25 17:50:00
-7.061200,-59.235800,GOES-19,2026-08-25 18:20:00
-7.061200,-59.235800,GOES-19,2026-08-25 18:30:00
-7.061200,-59.235800,GOES-19,2026-08-25 18:40:00
-7.061200,-59.235800,GOES-19,2026-08-25 18:50:00
-7.061200,-59.235800,GOES-19,2026-08-25 19:00:00
-7.061200,-59.235800,GOES-19,2026-08-25 19:10:00
-7.061200,-59.235800,GOES-19,2026-08-25 19:20:00
-7.061200,-59.235800,GOES-19,2026-08-25 19:30:00
-7.061200,-59.235800,GOES-19,2026-08-25 19:40:00
-7.061200,-59.235800,GOES-19,2026-08-25 19:50:00
-7.061200,-59.235800,GOES-19,2026-08-25 20:40:00
-7.061200,-59.235800,GOES-19,2026-08-25 21:00:00
-7.061200,-59.235800,GOES-19,2026-08-25 23:30:00
-3.113000,-59.297900,GOES-19,2026-08-25 15:10:00
-3.113000,-59.297900,GOES-19,2026-08-25 15:20:00
-3.113000,-59.297900,GOES-19,2026-08-25 15:30:00
-3.113000,-59.297900,GOES-19,2026-08-25 15:40:00
-3.113000,-59.297900,GOES-19,2026-08-25 15:50:00
-6.711200,-59.134500,GOES-19,2026-08-25 16:00:00
-6.729600,-59.133700,GOES-19,2026-08-25 15:30:00
-6.933600,-58.951400,GOES-19,2026-08-25 19:30:00
-6.933600,-58.951400,GOES-19,2026-08-25 19:40:00
-6.933600,-58.951400,GOES-19,2026-08-25 19:50:00
-6.896900,-58.914200,GOES-19,2026-08-25 14:10:00
-6.896900,-58.914200,GOES-19,2026-08-25 14:30:00
-6.896900,-58.914200,GOES-19,2026-08-25 14:40:00
-6.896900,-58.914200,GOES-19,2026-08-25 14:50:00
-6.896900,-58.914200,GOES-19,2026-08-25 15:00:00
-6.896900,-58.914200,GOES-19,2026-08-25 15:10:00
-6.896900,-58.914200,GOES-19,2026-08-25 15:30:00
-6.896900,-58.914200,GOES-19,2026-08-25 15:40:00
-6.915400,-58.913400,GOES-19,2026-08-25 14:30:00
-6.915400,-58.913400,GOES-19,2026-08-25 14:40:00
-6.915400,-58.913400,GOES-19,2026-08-25 14:50:00
-6.915400,-58.913400,GOES-19,2026-08-25 15:50:00
-6.806500,-58.608200,GOES-19,2026-08-25 18:30:00
-6.806500,-58.608200,GOES-19,2026-08-25 18:40:00
-6.806500,-58.608200,GOES-19,2026-08-25 18:50:00
-6.806500,-58.608200,GOES-19,2026-08-25 19:00:00
-6.806500,-58.608200,GOES-19,2026-08-25 19:10:00
-6.806500,-58.608200,GOES-19,2026-08-25 19:20:00
-6.806500,-58.608200,GOES-19,2026-08-25 19:30:00
-6.622500,-58.518900,GOES-19,2026-08-25 20:00:00
-6.622500,-58.518900,GOES-19,2026-08-25 21:20:00
-6.622500,-58.518900,GOES-19,2026-08-25 23:20:00
-6.640900,-58.518100,GOES-19,2026-08-25 20:00:00
-6.640900,-58.518100,GOES-19,2026-08-25 20:30:00
-6.640900,-58.518100,GOES-19,2026-08-25 21:10:00
-6.640900,-58.518100,GOES-19,2026-08-25 21:20:00
-6.640900,-58.518100,GOES-19,2026-08-25 23:20:00
-6.622600,-58.499500,GOES-19,2026-08-25 19:40:00
-6.622600,-58.499500,GOES-19,2026-08-25 20:00:00
-6.622600,-58.499500,GOES-19,2026-08-25 20:30:00
-6.622600,-58.499500,GOES-19,2026-08-25 20:50:00
-6.622600,-58.499500,GOES-19,2026-08-25 21:00:00
-6.622600,-58.499500,GOES-19,2026-08-25 21:10:00
-6.622600,-58.499500,GOES-19,2026-08-25 21:20:00
-6.622600,-58.499500,GOES-19,2026-08-25 23:20:00
-6.641000,-58.498700,GOES-19,2026-08-25 19:40:00
-6.641000,-58.498700,GOES-19,2026-08-25 20:00:00
-6.641000,-58.498700,GOES-19,2026-08-25 20:30:00
-6.641000,-58.498700,GOES-19,2026-08-25 20:50:00
-6.641000,-58.498700,GOES-19,2026-08-25 21:00:00
-6.641000,-58.498700,GOES-19,2026-08-25 21:10:00
-6.641000,-58.498700,GOES-19,2026-08-25 21:20:00
-6.641000,-58.498700,GOES-19,2026-08-25 23:20:00
-6.622700,-58.480100,GOES-19,2026-08-25 19:40:00
-6.622700,-58.480100,GOES-19,2026-08-25 20:00:00
-6.622700,-58.480100,GOES-19,2026-08-25 20:50:00
-6.622700,-58.480100,GOES-19,2026-08-25 21:00:00
-6.622700,-58.480100,GOES-19,2026-08-25 21:10:00
-6.622700,-58.480100,GOES-19,2026-08-25 21:20:00
-6.622700,-58.480100,GOES-19,2026-08-25 23:20:00
-6.641100,-58.479300,GOES-19,2026-08-25 19:40:00
-6.641100,-58.479300,GOES-19,2026-08-25 20:00:00
-6.641100,-58.479300,GOES-19,2026-08-25 20:30:00
-6.641100,-58.479300,GOES-19,2026-08-25 20:50:00
-6.641100,-58.479300,GOES-19,2026-08-25 21:00:00
-6.641100,-58.479300,GOES-19,2026-08-25 21:10:00
-6.641100,-58.479300,GOES-19,2026-08-25 21:20:00
-6.641100,-58.479300,GOES-19,2026-08-25 23:20:00
-3.444500,-58.541700,GOES-19,2026-08-25 16:00:00
-9.162600,-58.314300,GOES-19,2026-08-25 18:50:00
-9.162600,-58.314300,GOES-19,2026-08-25 19:00:00
-9.162600,-58.314300,GOES-19,2026-08-25 19:10:00
-9.162600,-58.314300,GOES-19,2026-08-25 19:20:00
-9.162600,-58.314300,GOES-19,2026-08-25 19:30:00
-9.162600,-58.314300,GOES-19,2026-08-25 19:50:00
-3.499500,-58.501900,GOES-19,2026-08-25 19:10:00
-3.499600,-58.482600,GOES-19,2026-08-25 19:10:00
-2.073500,-58.160300,GOES-19,2026-08-25 16:30:00
-6.146700,-57.877500,GOES-19,2026-08-25 15:10:00
-6.146700,-57.877500,GOES-19,2026-08-25 15:40:00
-9.131400,-57.590000,GOES-19,2026-08-25 15:40:00
-9.131400,-57.590000,GOES-19,2026-08-25 15:50:00
-9.131400,-57.590000,GOES-19,2026-08-25 16:10:00
-9.131400,-57.590000,GOES-19,2026-08-25 16:20:00
-9.131400,-57.590000,GOES-19,2026-08-25 16:30:00
-9.131400,-57.590000,GOES-19,2026-08-25 16:40:00
-9.131400,-57.590000,GOES-19,2026-08-25 18:00:00
-9.131400,-57.590000,GOES-19,2026-08-25 18:20:00
-9.131400,-57.590000,GOES-19,2026-08-25 18:30:00
-9.131400,-57.590000,GOES-19,2026-08-25 18:40:00
-9.131400,-57.590000,GOES-19,2026-08-25 18:50:00
-9.131400,-57.590000,GOES-19,2026-08-25 19:20:00
-9.131500,-57.570300,GOES-19,2026-08-25 15:40:00
-9.131500,-57.570300,GOES-19,2026-08-25 15:50:00
-9.131500,-57.570300,GOES-19,2026-08-25 16:00:00
-9.131500,-57.570300,GOES-19,2026-08-25 16:10:00
-9.131500,-57.570300,GOES-19,2026-08-25 16:20:00
-9.131500,-57.570300,GOES-19,2026-08-25 16:30:00
-9.131500,-57.570300,GOES-19,2026-08-25 16:40:00
-9.131500,-57.570300,GOES-19,2026-08-25 16:50:00
-9.131500,-57.570300,GOES-19,2026-08-25 17:00:00
-9.131500,-57.570300,GOES-19,2026-08-25 17:10:00
-9.131500,-57.570300,GOES-19,2026-08-25 17:20:00
-9.131500,-57.570300,GOES-19,2026-08-25 17:30:00
-9.131500,-57.570300,GOES-19,2026-08-25 18:00:00
-9.131500,-57.570300,GOES-19,2026-08-25 18:10:00
-9.131500,-57.570300,GOES-19,2026-08-25 18:20:00
-9.131500,-57.570300,GOES-19,2026-08-25 18:30:00
-9.131500,-57.570300,GOES-19,2026-08-25 18:40:00
-9.131500,-57.570300,GOES-19,2026-08-25 18:50:00
-9.131500,-57.570300,GOES-19,2026-08-25 19:20:00
-9.131700,-57.550600,GOES-19,2026-08-25 15:50:00
-9.131700,-57.550600,GOES-19,2026-08-25 19:20:00
-9.131700,-57.550600,GOES-19,2026-08-25 19:30:00
-9.131700,-57.550600,GOES-19,2026-08-25 19:40:00
-9.131700,-57.550600,GOES-19,2026-08-25 19:50:00
-3.612500,-57.550300,GOES-19,2026-08-25 17:00:00
-7.096700,-56.579700,GOES-19,2026-08-25 18:50:00
-7.115200,-56.578700,GOES-19,2026-08-25 18:40:00
-7.115200,-56.578700,GOES-19,2026-08-25 18:50:00
-7.115200,-56.578700,GOES-19,2026-08-25 19:20:00
-7.115200,-56.578700,GOES-19,2026-08-25 19:30:00
-7.115200,-56.578700,GOES-19,2026-08-25 19:40:00
-7.115200,-56.578700,GOES-19,2026-08-25 19:50:00
-7.096800,-56.559900,GOES-19,2026-08-25 18:30:00
-7.096800,-56.559900,GOES-19,2026-08-25 18:40:00
-7.096800,-56.559900,GOES-19,2026-08-25 18:50:00
-7.115300,-56.559000,GOES-19,2026-08-25 17:40:00
-7.115300,-56.559000,GOES-19,2026-08-25 18:20:00
-7.115300,-56.559000,GOES-19,2026-08-25 18:30:00
-7.115300,-56.559000,GOES-19,2026-08-25 18:40:00
-7.115300,-56.559000,GOES-19,2026-08-25 18:50:00
1.491700,-55.983700,GOES-19,2026-08-25 18:30:00
1.491700,-55.983700,GOES-19,2026-08-25 23:20:00
1.491700,-55.983700,GOES-19,2026-08-25 23:40:00
1.510000,-55.963800,GOES-19,2026-08-25 18:30:00
1.510000,-55.963800,GOES-19,2026-08-25 19:40:00
1.510000,-55.963800,GOES-19,2026-08-25 23:20:00
1.510000,-55.963800,GOES-19,2026-08-25 23:40:00
1.491700,-55.964000,GOES-19,2026-08-25 18:30:00
1.491700,-55.964000,GOES-19,2026-08-25 19:00:00
1.491700,-55.964000,GOES-19,2026-08-25 19:20:00
1.491700,-55.964000,GOES-19,2026-08-25 19:30:00
1.491700,-55.964000,GOES-19,2026-08-25 19:40:00
1.491700,-55.964000,GOES-19,2026-08-25 19:50:00
1.491700,-55.964000,GOES-19,2026-08-25 23:20:00
1.491700,-55.964000,GOES-19,2026-08-25 23:40:00
2.096300,-55.877300,GOES-19,2026-08-25 17:00:00
2.096300,-55.857500,GOES-19,2026-08-25 17:10:00
-5.808600,-55.749200,GOES-19,2026-08-25 16:10:00
-5.808600,-55.749200,GOES-19,2026-08-25 17:40:00
-5.808600,-55.749200,GOES-19,2026-08-25 18:00:00
-5.808600,-55.749200,GOES-19,2026-08-25 18:30:00
-5.974900,-55.722000,GOES-19,2026-08-25 15:20:00
-5.974900,-55.722000,GOES-19,2026-08-25 15:30:00
-5.974900,-55.722000,GOES-19,2026-08-25 15:40:00
-5.974900,-55.722000,GOES-19,2026-08-25 15:50:00
-5.974900,-55.722000,GOES-19,2026-08-25 18:40:00
-8.254800,-55.561000,GOES-19,2026-08-25 18:40:00
-8.254800,-55.561000,GOES-19,2026-08-25 18:50:00
-8.273400,-55.559800,GOES-19,2026-08-25 18:00:00
-8.273400,-55.559800,GOES-19,2026-08-25 18:10:00
-8.273400,-55.559800,GOES-19,2026-08-25 18:20:00
-8.255000,-55.541000,GOES-19,2026-08-25 16:00:00
-8.255000,-55.541000,GOES-19,2026-08-25 18:20:00
-8.255000,-55.541000,GOES-19,2026-08-25 18:30:00
-8.255000,-55.541000,GOES-19,2026-08-25 18:40:00
-8.255000,-55.541000,GOES-19,2026-08-25 18:50:00
-8.273600,-55.539800,GOES-19,2026-08-25 15:20:00
-8.273600,-55.539800,GOES-19,2026-08-25 15:30:00
-8.273600,-55.539800,GOES-19,2026-08-25 15:40:00
-8.273600,-55.539800,GOES-19,2026-08-25 16:10:00
-8.273600,-55.539800,GOES-19,2026-08-25 16:20:00
-8.273600,-55.539800,GOES-19,2026-08-25 16:30:00
-8.273600,-55.539800,GOES-19,2026-08-25 16:40:00
-8.273600,-55.539800,GOES-19,2026-08-25 16:50:00
-8.273600,-55.539800,GOES-19,2026-08-25 17:00:00
-8.273600,-55.539800,GOES-19,2026-08-25 17:10:00
-8.273600,-55.539800,GOES-19,2026-08-25 17:20:00
-8.273600,-55.539800,GOES-19,2026-08-25 17:30:00
-8.273600,-55.539800,GOES-19,2026-08-25 17:40:00
-8.273600,-55.539800,GOES-19,2026-08-25 17:50:00
-8.273600,-55.539800,GOES-19,2026-08-25 18:00:00
-8.273600,-55.539800,GOES-19,2026-08-25 18:10:00
-8.273600,-55.539800,GOES-19,2026-08-25 18:20:00
-8.273600,-55.539800,GOES-19,2026-08-25 18:30:00
-8.273600,-55.539800,GOES-19,2026-08-25 18:40:00
-8.273600,-55.539800,GOES-19,2026-08-25 18:50:00
-8.535900,-55.342800,GOES-19,2026-08-25 18:30:00
-8.536100,-55.322800,GOES-19,2026-08-25 18:30:00
-8.554900,-55.301500,GOES-19,2026-08-25 18:30:00
-8.573600,-55.300300,GOES-19,2026-08-25 16:20:00
-8.555100,-55.281400,GOES-19,2026-08-25 18:30:00
-8.573800,-55.280200,GOES-19,2026-08-25 18:30:00
-7.495300,-55.286200,GOES-19,2026-08-25 15:30:00
-9.658600,-55.103600,GOES-19,2026-08-25 19:00:00
-9.658600,-55.103600,GOES-19,2026-08-25 19:40:00
-9.658600,-55.103600,GOES-19,2026-08-25 19:50:00
-9.658800,-55.083400,GOES-19,2026-08-25 15:00:00
-9.658800,-55.083400,GOES-19,2026-08-25 15:10:00
-9.658800,-55.083400,GOES-19,2026-08-25 15:30:00
-9.658800,-55.083400,GOES-19,2026-08-25 15:40:00
-9.658800,-55.083400,GOES-19,2026-08-25 15:50:00
-9.658800,-55.083400,GOES-19,2026-08-25 16:00:00
-9.658800,-55.083400,GOES-19,2026-08-25 16:10:00
-9.658800,-55.083400,GOES-19,2026-08-25 17:40:00
-9.658800,-55.083400,GOES-19,2026-08-25 18:40:00
-9.658800,-55.083400,GOES-19,2026-08-25 18:50:00
-9.659000,-55.063200,GOES-19,2026-08-25 15:10:00
-9.659000,-55.063200,GOES-19,2026-08-25 15:20:00
-9.659000,-55.063200,GOES-19,2026-08-25 15:30:00
-9.659000,-55.063200,GOES-19,2026-08-25 15:40:00
-9.659000,-55.063200,GOES-19,2026-08-25 15:50:00
-9.659000,-55.063200,GOES-19,2026-08-25 16:00:00
-9.659000,-55.063200,GOES-19,2026-08-25 18:40:00
-9.659000,-55.063200,GOES-19,2026-08-25 18:50:00
-7.384700,-55.192400,GOES-19,2026-08-25 18:20:00
-7.384700,-55.192400,GOES-19,2026-08-25 18:40:00
-7.384700,-55.192400,GOES-19,2026-08-25 19:10:00
-7.384700,-55.192400,GOES-19,2026-08-25 19:20:00
-7.384700,-55.192400,GOES-19,2026-08-25 19:30:00
-7.384700,-55.192400,GOES-19,2026-08-25 19:40:00
-7.384700,-55.192400,GOES-19,2026-08-25 20:00:00
-7.384700,-55.192400,GOES-19,2026-08-25 20:30:00
-7.403300,-55.191300,GOES-19,2026-08-25 18:10:00
-7.403300,-55.191300,GOES-19,2026-08-25 18:20:00
-7.403300,-55.191300,GOES-19,2026-08-25 18:40:00
-7.403300,-55.191300,GOES-19,2026-08-25 19:00:00
-7.384900,-55.172300,GOES-19,2026-08-25 18:20:00
-7.384900,-55.172300,GOES-19,2026-08-25 18:40:00
-7.384900,-55.172300,GOES-19,2026-08-25 19:00:00
-7.384900,-55.172300,GOES-19,2026-08-25 19:10:00
-7.384900,-55.172300,GOES-19,2026-08-25 19:20:00
-7.384900,-55.172300,GOES-19,2026-08-25 19:30:00
-7.384900,-55.172300,GOES-19,2026-08-25 19:40:00
-7.384900,-55.172300,GOES-19,2026-08-25 20:00:00
-7.384900,-55.172300,GOES-19,2026-08-25 20:30:00
-7.403400,-55.171300,GOES-19,2026-08-25 14:40:00
-7.403400,-55.171300,GOES-19,2026-08-25 15:10:00
-7.403400,-55.171300,GOES-19,2026-08-25 15:20:00
-7.403400,-55.171300,GOES-19,2026-08-25 17:30:00
-7.403400,-55.171300,GOES-19,2026-08-25 17:40:00
-7.403400,-55.171300,GOES-19,2026-08-25 17:50:00
-7.403400,-55.171300,GOES-19,2026-08-25 18:00:00
-7.403400,-55.171300,GOES-19,2026-08-25 18:10:00
-7.403400,-55.171300,GOES-19,2026-08-25 18:20:00
-7.403400,-55.171300,GOES-19,2026-08-25 18:30:00
-7.403400,-55.171300,GOES-19,2026-08-25 18:40:00
-7.403400,-55.171300,GOES-19,2026-08-25 18:50:00
-7.403400,-55.171300,GOES-19,2026-08-25 19:00:00
-7.403400,-55.171300,GOES-19,2026-08-25 19:10:00
-7.403400,-55.171300,GOES-19,2026-08-25 19:20:00
-7.403400,-55.171300,GOES-19,2026-08-25 19:30:00
-7.403400,-55.171300,GOES-19,2026-08-25 19:40:00
-7.403400,-55.171300,GOES-19,2026-08-25 20:00:00
-7.403400,-55.171300,GOES-19,2026-08-25 20:30:00
-7.403600,-55.151300,GOES-19,2026-08-25 18:20:00
-7.403600,-55.151300,GOES-19,2026-08-25 18:30:00
-7.403600,-55.151300,GOES-19,2026-08-25 18:40:00
-7.403600,-55.151300,GOES-19,2026-08-25 18:50:00
-7.403600,-55.151300,GOES-19,2026-08-25 19:00:00
-7.403600,-55.151300,GOES-19,2026-08-25 19:10:00
-7.403600,-55.151300,GOES-19,2026-08-25 19:20:00
-7.403600,-55.151300,GOES-19,2026-08-25 19:30:00
-7.403600,-55.151300,GOES-19,2026-08-25 19:40:00
-7.403600,-55.151300,GOES-19,2026-08-25 19:50:00
-7.403600,-55.151300,GOES-19,2026-08-25 20:00:00
-7.403600,-55.151300,GOES-19,2026-08-25 20:30:00
-8.577400,-54.877700,GOES-19,2026-08-25 19:00:00
-8.577400,-54.877700,GOES-19,2026-08-25 19:10:00
-8.577400,-54.877700,GOES-19,2026-08-25 19:40:00
-8.577400,-54.877700,GOES-19,2026-08-25 19:50:00
-8.596000,-54.876400,GOES-19,2026-08-25 18:00:00
-8.596000,-54.876400,GOES-19,2026-08-25 19:40:00
-8.596000,-54.876400,GOES-19,2026-08-25 19:50:00
-8.577500,-54.857500,GOES-19,2026-08-25 19:00:00
-8.577500,-54.857500,GOES-19,2026-08-25 19:40:00
-8.577500,-54.857500,GOES-19,2026-08-25 19:50:00
-8.596200,-54.856300,GOES-19,2026-08-25 13:30:00
-8.596200,-54.856300,GOES-19,2026-08-25 13:40:00
-8.596200,-54.856300,GOES-19,2026-08-25 14:20:00
-8.596200,-54.856300,GOES-19,2026-08-25 14:40:00
-8.596200,-54.856300,GOES-19,2026-08-25 15:30:00
-8.596200,-54.856300,GOES-19,2026-08-25 16:00:00
-8.596200,-54.856300,GOES-19,2026-08-25 16:50:00
-8.596200,-54.856300,GOES-19,2026-08-25 17:40:00
-8.596200,-54.856300,GOES-19,2026-08-25 17:50:00
-8.596200,-54.856300,GOES-19,2026-08-25 18:10:00
-8.596200,-54.856300,GOES-19,2026-08-25 18:20:00
-8.596200,-54.856300,GOES-19,2026-08-25 18:30:00
-8.596200,-54.856300,GOES-19,2026-08-25 18:40:00
-8.596200,-54.856300,GOES-19,2026-08-25 18:50:00
-8.596200,-54.856300,GOES-19,2026-08-25 19:00:00
-8.596200,-54.856300,GOES-19,2026-08-25 19:10:00
-8.596200,-54.856300,GOES-19,2026-08-25 19:40:00
-8.596200,-54.856300,GOES-19,2026-08-25 19:50:00
-8.577700,-54.837300,GOES-19,2026-08-25 12:00:00
-8.577700,-54.837300,GOES-19,2026-08-25 12:20:00
-8.577700,-54.837300,GOES-19,2026-08-25 13:20:00
-8.577700,-54.837300,GOES-19,2026-08-25 13:30:00
-8.577700,-54.837300,GOES-19,2026-08-25 13:40:00
-8.577700,-54.837300,GOES-19,2026-08-25 14:40:00
-8.577700,-54.837300,GOES-19,2026-08-25 14:50:00
-8.577700,-54.837300,GOES-19,2026-08-25 15:00:00
-8.577700,-54.837300,GOES-19,2026-08-25 15:10:00
-8.577700,-54.837300,GOES-19,2026-08-25 15:20:00
-8.577700,-54.837300,GOES-19,2026-08-25 15:30:00
-8.577700,-54.837300,GOES-19,2026-08-25 15:40:00
-8.577700,-54.837300,GOES-19,2026-08-25 15:50:00
-8.577700,-54.837300,GOES-19,2026-08-25 16:00:00
-8.577700,-54.837300,GOES-19,2026-08-25 16:10:00
-8.577700,-54.837300,GOES-19,2026-08-25 16:30:00
-8.577700,-54.837300,GOES-19,2026-08-25 16:40:00
-8.577700,-54.837300,GOES-19,2026-08-25 18:40:00
-8.577700,-54.837300,GOES-19,2026-08-25 19:00:00
-8.577700,-54.837300,GOES-19,2026-08-25 19:10:00
-8.596400,-54.836100,GOES-19,2026-08-25 13:30:00
-8.596400,-54.836100,GOES-19,2026-08-25 13:40:00
-8.596400,-54.836100,GOES-19,2026-08-25 14:40:00
-8.596400,-54.836100,GOES-19,2026-08-25 14:50:00
-8.596400,-54.836100,GOES-19,2026-08-25 15:00:00
-8.596400,-54.836100,GOES-19,2026-08-25 15:10:00
-8.596400,-54.836100,GOES-19,2026-08-25 15:20:00
-8.596400,-54.836100,GOES-19,2026-08-25 15:30:00
-8.596400,-54.836100,GOES-19,2026-08-25 15:40:00
-8.596400,-54.836100,GOES-19,2026-08-25 15:50:00
-8.596400,-54.836100,GOES-19,2026-08-25 16:00:00
-8.596400,-54.836100,GOES-19,2026-08-25 16:10:00
-8.596400,-54.836100,GOES-19,2026-08-25 16:20:00
-8.596400,-54.836100,GOES-19,2026-08-25 16:40:00
-8.596400,-54.836100,GOES-19,2026-08-25 16:50:00
-8.596400,-54.836100,GOES-19,2026-08-25 18:10:00
-8.596400,-54.836100,GOES-19,2026-08-25 18:20:00
-8.596400,-54.836100,GOES-19,2026-08-25 18:30:00
-8.578100,-54.797000,GOES-19,2026-08-25 19:00:00
-8.578100,-54.797000,GOES-19,2026-08-25 19:10:00
-8.597100,-54.755300,GOES-19,2026-08-25 17:50:00
-8.597100,-54.755300,GOES-19,2026-08-25 18:10:00
-8.597100,-54.755300,GOES-19,2026-08-25 18:20:00
-8.597100,-54.755300,GOES-19,2026-08-25 18:30:00
-8.597100,-54.755300,GOES-19,2026-08-25 18:40:00
-8.597100,-54.755300,GOES-19,2026-08-25 18:50:00
-8.597100,-54.755300,GOES-19,2026-08-25 19:00:00
-8.597100,-54.755300,GOES-19,2026-08-25 19:10:00
-8.597100,-54.755300,GOES-19,2026-08-25 19:20:00
-8.597100,-54.755300,GOES-19,2026-08-25 19:30:00
-8.597100,-54.755300,GOES-19,2026-08-25 19:40:00
-8.597100,-54.755300,GOES-19,2026-08-25 19:50:00
-8.597100,-54.755300,GOES-19,2026-08-25 20:00:00
-8.597100,-54.755300,GOES-19,2026-08-25 20:10:00
-8.615800,-54.754100,GOES-19,2026-08-25 17:10:00
-8.615800,-54.754100,GOES-19,2026-08-25 17:40:00
-8.615800,-54.754100,GOES-19,2026-08-25 18:00:00
-8.615800,-54.754100,GOES-19,2026-08-25 18:10:00
-8.615800,-54.754100,GOES-19,2026-08-25 18:20:00
-8.615800,-54.754100,GOES-19,2026-08-25 18:30:00
-8.615800,-54.754100,GOES-19,2026-08-25 18:40:00
-8.615800,-54.754100,GOES-19,2026-08-25 18:50:00
-8.615800,-54.754100,GOES-19,2026-08-25 19:00:00
-8.615800,-54.754100,GOES-19,2026-08-25 19:10:00
-8.615800,-54.754100,GOES-19,2026-08-25 19:20:00
-8.615800,-54.754100,GOES-19,2026-08-25 19:30:00
-8.615800,-54.754100,GOES-19,2026-08-25 19:40:00
-8.615800,-54.754100,GOES-19,2026-08-25 19:50:00
-8.615800,-54.754100,GOES-19,2026-08-25 20:00:00
-8.615800,-54.754100,GOES-19,2026-08-25 20:10:00
-8.615800,-54.754100,GOES-19,2026-08-25 20:20:00
-8.615800,-54.754100,GOES-19,2026-08-25 20:40:00
-8.615800,-54.754100,GOES-19,2026-08-25 20:50:00
-8.634400,-54.752800,GOES-19,2026-08-25 18:10:00
-8.634400,-54.752800,GOES-19,2026-08-25 18:20:00
-8.634400,-54.752800,GOES-19,2026-08-25 18:30:00
-8.634400,-54.752800,GOES-19,2026-08-25 18:40:00
-8.634400,-54.752800,GOES-19,2026-08-25 18:50:00
-8.634400,-54.752800,GOES-19,2026-08-25 19:00:00
-8.634400,-54.752800,GOES-19,2026-08-25 19:10:00
-8.634400,-54.752800,GOES-19,2026-08-25 19:20:00
-8.634400,-54.752800,GOES-19,2026-08-25 19:30:00
-8.634400,-54.752800,GOES-19,2026-08-25 19:40:00
-8.634400,-54.752800,GOES-19,2026-08-25 19:50:00
-8.634400,-54.752800,GOES-19,2026-08-25 20:00:00
-8.634400,-54.752800,GOES-19,2026-08-25 20:10:00
-8.634400,-54.752800,GOES-19,2026-08-25 20:20:00
-8.634400,-54.752800,GOES-19,2026-08-25 20:40:00
-8.634400,-54.752800,GOES-19,2026-08-25 20:50:00
-8.597300,-54.735200,GOES-19,2026-08-25 17:50:00
-8.597300,-54.735200,GOES-19,2026-08-25 18:00:00
-8.597300,-54.735200,GOES-19,2026-08-25 18:10:00
-8.597300,-54.735200,GOES-19,2026-08-25 18:20:00
-8.597300,-54.735200,GOES-19,2026-08-25 18:30:00
-8.597300,-54.735200,GOES-19,2026-08-25 18:40:00
-8.597300,-54.735200,GOES-19,2026-08-25 18:50:00
-8.597300,-54.735200,GOES-19,2026-08-25 19:00:00
-8.597300,-54.735200,GOES-19,2026-08-25 19:10:00
-8.597300,-54.735200,GOES-19,2026-08-25 19:20:00
-8.597300,-54.735200,GOES-19,2026-08-25 19:30:00
-8.597300,-54.735200,GOES-19,2026-08-25 19:40:00
-8.597300,-54.735200,GOES-19,2026-08-25 19:50:00
-8.597300,-54.735200,GOES-19,2026-08-25 20:00:00
-8.597300,-54.735200,GOES-19,2026-08-25 20:10:00
-8.597300,-54.735200,GOES-19,2026-08-25 20:20:00
-8.597300,-54.735200,GOES-19,2026-08-25 20:40:00
-8.597300,-54.735200,GOES-19,2026-08-25 20:50:00
-8.616000,-54.733900,GOES-19,2026-08-25 17:50:00
-8.616000,-54.733900,GOES-19,2026-08-25 18:00:00
-8.616000,-54.733900,GOES-19,2026-08-25 18:10:00
-8.616000,-54.733900,GOES-19,2026-08-25 18:20:00
-8.616000,-54.733900,GOES-19,2026-08-25 18:30:00
-8.616000,-54.733900,GOES-19,2026-08-25 18:40:00
-8.616000,-54.733900,GOES-19,2026-08-25 18:50:00
-8.616000,-54.733900,GOES-19,2026-08-25 19:00:00
-8.616000,-54.733900,GOES-19,2026-08-25 19:10:00
-8.616000,-54.733900,GOES-19,2026-08-25 19:20:00
-8.616000,-54.733900,GOES-19,2026-08-25 19:30:00
-8.616000,-54.733900,GOES-19,2026-08-25 19:40:00
-8.616000,-54.733900,GOES-19,2026-08-25 19:50:00
-8.616000,-54.733900,GOES-19,2026-08-25 20:00:00
-8.616000,-54.733900,GOES-19,2026-08-25 20:10:00
-8.616000,-54.733900,GOES-19,2026-08-25 20:20:00
-8.616000,-54.733900,GOES-19,2026-08-25 20:40:00
-8.616000,-54.733900,GOES-19,2026-08-25 20:50:00
-8.634600,-54.732600,GOES-19,2026-08-25 17:50:00
-8.634600,-54.732600,GOES-19,2026-08-25 18:00:00
-8.634600,-54.732600,GOES-19,2026-08-25 18:10:00
-8.634600,-54.732600,GOES-19,2026-08-25 18:20:00
-8.634600,-54.732600,GOES-19,2026-08-25 18:30:00
-8.634600,-54.732600,GOES-19,2026-08-25 18:40:00
-8.634600,-54.732600,GOES-19,2026-08-25 18:50:00
-8.634600,-54.732600,GOES-19,2026-08-25 19:00:00
-8.634600,-54.732600,GOES-19,2026-08-25 19:10:00
-8.634600,-54.732600,GOES-19,2026-08-25 19:20:00
-8.634600,-54.732600,GOES-19,2026-08-25 19:30:00
-8.634600,-54.732600,GOES-19,2026-08-25 19:40:00
-8.634600,-54.732600,GOES-19,2026-08-25 19:50:00
-8.634600,-54.732600,GOES-19,2026-08-25 20:00:00
-8.634600,-54.732600,GOES-19,2026-08-25 20:10:00
-8.634600,-54.732600,GOES-19,2026-08-25 20:20:00
-8.634600,-54.732600,GOES-19,2026-08-25 20:40:00
-8.634600,-54.732600,GOES-19,2026-08-25 20:50:00
-8.597500,-54.715000,GOES-19,2026-08-25 17:50:00
-8.597500,-54.715000,GOES-19,2026-08-25 18:00:00
-8.597500,-54.715000,GOES-19,2026-08-25 18:10:00
-8.597500,-54.715000,GOES-19,2026-08-25 18:20:00
-8.597500,-54.715000,GOES-19,2026-08-25 18:30:00
-8.597500,-54.715000,GOES-19,2026-08-25 18:40:00
-8.597500,-54.715000,GOES-19,2026-08-25 18:50:00
-8.597500,-54.715000,GOES-19,2026-08-25 19:00:00
-8.597500,-54.715000,GOES-19,2026-08-25 19:10:00
-8.597500,-54.715000,GOES-19,2026-08-25 19:20:00
-8.597500,-54.715000,GOES-19,2026-08-25 19:30:00
-8.597500,-54.715000,GOES-19,2026-08-25 19:40:00
-8.597500,-54.715000,GOES-19,2026-08-25 19:50:00
-8.597500,-54.715000,GOES-19,2026-08-25 20:00:00
-8.597500,-54.715000,GOES-19,2026-08-25 20:10:00
-8.597500,-54.715000,GOES-19,2026-08-25 20:20:00
-8.597500,-54.715000,GOES-19,2026-08-25 20:40:00
-8.597500,-54.715000,GOES-19,2026-08-25 20:50:00
-8.616100,-54.713700,GOES-19,2026-08-25 17:50:00
-8.616100,-54.713700,GOES-19,2026-08-25 18:00:00
-8.616100,-54.713700,GOES-19,2026-08-25 18:10:00
-8.616100,-54.713700,GOES-19,2026-08-25 18:20:00
-8.616100,-54.713700,GOES-19,2026-08-25 18:30:00
-8.616100,-54.713700,GOES-19,2026-08-25 18:40:00
-8.616100,-54.713700,GOES-19,2026-08-25 18:50:00
-8.616100,-54.713700,GOES-19,2026-08-25 19:00:00
-8.616100,-54.713700,GOES-19,2026-08-25 19:10:00
-8.616100,-54.713700,GOES-19,2026-08-25 19:20:00
-8.616100,-54.713700,GOES-19,2026-08-25 19:30:00
-8.616100,-54.713700,GOES-19,2026-08-25 19:40:00
-8.616100,-54.713700,GOES-19,2026-08-25 19:50:00
-8.616100,-54.713700,GOES-19,2026-08-25 20:00:00
-8.616100,-54.713700,GOES-19,2026-08-25 20:10:00
-8.616100,-54.713700,GOES-19,2026-08-25 20:40:00
-8.690800,-54.708600,GOES-19,2026-08-25 18:20:00
-8.616300,-54.693500,GOES-19,2026-08-25 17:50:00
-8.616300,-54.693500,GOES-19,2026-08-25 18:00:00
-8.616300,-54.693500,GOES-19,2026-08-25 18:10:00
-8.616300,-54.693500,GOES-19,2026-08-25 18:20:00
-8.616300,-54.693500,GOES-19,2026-08-25 18:30:00
-8.616300,-54.693500,GOES-19,2026-08-25 18:40:00
-8.616300,-54.693500,GOES-19,2026-08-25 18:50:00
-8.616300,-54.693500,GOES-19,2026-08-25 19:00:00
-8.616300,-54.693500,GOES-19,2026-08-25 19:10:00
-8.616300,-54.693500,GOES-19,2026-08-25 19:20:00
-8.616300,-54.693500,GOES-19,2026-08-25 19:30:00
-8.616300,-54.693500,GOES-19,2026-08-25 19:40:00
-8.616300,-54.693500,GOES-19,2026-08-25 19:50:00
-8.616300,-54.693500,GOES-19,2026-08-25 20:00:00
-6.332300,-54.727200,GOES-19,2026-08-25 14:10:00
-6.332300,-54.727200,GOES-19,2026-08-25 14:40:00
-6.332300,-54.727200,GOES-19,2026-08-25 18:50:00
-13.857000,-54.055100,GOES-19,2026-08-25 14:10:00
-13.857000,-54.055100,GOES-19,2026-08-25 14:20:00
-13.857300,-54.034400,GOES-19,2026-08-25 14:10:00
-10.759300,-54.058900,GOES-19,2026-08-25 23:40:00
-10.759300,-54.058900,GOES-19,2026-08-25 23:50:00
-10.778200,-54.057300,GOES-19,2026-08-25 22:30:00
-10.740900,-54.019600,GOES-19,2026-08-25 18:30:00
-10.740900,-54.019600,GOES-19,2026-08-25 18:40:00
-10.740900,-54.019600,GOES-19,2026-08-25 18:50:00
-10.740900,-54.019600,GOES-19,2026-08-25 19:00:00
-10.740900,-54.019600,GOES-19,2026-08-25 19:10:00
-10.740900,-54.019600,GOES-19,2026-08-25 19:20:00
-10.740900,-54.019600,GOES-19,2026-08-25 19:30:00
-10.740900,-54.019600,GOES-19,2026-08-25 19:40:00
-10.740900,-54.019600,GOES-19,2026-08-25 19:50:00
-10.740900,-54.019600,GOES-19,2026-08-25 20:00:00
-10.740900,-54.019600,GOES-19,2026-08-25 20:10:00
-10.740900,-54.019600,GOES-19,2026-08-25 20:20:00
-10.740900,-54.019600,GOES-19,2026-08-25 20:30:00
-10.740900,-54.019600,GOES-19,2026-08-25 20:40:00
-10.740900,-54.019600,GOES-19,2026-08-25 21:30:00
-10.740900,-54.019600,GOES-19,2026-08-25 22:10:00
-10.740900,-54.019600,GOES-19,2026-08-25 22:20:00
-10.740900,-54.019600,GOES-19,2026-08-25 22:30:00
-10.740900,-54.019600,GOES-19,2026-08-25 22:50:00
-10.740900,-54.019600,GOES-19,2026-08-25 23:40:00
-10.740900,-54.019600,GOES-19,2026-08-25 23:50:00
-10.759800,-54.017900,GOES-19,2026-08-25 18:00:00
-10.759800,-54.017900,GOES-19,2026-08-25 18:10:00
-10.759800,-54.017900,GOES-19,2026-08-25 18:20:00
-10.759800,-54.017900,GOES-19,2026-08-25 18:50:00
-10.759800,-54.017900,GOES-19,2026-08-25 19:00:00
-10.759800,-54.017900,GOES-19,2026-08-25 19:10:00
-10.759800,-54.017900,GOES-19,2026-08-25 19:20:00
-10.759800,-54.017900,GOES-19,2026-08-25 19:30:00
-10.759800,-54.017900,GOES-19,2026-08-25 19:40:00
-10.759800,-54.017900,GOES-19,2026-08-25 19:50:00
-10.759800,-54.017900,GOES-19,2026-08-25 20:00:00
-10.759800,-54.017900,GOES-19,2026-08-25 20:10:00
-10.759800,-54.017900,GOES-19,2026-08-25 20:20:00
-10.759800,-54.017900,GOES-19,2026-08-25 20:30:00
-10.759800,-54.017900,GOES-19,2026-08-25 20:40:00
-10.759800,-54.017900,GOES-19,2026-08-25 21:30:00
-10.759800,-54.017900,GOES-19,2026-08-25 22:10:00
-10.759800,-54.017900,GOES-19,2026-08-25 22:20:00
-10.759800,-54.017900,GOES-19,2026-08-25 22:30:00
-10.759800,-54.017900,GOES-19,2026-08-25 22:50:00
-10.759800,-54.017900,GOES-19,2026-08-25 23:40:00
-10.759800,-54.017900,GOES-19,2026-08-25 23:50:00
-10.778700,-54.016300,GOES-19,2026-08-25 19:20:00
-10.778700,-54.016300,GOES-19,2026-08-25 19:30:00
-10.778700,-54.016300,GOES-19,2026-08-25 19:40:00
-10.778700,-54.016300,GOES-19,2026-08-25 19:50:00
-10.778700,-54.016300,GOES-19,2026-08-25 20:00:00
-10.778700,-54.016300,GOES-19,2026-08-25 20:10:00
-10.778700,-54.016300,GOES-19,2026-08-25 20:20:00
-10.778700,-54.016300,GOES-19,2026-08-25 20:30:00
-10.778700,-54.016300,GOES-19,2026-08-25 20:40:00
-10.778700,-54.016300,GOES-19,2026-08-25 21:30:00
-10.778700,-54.016300,GOES-19,2026-08-25 22:10:00
-10.778700,-54.016300,GOES-19,2026-08-25 22:20:00
-10.778700,-54.016300,GOES-19,2026-08-25 22:30:00
-10.778700,-54.016300,GOES-19,2026-08-25 22:50:00
-10.778700,-54.016300,GOES-19,2026-08-25 23:40:00
-10.778700,-54.016300,GOES-19,2026-08-25 23:50:00
-10.760000,-53.997400,GOES-19,2026-08-25 18:30:00
-10.760000,-53.997400,GOES-19,2026-08-25 18:50:00
-10.760000,-53.997400,GOES-19,2026-08-25 19:00:00
-10.760000,-53.997400,GOES-19,2026-08-25 19:10:00
-10.760000,-53.997400,GOES-19,2026-08-25 19:20:00
-10.760000,-53.997400,GOES-19,2026-08-25 19:30:00
-10.760000,-53.997400,GOES-19,2026-08-25 19:40:00
-10.760000,-53.997400,GOES-19,2026-08-25 19:50:00
-10.760000,-53.997400,GOES-19,2026-08-25 20:00:00
-10.760000,-53.997400,GOES-19,2026-08-25 20:10:00
-10.760000,-53.997400,GOES-19,2026-08-25 20:20:00
-10.760000,-53.997400,GOES-19,2026-08-25 20:30:00
-10.760000,-53.997400,GOES-19,2026-08-25 20:40:00
-10.760000,-53.997400,GOES-19,2026-08-25 21:30:00
-10.760000,-53.997400,GOES-19,2026-08-25 22:10:00
-10.760000,-53.997400,GOES-19,2026-08-25 22:20:00
-10.760000,-53.997400,GOES-19,2026-08-25 22:30:00
-10.760000,-53.997400,GOES-19,2026-08-25 22:50:00
-10.760000,-53.997400,GOES-19,2026-08-25 23:40:00
-10.760000,-53.997400,GOES-19,2026-08-25 23:50:00
-10.778900,-53.995800,GOES-19,2026-08-25 19:30:00
-10.778900,-53.995800,GOES-19,2026-08-25 19:40:00
-10.778900,-53.995800,GOES-19,2026-08-25 20:00:00
-10.778900,-53.995800,GOES-19,2026-08-25 20:10:00
-10.778900,-53.995800,GOES-19,2026-08-25 20:20:00
-10.760300,-53.976900,GOES-19,2026-08-25 19:40:00
-10.760300,-53.976900,GOES-19,2026-08-25 19:50:00
-10.760300,-53.976900,GOES-19,2026-08-25 20:00:00
-10.760300,-53.976900,GOES-19,2026-08-25 20:10:00
-10.760300,-53.976900,GOES-19,2026-08-25 20:20:00
-10.760300,-53.976900,GOES-19,2026-08-25 20:30:00
-10.760300,-53.976900,GOES-19,2026-08-25 20:40:00
-10.760300,-53.976900,GOES-19,2026-08-25 21:30:00
-6.097700,-53.852300,GOES-19,2026-08-25 15:50:00
-6.116200,-53.851400,GOES-19,2026-08-25 15:40:00
-6.116200,-53.851400,GOES-19,2026-08-25 15:50:00
-6.116200,-53.851400,GOES-19,2026-08-25 18:30:00
-6.303200,-53.578200,GOES-19,2026-08-25 14:50:00
-6.303200,-53.578200,GOES-19,2026-08-25 15:00:00
-6.303200,-53.578200,GOES-19,2026-08-25 15:10:00
-6.303200,-53.578200,GOES-19,2026-08-25 18:40:00
-6.303200,-53.578200,GOES-19,2026-08-25 18:50:00
-6.321700,-53.577200,GOES-19,2026-08-25 15:00:00
-6.321700,-53.577200,GOES-19,2026-08-25 15:30:00
-6.321700,-53.577200,GOES-19,2026-08-25 18:30:00
-6.321700,-53.577200,GOES-19,2026-08-25 18:40:00
-6.321700,-53.577200,GOES-19,2026-08-25 18:50:00
-6.303400,-53.557900,GOES-19,2026-08-25 15:10:00
-6.303400,-53.557900,GOES-19,2026-08-25 15:30:00
-6.303400,-53.557900,GOES-19,2026-08-25 15:40:00
-6.303400,-53.557900,GOES-19,2026-08-25 18:30:00
-6.303400,-53.557900,GOES-19,2026-08-25 18:40:00
-6.303400,-53.557900,GOES-19,2026-08-25 18:50:00
-6.174400,-53.463100,GOES-19,2026-08-25 18:30:00
-6.174400,-53.463100,GOES-19,2026-08-25 18:40:00
-6.174400,-53.463100,GOES-19,2026-08-25 18:50:00
-6.267500,-53.397200,GOES-19,2026-08-25 22:10:00
-6.267500,-53.397200,GOES-19,2026-08-25 22:20:00
-6.267500,-53.397200,GOES-19,2026-08-25 22:30:00
-6.249100,-53.377800,GOES-19,2026-08-25 22:10:00
-6.249100,-53.377800,GOES-19,2026-08-25 22:20:00
-6.249100,-53.377800,GOES-19,2026-08-25 22:30:00
-6.267600,-53.376800,GOES-19,2026-08-25 14:50:00
-6.267600,-53.376800,GOES-19,2026-08-25 22:10:00
-6.267600,-53.376800,GOES-19,2026-08-25 22:20:00
-6.267600,-53.376800,GOES-19,2026-08-25 22:30:00
-6.286100,-53.375800,GOES-19,2026-08-25 14:50:00
-6.286100,-53.375800,GOES-19,2026-08-25 15:00:00
-6.286100,-53.375800,GOES-19,2026-08-25 18:30:00
-6.286100,-53.375800,GOES-19,2026-08-25 18:40:00
-6.286100,-53.375800,GOES-19,2026-08-25 22:10:00
-6.286100,-53.375800,GOES-19,2026-08-25 22:20:00
-6.286100,-53.375800,GOES-19,2026-08-25 22:30:00
-6.249200,-53.357400,GOES-19,2026-08-25 15:20:00
-6.249200,-53.357400,GOES-19,2026-08-25 18:20:00
-6.249200,-53.357400,GOES-19,2026-08-25 18:30:00
-6.249200,-53.357400,GOES-19,2026-08-25 18:50:00
-6.249200,-53.357400,GOES-19,2026-08-25 22:10:00
-6.249200,-53.357400,GOES-19,2026-08-25 22:20:00
-6.249200,-53.357400,GOES-19,2026-08-25 22:30:00
-6.267700,-53.356500,GOES-19,2026-08-25 18:20:00
-6.267700,-53.356500,GOES-19,2026-08-25 18:50:00
-6.267700,-53.356500,GOES-19,2026-08-25 22:10:00
-6.267700,-53.356500,GOES-19,2026-08-25 22:20:00
-6.267700,-53.356500,GOES-19,2026-08-25 22:30:00
-6.286300,-53.355500,GOES-19,2026-08-25 14:50:00
-6.286300,-53.355500,GOES-19,2026-08-25 18:20:00
-6.286300,-53.355500,GOES-19,2026-08-25 18:30:00
-6.286300,-53.355500,GOES-19,2026-08-25 18:40:00
-6.286300,-53.355500,GOES-19,2026-08-25 18:50:00
-6.286300,-53.355500,GOES-19,2026-08-25 22:10:00
-6.286300,-53.355500,GOES-19,2026-08-25 22:20:00
-6.286300,-53.355500,GOES-19,2026-08-25 22:30:00
-6.267900,-53.336100,GOES-19,2026-08-25 18:10:00
-6.267900,-53.336100,GOES-19,2026-08-25 18:40:00
-6.267900,-53.336100,GOES-19,2026-08-25 18:50:00
-6.509300,-53.261900,GOES-19,2026-08-25 18:50:00
-6.509300,-53.261900,GOES-19,2026-08-25 19:40:00
-6.509300,-53.261900,GOES-19,2026-08-25 19:50:00
-13.755200,-51.990300,GOES-19,2026-08-25 15:20:00
-13.755200,-51.990300,GOES-19,2026-08-25 18:30:00
-13.755200,-51.990300,GOES-19,2026-08-25 18:40:00
-13.736600,-51.950200,GOES-19,2026-08-25 18:40:00
-14.335400,-51.830300,GOES-19,2026-08-25 14:00:00
-14.335400,-51.830300,GOES-19,2026-08-25 14:10:00
-14.335400,-51.830300,GOES-19,2026-08-25 14:30:00
-13.681300,-51.808500,GOES-19,2026-08-25 18:00:00
-13.624000,-51.794500,GOES-19,2026-08-25 17:30:00
-13.681700,-51.787200,GOES-19,2026-08-25 16:20:00
-13.681700,-51.787200,GOES-19,2026-08-25 17:50:00
-13.681700,-51.787200,GOES-19,2026-08-25 18:00:00
-13.681700,-51.787200,GOES-19,2026-08-25 18:10:00
-13.681700,-51.787200,GOES-19,2026-08-25 18:30:00
-8.137700,-52.046700,GOES-19,2026-08-25 14:20:00
-13.244500,-51.544200,GOES-19,2026-08-25 23:00:00
-13.225600,-51.525300,GOES-19,2026-08-25 22:50:00
-13.225600,-51.525300,GOES-19,2026-08-25 23:00:00
-13.225600,-51.525300,GOES-19,2026-08-25 23:10:00
-13.225600,-51.525300,GOES-19,2026-08-25 23:30:00
-13.225600,-51.525300,GOES-19,2026-08-25 23:40:00
-13.244800,-51.522900,GOES-19,2026-08-25 22:50:00
-13.244800,-51.522900,GOES-19,2026-08-25 23:00:00
-13.244800,-51.522900,GOES-19,2026-08-25 23:10:00
-13.244800,-51.522900,GOES-19,2026-08-25 23:20:00
-13.244800,-51.522900,GOES-19,2026-08-25 23:30:00
-13.244800,-51.522900,GOES-19,2026-08-25 23:40:00
-13.264000,-51.520500,GOES-19,2026-08-25 22:00:00
-13.264000,-51.520500,GOES-19,2026-08-25 23:20:00
-13.264000,-51.520500,GOES-19,2026-08-25 23:30:00
-13.264000,-51.520500,GOES-19,2026-08-25 23:40:00
-8.156800,-52.003700,GOES-19,2026-08-25 13:10:00
-13.187600,-51.508700,GOES-19,2026-08-25 17:50:00
-13.225900,-51.504000,GOES-19,2026-08-25 22:50:00
-13.225900,-51.504000,GOES-19,2026-08-25 23:00:00
-13.225900,-51.504000,GOES-19,2026-08-25 23:10:00
-13.225900,-51.504000,GOES-19,2026-08-25 23:20:00
-13.225900,-51.504000,GOES-19,2026-08-25 23:30:00
-13.225900,-51.504000,GOES-19,2026-08-25 23:40:00
-13.245100,-51.501600,GOES-19,2026-08-25 22:00:00
-13.245100,-51.501600,GOES-19,2026-08-25 22:50:00
-13.245100,-51.501600,GOES-19,2026-08-25 23:00:00
-13.245100,-51.501600,GOES-19,2026-08-25 23:10:00
-13.245100,-51.501600,GOES-19,2026-08-25 23:20:00
-13.245100,-51.501600,GOES-19,2026-08-25 23:30:00
-13.245100,-51.501600,GOES-19,2026-08-25 23:40:00
-13.264300,-51.499200,GOES-19,2026-08-25 22:00:00
-13.264300,-51.499200,GOES-19,2026-08-25 22:50:00
-13.264300,-51.499200,GOES-19,2026-08-25 23:00:00
-13.264300,-51.499200,GOES-19,2026-08-25 23:10:00
-13.264300,-51.499200,GOES-19,2026-08-25 23:20:00
-13.264300,-51.499200,GOES-19,2026-08-25 23:30:00
-13.264300,-51.499200,GOES-19,2026-08-25 23:40:00
-13.283500,-51.496800,GOES-19,2026-08-25 22:00:00
-13.283500,-51.496800,GOES-19,2026-08-25 23:00:00
-13.283500,-51.496800,GOES-19,2026-08-25 23:10:00
-13.283500,-51.496800,GOES-19,2026-08-25 23:20:00
-13.283500,-51.496800,GOES-19,2026-08-25 23:30:00
-13.283500,-51.496800,GOES-19,2026-08-25 23:40:00
-13.226300,-51.482600,GOES-19,2026-08-25 23:30:00
-13.226300,-51.482600,GOES-19,2026-08-25 23:40:00
-13.264700,-51.477900,GOES-19,2026-08-25 18:40:00
-13.264700,-51.477900,GOES-19,2026-08-25 18:50:00
-13.264700,-51.477900,GOES-19,2026-08-25 22:00:00
-13.264700,-51.477900,GOES-19,2026-08-25 22:50:00
-13.264700,-51.477900,GOES-19,2026-08-25 23:00:00
-13.264700,-51.477900,GOES-19,2026-08-25 23:10:00
-13.264700,-51.477900,GOES-19,2026-08-25 23:20:00
-13.283900,-51.475500,GOES-19,2026-08-25 22:00:00
-13.283900,-51.475500,GOES-19,2026-08-25 22:50:00
-13.283900,-51.475500,GOES-19,2026-08-25 23:00:00
-13.283900,-51.475500,GOES-19,2026-08-25 23:10:00
-13.283900,-51.475500,GOES-19,2026-08-25 23:20:00
-13.245800,-51.458900,GOES-19,2026-08-25 14:50:00
-13.245800,-51.458900,GOES-19,2026-08-25 15:00:00
-13.245800,-51.458900,GOES-19,2026-08-25 15:10:00
-13.245800,-51.458900,GOES-19,2026-08-25 15:20:00
-13.245800,-51.458900,GOES-19,2026-08-25 15:30:00
-8.009200,-51.827600,GOES-19,2026-08-25 15:50:00
-9.415100,-51.610400,GOES-19,2026-08-25 17:50:00
-9.415100,-51.610400,GOES-19,2026-08-25 18:00:00
-9.415100,-51.610400,GOES-19,2026-08-25 18:10:00
-12.428300,-51.174800,GOES-19,2026-08-25 15:30:00
-12.428300,-51.174800,GOES-19,2026-08-25 15:50:00
-12.447400,-51.172500,GOES-19,2026-08-25 15:30:00
-12.447400,-51.172500,GOES-19,2026-08-25 15:50:00
-12.447400,-51.172500,GOES-19,2026-08-25 16:10:00
-12.447400,-51.172500,GOES-19,2026-08-25 17:20:00
-12.447400,-51.172500,GOES-19,2026-08-25 17:30:00
-10.947200,-51.148200,GOES-19,2026-08-25 19:00:00
-10.947200,-51.148200,GOES-19,2026-08-25 19:10:00
-10.966100,-51.146300,GOES-19,2026-08-25 19:20:00
-10.966100,-51.146300,GOES-19,2026-08-25 19:40:00
-10.966100,-51.146300,GOES-19,2026-08-25 19:50:00
-10.947500,-51.127000,GOES-19,2026-08-25 18:10:00
-10.947500,-51.127000,GOES-19,2026-08-25 18:40:00
-10.947500,-51.127000,GOES-19,2026-08-25 19:00:00
-10.947500,-51.127000,GOES-19,2026-08-25 19:10:00
-10.947500,-51.127000,GOES-19,2026-08-25 19:20:00
-10.966400,-51.125100,GOES-19,2026-08-25 18:20:00
-10.966400,-51.125100,GOES-19,2026-08-25 18:40:00
-10.966400,-51.125100,GOES-19,2026-08-25 19:10:00
-10.928800,-51.107800,GOES-19,2026-08-25 16:10:00
-10.928800,-51.107800,GOES-19,2026-08-25 18:00:00
-10.928800,-51.107800,GOES-19,2026-08-25 18:40:00
-10.928800,-51.107800,GOES-19,2026-08-25 18:50:00
-10.947700,-51.105800,GOES-19,2026-08-25 15:50:00
-10.947700,-51.105800,GOES-19,2026-08-25 16:10:00
-10.947700,-51.105800,GOES-19,2026-08-25 17:30:00
-10.947700,-51.105800,GOES-19,2026-08-25 17:40:00
-10.947700,-51.105800,GOES-19,2026-08-25 18:00:00
-10.947700,-51.105800,GOES-19,2026-08-25 18:10:00
-10.947700,-51.105800,GOES-19,2026-08-25 18:20:00
-10.947700,-51.105800,GOES-19,2026-08-25 18:30:00
-10.947700,-51.105800,GOES-19,2026-08-25 18:40:00
-10.947700,-51.105800,GOES-19,2026-08-25 18:50:00
-10.966700,-51.103900,GOES-19,2026-08-25 16:40:00
-10.966700,-51.103900,GOES-19,2026-08-25 18:10:00
-10.966700,-51.103900,GOES-19,2026-08-25 18:30:00
-10.966700,-51.103900,GOES-19,2026-08-25 18:40:00
-10.966700,-51.103900,GOES-19,2026-08-25 18:50:00
-10.966700,-51.103900,GOES-19,2026-08-25 19:00:00
-7.044000,-51.415800,GOES-19,2026-08-25 15:50:00
-10.967000,-51.082600,GOES-19,2026-08-25 18:00:00
-10.967000,-51.082600,GOES-19,2026-08-25 18:30:00
-10.760600,-50.955700,GOES-19,2026-08-25 16:40:00
-10.779600,-50.953700,GOES-19,2026-08-25 05:30:00
-10.798800,-50.930500,GOES-19,2026-08-25 05:30:00
-10.817700,-50.928600,GOES-19,2026-08-25 05:30:00
-10.779900,-50.932500,GOES-19,2026-08-25 05:30:00
-10.780100,-50.911300,GOES-19,2026-08-25 05:30:00
-10.799100,-50.909300,GOES-19,2026-08-25 05:30:00
-11.483600,-50.729300,GOES-19,2026-08-25 16:00:00
-11.483600,-50.729300,GOES-19,2026-08-25 16:30:00
-11.483600,-50.729300,GOES-19,2026-08-25 17:40:00
-11.483600,-50.729300,GOES-19,2026-08-25 17:50:00
-11.483600,-50.729300,GOES-19,2026-08-25 18:00:00
-11.483600,-50.729300,GOES-19,2026-08-25 18:10:00
-11.483600,-50.729300,GOES-19,2026-08-25 18:20:00
-11.483600,-50.729300,GOES-19,2026-08-25 18:30:00
-11.502600,-50.727200,GOES-19,2026-08-25 17:40:00
-11.502600,-50.727200,GOES-19,2026-08-25 18:10:00
-11.502600,-50.727200,GOES-19,2026-08-25 18:20:00
-11.502600,-50.727200,GOES-19,2026-08-25 18:30:00
-12.150700,-50.631300,GOES-19,2026-08-25 15:30:00
-12.150700,-50.631300,GOES-19,2026-08-25 16:40:00
-12.150700,-50.631300,GOES-19,2026-08-25 16:50:00
-12.150700,-50.631300,GOES-19,2026-08-25 17:00:00
-12.150700,-50.631300,GOES-19,2026-08-25 17:10:00
-12.150700,-50.631300,GOES-19,2026-08-25 17:30:00
-12.150700,-50.631300,GOES-19,2026-08-25 17:40:00
-12.150700,-50.631300,GOES-19,2026-08-25 18:00:00
-12.150700,-50.631300,GOES-19,2026-08-25 18:20:00
-12.150700,-50.631300,GOES-19,2026-08-25 18:30:00
-12.150700,-50.631300,GOES-19,2026-08-25 19:00:00
-12.150700,-50.631300,GOES-19,2026-08-25 19:10:00
-12.169800,-50.629000,GOES-19,2026-08-25 17:20:00
-12.169800,-50.629000,GOES-19,2026-08-25 17:40:00
-12.169800,-50.629000,GOES-19,2026-08-25 17:50:00
-12.169800,-50.629000,GOES-19,2026-08-25 18:00:00
-12.169800,-50.629000,GOES-19,2026-08-25 18:10:00
-12.169800,-50.629000,GOES-19,2026-08-25 18:20:00
-12.169800,-50.629000,GOES-19,2026-08-25 18:30:00
-12.169800,-50.629000,GOES-19,2026-08-25 18:40:00
-12.169800,-50.629000,GOES-19,2026-08-25 18:50:00
-12.169800,-50.629000,GOES-19,2026-08-25 19:00:00
-12.169800,-50.629000,GOES-19,2026-08-25 19:10:00
-12.151000,-50.609800,GOES-19,2026-08-25 19:00:00
-12.151000,-50.609800,GOES-19,2026-08-25 19:10:00
-12.170100,-50.607500,GOES-19,2026-08-25 16:20:00
-12.170100,-50.607500,GOES-19,2026-08-25 16:50:00
-12.170100,-50.607500,GOES-19,2026-08-25 17:00:00
-12.170100,-50.607500,GOES-19,2026-08-25 17:10:00
-12.170100,-50.607500,GOES-19,2026-08-25 17:20:00
-12.170100,-50.607500,GOES-19,2026-08-25 17:30:00
-12.170100,-50.607500,GOES-19,2026-08-25 17:40:00
-12.170100,-50.607500,GOES-19,2026-08-25 17:50:00
-12.170100,-50.607500,GOES-19,2026-08-25 18:00:00
-12.170100,-50.607500,GOES-19,2026-08-25 18:10:00
-12.170100,-50.607500,GOES-19,2026-08-25 18:20:00
-12.170100,-50.607500,GOES-19,2026-08-25 18:30:00
-12.170100,-50.607500,GOES-19,2026-08-25 18:40:00
-12.170100,-50.607500,GOES-19,2026-08-25 18:50:00
-12.170100,-50.607500,GOES-19,2026-08-25 19:00:00
-12.170100,-50.607500,GOES-19,2026-08-25 19:10:00
-12.151300,-50.588400,GOES-19,2026-08-25 15:30:00
-12.151300,-50.588400,GOES-19,2026-08-25 16:10:00
-12.151300,-50.588400,GOES-19,2026-08-25 16:20:00
-12.151300,-50.588400,GOES-19,2026-08-25 17:50:00
-12.151300,-50.588400,GOES-19,2026-08-25 19:00:00
-12.151300,-50.588400,GOES-19,2026-08-25 19:10:00
-5.375800,-51.096200,GOES-19,2026-08-25 18:40:00
-10.841900,-50.543300,GOES-19,2026-08-25 14:00:00
-10.841900,-50.543300,GOES-19,2026-08-25 15:00:00
-10.841900,-50.543300,GOES-19,2026-08-25 15:40:00
-10.841900,-50.543300,GOES-19,2026-08-25 15:50:00
-10.841900,-50.543300,GOES-19,2026-08-25 17:00:00
-10.921600,-50.257100,GOES-19,2026-08-25 18:30:00
-8.641500,-50.349500,GOES-19,2026-08-25 18:10:00
-8.641500,-50.349500,GOES-19,2026-08-25 18:50:00
-8.641800,-50.328300,GOES-19,2026-08-25 15:40:00
-8.641800,-50.328300,GOES-19,2026-08-25 16:00:00
-8.641800,-50.328300,GOES-19,2026-08-25 18:50:00
-11.114400,-50.021500,GOES-19,2026-08-25 19:10:00
-11.114400,-50.021500,GOES-19,2026-08-25 19:20:00
-11.133400,-50.019400,GOES-19,2026-08-25 16:50:00
-11.133400,-50.019400,GOES-19,2026-08-25 18:20:00
-11.133400,-50.019400,GOES-19,2026-08-25 18:30:00
-11.133400,-50.019400,GOES-19,2026-08-25 18:40:00
-11.133400,-50.019400,GOES-19,2026-08-25 18:50:00
-11.133400,-50.019400,GOES-19,2026-08-25 19:00:00
-11.133400,-50.019400,GOES-19,2026-08-25 19:10:00
-11.133400,-50.019400,GOES-19,2026-08-25 19:20:00
-11.133400,-50.019400,GOES-19,2026-08-25 19:30:00
-11.133400,-50.019400,GOES-19,2026-08-25 19:40:00
-11.133400,-50.019400,GOES-19,2026-08-25 19:50:00
-11.095700,-50.002100,GOES-19,2026-08-25 15:00:00
-11.114700,-50.000000,GOES-19,2026-08-25 15:00:00
-11.114700,-50.000000,GOES-19,2026-08-25 15:10:00
-11.114700,-50.000000,GOES-19,2026-08-25 15:20:00
-11.114700,-50.000000,GOES-19,2026-08-25 15:30:00
-11.114700,-50.000000,GOES-19,2026-08-25 15:40:00
-11.114700,-50.000000,GOES-19,2026-08-25 15:50:00
-11.114700,-50.000000,GOES-19,2026-08-25 16:00:00
-11.114700,-50.000000,GOES-19,2026-08-25 16:10:00
-11.114700,-50.000000,GOES-19,2026-08-25 16:30:00
-11.114700,-50.000000,GOES-19,2026-08-25 16:40:00
-11.114700,-50.000000,GOES-19,2026-08-25 16:50:00
-11.114700,-50.000000,GOES-19,2026-08-25 17:00:00
-11.114700,-50.000000,GOES-19,2026-08-25 17:30:00
-11.114700,-50.000000,GOES-19,2026-08-25 17:40:00
-11.114700,-50.000000,GOES-19,2026-08-25 17:50:00
-11.114700,-50.000000,GOES-19,2026-08-25 18:00:00
-11.114700,-50.000000,GOES-19,2026-08-25 18:10:00
-11.114700,-50.000000,GOES-19,2026-08-25 18:30:00
-11.114700,-50.000000,GOES-19,2026-08-25 18:40:00
-11.114700,-50.000000,GOES-19,2026-08-25 19:10:00
-11.114700,-50.000000,GOES-19,2026-08-25 19:20:00
-11.114700,-50.000000,GOES-19,2026-08-25 19:30:00
-11.114700,-50.000000,GOES-19,2026-08-25 19:40:00
-11.133700,-49.997800,GOES-19,2026-08-25 18:30:00
-11.133700,-49.997800,GOES-19,2026-08-25 18:40:00
-11.133700,-49.997800,GOES-19,2026-08-25 18:50:00
-11.133700,-49.997800,GOES-19,2026-08-25 19:00:00
-11.133700,-49.997800,GOES-19,2026-08-25 19:10:00
-11.133700,-49.997800,GOES-19,2026-08-25 19:20:00
-11.133700,-49.997800,GOES-19,2026-08-25 19:30:00
-11.133700,-49.997800,GOES-19,2026-08-25 19:40:00
-11.133700,-49.997800,GOES-19,2026-08-25 19:50:00
-11.096000,-49.980600,GOES-19,2026-08-25 13:50:00
-11.096000,-49.980600,GOES-19,2026-08-25 14:00:00
-11.096000,-49.980600,GOES-19,2026-08-25 14:10:00
-11.096000,-49.980600,GOES-19,2026-08-25 14:20:00
-11.096000,-49.980600,GOES-19,2026-08-25 14:40:00
-11.096000,-49.980600,GOES-19,2026-08-25 14:50:00
-11.096000,-49.980600,GOES-19,2026-08-25 15:00:00
-11.096000,-49.980600,GOES-19,2026-08-25 15:10:00
-11.096000,-49.980600,GOES-19,2026-08-25 15:20:00
-11.096000,-49.980600,GOES-19,2026-08-25 15:30:00
-11.096000,-49.980600,GOES-19,2026-08-25 15:40:00
-11.096000,-49.980600,GOES-19,2026-08-25 15:50:00
-11.096000,-49.980600,GOES-19,2026-08-25 16:00:00
-11.096000,-49.980600,GOES-19,2026-08-25 16:10:00
-11.096000,-49.980600,GOES-19,2026-08-25 16:20:00
-11.096000,-49.980600,GOES-19,2026-08-25 16:30:00
-11.096000,-49.980600,GOES-19,2026-08-25 16:40:00
-11.096000,-49.980600,GOES-19,2026-08-25 16:50:00
-11.096000,-49.980600,GOES-19,2026-08-25 17:00:00
-11.096000,-49.980600,GOES-19,2026-08-25 17:10:00
-11.096000,-49.980600,GOES-19,2026-08-25 17:20:00
-11.096000,-49.980600,GOES-19,2026-08-25 17:30:00
-11.096000,-49.980600,GOES-19,2026-08-25 17:40:00
-11.096000,-49.980600,GOES-19,2026-08-25 19:10:00
-11.096000,-49.980600,GOES-19,2026-08-25 19:20:00
-11.096000,-49.980600,GOES-19,2026-08-25 19:30:00
-11.096000,-49.980600,GOES-19,2026-08-25 19:40:00
-11.115000,-49.978400,GOES-19,2026-08-25 14:40:00
-11.115000,-49.978400,GOES-19,2026-08-25 15:00:00
-11.115000,-49.978400,GOES-19,2026-08-25 15:10:00
-11.115000,-49.978400,GOES-19,2026-08-25 15:20:00
-11.115000,-49.978400,GOES-19,2026-08-25 15:30:00
-11.115000,-49.978400,GOES-19,2026-08-25 15:40:00
-11.115000,-49.978400,GOES-19,2026-08-25 15:50:00
-11.115000,-49.978400,GOES-19,2026-08-25 16:00:00
-11.115000,-49.978400,GOES-19,2026-08-25 16:10:00
-11.115000,-49.978400,GOES-19,2026-08-25 16:20:00
-11.115000,-49.978400,GOES-19,2026-08-25 16:30:00
-11.115000,-49.978400,GOES-19,2026-08-25 16:40:00
-11.115000,-49.978400,GOES-19,2026-08-25 16:50:00
-11.115000,-49.978400,GOES-19,2026-08-25 17:00:00
-11.115000,-49.978400,GOES-19,2026-08-25 17:20:00
-11.115000,-49.978400,GOES-19,2026-08-25 17:30:00
-11.115000,-49.978400,GOES-19,2026-08-25 17:40:00
-11.115000,-49.978400,GOES-19,2026-08-25 17:50:00
-11.115000,-49.978400,GOES-19,2026-08-25 18:30:00
-11.115000,-49.978400,GOES-19,2026-08-25 18:40:00
-11.115000,-49.978400,GOES-19,2026-08-25 19:10:00
-11.115000,-49.978400,GOES-19,2026-08-25 19:20:00
-11.115000,-49.978400,GOES-19,2026-08-25 19:30:00
-11.115000,-49.978400,GOES-19,2026-08-25 19:40:00
-9.170800,-50.004900,GOES-19,2026-08-25 18:00:00
-9.170800,-50.004900,GOES-19,2026-08-25 18:10:00
-9.170800,-50.004900,GOES-19,2026-08-25 18:20:00
-9.189600,-50.003200,GOES-19,2026-08-25 18:00:00
-9.189600,-50.003200,GOES-19,2026-08-25 18:10:00
-9.171100,-49.983500,GOES-19,2026-08-25 18:00:00
-9.171100,-49.983500,GOES-19,2026-08-25 18:10:00
-9.171100,-49.983500,GOES-19,2026-08-25 18:20:00
-9.171100,-49.983500,GOES-19,2026-08-25 18:30:00
-9.171100,-49.983500,GOES-19,2026-08-25 18:40:00
-9.171100,-49.983500,GOES-19,2026-08-25 18:50:00
-9.189900,-49.981800,GOES-19,2026-08-25 17:50:00
-9.189900,-49.981800,GOES-19,2026-08-25 18:00:00
-9.189900,-49.981800,GOES-19,2026-08-25 18:10:00
-9.189900,-49.981800,GOES-19,2026-08-25 18:20:00
-9.189900,-49.981800,GOES-19,2026-08-25 18:30:00
-9.189900,-49.981800,GOES-19,2026-08-25 18:40:00
-9.189900,-49.981800,GOES-19,2026-08-25 19:00:00
-9.189900,-49.981800,GOES-19,2026-08-25 19:10:00
-9.189900,-49.981800,GOES-19,2026-08-25 19:20:00
-9.189900,-49.981800,GOES-19,2026-08-25 19:40:00
-8.607500,-50.033700,GOES-19,2026-08-25 13:30:00
-8.758400,-49.956600,GOES-19,2026-08-25 18:10:00
-8.758400,-49.956600,GOES-19,2026-08-25 18:20:00
-8.758400,-49.956600,GOES-19,2026-08-25 18:30:00
-8.758400,-49.956600,GOES-19,2026-08-25 18:40:00
-8.758400,-49.956600,GOES-19,2026-08-25 18:50:00
-8.758400,-49.956600,GOES-19,2026-08-25 19:00:00
-8.758400,-49.956600,GOES-19,2026-08-25 19:10:00
-8.758400,-49.956600,GOES-19,2026-08-25 19:20:00
-8.758400,-49.956600,GOES-19,2026-08-25 19:30:00
-8.758400,-49.956600,GOES-19,2026-08-25 19:40:00
-8.758400,-49.956600,GOES-19,2026-08-25 19:50:00
-8.777200,-49.955000,GOES-19,2026-08-25 18:10:00
-8.777200,-49.955000,GOES-19,2026-08-25 18:20:00
-8.777200,-49.955000,GOES-19,2026-08-25 18:30:00
-8.777200,-49.955000,GOES-19,2026-08-25 18:50:00
-8.777200,-49.955000,GOES-19,2026-08-25 19:00:00
-8.777200,-49.955000,GOES-19,2026-08-25 19:10:00
-8.777200,-49.955000,GOES-19,2026-08-25 19:20:00
-8.777200,-49.955000,GOES-19,2026-08-25 19:30:00
-8.777200,-49.955000,GOES-19,2026-08-25 19:40:00
-14.925700,-49.207700,GOES-19,2026-08-25 15:10:00
-8.758600,-49.935300,GOES-19,2026-08-25 18:20:00
-8.758600,-49.935300,GOES-19,2026-08-25 18:30:00
-8.758600,-49.935300,GOES-19,2026-08-25 18:40:00
-8.758600,-49.935300,GOES-19,2026-08-25 18:50:00
-8.758600,-49.935300,GOES-19,2026-08-25 19:00:00
-8.758600,-49.935300,GOES-19,2026-08-25 19:10:00
-8.758600,-49.935300,GOES-19,2026-08-25 19:20:00
-8.777400,-49.933600,GOES-19,2026-08-25 18:50:00
-8.777400,-49.933600,GOES-19,2026-08-25 19:00:00
-8.799900,-49.611000,GOES-19,2026-08-25 19:10:00
-8.799900,-49.611000,GOES-19,2026-08-25 19:20:00
-8.818700,-49.609300,GOES-19,2026-08-25 17:50:00
-8.818700,-49.609300,GOES-19,2026-08-25 18:10:00
-8.818700,-49.609300,GOES-19,2026-08-25 19:00:00
-8.818700,-49.609300,GOES-19,2026-08-25 19:20:00
-8.818700,-49.609300,GOES-19,2026-08-25 19:50:00
-8.818900,-49.587900,GOES-19,2026-08-25 17:30:00
-8.818900,-49.587900,GOES-19,2026-08-25 17:40:00
-8.818900,-49.587900,GOES-19,2026-08-25 17:50:00
-8.818900,-49.587900,GOES-19,2026-08-25 18:10:00
-8.818900,-49.587900,GOES-19,2026-08-25 18:30:00
-8.818900,-49.587900,GOES-19,2026-08-25 19:00:00
-8.818900,-49.587900,GOES-19,2026-08-25 19:10:00
-8.818900,-49.587900,GOES-19,2026-08-25 19:20:00
-8.818900,-49.587900,GOES-19,2026-08-25 19:50:00
-10.858100,-49.381900,GOES-19,2026-08-25 18:40:00
-10.839500,-49.362300,GOES-19,2026-08-25 18:10:00
-10.839500,-49.362300,GOES-19,2026-08-25 18:30:00
-10.839500,-49.362300,GOES-19,2026-08-25 18:40:00
-10.858500,-49.360200,GOES-19,2026-08-25 18:40:00
-13.633700,-49.005100,GOES-19,2026-08-25 14:20:00
-13.633700,-49.005100,GOES-19,2026-08-25 14:30:00
-13.633700,-49.005100,GOES-19,2026-08-25 15:00:00
-9.705800,-49.353100,GOES-19,2026-08-25 18:10:00
-9.705800,-49.353100,GOES-19,2026-08-25 18:30:00
-9.724600,-49.351200,GOES-19,2026-08-25 18:10:00
-9.574800,-49.279900,GOES-19,2026-08-25 19:10:00
-9.574800,-49.279900,GOES-19,2026-08-25 19:20:00
-9.574800,-49.279900,GOES-19,2026-08-25 19:30:00
-9.574800,-49.279900,GOES-19,2026-08-25 19:40:00
-9.574800,-49.279900,GOES-19,2026-08-25 19:50:00
-9.593600,-49.278000,GOES-19,2026-08-25 19:20:00
-9.593600,-49.278000,GOES-19,2026-08-25 19:30:00
-9.575100,-49.258300,GOES-19,2026-08-25 13:20:00
-9.575100,-49.258300,GOES-19,2026-08-25 13:30:00
-9.575100,-49.258300,GOES-19,2026-08-25 13:40:00
-9.575100,-49.258300,GOES-19,2026-08-25 13:50:00
-9.575100,-49.258300,GOES-19,2026-08-25 14:00:00
-9.575100,-49.258300,GOES-19,2026-08-25 14:10:00
-9.575100,-49.258300,GOES-19,2026-08-25 14:20:00
-9.575100,-49.258300,GOES-19,2026-08-25 14:30:00
-9.575100,-49.258300,GOES-19,2026-08-25 14:40:00
-9.575100,-49.258300,GOES-19,2026-08-25 14:50:00
-9.575100,-49.258300,GOES-19,2026-08-25 15:00:00
-9.575100,-49.258300,GOES-19,2026-08-25 15:10:00
-9.575100,-49.258300,GOES-19,2026-08-25 15:30:00
-9.575100,-49.258300,GOES-19,2026-08-25 15:50:00
-9.575100,-49.258300,GOES-19,2026-08-25 17:50:00
-9.575100,-49.258300,GOES-19,2026-08-25 18:00:00
-9.575100,-49.258300,GOES-19,2026-08-25 18:10:00
-9.575100,-49.258300,GOES-19,2026-08-25 18:30:00
-9.593900,-49.256500,GOES-19,2026-08-25 13:40:00
-9.593900,-49.256500,GOES-19,2026-08-25 13:50:00
-9.593900,-49.256500,GOES-19,2026-08-25 14:00:00
-9.593900,-49.256500,GOES-19,2026-08-25 14:10:00
-9.593900,-49.256500,GOES-19,2026-08-25 19:20:00
-9.594200,-49.234800,GOES-19,2026-08-25 13:50:00
-9.594200,-49.234800,GOES-19,2026-08-25 14:20:00
-9.594200,-49.234800,GOES-19,2026-08-25 15:00:00
-9.594200,-49.234800,GOES-19,2026-08-25 17:40:00
-2.794900,-49.560800,GOES-19,2026-08-25 18:30:00
-5.333200,-49.199700,GOES-19,2026-08-25 16:30:00
-15.105300,-48.020900,GOES-19,2026-08-25 12:40:00
-15.124900,-48.017600,GOES-19,2026-08-25 12:40:00
-15.124900,-48.017600,GOES-19,2026-08-25 12:50:00
-15.124900,-48.017600,GOES-19,2026-08-25 14:40:00
-13.339800,-48.230100,GOES-19,2026-08-25 11:00:00
-13.339800,-48.230100,GOES-19,2026-08-25 12:30:00
-13.339800,-48.230100,GOES-19,2026-08-25 12:40:00
-13.359100,-48.227300,GOES-19,2026-08-25 12:20:00
-13.359100,-48.227300,GOES-19,2026-08-25 12:30:00
-13.359100,-48.227300,GOES-19,2026-08-25 12:40:00
-13.359100,-48.227300,GOES-19,2026-08-25 12:50:00
-13.359100,-48.227300,GOES-19,2026-08-25 13:00:00
-13.359100,-48.227300,GOES-19,2026-08-25 13:10:00
-13.359100,-48.227300,GOES-19,2026-08-25 13:20:00
-13.359100,-48.227300,GOES-19,2026-08-25 13:30:00
-13.359100,-48.227300,GOES-19,2026-08-25 13:40:00
-13.359100,-48.227300,GOES-19,2026-08-25 13:50:00
-13.359100,-48.227300,GOES-19,2026-08-25 14:00:00
-13.359100,-48.227300,GOES-19,2026-08-25 14:10:00
-13.359100,-48.227300,GOES-19,2026-08-25 14:20:00
-13.359100,-48.227300,GOES-19,2026-08-25 18:30:00
-13.359100,-48.227300,GOES-19,2026-08-25 18:40:00
-13.791800,-64.820200,GOES-19,2026-08-26 03:20:00
-15.612900,-60.772300,GOES-19,2026-08-26 03:20:00
-15.890900,-61.814200,GOES-19,2026-08-26 03:20:00
-10.372700,-45.053700,GOES-19,2026-08-26 03:20:00
-14.797700,-48.807400,GOES-19,2026-08-26 03:20:00
-14.798100,-48.785100,GOES-19,2026-08-26 03:20:00
-6.267600,-53.376800,GOES-19,2026-08-26 03:20:00
-6.267700,-53.356500,GOES-19,2026-08-26 03:20:00
-6.622600,-58.499500,GOES-19,2026-08-26 03:20:00
-6.640900,-58.518100,GOES-19,2026-08-26 03:20:00
-6.641000,-58.498700,GOES-19,2026-08-26 03:20:00
-6.659500,-58.498000,GOES-19,2026-08-26 03:20:00
-7.024200,-59.237400,GOES-19,2026-08-26 03:20:00
-7.024300,-59.218100,GOES-19,2026-08-26 03:20:00
-7.061200,-59.235800,GOES-19,2026-08-26 03:20:00
-7.061300,-59.216500,GOES-19,2026-08-26 03:20:00
-7.079700,-59.215700,GOES-19,2026-08-26 03:20:00
-7.510400,-61.383200,GOES-19,2026-08-26 03:20:00
-7.528800,-61.401500,GOES-19,2026-08-26 03:20:00
-7.528900,-61.382500,GOES-19,2026-08-26 03:20:00
-9.602400,-55.107800,GOES-19,2026-08-26 03:20:00
-10.759600,-54.038400,GOES-19,2026-08-26 03:20:00
-10.759800,-54.017900,GOES-19,2026-08-26 03:20:00
-10.778400,-54.036800,GOES-19,2026-08-26 03:20:00
-10.778700,-54.016300,GOES-19,2026-08-26 03:20:00
-13.190000,-51.359300,GOES-19,2026-08-26 03:20:00
-13.190300,-51.338000,GOES-19,2026-08-26 03:20:00
-13.227700,-51.397300,GOES-19,2026-08-26 03:20:00
-13.228000,-51.375900,GOES-19,2026-08-26 03:20:00
-13.246900,-51.394900,GOES-19,2026-08-26 03:20:00
-13.247200,-51.373500,GOES-19,2026-08-26 03:20:00
-13.283900,-51.475500,GOES-19,2026-08-26 03:20:00
-13.284200,-51.454100,GOES-19,2026-08-26 03:20:00
-13.303100,-51.473100,GOES-19,2026-08-26 03:20:00