lat,lon,satelite,data
-12.160400,-65.430900,GOES-19,2026-09-29 05:40:00
-12.179200,-65.430100,GOES-19,2026-09-29 05:40:00
-12.651000,-65.352200,GOES-19,2026-09-29 05:40:00
-12.669800,-65.370300,GOES-19,2026-09-29 05:40:00
-12.669900,-65.351300,GOES-19,2026-09-29 05:40:00
-12.688800,-65.350500,GOES-19,2026-09-29 05:40:00
9.627300,-63.705600,GOES-19,2026-09-29 05:30:00
-12.669900,-65.351300,GOES-19,2026-09-29 04:40:00
-12.688800,-65.350500,GOES-19,2026-09-29 04:40:00
-13.356000,-64.671100,GOES-19,2026-09-29 04:40:00
-12.651000,-65.352200,GOES-19,2026-09-29 04:30:00
-12.669900,-65.351300,GOES-19,2026-09-29 04:30:00
-12.688800,-65.350500,GOES-19,2026-09-29 04:30:00
-13.356000,-64.671100,GOES-19,2026-09-29 04:30:00
-17.469300,-60.162900,GOES-19,2026-09-29 04:30:00
-18.368800,-62.077800,GOES-19,2026-09-29 04:30:00
-18.369100,-62.057900,GOES-19,2026-09-29 04:30:00
-18.388600,-62.076000,GOES-19,2026-09-29 04:30:00
-18.388900,-62.056100,GOES-19,2026-09-29 04:30:00
-18.408400,-62.074200,GOES-19,2026-09-29 04:30:00
-9.158400,-61.408200,GOES-19,2026-09-29 04:30:00
-9.177000,-61.407300,GOES-19,2026-09-29 04:30:00
-10.389200,-61.269500,GOES-19,2026-09-29 04:30:00
-10.389400,-61.250200,GOES-19,2026-09-29 04:30:00
-10.389500,-61.231000,GOES-19,2026-09-29 04:30:00
-10.408100,-61.249200,GOES-19,2026-09-29 04:30:00
-11.822900,-65.256500,GOES-19,2026-09-29 04:20:00
-12.651000,-65.352200,GOES-19,2026-09-29 04:20:00
-12.669900,-65.351300,GOES-19,2026-09-29 04:20:00
-12.688800,-65.350500,GOES-19,2026-09-29 04:20:00
-13.356000,-64.671100,GOES-19,2026-09-29 04:20:00
-17.469300,-60.162900,GOES-19,2026-09-29 04:20:00
-17.633100,-59.683400,GOES-19,2026-09-29 04:20:00
-18.368800,-62.077800,GOES-19,2026-09-29 04:20:00
-18.369100,-62.057900,GOES-19,2026-09-29 04:20:00
-18.388600,-62.076000,GOES-19,2026-09-29 04:20:00
-18.388900,-62.056100,GOES-19,2026-09-29 04:20:00
-18.408400,-62.074200,GOES-19,2026-09-29 04:20:00
-20.280400,-58.307700,GOES-19,2026-09-29 04:20:00
-20.300600,-58.305000,GOES-19,2026-09-29 04:20:00
-23.906900,-58.693400,GOES-19,2026-09-29 04:20:00
-9.177000,-61.407300,GOES-19,2026-09-29 04:20:00
-9.959500,-50.143100,GOES-19,2026-09-29 04:20:00
-10.389400,-61.250200,GOES-19,2026-09-29 04:20:00
-11.822900,-65.256500,GOES-19,2026-09-29 04:10:00
-12.651000,-65.352200,GOES-19,2026-09-29 04:10:00
-12.669800,-65.370300,GOES-19,2026-09-29 04:10:00
-12.669900,-65.351300,GOES-19,2026-09-29 04:10:00
-13.337000,-64.672000,GOES-19,2026-09-29 04:10:00
-13.355800,-64.690100,GOES-19,2026-09-29 04:10:00
-13.356000,-64.671100,GOES-19,2026-09-29 04:10:00
-17.469300,-60.162900,GOES-19,2026-09-29 04:10:00
-17.613400,-59.685400,GOES-19,2026-09-29 04:10:00
-17.633100,-59.683400,GOES-19,2026-09-29 04:10:00
-18.368800,-62.077800,GOES-19,2026-09-29 04:10:00
-18.369100,-62.057900,GOES-19,2026-09-29 04:10:00
-18.388600,-62.076000,GOES-19,2026-09-29 04:10:00
-18.388900,-62.056100,GOES-19,2026-09-29 04:10:00
-18.408400,-62.074200,GOES-19,2026-09-29 04:10:00
-20.300600,-58.305000,GOES-19,2026-09-29 04:10:00
-22.424200,-58.047600,GOES-19,2026-09-29 04:10:00
-22.444900,-58.044500,GOES-19,2026-09-29 04:10:00
-23.906900,-58.693400,GOES-19,2026-09-29 04:10:00
-11.177500,-44.783200,GOES-19,2026-09-29 04:10:00
-15.251100,-43.274300,GOES-19,2026-09-29 04:10:00
-15.251700,-43.250100,GOES-19,2026-09-29 04:10:00
-9.177000,-61.407300,GOES-19,2026-09-29 04:10:00
-9.959500,-50.143100,GOES-19,2026-09-29 04:10:00
-10.389400,-61.250200,GOES-19,2026-09-29 04:10:00
-17.633100,-59.683400,GOES-19,2026-09-29 04:00:00
-12.651000,-65.352200,GOES-19,2026-09-29 04:00:00
-12.669800,-65.370300,GOES-19,2026-09-29 04:00:00
-12.669900,-65.351300,GOES-19,2026-09-29 04:00:00
-13.355800,-64.690100,GOES-19,2026-09-29 04:00:00
-13.356000,-64.671100,GOES-19,2026-09-29 04:00:00
-17.469300,-60.162900,GOES-19,2026-09-29 04:00:00
-18.368800,-62.077800,GOES-19,2026-09-29 04:00:00
-18.369100,-62.057900,GOES-19,2026-09-29 04:00:00
-18.388600,-62.076000,GOES-19,2026-09-29 04:00:00
-18.388900,-62.056100,GOES-19,2026-09-29 04:00:00
-18.408400,-62.074200,GOES-19,2026-09-29 04:00:00
-20.300600,-58.305000,GOES-19,2026-09-29 04:00:00
-23.906900,-58.693400,GOES-19,2026-09-29 04:00:00
-23.923600,-58.903900,GOES-19,2026-09-29 04:00:00
-11.177500,-44.783200,GOES-19,2026-09-29 04:00:00
-11.411500,-43.438800,GOES-19,2026-09-29 04:00:00
-11.430200,-43.459600,GOES-19,2026-09-29 04:00:00
-11.430700,-43.435800,GOES-19,2026-09-29 04:00:00
-15.251100,-43.274300,GOES-19,2026-09-29 04:00:00
-15.251700,-43.250100,GOES-19,2026-09-29 04:00:00
-7.829700,-45.815600,GOES-19,2026-09-29 04:00:00
-7.848600,-45.813800,GOES-19,2026-09-29 04:00:00
-9.177000,-61.407300,GOES-19,2026-09-29 04:00:00
-12.612900,-65.410800,GOES-19,2026-09-29 03:50:00
-12.631800,-65.410000,GOES-19,2026-09-29 03:50:00
-12.651000,-65.352200,GOES-19,2026-09-29 03:50:00
-12.669800,-65.370300,GOES-19,2026-09-29 03:50:00
-12.669900,-65.351300,GOES-19,2026-09-29 03:50:00
-13.337000,-64.672000,GOES-19,2026-09-29 03:50:00
-13.355800,-64.690100,GOES-19,2026-09-29 03:50:00
-13.356000,-64.671100,GOES-19,2026-09-29 03:50:00
-13.374900,-64.670100,GOES-19,2026-09-29 03:50:00
-17.469300,-60.162900,GOES-19,2026-09-29 03:50:00
-17.633100,-59.683400,GOES-19,2026-09-29 03:50:00
-18.368800,-62.077800,GOES-19,2026-09-29 03:50:00
-18.369100,-62.057900,GOES-19,2026-09-29 03:50:00
-18.388600,-62.076000,GOES-19,2026-09-29 03:50:00
-18.388900,-62.056100,GOES-19,2026-09-29 03:50:00
-18.408400,-62.074200,GOES-19,2026-09-29 03:50:00
-20.300600,-58.305000,GOES-19,2026-09-29 03:50:00
-23.923600,-58.903900,GOES-19,2026-09-29 03:50:00
-12.386300,-69.104200,GOES-19,2026-09-29 03:50:00
-6.294700,-43.642700,GOES-19,2026-09-29 03:50:00
-11.411000,-43.462500,GOES-19,2026-09-29 03:50:00
-11.411500,-43.438800,GOES-19,2026-09-29 03:50:00
-11.429800,-43.483300,GOES-19,2026-09-29 03:50:00
-11.430200,-43.459600,GOES-19,2026-09-29 03:50:00
-11.430700,-43.435800,GOES-19,2026-09-29 03:50:00
-15.251100,-43.274300,GOES-19,2026-09-29 03:50:00
-21.065800,-48.842800,GOES-19,2026-09-29 03:50:00
-21.066500,-48.819600,GOES-19,2026-09-29 03:50:00
-3.820200,-55.918700,GOES-19,2026-09-29 03:50:00
-3.820200,-55.899000,GOES-19,2026-09-29 03:50:00
-7.829700,-45.815600,GOES-19,2026-09-29 03:50:00
-7.848600,-45.813800,GOES-19,2026-09-29 03:50:00
-9.177000,-61.407300,GOES-19,2026-09-29 03:50:00
-10.214700,-46.706000,GOES-19,2026-09-29 03:50:00
-11.974800,-50.929500,GOES-19,2026-09-29 03:50:00
-11.411000,-43.462500,GOES-19,2026-09-29 03:40:00
-12.594000,-65.411700,GOES-19,2026-09-29 03:40:00
-12.612900,-65.410800,GOES-19,2026-09-29 03:40:00
-12.631800,-65.410000,GOES-19,2026-09-29 03:40:00
-12.650900,-65.371200,GOES-19,2026-09-29 03:40:00
-12.651000,-65.352200,GOES-19,2026-09-29 03:40:00
-12.669800,-65.370300,GOES-19,2026-09-29 03:40:00
-12.669900,-65.351300,GOES-19,2026-09-29 03:40:00
-13.336800,-64.691100,GOES-19,2026-09-29 03:40:00
-13.337000,-64.672000,GOES-19,2026-09-29 03:40:00
-13.355800,-64.690100,GOES-19,2026-09-29 03:40:00
-13.356000,-64.671100,GOES-19,2026-09-29 03:40:00
-13.374800,-64.689200,GOES-19,2026-09-29 03:40:00
-13.374900,-64.670100,GOES-19,2026-09-29 03:40:00
-17.469300,-60.162900,GOES-19,2026-09-29 03:40:00
-17.613400,-59.685400,GOES-19,2026-09-29 03:40:00
-17.633100,-59.683400,GOES-19,2026-09-29 03:40:00
-18.152400,-62.037600,GOES-19,2026-09-29 03:40:00
-18.368800,-62.077800,GOES-19,2026-09-29 03:40:00
-18.369100,-62.057900,GOES-19,2026-09-29 03:40:00
-18.388600,-62.076000,GOES-19,2026-09-29 03:40:00
-18.388900,-62.056100,GOES-19,2026-09-29 03:40:00
-18.408400,-62.074200,GOES-19,2026-09-29 03:40:00
-20.300200,-58.325800,GOES-19,2026-09-29 03:40:00
-20.300600,-58.305000,GOES-19,2026-09-29 03:40:00
-23.906900,-58.693400,GOES-19,2026-09-29 03:40:00
-11.411500,-43.438800,GOES-19,2026-09-29 03:40:00
-11.429800,-43.483300,GOES-19,2026-09-29 03:40:00
-11.430200,-43.459600,GOES-19,2026-09-29 03:40:00
-11.430700,-43.435800,GOES-19,2026-09-29 03:40:00
-15.251100,-43.274300,GOES-19,2026-09-29 03:40:00
-15.251700,-43.250100,GOES-19,2026-09-29 03:40:00
-3.820200,-55.918700,GOES-19,2026-09-29 03:40:00
-3.820200,-55.899000,GOES-19,2026-09-29 03:40:00
-7.829700,-45.815600,GOES-19,2026-09-29 03:40:00
-7.848600,-45.813800,GOES-19,2026-09-29 03:40:00
-9.177000,-61.407300,GOES-19,2026-09-29 03:40:00
-11.974800,-50.929500,GOES-19,2026-09-29 03:40:00
-12.742100,-47.268400,GOES-19,2026-09-29 03:40:00
-12.594000,-65.411700,GOES-19,2026-09-29 03:30:00
-12.612800,-65.429800,GOES-19,2026-09-29 03:30:00
-12.612900,-65.410800,GOES-19,2026-09-29 03:30:00
-12.613000,-65.391900,GOES-19,2026-09-29 03:30:00
-12.631800,-65.410000,GOES-19,2026-09-29 03:30:00
-12.650900,-65.371200,GOES-19,2026-09-29 03:30:00
-12.651000,-65.352200,GOES-19,2026-09-29 03:30:00
-12.669800,-65.370300,GOES-19,2026-09-29 03:30:00
-12.669900,-65.351300,GOES-19,2026-09-29 03:30:00
-17.469300,-60.162900,GOES-19,2026-09-29 03:30:00
-17.613400,-59.685400,GOES-19,2026-09-29 03:30:00
-17.633100,-59.683400,GOES-19,2026-09-29 03:30:00
-18.368800,-62.077800,GOES-19,2026-09-29 03:30:00
-18.369100,-62.057900,GOES-19,2026-09-29 03:30:00
-18.388600,-62.076000,GOES-19,2026-09-29 03:30:00
-18.388900,-62.056100,GOES-19,2026-09-29 03:30:00
-18.408400,-62.074200,GOES-19,2026-09-29 03:30:00
-20.300600,-58.305000,GOES-19,2026-09-29 03:30:00
-23.603900,-61.496700,GOES-19,2026-09-29 03:30:00
-23.624800,-61.494100,GOES-19,2026-09-29 03:30:00
-11.411000,-43.462500,GOES-19,2026-09-29 03:30:00
-11.411500,-43.438800,GOES-19,2026-09-29 03:30:00
-11.430200,-43.459600,GOES-19,2026-09-29 03:30:00
-11.430700,-43.435800,GOES-19,2026-09-29 03:30:00
-15.231400,-43.278400,GOES-19,2026-09-29 03:30:00
-15.251100,-43.274300,GOES-19,2026-09-29 03:30:00
1.675000,-55.883100,GOES-19,2026-09-29 03:30:00
1.656700,-55.883300,GOES-19,2026-09-29 03:30:00
-3.820200,-55.918700,GOES-19,2026-09-29 03:30:00
-3.820200,-55.899000,GOES-19,2026-09-29 03:30:00
-5.608100,-45.003800,GOES-19,2026-09-29 03:30:00
-7.829700,-45.815600,GOES-19,2026-09-29 03:30:00
-7.848600,-45.813800,GOES-19,2026-09-29 03:30:00
-9.158400,-61.408200,GOES-19,2026-09-29 03:30:00
-9.177000,-61.407300,GOES-19,2026-09-29 03:30:00
-12.065800,-46.487000,GOES-19,2026-09-29 03:30:00
-12.663500,-47.369400,GOES-19,2026-09-28 13:10:00
-12.682800,-47.366600,GOES-19,2026-09-28 13:00:00
-12.682800,-47.366600,GOES-19,2026-09-28 13:10:00
-12.682800,-47.366600,GOES-19,2026-09-28 18:30:00
-12.682800,-47.366600,GOES-19,2026-09-28 18:40:00
-12.682800,-47.366600,GOES-19,2026-09-28 18:50:00
-12.760200,-47.333000,GOES-19,2026-09-28 18:10:00
-12.644700,-47.349700,GOES-19,2026-09-28 13:30:00
-12.663900,-47.346900,GOES-19,2026-09-28 11:40:00
-12.663900,-47.346900,GOES-19,2026-09-28 12:00:00
-12.663900,-47.346900,GOES-19,2026-09-28 12:10:00
-12.663900,-47.346900,GOES-19,2026-09-28 12:20:00
-12.663900,-47.346900,GOES-19,2026-09-28 12:30:00
-12.663900,-47.346900,GOES-19,2026-09-28 12:50:00
-12.663900,-47.346900,GOES-19,2026-09-28 13:00:00
-12.663900,-47.346900,GOES-19,2026-09-28 13:10:00
-12.663900,-47.346900,GOES-19,2026-09-28 13:20:00
-12.663900,-47.346900,GOES-19,2026-09-28 13:30:00
-12.663900,-47.346900,GOES-19,2026-09-28 13:40:00
-12.663900,-47.346900,GOES-19,2026-09-28 18:20:00
-12.683200,-47.344200,GOES-19,2026-09-28 13:00:00
-12.683200,-47.344200,GOES-19,2026-09-28 13:10:00
-12.683200,-47.344200,GOES-19,2026-09-28 13:30:00
-12.683200,-47.344200,GOES-19,2026-09-28 13:40:00
-12.702400,-47.341400,GOES-19,2026-09-28 13:10:00
-14.464000,-47.067500,GOES-19,2026-09-28 11:40:00
-14.464000,-47.067500,GOES-19,2026-09-28 11:50:00
-14.464000,-47.067500,GOES-19,2026-09-28 12:10:00
-14.464000,-47.067500,GOES-19,2026-09-28 12:20:00
-14.464000,-47.067500,GOES-19,2026-09-28 13:00:00
-14.464000,-47.067500,GOES-19,2026-09-28 13:10:00
-12.625900,-47.330000,GOES-19,2026-09-28 13:00:00
-12.625900,-47.330000,GOES-19,2026-09-28 13:30:00
-12.625900,-47.330000,GOES-19,2026-09-28 13:40:00
-12.645100,-47.327200,GOES-19,2026-09-28 13:00:00
-12.645100,-47.327200,GOES-19,2026-09-28 13:30:00
-12.645100,-47.327200,GOES-19,2026-09-28 13:40:00
-12.664300,-47.324500,GOES-19,2026-09-28 13:00:00
-12.664300,-47.324500,GOES-19,2026-09-28 13:10:00
-12.664300,-47.324500,GOES-19,2026-09-28 13:30:00
-12.664300,-47.324500,GOES-19,2026-09-28 13:40:00
-12.683600,-47.321700,GOES-19,2026-09-28 13:00:00
-12.683600,-47.321700,GOES-19,2026-09-28 13:10:00
-12.683600,-47.321700,GOES-19,2026-09-28 13:30:00
-12.683600,-47.321700,GOES-19,2026-09-28 13:40:00
-12.702800,-47.318900,GOES-19,2026-09-28 13:00:00
-12.702800,-47.318900,GOES-19,2026-09-28 13:10:00
-12.702800,-47.318900,GOES-19,2026-09-28 13:30:00
-12.702800,-47.318900,GOES-19,2026-09-28 13:40:00
-14.464400,-47.044700,GOES-19,2026-09-28 11:50:00
-14.464400,-47.044700,GOES-19,2026-09-28 12:10:00
-14.464400,-47.044700,GOES-19,2026-09-28 12:20:00
-14.464400,-47.044700,GOES-19,2026-09-28 12:40:00
-14.464400,-47.044700,GOES-19,2026-09-28 19:10:00
-12.626300,-47.307500,GOES-19,2026-09-28 13:30:00
-12.626300,-47.307500,GOES-19,2026-09-28 13:40:00
-12.761000,-47.288100,GOES-19,2026-09-28 13:50:00
-12.761000,-47.288100,GOES-19,2026-09-28 15:10:00
-12.742100,-47.268400,GOES-19,2026-09-28 14:10:00
-12.607400,-47.287800,GOES-19,2026-09-28 18:30:00
-12.607400,-47.287800,GOES-19,2026-09-28 18:40:00
-11.553500,-47.409900,GOES-19,2026-09-28 14:00:00
-11.553500,-47.409900,GOES-19,2026-09-28 14:50:00
-11.382000,-47.409900,GOES-19,2026-09-28 18:10:00
-11.534800,-47.390100,GOES-19,2026-09-28 13:10:00
-11.534800,-47.390100,GOES-19,2026-09-28 13:20:00
-11.534800,-47.390100,GOES-19,2026-09-28 13:40:00
-11.534800,-47.390100,GOES-19,2026-09-28 13:50:00
-11.534800,-47.390100,GOES-19,2026-09-28 14:00:00
-11.534800,-47.390100,GOES-19,2026-09-28 14:10:00
-11.534800,-47.390100,GOES-19,2026-09-28 14:20:00
-11.534800,-47.390100,GOES-19,2026-09-28 14:30:00
-11.534800,-47.390100,GOES-19,2026-09-28 14:40:00
-11.534800,-47.390100,GOES-19,2026-09-28 14:50:00
-11.534800,-47.390100,GOES-19,2026-09-28 18:50:00
-11.553900,-47.387600,GOES-19,2026-09-28 13:40:00
-11.553900,-47.387600,GOES-19,2026-09-28 13:50:00
-11.553900,-47.387600,GOES-19,2026-09-28 14:00:00
-11.553900,-47.387600,GOES-19,2026-09-28 14:10:00
-11.553900,-47.387600,GOES-19,2026-09-28 14:20:00
-11.553900,-47.387600,GOES-19,2026-09-28 18:10:00
-11.553900,-47.387600,GOES-19,2026-09-28 18:20:00
-11.573000,-47.385100,GOES-19,2026-09-28 18:00:00
-11.573000,-47.385100,GOES-19,2026-09-28 18:10:00
-11.382400,-47.387600,GOES-19,2026-09-28 18:10:00
-11.382400,-47.387600,GOES-19,2026-09-28 18:20:00
-11.382400,-47.387600,GOES-19,2026-09-28 18:30:00
-11.554300,-47.365300,GOES-19,2026-09-28 13:10:00
-11.554300,-47.365300,GOES-19,2026-09-28 13:40:00
-11.554300,-47.365300,GOES-19,2026-09-28 13:50:00
-11.554300,-47.365300,GOES-19,2026-09-28 14:00:00
-11.554300,-47.365300,GOES-19,2026-09-28 14:20:00
-11.497700,-47.328100,GOES-19,2026-09-28 17:50:00
-11.863700,-47.122900,GOES-19,2026-09-28 19:30:00
-11.519300,-47.168900,GOES-19,2026-09-28 18:30:00
-11.519300,-47.168900,GOES-19,2026-09-28 18:40:00
-11.538400,-47.166400,GOES-19,2026-09-28 18:20:00
-11.538400,-47.166400,GOES-19,2026-09-28 18:30:00
-11.538400,-47.166400,GOES-19,2026-09-28 18:40:00
-11.538400,-47.166400,GOES-19,2026-09-28 18:50:00
-11.883200,-47.097800,GOES-19,2026-09-28 12:10:00
-11.883200,-47.097800,GOES-19,2026-09-28 13:30:00
-11.883200,-47.097800,GOES-19,2026-09-28 13:50:00
-11.883200,-47.097800,GOES-19,2026-09-28 14:00:00
-11.903500,-47.027800,GOES-19,2026-09-28 18:30:00
-9.073900,-47.189000,GOES-19,2026-09-28 18:00:00
-9.073900,-47.189000,GOES-19,2026-09-28 18:10:00
-12.945200,-46.674800,GOES-19,2026-09-28 19:10:00
-12.945200,-46.674800,GOES-19,2026-09-28 19:20:00
-8.452500,-47.206700,GOES-19,2026-09-28 15:10:00
-12.926300,-46.655000,GOES-19,2026-09-28 19:00:00
-12.926300,-46.655000,GOES-19,2026-09-28 19:10:00
-12.926300,-46.655000,GOES-19,2026-09-28 19:20:00
-12.945600,-46.652000,GOES-19,2026-09-28 18:50:00
-12.945600,-46.652000,GOES-19,2026-09-28 19:00:00
-12.946000,-46.629300,GOES-19,2026-09-28 18:40:00
-15.203300,-46.183800,GOES-19,2026-09-28 11:00:00
-15.203300,-46.183800,GOES-19,2026-09-28 11:20:00
-15.203300,-46.183800,GOES-19,2026-09-28 11:40:00
-15.203300,-46.183800,GOES-19,2026-09-28 12:10:00
-15.203300,-46.183800,GOES-19,2026-09-28 12:40:00
-15.203300,-46.183800,GOES-19,2026-09-28 13:10:00
-15.203300,-46.183800,GOES-19,2026-09-28 13:20:00
-15.203300,-46.183800,GOES-19,2026-09-28 13:30:00
-15.203300,-46.183800,GOES-19,2026-09-28 13:50:00
-15.203300,-46.183800,GOES-19,2026-09-28 14:10:00
-15.203300,-46.183800,GOES-19,2026-09-28 14:20:00
-15.203300,-46.183800,GOES-19,2026-09-28 14:30:00
-15.203300,-46.183800,GOES-19,2026-09-28 14:40:00
-15.222900,-46.180200,GOES-19,2026-09-28 13:20:00
-15.203800,-46.160600,GOES-19,2026-09-28 11:00:00
-15.203800,-46.160600,GOES-19,2026-09-28 11:10:00
-15.203800,-46.160600,GOES-19,2026-09-28 11:20:00
-15.203800,-46.160600,GOES-19,2026-09-28 11:30:00
-15.203800,-46.160600,GOES-19,2026-09-28 11:40:00
-15.203800,-46.160600,GOES-19,2026-09-28 11:50:00
-15.203800,-46.160600,GOES-19,2026-09-28 12:00:00
-15.203800,-46.160600,GOES-19,2026-09-28 12:10:00
-15.203800,-46.160600,GOES-19,2026-09-28 12:20:00
-15.203800,-46.160600,GOES-19,2026-09-28 12:40:00
-15.203800,-46.160600,GOES-19,2026-09-28 12:50:00
-15.203800,-46.160600,GOES-19,2026-09-28 13:00:00
-15.203800,-46.160600,GOES-19,2026-09-28 13:20:00
-15.203800,-46.160600,GOES-19,2026-09-28 13:30:00
-15.203800,-46.160600,GOES-19,2026-09-28 13:40:00
-15.203800,-46.160600,GOES-19,2026-09-28 13:50:00
-15.203800,-46.160600,GOES-19,2026-09-28 14:10:00
-15.203800,-46.160600,GOES-19,2026-09-28 14:20:00
-15.203800,-46.160600,GOES-19,2026-09-28 14:30:00
-15.203800,-46.160600,GOES-19,2026-09-28 14:40:00
-15.203800,-46.160600,GOES-19,2026-09-28 15:00:00
-15.203800,-46.160600,GOES-19,2026-09-28 15:20:00
-9.398000,-46.932700,GOES-19,2026-09-28 18:30:00
-9.890500,-46.855600,GOES-19,2026-09-28 18:10:00
-9.890500,-46.855600,GOES-19,2026-09-28 18:20:00
-9.890500,-46.855600,GOES-19,2026-09-28 18:30:00
-9.890500,-46.855600,GOES-19,2026-09-28 18:40:00
-8.116400,-47.017100,GOES-19,2026-09-28 18:50:00
-9.645200,-46.816300,GOES-19,2026-09-28 19:10:00
-9.645200,-46.816300,GOES-19,2026-09-28 19:20:00
-12.046300,-46.512400,GOES-19,2026-09-28 18:40:00
-12.046300,-46.512400,GOES-19,2026-09-28 18:50:00
-12.046300,-46.512400,GOES-19,2026-09-28 19:00:00
-12.046300,-46.512400,GOES-19,2026-09-28 19:40:00
-12.046600,-46.489700,GOES-19,2026-09-28 18:20:00
-12.046600,-46.489700,GOES-19,2026-09-28 18:30:00
-12.046600,-46.489700,GOES-19,2026-09-28 18:40:00
-12.046600,-46.489700,GOES-19,2026-09-28 18:50:00
-8.512700,-46.890600,GOES-19,2026-09-28 13:50:00
-8.512700,-46.890600,GOES-19,2026-09-28 14:00:00
-8.512700,-46.890600,GOES-19,2026-09-28 14:10:00
-8.512700,-46.890600,GOES-19,2026-09-28 14:20:00
-8.512700,-46.890600,GOES-19,2026-09-28 14:30:00
-8.512700,-46.890600,GOES-19,2026-09-28 14:40:00
-8.512700,-46.890600,GOES-19,2026-09-28 15:00:00
-8.512700,-46.890600,GOES-19,2026-09-28 18:20:00
-9.645800,-46.771600,GOES-19,2026-09-28 18:20:00
-7.854600,-46.930400,GOES-19,2026-09-28 18:30:00
-10.215000,-46.683600,GOES-19,2026-09-28 18:20:00
-10.215000,-46.683600,GOES-19,2026-09-28 18:30:00
-10.215000,-46.683600,GOES-19,2026-09-28 18:50:00
-10.234300,-46.658900,GOES-19,2026-09-28 18:20:00
-10.253300,-46.656600,GOES-19,2026-09-28 18:20:00
-10.253300,-46.656600,GOES-19,2026-09-28 18:30:00
-10.253300,-46.656600,GOES-19,2026-09-28 19:00:00
-9.173500,-46.778500,GOES-19,2026-09-28 18:50:00
-7.273300,-46.936600,GOES-19,2026-09-28 14:00:00
-7.273300,-46.936600,GOES-19,2026-09-28 14:20:00
-8.758800,-46.777100,GOES-19,2026-09-28 18:40:00
-8.758800,-46.777100,GOES-19,2026-09-28 18:50:00
-10.178700,-46.575800,GOES-19,2026-09-28 11:10:00
-10.178700,-46.575800,GOES-19,2026-09-28 12:50:00
-9.327500,-46.560900,GOES-19,2026-09-28 13:20:00
-9.327500,-46.560900,GOES-19,2026-09-28 13:30:00
-9.327500,-46.560900,GOES-19,2026-09-28 13:40:00
-9.327500,-46.560900,GOES-19,2026-09-28 13:50:00
-9.327500,-46.560900,GOES-19,2026-09-28 14:00:00
-9.327500,-46.560900,GOES-19,2026-09-28 14:10:00
-9.346400,-46.558900,GOES-19,2026-09-28 13:30:00
-9.346400,-46.558900,GOES-19,2026-09-28 13:40:00
-9.346400,-46.558900,GOES-19,2026-09-28 13:50:00
-9.441000,-46.548500,GOES-19,2026-09-28 18:00:00
-8.836600,-46.590700,GOES-19,2026-09-28 14:10:00
-8.836600,-46.590700,GOES-19,2026-09-28 14:20:00
-8.836600,-46.590700,GOES-19,2026-09-28 14:30:00
-8.836600,-46.590700,GOES-19,2026-09-28 14:40:00
-9.327800,-46.538500,GOES-19,2026-09-28 13:20:00
-9.327800,-46.538500,GOES-19,2026-09-28 13:30:00
-9.327800,-46.538500,GOES-19,2026-09-28 13:40:00
-9.327800,-46.538500,GOES-19,2026-09-28 13:50:00
-9.327800,-46.538500,GOES-19,2026-09-28 14:00:00
-9.327800,-46.538500,GOES-19,2026-09-28 14:10:00
-9.327800,-46.538500,GOES-19,2026-09-28 14:20:00
-9.327800,-46.538500,GOES-19,2026-09-28 14:30:00
-9.327800,-46.538500,GOES-19,2026-09-28 14:40:00
-9.327800,-46.538500,GOES-19,2026-09-28 14:50:00
-9.327800,-46.538500,GOES-19,2026-09-28 15:00:00
-9.327800,-46.538500,GOES-19,2026-09-28 15:10:00
-9.327800,-46.538500,GOES-19,2026-09-28 15:20:00
-9.346700,-46.536500,GOES-19,2026-09-28 13:30:00
-9.346700,-46.536500,GOES-19,2026-09-28 13:40:00
-9.346700,-46.536500,GOES-19,2026-09-28 13:50:00
-9.346700,-46.536500,GOES-19,2026-09-28 14:20:00
-9.346700,-46.536500,GOES-19,2026-09-28 14:30:00
-9.346700,-46.536500,GOES-19,2026-09-28 14:40:00
-9.346700,-46.536500,GOES-19,2026-09-28 14:50:00
-9.346700,-46.536500,GOES-19,2026-09-28 15:00:00
-9.346700,-46.536500,GOES-19,2026-09-28 15:10:00
-9.346700,-46.536500,GOES-19,2026-09-28 15:20:00
-9.346700,-46.536500,GOES-19,2026-09-28 15:30:00
-9.346700,-46.536500,GOES-19,2026-09-28 18:10:00
-9.346700,-46.536500,GOES-19,2026-09-28 18:20:00
-9.365600,-46.534400,GOES-19,2026-09-28 14:00:00
-9.365600,-46.534400,GOES-19,2026-09-28 14:20:00
-9.365600,-46.534400,GOES-19,2026-09-28 15:10:00
-9.291100,-46.452900,GOES-19,2026-09-28 18:30:00
-9.291100,-46.452900,GOES-19,2026-09-28 18:40:00
-9.310100,-46.450900,GOES-19,2026-09-28 18:40:00
-14.746500,-45.665600,GOES-19,2026-09-28 18:10:00
-14.746500,-45.665600,GOES-19,2026-09-28 18:40:00
-14.766000,-45.662100,GOES-19,2026-09-28 17:50:00
-14.766000,-45.662100,GOES-19,2026-09-28 18:00:00
-14.766000,-45.662100,GOES-19,2026-09-28 18:10:00
-14.766000,-45.662100,GOES-19,2026-09-28 18:30:00
-14.766000,-45.662100,GOES-19,2026-09-28 18:40:00
-9.291400,-46.430500,GOES-19,2026-09-28 18:30:00
-9.291400,-46.430500,GOES-19,2026-09-28 18:40:00
-8.385500,-46.524500,GOES-19,2026-09-28 12:10:00
-8.385500,-46.524500,GOES-19,2026-09-28 12:40:00
-8.385500,-46.524500,GOES-19,2026-09-28 13:10:00
-8.385500,-46.524500,GOES-19,2026-09-28 13:20:00
-8.385500,-46.524500,GOES-19,2026-09-28 13:30:00
-8.385500,-46.524500,GOES-19,2026-09-28 13:40:00
-9.499600,-46.407500,GOES-19,2026-09-28 13:20:00
-9.499600,-46.407500,GOES-19,2026-09-28 13:30:00
-9.499600,-46.407500,GOES-19,2026-09-28 13:40:00
-9.499600,-46.407500,GOES-19,2026-09-28 13:50:00
-9.499600,-46.407500,GOES-19,2026-09-28 14:30:00
-9.481000,-46.387100,GOES-19,2026-09-28 13:40:00
-9.481000,-46.387100,GOES-19,2026-09-28 14:20:00
-9.499900,-46.385000,GOES-19,2026-09-28 13:40:00
-9.499900,-46.385000,GOES-19,2026-09-28 14:20:00
-9.518800,-46.382900,GOES-19,2026-09-28 14:20:00
-9.518800,-46.382900,GOES-19,2026-09-28 14:30:00
-9.537800,-46.380700,GOES-19,2026-09-28 14:50:00
-9.481300,-46.364600,GOES-19,2026-09-28 13:40:00
-9.481300,-46.364600,GOES-19,2026-09-28 14:20:00
-9.500200,-46.362500,GOES-19,2026-09-28 13:00:00
-9.500200,-46.362500,GOES-19,2026-09-28 13:20:00
-9.500200,-46.362500,GOES-19,2026-09-28 13:30:00
-9.500200,-46.362500,GOES-19,2026-09-28 13:40:00
-9.500200,-46.362500,GOES-19,2026-09-28 13:50:00
-9.500200,-46.362500,GOES-19,2026-09-28 14:00:00
-9.500200,-46.362500,GOES-19,2026-09-28 14:10:00
-9.500200,-46.362500,GOES-19,2026-09-28 14:20:00
-9.500200,-46.362500,GOES-19,2026-09-28 14:30:00
-9.500200,-46.362500,GOES-19,2026-09-28 14:40:00
-9.500200,-46.362500,GOES-19,2026-09-28 14:50:00
-9.500200,-46.362500,GOES-19,2026-09-28 15:20:00
-9.500200,-46.362500,GOES-19,2026-09-28 18:00:00
-9.500200,-46.362500,GOES-19,2026-09-28 18:10:00
-9.519200,-46.360400,GOES-19,2026-09-28 13:40:00
-9.519200,-46.360400,GOES-19,2026-09-28 14:00:00
-9.519200,-46.360400,GOES-19,2026-09-28 14:10:00
-9.519200,-46.360400,GOES-19,2026-09-28 14:20:00
-9.519200,-46.360400,GOES-19,2026-09-28 18:10:00
-9.519200,-46.360400,GOES-19,2026-09-28 18:30:00
-14.709900,-45.556300,GOES-19,2026-09-28 19:00:00
-14.709900,-45.556300,GOES-19,2026-09-28 19:10:00
-14.709900,-45.556300,GOES-19,2026-09-28 19:20:00
-11.060200,-46.104300,GOES-19,2026-09-28 18:50:00
-11.060200,-46.104300,GOES-19,2026-09-28 19:00:00
-11.060200,-46.104300,GOES-19,2026-09-28 19:10:00
-11.060200,-46.104300,GOES-19,2026-09-28 19:20:00
-11.079200,-46.101700,GOES-19,2026-09-28 18:00:00
-11.079200,-46.101700,GOES-19,2026-09-28 18:20:00
-11.079200,-46.101700,GOES-19,2026-09-28 18:30:00
-11.079200,-46.101700,GOES-19,2026-09-28 18:40:00
-11.079200,-46.101700,GOES-19,2026-09-28 18:50:00
-11.079200,-46.101700,GOES-19,2026-09-28 19:00:00
-11.079200,-46.101700,GOES-19,2026-09-28 19:10:00
-11.079200,-46.101700,GOES-19,2026-09-28 19:20:00
-11.079200,-46.101700,GOES-19,2026-09-28 19:30:00
-11.079200,-46.101700,GOES-19,2026-09-28 19:40:00
-11.098300,-46.099200,GOES-19,2026-09-28 18:20:00
-11.098300,-46.099200,GOES-19,2026-09-28 18:30:00
-11.098300,-46.099200,GOES-19,2026-09-28 18:40:00
-11.098300,-46.099200,GOES-19,2026-09-28 18:50:00
-11.098300,-46.099200,GOES-19,2026-09-28 19:00:00
-11.098300,-46.099200,GOES-19,2026-09-28 19:10:00
-11.098300,-46.099200,GOES-19,2026-09-28 19:20:00
-11.079600,-46.079000,GOES-19,2026-09-28 17:30:00
-11.079600,-46.079000,GOES-19,2026-09-28 17:40:00
-11.079600,-46.079000,GOES-19,2026-09-28 17:50:00
-11.079600,-46.079000,GOES-19,2026-09-28 18:00:00
-11.079600,-46.079000,GOES-19,2026-09-28 18:10:00
-11.079600,-46.079000,GOES-19,2026-09-28 18:20:00
-11.079600,-46.079000,GOES-19,2026-09-28 18:30:00
-11.079600,-46.079000,GOES-19,2026-09-28 18:40:00
-11.079600,-46.079000,GOES-19,2026-09-28 18:50:00
-9.770300,-45.993700,GOES-19,2026-09-28 17:50:00
-14.503000,-45.221500,GOES-19,2026-09-28 13:40:00
-14.503000,-45.221500,GOES-19,2026-09-28 14:00:00
-9.033000,-45.986500,GOES-19,2026-09-28 12:50:00
-9.279300,-45.936900,GOES-19,2026-09-28 14:50:00
-9.279300,-45.936900,GOES-19,2026-09-28 15:00:00
-9.279300,-45.936900,GOES-19,2026-09-28 15:10:00
-9.279300,-45.936900,GOES-19,2026-09-28 18:30:00
-9.279300,-45.936900,GOES-19,2026-09-28 19:00:00
-9.298200,-45.934800,GOES-19,2026-09-28 15:10:00
-9.298200,-45.934800,GOES-19,2026-09-28 18:40:00
-9.298200,-45.934800,GOES-19,2026-09-28 19:00:00
-9.298200,-45.934800,GOES-19,2026-09-28 19:10:00
-9.298200,-45.934800,GOES-19,2026-09-28 19:30:00
-9.583000,-45.857200,GOES-19,2026-09-28 14:50:00
-9.583000,-45.857200,GOES-19,2026-09-28 15:00:00
-17.312500,-44.535300,GOES-19,2026-09-28 14:20:00
-17.312500,-44.535300,GOES-19,2026-09-28 14:50:00
-9.469900,-45.824900,GOES-19,2026-09-28 14:50:00
-9.469900,-45.824900,GOES-19,2026-09-28 19:10:00
-9.469900,-45.824900,GOES-19,2026-09-28 19:40:00
-17.313200,-44.511200,GOES-19,2026-09-28 14:20:00
-17.313200,-44.511200,GOES-19,2026-09-28 14:50:00
-9.205100,-45.832200,GOES-19,2026-09-28 18:50:00
-9.470200,-45.802300,GOES-19,2026-09-28 18:40:00
-9.470200,-45.802300,GOES-19,2026-09-28 19:40:00
-9.186800,-45.789000,GOES-19,2026-09-28 18:20:00
-11.586200,-45.462100,GOES-19,2026-09-28 14:20:00
-9.187400,-45.743600,GOES-19,2026-09-28 15:00:00
-9.206300,-45.741500,GOES-19,2026-09-28 13:20:00
-9.206300,-45.741500,GOES-19,2026-09-28 14:10:00
-9.206300,-45.741500,GOES-19,2026-09-28 14:30:00
-9.206300,-45.741500,GOES-19,2026-09-28 14:40:00
-9.206300,-45.741500,GOES-19,2026-09-28 14:50:00
-9.206300,-45.741500,GOES-19,2026-09-28 15:00:00
-9.206300,-45.741500,GOES-19,2026-09-28 18:40:00
-11.395800,-45.420300,GOES-19,2026-09-28 11:00:00
-11.395800,-45.420300,GOES-19,2026-09-28 11:10:00
-12.107100,-45.247900,GOES-19,2026-09-28 14:50:00
-12.088300,-45.227700,GOES-19,2026-09-28 14:50:00
-12.088300,-45.227700,GOES-19,2026-09-28 18:10:00
-9.132800,-45.591100,GOES-19,2026-09-28 18:50:00
-10.519700,-45.378400,GOES-19,2026-09-28 19:10:00
-6.367700,-45.783300,GOES-19,2026-09-28 17:50:00
-8.982700,-45.516900,GOES-19,2026-09-28 13:40:00
-8.982700,-45.516900,GOES-19,2026-09-28 13:50:00
-9.988200,-45.354200,GOES-19,2026-09-28 14:30:00
-9.988200,-45.354200,GOES-19,2026-09-28 14:40:00
-9.988200,-45.354200,GOES-19,2026-09-28 14:50:00
-9.988200,-45.354200,GOES-19,2026-09-28 15:00:00
-9.988600,-45.331300,GOES-19,2026-09-28 13:50:00
-9.988600,-45.331300,GOES-19,2026-09-28 14:30:00
-12.496600,-44.956700,GOES-19,2026-09-28 18:30:00
-12.496600,-44.956700,GOES-19,2026-09-28 18:40:00
-12.496600,-44.956700,GOES-19,2026-09-28 18:50:00
-12.496600,-44.956700,GOES-19,2026-09-28 19:20:00
-8.379700,-45.467500,GOES-19,2026-09-28 11:50:00
-8.379700,-45.467500,GOES-19,2026-09-28 12:00:00
-8.379700,-45.467500,GOES-19,2026-09-28 12:10:00
-8.379700,-45.467500,GOES-19,2026-09-28 12:20:00
-8.379700,-45.467500,GOES-19,2026-09-28 12:30:00
-8.379700,-45.467500,GOES-19,2026-09-28 12:40:00
-8.379700,-45.467500,GOES-19,2026-09-28 12:50:00
-8.379700,-45.467500,GOES-19,2026-09-28 13:00:00
-8.379700,-45.467500,GOES-19,2026-09-28 13:10:00
-8.379700,-45.467500,GOES-19,2026-09-28 13:20:00
-8.379700,-45.467500,GOES-19,2026-09-28 13:30:00
-8.379700,-45.467500,GOES-19,2026-09-28 13:40:00
-8.379700,-45.467500,GOES-19,2026-09-28 13:50:00
-8.379700,-45.467500,GOES-19,2026-09-28 14:00:00
-8.379700,-45.467500,GOES-19,2026-09-28 14:10:00
-8.379700,-45.467500,GOES-19,2026-09-28 18:00:00
-11.190700,-45.127400,GOES-19,2026-09-28 19:10:00
-8.644200,-45.417200,GOES-19,2026-09-28 12:20:00
-8.644200,-45.417200,GOES-19,2026-09-28 12:30:00
-8.247900,-45.458300,GOES-19,2026-09-28 13:20:00
-8.247900,-45.458300,GOES-19,2026-09-28 13:40:00
-8.247900,-45.458300,GOES-19,2026-09-28 14:00:00
-8.247900,-45.458300,GOES-19,2026-09-28 14:20:00
-8.247900,-45.458300,GOES-19,2026-09-28 14:40:00
-8.247900,-45.458300,GOES-19,2026-09-28 14:50:00
-8.247900,-45.458300,GOES-19,2026-09-28 18:30:00
-8.247900,-45.458300,GOES-19,2026-09-28 18:50:00
-8.380000,-45.444800,GOES-19,2026-09-28 11:50:00
-8.380000,-45.444800,GOES-19,2026-09-28 12:00:00
-8.380000,-45.444800,GOES-19,2026-09-28 12:10:00
-8.380000,-45.444800,GOES-19,2026-09-28 15:10:00
-8.304800,-45.429800,GOES-19,2026-09-28 12:20:00
-8.304800,-45.429800,GOES-19,2026-09-28 12:40:00
-8.304800,-45.429800,GOES-19,2026-09-28 13:00:00
-8.304800,-45.429800,GOES-19,2026-09-28 13:10:00
-8.304800,-45.429800,GOES-19,2026-09-28 13:20:00
-8.304800,-45.429800,GOES-19,2026-09-28 13:30:00
-8.304800,-45.429800,GOES-19,2026-09-28 13:40:00
-8.304800,-45.429800,GOES-19,2026-09-28 13:50:00
-8.304800,-45.429800,GOES-19,2026-09-28 14:00:00
-8.304800,-45.429800,GOES-19,2026-09-28 14:10:00
-8.304800,-45.429800,GOES-19,2026-09-28 14:20:00
-8.304800,-45.429800,GOES-19,2026-09-28 14:30:00
-8.304800,-45.429800,GOES-19,2026-09-28 14:40:00
-8.304800,-45.429800,GOES-19,2026-09-28 14:50:00
-8.304800,-45.429800,GOES-19,2026-09-28 15:00:00
-8.304800,-45.429800,GOES-19,2026-09-28 15:10:00
-8.304800,-45.429800,GOES-19,2026-09-28 15:20:00
-8.663400,-45.392400,GOES-19,2026-09-28 12:20:00
-8.663400,-45.392400,GOES-19,2026-09-28 12:30:00
-7.909300,-45.446500,GOES-19,2026-09-28 18:20:00
-7.664600,-45.469800,GOES-19,2026-09-28 14:00:00
-7.664600,-45.469800,GOES-19,2026-09-28 14:20:00
-8.305100,-45.407100,GOES-19,2026-09-28 11:50:00
-8.305100,-45.407100,GOES-19,2026-09-28 12:20:00
-8.305100,-45.407100,GOES-19,2026-09-28 12:30:00
-8.305100,-45.407100,GOES-19,2026-09-28 12:40:00
-8.305100,-45.407100,GOES-19,2026-09-28 13:10:00
-8.305100,-45.407100,GOES-19,2026-09-28 13:20:00
-8.305100,-45.407100,GOES-19,2026-09-28 13:30:00
-8.305100,-45.407100,GOES-19,2026-09-28 13:40:00
-8.305100,-45.407100,GOES-19,2026-09-28 13:50:00
-8.305100,-45.407100,GOES-19,2026-09-28 14:00:00
-8.305100,-45.407100,GOES-19,2026-09-28 14:10:00
-8.305100,-45.407100,GOES-19,2026-09-28 14:20:00
-8.305100,-45.407100,GOES-19,2026-09-28 15:00:00
-8.644800,-45.371700,GOES-19,2026-09-28 14:30:00
-8.644800,-45.371700,GOES-19,2026-09-28 14:40:00
-8.644800,-45.371700,GOES-19,2026-09-28 15:00:00
-8.663700,-45.369700,GOES-19,2026-09-28 13:50:00
-8.663700,-45.369700,GOES-19,2026-09-28 14:10:00
-8.663700,-45.369700,GOES-19,2026-09-28 14:20:00
-8.663700,-45.369700,GOES-19,2026-09-28 14:30:00
-8.663700,-45.369700,GOES-19,2026-09-28 14:40:00
-8.663700,-45.369700,GOES-19,2026-09-28 15:00:00
-8.663700,-45.369700,GOES-19,2026-09-28 18:00:00
-8.663700,-45.369700,GOES-19,2026-09-28 18:30:00
-8.663700,-45.369700,GOES-19,2026-09-28 18:50:00
-8.682600,-45.367700,GOES-19,2026-09-28 18:50:00
-8.664000,-45.346900,GOES-19,2026-09-28 13:40:00
-8.664000,-45.346900,GOES-19,2026-09-28 13:50:00
-8.664000,-45.346900,GOES-19,2026-09-28 14:00:00
-8.664000,-45.346900,GOES-19,2026-09-28 14:10:00
-8.664000,-45.346900,GOES-19,2026-09-28 14:20:00
-8.664000,-45.346900,GOES-19,2026-09-28 14:30:00
-8.664000,-45.346900,GOES-19,2026-09-28 14:40:00
-8.664000,-45.346900,GOES-19,2026-09-28 14:50:00
-12.982300,-44.738900,GOES-19,2026-09-28 18:20:00
-7.009300,-45.302400,GOES-19,2026-09-28 12:10:00
-7.009300,-45.302400,GOES-19,2026-09-28 14:30:00
-11.195800,-44.826900,GOES-19,2026-09-28 00:10:00
-11.195800,-44.826900,GOES-19,2026-09-28 00:20:00
-11.195800,-44.826900,GOES-19,2026-09-28 00:30:00
-11.195800,-44.826900,GOES-19,2026-09-28 00:40:00
-11.195800,-44.826900,GOES-19,2026-09-28 00:50:00
-11.195800,-44.826900,GOES-19,2026-09-28 01:00:00
-11.195800,-44.826900,GOES-19,2026-09-28 01:30:00
-11.195800,-44.826900,GOES-19,2026-09-28 01:40:00
-11.195800,-44.826900,GOES-19,2026-09-28 01:50:00
-11.195800,-44.826900,GOES-19,2026-09-28 02:00:00
-11.195800,-44.826900,GOES-19,2026-09-28 02:10:00
-11.195800,-44.826900,GOES-19,2026-09-28 02:20:00
-11.195800,-44.826900,GOES-19,2026-09-28 02:30:00
-11.195800,-44.826900,GOES-19,2026-09-28 03:00:00
-11.195800,-44.826900,GOES-19,2026-09-28 03:10:00
-11.195800,-44.826900,GOES-19,2026-09-28 12:10:00
-11.195800,-44.826900,GOES-19,2026-09-28 12:20:00
-11.195800,-44.826900,GOES-19,2026-09-28 12:30:00
-11.195800,-44.826900,GOES-19,2026-09-28 12:40:00
-11.195800,-44.826900,GOES-19,2026-09-28 12:50:00
-11.195800,-44.826900,GOES-19,2026-09-28 13:20:00
-11.195800,-44.826900,GOES-19,2026-09-28 13:40:00
-11.176700,-44.829600,GOES-19,2026-09-28 01:30:00
-11.176700,-44.829600,GOES-19,2026-09-28 01:40:00
-11.176700,-44.829600,GOES-19,2026-09-28 01:50:00
-11.176700,-44.829600,GOES-19,2026-09-28 02:00:00
-11.176700,-44.829600,GOES-19,2026-09-28 02:10:00
-11.176700,-44.829600,GOES-19,2026-09-28 02:20:00
-11.176700,-44.829600,GOES-19,2026-09-28 02:30:00
-11.176700,-44.829600,GOES-19,2026-09-28 03:00:00
-11.176700,-44.829600,GOES-19,2026-09-28 03:10:00
-11.196200,-44.803700,GOES-19,2026-09-28 00:10:00
-11.196200,-44.803700,GOES-19,2026-09-28 00:20:00
-11.196200,-44.803700,GOES-19,2026-09-28 00:30:00
-11.196200,-44.803700,GOES-19,2026-09-28 00:40:00
-11.196200,-44.803700,GOES-19,2026-09-28 00:50:00
-11.196200,-44.803700,GOES-19,2026-09-28 01:00:00
-11.196200,-44.803700,GOES-19,2026-09-28 01:30:00
-11.196200,-44.803700,GOES-19,2026-09-28 01:40:00
-11.196200,-44.803700,GOES-19,2026-09-28 01:50:00
-11.196200,-44.803700,GOES-19,2026-09-28 02:00:00
-11.196200,-44.803700,GOES-19,2026-09-28 02:10:00
-11.196200,-44.803700,GOES-19,2026-09-28 02:20:00
-11.196200,-44.803700,GOES-19,2026-09-28 02:30:00
-11.196200,-44.803700,GOES-19,2026-09-28 03:00:00
-11.196200,-44.803700,GOES-19,2026-09-28 03:10:00
-11.196200,-44.803700,GOES-19,2026-09-28 12:10:00
-11.196200,-44.803700,GOES-19,2026-09-28 12:20:00
-11.196200,-44.803700,GOES-19,2026-09-28 12:30:00
-11.196200,-44.803700,GOES-19,2026-09-28 12:40:00
-11.196200,-44.803700,GOES-19,2026-09-28 12:50:00
-11.196200,-44.803700,GOES-19,2026-09-28 13:20:00
-11.196200,-44.803700,GOES-19,2026-09-28 13:40:00
-11.215400,-44.801000,GOES-19,2026-09-28 00:10:00
-11.215400,-44.801000,GOES-19,2026-09-28 00:20:00
-11.215400,-44.801000,GOES-19,2026-09-28 00:30:00
-11.215400,-44.801000,GOES-19,2026-09-28 00:40:00
-11.215400,-44.801000,GOES-19,2026-09-28 00:50:00
-11.215400,-44.801000,GOES-19,2026-09-28 01:00:00
-11.215400,-44.801000,GOES-19,2026-09-28 01:30:00
-11.215400,-44.801000,GOES-19,2026-09-28 01:40:00
-11.215400,-44.801000,GOES-19,2026-09-28 01:50:00
-11.215400,-44.801000,GOES-19,2026-09-28 02:00:00
-11.215400,-44.801000,GOES-19,2026-09-28 02:10:00
-11.215400,-44.801000,GOES-19,2026-09-28 02:20:00
-11.215400,-44.801000,GOES-19,2026-09-28 02:30:00
-11.215400,-44.801000,GOES-19,2026-09-28 03:00:00
-11.215400,-44.801000,GOES-19,2026-09-28 03:10:00
-11.215400,-44.801000,GOES-19,2026-09-28 12:10:00
-11.215400,-44.801000,GOES-19,2026-09-28 12:20:00
-11.215400,-44.801000,GOES-19,2026-09-28 12:30:00
-11.215400,-44.801000,GOES-19,2026-09-28 12:40:00
-11.215400,-44.801000,GOES-19,2026-09-28 12:50:00
-11.215400,-44.801000,GOES-19,2026-09-28 13:20:00
-11.215400,-44.801000,GOES-19,2026-09-28 13:40:00
-11.177100,-44.806400,GOES-19,2026-09-28 00:10:00
-11.177100,-44.806400,GOES-19,2026-09-28 00:20:00
-11.177100,-44.806400,GOES-19,2026-09-28 00:30:00
-11.177100,-44.806400,GOES-19,2026-09-28 00:40:00
-11.177100,-44.806400,GOES-19,2026-09-28 00:50:00
-11.177100,-44.806400,GOES-19,2026-09-28 01:00:00
-11.177100,-44.806400,GOES-19,2026-09-28 01:30:00
-11.177100,-44.806400,GOES-19,2026-09-28 01:40:00
-11.177100,-44.806400,GOES-19,2026-09-28 01:50:00
-11.177100,-44.806400,GOES-19,2026-09-28 02:00:00
-11.177100,-44.806400,GOES-19,2026-09-28 02:10:00
-11.177100,-44.806400,GOES-19,2026-09-28 02:20:00
-11.177100,-44.806400,GOES-19,2026-09-28 02:30:00
-11.177100,-44.806400,GOES-19,2026-09-28 03:00:00
-11.177100,-44.806400,GOES-19,2026-09-28 03:10:00
-11.177100,-44.806400,GOES-19,2026-09-28 12:10:00
-11.177100,-44.806400,GOES-19,2026-09-28 12:20:00
-11.177100,-44.806400,GOES-19,2026-09-28 12:30:00
-11.177100,-44.806400,GOES-19,2026-09-28 12:40:00
-11.177100,-44.806400,GOES-19,2026-09-28 12:50:00
-11.177100,-44.806400,GOES-19,2026-09-28 13:20:00
-11.177100,-44.806400,GOES-19,2026-09-28 13:40:00
-11.177500,-44.783200,GOES-19,2026-09-28 00:20:00
-11.177500,-44.783200,GOES-19,2026-09-28 00:30:00
-11.177500,-44.783200,GOES-19,2026-09-28 00:40:00
-11.177500,-44.783200,GOES-19,2026-09-28 01:40:00
-11.177500,-44.783200,GOES-19,2026-09-28 02:10:00
-11.177500,-44.783200,GOES-19,2026-09-28 02:20:00
-11.177500,-44.783200,GOES-19,2026-09-28 02:30:00
-11.177500,-44.783200,GOES-19,2026-09-28 03:00:00
-11.177500,-44.783200,GOES-19,2026-09-28 03:10:00
-11.177500,-44.783200,GOES-19,2026-09-28 12:10:00
-11.177500,-44.783200,GOES-19,2026-09-28 12:20:00
-11.177500,-44.783200,GOES-19,2026-09-28 12:30:00
-11.177500,-44.783200,GOES-19,2026-09-28 12:40:00
-11.177500,-44.783200,GOES-19,2026-09-28 12:50:00
-11.177500,-44.783200,GOES-19,2026-09-28 13:20:00
-11.177500,-44.783200,GOES-19,2026-09-28 13:40:00
-11.196600,-44.780500,GOES-19,2026-09-28 00:10:00
-11.196600,-44.780500,GOES-19,2026-09-28 00:20:00
-11.196600,-44.780500,GOES-19,2026-09-28 00:30:00
-11.196600,-44.780500,GOES-19,2026-09-28 00:40:00
-11.196600,-44.780500,GOES-19,2026-09-28 00:50:00
-11.196600,-44.780500,GOES-19,2026-09-28 01:00:00
-11.196600,-44.780500,GOES-19,2026-09-28 01:30:00
-11.196600,-44.780500,GOES-19,2026-09-28 01:40:00
-11.196600,-44.780500,GOES-19,2026-09-28 01:50:00
-11.196600,-44.780500,GOES-19,2026-09-28 02:00:00
-11.196600,-44.780500,GOES-19,2026-09-28 02:10:00
-11.196600,-44.780500,GOES-19,2026-09-28 02:20:00
-11.196600,-44.780500,GOES-19,2026-09-28 02:30:00
-11.196600,-44.780500,GOES-19,2026-09-28 03:00:00
-11.196600,-44.780500,GOES-19,2026-09-28 03:10:00
-11.196600,-44.780500,GOES-19,2026-09-28 12:10:00
-11.196600,-44.780500,GOES-19,2026-09-28 12:20:00
-11.196600,-44.780500,GOES-19,2026-09-28 12:30:00
-11.196600,-44.780500,GOES-19,2026-09-28 12:40:00
-11.196600,-44.780500,GOES-19,2026-09-28 12:50:00
-11.196600,-44.780500,GOES-19,2026-09-28 13:20:00
-11.196600,-44.780500,GOES-19,2026-09-28 13:40:00
-11.215800,-44.777800,GOES-19,2026-09-28 00:10:00
-11.215800,-44.777800,GOES-19,2026-09-28 00:20:00
-11.215800,-44.777800,GOES-19,2026-09-28 00:30:00
-11.215800,-44.777800,GOES-19,2026-09-28 00:40:00
-11.215800,-44.777800,GOES-19,2026-09-28 00:50:00
-11.215800,-44.777800,GOES-19,2026-09-28 01:00:00
-11.215800,-44.777800,GOES-19,2026-09-28 01:30:00
-11.215800,-44.777800,GOES-19,2026-09-28 01:40:00
-11.215800,-44.777800,GOES-19,2026-09-28 01:50:00
-11.215800,-44.777800,GOES-19,2026-09-28 02:00:00
-11.215800,-44.777800,GOES-19,2026-09-28 02:10:00
-11.215800,-44.777800,GOES-19,2026-09-28 02:20:00
-11.215800,-44.777800,GOES-19,2026-09-28 12:10:00
-11.215800,-44.777800,GOES-19,2026-09-28 12:20:00
-11.215800,-44.777800,GOES-19,2026-09-28 12:30:00
-11.215800,-44.777800,GOES-19,2026-09-28 12:40:00
-11.215800,-44.777800,GOES-19,2026-09-28 12:50:00
-11.215800,-44.777800,GOES-19,2026-09-28 13:20:00
-11.215800,-44.777800,GOES-19,2026-09-28 13:40:00
-11.197000,-44.757300,GOES-19,2026-09-28 01:50:00
-11.197000,-44.757300,GOES-19,2026-09-28 02:00:00
-11.197000,-44.757300,GOES-19,2026-09-28 13:40:00
-11.216200,-44.754600,GOES-19,2026-09-28 01:50:00
-11.216200,-44.754600,GOES-19,2026-09-28 02:00:00
-11.216200,-44.754600,GOES-19,2026-09-28 02:20:00
-9.768000,-44.854300,GOES-19,2026-09-28 14:40:00
-9.768000,-44.854300,GOES-19,2026-09-28 18:10:00
-9.768000,-44.854300,GOES-19,2026-09-28 18:20:00
-9.768000,-44.854300,GOES-19,2026-09-28 18:40:00
-9.806400,-44.826500,GOES-19,2026-09-28 14:20:00
-9.806400,-44.826500,GOES-19,2026-09-28 18:00:00
-7.218100,-45.079700,GOES-19,2026-09-28 18:10:00
-9.787700,-44.805800,GOES-19,2026-09-28 14:20:00
-5.737400,-45.176000,GOES-19,2026-09-28 18:40:00
-5.737400,-45.176000,GOES-19,2026-09-28 19:00:00
-5.737400,-45.176000,GOES-19,2026-09-28 19:40:00
-5.737400,-45.176000,GOES-19,2026-09-28 20:00:00
-8.726400,-44.906600,GOES-19,2026-09-28 13:30:00
-8.726400,-44.906600,GOES-19,2026-09-28 13:40:00
-8.726400,-44.906600,GOES-19,2026-09-28 14:00:00
-8.726400,-44.906600,GOES-19,2026-09-28 14:10:00
-8.726400,-44.906600,GOES-19,2026-09-28 18:10:00
-8.726400,-44.906600,GOES-19,2026-09-28 18:20:00
-8.745300,-44.904500,GOES-19,2026-09-28 18:10:00
-6.824500,-45.045800,GOES-19,2026-09-28 18:20:00
-5.719700,-45.064000,GOES-19,2026-09-28 18:30:00
-5.719700,-45.064000,GOES-19,2026-09-28 19:00:00
-7.671200,-44.900800,GOES-19,2026-09-28 18:30:00
-7.671200,-44.900800,GOES-19,2026-09-28 18:40:00
-7.690000,-44.899000,GOES-19,2026-09-28 18:00:00
-7.690000,-44.899000,GOES-19,2026-09-28 18:40:00
-7.671400,-44.877900,GOES-19,2026-09-28 18:20:00
-7.671400,-44.877900,GOES-19,2026-09-28 18:30:00
-7.671400,-44.877900,GOES-19,2026-09-28 18:40:00
-7.671400,-44.877900,GOES-19,2026-09-28 18:50:00
-7.671400,-44.877900,GOES-19,2026-09-28 19:00:00
-7.520800,-44.892300,GOES-19,2026-09-28 14:40:00
-7.897800,-44.832900,GOES-19,2026-09-28 18:00:00
-8.067500,-44.815800,GOES-19,2026-09-28 13:40:00
-8.067500,-44.815800,GOES-19,2026-09-28 13:50:00
-8.067500,-44.815800,GOES-19,2026-09-28 14:00:00
-8.067500,-44.815800,GOES-19,2026-09-28 14:10:00
-8.067500,-44.815800,GOES-19,2026-09-28 14:20:00
-8.067500,-44.815800,GOES-19,2026-09-28 14:30:00
-7.220600,-44.851600,GOES-19,2026-09-28 14:40:00
-7.239400,-44.849800,GOES-19,2026-09-28 14:10:00
-7.578400,-44.795400,GOES-19,2026-09-28 14:30:00
-7.597200,-44.793600,GOES-19,2026-09-28 14:30:00
-13.383500,-44.013200,GOES-19,2026-09-28 18:10:00
-13.383500,-44.013200,GOES-19,2026-09-28 18:20:00
-13.326700,-43.952300,GOES-19,2026-09-28 14:50:00
-13.326700,-43.952300,GOES-19,2026-09-28 18:10:00
-13.326700,-43.952300,GOES-19,2026-09-28 18:20:00
-13.326700,-43.952300,GOES-19,2026-09-28 18:30:00
-13.326700,-43.952300,GOES-19,2026-09-28 18:40:00
-13.326700,-43.952300,GOES-19,2026-09-28 18:50:00
-13.307300,-43.955700,GOES-19,2026-09-28 18:30:00
-13.307300,-43.955700,GOES-19,2026-09-28 18:40:00
-13.307300,-43.955700,GOES-19,2026-09-28 18:50:00
-7.524300,-44.594400,GOES-19,2026-09-28 18:40:00
-7.524300,-44.594400,GOES-19,2026-09-28 23:20:00
-2.311600,-44.894700,GOES-19,2026-09-28 18:50:00
-7.524500,-44.571500,GOES-19,2026-09-28 18:40:00
-7.524500,-44.571500,GOES-19,2026-09-28 23:20:00
-2.311700,-44.872100,GOES-19,2026-09-28 18:50:00
-7.487100,-44.552100,GOES-19,2026-09-28 12:40:00
-7.487100,-44.552100,GOES-19,2026-09-28 13:20:00
-7.487100,-44.552100,GOES-19,2026-09-28 13:30:00
-7.487100,-44.552100,GOES-19,2026-09-28 13:40:00
-7.487100,-44.552100,GOES-19,2026-09-28 15:00:00
-7.506000,-44.550300,GOES-19,2026-09-28 12:40:00
-7.506000,-44.550300,GOES-19,2026-09-28 12:50:00
-7.506000,-44.550300,GOES-19,2026-09-28 13:20:00
-7.506000,-44.550300,GOES-19,2026-09-28 13:30:00
-7.506000,-44.550300,GOES-19,2026-09-28 13:40:00
-7.506000,-44.550300,GOES-19,2026-09-28 13:50:00
-7.506000,-44.550300,GOES-19,2026-09-28 14:00:00
-7.506000,-44.550300,GOES-19,2026-09-28 14:10:00
-7.506000,-44.550300,GOES-19,2026-09-28 14:30:00
-7.506000,-44.550300,GOES-19,2026-09-28 14:40:00
-7.506000,-44.550300,GOES-19,2026-09-28 14:50:00
-7.506000,-44.550300,GOES-19,2026-09-28 15:00:00
-7.506000,-44.550300,GOES-19,2026-09-28 23:20:00
-8.982300,-44.163300,GOES-19,2026-09-28 14:20:00
-8.982300,-44.163300,GOES-19,2026-09-28 17:50:00
-8.982300,-44.163300,GOES-19,2026-09-28 18:30:00
-8.982300,-44.163300,GOES-19,2026-09-28 18:40:00
-8.982300,-44.163300,GOES-19,2026-09-28 18:50:00
-10.925000,-43.911100,GOES-19,2026-09-28 18:20:00
-10.925000,-43.911100,GOES-19,2026-09-28 19:20:00
-10.944100,-43.908400,GOES-19,2026-09-28 18:20:00
-8.982600,-44.140000,GOES-19,2026-09-28 13:40:00
-8.982600,-44.140000,GOES-19,2026-09-28 18:30:00
-8.982600,-44.140000,GOES-19,2026-09-28 18:40:00
-8.982600,-44.140000,GOES-19,2026-09-28 19:00:00
-10.925400,-43.887600,GOES-19,2026-09-28 18:20:00
-10.944500,-43.884900,GOES-19,2026-09-28 18:20:00
-10.963700,-43.882100,GOES-19,2026-09-28 18:20:00
-10.925800,-43.864100,GOES-19,2026-09-28 18:20:00
-10.944900,-43.861400,GOES-19,2026-09-28 18:20:00
-10.162700,-43.899500,GOES-19,2026-09-28 14:00:00
-10.162700,-43.899500,GOES-19,2026-09-28 14:10:00
-10.162700,-43.899500,GOES-19,2026-09-28 18:00:00
-10.162700,-43.899500,GOES-19,2026-09-28 18:10:00
-10.162700,-43.899500,GOES-19,2026-09-28 18:20:00
-10.162700,-43.899500,GOES-19,2026-09-28 18:30:00
-10.162700,-43.899500,GOES-19,2026-09-28 18:40:00
-10.449700,-43.813900,GOES-19,2026-09-28 18:00:00
-10.449700,-43.813900,GOES-19,2026-09-28 18:10:00
-11.639500,-43.545500,GOES-19,2026-09-28 19:30:00
-11.639500,-43.545500,GOES-19,2026-09-28 19:40:00
-11.639500,-43.545500,GOES-19,2026-09-28 20:20:00
-11.639500,-43.545500,GOES-19,2026-09-28 20:30:00
-11.658800,-43.542500,GOES-19,2026-09-28 18:30:00
-11.658800,-43.542500,GOES-19,2026-09-28 19:00:00
-11.658800,-43.542500,GOES-19,2026-09-28 19:10:00
-11.658800,-43.542500,GOES-19,2026-09-28 19:40:00
-11.658800,-43.542500,GOES-19,2026-09-28 20:20:00
-11.658800,-43.542500,GOES-19,2026-09-28 20:30:00
-11.678000,-43.539600,GOES-19,2026-09-28 18:20:00
-11.678000,-43.539600,GOES-19,2026-09-28 18:40:00
-11.678000,-43.539600,GOES-19,2026-09-28 19:00:00
-11.678000,-43.539600,GOES-19,2026-09-28 19:10:00
-11.678000,-43.539600,GOES-19,2026-09-28 19:20:00
-11.678000,-43.539600,GOES-19,2026-09-28 19:30:00
-11.678000,-43.539600,GOES-19,2026-09-28 19:40:00
-11.678000,-43.539600,GOES-19,2026-09-28 20:10:00
-11.640000,-43.521800,GOES-19,2026-09-28 18:10:00
-11.640000,-43.521800,GOES-19,2026-09-28 19:00:00
-11.640000,-43.521800,GOES-19,2026-09-28 19:10:00
-11.640000,-43.521800,GOES-19,2026-09-28 19:20:00
-11.640000,-43.521800,GOES-19,2026-09-28 19:30:00
-11.640000,-43.521800,GOES-19,2026-09-28 19:40:00
-11.640000,-43.521800,GOES-19,2026-09-28 20:10:00
-11.640000,-43.521800,GOES-19,2026-09-28 20:20:00
-11.640000,-43.521800,GOES-19,2026-09-28 20:30:00
-11.659200,-43.518800,GOES-19,2026-09-28 18:20:00
-11.659200,-43.518800,GOES-19,2026-09-28 18:40:00
-11.659200,-43.518800,GOES-19,2026-09-28 19:00:00
-11.659200,-43.518800,GOES-19,2026-09-28 19:10:00
-11.659200,-43.518800,GOES-19,2026-09-28 19:20:00
-11.659200,-43.518800,GOES-19,2026-09-28 19:30:00
-11.659200,-43.518800,GOES-19,2026-09-28 19:40:00
-11.659200,-43.518800,GOES-19,2026-09-28 20:10:00
-11.659200,-43.518800,GOES-19,2026-09-28 20:20:00
-11.659200,-43.518800,GOES-19,2026-09-28 20:30:00
-11.678400,-43.515800,GOES-19,2026-09-28 18:20:00
-11.678400,-43.515800,GOES-19,2026-09-28 18:40:00
-11.678400,-43.515800,GOES-19,2026-09-28 19:00:00
-11.678400,-43.515800,GOES-19,2026-09-28 19:10:00
-11.678400,-43.515800,GOES-19,2026-09-28 19:20:00
-11.678400,-43.515800,GOES-19,2026-09-28 19:30:00
-11.678400,-43.515800,GOES-19,2026-09-28 19:40:00
-11.678400,-43.515800,GOES-19,2026-09-28 20:10:00
-11.678400,-43.515800,GOES-19,2026-09-28 20:20:00
-11.294500,-43.551000,GOES-19,2026-09-28 18:00:00
-11.294500,-43.551000,GOES-19,2026-09-28 18:10:00
-11.294500,-43.551000,GOES-19,2026-09-28 18:20:00
-11.294500,-43.551000,GOES-19,2026-09-28 18:30:00
-11.294500,-43.551000,GOES-19,2026-09-28 18:40:00
-11.294500,-43.551000,GOES-19,2026-09-28 18:50:00
-11.294500,-43.551000,GOES-19,2026-09-28 19:10:00
-11.294500,-43.551000,GOES-19,2026-09-28 19:40:00
-11.294500,-43.551000,GOES-19,2026-09-28 19:50:00
-11.313700,-43.548100,GOES-19,2026-09-28 18:20:00
-11.313700,-43.548100,GOES-19,2026-09-28 18:30:00
-11.313700,-43.548100,GOES-19,2026-09-28 18:40:00
-11.313700,-43.548100,GOES-19,2026-09-28 18:50:00
-11.313700,-43.548100,GOES-19,2026-09-28 19:00:00
-11.313700,-43.548100,GOES-19,2026-09-28 19:10:00
-11.313700,-43.548100,GOES-19,2026-09-28 19:20:00
-11.313700,-43.548100,GOES-19,2026-09-28 19:30:00
-11.313700,-43.548100,GOES-19,2026-09-28 19:40:00
-11.313700,-43.548100,GOES-19,2026-09-28 19:50:00
-11.621200,-43.501100,GOES-19,2026-09-28 17:50:00
-11.621200,-43.501100,GOES-19,2026-09-28 18:00:00
-11.621200,-43.501100,GOES-19,2026-09-28 18:10:00
-11.621200,-43.501100,GOES-19,2026-09-28 18:20:00
-11.621200,-43.501100,GOES-19,2026-09-28 18:30:00
-11.621200,-43.501100,GOES-19,2026-09-28 18:40:00
-11.621200,-43.501100,GOES-19,2026-09-28 18:50:00
-11.621200,-43.501100,GOES-19,2026-09-28 19:00:00
-11.621200,-43.501100,GOES-19,2026-09-28 19:10:00
-11.621200,-43.501100,GOES-19,2026-09-28 19:20:00
-11.621200,-43.501100,GOES-19,2026-09-28 19:30:00
-11.621200,-43.501100,GOES-19,2026-09-28 19:40:00
-11.621200,-43.501100,GOES-19,2026-09-28 20:10:00
-11.621200,-43.501100,GOES-19,2026-09-28 20:20:00
-11.621200,-43.501100,GOES-19,2026-09-28 20:30:00
-11.640400,-43.498100,GOES-19,2026-09-28 18:20:00
-11.640400,-43.498100,GOES-19,2026-09-28 18:40:00
-11.640400,-43.498100,GOES-19,2026-09-28 19:00:00
-11.640400,-43.498100,GOES-19,2026-09-28 19:10:00
-11.640400,-43.498100,GOES-19,2026-09-28 19:20:00
-11.640400,-43.498100,GOES-19,2026-09-28 19:30:00
-11.640400,-43.498100,GOES-19,2026-09-28 19:40:00
-11.640400,-43.498100,GOES-19,2026-09-28 20:10:00
-11.640400,-43.498100,GOES-19,2026-09-28 20:20:00
-11.640400,-43.498100,GOES-19,2026-09-28 20:30:00
-11.659600,-43.495100,GOES-19,2026-09-28 18:20:00
-11.659600,-43.495100,GOES-19,2026-09-28 18:40:00
-11.659600,-43.495100,GOES-19,2026-09-28 19:10:00
-11.659600,-43.495100,GOES-19,2026-09-28 19:20:00
-11.659600,-43.495100,GOES-19,2026-09-28 19:40:00
-11.659600,-43.495100,GOES-19,2026-09-28 20:10:00
-11.659600,-43.495100,GOES-19,2026-09-28 20:20:00
-11.659600,-43.495100,GOES-19,2026-09-28 20:30:00
-11.275300,-43.553900,GOES-19,2026-09-28 18:40:00
-11.275300,-43.553900,GOES-19,2026-09-28 18:50:00
-11.275300,-43.553900,GOES-19,2026-09-28 19:10:00
-11.275800,-43.530300,GOES-19,2026-09-28 18:40:00
-11.275800,-43.530300,GOES-19,2026-09-28 18:50:00
-11.295000,-43.527400,GOES-19,2026-09-28 17:50:00
-11.295000,-43.527400,GOES-19,2026-09-28 18:00:00
-11.295000,-43.527400,GOES-19,2026-09-28 18:10:00
-11.295000,-43.527400,GOES-19,2026-09-28 18:20:00
-11.295000,-43.527400,GOES-19,2026-09-28 18:30:00
-11.295000,-43.527400,GOES-19,2026-09-28 18:40:00
-11.295000,-43.527400,GOES-19,2026-09-28 18:50:00
-11.295000,-43.527400,GOES-19,2026-09-28 19:00:00
-11.295000,-43.527400,GOES-19,2026-09-28 19:10:00
-11.295000,-43.527400,GOES-19,2026-09-28 19:20:00
-11.295000,-43.527400,GOES-19,2026-09-28 19:30:00
-11.295000,-43.527400,GOES-19,2026-09-28 19:40:00
-11.295000,-43.527400,GOES-19,2026-09-28 19:50:00
-11.640800,-43.474400,GOES-19,2026-09-28 18:20:00
-11.640800,-43.474400,GOES-19,2026-09-28 20:30:00
-11.429800,-43.483300,GOES-19,2026-09-28 22:20:00
-11.429800,-43.483300,GOES-19,2026-09-28 22:50:00
-11.429800,-43.483300,GOES-19,2026-09-28 23:10:00
-11.429800,-43.483300,GOES-19,2026-09-28 23:20:00
-11.429800,-43.483300,GOES-19,2026-09-28 23:30:00
-11.429800,-43.483300,GOES-19,2026-09-28 23:40:00
-11.429800,-43.483300,GOES-19,2026-09-28 23:50:00
-11.449000,-43.480300,GOES-19,2026-09-28 23:10:00
-11.449000,-43.480300,GOES-19,2026-09-28 23:20:00
-11.449000,-43.480300,GOES-19,2026-09-28 23:30:00
-11.449000,-43.480300,GOES-19,2026-09-28 23:40:00
-11.449000,-43.480300,GOES-19,2026-09-28 23:50:00
-11.391800,-43.465400,GOES-19,2026-09-28 18:10:00
-11.391800,-43.465400,GOES-19,2026-09-28 18:50:00
-11.391800,-43.465400,GOES-19,2026-09-28 19:00:00
-11.391800,-43.465400,GOES-19,2026-09-28 19:10:00
-11.391800,-43.465400,GOES-19,2026-09-28 19:20:00
-11.391800,-43.465400,GOES-19,2026-09-28 19:30:00
-11.391800,-43.465400,GOES-19,2026-09-28 19:40:00
-11.391800,-43.465400,GOES-19,2026-09-28 19:50:00
-11.391800,-43.465400,GOES-19,2026-09-28 20:00:00
-11.391800,-43.465400,GOES-19,2026-09-28 20:10:00
-11.391800,-43.465400,GOES-19,2026-09-28 20:20:00
-11.391800,-43.465400,GOES-19,2026-09-28 20:30:00
-11.391800,-43.465400,GOES-19,2026-09-28 20:40:00
-11.391800,-43.465400,GOES-19,2026-09-28 21:30:00
-11.391800,-43.465400,GOES-19,2026-09-28 21:40:00
-11.391800,-43.465400,GOES-19,2026-09-28 21:50:00
-11.391800,-43.465400,GOES-19,2026-09-28 22:00:00
-11.391800,-43.465400,GOES-19,2026-09-28 22:10:00
-11.391800,-43.465400,GOES-19,2026-09-28 22:20:00
-11.391800,-43.465400,GOES-19,2026-09-28 22:30:00
-11.391800,-43.465400,GOES-19,2026-09-28 22:40:00
-11.391800,-43.465400,GOES-19,2026-09-28 22:50:00
-11.391800,-43.465400,GOES-19,2026-09-28 23:00:00
-11.391800,-43.465400,GOES-19,2026-09-28 23:10:00
-11.391800,-43.465400,GOES-19,2026-09-28 23:20:00
-11.391800,-43.465400,GOES-19,2026-09-28 23:30:00
-11.391800,-43.465400,GOES-19,2026-09-28 23:40:00
-11.411000,-43.462500,GOES-19,2026-09-28 19:00:00
-11.411000,-43.462500,GOES-19,2026-09-28 19:10:00
-11.411000,-43.462500,GOES-19,2026-09-28 19:20:00
-11.411000,-43.462500,GOES-19,2026-09-28 19:30:00
-11.411000,-43.462500,GOES-19,2026-09-28 19:40:00
-11.411000,-43.462500,GOES-19,2026-09-28 19:50:00
-11.411000,-43.462500,GOES-19,2026-09-28 20:00:00
-11.411000,-43.462500,GOES-19,2026-09-28 20:10:00
-11.411000,-43.462500,GOES-19,2026-09-28 20:20:00
-11.411000,-43.462500,GOES-19,2026-09-28 20:30:00
-11.411000,-43.462500,GOES-19,2026-09-28 20:40:00
-11.411000,-43.462500,GOES-19,2026-09-28 21:30:00
-11.411000,-43.462500,GOES-19,2026-09-28 21:40:00
-11.411000,-43.462500,GOES-19,2026-09-28 21:50:00
-11.411000,-43.462500,GOES-19,2026-09-28 22:00:00
-11.411000,-43.462500,GOES-19,2026-09-28 22:10:00
-11.411000,-43.462500,GOES-19,2026-09-28 22:20:00
-11.411000,-43.462500,GOES-19,2026-09-28 22:30:00
-11.411000,-43.462500,GOES-19,2026-09-28 22:40:00
-11.411000,-43.462500,GOES-19,2026-09-28 22:50:00
-11.411000,-43.462500,GOES-19,2026-09-28 23:00:00
-11.411000,-43.462500,GOES-19,2026-09-28 23:10:00
-11.411000,-43.462500,GOES-19,2026-09-28 23:20:00
-11.411000,-43.462500,GOES-19,2026-09-28 23:30:00
-11.411000,-43.462500,GOES-19,2026-09-28 23:40:00
-11.411000,-43.462500,GOES-19,2026-09-28 23:50:00
-11.430200,-43.459600,GOES-19,2026-09-28 21:30:00
-11.430200,-43.459600,GOES-19,2026-09-28 21:40:00
-11.430200,-43.459600,GOES-19,2026-09-28 21:50:00
-11.430200,-43.459600,GOES-19,2026-09-28 22:00:00
-11.430200,-43.459600,GOES-19,2026-09-28 22:10:00
-11.430200,-43.459600,GOES-19,2026-09-28 22:20:00
-11.430200,-43.459600,GOES-19,2026-09-28 22:30:00
-11.430200,-43.459600,GOES-19,2026-09-28 22:40:00
-11.430200,-43.459600,GOES-19,2026-09-28 22:50:00
-11.430200,-43.459600,GOES-19,2026-09-28 23:00:00
-11.430200,-43.459600,GOES-19,2026-09-28 23:10:00
-11.430200,-43.459600,GOES-19,2026-09-28 23:20:00
-11.430200,-43.459600,GOES-19,2026-09-28 23:30:00
-11.430200,-43.459600,GOES-19,2026-09-28 23:40:00
-11.430200,-43.459600,GOES-19,2026-09-28 23:50:00
-11.449500,-43.456600,GOES-19,2026-09-28 21:40:00
-11.449500,-43.456600,GOES-19,2026-09-28 21:50:00
-11.449500,-43.456600,GOES-19,2026-09-28 22:00:00
-11.449500,-43.456600,GOES-19,2026-09-28 22:10:00
-11.449500,-43.456600,GOES-19,2026-09-28 22:20:00
-11.449500,-43.456600,GOES-19,2026-09-28 22:30:00
-11.449500,-43.456600,GOES-19,2026-09-28 22:40:00
-11.449500,-43.456600,GOES-19,2026-09-28 22:50:00
-11.449500,-43.456600,GOES-19,2026-09-28 23:00:00
-11.449500,-43.456600,GOES-19,2026-09-28 23:10:00
-11.449500,-43.456600,GOES-19,2026-09-28 23:20:00
-11.449500,-43.456600,GOES-19,2026-09-28 23:30:00
-11.449500,-43.456600,GOES-19,2026-09-28 23:40:00
-11.449500,-43.456600,GOES-19,2026-09-28 23:50:00
-11.373000,-43.444600,GOES-19,2026-09-28 18:20:00
-11.373000,-43.444600,GOES-19,2026-09-28 18:50:00
-11.373000,-43.444600,GOES-19,2026-09-28 19:00:00
-11.373000,-43.444600,GOES-19,2026-09-28 19:10:00
-11.373000,-43.444600,GOES-19,2026-09-28 19:20:00
-11.373000,-43.444600,GOES-19,2026-09-28 19:30:00
-11.373000,-43.444600,GOES-19,2026-09-28 19:40:00
-11.373000,-43.444600,GOES-19,2026-09-28 19:50:00
-11.373000,-43.444600,GOES-19,2026-09-28 20:00:00
-11.373000,-43.444600,GOES-19,2026-09-28 20:10:00
-11.373000,-43.444600,GOES-19,2026-09-28 20:30:00
-11.373000,-43.444600,GOES-19,2026-09-28 20:40:00
-11.392200,-43.441700,GOES-19,2026-09-28 18:20:00
-11.392200,-43.441700,GOES-19,2026-09-28 18:50:00
-11.392200,-43.441700,GOES-19,2026-09-28 19:00:00
-11.392200,-43.441700,GOES-19,2026-09-28 19:10:00
-11.392200,-43.441700,GOES-19,2026-09-28 19:20:00
-11.392200,-43.441700,GOES-19,2026-09-28 19:30:00
-11.392200,-43.441700,GOES-19,2026-09-28 19:40:00
-11.392200,-43.441700,GOES-19,2026-09-28 19:50:00
-11.392200,-43.441700,GOES-19,2026-09-28 20:00:00
-11.392200,-43.441700,GOES-19,2026-09-28 20:10:00
-11.392200,-43.441700,GOES-19,2026-09-28 20:20:00
-11.392200,-43.441700,GOES-19,2026-09-28 20:30:00
-11.392200,-43.441700,GOES-19,2026-09-28 20:40:00
-11.392200,-43.441700,GOES-19,2026-09-28 21:30:00
-11.392200,-43.441700,GOES-19,2026-09-28 21:40:00
-11.392200,-43.441700,GOES-19,2026-09-28 21:50:00
-11.392200,-43.441700,GOES-19,2026-09-28 22:00:00
-11.392200,-43.441700,GOES-19,2026-09-28 22:10:00
-11.392200,-43.441700,GOES-19,2026-09-28 22:20:00
-11.392200,-43.441700,GOES-19,2026-09-28 22:30:00
-11.392200,-43.441700,GOES-19,2026-09-28 22:40:00
-11.392200,-43.441700,GOES-19,2026-09-28 22:50:00
-11.392200,-43.441700,GOES-19,2026-09-28 23:00:00
-11.392200,-43.441700,GOES-19,2026-09-28 23:10:00
-11.392200,-43.441700,GOES-19,2026-09-28 23:20:00
-11.392200,-43.441700,GOES-19,2026-09-28 23:30:00
-11.392200,-43.441700,GOES-19,2026-09-28 23:40:00
-11.392200,-43.441700,GOES-19,2026-09-28 23:50:00
-9.862500,-43.634800,GOES-19,2026-09-28 18:40:00
-9.862500,-43.634800,GOES-19,2026-09-28 18:50:00
-9.862500,-43.634800,GOES-19,2026-09-28 19:00:00
-9.881600,-43.632300,GOES-19,2026-09-28 18:40:00
-9.881600,-43.632300,GOES-19,2026-09-28 18:50:00
-9.881600,-43.632300,GOES-19,2026-09-28 19:00:00
-9.881600,-43.632300,GOES-19,2026-09-28 19:10:00
-11.373500,-43.420900,GOES-19,2026-09-28 18:20:00
-11.373500,-43.420900,GOES-19,2026-09-28 18:50:00
-11.373500,-43.420900,GOES-19,2026-09-28 19:00:00
-11.373500,-43.420900,GOES-19,2026-09-28 19:10:00
-11.373500,-43.420900,GOES-19,2026-09-28 19:20:00
-11.373500,-43.420900,GOES-19,2026-09-28 19:30:00
-11.373500,-43.420900,GOES-19,2026-09-28 19:40:00
-11.373500,-43.420900,GOES-19,2026-09-28 19:50:00
-11.373500,-43.420900,GOES-19,2026-09-28 20:00:00
-11.373500,-43.420900,GOES-19,2026-09-28 20:10:00
-11.373500,-43.420900,GOES-19,2026-09-28 20:20:00
-11.373500,-43.420900,GOES-19,2026-09-28 20:30:00
-11.373500,-43.420900,GOES-19,2026-09-28 20:40:00
-11.392700,-43.418000,GOES-19,2026-09-28 18:20:00
-11.392700,-43.418000,GOES-19,2026-09-28 18:50:00
-11.392700,-43.418000,GOES-19,2026-09-28 19:00:00
-11.392700,-43.418000,GOES-19,2026-09-28 19:10:00
-11.392700,-43.418000,GOES-19,2026-09-28 19:20:00
-11.392700,-43.418000,GOES-19,2026-09-28 19:30:00
-11.392700,-43.418000,GOES-19,2026-09-28 19:40:00
-11.392700,-43.418000,GOES-19,2026-09-28 19:50:00
-11.392700,-43.418000,GOES-19,2026-09-28 20:00:00
-11.392700,-43.418000,GOES-19,2026-09-28 20:10:00
-11.392700,-43.418000,GOES-19,2026-09-28 20:20:00
-11.392700,-43.418000,GOES-19,2026-09-28 20:30:00
-11.392700,-43.418000,GOES-19,2026-09-28 20:40:00
-11.392700,-43.418000,GOES-19,2026-09-28 21:30:00
-11.392700,-43.418000,GOES-19,2026-09-28 21:40:00
-11.392700,-43.418000,GOES-19,2026-09-28 21:50:00
-11.392700,-43.418000,GOES-19,2026-09-28 22:00:00
-11.392700,-43.418000,GOES-19,2026-09-28 22:10:00
-11.392700,-43.418000,GOES-19,2026-09-28 22:20:00
-11.392700,-43.418000,GOES-19,2026-09-28 22:30:00
-11.392700,-43.418000,GOES-19,2026-09-28 22:40:00
-11.392700,-43.418000,GOES-19,2026-09-28 22:50:00
-11.392700,-43.418000,GOES-19,2026-09-28 23:00:00
-11.392700,-43.418000,GOES-19,2026-09-28 23:10:00
-11.392700,-43.418000,GOES-19,2026-09-28 23:20:00
-11.392700,-43.418000,GOES-19,2026-09-28 23:30:00
-11.392700,-43.418000,GOES-19,2026-09-28 23:40:00
-11.392700,-43.418000,GOES-19,2026-09-28 23:50:00
-11.411900,-43.415000,GOES-19,2026-09-28 14:20:00
-11.411900,-43.415000,GOES-19,2026-09-28 17:50:00
-11.411900,-43.415000,GOES-19,2026-09-28 18:00:00
-11.411900,-43.415000,GOES-19,2026-09-28 19:10:00
-11.411900,-43.415000,GOES-19,2026-09-28 19:50:00
-11.411900,-43.415000,GOES-19,2026-09-28 20:00:00
-11.411900,-43.415000,GOES-19,2026-09-28 20:10:00
-11.411900,-43.415000,GOES-19,2026-09-28 20:20:00
-11.411900,-43.415000,GOES-19,2026-09-28 20:30:00
-11.411900,-43.415000,GOES-19,2026-09-28 20:40:00
-11.411900,-43.415000,GOES-19,2026-09-28 21:30:00
-11.411900,-43.415000,GOES-19,2026-09-28 21:40:00
-11.411900,-43.415000,GOES-19,2026-09-28 21:50:00
-11.411900,-43.415000,GOES-19,2026-09-28 22:00:00
-11.411900,-43.415000,GOES-19,2026-09-28 22:10:00
-11.411900,-43.415000,GOES-19,2026-09-28 22:20:00
-11.411900,-43.415000,GOES-19,2026-09-28 22:30:00
-11.411900,-43.415000,GOES-19,2026-09-28 22:40:00
-11.411900,-43.415000,GOES-19,2026-09-28 22:50:00
-11.411900,-43.415000,GOES-19,2026-09-28 23:00:00
-11.411900,-43.415000,GOES-19,2026-09-28 23:10:00
-11.411900,-43.415000,GOES-19,2026-09-28 23:20:00
-11.411900,-43.415000,GOES-19,2026-09-28 23:30:00
-11.411900,-43.415000,GOES-19,2026-09-28 23:40:00
-11.411900,-43.415000,GOES-19,2026-09-28 23:50:00
-11.431100,-43.412100,GOES-19,2026-09-28 20:40:00
-11.431100,-43.412100,GOES-19,2026-09-28 21:30:00
-11.431100,-43.412100,GOES-19,2026-09-28 21:40:00
-11.431100,-43.412100,GOES-19,2026-09-28 21:50:00
-11.431100,-43.412100,GOES-19,2026-09-28 22:00:00
-11.431100,-43.412100,GOES-19,2026-09-28 22:10:00
-11.431100,-43.412100,GOES-19,2026-09-28 22:20:00
-11.431100,-43.412100,GOES-19,2026-09-28 22:30:00
-11.431100,-43.412100,GOES-19,2026-09-28 22:40:00
-11.431100,-43.412100,GOES-19,2026-09-28 22:50:00
-11.431100,-43.412100,GOES-19,2026-09-28 23:00:00
-11.431100,-43.412100,GOES-19,2026-09-28 23:10:00
-11.431100,-43.412100,GOES-19,2026-09-28 23:20:00
-11.431100,-43.412100,GOES-19,2026-09-28 23:30:00
-11.431100,-43.412100,GOES-19,2026-09-28 23:40:00
-11.431100,-43.412100,GOES-19,2026-09-28 23:50:00
-9.881900,-43.608800,GOES-19,2026-09-28 18:00:00
-9.881900,-43.608800,GOES-19,2026-09-28 18:10:00
-9.881900,-43.608800,GOES-19,2026-09-28 18:20:00
-9.881900,-43.608800,GOES-19,2026-09-28 18:40:00
-9.881900,-43.608800,GOES-19,2026-09-28 18:50:00
-11.373900,-43.397200,GOES-19,2026-09-28 18:20:00
-11.373900,-43.397200,GOES-19,2026-09-28 19:00:00
-11.373900,-43.397200,GOES-19,2026-09-28 19:20:00
-11.373900,-43.397200,GOES-19,2026-09-28 19:30:00
-11.373900,-43.397200,GOES-19,2026-09-28 19:40:00
-11.373900,-43.397200,GOES-19,2026-09-28 19:50:00
-11.373900,-43.397200,GOES-19,2026-09-28 20:00:00
-11.373900,-43.397200,GOES-19,2026-09-28 20:10:00
-11.373900,-43.397200,GOES-19,2026-09-28 20:20:00
-11.373900,-43.397200,GOES-19,2026-09-28 20:30:00
-11.373900,-43.397200,GOES-19,2026-09-28 20:40:00
-11.373900,-43.397200,GOES-19,2026-09-28 21:30:00
-11.373900,-43.397200,GOES-19,2026-09-28 21:40:00
-11.373900,-43.397200,GOES-19,2026-09-28 21:50:00
-11.373900,-43.397200,GOES-19,2026-09-28 22:00:00
-11.373900,-43.397200,GOES-19,2026-09-28 22:10:00
-11.393100,-43.394200,GOES-19,2026-09-28 17:50:00
-11.393100,-43.394200,GOES-19,2026-09-28 18:00:00
-11.393100,-43.394200,GOES-19,2026-09-28 18:10:00
-11.393100,-43.394200,GOES-19,2026-09-28 18:20:00
-11.393100,-43.394200,GOES-19,2026-09-28 19:20:00
-11.393100,-43.394200,GOES-19,2026-09-28 19:30:00
-11.393100,-43.394200,GOES-19,2026-09-28 19:40:00
-11.393100,-43.394200,GOES-19,2026-09-28 19:50:00
-11.393100,-43.394200,GOES-19,2026-09-28 20:00:00
-11.393100,-43.394200,GOES-19,2026-09-28 20:10:00
-11.393100,-43.394200,GOES-19,2026-09-28 20:20:00
-11.393100,-43.394200,GOES-19,2026-09-28 20:30:00
-11.393100,-43.394200,GOES-19,2026-09-28 20:40:00
-11.393100,-43.394200,GOES-19,2026-09-28 21:30:00
-11.393100,-43.394200,GOES-19,2026-09-28 21:40:00
-11.393100,-43.394200,GOES-19,2026-09-28 21:50:00
-11.393100,-43.394200,GOES-19,2026-09-28 22:00:00
-11.393100,-43.394200,GOES-19,2026-09-28 22:10:00
-11.393100,-43.394200,GOES-19,2026-09-28 22:20:00
-11.393100,-43.394200,GOES-19,2026-09-28 22:30:00
-11.393100,-43.394200,GOES-19,2026-09-28 22:40:00
-11.393100,-43.394200,GOES-19,2026-09-28 22:50:00
-11.393100,-43.394200,GOES-19,2026-09-28 23:20:00
-11.393100,-43.394200,GOES-19,2026-09-28 23:40:00
-11.393100,-43.394200,GOES-19,2026-09-28 23:50:00
-9.862900,-43.611300,GOES-19,2026-09-28 18:00:00
-9.862900,-43.611300,GOES-19,2026-09-28 18:10:00
-9.862900,-43.611300,GOES-19,2026-09-28 18:20:00
-9.862900,-43.611300,GOES-19,2026-09-28 18:30:00
-9.862900,-43.611300,GOES-19,2026-09-28 18:40:00
-9.862900,-43.611300,GOES-19,2026-09-28 18:50:00
-11.374300,-43.373400,GOES-19,2026-09-28 20:30:00
-11.355500,-43.352600,GOES-19,2026-09-28 18:00:00
-11.355500,-43.352600,GOES-19,2026-09-28 18:40:00
-11.355500,-43.352600,GOES-19,2026-09-28 18:50:00
-14.895600,-42.572000,GOES-19,2026-09-28 18:20:00
-5.882700,-43.582900,GOES-19,2026-09-28 18:40:00
-7.256400,-43.346200,GOES-19,2026-09-28 12:00:00
-7.256400,-43.346200,GOES-19,2026-09-28 12:40:00
-7.256400,-43.346200,GOES-19,2026-09-28 12:50:00
-7.256400,-43.346200,GOES-19,2026-09-28 13:00:00
-7.256400,-43.346200,GOES-19,2026-09-28 13:10:00
-7.256400,-43.346200,GOES-19,2026-09-28 13:20:00
-7.256400,-43.346200,GOES-19,2026-09-28 13:30:00
-7.256400,-43.346200,GOES-19,2026-09-28 13:40:00
-7.256400,-43.346200,GOES-19,2026-09-28 13:50:00
-7.256400,-43.346200,GOES-19,2026-09-28 14:00:00
-7.992500,-43.271000,GOES-19,2026-09-28 14:10:00
-7.992500,-43.271000,GOES-19,2026-09-28 18:30:00
-7.992500,-43.271000,GOES-19,2026-09-28 18:50:00
-7.992500,-43.271000,GOES-19,2026-09-28 19:00:00
-8.011400,-43.269000,GOES-19,2026-09-28 18:30:00
-8.011400,-43.269000,GOES-19,2026-09-28 18:40:00
-8.011400,-43.269000,GOES-19,2026-09-28 19:00:00
-8.011400,-43.269000,GOES-19,2026-09-28 19:40:00
-8.011400,-43.269000,GOES-19,2026-09-28 19:50:00
-7.992800,-43.247500,GOES-19,2026-09-28 13:20:00
-7.992800,-43.247500,GOES-19,2026-09-28 13:30:00
-7.992800,-43.247500,GOES-19,2026-09-28 13:40:00
-7.992800,-43.247500,GOES-19,2026-09-28 14:10:00
-7.992800,-43.247500,GOES-19,2026-09-28 18:50:00
-5.734200,-43.431500,GOES-19,2026-09-28 18:40:00
-5.734200,-43.431500,GOES-19,2026-09-28 19:10:00
-5.734200,-43.431500,GOES-19,2026-09-28 19:30:00
-12.023300,-42.553400,GOES-19,2026-09-28 18:20:00
-8.035500,-42.866000,GOES-19,2026-09-28 13:30:00
-7.035900,-42.874400,GOES-19,2026-09-28 12:20:00
-7.035900,-42.874400,GOES-19,2026-09-28 13:00:00
-7.035900,-42.874400,GOES-19,2026-09-28 13:10:00
-7.035900,-42.874400,GOES-19,2026-09-28 13:20:00
-7.035900,-42.874400,GOES-19,2026-09-28 13:30:00
-7.035900,-42.874400,GOES-19,2026-09-28 13:40:00
-7.035900,-42.874400,GOES-19,2026-09-28 13:50:00
-15.454000,-41.440300,GOES-19,2026-09-28 15:00:00
-15.454000,-41.440300,GOES-19,2026-09-28 15:10:00
-15.454000,-41.440300,GOES-19,2026-09-28 15:20:00
-15.454000,-41.440300,GOES-19,2026-09-28 15:30:00
-15.454000,-41.440300,GOES-19,2026-09-28 17:50:00
-14.886300,-41.342200,GOES-19,2026-09-28 18:40:00
-13.885800,-41.478300,GOES-19,2026-09-28 13:40:00
-13.885800,-41.478300,GOES-19,2026-09-28 13:50:00
-9.434400,-41.811300,GOES-19,2026-09-28 18:10:00
-9.434400,-41.811300,GOES-19,2026-09-28 18:20:00
-9.434400,-41.811300,GOES-19,2026-09-28 18:50:00
-14.525400,-40.871200,GOES-19,2026-09-28 13:40:00
-14.525400,-40.871200,GOES-19,2026-09-28 13:50:00
-14.525400,-40.871200,GOES-19,2026-09-28 14:00:00
-14.525400,-40.871200,GOES-19,2026-09-28 14:10:00
-14.525400,-40.871200,GOES-19,2026-09-28 14:20:00
-14.448500,-40.812700,GOES-19,2026-09-28 13:40:00
-14.448500,-40.812700,GOES-19,2026-09-28 13:50:00
-14.448500,-40.812700,GOES-19,2026-09-28 14:00:00
-14.448500,-40.812700,GOES-19,2026-09-28 14:10:00
-14.448500,-40.812700,GOES-19,2026-09-28 14:20:00
-14.448500,-40.812700,GOES-19,2026-09-28 14:30:00
-14.448500,-40.812700,GOES-19,2026-09-28 14:40:00
-14.448500,-40.812700,GOES-19,2026-09-28 14:50:00
-13.371400,-40.986100,GOES-19,2026-09-28 13:30:00
-13.352500,-40.965000,GOES-19,2026-09-28 13:20:00
-13.352500,-40.965000,GOES-19,2026-09-28 13:30:00
-13.352500,-40.965000,GOES-19,2026-09-28 13:40:00
-13.352500,-40.965000,GOES-19,2026-09-28 13:50:00
-13.352500,-40.965000,GOES-19,2026-09-28 14:10:00
-13.372000,-40.961100,GOES-19,2026-09-28 12:20:00
-13.372000,-40.961100,GOES-19,2026-09-28 12:30:00
-13.372000,-40.961100,GOES-19,2026-09-28 13:20:00
-13.372000,-40.961100,GOES-19,2026-09-28 13:30:00
-13.372000,-40.961100,GOES-19,2026-09-28 13:40:00
-13.372000,-40.961100,GOES-19,2026-09-28 13:50:00
-13.372000,-40.961100,GOES-19,2026-09-28 14:20:00
-10.817000,-41.341900,GOES-19,2026-09-28 18:20:00
-10.817000,-41.341900,GOES-19,2026-09-28 18:30:00
-10.817500,-41.317300,GOES-19,2026-09-28 18:40:00
-14.159000,-40.648900,GOES-19,2026-09-28 14:10:00
-9.763900,-36.984200,GOES-19,2026-09-28 19:20:00
-9.763900,-36.984200,GOES-19,2026-09-28 19:30:00
-9.763900,-36.984200,GOES-19,2026-09-28 19:40:00
-11.786900,-65.012200,GOES-19,2026-09-28 18:20:00
-11.786900,-65.012200,GOES-19,2026-09-28 18:30:00
-11.786900,-65.012200,GOES-19,2026-09-28 18:50:00
-11.384400,-63.436800,GOES-19,2026-09-28 17:10:00
-11.384500,-63.417800,GOES-19,2026-09-28 15:50:00
-11.384500,-63.417800,GOES-19,2026-09-28 16:00:00
-11.384500,-63.417800,GOES-19,2026-09-28 16:10:00
-11.384500,-63.417800,GOES-19,2026-09-28 17:10:00
-11.384500,-63.417800,GOES-19,2026-09-28 17:40:00
-11.384500,-63.417800,GOES-19,2026-09-28 17:50:00
-12.389500,-62.444800,GOES-19,2026-09-28 18:10:00
-12.389500,-62.444800,GOES-19,2026-09-28 18:20:00
-12.389500,-62.444800,GOES-19,2026-09-28 18:30:00
-12.389500,-62.444800,GOES-19,2026-09-28 18:40:00
-13.519700,-61.131900,GOES-19,2026-09-28 18:20:00
-10.990700,-60.966000,GOES-19,2026-09-28 18:00:00
-9.049600,-61.011300,GOES-19,2026-09-28 14:30:00
-9.049600,-61.011300,GOES-19,2026-09-28 14:40:00
-9.049600,-61.011300,GOES-19,2026-09-28 14:50:00
-9.049600,-61.011300,GOES-19,2026-09-28 15:10:00
-9.105600,-60.970300,GOES-19,2026-09-28 14:50:00
-9.105600,-60.970300,GOES-19,2026-09-28 15:00:00
-10.805100,-60.745000,GOES-19,2026-09-28 14:00:00
-10.805100,-60.745000,GOES-19,2026-09-28 14:10:00
-10.805100,-60.745000,GOES-19,2026-09-28 14:20:00
-10.805100,-60.745000,GOES-19,2026-09-28 15:00:00
-10.805100,-60.745000,GOES-19,2026-09-28 17:50:00
-10.823800,-60.744000,GOES-19,2026-09-28 14:00:00
-10.823800,-60.744000,GOES-19,2026-09-28 14:10:00
-10.823800,-60.744000,GOES-19,2026-09-28 14:20:00
-10.823800,-60.744000,GOES-19,2026-09-28 15:00:00
-10.823800,-60.744000,GOES-19,2026-09-28 17:50:00
-10.842600,-60.742900,GOES-19,2026-09-28 18:40:00
-10.805200,-60.725700,GOES-19,2026-09-28 14:00:00
-10.805200,-60.725700,GOES-19,2026-09-28 14:10:00
-10.805200,-60.725700,GOES-19,2026-09-28 14:20:00
-10.805200,-60.725700,GOES-19,2026-09-28 15:00:00
-10.805200,-60.725700,GOES-19,2026-09-28 15:20:00
-10.805200,-60.725700,GOES-19,2026-09-28 17:50:00
-10.824000,-60.724600,GOES-19,2026-09-28 14:20:00
-10.824000,-60.724600,GOES-19,2026-09-28 17:50:00
-9.816600,-60.472400,GOES-19,2026-09-28 18:20:00
-9.816600,-60.472400,GOES-19,2026-09-28 18:30:00
-9.816600,-60.472400,GOES-19,2026-09-28 18:40:00
-9.816600,-60.472400,GOES-19,2026-09-28 18:50:00
-9.183700,-60.428400,GOES-19,2026-09-28 18:20:00
-9.202300,-60.427500,GOES-19,2026-09-28 18:20:00
-9.183900,-60.409200,GOES-19,2026-09-28 18:10:00
-9.183900,-60.409200,GOES-19,2026-09-28 18:20:00
-9.202500,-60.408200,GOES-19,2026-09-28 18:10:00
3.531200,-60.168400,GOES-19,2026-09-28 19:40:00
-9.896700,-59.771700,GOES-19,2026-09-28 18:30:00
-9.896700,-59.771700,GOES-19,2026-09-28 18:40:00
-9.896700,-59.771700,GOES-19,2026-09-28 18:50:00
-9.896700,-59.771700,GOES-19,2026-09-28 19:00:00
-9.896700,-59.771700,GOES-19,2026-09-28 19:10:00
-15.343400,-59.147100,GOES-19,2026-09-28 18:40:00
-15.343400,-59.147100,GOES-19,2026-09-28 19:00:00
-15.362700,-59.145300,GOES-19,2026-09-28 18:30:00
-15.362700,-59.145300,GOES-19,2026-09-28 18:40:00
-10.257900,-59.030000,GOES-19,2026-09-28 19:00:00
-9.705100,-58.124700,GOES-19,2026-09-28 18:50:00
-10.516100,-57.439500,GOES-19,2026-09-28 17:40:00
-10.516100,-57.439500,GOES-19,2026-09-28 17:50:00
-10.516100,-57.439500,GOES-19,2026-09-28 18:00:00
-10.516100,-57.439500,GOES-19,2026-09-28 18:10:00
-22.220700,-55.968200,GOES-19,2026-09-28 14:30:00
-13.375200,-57.066300,GOES-19,2026-09-28 19:30:00
-12.120400,-57.156700,GOES-19,2026-09-28 19:00:00
-10.818500,-57.239100,GOES-19,2026-09-28 14:40:00
-10.818500,-57.239100,GOES-19,2026-09-28 19:00:00
-10.799900,-57.220600,GOES-19,2026-09-28 14:40:00
-10.799900,-57.220600,GOES-19,2026-09-28 14:50:00
-10.799900,-57.220600,GOES-19,2026-09-28 15:00:00
-10.799900,-57.220600,GOES-19,2026-09-28 15:10:00
-10.799900,-57.220600,GOES-19,2026-09-28 15:20:00
-10.799900,-57.220600,GOES-19,2026-09-28 15:40:00
-10.799900,-57.220600,GOES-19,2026-09-28 18:20:00
-10.799900,-57.220600,GOES-19,2026-09-28 18:30:00
-10.799900,-57.220600,GOES-19,2026-09-28 18:40:00
-10.799900,-57.220600,GOES-19,2026-09-28 19:00:00
-10.799900,-57.220600,GOES-19,2026-09-28 19:10:00
-10.799900,-57.220600,GOES-19,2026-09-28 19:20:00
-10.799900,-57.220600,GOES-19,2026-09-28 19:30:00
-10.799900,-57.220600,GOES-19,2026-09-28 19:40:00
-10.799900,-57.220600,GOES-19,2026-09-28 19:50:00
-10.818700,-57.219200,GOES-19,2026-09-28 14:40:00
-10.818700,-57.219200,GOES-19,2026-09-28 19:00:00
-10.800100,-57.200700,GOES-19,2026-09-28 14:40:00
-10.800100,-57.200700,GOES-19,2026-09-28 19:00:00
-10.818900,-57.199300,GOES-19,2026-09-28 14:40:00
-10.818900,-57.199300,GOES-19,2026-09-28 19:00:00
-10.837700,-57.197900,GOES-19,2026-09-28 14:40:00
-10.819100,-57.179500,GOES-19,2026-09-28 14:40:00
-10.819100,-57.179500,GOES-19,2026-09-28 19:00:00
-10.837900,-57.178100,GOES-19,2026-09-28 19:00:00
-15.905100,-56.397500,GOES-19,2026-09-28 18:40:00
-15.905100,-56.397500,GOES-19,2026-09-28 18:50:00
-15.905100,-56.397500,GOES-19,2026-09-28 19:00:00
-15.905100,-56.397500,GOES-19,2026-09-28 19:10:00
-15.905100,-56.397500,GOES-19,2026-09-28 19:20:00
-15.905100,-56.397500,GOES-19,2026-09-28 19:30:00
-15.905100,-56.397500,GOES-19,2026-09-28 19:40:00
-15.905100,-56.397500,GOES-19,2026-09-28 19:50:00
-13.705800,-56.611200,GOES-19,2026-09-28 18:10:00
-13.705800,-56.611200,GOES-19,2026-09-28 18:50:00
-13.705800,-56.611200,GOES-19,2026-09-28 19:00:00
-13.705800,-56.611200,GOES-19,2026-09-28 19:10:00
-13.705800,-56.611200,GOES-19,2026-09-28 19:20:00
-13.705800,-56.611200,GOES-19,2026-09-28 19:50:00
1.839600,-55.979500,GOES-19,2026-09-28 14:20:00
1.839600,-55.979500,GOES-19,2026-09-28 14:30:00
1.839600,-55.979500,GOES-19,2026-09-28 14:40:00
1.674900,-55.942200,GOES-19,2026-09-28 14:50:00
1.674900,-55.922500,GOES-19,2026-09-28 14:50:00
1.656600,-55.903000,GOES-19,2026-09-28 14:50:00
1.620000,-55.903500,GOES-19,2026-09-28 14:50:00
-7.584900,-55.700500,GOES-19,2026-09-28 18:20:00
-7.584900,-55.700500,GOES-19,2026-09-28 19:00:00
-7.603400,-55.699500,GOES-19,2026-09-28 18:20:00
-7.603400,-55.699500,GOES-19,2026-09-28 18:30:00
-7.603400,-55.699500,GOES-19,2026-09-28 18:40:00
-7.603400,-55.699500,GOES-19,2026-09-28 18:50:00
2.096300,-55.877300,GOES-19,2026-09-28 14:30:00
2.078000,-55.877500,GOES-19,2026-09-28 14:30:00
-7.436900,-55.649000,GOES-19,2026-09-28 14:00:00
-7.436900,-55.649000,GOES-19,2026-09-28 18:50:00
-7.437000,-55.629100,GOES-19,2026-09-28 18:20:00
-7.437000,-55.629100,GOES-19,2026-09-28 18:30:00
-7.437000,-55.629100,GOES-19,2026-09-28 18:50:00
1.968400,-55.701600,GOES-19,2026-09-28 18:40:00
1.968400,-55.701600,GOES-19,2026-09-28 18:50:00
1.968400,-55.701600,GOES-19,2026-09-28 19:00:00
1.840300,-55.624400,GOES-19,2026-09-28 19:10:00
1.858700,-55.604400,GOES-19,2026-09-28 19:30:00
1.858700,-55.604400,GOES-19,2026-09-28 19:40:00
1.840300,-55.604600,GOES-19,2026-09-28 18:40:00
1.840300,-55.604600,GOES-19,2026-09-28 19:30:00
1.877000,-55.584400,GOES-19,2026-09-28 14:00:00
1.877000,-55.584400,GOES-19,2026-09-28 14:10:00
1.877000,-55.584400,GOES-19,2026-09-28 14:20:00
1.877000,-55.584400,GOES-19,2026-09-28 14:40:00
1.877000,-55.584400,GOES-19,2026-09-28 15:00:00
1.877000,-55.584400,GOES-19,2026-09-28 15:10:00
1.877000,-55.584400,GOES-19,2026-09-28 15:40:00
1.877000,-55.584400,GOES-19,2026-09-28 18:20:00
1.877000,-55.584400,GOES-19,2026-09-28 18:50:00
1.877000,-55.584400,GOES-19,2026-09-28 19:30:00
1.858700,-55.584600,GOES-19,2026-09-28 14:20:00
1.858700,-55.584600,GOES-19,2026-09-28 14:30:00
1.858700,-55.584600,GOES-19,2026-09-28 14:50:00
1.858700,-55.584600,GOES-19,2026-09-28 18:20:00
1.858700,-55.584600,GOES-19,2026-09-28 18:40:00
1.858700,-55.584600,GOES-19,2026-09-28 18:50:00
1.858700,-55.584600,GOES-19,2026-09-28 19:30:00
1.840400,-55.584900,GOES-19,2026-09-28 15:20:00
1.840400,-55.584900,GOES-19,2026-09-28 15:50:00
1.840400,-55.584900,GOES-19,2026-09-28 18:40:00
1.895300,-55.584100,GOES-19,2026-09-28 14:00:00
1.895300,-55.584100,GOES-19,2026-09-28 14:10:00
1.895300,-55.584100,GOES-19,2026-09-28 15:10:00
-15.079000,-54.721200,GOES-19,2026-09-28 15:10:00
-15.079000,-54.721200,GOES-19,2026-09-28 15:30:00
1.895400,-55.564300,GOES-19,2026-09-28 14:00:00
1.895400,-55.564300,GOES-19,2026-09-28 14:10:00
1.895400,-55.564300,GOES-19,2026-09-28 15:40:00
1.877100,-55.564600,GOES-19,2026-09-28 14:00:00
1.877100,-55.564600,GOES-19,2026-09-28 14:10:00
1.877100,-55.564600,GOES-19,2026-09-28 15:10:00
1.877100,-55.564600,GOES-19,2026-09-28 15:20:00
1.877100,-55.564600,GOES-19,2026-09-28 15:30:00
1.877100,-55.564600,GOES-19,2026-09-28 15:40:00
1.877100,-55.564600,GOES-19,2026-09-28 18:40:00
1.877100,-55.564600,GOES-19,2026-09-28 18:50:00
1.877100,-55.564600,GOES-19,2026-09-28 19:30:00
-15.118100,-54.695800,GOES-19,2026-09-28 18:10:00
-15.118100,-54.695800,GOES-19,2026-09-28 19:30:00
-8.555500,-55.241200,GOES-19,2026-09-28 15:00:00
-15.081300,-54.575600,GOES-19,2026-09-28 19:00:00
-15.081300,-54.575600,GOES-19,2026-09-28 19:10:00
-6.662700,-55.111200,GOES-19,2026-09-28 20:30:00
-6.662700,-55.111200,GOES-19,2026-09-28 20:40:00
-6.662800,-55.091200,GOES-19,2026-09-28 20:30:00
-6.662800,-55.091200,GOES-19,2026-09-28 20:40:00
-7.330400,-55.015100,GOES-19,2026-09-28 15:30:00
-17.335200,-53.962300,GOES-19,2026-09-28 18:10:00
-8.261600,-54.777600,GOES-19,2026-09-28 18:10:00
-8.280200,-54.776400,GOES-19,2026-09-28 18:10:00
-8.280400,-54.756200,GOES-19,2026-09-28 18:10:00
-8.280600,-54.736000,GOES-19,2026-09-28 18:00:00
-8.280600,-54.736000,GOES-19,2026-09-28 18:10:00
-8.280600,-54.736000,GOES-19,2026-09-28 18:20:00
-8.280600,-54.736000,GOES-19,2026-09-28 18:30:00
-8.280600,-54.736000,GOES-19,2026-09-28 18:40:00
-8.280600,-54.736000,GOES-19,2026-09-28 18:50:00
-8.280600,-54.736000,GOES-19,2026-09-28 19:00:00
-8.299200,-54.734800,GOES-19,2026-09-28 18:10:00
-8.262100,-54.717000,GOES-19,2026-09-28 15:30:00
-8.262100,-54.717000,GOES-19,2026-09-28 18:20:00
-8.262100,-54.717000,GOES-19,2026-09-28 18:30:00
-8.280700,-54.715800,GOES-19,2026-09-28 18:10:00
-8.299400,-54.714600,GOES-19,2026-09-28 18:50:00
-8.262300,-54.696900,GOES-19,2026-09-28 18:10:00
-8.280900,-54.695700,GOES-19,2026-09-28 14:50:00
-8.280900,-54.695700,GOES-19,2026-09-28 15:00:00
-8.280900,-54.695700,GOES-19,2026-09-28 15:10:00
-8.280900,-54.695700,GOES-19,2026-09-28 15:20:00
-8.280900,-54.695700,GOES-19,2026-09-28 15:30:00
-8.280900,-54.695700,GOES-19,2026-09-28 18:40:00
-8.280900,-54.695700,GOES-19,2026-09-28 18:50:00
-13.973300,-53.979500,GOES-19,2026-09-28 15:20:00
-12.767400,-54.050200,GOES-19,2026-09-28 15:10:00
-12.767700,-54.029600,GOES-19,2026-09-28 14:50:00
-12.767700,-54.029600,GOES-19,2026-09-28 15:00:00
-12.786800,-54.027500,GOES-19,2026-09-28 14:50:00
-12.786800,-54.027500,GOES-19,2026-09-28 15:00:00
-12.786800,-54.027500,GOES-19,2026-09-28 15:10:00
-12.805900,-54.025500,GOES-19,2026-09-28 14:50:00
-12.805900,-54.025500,GOES-19,2026-09-28 15:00:00
-12.805900,-54.025500,GOES-19,2026-09-28 15:10:00
-12.787100,-54.006900,GOES-19,2026-09-28 14:00:00
-12.787100,-54.006900,GOES-19,2026-09-28 14:10:00
-12.787100,-54.006900,GOES-19,2026-09-28 14:20:00
-12.787100,-54.006900,GOES-19,2026-09-28 14:30:00
-12.787100,-54.006900,GOES-19,2026-09-28 14:40:00
-12.787100,-54.006900,GOES-19,2026-09-28 14:50:00
-12.787100,-54.006900,GOES-19,2026-09-28 15:00:00
-12.787100,-54.006900,GOES-19,2026-09-28 15:10:00
-12.787100,-54.006900,GOES-19,2026-09-28 18:40:00
-12.787100,-54.006900,GOES-19,2026-09-28 18:50:00
-12.806100,-54.004800,GOES-19,2026-09-28 14:50:00
-11.324700,-54.110300,GOES-19,2026-09-28 20:10:00
-11.324700,-54.110300,GOES-19,2026-09-28 20:20:00
-11.343600,-54.108600,GOES-19,2026-09-28 20:10:00
-11.343600,-54.108600,GOES-19,2026-09-28 20:20:00
-11.344400,-54.047000,GOES-19,2026-09-28 20:10:00
-11.344400,-54.047000,GOES-19,2026-09-28 20:20:00
-11.344400,-54.047000,GOES-19,2026-09-28 20:30:00
-11.344400,-54.047000,GOES-19,2026-09-28 22:20:00
-11.344400,-54.047000,GOES-19,2026-09-28 22:30:00
-10.853400,-54.071100,GOES-19,2026-09-28 14:50:00
-10.853400,-54.071100,GOES-19,2026-09-28 15:10:00
-11.175000,-54.001000,GOES-19,2026-09-28 15:50:00
-11.175000,-54.001000,GOES-19,2026-09-28 18:40:00
-13.901200,-53.675700,GOES-19,2026-09-28 15:10:00
-13.901200,-53.675700,GOES-19,2026-09-28 18:50:00
-13.882200,-53.657100,GOES-19,2026-09-28 15:10:00
-13.882200,-53.657100,GOES-19,2026-09-28 19:00:00
-12.207800,-53.239000,GOES-19,2026-09-28 14:20:00
-12.207800,-53.239000,GOES-19,2026-09-28 14:30:00
-12.207800,-53.239000,GOES-19,2026-09-28 14:40:00
-12.207800,-53.239000,GOES-19,2026-09-28 14:50:00
-12.226900,-53.237000,GOES-19,2026-09-28 14:20:00
-12.226900,-53.237000,GOES-19,2026-09-28 14:30:00
-12.226900,-53.237000,GOES-19,2026-09-28 14:50:00
-14.536100,-52.505100,GOES-19,2026-09-28 19:10:00
-14.536100,-52.505100,GOES-19,2026-09-28 19:30:00
-14.536100,-52.505100,GOES-19,2026-09-28 19:40:00
-14.517100,-52.486400,GOES-19,2026-09-28 18:20:00
-14.517100,-52.486400,GOES-19,2026-09-28 18:40:00
-14.536400,-52.483900,GOES-19,2026-09-28 19:00:00
-14.536400,-52.483900,GOES-19,2026-09-28 19:10:00
-14.536400,-52.483900,GOES-19,2026-09-28 19:30:00
-14.536400,-52.483900,GOES-19,2026-09-28 19:40:00
-20.755000,-51.313400,GOES-19,2026-09-28 18:30:00
-20.775500,-51.309300,GOES-19,2026-09-28 17:30:00
-20.775500,-51.309300,GOES-19,2026-09-28 17:40:00
-20.775500,-51.309300,GOES-19,2026-09-28 18:30:00
-20.775500,-51.309300,GOES-19,2026-09-28 18:40:00
-20.775500,-51.309300,GOES-19,2026-09-28 18:50:00
-20.776100,-51.286900,GOES-19,2026-09-28 18:40:00
-20.776100,-51.286900,GOES-19,2026-09-28 18:50:00
-20.776100,-51.286900,GOES-19,2026-09-28 19:00:00
-14.639400,-52.109400,GOES-19,2026-09-28 18:00:00
-14.658800,-52.106800,GOES-19,2026-09-28 18:00:00
-14.388600,-52.100000,GOES-19,2026-09-28 15:50:00
-6.160500,-52.811000,GOES-19,2026-09-28 15:00:00
-6.886400,-52.482100,GOES-19,2026-09-28 14:50:00
-6.886400,-52.482100,GOES-19,2026-09-28 15:00:00
-13.221500,-51.780800,GOES-19,2026-09-28 17:40:00
-15.019500,-51.415400,GOES-19,2026-09-28 18:40:00
-13.591500,-51.436600,GOES-19,2026-09-28 13:50:00
-13.591500,-51.436600,GOES-19,2026-09-28 14:00:00
-13.591500,-51.436600,GOES-19,2026-09-28 14:10:00
-13.591500,-51.436600,GOES-19,2026-09-28 14:20:00
-13.591500,-51.436600,GOES-19,2026-09-28 14:30:00
-13.591500,-51.436600,GOES-19,2026-09-28 15:50:00
-11.322400,-51.404900,GOES-19,2026-09-28 13:40:00
-11.322400,-51.404900,GOES-19,2026-09-28 13:50:00
-11.322400,-51.404900,GOES-19,2026-09-28 14:20:00
-11.322400,-51.404900,GOES-19,2026-09-28 14:40:00
-11.076100,-51.409700,GOES-19,2026-09-28 14:20:00
-11.076100,-51.409700,GOES-19,2026-09-28 14:30:00
-11.076400,-51.388500,GOES-19,2026-09-28 13:30:00
-11.076400,-51.388500,GOES-19,2026-09-28 14:10:00
-11.076400,-51.388500,GOES-19,2026-09-28 14:20:00
-11.076400,-51.388500,GOES-19,2026-09-28 14:30:00
-11.076400,-51.388500,GOES-19,2026-09-28 16:10:00
-11.076400,-51.388500,GOES-19,2026-09-28 17:10:00
-11.095300,-51.386600,GOES-19,2026-09-28 14:10:00
-11.095300,-51.386600,GOES-19,2026-09-28 14:20:00
-11.095300,-51.386600,GOES-19,2026-09-28 17:10:00
-11.095300,-51.386600,GOES-19,2026-09-28 17:20:00
-11.095300,-51.386600,GOES-19,2026-09-28 17:30:00
-11.095300,-51.386600,GOES-19,2026-09-28 17:50:00
-11.095300,-51.386600,GOES-19,2026-09-28 18:10:00
-11.095300,-51.386600,GOES-19,2026-09-28 18:40:00
-11.190100,-51.376600,GOES-19,2026-09-28 14:20:00
-11.190100,-51.376600,GOES-19,2026-09-28 14:30:00
-11.095600,-51.365400,GOES-19,2026-09-28 14:10:00
-11.095600,-51.365400,GOES-19,2026-09-28 14:20:00
-11.095600,-51.365400,GOES-19,2026-09-28 17:10:00
-11.095900,-51.344300,GOES-19,2026-09-28 13:30:00
-11.095900,-51.344300,GOES-19,2026-09-28 14:10:00
-11.095900,-51.344300,GOES-19,2026-09-28 14:20:00
-11.095900,-51.344300,GOES-19,2026-09-28 17:10:00
-11.285900,-51.303100,GOES-19,2026-09-28 14:30:00
-11.285900,-51.303100,GOES-19,2026-09-28 14:40:00
-11.096200,-51.323100,GOES-19,2026-09-28 14:10:00
-11.096200,-51.323100,GOES-19,2026-09-28 14:20:00
-11.039600,-51.307900,GOES-19,2026-09-28 15:20:00
-12.964600,-51.088600,GOES-19,2026-09-28 14:10:00
-12.964600,-51.088600,GOES-19,2026-09-28 14:20:00
-12.964600,-51.088600,GOES-19,2026-09-28 14:30:00
-12.964600,-51.088600,GOES-19,2026-09-28 15:00:00
-12.964600,-51.088600,GOES-19,2026-09-28 15:10:00
-12.964600,-51.088600,GOES-19,2026-09-28 15:20:00
-12.964600,-51.088600,GOES-19,2026-09-28 15:30:00
-12.964600,-51.088600,GOES-19,2026-09-28 18:00:00
-12.964600,-51.088600,GOES-19,2026-09-28 18:20:00
-12.964600,-51.088600,GOES-19,2026-09-28 18:50:00
-12.965300,-51.045700,GOES-19,2026-09-28 18:40:00
-10.510600,-51.298200,GOES-19,2026-09-28 18:10:00
-12.850900,-51.017100,GOES-19,2026-09-28 18:30:00
-11.097900,-51.196000,GOES-19,2026-09-28 15:00:00
-11.097900,-51.196000,GOES-19,2026-09-28 15:10:00
-11.097900,-51.196000,GOES-19,2026-09-28 17:30:00
-11.116900,-51.194000,GOES-19,2026-09-28 15:00:00
-11.135900,-51.192000,GOES-19,2026-09-28 14:10:00
-11.098200,-51.174800,GOES-19,2026-09-28 15:00:00
-11.098200,-51.174800,GOES-19,2026-09-28 17:10:00
-11.098200,-51.174800,GOES-19,2026-09-28 17:40:00
-11.098200,-51.174800,GOES-19,2026-09-28 18:00:00
-11.098200,-51.174800,GOES-19,2026-09-28 18:20:00
-11.098200,-51.174800,GOES-19,2026-09-28 18:30:00
-11.098200,-51.174800,GOES-19,2026-09-28 18:40:00
-11.117200,-51.172800,GOES-19,2026-09-28 15:00:00
-11.117200,-51.172800,GOES-19,2026-09-28 15:10:00
-11.117200,-51.172800,GOES-19,2026-09-28 15:30:00
-11.117200,-51.172800,GOES-19,2026-09-28 16:00:00
-11.117200,-51.172800,GOES-19,2026-09-28 17:10:00
-11.117200,-51.172800,GOES-19,2026-09-28 18:10:00
-11.117200,-51.172800,GOES-19,2026-09-28 18:30:00
-11.117200,-51.172800,GOES-19,2026-09-28 18:40:00
-11.136100,-51.170800,GOES-19,2026-09-28 15:20:00
-11.136100,-51.170800,GOES-19,2026-09-28 17:50:00
-11.782400,-51.079100,GOES-19,2026-09-28 13:40:00
-11.782400,-51.079100,GOES-19,2026-09-28 13:50:00
-11.782400,-51.079100,GOES-19,2026-09-28 14:00:00
-11.782400,-51.079100,GOES-19,2026-09-28 14:40:00
-11.782400,-51.079100,GOES-19,2026-09-28 14:50:00
-11.782400,-51.079100,GOES-19,2026-09-28 15:00:00
4.022900,-51.633100,GOES-19,2026-09-28 15:40:00
-11.782800,-51.057800,GOES-19,2026-09-28 13:30:00
-11.782800,-51.057800,GOES-19,2026-09-28 13:40:00
-11.782800,-51.057800,GOES-19,2026-09-28 13:50:00
-11.782800,-51.057800,GOES-19,2026-09-28 14:00:00
-11.099100,-51.111100,GOES-19,2026-09-28 13:10:00
-11.099100,-51.111100,GOES-19,2026-09-28 14:20:00
-11.099100,-51.111100,GOES-19,2026-09-28 14:30:00
-11.099100,-51.111100,GOES-19,2026-09-28 14:40:00
-11.099100,-51.111100,GOES-19,2026-09-28 15:10:00
-11.099100,-51.111100,GOES-19,2026-09-28 15:20:00
-11.099100,-51.111100,GOES-19,2026-09-28 15:50:00
-11.099100,-51.111100,GOES-19,2026-09-28 16:20:00
-11.099100,-51.111100,GOES-19,2026-09-28 16:30:00
-11.099100,-51.111100,GOES-19,2026-09-28 16:40:00
-11.879900,-50.919100,GOES-19,2026-09-28 17:50:00
-11.879900,-50.919100,GOES-19,2026-09-28 18:00:00
-11.879900,-50.919100,GOES-19,2026-09-28 18:10:00
-11.879900,-50.919100,GOES-19,2026-09-28 18:20:00
-11.879900,-50.919100,GOES-19,2026-09-28 19:30:00
-11.879900,-50.919100,GOES-19,2026-09-28 19:40:00
-11.879900,-50.919100,GOES-19,2026-09-28 19:50:00
-11.879900,-50.919100,GOES-19,2026-09-28 20:10:00
-11.879900,-50.919100,GOES-19,2026-09-28 20:20:00
-11.879900,-50.919100,GOES-19,2026-09-28 20:30:00
-11.898900,-50.916900,GOES-19,2026-09-28 18:20:00
-11.898900,-50.916900,GOES-19,2026-09-28 18:30:00
-11.898900,-50.916900,GOES-19,2026-09-28 18:40:00
-11.898900,-50.916900,GOES-19,2026-09-28 19:40:00
-11.898900,-50.916900,GOES-19,2026-09-28 19:50:00
-11.898900,-50.916900,GOES-19,2026-09-28 20:00:00
-11.860800,-50.921200,GOES-19,2026-09-28 17:30:00
-11.860800,-50.921200,GOES-19,2026-09-28 17:40:00
-11.860800,-50.921200,GOES-19,2026-09-28 17:50:00
-11.860800,-50.921200,GOES-19,2026-09-28 18:00:00
-11.860800,-50.921200,GOES-19,2026-09-28 18:10:00
-11.860800,-50.921200,GOES-19,2026-09-28 19:40:00
-11.860800,-50.921200,GOES-19,2026-09-28 20:10:00
-11.860800,-50.921200,GOES-19,2026-09-28 20:20:00
-11.842100,-50.902100,GOES-19,2026-09-28 17:20:00
-11.842100,-50.902100,GOES-19,2026-09-28 17:30:00
-11.842100,-50.902100,GOES-19,2026-09-28 17:40:00
-11.842100,-50.902100,GOES-19,2026-09-28 17:50:00
-11.842100,-50.902100,GOES-19,2026-09-28 18:00:00
-11.861100,-50.899900,GOES-19,2026-09-28 17:10:00
-11.861100,-50.899900,GOES-19,2026-09-28 17:20:00
-11.861100,-50.899900,GOES-19,2026-09-28 17:30:00
-11.861100,-50.899900,GOES-19,2026-09-28 17:40:00
-11.861100,-50.899900,GOES-19,2026-09-28 17:50:00
-11.861100,-50.899900,GOES-19,2026-09-28 18:00:00
-11.861100,-50.899900,GOES-19,2026-09-28 18:10:00
-11.861100,-50.899900,GOES-19,2026-09-28 18:20:00
-11.880200,-50.897700,GOES-19,2026-09-28 17:50:00
-11.880200,-50.897700,GOES-19,2026-09-28 18:00:00
-11.880200,-50.897700,GOES-19,2026-09-28 18:10:00
-11.880200,-50.897700,GOES-19,2026-09-28 18:20:00
-11.899200,-50.895500,GOES-19,2026-09-28 18:00:00
-11.899200,-50.895500,GOES-19,2026-09-28 18:10:00
-11.899200,-50.895500,GOES-19,2026-09-28 18:50:00
-11.842400,-50.880700,GOES-19,2026-09-28 17:10:00
-11.842400,-50.880700,GOES-19,2026-09-28 17:20:00
-11.842400,-50.880700,GOES-19,2026-09-28 17:40:00
-11.861400,-50.878500,GOES-19,2026-09-28 17:00:00
-11.861400,-50.878500,GOES-19,2026-09-28 17:10:00
-11.861400,-50.878500,GOES-19,2026-09-28 17:20:00
-11.861400,-50.878500,GOES-19,2026-09-28 17:30:00
-11.861400,-50.878500,GOES-19,2026-09-28 17:40:00
-11.861400,-50.878500,GOES-19,2026-09-28 17:50:00
-11.861400,-50.878500,GOES-19,2026-09-28 18:00:00
-11.861400,-50.878500,GOES-19,2026-09-28 18:10:00
-11.861400,-50.878500,GOES-19,2026-09-28 18:20:00
-11.880500,-50.876400,GOES-19,2026-09-28 18:00:00
-11.842700,-50.859400,GOES-19,2026-09-28 17:40:00
-11.842700,-50.859400,GOES-19,2026-09-28 17:50:00
-11.842700,-50.859400,GOES-19,2026-09-28 18:00:00
-11.842700,-50.859400,GOES-19,2026-09-28 18:10:00
-11.861800,-50.857200,GOES-19,2026-09-28 17:40:00
-11.861800,-50.857200,GOES-19,2026-09-28 17:50:00
-11.861800,-50.857200,GOES-19,2026-09-28 18:00:00
-11.861800,-50.857200,GOES-19,2026-09-28 18:10:00
-11.861800,-50.857200,GOES-19,2026-09-28 18:20:00
-11.843000,-50.838000,GOES-19,2026-09-28 18:00:00
-12.741500,-50.688100,GOES-19,2026-09-28 14:00:00
-12.741500,-50.688100,GOES-19,2026-09-28 14:10:00
-12.741500,-50.688100,GOES-19,2026-09-28 14:30:00
-12.741500,-50.688100,GOES-19,2026-09-28 15:20:00
-12.741500,-50.688100,GOES-19,2026-09-28 15:30:00
-10.742600,-50.893900,GOES-19,2026-09-28 14:30:00
-10.742600,-50.893900,GOES-19,2026-09-28 14:50:00
-10.742600,-50.893900,GOES-19,2026-09-28 15:00:00
-10.742600,-50.893900,GOES-19,2026-09-28 15:10:00
-10.742600,-50.893900,GOES-19,2026-09-28 15:20:00
-10.742600,-50.893900,GOES-19,2026-09-28 15:50:00
-10.742600,-50.893900,GOES-19,2026-09-28 16:20:00
-11.749100,-50.763400,GOES-19,2026-09-28 18:20:00
-11.749100,-50.763400,GOES-19,2026-09-28 18:30:00
-11.768100,-50.761200,GOES-19,2026-09-28 18:10:00
-11.768100,-50.761200,GOES-19,2026-09-28 18:40:00
-12.283400,-50.679700,GOES-19,2026-09-28 15:20:00
-12.283400,-50.679700,GOES-19,2026-09-28 15:30:00
-10.705600,-50.834100,GOES-19,2026-09-28 17:20:00
-10.705600,-50.834100,GOES-19,2026-09-28 17:40:00
-10.705600,-50.834100,GOES-19,2026-09-28 17:50:00
-10.705600,-50.834100,GOES-19,2026-09-28 18:00:00
-10.705600,-50.834100,GOES-19,2026-09-28 18:20:00
-10.705600,-50.834100,GOES-19,2026-09-28 18:40:00
-10.705600,-50.834100,GOES-19,2026-09-28 18:50:00
-10.705600,-50.834100,GOES-19,2026-09-28 19:00:00
-12.800300,-50.594900,GOES-19,2026-09-28 13:50:00
-12.800300,-50.594900,GOES-19,2026-09-28 14:00:00
-12.800300,-50.594900,GOES-19,2026-09-28 14:10:00
-12.800300,-50.594900,GOES-19,2026-09-28 14:20:00
-12.800300,-50.594900,GOES-19,2026-09-28 14:30:00
-12.800300,-50.594900,GOES-19,2026-09-28 18:10:00
-11.712600,-50.660800,GOES-19,2026-09-28 15:30:00
-11.731600,-50.658700,GOES-19,2026-09-28 15:30:00
-10.934000,-50.725200,GOES-19,2026-09-28 18:50:00
-10.934000,-50.725200,GOES-19,2026-09-28 19:00:00
-10.934000,-50.725200,GOES-19,2026-09-28 19:10:00
-10.934000,-50.725200,GOES-19,2026-09-28 19:20:00
-10.934000,-50.725200,GOES-19,2026-09-28 19:30:00
-10.934000,-50.725200,GOES-19,2026-09-28 19:40:00
-10.934000,-50.725200,GOES-19,2026-09-28 20:10:00
-11.560600,-50.656700,GOES-19,2026-09-28 18:40:00
-10.934300,-50.703900,GOES-19,2026-09-28 18:40:00
-10.934300,-50.703900,GOES-19,2026-09-28 18:50:00
-10.934300,-50.703900,GOES-19,2026-09-28 19:00:00
-10.934300,-50.703900,GOES-19,2026-09-28 19:10:00
-10.934300,-50.703900,GOES-19,2026-09-28 20:10:00
-10.953300,-50.701800,GOES-19,2026-09-28 14:30:00
-10.953300,-50.701800,GOES-19,2026-09-28 14:40:00
-10.953300,-50.701800,GOES-19,2026-09-28 14:50:00
-10.953300,-50.701800,GOES-19,2026-09-28 19:00:00
-10.953300,-50.701800,GOES-19,2026-09-28 19:10:00
-10.953300,-50.701800,GOES-19,2026-09-28 20:10:00
-10.972200,-50.699800,GOES-19,2026-09-28 15:00:00
-10.972200,-50.699800,GOES-19,2026-09-28 17:50:00
-10.972200,-50.699800,GOES-19,2026-09-28 18:20:00
-10.972200,-50.699800,GOES-19,2026-09-28 19:00:00
-10.972200,-50.699800,GOES-19,2026-09-28 20:10:00
-10.991200,-50.697800,GOES-19,2026-09-28 18:30:00
-10.991200,-50.697800,GOES-19,2026-09-28 20:10:00
-10.896400,-50.707900,GOES-19,2026-09-28 12:30:00
-10.896400,-50.707900,GOES-19,2026-09-28 14:10:00
-10.896400,-50.707900,GOES-19,2026-09-28 14:20:00
-10.896400,-50.707900,GOES-19,2026-09-28 14:30:00
-10.896400,-50.707900,GOES-19,2026-09-28 14:40:00
-10.896400,-50.707900,GOES-19,2026-09-28 14:50:00
-10.896400,-50.707900,GOES-19,2026-09-28 15:20:00
-10.896400,-50.707900,GOES-19,2026-09-28 15:30:00
-10.896400,-50.707900,GOES-19,2026-09-28 15:40:00
-10.896400,-50.707900,GOES-19,2026-09-28 15:50:00
-10.896400,-50.707900,GOES-19,2026-09-28 17:50:00
-10.896400,-50.707900,GOES-19,2026-09-28 18:20:00
-10.896400,-50.707900,GOES-19,2026-09-28 18:30:00
-10.896400,-50.707900,GOES-19,2026-09-28 18:40:00
-10.896400,-50.707900,GOES-19,2026-09-28 18:50:00
-10.896400,-50.707900,GOES-19,2026-09-28 19:00:00
-10.896400,-50.707900,GOES-19,2026-09-28 19:10:00
-10.915400,-50.705900,GOES-19,2026-09-28 14:20:00
-10.915400,-50.705900,GOES-19,2026-09-28 14:30:00
-10.915400,-50.705900,GOES-19,2026-09-28 14:40:00
-10.915400,-50.705900,GOES-19,2026-09-28 14:50:00
-10.915400,-50.705900,GOES-19,2026-09-28 18:40:00
-10.915400,-50.705900,GOES-19,2026-09-28 19:00:00
-10.915400,-50.705900,GOES-19,2026-09-28 19:10:00
-10.877700,-50.688600,GOES-19,2026-09-28 14:40:00
-10.877700,-50.688600,GOES-19,2026-09-28 14:50:00
-10.877700,-50.688600,GOES-19,2026-09-28 15:00:00
-10.877700,-50.688600,GOES-19,2026-09-28 15:10:00
-10.877700,-50.688600,GOES-19,2026-09-28 15:20:00
-10.877700,-50.688600,GOES-19,2026-09-28 15:30:00
-10.877700,-50.688600,GOES-19,2026-09-28 18:10:00
-10.896700,-50.686600,GOES-19,2026-09-28 14:10:00
-10.896700,-50.686600,GOES-19,2026-09-28 14:20:00
-10.896700,-50.686600,GOES-19,2026-09-28 14:30:00
-10.896700,-50.686600,GOES-19,2026-09-28 14:40:00
-10.896700,-50.686600,GOES-19,2026-09-28 14:50:00
-10.896700,-50.686600,GOES-19,2026-09-28 18:40:00
-10.896700,-50.686600,GOES-19,2026-09-28 19:00:00
-10.915600,-50.684500,GOES-19,2026-09-28 14:10:00
-10.915600,-50.684500,GOES-19,2026-09-28 14:20:00
-10.915600,-50.684500,GOES-19,2026-09-28 14:30:00
-10.915600,-50.684500,GOES-19,2026-09-28 14:40:00
-10.915600,-50.684500,GOES-19,2026-09-28 14:50:00
-10.915600,-50.684500,GOES-19,2026-09-28 19:10:00
-10.934600,-50.682500,GOES-19,2026-09-28 14:10:00
-10.934600,-50.682500,GOES-19,2026-09-28 14:20:00
-10.934600,-50.682500,GOES-19,2026-09-28 14:30:00
-10.934600,-50.682500,GOES-19,2026-09-28 14:40:00
-10.934600,-50.682500,GOES-19,2026-09-28 14:50:00
-10.934600,-50.682500,GOES-19,2026-09-28 18:30:00
-10.934600,-50.682500,GOES-19,2026-09-28 18:40:00
-10.934600,-50.682500,GOES-19,2026-09-28 19:00:00
-10.934600,-50.682500,GOES-19,2026-09-28 19:10:00
-10.953600,-50.680500,GOES-19,2026-09-28 14:10:00
-10.953600,-50.680500,GOES-19,2026-09-28 14:20:00
-10.953600,-50.680500,GOES-19,2026-09-28 14:30:00
-10.953600,-50.680500,GOES-19,2026-09-28 14:40:00
-10.953600,-50.680500,GOES-19,2026-09-28 14:50:00
-10.953600,-50.680500,GOES-19,2026-09-28 18:30:00
-10.953600,-50.680500,GOES-19,2026-09-28 18:40:00
-10.972500,-50.678500,GOES-19,2026-09-28 14:20:00
-10.972500,-50.678500,GOES-19,2026-09-28 14:30:00
-10.972500,-50.678500,GOES-19,2026-09-28 14:40:00
-10.972500,-50.678500,GOES-19,2026-09-28 14:50:00
-10.972500,-50.678500,GOES-19,2026-09-28 15:50:00
-10.972500,-50.678500,GOES-19,2026-09-28 16:10:00
-10.972500,-50.678500,GOES-19,2026-09-28 17:50:00
-10.972500,-50.678500,GOES-19,2026-09-28 18:10:00
-10.972500,-50.678500,GOES-19,2026-09-28 18:30:00
-10.972500,-50.678500,GOES-19,2026-09-28 18:40:00
-10.972500,-50.678500,GOES-19,2026-09-28 19:00:00
-11.694500,-50.598800,GOES-19,2026-09-28 13:30:00
-11.694500,-50.598800,GOES-19,2026-09-28 13:40:00
-11.694500,-50.598800,GOES-19,2026-09-28 13:50:00
-11.694500,-50.598800,GOES-19,2026-09-28 15:00:00
-11.713500,-50.596600,GOES-19,2026-09-28 13:30:00
-11.713500,-50.596600,GOES-19,2026-09-28 13:40:00
-11.713500,-50.596600,GOES-19,2026-09-28 13:50:00
-11.713500,-50.596600,GOES-19,2026-09-28 14:00:00
-11.713500,-50.596600,GOES-19,2026-09-28 14:30:00
-11.713500,-50.596600,GOES-19,2026-09-28 15:00:00
-11.713500,-50.596600,GOES-19,2026-09-28 15:10:00
-10.915900,-50.663200,GOES-19,2026-09-28 19:10:00
-10.934900,-50.661200,GOES-19,2026-09-28 14:10:00
-10.934900,-50.661200,GOES-19,2026-09-28 14:20:00
-10.934900,-50.661200,GOES-19,2026-09-28 14:30:00
-10.934900,-50.661200,GOES-19,2026-09-28 14:40:00
-10.934900,-50.661200,GOES-19,2026-09-28 14:50:00
-10.934900,-50.661200,GOES-19,2026-09-28 18:30:00
-10.934900,-50.661200,GOES-19,2026-09-28 18:40:00
-10.953800,-50.659200,GOES-19,2026-09-28 12:30:00
-10.953800,-50.659200,GOES-19,2026-09-28 12:50:00
-10.953800,-50.659200,GOES-19,2026-09-28 14:10:00
-10.953800,-50.659200,GOES-19,2026-09-28 14:20:00
-10.953800,-50.659200,GOES-19,2026-09-28 14:30:00
-10.953800,-50.659200,GOES-19,2026-09-28 14:40:00
-10.953800,-50.659200,GOES-19,2026-09-28 14:50:00
-10.953800,-50.659200,GOES-19,2026-09-28 18:30:00
-10.953800,-50.659200,GOES-19,2026-09-28 18:40:00
-10.953800,-50.659200,GOES-19,2026-09-28 19:00:00
-10.688900,-50.665800,GOES-19,2026-09-28 13:50:00
-10.688900,-50.665800,GOES-19,2026-09-28 14:00:00
-10.688900,-50.665800,GOES-19,2026-09-28 14:10:00
-10.688900,-50.665800,GOES-19,2026-09-28 14:20:00
-10.688900,-50.665800,GOES-19,2026-09-28 14:30:00
-10.688900,-50.665800,GOES-19,2026-09-28 14:40:00
-10.688900,-50.665800,GOES-19,2026-09-28 14:50:00
-10.688900,-50.665800,GOES-19,2026-09-28 15:30:00
-10.688900,-50.665800,GOES-19,2026-09-28 16:00:00
-11.847800,-50.517000,GOES-19,2026-09-28 14:40:00
-11.847800,-50.517000,GOES-19,2026-09-28 15:40:00
-11.847800,-50.517000,GOES-19,2026-09-28 15:50:00
-11.847800,-50.517000,GOES-19,2026-09-28 16:00:00
-11.847800,-50.517000,GOES-19,2026-09-28 16:10:00
-11.847800,-50.517000,GOES-19,2026-09-28 16:20:00
-11.848100,-50.495500,GOES-19,2026-09-28 14:30:00
-11.848100,-50.495500,GOES-19,2026-09-28 14:40:00
-11.562800,-50.506900,GOES-19,2026-09-28 13:40:00
-11.562800,-50.506900,GOES-19,2026-09-28 14:10:00
-11.562800,-50.506900,GOES-19,2026-09-28 15:50:00
-12.173100,-50.414200,GOES-19,2026-09-28 15:20:00
-12.173100,-50.414200,GOES-19,2026-09-28 15:30:00
-12.173100,-50.414200,GOES-19,2026-09-28 15:40:00
-12.173100,-50.414200,GOES-19,2026-09-28 15:50:00
-12.173100,-50.414200,GOES-19,2026-09-28 16:00:00
-12.173100,-50.414200,GOES-19,2026-09-28 16:10:00
-12.154300,-50.395000,GOES-19,2026-09-28 13:10:00
-12.154300,-50.395000,GOES-19,2026-09-28 14:50:00
-12.154300,-50.395000,GOES-19,2026-09-28 15:00:00
-12.154300,-50.395000,GOES-19,2026-09-28 15:10:00
-12.154300,-50.395000,GOES-19,2026-09-28 15:30:00
-12.154300,-50.395000,GOES-19,2026-09-28 15:40:00
-12.154300,-50.395000,GOES-19,2026-09-28 17:50:00
-12.154300,-50.395000,GOES-19,2026-09-28 18:00:00
-12.154300,-50.395000,GOES-19,2026-09-28 18:20:00
-12.173400,-50.392700,GOES-19,2026-09-28 15:00:00
-12.173400,-50.392700,GOES-19,2026-09-28 15:10:00
-12.173400,-50.392700,GOES-19,2026-09-28 15:20:00
-12.173400,-50.392700,GOES-19,2026-09-28 15:30:00
-12.173400,-50.392700,GOES-19,2026-09-28 15:40:00
-12.173400,-50.392700,GOES-19,2026-09-28 15:50:00
-12.173400,-50.392700,GOES-19,2026-09-28 16:00:00
-12.173400,-50.392700,GOES-19,2026-09-28 16:10:00
-12.135600,-50.375800,GOES-19,2026-09-28 15:00:00
-12.135600,-50.375800,GOES-19,2026-09-28 15:40:00
-12.154700,-50.373500,GOES-19,2026-09-28 14:00:00
-12.154700,-50.373500,GOES-19,2026-09-28 14:50:00
-12.154700,-50.373500,GOES-19,2026-09-28 15:00:00
-12.154700,-50.373500,GOES-19,2026-09-28 15:10:00
-12.154700,-50.373500,GOES-19,2026-09-28 15:20:00
-12.154700,-50.373500,GOES-19,2026-09-28 15:30:00
-12.154700,-50.373500,GOES-19,2026-09-28 15:40:00
-12.154700,-50.373500,GOES-19,2026-09-28 15:50:00
-12.154700,-50.373500,GOES-19,2026-09-28 16:00:00
-12.154700,-50.373500,GOES-19,2026-09-28 16:10:00
-12.154700,-50.373500,GOES-19,2026-09-28 16:50:00
-12.135900,-50.354300,GOES-19,2026-09-28 14:50:00
-12.135900,-50.354300,GOES-19,2026-09-28 15:00:00
-12.135900,-50.354300,GOES-19,2026-09-28 15:10:00
-12.135900,-50.354300,GOES-19,2026-09-28 15:20:00
-12.135900,-50.354300,GOES-19,2026-09-28 15:30:00
-12.135900,-50.354300,GOES-19,2026-09-28 15:40:00
-12.135900,-50.354300,GOES-19,2026-09-28 15:50:00
-12.135900,-50.354300,GOES-19,2026-09-28 16:00:00
-12.135900,-50.354300,GOES-19,2026-09-28 16:10:00
-12.155000,-50.352000,GOES-19,2026-09-28 14:00:00
-12.155000,-50.352000,GOES-19,2026-09-28 15:00:00
-12.155000,-50.352000,GOES-19,2026-09-28 15:10:00
-12.155000,-50.352000,GOES-19,2026-09-28 15:20:00
-12.155000,-50.352000,GOES-19,2026-09-28 15:30:00
-12.155000,-50.352000,GOES-19,2026-09-28 15:40:00
-12.155000,-50.352000,GOES-19,2026-09-28 15:50:00
-12.155000,-50.352000,GOES-19,2026-09-28 16:00:00
-12.155000,-50.352000,GOES-19,2026-09-28 16:10:00
-12.155000,-50.352000,GOES-19,2026-09-28 16:50:00
-12.174100,-50.349700,GOES-19,2026-09-28 14:50:00
-12.174100,-50.349700,GOES-19,2026-09-28 15:00:00
-12.174100,-50.349700,GOES-19,2026-09-28 15:10:00
-12.174100,-50.349700,GOES-19,2026-09-28 16:50:00
2.457900,-51.017200,GOES-19,2026-09-28 18:30:00
-12.136200,-50.332800,GOES-19,2026-09-28 14:00:00
-12.136200,-50.332800,GOES-19,2026-09-28 14:10:00
-12.136200,-50.332800,GOES-19,2026-09-28 14:50:00
-12.136200,-50.332800,GOES-19,2026-09-28 15:00:00
-12.136200,-50.332800,GOES-19,2026-09-28 15:10:00
-12.136200,-50.332800,GOES-19,2026-09-28 15:20:00
-12.136200,-50.332800,GOES-19,2026-09-28 15:30:00
-12.136200,-50.332800,GOES-19,2026-09-28 15:40:00
-12.136200,-50.332800,GOES-19,2026-09-28 15:50:00
-12.136200,-50.332800,GOES-19,2026-09-28 16:00:00
-12.136200,-50.332800,GOES-19,2026-09-28 16:10:00
-12.136200,-50.332800,GOES-19,2026-09-28 16:50:00
-12.327300,-50.309600,GOES-19,2026-09-28 18:40:00
-8.863100,-50.648300,GOES-19,2026-09-28 18:00:00
-10.710400,-50.471800,GOES-19,2026-09-28 13:50:00
-10.710400,-50.471800,GOES-19,2026-09-28 14:00:00
-10.710400,-50.471800,GOES-19,2026-09-28 14:10:00
-10.710400,-50.471800,GOES-19,2026-09-28 14:20:00
-10.710400,-50.471800,GOES-19,2026-09-28 15:00:00
-10.710400,-50.471800,GOES-19,2026-09-28 15:10:00
-10.710400,-50.471800,GOES-19,2026-09-28 15:20:00
-10.710400,-50.471800,GOES-19,2026-09-28 15:30:00
-10.710400,-50.471800,GOES-19,2026-09-28 15:40:00
-10.710400,-50.471800,GOES-19,2026-09-28 15:50:00
-10.729400,-50.469900,GOES-19,2026-09-28 14:10:00
-10.729400,-50.469900,GOES-19,2026-09-28 14:20:00
-10.729400,-50.469900,GOES-19,2026-09-28 15:00:00
-12.098400,-50.315800,GOES-19,2026-09-28 13:50:00
-12.098400,-50.315800,GOES-19,2026-09-28 14:00:00
-12.098400,-50.315800,GOES-19,2026-09-28 14:10:00
-12.098400,-50.315800,GOES-19,2026-09-28 14:20:00
-12.098400,-50.315800,GOES-19,2026-09-28 14:30:00
-12.098400,-50.315800,GOES-19,2026-09-28 14:40:00
-12.098400,-50.315800,GOES-19,2026-09-28 14:50:00
-12.098400,-50.315800,GOES-19,2026-09-28 15:00:00
-12.098400,-50.315800,GOES-19,2026-09-28 15:50:00
-12.098400,-50.315800,GOES-19,2026-09-28 16:00:00
-12.098400,-50.315800,GOES-19,2026-09-28 16:10:00
-12.098400,-50.315800,GOES-19,2026-09-28 16:20:00
-12.098400,-50.315800,GOES-19,2026-09-28 16:30:00
-12.098700,-50.294300,GOES-19,2026-09-28 13:50:00
-12.098700,-50.294300,GOES-19,2026-09-28 14:00:00
-12.098700,-50.294300,GOES-19,2026-09-28 14:10:00
-12.098700,-50.294300,GOES-19,2026-09-28 14:30:00
-12.098700,-50.294300,GOES-19,2026-09-28 14:40:00
-12.098700,-50.294300,GOES-19,2026-09-28 14:50:00
-12.098700,-50.294300,GOES-19,2026-09-28 15:00:00
-12.098700,-50.294300,GOES-19,2026-09-28 15:20:00
-12.098700,-50.294300,GOES-19,2026-09-28 15:30:00
-12.098700,-50.294300,GOES-19,2026-09-28 16:00:00
-12.098700,-50.294300,GOES-19,2026-09-28 16:10:00
-12.289700,-50.271200,GOES-19,2026-09-28 14:20:00
-12.308800,-50.268800,GOES-19,2026-09-28 14:20:00
1.721100,-50.969400,GOES-19,2026-09-28 18:00:00
-12.290100,-50.249600,GOES-19,2026-09-28 12:40:00
-12.290100,-50.249600,GOES-19,2026-09-28 13:20:00
-12.290100,-50.249600,GOES-19,2026-09-28 13:30:00
-12.290100,-50.249600,GOES-19,2026-09-28 14:00:00
-12.290100,-50.249600,GOES-19,2026-09-28 14:10:00
-12.290100,-50.249600,GOES-19,2026-09-28 14:20:00
-12.290100,-50.249600,GOES-19,2026-09-28 14:30:00
-12.290100,-50.249600,GOES-19,2026-09-28 14:40:00
-12.290100,-50.249600,GOES-19,2026-09-28 14:50:00
-12.290100,-50.249600,GOES-19,2026-09-28 15:00:00
-12.290100,-50.249600,GOES-19,2026-09-28 15:10:00
-12.290100,-50.249600,GOES-19,2026-09-28 15:30:00
-12.309200,-50.247300,GOES-19,2026-09-28 12:40:00
-12.309200,-50.247300,GOES-19,2026-09-28 12:50:00
-12.309200,-50.247300,GOES-19,2026-09-28 13:20:00
-12.309200,-50.247300,GOES-19,2026-09-28 13:30:00
-12.309200,-50.247300,GOES-19,2026-09-28 14:20:00
-12.309200,-50.247300,GOES-19,2026-09-28 14:30:00
-12.309200,-50.247300,GOES-19,2026-09-28 14:50:00
-12.309200,-50.247300,GOES-19,2026-09-28 15:00:00
-12.309200,-50.247300,GOES-19,2026-09-28 15:10:00
-12.309200,-50.247300,GOES-19,2026-09-28 15:20:00
-12.309200,-50.247300,GOES-19,2026-09-28 15:30:00
-12.366500,-50.240200,GOES-19,2026-09-28 14:40:00
-12.366500,-50.240200,GOES-19,2026-09-28 14:50:00
-12.366500,-50.240200,GOES-19,2026-09-28 15:10:00
-12.366500,-50.240200,GOES-19,2026-09-28 15:20:00
-12.366500,-50.240200,GOES-19,2026-09-28 15:40:00
-12.366500,-50.240200,GOES-19,2026-09-28 18:10:00
-12.366500,-50.240200,GOES-19,2026-09-28 18:20:00
-12.385700,-50.237900,GOES-19,2026-09-28 14:50:00
-12.385700,-50.237900,GOES-19,2026-09-28 18:20:00
-12.385700,-50.237900,GOES-19,2026-09-28 18:30:00
-12.385700,-50.237900,GOES-19,2026-09-28 18:50:00
-12.404800,-50.235500,GOES-19,2026-09-28 18:50:00
-12.366900,-50.218700,GOES-19,2026-09-28 14:40:00
-12.366900,-50.218700,GOES-19,2026-09-28 15:00:00
-12.366900,-50.218700,GOES-19,2026-09-28 15:10:00
-12.366900,-50.218700,GOES-19,2026-09-28 15:20:00
-12.366900,-50.218700,GOES-19,2026-09-28 15:30:00
-12.366900,-50.218700,GOES-19,2026-09-28 16:10:00
-12.366900,-50.218700,GOES-19,2026-09-28 18:10:00
-12.061500,-50.234300,GOES-19,2026-09-28 13:50:00
-12.061500,-50.234300,GOES-19,2026-09-28 14:10:00
-12.061500,-50.234300,GOES-19,2026-09-28 14:20:00
-12.061500,-50.234300,GOES-19,2026-09-28 14:30:00
-12.061800,-50.212700,GOES-19,2026-09-28 14:10:00
-12.061800,-50.212700,GOES-19,2026-09-28 14:20:00
-12.061800,-50.212700,GOES-19,2026-09-28 14:30:00
-12.310500,-50.161000,GOES-19,2026-09-28 16:10:00
-18.710600,-49.139400,GOES-19,2026-09-28 12:10:00
-18.710600,-49.139400,GOES-19,2026-09-28 12:20:00
-18.710600,-49.139400,GOES-19,2026-09-28 12:30:00
-18.710600,-49.139400,GOES-19,2026-09-28 13:20:00
-18.710600,-49.139400,GOES-19,2026-09-28 13:30:00
-18.710600,-49.139400,GOES-19,2026-09-28 13:40:00
-18.730700,-49.135400,GOES-19,2026-09-28 12:10:00
-18.730700,-49.135400,GOES-19,2026-09-28 12:30:00
-18.730700,-49.135400,GOES-19,2026-09-28 13:30:00
-18.730700,-49.135400,GOES-19,2026-09-28 13:40:00
-10.088400,-50.386200,GOES-19,2026-09-28 17:30:00
-10.088400,-50.386200,GOES-19,2026-09-28 17:40:00
-18.731200,-49.112700,GOES-19,2026-09-28 12:10:00
-18.731200,-49.112700,GOES-19,2026-09-28 13:40:00
-12.523400,-49.983400,GOES-19,2026-09-28 18:30:00
-12.523400,-49.983400,GOES-19,2026-09-28 18:40:00
-12.523400,-49.983400,GOES-19,2026-09-28 18:50:00
-9.939300,-50.251800,GOES-19,2026-09-28 13:20:00
-9.939300,-50.251800,GOES-19,2026-09-28 13:30:00
-9.939300,-50.251800,GOES-19,2026-09-28 13:50:00
-9.939300,-50.251800,GOES-19,2026-09-28 14:00:00
-9.939300,-50.251800,GOES-19,2026-09-28 14:10:00
-9.939300,-50.251800,GOES-19,2026-09-28 14:20:00
-9.939300,-50.251800,GOES-19,2026-09-28 14:30:00
-9.939300,-50.251800,GOES-19,2026-09-28 14:40:00
-9.939300,-50.251800,GOES-19,2026-09-28 14:50:00
-9.939300,-50.251800,GOES-19,2026-09-28 15:00:00
-9.939300,-50.251800,GOES-19,2026-09-28 15:10:00
-9.939300,-50.251800,GOES-19,2026-09-28 15:20:00
-9.939300,-50.251800,GOES-19,2026-09-28 15:30:00
-9.977000,-50.248000,GOES-19,2026-09-28 14:10:00
-9.977000,-50.248000,GOES-19,2026-09-28 14:20:00
-9.977000,-50.248000,GOES-19,2026-09-28 14:50:00
-9.977000,-50.248000,GOES-19,2026-09-28 15:00:00
-9.977000,-50.248000,GOES-19,2026-09-28 15:10:00
-9.977000,-50.248000,GOES-19,2026-09-28 15:20:00
-9.977000,-50.248000,GOES-19,2026-09-28 15:50:00
-9.977000,-50.248000,GOES-19,2026-09-28 17:50:00
-9.977000,-50.248000,GOES-19,2026-09-28 18:10:00
-9.977000,-50.248000,GOES-19,2026-09-28 18:20:00
-9.977000,-50.248000,GOES-19,2026-09-28 18:30:00
-9.977000,-50.248000,GOES-19,2026-09-28 18:40:00
-9.995900,-50.246200,GOES-19,2026-09-28 18:00:00
-9.995900,-50.246200,GOES-19,2026-09-28 18:10:00
-9.995900,-50.246200,GOES-19,2026-09-28 19:00:00
-9.995900,-50.246200,GOES-19,2026-09-28 19:20:00
-9.995900,-50.246200,GOES-19,2026-09-28 20:20:00
-10.014800,-50.244300,GOES-19,2026-09-28 19:00:00
-10.014800,-50.244300,GOES-19,2026-09-28 20:20:00
-10.014800,-50.244300,GOES-19,2026-09-28 22:40:00
-9.920700,-50.232300,GOES-19,2026-09-28 14:20:00
-9.920700,-50.232300,GOES-19,2026-09-28 15:10:00
-9.920700,-50.232300,GOES-19,2026-09-28 15:20:00
-9.920700,-50.232300,GOES-19,2026-09-28 15:30:00
-9.920700,-50.232300,GOES-19,2026-09-28 18:00:00
-9.920700,-50.232300,GOES-19,2026-09-28 18:10:00
-9.920700,-50.232300,GOES-19,2026-09-28 18:20:00
-9.920700,-50.232300,GOES-19,2026-09-28 18:50:00
-9.939600,-50.230400,GOES-19,2026-09-28 13:10:00
-9.939600,-50.230400,GOES-19,2026-09-28 13:20:00
-9.939600,-50.230400,GOES-19,2026-09-28 13:30:00
-9.939600,-50.230400,GOES-19,2026-09-28 13:40:00
-9.939600,-50.230400,GOES-19,2026-09-28 13:50:00
-9.939600,-50.230400,GOES-19,2026-09-28 14:00:00
-9.939600,-50.230400,GOES-19,2026-09-28 14:10:00
-9.939600,-50.230400,GOES-19,2026-09-28 14:20:00
-9.939600,-50.230400,GOES-19,2026-09-28 14:30:00
-9.939600,-50.230400,GOES-19,2026-09-28 14:40:00
-9.939600,-50.230400,GOES-19,2026-09-28 14:50:00
-9.939600,-50.230400,GOES-19,2026-09-28 15:00:00
-9.939600,-50.230400,GOES-19,2026-09-28 15:10:00
-9.939600,-50.230400,GOES-19,2026-09-28 15:20:00
-9.939600,-50.230400,GOES-19,2026-09-28 15:30:00
-11.702800,-50.040200,GOES-19,2026-09-28 18:50:00
-15.034800,-49.587300,GOES-19,2026-09-28 13:40:00
-15.034800,-49.587300,GOES-19,2026-09-28 14:20:00
-15.034800,-49.587300,GOES-19,2026-09-28 14:30:00
-15.034800,-49.587300,GOES-19,2026-09-28 14:40:00
-15.034800,-49.587300,GOES-19,2026-09-28 18:00:00
-15.034800,-49.587300,GOES-19,2026-09-28 18:10:00
-15.034800,-49.587300,GOES-19,2026-09-28 18:30:00
-15.034800,-49.587300,GOES-19,2026-09-28 18:40:00
-10.109800,-50.192100,GOES-19,2026-09-28 13:20:00
-10.109800,-50.192100,GOES-19,2026-09-28 13:30:00
-10.109800,-50.192100,GOES-19,2026-09-28 13:40:00
-10.109800,-50.192100,GOES-19,2026-09-28 13:50:00
-10.109800,-50.192100,GOES-19,2026-09-28 14:00:00
-10.109800,-50.192100,GOES-19,2026-09-28 14:20:00
-10.109800,-50.192100,GOES-19,2026-09-28 14:30:00
-10.109800,-50.192100,GOES-19,2026-09-28 17:30:00
-10.109800,-50.192100,GOES-19,2026-09-28 17:40:00
-10.128600,-50.190200,GOES-19,2026-09-28 13:40:00
-10.128600,-50.190200,GOES-19,2026-09-28 13:50:00
-10.128600,-50.190200,GOES-19,2026-09-28 14:00:00
-10.128600,-50.190200,GOES-19,2026-09-28 17:40:00
-11.132400,-50.083900,GOES-19,2026-09-28 14:00:00
-11.132400,-50.083900,GOES-19,2026-09-28 14:10:00
-11.132400,-50.083900,GOES-19,2026-09-28 15:00:00
-11.132400,-50.083900,GOES-19,2026-09-28 15:30:00
-11.132400,-50.083900,GOES-19,2026-09-28 18:10:00
-11.132400,-50.083900,GOES-19,2026-09-28 18:20:00
-11.132400,-50.083900,GOES-19,2026-09-28 18:30:00
-11.132400,-50.083900,GOES-19,2026-09-28 18:50:00
-11.151400,-50.081800,GOES-19,2026-09-28 15:20:00
-11.151400,-50.081800,GOES-19,2026-09-28 18:50:00
-9.977900,-50.184000,GOES-19,2026-09-28 13:50:00
-9.977900,-50.184000,GOES-19,2026-09-28 14:10:00
-9.977900,-50.184000,GOES-19,2026-09-28 14:20:00
-9.977900,-50.184000,GOES-19,2026-09-28 14:40:00
-9.977900,-50.184000,GOES-19,2026-09-28 14:50:00
-9.977900,-50.184000,GOES-19,2026-09-28 15:00:00
-11.132700,-50.062400,GOES-19,2026-09-28 14:10:00
-11.132700,-50.062400,GOES-19,2026-09-28 15:20:00
-11.151700,-50.060300,GOES-19,2026-09-28 14:10:00
-11.151700,-50.060300,GOES-19,2026-09-28 14:40:00
-9.959300,-50.164400,GOES-19,2026-09-28 13:50:00
-9.959300,-50.164400,GOES-19,2026-09-28 14:00:00
-9.959300,-50.164400,GOES-19,2026-09-28 14:10:00
-9.959300,-50.164400,GOES-19,2026-09-28 14:40:00
-9.959300,-50.164400,GOES-19,2026-09-28 14:50:00
-9.959300,-50.164400,GOES-19,2026-09-28 15:20:00
-9.959300,-50.164400,GOES-19,2026-09-28 18:20:00
-9.959300,-50.164400,GOES-19,2026-09-28 18:30:00
-9.959300,-50.164400,GOES-19,2026-09-28 18:40:00
-9.959300,-50.164400,GOES-19,2026-09-28 18:50:00
-9.978100,-50.162600,GOES-19,2026-09-28 13:20:00
-9.978100,-50.162600,GOES-19,2026-09-28 13:40:00
-9.978100,-50.162600,GOES-19,2026-09-28 13:50:00
-9.978100,-50.162600,GOES-19,2026-09-28 14:00:00
-9.978100,-50.162600,GOES-19,2026-09-28 14:10:00
-9.978100,-50.162600,GOES-19,2026-09-28 14:20:00
-9.978100,-50.162600,GOES-19,2026-09-28 14:40:00
-9.978100,-50.162600,GOES-19,2026-09-28 15:00:00
-9.978100,-50.162600,GOES-19,2026-09-28 15:20:00
-10.053700,-50.155000,GOES-19,2026-09-28 15:30:00
-11.133100,-50.040900,GOES-19,2026-09-28 14:10:00
-11.133100,-50.040900,GOES-19,2026-09-28 14:40:00
-11.133100,-50.040900,GOES-19,2026-09-28 14:50:00
-11.133100,-50.040900,GOES-19,2026-09-28 15:00:00
-11.133100,-50.040900,GOES-19,2026-09-28 15:10:00
-11.133100,-50.040900,GOES-19,2026-09-28 15:20:00
-11.133100,-50.040900,GOES-19,2026-09-28 15:30:00
-11.133100,-50.040900,GOES-19,2026-09-28 15:40:00
-11.133100,-50.040900,GOES-19,2026-09-28 15:50:00
-11.152000,-50.038800,GOES-19,2026-09-28 14:10:00
-11.152000,-50.038800,GOES-19,2026-09-28 14:50:00
-11.152000,-50.038800,GOES-19,2026-09-28 15:00:00
-11.152000,-50.038800,GOES-19,2026-09-28 15:20:00
-11.152000,-50.038800,GOES-19,2026-09-28 15:40:00
-11.152000,-50.038800,GOES-19,2026-09-28 15:50:00
-11.152000,-50.038800,GOES-19,2026-09-28 16:00:00
-9.959500,-50.143100,GOES-19,2026-09-28 13:10:00
-9.959500,-50.143100,GOES-19,2026-09-28 13:20:00
-9.959500,-50.143100,GOES-19,2026-09-28 13:30:00
-9.959500,-50.143100,GOES-19,2026-09-28 13:40:00
-9.959500,-50.143100,GOES-19,2026-09-28 13:50:00
-9.959500,-50.143100,GOES-19,2026-09-28 14:00:00
-9.959500,-50.143100,GOES-19,2026-09-28 14:10:00
-9.959500,-50.143100,GOES-19,2026-09-28 14:20:00
-9.959500,-50.143100,GOES-19,2026-09-28 14:30:00
-9.959500,-50.143100,GOES-19,2026-09-28 14:40:00
-9.959500,-50.143100,GOES-19,2026-09-28 15:20:00
-9.959500,-50.143100,GOES-19,2026-09-28 17:30:00
-9.959500,-50.143100,GOES-19,2026-09-28 17:40:00
-9.959500,-50.143100,GOES-19,2026-09-28 17:50:00
-9.959500,-50.143100,GOES-19,2026-09-28 18:00:00
-9.959500,-50.143100,GOES-19,2026-09-28 18:10:00
-9.959500,-50.143100,GOES-19,2026-09-28 18:20:00
-9.959500,-50.143100,GOES-19,2026-09-28 18:30:00
-9.978400,-50.141200,GOES-19,2026-09-28 13:20:00
-9.978400,-50.141200,GOES-19,2026-09-28 13:40:00
-9.978400,-50.141200,GOES-19,2026-09-28 13:50:00
-9.978400,-50.141200,GOES-19,2026-09-28 14:00:00
-9.978400,-50.141200,GOES-19,2026-09-28 14:10:00
-9.978400,-50.141200,GOES-19,2026-09-28 14:20:00
-9.978400,-50.141200,GOES-19,2026-09-28 14:40:00
-9.997300,-50.139300,GOES-19,2026-09-28 13:20:00
-9.997300,-50.139300,GOES-19,2026-09-28 13:40:00
-9.997300,-50.139300,GOES-19,2026-09-28 13:50:00
-9.997300,-50.139300,GOES-19,2026-09-28 14:00:00
-9.997300,-50.139300,GOES-19,2026-09-28 14:10:00
-9.997300,-50.139300,GOES-19,2026-09-28 14:40:00
-9.978700,-50.119800,GOES-19,2026-09-28 13:00:00
-9.978700,-50.119800,GOES-19,2026-09-28 13:10:00
-9.978700,-50.119800,GOES-19,2026-09-28 13:20:00
-9.978700,-50.119800,GOES-19,2026-09-28 13:30:00
-9.978700,-50.119800,GOES-19,2026-09-28 13:40:00
-9.978700,-50.119800,GOES-19,2026-09-28 13:50:00
-9.978700,-50.119800,GOES-19,2026-09-28 14:00:00
-9.978700,-50.119800,GOES-19,2026-09-28 14:10:00
-9.978700,-50.119800,GOES-19,2026-09-28 14:20:00
-9.978700,-50.119800,GOES-19,2026-09-28 14:30:00
-9.978700,-50.119800,GOES-19,2026-09-28 14:40:00
-9.978700,-50.119800,GOES-19,2026-09-28 14:50:00
-9.978700,-50.119800,GOES-19,2026-09-28 15:10:00
-9.978700,-50.119800,GOES-19,2026-09-28 18:00:00
-9.978700,-50.119800,GOES-19,2026-09-28 18:10:00
-9.978700,-50.119800,GOES-19,2026-09-28 18:30:00
-9.997600,-50.117900,GOES-19,2026-09-28 13:20:00
-9.997600,-50.117900,GOES-19,2026-09-28 13:40:00
-9.997600,-50.117900,GOES-19,2026-09-28 13:50:00
-9.997600,-50.117900,GOES-19,2026-09-28 14:00:00
-9.997600,-50.117900,GOES-19,2026-09-28 14:10:00
-10.016400,-50.116000,GOES-19,2026-09-28 14:00:00
-10.016400,-50.116000,GOES-19,2026-09-28 14:10:00
-18.780000,-48.763000,GOES-19,2026-09-28 12:40:00
-18.780000,-48.763000,GOES-19,2026-09-28 12:50:00
-18.780000,-48.763000,GOES-19,2026-09-28 13:10:00
-18.780000,-48.763000,GOES-19,2026-09-28 13:20:00
-18.780000,-48.763000,GOES-19,2026-09-28 13:30:00
-10.206200,-50.032700,GOES-19,2026-09-28 15:00:00
-10.206200,-50.032700,GOES-19,2026-09-28 15:10:00
-10.206200,-50.032700,GOES-19,2026-09-28 18:10:00
-10.206200,-50.032700,GOES-19,2026-09-28 18:20:00
-10.206200,-50.032700,GOES-19,2026-09-28 18:30:00
-10.206200,-50.032700,GOES-19,2026-09-28 18:50:00
-10.584600,-49.993300,GOES-19,2026-09-28 14:20:00
-10.584600,-49.993300,GOES-19,2026-09-28 15:00:00
-10.584600,-49.993300,GOES-19,2026-09-28 15:10:00
-10.584600,-49.993300,GOES-19,2026-09-28 15:30:00
-10.225400,-50.009300,GOES-19,2026-09-28 18:20:00
-10.225400,-50.009300,GOES-19,2026-09-28 18:50:00
-10.244300,-50.007400,GOES-19,2026-09-28 18:50:00
-10.206500,-50.011300,GOES-19,2026-09-28 18:20:00
-10.206500,-50.011300,GOES-19,2026-09-28 18:50:00
-10.187800,-49.991800,GOES-19,2026-09-28 14:10:00
-10.187800,-49.991800,GOES-19,2026-09-28 14:20:00
-10.187800,-49.991800,GOES-19,2026-09-28 18:20:00
-10.187800,-49.991800,GOES-19,2026-09-28 18:30:00
-10.206700,-49.989800,GOES-19,2026-09-28 18:20:00
-10.206700,-49.989800,GOES-19,2026-09-28 18:50:00
-10.225700,-49.987900,GOES-19,2026-09-28 18:20:00
-10.225700,-49.987900,GOES-19,2026-09-28 18:50:00
-10.244600,-49.986000,GOES-19,2026-09-28 18:20:00
-10.207000,-49.968400,GOES-19,2026-09-28 18:20:00
-11.497800,-49.762400,GOES-19,2026-09-28 19:30:00
-18.683400,-48.623400,GOES-19,2026-09-28 13:00:00
-18.683400,-48.623400,GOES-19,2026-09-28 13:10:00
-18.683400,-48.623400,GOES-19,2026-09-28 13:20:00
-18.683400,-48.623400,GOES-19,2026-09-28 13:30:00
-18.683400,-48.623400,GOES-19,2026-09-28 13:40:00
-18.683400,-48.623400,GOES-19,2026-09-28 13:50:00
-18.683400,-48.623400,GOES-19,2026-09-28 14:00:00
-18.683400,-48.623400,GOES-19,2026-09-28 14:10:00
-18.683400,-48.623400,GOES-19,2026-09-28 14:20:00
-18.683400,-48.623400,GOES-19,2026-09-28 14:30:00
-18.683400,-48.623400,GOES-19,2026-09-28 14:40:00
-18.683400,-48.623400,GOES-19,2026-09-28 14:50:00
-18.683400,-48.623400,GOES-19,2026-09-28 15:00:00
-18.683400,-48.623400,GOES-19,2026-09-28 18:50:00
-9.133500,-49.987000,GOES-19,2026-09-28 18:50:00
-9.133500,-49.987000,GOES-19,2026-09-28 19:00:00
-9.152300,-49.985300,GOES-19,2026-09-28 13:40:00
-9.152300,-49.985300,GOES-19,2026-09-28 14:00:00
-9.152300,-49.985300,GOES-19,2026-09-28 14:50:00
-9.152300,-49.985300,GOES-19,2026-09-28 15:00:00
-9.152300,-49.985300,GOES-19,2026-09-28 18:20:00
-9.152300,-49.985300,GOES-19,2026-09-28 18:50:00
-9.152300,-49.985300,GOES-19,2026-09-28 19:00:00
-11.460100,-49.745200,GOES-19,2026-09-28 13:30:00
-11.460100,-49.745200,GOES-19,2026-09-28 14:00:00
-11.460100,-49.745200,GOES-19,2026-09-28 14:10:00
-11.460100,-49.745200,GOES-19,2026-09-28 14:20:00
-11.460100,-49.745200,GOES-19,2026-09-28 14:30:00
-11.460100,-49.745200,GOES-19,2026-09-28 14:40:00
-11.460100,-49.745200,GOES-19,2026-09-28 14:50:00
-11.460100,-49.745200,GOES-19,2026-09-28 15:00:00
-11.460100,-49.745200,GOES-19,2026-09-28 15:10:00
-11.460100,-49.745200,GOES-19,2026-09-28 15:20:00
-11.460100,-49.745200,GOES-19,2026-09-28 18:10:00
-11.460100,-49.745200,GOES-19,2026-09-28 18:20:00
-11.460100,-49.745200,GOES-19,2026-09-28 18:30:00
-11.460100,-49.745200,GOES-19,2026-09-28 18:50:00
-11.479100,-49.743000,GOES-19,2026-09-28 15:10:00
-11.479100,-49.743000,GOES-19,2026-09-28 15:20:00
-11.479100,-49.743000,GOES-19,2026-09-28 15:30:00
-11.479100,-49.743000,GOES-19,2026-09-28 18:00:00
-11.479100,-49.743000,GOES-19,2026-09-28 18:30:00
-11.479100,-49.743000,GOES-19,2026-09-28 18:50:00
-11.498100,-49.740800,GOES-19,2026-09-28 19:00:00
-11.498100,-49.740800,GOES-19,2026-09-28 19:30:00
-11.024100,-49.708800,GOES-19,2026-09-28 15:20:00
-11.024100,-49.708800,GOES-19,2026-09-28 15:30:00
-20.048400,-48.056800,GOES-19,2026-09-28 18:40:00
-9.174900,-49.662400,GOES-19,2026-09-28 13:20:00
-9.174900,-49.662400,GOES-19,2026-09-28 13:30:00
-9.174900,-49.662400,GOES-19,2026-09-28 13:40:00
-9.174900,-49.662400,GOES-19,2026-09-28 13:50:00
-9.174900,-49.662400,GOES-19,2026-09-28 14:00:00
-13.959900,-49.089700,GOES-19,2026-09-28 18:30:00
-13.959900,-49.089700,GOES-19,2026-09-28 18:40:00
-9.043500,-49.653100,GOES-19,2026-09-28 18:20:00
-9.043500,-49.653100,GOES-19,2026-09-28 18:30:00
-13.941000,-49.070500,GOES-19,2026-09-28 18:20:00
-13.941000,-49.070500,GOES-19,2026-09-28 18:30:00
-13.941000,-49.070500,GOES-19,2026-09-28 18:40:00
-13.941000,-49.070500,GOES-19,2026-09-28 18:50:00
-13.960300,-49.067600,GOES-19,2026-09-28 18:20:00
-13.960300,-49.067600,GOES-19,2026-09-28 18:30:00
-13.960300,-49.067600,GOES-19,2026-09-28 18:40:00
-13.960300,-49.067600,GOES-19,2026-09-28 18:50:00
-13.960300,-49.067600,GOES-19,2026-09-28 19:10:00
-13.960300,-49.067600,GOES-19,2026-09-28 19:20:00
-9.062500,-49.629900,GOES-19,2026-09-28 18:40:00
-9.062500,-49.629900,GOES-19,2026-09-28 18:50:00
-8.499700,-49.616000,GOES-19,2026-09-28 18:30:00
-8.499900,-49.594600,GOES-19,2026-09-28 18:30:00
-10.422700,-49.386500,GOES-19,2026-09-28 18:50:00
-10.422700,-49.386500,GOES-19,2026-09-28 19:30:00
-2.388500,-49.592700,GOES-19,2026-09-28 19:40:00
-2.093200,-49.578200,GOES-19,2026-09-28 18:10:00
-2.093200,-49.578200,GOES-19,2026-09-28 18:30:00
-2.093200,-49.578200,GOES-19,2026-09-28 18:40:00
-2.093200,-49.578200,GOES-19,2026-09-28 18:50:00
-2.093200,-49.578200,GOES-19,2026-09-28 19:00:00
-2.111700,-49.577800,GOES-19,2026-09-28 18:40:00
-2.111700,-49.577800,GOES-19,2026-09-28 18:50:00
-2.093300,-49.557000,GOES-19,2026-09-28 17:30:00
-2.093300,-49.557000,GOES-19,2026-09-28 17:50:00
-2.093300,-49.557000,GOES-19,2026-09-28 18:00:00
-2.093300,-49.557000,GOES-19,2026-09-28 18:10:00
-2.093300,-49.557000,GOES-19,2026-09-28 18:20:00
-2.093300,-49.557000,GOES-19,2026-09-28 18:40:00
-2.093300,-49.557000,GOES-19,2026-09-28 18:50:00
-13.486900,-48.607400,GOES-19,2026-09-28 14:20:00
-13.486900,-48.607400,GOES-19,2026-09-28 14:50:00
-13.486900,-48.607400,GOES-19,2026-09-28 15:00:00
-11.073800,-48.901200,GOES-19,2026-09-28 13:30:00
-11.073800,-48.901200,GOES-19,2026-09-28 13:40:00
-11.073800,-48.901200,GOES-19,2026-09-28 13:50:00
-11.073800,-48.901200,GOES-19,2026-09-28 14:00:00
-11.073800,-48.901200,GOES-19,2026-09-28 14:10:00
-11.073800,-48.901200,GOES-19,2026-09-28 14:20:00
-11.073800,-48.901200,GOES-19,2026-09-28 14:30:00
-11.073800,-48.901200,GOES-19,2026-09-28 14:40:00
-11.092800,-48.899000,GOES-19,2026-09-28 14:20:00
-13.487300,-48.585300,GOES-19,2026-09-28 15:00:00
-13.487300,-48.585300,GOES-19,2026-09-28 15:10:00
-15.079300,-48.338900,GOES-19,2026-09-28 19:00:00
-15.098800,-48.335600,GOES-19,2026-09-28 18:00:00
-11.074100,-48.879400,GOES-19,2026-09-28 13:40:00
-11.074100,-48.879400,GOES-19,2026-09-28 13:50:00
-11.074100,-48.879400,GOES-19,2026-09-28 14:00:00
-11.074100,-48.879400,GOES-19,2026-09-28 14:10:00
-11.074100,-48.879400,GOES-19,2026-09-28 14:20:00
-11.074100,-48.879400,GOES-19,2026-09-28 14:30:00
-13.160600,-48.565800,GOES-19,2026-09-28 11:00:00
-13.160600,-48.565800,GOES-19,2026-09-28 11:10:00
-13.160600,-48.565800,GOES-19,2026-09-28 11:20:00
-13.160600,-48.565800,GOES-19,2026-09-28 11:30:00
-13.160600,-48.565800,GOES-19,2026-09-28 11:40:00
-13.160600,-48.565800,GOES-19,2026-09-28 11:50:00
-13.160600,-48.565800,GOES-19,2026-09-28 12:00:00
-13.160600,-48.565800,GOES-19,2026-09-28 12:10:00
-13.160600,-48.565800,GOES-19,2026-09-28 12:20:00
-13.160600,-48.565800,GOES-19,2026-09-28 12:30:00
-13.160600,-48.565800,GOES-19,2026-09-28 13:30:00
-13.160600,-48.565800,GOES-19,2026-09-28 13:40:00
-13.179900,-48.563100,GOES-19,2026-09-28 14:10:00
-13.179900,-48.563100,GOES-19,2026-09-28 14:30:00
-10.791300,-48.759600,GOES-19,2026-09-28 14:50:00
-10.791300,-48.759600,GOES-19,2026-09-28 18:20:00
-10.791300,-48.759600,GOES-19,2026-09-28 18:30:00
-10.791300,-48.759600,GOES-19,2026-09-28 19:10:00
-10.791300,-48.759600,GOES-19,2026-09-28 19:20:00
-10.791300,-48.759600,GOES-19,2026-09-28 19:30:00
-10.791300,-48.759600,GOES-19,2026-09-28 19:40:00
-10.791300,-48.759600,GOES-19,2026-09-28 19:50:00
-12.050300,-48.540200,GOES-19,2026-09-28 18:30:00
-12.050300,-48.540200,GOES-19,2026-09-28 18:50:00
-12.050300,-48.540200,GOES-19,2026-09-28 19:00:00
-12.069400,-48.537700,GOES-19,2026-09-28 17:30:00
-12.069400,-48.537700,GOES-19,2026-09-28 17:40:00
-12.069400,-48.537700,GOES-19,2026-09-28 17:50:00
-12.069400,-48.537700,GOES-19,2026-09-28 18:00:00
-12.069400,-48.537700,GOES-19,2026-09-28 18:10:00
-12.069400,-48.537700,GOES-19,2026-09-28 18:20:00
-12.069400,-48.537700,GOES-19,2026-09-28 18:30:00
-12.069400,-48.537700,GOES-19,2026-09-28 18:50:00
-8.454600,-48.629300,GOES-19,2026-09-28 18:50:00
-1.467200,-48.931000,GOES-19,2026-09-28 15:00:00
-1.467200,-48.931000,GOES-19,2026-09-28 15:10:00
-1.467200,-48.931000,GOES-19,2026-09-28 15:30:00
-1.467200,-48.931000,GOES-19,2026-09-28 15:40:00
-1.467200,-48.931000,GOES-19,2026-09-28 15:50:00
-1.467200,-48.931000,GOES-19,2026-09-28 16:10:00
-1.467200,-48.931000,GOES-19,2026-09-28 16:20:00
-1.430300,-48.910200,GOES-19,2026-09-28 17:30:00
-1.430300,-48.910200,GOES-19,2026-09-28 17:40:00
-9.850200,-48.405300,GOES-19,2026-09-28 14:50:00
-12.594000,-65.411700,GOES-19,2026-09-29 03:20:00
-12.612900,-65.410800,GOES-19,2026-09-29 03:20:00
-12.613000,-65.391900,GOES-19,2026-09-29 03:20:00
-12.631800,-65.410000,GOES-19,2026-09-29 03:20:00
-12.650900,-65.371200,GOES-19,2026-09-29 03:20:00
-12.651000,-65.352200,GOES-19,2026-09-29 03:20:00
-12.669800,-65.370300,GOES-19,2026-09-29 03:20:00
-12.669900,-65.351300,GOES-19,2026-09-29 03:20:00
-13.337000,-64.672000,GOES-19,2026-09-29 03:20:00
-13.356000,-64.671100,GOES-19,2026-09-29 03:20:00
-13.374900,-64.670100,GOES-19,2026-09-29 03:20:00
-17.469300,-60.162900,GOES-19,2026-09-29 03:20:00
-17.613400,-59.685400,GOES-19,2026-09-29 03:20:00
-17.633100,-59.683400,GOES-19,2026-09-29 03:20:00
-18.152400,-62.037600,GOES-19,2026-09-29 03:20:00
-18.368800,-62.077800,GOES-19,2026-09-29 03:20:00
-18.369100,-62.057900,GOES-19,2026-09-29 03:20:00
-18.388600,-62.076000,GOES-19,2026-09-29 03:20:00
-18.388900,-62.056100,GOES-19,2026-09-29 03:20:00
-18.408400,-62.074200,GOES-19,2026-09-29 03:20:00
-20.300600,-58.305000,GOES-19,2026-09-29 03:20:00
-11.177500,-44.783200,GOES-19,2026-09-29 03:20:00
-7.407400,-40.229900,GOES-19,2026-09-29 03:20:00
-11.411000,-43.462500,GOES-19,2026-09-29 03:20:00
-11.411500,-43.438800,GOES-19,2026-09-29 03:20:00
-11.429800,-43.483300,GOES-19,2026-09-29 03:20:00
-11.430200,-43.459600,GOES-19,2026-09-29 03:20:00
-11.430700,-43.435800,GOES-19,2026-09-29 03:20:00
-11.449500,-43.456600,GOES-19,2026-09-29 03:20:00
-15.251100,-43.274300,GOES-19,2026-09-29 03:20:00
-15.251700,-43.250100,GOES-19,2026-09-29 03:20:00
1.656700,-55.883300,GOES-19,2026-09-29 03:20:00
-3.820200,-55.918700,GOES-19,2026-09-29 03:20:00
-3.820200,-55.899000,GOES-19,2026-09-29 03:20:00
-5.608100,-45.003800,GOES-19,2026-09-29 03:20:00
-7.829700,-45.815600,GOES-19,2026-09-29 03:20:00
-7.848600,-45.813800,GOES-19,2026-09-29 03:20:00
-9.177000,-61.407300,GOES-19,2026-09-29 03:20:00
-12.122800,-65.413600,GOES-19,2026-09-29 03:10:00
-12.122900,-65.394700,GOES-19,2026-09-29 03:10:00
-12.594000,-65.411700,GOES-19,2026-09-29 03:10:00
-12.612900,-65.410800,GOES-19,2026-09-29 03:10:00
-12.613000,-65.391900,GOES-19,2026-09-29 03:10:00
-12.651000,-65.352200,GOES-19,2026-09-29 03:10:00
-12.669800,-65.370300,GOES-19,2026-09-29 03:10:00
-12.669900,-65.351300,GOES-19,2026-09-29 03:10:00
-17.469300,-60.162900,GOES-19,2026-09-29 03:10:00
-17.633100,-59.683400,GOES-19,2026-09-29 03:10:00
-18.368800,-62.077800,GOES-19,2026-09-29 03:10:00
-18.369100,-62.057900,GOES-19,2026-09-29 03:10:00
-18.388600,-62.076000,GOES-19,2026-09-29 03:10:00
-18.388900,-62.056100,GOES-19,2026-09-29 03:10:00
-18.408400,-62.074200,GOES-19,2026-09-29 03:10:00
-20.300600,-58.305000,GOES-19,2026-09-29 03:10:00
-20.711200,-57.936900,GOES-19,2026-09-29 03:10:00
-23.624800,-61.494100,GOES-19,2026-09-29 03:10:00
-23.625200,-61.473200,GOES-19,2026-09-29 03:10:00
-23.646100,-61.470600,GOES-19,2026-09-29 03:10:00
-12.386300,-69.104200,GOES-19,2026-09-29 03:10:00
-12.405100,-69.103700,GOES-19,2026-09-29 03:10:00
-6.294700,-43.642700,GOES-19,2026-09-29 03:10:00
-7.407400,-40.229900,GOES-19,2026-09-29 03:10:00
-7.407700,-40.205100,GOES-19,2026-09-29 03:10:00
-11.177500,-44.783200,GOES-19,2026-09-29 03:10:00
-11.411000,-43.462500,GOES-19,2026-09-29 03:10:00
-11.411500,-43.438800,GOES-19,2026-09-29 03:10:00
-11.429800,-43.483300,GOES-19,2026-09-29 03:10:00
-11.430200,-43.459600,GOES-19,2026-09-29 03:10:00
-11.430700,-43.435800,GOES-19,2026-09-29 03:10:00
-11.449500,-43.456600,GOES-19,2026-09-29 03:10:00
-15.231400,-43.278400,GOES-19,2026-09-29 03:10:00
-15.251100,-43.274300,GOES-19,2026-09-29 03:10:00
-15.251700,-43.250100,GOES-19,2026-09-29 03:10:00
1.656700,-55.883300,GOES-19,2026-09-29 03:10:00
-3.820200,-55.918700,GOES-19,2026-09-29 03:10:00
-3.820200,-55.899000,GOES-19,2026-09-29 03:10:00
-5.608100,-45.003800,GOES-19,2026-09-29 03:10:00
-7.829700,-45.815600,GOES-19,2026-09-29 03:10:00
-7.848600,-45.813800,GOES-19,2026-09-29 03:10:00
-9.177000,-61.407300,GOES-19,2026-09-29 03:10:00
-9.959500,-50.143100,GOES-19,2026-09-29 03:10:00
-10.842600,-60.742900,GOES-19,2026-09-29 03:10:00
-11.992900,-50.991300,GOES-19,2026-09-29 03:10:00
-12.012000,-50.989100,GOES-19,2026-09-29 03:10:00
-12.012300,-50.967800,GOES-19,2026-09-29 03:10:00
-12.031400,-50.965600,GOES-19,2026-09-29 03:10:00
-12.760600,-50.685700,GOES-19,2026-09-29 03:10:00
-12.761000,-50.664300,GOES-19,2026-09-29 03:10:00
-12.945600,-46.652000,GOES-19,2026-09-29 03:10:00
-13.337000,-64.672000,GOES-19,2026-09-29 03:00:00
-12.612900,-65.410800,GOES-19,2026-09-29 03:00:00
-12.651000,-65.352200,GOES-19,2026-09-29 03:00:00
-12.669800,-65.370300,GOES-19,2026-09-29 03:00:00
-12.669900,-65.351300,GOES-19,2026-09-29 03:00:00
-17.469300,-60.162900,GOES-19,2026-09-29 03:00:00
-17.613400,-59.685400,GOES-19,2026-09-29 03:00:00
-17.633100,-59.683400,GOES-19,2026-09-29 03:00:00
-18.152400,-62.037600,GOES-19,2026-09-29 03:00:00
-18.368800,-62.077800,GOES-19,2026-09-29 03:00:00
-18.369100,-62.057900,GOES-19,2026-09-29 03:00:00
-18.388600,-62.076000,GOES-19,2026-09-29 03:00:00
-18.388900,-62.056100,GOES-19,2026-09-29 03:00:00
-18.408400,-62.074200,GOES-19,2026-09-29 03:00:00
-20.280000,-58.328500,GOES-19,2026-09-29 03:00:00
-20.280400,-58.307700,GOES-19,2026-09-29 03:00:00
-20.300200,-58.325800,GOES-19,2026-09-29 03:00:00
-20.300600,-58.305000,GOES-19,2026-09-29 03:00:00
-20.711200,-57.936900,GOES-19,2026-09-29 03:00:00
-24.838900,-59.468700,GOES-19,2026-09-29 03:00:00
-24.923900,-59.455800,GOES-19,2026-09-29 03:00:00
-12.386300,-69.104200,GOES-19,2026-09-29 03:00:00
-12.386400,-69.085500,GOES-19,2026-09-29 03:00:00
-12.405100,-69.103700,GOES-19,2026-09-29 03:00:00
-11.177500,-44.783200,GOES-19,2026-09-29 03:00:00
-15.231400,-43.278400,GOES-19,2026-09-29 03:00:00
-15.251100,-43.274300,GOES-19,2026-09-29 03:00:00
-15.251700,-43.250100,GOES-19,2026-09-29 03:00:00
1.675000,-55.883100,GOES-19,2026-09-29 03:00:00
1.656700,-55.883300,GOES-19,2026-09-29 03:00:00
-3.820200,-55.918700,GOES-19,2026-09-29 03:00:00
-3.820200,-55.899000,GOES-19,2026-09-29 03:00:00
-5.608100,-45.003800,GOES-19,2026-09-29 03:00:00
-5.608300,-44.981100,GOES-19,2026-09-29 03:00:00
-7.829700,-45.815600,GOES-19,2026-09-29 03:00:00
-7.848600,-45.813800,GOES-19,2026-09-29 03:00:00
-9.177000,-61.407300,GOES-19,2026-09-29 03:00:00
-9.481900,-66.783600,GOES-19,2026-09-29 03:00:00
-9.959500,-50.143100,GOES-19,2026-09-29 03:00:00
-10.842400,-60.762200,GOES-19,2026-09-29 03:00:00
-10.842600,-60.742900,GOES-19,2026-09-29 03:00:00
-12.012300,-50.967800,GOES-19,2026-09-29 03:00:00
-12.012600,-50.946400,GOES-19,2026-09-29 03:00:00
-12.031400,-50.965600,GOES-19,2026-09-29 03:00:00
-12.031700,-50.944200,GOES-19,2026-09-29 03:00:00
-12.050800,-50.942000,GOES-19,2026-09-29 03:00:00
-12.061800,-50.212700,GOES-19,2026-09-29 03:00:00
-12.760600,-50.685700,GOES-19,2026-09-29 03:00:00
-12.761000,-50.664300,GOES-19,2026-09-29 03:00:00
-12.945600,-46.652000,GOES-19,2026-09-29 03:00:00
1.675000,-55.902800,GOES-19,2026-09-29 02:50:00
1.675000,-55.883100,GOES-19,2026-09-29 02:50:00
1.656600,-55.903000,GOES-19,2026-09-29 02:50:00
1.656700,-55.883300,GOES-19,2026-09-29 02:50:00
-7.407400,-40.229900,GOES-19,2026-09-29 02:50:00
-5.608100,-45.003800,GOES-19,2026-09-29 02:50:00
-5.626800,-45.002500,GOES-19,2026-09-29 02:50:00
-7.702500,-48.866700,GOES-19,2026-09-29 02:50:00
-7.829700,-45.815600,GOES-19,2026-09-29 02:50:00
-7.848600,-45.813800,GOES-19,2026-09-29 02:50:00
-9.177000,-61.407300,GOES-19,2026-09-29 02:50:00
-12.160400,-65.430900,GOES-19,2026-09-29 02:50:00
-12.179100,-65.449000,GOES-19,2026-09-29 02:50:00
-12.179200,-65.430100,GOES-19,2026-09-29 02:50:00
-12.235800,-65.408700,GOES-19,2026-09-29 02:50:00
-12.612900,-65.410800,GOES-19,2026-09-29 02:50:00
-12.613000,-65.391900,GOES-19,2026-09-29 02:50:00
-12.386300,-69.104200,GOES-19,2026-09-29 02:50:00
-12.386400,-69.085500,GOES-19,2026-09-29 02:50:00
-12.405100,-69.103700,GOES-19,2026-09-29 02:50:00
-12.650900,-65.371200,GOES-19,2026-09-29 02:50:00
-12.651000,-65.352200,GOES-19,2026-09-29 02:50:00
-12.669800,-65.370300,GOES-19,2026-09-29 02:50:00
-12.669900,-65.351300,GOES-19,2026-09-29 02:50:00
-13.337000,-64.672000,GOES-19,2026-09-29 02:50:00
-24.838900,-59.468700,GOES-19,2026-09-29 02:50:00
-24.923900,-59.455800,GOES-19,2026-09-29 02:50:00
-11.177500,-44.783200,GOES-19,2026-09-29 02:50:00
-15.231400,-43.278400,GOES-19,2026-09-29 02:50:00
-15.251100,-43.274300,GOES-19,2026-09-29 02:50:00
-15.251700,-43.250100,GOES-19,2026-09-29 02:50:00
-10.842400,-60.762200,GOES-19,2026-09-29 02:50:00
-11.382300,-54.043400,GOES-19,2026-09-29 02:50:00
-12.012300,-50.967800,GOES-19,2026-09-29 02:50:00
-12.012600,-50.946400,GOES-19,2026-09-29 02:50:00
-12.031400,-50.965600,GOES-19,2026-09-29 02:50:00
-3.820200,-55.918700,GOES-19,2026-09-29 02:50:00
-3.820200,-55.899000,GOES-19,2026-09-29 02:50:00
-12.031700,-50.944200,GOES-19,2026-09-29 02:50:00
-9.481900,-66.783600,GOES-19,2026-09-29 02:50:00
-9.959500,-50.143100,GOES-19,2026-09-29 02:50:00
-13.356000,-64.671100,GOES-19,2026-09-29 02:50:00
-13.375100,-64.651000,GOES-19,2026-09-29 02:50:00
-17.469100,-60.183000,GOES-19,2026-09-29 02:50:00
-17.469300,-60.162900,GOES-19,2026-09-29 02:50:00
-17.613400,-59.685400,GOES-19,2026-09-29 02:50:00
-17.633100,-59.683400,GOES-19,2026-09-29 02:50:00
-18.152400,-62.037600,GOES-19,2026-09-29 02:50:00
-18.368800,-62.077800,GOES-19,2026-09-29 02:50:00
-18.369100,-62.057900,GOES-19,2026-09-29 02:50:00
-18.388600,-62.076000,GOES-19,2026-09-29 02:50:00
-18.388900,-62.056100,GOES-19,2026-09-29 02:50:00
-18.408400,-62.074200,GOES-19,2026-09-29 02:50:00
-20.280400,-58.307700,GOES-19,2026-09-29 02:50:00
-20.300200,-58.325800,GOES-19,2026-09-29 02:50:00
-20.300600,-58.305000,GOES-19,2026-09-29 02:50:00
-20.711200,-57.936900,GOES-19,2026-09-29 02:50:00
-12.050400,-50.963400,GOES-19,2026-09-29 02:50:00
-12.050800,-50.942000,GOES-19,2026-09-29 02:50:00
-12.760600,-50.685700,GOES-19,2026-09-29 02:50:00
-12.945600,-46.652000,GOES-19,2026-09-29 02:50:00
-12.946000,-46.629300,GOES-19,2026-09-29 02:50:00
-12.669900,-65.351300,GOES-19,2026-09-29 02:40:00
-13.337000,-64.672000,GOES-19,2026-09-29 02:40:00
-13.356000,-64.671100,GOES-19,2026-09-29 02:40:00
-12.160500,-65.412000,GOES-19,2026-09-29 02:40:00
-12.179200,-65.430100,GOES-19,2026-09-29 02:40:00
-12.179400,-65.392300,GOES-19,2026-09-29 02:40:00
-12.217000,-65.409500,GOES-19,2026-09-29 02:40:00
-12.235800,-65.408700,GOES-19,2026-09-29 02:40:00
-12.612900,-65.410800,GOES-19,2026-09-29 02:40:00
-12.650900,-65.371200,GOES-19,2026-09-29 02:40:00
-12.651000,-65.352200,GOES-19,2026-09-29 02:40:00
-12.669800,-65.370300,GOES-19,2026-09-29 02:40:00
-13.374900,-64.670100,GOES-19,2026-09-29 02:40:00
-17.469100,-60.183000,GOES-19,2026-09-29 02:40:00
-17.469300,-60.162900,GOES-19,2026-09-29 02:40:00
-17.613400,-59.685400,GOES-19,2026-09-29 02:40:00
-17.633100,-59.683400,GOES-19,2026-09-29 02:40:00
-18.368800,-62.077800,GOES-19,2026-09-29 02:40:00
-18.369100,-62.057900,GOES-19,2026-09-29 02:40:00
-18.388600,-62.076000,GOES-19,2026-09-29 02:40:00
-18.388900,-62.056100,GOES-19,2026-09-29 02:40:00
-18.408400,-62.074200,GOES-19,2026-09-29 02:40:00
-20.300200,-58.325800,GOES-19,2026-09-29 02:40:00
-20.300600,-58.305000,GOES-19,2026-09-29 02:40:00
-22.182500,-58.841300,GOES-19,2026-09-29 02:40:00
-23.918200,-60.260500,GOES-19,2026-09-29 02:40:00
-24.817600,-59.472000,GOES-19,2026-09-29 02:40:00
-24.838900,-59.468700,GOES-19,2026-09-29 02:40:00
-24.923500,-59.477200,GOES-19,2026-09-29 02:40:00
-24.923900,-59.455800,GOES-19,2026-09-29 02:40:00
-24.945200,-59.452500,GOES-19,2026-09-29 02:40:00
-12.386300,-69.104200,GOES-19,2026-09-29 02:40:00
-12.386400,-69.085500,GOES-19,2026-09-29 02:40:00
-15.231400,-43.278400,GOES-19,2026-09-29 02:40:00
-15.251100,-43.274300,GOES-19,2026-09-29 02:40:00
-15.458500,-46.136700,GOES-19,2026-09-29 02:40:00
1.675000,-55.902800,GOES-19,2026-09-29 02:40:00
1.656700,-55.883300,GOES-19,2026-09-29 02:40:00
-3.820200,-55.918700,GOES-19,2026-09-29 02:40:00
-3.820200,-55.899000,GOES-19,2026-09-29 02:40:00
-3.838600,-55.898500,GOES-19,2026-09-29 02:40:00
-5.608100,-45.003800,GOES-19,2026-09-29 02:40:00
-5.608300,-44.981100,GOES-19,2026-09-29 02:40:00
-7.702500,-48.866700,GOES-19,2026-09-29 02:40:00
-7.829700,-45.815600,GOES-19,2026-09-29 02:40:00
-7.848300,-45.836300,GOES-19,2026-09-29 02:40:00
-7.848600,-45.813800,GOES-19,2026-09-29 02:40:00
-9.158400,-61.408200,GOES-19,2026-09-29 02:40:00
-9.177000,-61.407300,GOES-19,2026-09-29 02:40:00
-9.959500,-50.143100,GOES-19,2026-09-29 02:40:00
-11.382300,-54.043400,GOES-19,2026-09-29 02:40:00
-11.401200,-54.041700,GOES-19,2026-09-29 02:40:00
-12.945600,-46.652000,GOES-19,2026-09-29 02:40:00
-12.946000,-46.629300,GOES-19,2026-09-29 02:40:00
-12.179200,-65.430100,GOES-19,2026-09-29 02:30:00
-12.217000,-65.409500,GOES-19,2026-09-29 02:30:00
-12.235800,-65.408700,GOES-19,2026-09-29 02:30:00
-12.651000,-65.352200,GOES-19,2026-09-29 02:30:00
-12.669900,-65.351300,GOES-19,2026-09-29 02:30:00
-13.356000,-64.671100,GOES-19,2026-09-29 02:30:00
-13.374800,-64.689200,GOES-19,2026-09-29 02:30:00
-13.374900,-64.670100,GOES-19,2026-09-29 02:30:00
-13.393900,-64.669100,GOES-19,2026-09-29 02:30:00
-17.469100,-60.183000,GOES-19,2026-09-29 02:30:00
-17.469300,-60.162900,GOES-19,2026-09-29 02:30:00
-17.613400,-59.685400,GOES-19,2026-09-29 02:30:00
-17.633100,-59.683400,GOES-19,2026-09-29 02:30:00
-17.668100,-59.982000,GOES-19,2026-09-29 02:30:00
-18.368800,-62.077800,GOES-19,2026-09-29 02:30:00
-18.369100,-62.057900,GOES-19,2026-09-29 02:30:00
-18.388600,-62.076000,GOES-19,2026-09-29 02:30:00
-18.388900,-62.056100,GOES-19,2026-09-29 02:30:00
-18.408400,-62.074200,GOES-19,2026-09-29 02:30:00
-20.300200,-58.325800,GOES-19,2026-09-29 02:30:00
-20.300600,-58.305000,GOES-19,2026-09-29 02:30:00
-20.711200,-57.936900,GOES-19,2026-09-29 02:30:00
-22.182500,-58.841300,GOES-19,2026-09-29 02:30:00
-22.182900,-58.820300,GOES-19,2026-09-29 02:30:00
-22.203500,-58.817400,GOES-19,2026-09-29 02:30:00
-23.918200,-60.260500,GOES-19,2026-09-29 02:30:00
-24.814600,-59.622000,GOES-19,2026-09-29 02:30:00
-24.817600,-59.472000,GOES-19,2026-09-29 02:30:00
-24.838900,-59.468700,GOES-19,2026-09-29 02:30:00
-24.923900,-59.455800,GOES-19,2026-09-29 02:30:00
-32.744800,-68.699400,GOES-19,2026-09-29 02:30:00
-12.386300,-69.104200,GOES-19,2026-09-29 02:30:00
-8.247900,-45.458300,GOES-19,2026-09-29 02:30:00
-15.458500,-46.136700,GOES-19,2026-09-29 02:30:00
1.675000,-55.902800,GOES-19,2026-09-29 02:30:00
1.675000,-55.883100,GOES-19,2026-09-29 02:30:00
1.656700,-55.883300,GOES-19,2026-09-29 02:30:00
-3.820200,-55.918700,GOES-19,2026-09-29 02:30:00
-3.820200,-55.899000,GOES-19,2026-09-29 02:30:00
-3.838600,-55.898500,GOES-19,2026-09-29 02:30:00
-5.608100,-45.003800,GOES-19,2026-09-29 02:30:00
-5.608300,-44.981100,GOES-19,2026-09-29 02:30:00
-7.702500,-48.866700,GOES-19,2026-09-29 02:30:00
-7.829700,-45.815600,GOES-19,2026-09-29 02:30:00
-7.848300,-45.836300,GOES-19,2026-09-29 02:30:00
-7.848600,-45.813800,GOES-19,2026-09-29 02:30:00
-9.158400,-61.408200,GOES-19,2026-09-29 02:30:00
-9.177000,-61.407300,GOES-19,2026-09-29 02:30:00
-9.959300,-50.164400,GOES-19,2026-09-29 02:30:00
-9.959500,-50.143100,GOES-19,2026-09-29 02:30:00
-10.842400,-60.762200,GOES-19,2026-09-29 02:30:00
-11.382000,-54.064000,GOES-19,2026-09-29 02:30:00
-11.382300,-54.043400,GOES-19,2026-09-29 02:30:00
-11.401200,-54.041700,GOES-19,2026-09-29 02:30:00
-12.012300,-50.967800,GOES-19,2026-09-29 02:30:00
-12.012600,-50.946400,GOES-19,2026-09-29 02:30:00
-12.031400,-50.965600,GOES-19,2026-09-29 02:30:00
-12.031700,-50.944200,GOES-19,2026-09-29 02:30:00
-12.760600,-50.685700,GOES-19,2026-09-29 02:30:00
-12.612900,-65.410800,GOES-19,2026-09-29 02:20:00
-12.651000,-65.352200,GOES-19,2026-09-29 02:20:00
-12.669900,-65.351300,GOES-19,2026-09-29 02:20:00
-13.356000,-64.671100,GOES-19,2026-09-29 02:20:00
-13.374800,-64.689200,GOES-19,2026-09-29 02:20:00
-13.374900,-64.670100,GOES-19,2026-09-29 02:20:00
-16.962400,-63.262800,GOES-19,2026-09-29 02:20:00
-17.469100,-60.183000,GOES-19,2026-09-29 02:20:00
-17.469300,-60.162900,GOES-19,2026-09-29 02:20:00
-17.613400,-59.685400,GOES-19,2026-09-29 02:20:00
-17.633100,-59.683400,GOES-19,2026-09-29 02:20:00
-17.668100,-59.982000,GOES-19,2026-09-29 02:20:00
-18.368800,-62.077800,GOES-19,2026-09-29 02:20:00
-18.369100,-62.057900,GOES-19,2026-09-29 02:20:00
-18.388600,-62.076000,GOES-19,2026-09-29 02:20:00
-18.388900,-62.056100,GOES-19,2026-09-29 02:20:00
-18.408400,-62.074200,GOES-19,2026-09-29 02:20:00
-20.280000,-58.328500,GOES-19,2026-09-29 02:20:00
-20.280400,-58.307700,GOES-19,2026-09-29 02:20:00
-20.300200,-58.325800,GOES-19,2026-09-29 02:20:00
-20.300600,-58.305000,GOES-19,2026-09-29 02:20:00
-20.711200,-57.936900,GOES-19,2026-09-29 02:20:00
-22.182500,-58.841300,GOES-19,2026-09-29 02:20:00
-22.182900,-58.820300,GOES-19,2026-09-29 02:20:00
-22.203100,-58.838400,GOES-19,2026-09-29 02:20:00
-22.203500,-58.817400,GOES-19,2026-09-29 02:20:00
-23.918200,-60.260500,GOES-19,2026-09-29 02:20:00
-23.964300,-58.961600,GOES-19,2026-09-29 02:20:00
-24.814600,-59.622000,GOES-19,2026-09-29 02:20:00
-24.817600,-59.472000,GOES-19,2026-09-29 02:20:00
-24.923900,-59.455800,GOES-19,2026-09-29 02:20:00
-15.458500,-46.136700,GOES-19,2026-09-29 02:20:00
1.675000,-55.902800,GOES-19,2026-09-29 02:20:00
1.675000,-55.883100,GOES-19,2026-09-29 02:20:00
1.656600,-55.903000,GOES-19,2026-09-29 02:20:00
1.656700,-55.883300,GOES-19,2026-09-29 02:20:00
-3.820200,-55.918700,GOES-19,2026-09-29 02:20:00
-3.820200,-55.899000,GOES-19,2026-09-29 02:20:00
-5.608100,-45.003800,GOES-19,2026-09-29 02:20:00
-5.608300,-44.981100,GOES-19,2026-09-29 02:20:00
-5.626800,-45.002500,GOES-19,2026-09-29 02:20:00
-6.148500,-47.287100,GOES-19,2026-09-29 02:20:00
-6.167200,-47.285800,GOES-19,2026-09-29 02:20:00
-7.683800,-48.868200,GOES-19,2026-09-29 02:20:00
-7.702500,-48.866700,GOES-19,2026-09-29 02:20:00
-7.829700,-45.815600,GOES-19,2026-09-29 02:20:00
-7.848600,-45.813800,GOES-19,2026-09-29 02:20:00
-9.158400,-61.408200,GOES-19,2026-09-29 02:20:00
-9.177000,-61.407300,GOES-19,2026-09-29 02:20:00
-9.959300,-50.164400,GOES-19,2026-09-29 02:20:00
-9.959500,-50.143100,GOES-19,2026-09-29 02:20:00
-11.382300,-54.043400,GOES-19,2026-09-29 02:20:00
-11.401200,-54.041700,GOES-19,2026-09-29 02:20:00
-11.992600,-51.012600,GOES-19,2026-09-29 02:20:00
-11.992900,-50.991300,GOES-19,2026-09-29 02:20:00
-12.012000,-50.989100,GOES-19,2026-09-29 02:20:00
-12.012300,-50.967800,GOES-19,2026-09-29 02:20:00
-12.012600,-50.946400,GOES-19,2026-09-29 02:20:00
-12.031400,-50.965600,GOES-19,2026-09-29 02:20:00
-11.499000,-66.099000,GOES-19,2026-09-29 02:10:00
-11.517700,-66.098300,GOES-19,2026-09-29 02:10:00
-12.235800,-65.408700,GOES-19,2026-09-29 02:10:00
-13.356000,-64.671100,GOES-19,2026-09-29 02:10:00
-13.374900,-64.670100,GOES-19,2026-09-29 02:10:00
-16.962400,-63.262800,GOES-19,2026-09-29 02:10:00
-16.981900,-63.261300,GOES-19,2026-09-29 02:10:00
-17.295200,-59.999600,GOES-19,2026-09-29 02:10:00
-17.469100,-60.183000,GOES-19,2026-09-29 02:10:00
-17.469300,-60.162900,GOES-19,2026-09-29 02:10:00
-17.613400,-59.685400,GOES-19,2026-09-29 02:10:00
-17.633100,-59.683400,GOES-19,2026-09-29 02:10:00
-17.668100,-59.982000,GOES-19,2026-09-29 02:10:00
-18.152400,-62.037600,GOES-19,2026-09-29 02:10:00
-18.368800,-62.077800,GOES-19,2026-09-29 02:10:00
-18.369100,-62.057900,GOES-19,2026-09-29 02:10:00
-18.388600,-62.076000,GOES-19,2026-09-29 02:10:00
-18.388900,-62.056100,GOES-19,2026-09-29 02:10:00
-18.408400,-62.074200,GOES-19,2026-09-29 02:10:00
-20.280000,-58.328500,GOES-19,2026-09-29 02:10:00
-20.280400,-58.307700,GOES-19,2026-09-29 02:10:00
-20.300200,-58.325800,GOES-19,2026-09-29 02:10:00
-20.300600,-58.305000,GOES-19,2026-09-29 02:10:00
-20.711200,-57.936900,GOES-19,2026-09-29 02:10:00
-22.182900,-58.820300,GOES-19,2026-09-29 02:10:00
-22.203100,-58.838400,GOES-19,2026-09-29 02:10:00
-22.203500,-58.817400,GOES-19,2026-09-29 02:10:00
-23.166100,-61.571200,GOES-19,2026-09-29 02:10:00
-23.166500,-61.550400,GOES-19,2026-09-29 02:10:00
-23.918200,-60.260500,GOES-19,2026-09-29 02:10:00
-24.470600,-59.928300,GOES-19,2026-09-29 02:10:00
-24.471100,-59.907100,GOES-19,2026-09-29 02:10:00
-24.817600,-59.472000,GOES-19,2026-09-29 02:10:00
-24.838900,-59.468700,GOES-19,2026-09-29 02:10:00
-15.458500,-46.136700,GOES-19,2026-09-29 02:10:00
1.693200,-55.942000,GOES-19,2026-09-29 02:10:00
1.675000,-55.902800,GOES-19,2026-09-29 02:10:00
1.675000,-55.883100,GOES-19,2026-09-29 02:10:00
1.656600,-55.903000,GOES-19,2026-09-29 02:10:00
1.656700,-55.883300,GOES-19,2026-09-29 02:10:00
-3.716600,-54.229700,GOES-19,2026-09-29 02:10:00
-3.820200,-55.899000,GOES-19,2026-09-29 02:10:00
-5.608100,-45.003800,GOES-19,2026-09-29 02:10:00
-5.608300,-44.981100,GOES-19,2026-09-29 02:10:00
-5.626800,-45.002500,GOES-19,2026-09-29 02:10:00
-5.627000,-44.979700,GOES-19,2026-09-29 02:10:00
-6.148300,-47.309100,GOES-19,2026-09-29 02:10:00
-6.148500,-47.287100,GOES-19,2026-09-29 02:10:00
-6.167200,-47.285800,GOES-19,2026-09-29 02:10:00
-7.702500,-48.866700,GOES-19,2026-09-29 02:10:00
-7.829700,-45.815600,GOES-19,2026-09-29 02:10:00
-7.848300,-45.836300,GOES-19,2026-09-29 02:10:00
-7.848600,-45.813800,GOES-19,2026-09-29 02:10:00
-7.848800,-45.791200,GOES-19,2026-09-29 02:10:00
-9.158400,-61.408200,GOES-19,2026-09-29 02:10:00
-9.177000,-61.407300,GOES-19,2026-09-29 02:10:00
-9.959500,-50.143100,GOES-19,2026-09-29 02:10:00
-17.613400,-59.685400,GOES-19,2026-09-29 02:00:00
-12.612900,-65.410800,GOES-19,2026-09-29 02:00:00
-12.613000,-65.391900,GOES-19,2026-09-29 02:00:00
-12.651000,-65.352200,GOES-19,2026-09-29 02:00:00
-12.669900,-65.351300,GOES-19,2026-09-29 02:00:00
-13.337000,-64.672000,GOES-19,2026-09-29 02:00:00
-13.356000,-64.671100,GOES-19,2026-09-29 02:00:00
-13.374900,-64.670100,GOES-19,2026-09-29 02:00:00
-13.375100,-64.651000,GOES-19,2026-09-29 02:00:00
-16.939600,-61.826300,GOES-19,2026-09-29 02:00:00
-17.081600,-63.057300,GOES-19,2026-09-29 02:00:00
-17.295200,-59.999600,GOES-19,2026-09-29 02:00:00
-17.469300,-60.162900,GOES-19,2026-09-29 02:00:00
-17.633100,-59.683400,GOES-19,2026-09-29 02:00:00
-18.152400,-62.037600,GOES-19,2026-09-29 02:00:00
-18.368800,-62.077800,GOES-19,2026-09-29 02:00:00
-18.369100,-62.057900,GOES-19,2026-09-29 02:00:00
-18.388600,-62.076000,GOES-19,2026-09-29 02:00:00
-18.388900,-62.056100,GOES-19,2026-09-29 02:00:00
-20.280000,-58.328500,GOES-19,2026-09-29 02:00:00
-20.280400,-58.307700,GOES-19,2026-09-29 02:00:00
-20.300200,-58.325800,GOES-19,2026-09-29 02:00:00
-20.300600,-58.305000,GOES-19,2026-09-29 02:00:00
-20.711200,-57.936900,GOES-19,2026-09-29 02:00:00
-22.182500,-58.841300,GOES-19,2026-09-29 02:00:00
-22.182900,-58.820300,GOES-19,2026-09-29 02:00:00
-22.203100,-58.838400,GOES-19,2026-09-29 02:00:00
-22.203500,-58.817400,GOES-19,2026-09-29 02:00:00
-23.166100,-61.571200,GOES-19,2026-09-29 02:00:00
-23.166500,-61.550400,GOES-19,2026-09-29 02:00:00
-23.414800,-61.603300,GOES-19,2026-09-29 02:00:00
-23.918200,-60.260500,GOES-19,2026-09-29 02:00:00
-24.471100,-59.907100,GOES-19,2026-09-29 02:00:00
-24.488900,-60.074300,GOES-19,2026-09-29 02:00:00
-24.504800,-60.347600,GOES-19,2026-09-29 02:00:00
-24.817600,-59.472000,GOES-19,2026-09-29 02:00:00
-24.838900,-59.468700,GOES-19,2026-09-29 02:00:00
-24.923900,-59.455800,GOES-19,2026-09-29 02:00:00
-12.386300,-69.104200,GOES-19,2026-09-29 02:00:00
-11.177500,-44.783200,GOES-19,2026-09-29 02:00:00
-15.458500,-46.136700,GOES-19,2026-09-29 02:00:00
1.693200,-55.942000,GOES-19,2026-09-29 02:00:00
1.693200,-55.922300,GOES-19,2026-09-29 02:00:00
1.674900,-55.922500,GOES-19,2026-09-29 02:00:00
1.675000,-55.902800,GOES-19,2026-09-29 02:00:00
1.656600,-55.903000,GOES-19,2026-09-29 02:00:00
1.656700,-55.883300,GOES-19,2026-09-29 02:00:00
-5.608100,-45.003800,GOES-19,2026-09-29 02:00:00
-5.608300,-44.981100,GOES-19,2026-09-29 02:00:00
-5.626800,-45.002500,GOES-19,2026-09-29 02:00:00
-5.627000,-44.979700,GOES-19,2026-09-29 02:00:00
-6.310100,-52.618400,GOES-19,2026-09-29 02:00:00
-7.382500,-72.462100,GOES-19,2026-09-29 02:00:00
-7.683800,-48.868200,GOES-19,2026-09-29 02:00:00
-7.702500,-48.866700,GOES-19,2026-09-29 02:00:00
-7.829700,-45.815600,GOES-19,2026-09-29 02:00:00
-7.848600,-45.813800,GOES-19,2026-09-29 02:00:00
-9.158400,-61.408200,GOES-19,2026-09-29 02:00:00
-9.177000,-61.407300,GOES-19,2026-09-29 02:00:00
-9.959500,-50.143100,GOES-19,2026-09-29 02:00:00
-9.956800,-59.262900,GOES-19,2026-09-29 02:00:00
-11.937300,-50.891200,GOES-19,2026-09-29 02:00:00
-12.235800,-65.408700,GOES-19,2026-09-29 01:50:00
-12.612900,-65.410800,GOES-19,2026-09-29 01:50:00
-12.613000,-65.391900,GOES-19,2026-09-29 01:50:00
-12.651000,-65.352200,GOES-19,2026-09-29 01:50:00
-12.669900,-65.351300,GOES-19,2026-09-29 01:50:00
-13.356000,-64.671100,GOES-19,2026-09-29 01:50:00
-13.374900,-64.670100,GOES-19,2026-09-29 01:50:00
-13.375100,-64.651000,GOES-19,2026-09-29 01:50:00
-16.939600,-61.826300,GOES-19,2026-09-29 01:50:00
-17.295200,-59.999600,GOES-19,2026-09-29 01:50:00
-17.469100,-60.183000,GOES-19,2026-09-29 01:50:00
-17.469300,-60.162900,GOES-19,2026-09-29 01:50:00
-17.613400,-59.685400,GOES-19,2026-09-29 01:50:00
-17.591900,-62.898600,GOES-19,2026-09-29 01:50:00
-17.592100,-62.878800,GOES-19,2026-09-29 01:50:00
-17.633100,-59.683400,GOES-19,2026-09-29 01:50:00
-17.668100,-59.982000,GOES-19,2026-09-29 01:50:00
-18.152400,-62.037600,GOES-19,2026-09-29 01:50:00
-18.368800,-62.077800,GOES-19,2026-09-29 01:50:00
-18.369100,-62.057900,GOES-19,2026-09-29 01:50:00
-18.388600,-62.076000,GOES-19,2026-09-29 01:50:00
-18.388900,-62.056100,GOES-19,2026-09-29 01:50:00
-20.280000,-58.328500,GOES-19,2026-09-29 01:50:00
-20.280400,-58.307700,GOES-19,2026-09-29 01:50:00
-20.300200,-58.325800,GOES-19,2026-09-29 01:50:00
-20.300600,-58.305000,GOES-19,2026-09-29 01:50:00
-20.711200,-57.936900,GOES-19,2026-09-29 01:50:00
-22.182500,-58.841300,GOES-19,2026-09-29 01:50:00
-22.182900,-58.820300,GOES-19,2026-09-29 01:50:00
-22.203100,-58.838400,GOES-19,2026-09-29 01:50:00
-22.203500,-58.817400,GOES-19,2026-09-29 01:50:00
-22.523800,-58.223100,GOES-19,2026-09-29 01:50:00
-23.166100,-61.571200,GOES-19,2026-09-29 01:50:00
-23.624800,-61.494100,GOES-19,2026-09-29 01:50:00
-23.625200,-61.473200,GOES-19,2026-09-29 01:50:00
-23.645700,-61.491500,GOES-19,2026-09-29 01:50:00
-23.897300,-60.263400,GOES-19,2026-09-29 01:50:00
-23.918200,-60.260500,GOES-19,2026-09-29 01:50:00
-24.471100,-59.907100,GOES-19,2026-09-29 01:50:00
-24.488900,-60.074300,GOES-19,2026-09-29 01:50:00
-24.504800,-60.347600,GOES-19,2026-09-29 01:50:00
-24.838900,-59.468700,GOES-19,2026-09-29 01:50:00
-12.386300,-69.104200,GOES-19,2026-09-29 01:50:00
-11.177500,-44.783200,GOES-19,2026-09-29 01:50:00
-15.458500,-46.136700,GOES-19,2026-09-29 01:50:00
-5.608100,-45.003800,GOES-19,2026-09-29 01:50:00
-5.608300,-44.981100,GOES-19,2026-09-29 01:50:00
-5.626800,-45.002500,GOES-19,2026-09-29 01:50:00
-5.627000,-44.979700,GOES-19,2026-09-29 01:50:00
-6.310000,-52.638900,GOES-19,2026-09-29 01:50:00
-6.310100,-52.618400,GOES-19,2026-09-29 01:50:00
-7.382500,-72.480300,GOES-19,2026-09-29 01:50:00
-7.382500,-72.462100,GOES-19,2026-09-29 01:50:00
-7.683800,-48.868200,GOES-19,2026-09-29 01:50:00
-7.702500,-48.866700,GOES-19,2026-09-29 01:50:00
-7.829700,-45.815600,GOES-19,2026-09-29 01:50:00
-7.848300,-45.836300,GOES-19,2026-09-29 01:50:00
-7.848600,-45.813800,GOES-19,2026-09-29 01:50:00
-8.573800,-66.994000,GOES-19,2026-09-29 01:50:00
-9.959500,-50.143100,GOES-19,2026-09-29 01:50:00
-11.937300,-50.891200,GOES-19,2026-09-29 01:50:00
-12.120200,-57.176700,GOES-19,2026-09-29 01:50:00
-12.235800,-65.408700,GOES-19,2026-09-29 01:40:00
-12.594000,-65.411700,GOES-19,2026-09-29 01:40:00
-12.594100,-65.392700,GOES-19,2026-09-29 01:40:00
-12.612900,-65.410800,GOES-19,2026-09-29 01:40:00
-12.613000,-65.391900,GOES-19,2026-09-29 01:40:00
-12.631800,-65.410000,GOES-19,2026-09-29 01:40:00
-12.631900,-65.391000,GOES-19,2026-09-29 01:40:00
-12.651000,-65.352200,GOES-19,2026-09-29 01:40:00
-13.355800,-64.690100,GOES-19,2026-09-29 01:40:00
-13.356000,-64.671100,GOES-19,2026-09-29 01:40:00
-13.356100,-64.652000,GOES-19,2026-09-29 01:40:00
-13.374800,-64.689200,GOES-19,2026-09-29 01:40:00
-13.374900,-64.670100,GOES-19,2026-09-29 01:40:00
-13.375100,-64.651000,GOES-19,2026-09-29 01:40:00
-17.295200,-59.999600,GOES-19,2026-09-29 01:40:00
-17.469100,-60.183000,GOES-19,2026-09-29 01:40:00
-17.469300,-60.162900,GOES-19,2026-09-29 01:40:00
-17.588600,-60.050500,GOES-19,2026-09-29 01:40:00
-17.572500,-62.880400,GOES-19,2026-09-29 01:40:00
-17.613400,-59.685400,GOES-19,2026-09-29 01:40:00
-17.591900,-62.898600,GOES-19,2026-09-29 01:40:00
-17.592100,-62.878800,GOES-19,2026-09-29 01:40:00
-17.633100,-59.683400,GOES-19,2026-09-29 01:40:00
-17.611500,-62.897000,GOES-19,2026-09-29 01:40:00
-17.611700,-62.877200,GOES-19,2026-09-29 01:40:00
-17.668100,-59.982000,GOES-19,2026-09-29 01:40:00
-18.368800,-62.077800,GOES-19,2026-09-29 01:40:00
-18.369100,-62.057900,GOES-19,2026-09-29 01:40:00
-18.388600,-62.076000,GOES-19,2026-09-29 01:40:00
-18.388900,-62.056100,GOES-19,2026-09-29 01:40:00
-18.408400,-62.074200,GOES-19,2026-09-29 01:40:00
-18.408600,-62.054300,GOES-19,2026-09-29 01:40:00
-20.280000,-58.328500,GOES-19,2026-09-29 01:40:00
-20.280400,-58.307700,GOES-19,2026-09-29 01:40:00
-20.300200,-58.325800,GOES-19,2026-09-29 01:40:00
-20.300600,-58.305000,GOES-19,2026-09-29 01:40:00
-20.711200,-57.936900,GOES-19,2026-09-29 01:40:00
-22.182500,-58.841300,GOES-19,2026-09-29 01:40:00
-22.182900,-58.820300,GOES-19,2026-09-29 01:40:00
-22.203100,-58.838400,GOES-19,2026-09-29 01:40:00
-22.203500,-58.817400,GOES-19,2026-09-29 01:40:00
-23.603900,-61.496700,GOES-19,2026-09-29 01:40:00
-23.624800,-61.494100,GOES-19,2026-09-29 01:40:00
-23.625200,-61.473200,GOES-19,2026-09-29 01:40:00
-23.645700,-61.491500,GOES-19,2026-09-29 01:40:00
-23.646100,-61.470600,GOES-19,2026-09-29 01:40:00
-23.918200,-60.260500,GOES-19,2026-09-29 01:40:00
-24.470600,-59.928300,GOES-19,2026-09-29 01:40:00
-24.471100,-59.907100,GOES-19,2026-09-29 01:40:00
-24.488900,-60.074300,GOES-19,2026-09-29 01:40:00
-24.504800,-60.347600,GOES-19,2026-09-29 01:40:00
-24.505200,-60.326400,GOES-19,2026-09-29 01:40:00
-24.525900,-60.344700,GOES-19,2026-09-29 01:40:00
-12.386300,-69.104200,GOES-19,2026-09-29 01:40:00
-6.294700,-43.642700,GOES-19,2026-09-29 01:40:00
-8.247900,-45.458300,GOES-19,2026-09-29 01:40:00
-8.248200,-45.435600,GOES-19,2026-09-29 01:40:00
-15.458500,-46.136700,GOES-19,2026-09-29 01:40:00
-21.065800,-48.842800,GOES-19,2026-09-29 01:40:00
-21.066500,-48.819600,GOES-19,2026-09-29 01:40:00
-21.086500,-48.838100,GOES-19,2026-09-29 01:40:00
-21.087100,-48.814900,GOES-19,2026-09-29 01:40:00
-5.608100,-45.003800,GOES-19,2026-09-29 01:40:00
-5.608300,-44.981100,GOES-19,2026-09-29 01:40:00
-5.626800,-45.002500,GOES-19,2026-09-29 01:40:00
-6.310000,-52.638900,GOES-19,2026-09-29 01:40:00
-6.310100,-52.618400,GOES-19,2026-09-29 01:40:00
-6.328500,-52.637900,GOES-19,2026-09-29 01:40:00
-6.328700,-52.617400,GOES-19,2026-09-29 01:40:00
-7.382500,-72.480300,GOES-19,2026-09-29 01:40:00
-7.382500,-72.462100,GOES-19,2026-09-29 01:40:00
-7.702500,-48.866700,GOES-19,2026-09-29 01:40:00
-7.829700,-45.815600,GOES-19,2026-09-29 01:40:00
-7.848300,-45.836300,GOES-19,2026-09-29 01:40:00
-7.848600,-45.813800,GOES-19,2026-09-29 01:40:00
-7.848800,-45.791200,GOES-19,2026-09-29 01:40:00
-8.573800,-67.012500,GOES-19,2026-09-29 01:40:00
-8.573800,-66.994000,GOES-19,2026-09-29 01:40:00
-9.959500,-50.143100,GOES-19,2026-09-29 01:40:00
-12.235800,-65.408700,GOES-19,2026-09-29 01:30:00
-12.594000,-65.411700,GOES-19,2026-09-29 01:30:00
-12.594100,-65.392700,GOES-19,2026-09-29 01:30:00
-12.612900,-65.410800,GOES-19,2026-09-29 01:30:00
-12.613000,-65.391900,GOES-19,2026-09-29 01:30:00
-12.696700,-72.541700,GOES-19,2026-09-29 01:30:00
-13.356000,-64.671100,GOES-19,2026-09-29 01:30:00
-13.356100,-64.652000,GOES-19,2026-09-29 01:30:00
-13.374900,-64.670100,GOES-19,2026-09-29 01:30:00
-13.375100,-64.651000,GOES-19,2026-09-29 01:30:00
-17.295200,-59.999600,GOES-19,2026-09-29 01:30:00
-17.469100,-60.183000,GOES-19,2026-09-29 01:30:00
-17.469300,-60.162900,GOES-19,2026-09-29 01:30:00
-17.572300,-62.900100,GOES-19,2026-09-29 01:30:00
-17.572500,-62.880400,GOES-19,2026-09-29 01:30:00
-17.613400,-59.685400,GOES-19,2026-09-29 01:30:00
-17.591900,-62.898600,GOES-19,2026-09-29 01:30:00
-17.592100,-62.878800,GOES-19,2026-09-29 01:30:00
-17.633100,-59.683400,GOES-19,2026-09-29 01:30:00
-17.611500,-62.897000,GOES-19,2026-09-29 01:30:00
-17.611700,-62.877200,GOES-19,2026-09-29 01:30:00
-18.152400,-62.037600,GOES-19,2026-09-29 01:30:00
-18.368800,-62.077800,GOES-19,2026-09-29 01:30:00
-18.369100,-62.057900,GOES-19,2026-09-29 01:30:00
-18.388600,-62.076000,GOES-19,2026-09-29 01:30:00
-18.388900,-62.056100,GOES-19,2026-09-29 01:30:00
-18.408400,-62.074200,GOES-19,2026-09-29 01:30:00
-20.280000,-58.328500,GOES-19,2026-09-29 01:30:00
-20.280400,-58.307700,GOES-19,2026-09-29 01:30:00
-20.300200,-58.325800,GOES-19,2026-09-29 01:30:00
-20.300600,-58.305000,GOES-19,2026-09-29 01:30:00
-20.711200,-57.936900,GOES-19,2026-09-29 01:30:00
-22.182500,-58.841300,GOES-19,2026-09-29 01:30:00
-22.182900,-58.820300,GOES-19,2026-09-29 01:30:00
-22.203100,-58.838400,GOES-19,2026-09-29 01:30:00
-22.203500,-58.817400,GOES-19,2026-09-29 01:30:00
-23.624800,-61.494100,GOES-19,2026-09-29 01:30:00
-23.646100,-61.470600,GOES-19,2026-09-29 01:30:00
-23.918200,-60.260500,GOES-19,2026-09-29 01:30:00
-24.205100,-57.508400,GOES-19,2026-09-29 01:30:00
-24.483600,-60.350600,GOES-19,2026-09-29 01:30:00
-24.488900,-60.074300,GOES-19,2026-09-29 01:30:00
-24.504800,-60.347600,GOES-19,2026-09-29 01:30:00
-24.505200,-60.326400,GOES-19,2026-09-29 01:30:00
-24.525900,-60.344700,GOES-19,2026-09-29 01:30:00
-24.567800,-60.359900,GOES-19,2026-09-29 01:30:00
-24.568200,-60.338700,GOES-19,2026-09-29 01:30:00
-24.838900,-59.468700,GOES-19,2026-09-29 01:30:00
-6.275900,-43.644200,GOES-19,2026-09-29 01:30:00
-6.294700,-43.642700,GOES-19,2026-09-29 01:30:00
-8.229100,-45.460200,GOES-19,2026-09-29 01:30:00
-8.247900,-45.458300,GOES-19,2026-09-29 01:30:00
-11.177500,-44.783200,GOES-19,2026-09-29 01:30:00
-15.458500,-46.136700,GOES-19,2026-09-29 01:30:00
1.674900,-55.922500,GOES-19,2026-09-29 01:30:00
1.675000,-55.902800,GOES-19,2026-09-29 01:30:00
1.656600,-55.903000,GOES-19,2026-09-29 01:30:00
1.656700,-55.883300,GOES-19,2026-09-29 01:30:00
-3.716600,-54.229700,GOES-19,2026-09-29 01:30:00
-5.608100,-45.003800,GOES-19,2026-09-29 01:30:00
-5.608300,-44.981100,GOES-19,2026-09-29 01:30:00
-5.626800,-45.002500,GOES-19,2026-09-29 01:30:00
-6.724900,-45.620000,GOES-19,2026-09-29 01:30:00
-6.725100,-45.597500,GOES-19,2026-09-29 01:30:00
-7.382500,-72.480300,GOES-19,2026-09-29 01:30:00
-7.382500,-72.462100,GOES-19,2026-09-29 01:30:00
-7.829700,-45.815600,GOES-19,2026-09-29 01:30:00
-7.848300,-45.836300,GOES-19,2026-09-29 01:30:00
-7.848600,-45.813800,GOES-19,2026-09-29 01:30:00
-9.959300,-50.164400,GOES-19,2026-09-29 01:30:00
-9.959500,-50.143100,GOES-19,2026-09-29 01:30:00
-9.956800,-59.262900,GOES-19,2026-09-29 01:30:00
-11.937000,-50.912500,GOES-19,2026-09-29 01:30:00
-11.937300,-50.891200,GOES-19,2026-09-29 01:30:00
-12.179200,-65.430100,GOES-19,2026-09-29 01:20:00
-12.235800,-65.408700,GOES-19,2026-09-29 01:20:00
-12.594000,-65.411700,GOES-19,2026-09-29 01:20:00
-12.594100,-65.392700,GOES-19,2026-09-29 01:20:00
-12.612900,-65.410800,GOES-19,2026-09-29 01:20:00
-12.613000,-65.391900,GOES-19,2026-09-29 01:20:00
-12.696700,-72.541700,GOES-19,2026-09-29 01:20:00
-13.337000,-64.672000,GOES-19,2026-09-29 01:20:00
-13.356000,-64.671100,GOES-19,2026-09-29 01:20:00
-13.356100,-64.652000,GOES-19,2026-09-29 01:20:00
-13.374900,-64.670100,GOES-19,2026-09-29 01:20:00
-13.375100,-64.651000,GOES-19,2026-09-29 01:20:00
-17.157400,-63.267600,GOES-19,2026-09-29 01:20:00
-17.295200,-59.999600,GOES-19,2026-09-29 01:20:00
-17.469100,-60.183000,GOES-19,2026-09-29 01:20:00
-17.469300,-60.162900,GOES-19,2026-09-29 01:20:00
-17.588600,-60.050500,GOES-19,2026-09-29 01:20:00
-17.572300,-62.900100,GOES-19,2026-09-29 01:20:00
-17.572500,-62.880400,GOES-19,2026-09-29 01:20:00
-17.613400,-59.685400,GOES-19,2026-09-29 01:20:00
-17.591900,-62.898600,GOES-19,2026-09-29 01:20:00
-17.592100,-62.878800,GOES-19,2026-09-29 01:20:00
-17.633100,-59.683400,GOES-19,2026-09-29 01:20:00
-17.611500,-62.897000,GOES-19,2026-09-29 01:20:00
-17.611700,-62.877200,GOES-19,2026-09-29 01:20:00
-17.668100,-59.982000,GOES-19,2026-09-29 01:20:00
-18.152400,-62.037600,GOES-19,2026-09-29 01:20:00
-18.368800,-62.077800,GOES-19,2026-09-29 01:20:00
-18.369100,-62.057900,GOES-19,2026-09-29 01:20:00
-18.388600,-62.076000,GOES-19,2026-09-29 01:20:00
-18.388900,-62.056100,GOES-19,2026-09-29 01:20:00
-18.408400,-62.074200,GOES-19,2026-09-29 01:20:00
-20.280000,-58.328500,GOES-19,2026-09-29 01:20:00
-20.280400,-58.307700,GOES-19,2026-09-29 01:20:00
-20.300200,-58.325800,GOES-19,2026-09-29 01:20:00
-20.300600,-58.305000,GOES-19,2026-09-29 01:20:00
-20.711200,-57.936900,GOES-19,2026-09-29 01:20:00
-22.182500,-58.841300,GOES-19,2026-09-29 01:20:00
-22.182900,-58.820300,GOES-19,2026-09-29 01:20:00
-22.203100,-58.838400,GOES-19,2026-09-29 01:20:00
-22.203500,-58.817400,GOES-19,2026-09-29 01:20:00
-23.145700,-61.552900,GOES-19,2026-09-29 01:20:00
-23.166100,-61.571200,GOES-19,2026-09-29 01:20:00
-23.166500,-61.550400,GOES-19,2026-09-29 01:20:00
-23.603900,-61.496700,GOES-19,2026-09-29 01:20:00
-23.624800,-61.494100,GOES-19,2026-09-29 01:20:00
-23.625200,-61.473200,GOES-19,2026-09-29 01:20:00
-23.645700,-61.491500,GOES-19,2026-09-29 01:20:00
-23.646100,-61.470600,GOES-19,2026-09-29 01:20:00
-24.205100,-57.508400,GOES-19,2026-09-29 01:20:00
-24.483600,-60.350600,GOES-19,2026-09-29 01:20:00
-24.504800,-60.347600,GOES-19,2026-09-29 01:20:00
-24.505200,-60.326400,GOES-19,2026-09-29 01:20:00
-24.525900,-60.344700,GOES-19,2026-09-29 01:20:00
-24.587800,-60.420700,GOES-19,2026-09-29 01:20:00
-6.294700,-43.642700,GOES-19,2026-09-29 01:20:00
-9.515600,-40.306100,GOES-19,2026-09-29 01:20:00
-11.177500,-44.783200,GOES-19,2026-09-29 01:20:00
-15.458500,-46.136700,GOES-19,2026-09-29 01:20:00
1.693200,-55.942000,GOES-19,2026-09-29 01:20:00
1.674900,-55.922500,GOES-19,2026-09-29 01:20:00
1.675000,-55.902800,GOES-19,2026-09-29 01:20:00
1.656600,-55.903000,GOES-19,2026-09-29 01:20:00
1.656700,-55.883300,GOES-19,2026-09-29 01:20:00
-3.716600,-54.229700,GOES-19,2026-09-29 01:20:00
-3.716600,-54.209600,GOES-19,2026-09-29 01:20:00
-5.608100,-45.003800,GOES-19,2026-09-29 01:20:00
-5.626800,-45.002500,GOES-19,2026-09-29 01:20:00
-6.724900,-45.620000,GOES-19,2026-09-29 01:20:00
-7.382500,-72.480300,GOES-19,2026-09-29 01:20:00
-7.382500,-72.462100,GOES-19,2026-09-29 01:20:00
-7.702500,-48.866700,GOES-19,2026-09-29 01:20:00
-7.829700,-45.815600,GOES-19,2026-09-29 01:20:00
-7.848300,-45.836300,GOES-19,2026-09-29 01:20:00
-7.848600,-45.813800,GOES-19,2026-09-29 01:20:00
-8.573800,-66.994000,GOES-19,2026-09-29 01:20:00
-9.125600,-67.850700,GOES-19,2026-09-29 01:20:00
-9.959500,-50.143100,GOES-19,2026-09-29 01:20:00
-10.389200,-61.269500,GOES-19,2026-09-29 01:20:00
-10.389400,-61.250200,GOES-19,2026-09-29 01:20:00
-10.408100,-61.249200,GOES-19,2026-09-29 01:20:00
-11.785400,-65.258100,GOES-19,2026-09-28 23:50:00
5.189300,-69.732600,GOES-19,2026-09-28 23:50:00
5.189400,-69.714400,GOES-19,2026-09-28 23:50:00
-11.804100,-65.257300,GOES-19,2026-09-28 23:50:00
-12.179200,-65.430100,GOES-19,2026-09-28 23:50:00
-12.217000,-65.409500,GOES-19,2026-09-28 23:50:00
-12.235800,-65.408700,GOES-19,2026-09-28 23:50:00
-12.594100,-65.392700,GOES-19,2026-09-28 23:50:00
-12.613000,-65.391900,GOES-19,2026-09-28 23:50:00
-13.356100,-64.652000,GOES-19,2026-09-28 23:50:00
-13.374900,-64.670100,GOES-19,2026-09-28 23:50:00
-13.375100,-64.651000,GOES-19,2026-09-28 23:50:00
-14.252700,-71.286100,GOES-19,2026-09-28 23:50:00
-14.423400,-62.353500,GOES-19,2026-09-28 23:50:00
-14.423600,-62.334000,GOES-19,2026-09-28 23:50:00
-14.442600,-62.352200,GOES-19,2026-09-28 23:50:00
-14.442800,-62.332700,GOES-19,2026-09-28 23:50:00
-15.564300,-63.519100,GOES-19,2026-09-28 23:50:00
-16.082200,-63.892300,GOES-19,2026-09-28 23:50:00
-17.216900,-63.184400,GOES-19,2026-09-28 23:50:00
-17.295200,-59.999600,GOES-19,2026-09-28 23:50:00
-17.469100,-60.183000,GOES-19,2026-09-28 23:50:00
-17.469300,-60.162900,GOES-19,2026-09-28 23:50:00
-17.613400,-59.685400,GOES-19,2026-09-28 23:50:00
-17.633100,-59.683400,GOES-19,2026-09-28 23:50:00
-18.388600,-62.076000,GOES-19,2026-09-28 23:50:00
-18.388900,-62.056100,GOES-19,2026-09-28 23:50:00
-20.280000,-58.328500,GOES-19,2026-09-28 23:50:00
-20.280400,-58.307700,GOES-19,2026-09-28 23:50:00
-20.280700,-58.286800,GOES-19,2026-09-28 23:50:00
-20.300200,-58.325800,GOES-19,2026-09-28 23:50:00
-20.300600,-58.305000,GOES-19,2026-09-28 23:50:00
-20.300900,-58.284200,GOES-19,2026-09-28 23:50:00
-20.711200,-57.936900,GOES-19,2026-09-28 23:50:00
-22.182500,-58.841300,GOES-19,2026-09-28 23:50:00
-22.182900,-58.820300,GOES-19,2026-09-28 23:50:00
-22.203100,-58.838400,GOES-19,2026-09-28 23:50:00
-22.203500,-58.817400,GOES-19,2026-09-28 23:50:00
-23.166100,-61.571200,GOES-19,2026-09-28 23:50:00
-23.450700,-57.525500,GOES-19,2026-09-28 23:50:00
-23.624800,-61.494100,GOES-19,2026-09-28 23:50:00
-23.645700,-61.491500,GOES-19,2026-09-28 23:50:00
-23.646100,-61.470600,GOES-19,2026-09-28 23:50:00
-23.918200,-60.260500,GOES-19,2026-09-28 23:50:00
-24.008900,-55.979800,GOES-19,2026-09-28 23:50:00
-24.205100,-57.508400,GOES-19,2026-09-28 23:50:00
-24.504800,-60.347600,GOES-19,2026-09-28 23:50:00
-24.505200,-60.326400,GOES-19,2026-09-28 23:50:00
-24.684900,-60.872800,GOES-19,2026-09-28 23:50:00
-24.685300,-60.851600,GOES-19,2026-09-28 23:50:00
-24.706100,-60.869900,GOES-19,2026-09-28 23:50:00
-24.706400,-60.848700,GOES-19,2026-09-28 23:50:00
-24.817600,-59.472000,GOES-19,2026-09-28 23:50:00
-24.838900,-59.468700,GOES-19,2026-09-28 23:50:00
-25.111500,-60.707500,GOES-19,2026-09-28 23:50:00
-25.111900,-60.686200,GOES-19,2026-09-28 23:50:00
-26.477000,-60.981100,GOES-19,2026-09-28 23:50:00
-26.498700,-60.977900,GOES-19,2026-09-28 23:50:00
-28.696000,-57.964700,GOES-19,2026-09-28 23:50:00
-11.391200,-69.223000,GOES-19,2026-09-28 23:50:00
-12.386300,-69.104200,GOES-19,2026-09-28 23:50:00
-6.275900,-43.644200,GOES-19,2026-09-28 23:50:00
-6.294700,-43.642700,GOES-19,2026-09-28 23:50:00
-6.294900,-43.619400,GOES-19,2026-09-28 23:50:00
-10.725500,-44.429100,GOES-19,2026-09-28 23:50:00
-18.104200,-42.642400,GOES-19,2026-09-28 23:50:00
-18.104900,-42.617400,GOES-19,2026-09-28 23:50:00
-18.124400,-42.637300,GOES-19,2026-09-28 23:50:00
-18.568400,-48.419100,GOES-19,2026-09-28 23:50:00
-18.588500,-48.415000,GOES-19,2026-09-28 23:50:00
-9.959500,-50.143100,GOES-19,2026-09-28 23:50:00
1.858700,-55.604400,GOES-19,2026-09-28 23:50:00
1.840300,-55.624400,GOES-19,2026-09-28 23:50:00
1.840300,-55.604600,GOES-19,2026-09-28 23:50:00
1.822000,-55.624700,GOES-19,2026-09-28 23:50:00
-2.868400,-49.643300,GOES-19,2026-09-28 23:50:00
-4.295300,-49.102100,GOES-19,2026-09-28 23:50:00
-4.295400,-49.080700,GOES-19,2026-09-28 23:50:00
-4.358800,-47.763600,GOES-19,2026-09-28 23:50:00
-4.450700,-47.911200,GOES-19,2026-09-28 23:50:00
-4.469100,-47.932000,GOES-19,2026-09-28 23:50:00
-4.469300,-47.910300,GOES-19,2026-09-28 23:50:00
-5.608100,-45.003800,GOES-19,2026-09-28 23:50:00
-5.608300,-44.981100,GOES-19,2026-09-28 23:50:00
-5.737400,-45.176000,GOES-19,2026-09-28 23:50:00
-5.738400,-45.062600,GOES-19,2026-09-28 23:50:00
-5.738600,-45.039900,GOES-19,2026-09-28 23:50:00
-6.681200,-55.110300,GOES-19,2026-09-28 23:50:00
-7.615800,-46.462800,GOES-19,2026-09-28 23:50:00
-7.702500,-48.866700,GOES-19,2026-09-28 23:50:00
-7.829700,-45.815600,GOES-19,2026-09-28 23:50:00
-7.830000,-45.793000,GOES-19,2026-09-28 23:50:00
-7.848300,-45.836300,GOES-19,2026-09-28 23:50:00
-7.848600,-45.813800,GOES-19,2026-09-28 23:50:00
-7.848800,-45.791200,GOES-19,2026-09-28 23:50:00
-8.573800,-67.012500,GOES-19,2026-09-28 23:50:00
-8.573800,-66.994000,GOES-19,2026-09-28 23:50:00
-8.929400,-49.770600,GOES-19,2026-09-28 23:50:00
-9.125600,-67.850700,GOES-19,2026-09-28 23:50:00
-9.686400,-58.125800,GOES-19,2026-09-28 23:50:00
-9.926600,-60.717100,GOES-19,2026-09-28 23:50:00
-10.370500,-61.270500,GOES-19,2026-09-28 23:50:00
-10.370700,-61.251300,GOES-19,2026-09-28 23:50:00
-10.389200,-61.269500,GOES-19,2026-09-28 23:50:00
-10.389400,-61.250200,GOES-19,2026-09-28 23:50:00
-10.407900,-61.268500,GOES-19,2026-09-28 23:50:00
-10.408100,-61.249200,GOES-19,2026-09-28 23:50:00
-10.842400,-60.762200,GOES-19,2026-09-28 23:50:00
-10.842600,-60.742900,GOES-19,2026-09-28 23:50:00
-10.861100,-60.761100,GOES-19,2026-09-28 23:50:00
-10.861300,-60.741800,GOES-19,2026-09-28 23:50:00
-11.189400,-50.077500,GOES-19,2026-09-28 23:50:00
-11.189700,-50.056000,GOES-19,2026-09-28 23:50:00
-11.208400,-50.075400,GOES-19,2026-09-28 23:50:00
-11.208700,-50.053900,GOES-19,2026-09-28 23:50:00
-11.363300,-54.045200,GOES-19,2026-09-28 23:50:00
-11.382000,-54.064000,GOES-19,2026-09-28 23:50:00
-11.382300,-54.043400,GOES-19,2026-09-28 23:50:00
-11.382500,-54.022900,GOES-19,2026-09-28 23:50:00
-11.400900,-54.062200,GOES-19,2026-09-28 23:50:00
-11.401200,-54.041700,GOES-19,2026-09-28 23:50:00
-11.992900,-50.991300,GOES-19,2026-09-28 23:50:00
-15.092300,-53.907200,GOES-19,2026-09-28 23:50:00
-15.092600,-53.886200,GOES-19,2026-09-28 23:50:00
-12.594100,-65.392700,GOES-19,2026-09-29 01:10:00
-12.612900,-65.410800,GOES-19,2026-09-29 01:10:00
-12.613000,-65.391900,GOES-19,2026-09-29 01:10:00
-12.696700,-72.541700,GOES-19,2026-09-29 01:10:00
-13.356000,-64.671100,GOES-19,2026-09-29 01:10:00
-13.356100,-64.652000,GOES-19,2026-09-29 01:10:00
-13.374900,-64.670100,GOES-19,2026-09-29 01:10:00
-13.375100,-64.651000,GOES-19,2026-09-29 01:10:00
-14.711900,-70.825600,GOES-19,2026-09-29 01:10:00
-16.401200,-62.991400,GOES-19,2026-09-29 01:10:00
-17.295200,-59.999600,GOES-19,2026-09-29 01:10:00
-17.469100,-60.183000,GOES-19,2026-09-29 01:10:00
-17.469300,-60.162900,GOES-19,2026-09-29 01:10:00
-17.588600,-60.050500,GOES-19,2026-09-29 01:10:00
-17.613400,-59.685400,GOES-19,2026-09-29 01:10:00
-17.591900,-62.898600,GOES-19,2026-09-29 01:10:00
-17.592100,-62.878800,GOES-19,2026-09-29 01:10:00
-17.633100,-59.683400,GOES-19,2026-09-29 01:10:00
-17.611500,-62.897000,GOES-19,2026-09-29 01:10:00
-17.611700,-62.877200,GOES-19,2026-09-29 01:10:00
-17.668100,-59.982000,GOES-19,2026-09-29 01:10:00
-18.152400,-62.037600,GOES-19,2026-09-29 01:10:00
-18.152600,-62.017700,GOES-19,2026-09-29 01:10:00
-18.388600,-62.076000,GOES-19,2026-09-29 01:10:00
-18.388900,-62.056100,GOES-19,2026-09-29 01:10:00
-20.280000,-58.328500,GOES-19,2026-09-29 01:10:00
-20.280400,-58.307700,GOES-19,2026-09-29 01:10:00
-20.300200,-58.325800,GOES-19,2026-09-29 01:10:00
-20.300600,-58.305000,GOES-19,2026-09-29 01:10:00
-20.711200,-57.936900,GOES-19,2026-09-29 01:10:00
-22.182500,-58.841300,GOES-19,2026-09-29 01:10:00
-22.182900,-58.820300,GOES-19,2026-09-29 01:10:00
-22.203100,-58.838400,GOES-19,2026-09-29 01:10:00
-22.203500,-58.817400,GOES-19,2026-09-29 01:10:00
-23.166100,-61.571200,GOES-19,2026-09-29 01:10:00
-23.414800,-61.603300,GOES-19,2026-09-29 01:10:00
-24.205100,-57.508400,GOES-19,2026-09-29 01:10:00
-24.504800,-60.347600,GOES-19,2026-09-29 01:10:00
-24.505200,-60.326400,GOES-19,2026-09-29 01:10:00
-24.525900,-60.344700,GOES-19,2026-09-29 01:10:00
-24.526300,-60.323400,GOES-19,2026-09-29 01:10:00
-24.567800,-60.359900,GOES-19,2026-09-29 01:10:00
-24.568200,-60.338700,GOES-19,2026-09-29 01:10:00
-24.706100,-60.869900,GOES-19,2026-09-29 01:10:00
-24.706400,-60.848700,GOES-19,2026-09-29 01:10:00
-24.838900,-59.468700,GOES-19,2026-09-29 01:10:00
-6.275900,-43.644200,GOES-19,2026-09-29 01:10:00
-6.294700,-43.642700,GOES-19,2026-09-29 01:10:00
-6.294900,-43.619400,GOES-19,2026-09-29 01:10:00
-11.177500,-44.783200,GOES-19,2026-09-29 01:10:00
-15.458500,-46.136700,GOES-19,2026-09-29 01:10:00
-18.568400,-48.419100,GOES-19,2026-09-29 01:10:00
1.675000,-55.902800,GOES-19,2026-09-29 01:10:00
1.656600,-55.903000,GOES-19,2026-09-29 01:10:00
1.656700,-55.883300,GOES-19,2026-09-29 01:10:00
-3.698200,-54.230300,GOES-19,2026-09-29 01:10:00
-3.716600,-54.229700,GOES-19,2026-09-29 01:10:00
-3.716600,-54.209600,GOES-19,2026-09-29 01:10:00
-5.608100,-45.003800,GOES-19,2026-09-29 01:10:00
-7.382500,-72.480300,GOES-19,2026-09-29 01:10:00
-7.382500,-72.462100,GOES-19,2026-09-29 01:10:00
-7.683800,-48.868200,GOES-19,2026-09-29 01:10:00
-7.829700,-45.815600,GOES-19,2026-09-29 01:10:00
-7.830000,-45.793000,GOES-19,2026-09-29 01:10:00
-7.848600,-45.813800,GOES-19,2026-09-29 01:10:00
-7.848800,-45.791200,GOES-19,2026-09-29 01:10:00
-9.959500,-50.143100,GOES-19,2026-09-29 01:10:00
-9.956800,-59.262900,GOES-19,2026-09-29 01:10:00
-10.389200,-61.269500,GOES-19,2026-09-29 01:10:00
-10.389400,-61.250200,GOES-19,2026-09-29 01:10:00
-10.408100,-61.249200,GOES-19,2026-09-29 01:10:00
-11.937000,-50.912500,GOES-19,2026-09-29 01:10:00
-11.937300,-50.891200,GOES-19,2026-09-29 01:10:00
-4.951200,-79.610200,GOES-19,2026-09-29 01:00:00
-11.804100,-65.257300,GOES-19,2026-09-29 01:00:00
-11.822900,-65.256500,GOES-19,2026-09-29 01:00:00
-12.217000,-65.409500,GOES-19,2026-09-29 01:00:00
-12.235800,-65.408700,GOES-19,2026-09-29 01:00:00
-12.696700,-72.560200,GOES-19,2026-09-29 01:00:00
-12.696700,-72.541700,GOES-19,2026-09-29 01:00:00
-13.429000,-65.067900,GOES-19,2026-09-29 01:00:00
-16.401200,-62.991400,GOES-19,2026-09-29 01:00:00
-17.295200,-59.999600,GOES-19,2026-09-29 01:00:00
-17.469100,-60.183000,GOES-19,2026-09-29 01:00:00
-17.469300,-60.162900,GOES-19,2026-09-29 01:00:00
-17.588600,-60.050500,GOES-19,2026-09-29 01:00:00
-17.588900,-60.030300,GOES-19,2026-09-29 01:00:00
-17.572300,-62.900100,GOES-19,2026-09-29 01:00:00
-17.572500,-62.880400,GOES-19,2026-09-29 01:00:00
-17.613400,-59.685400,GOES-19,2026-09-29 01:00:00
-17.591900,-62.898600,GOES-19,2026-09-29 01:00:00
-17.592100,-62.878800,GOES-19,2026-09-29 01:00:00
-17.633100,-59.683400,GOES-19,2026-09-29 01:00:00
-17.668100,-59.982000,GOES-19,2026-09-29 01:00:00
-18.152400,-62.037600,GOES-19,2026-09-29 01:00:00
-18.368800,-62.077800,GOES-19,2026-09-29 01:00:00
-18.369100,-62.057900,GOES-19,2026-09-29 01:00:00
-18.388600,-62.076000,GOES-19,2026-09-29 01:00:00
-18.388900,-62.056100,GOES-19,2026-09-29 01:00:00
-18.408400,-62.074200,GOES-19,2026-09-29 01:00:00
-20.280000,-58.328500,GOES-19,2026-09-29 01:00:00
-20.280400,-58.307700,GOES-19,2026-09-29 01:00:00
-20.300600,-58.305000,GOES-19,2026-09-29 01:00:00
-20.711200,-57.936900,GOES-19,2026-09-29 01:00:00
-22.182500,-58.841300,GOES-19,2026-09-29 01:00:00
-22.182900,-58.820300,GOES-19,2026-09-29 01:00:00
-22.203100,-58.838400,GOES-19,2026-09-29 01:00:00
-22.203500,-58.817400,GOES-19,2026-09-29 01:00:00
-23.603900,-61.496700,GOES-19,2026-09-29 01:00:00
-23.624800,-61.494100,GOES-19,2026-09-29 01:00:00
-23.625200,-61.473200,GOES-19,2026-09-29 01:00:00
-23.645700,-61.491500,GOES-19,2026-09-29 01:00:00
-23.646100,-61.470600,GOES-19,2026-09-29 01:00:00
-24.205100,-57.508400,GOES-19,2026-09-29 01:00:00
-24.504800,-60.347600,GOES-19,2026-09-29 01:00:00
-24.505200,-60.326400,GOES-19,2026-09-29 01:00:00
-24.525900,-60.344700,GOES-19,2026-09-29 01:00:00
-24.568200,-60.338700,GOES-19,2026-09-29 01:00:00
-24.639000,-56.978300,GOES-19,2026-09-29 01:00:00
-24.684900,-60.872800,GOES-19,2026-09-29 01:00:00
-24.685300,-60.851600,GOES-19,2026-09-29 01:00:00
-24.706100,-60.869900,GOES-19,2026-09-29 01:00:00
-24.706400,-60.848700,GOES-19,2026-09-29 01:00:00
-24.727200,-60.867000,GOES-19,2026-09-29 01:00:00
-24.817600,-59.472000,GOES-19,2026-09-29 01:00:00
-24.838900,-59.468700,GOES-19,2026-09-29 01:00:00
-11.110100,-69.378200,GOES-19,2026-09-29 01:00:00
-6.294700,-43.642700,GOES-19,2026-09-29 01:00:00
-6.294900,-43.619400,GOES-19,2026-09-29 01:00:00
-15.458500,-46.136700,GOES-19,2026-09-29 01:00:00
-18.568400,-48.419100,GOES-19,2026-09-29 01:00:00
1.675000,-55.902800,GOES-19,2026-09-29 01:00:00
1.656700,-55.883300,GOES-19,2026-09-29 01:00:00
-3.716600,-54.229700,GOES-19,2026-09-29 01:00:00
-3.716600,-54.209600,GOES-19,2026-09-29 01:00:00
-5.608100,-45.003800,GOES-19,2026-09-29 01:00:00
-7.382500,-72.480300,GOES-19,2026-09-29 01:00:00
-7.382500,-72.462100,GOES-19,2026-09-29 01:00:00
-7.702500,-48.866700,GOES-19,2026-09-29 01:00:00
-7.829700,-45.815600,GOES-19,2026-09-29 01:00:00
-7.830000,-45.793000,GOES-19,2026-09-29 01:00:00
-7.848300,-45.836300,GOES-19,2026-09-29 01:00:00
-7.848600,-45.813800,GOES-19,2026-09-29 01:00:00
-7.848800,-45.791200,GOES-19,2026-09-29 01:00:00
-8.573800,-67.012500,GOES-19,2026-09-29 01:00:00
-8.573800,-66.994000,GOES-19,2026-09-29 01:00:00
-9.959500,-50.143100,GOES-19,2026-09-29 01:00:00
-9.956800,-59.262900,GOES-19,2026-09-29 01:00:00
-10.370700,-61.251300,GOES-19,2026-09-29 01:00:00
-10.389200,-61.269500,GOES-19,2026-09-29 01:00:00
-10.389400,-61.250200,GOES-19,2026-09-29 01:00:00
-10.407900,-61.268500,GOES-19,2026-09-29 01:00:00
-10.408100,-61.249200,GOES-19,2026-09-29 01:00:00
-11.918300,-50.893300,GOES-19,2026-09-29 01:00:00
-11.937000,-50.912500,GOES-19,2026-09-29 01:00:00
-11.937300,-50.891200,GOES-19,2026-09-29 01:00:00
-11.937700,-50.869800,GOES-19,2026-09-29 01:00:00
-11.804000,-65.276200,GOES-19,2026-09-29 00:50:00
-11.804100,-65.257300,GOES-19,2026-09-29 00:50:00
-11.822900,-65.256500,GOES-19,2026-09-29 00:50:00
-12.235800,-65.408700,GOES-19,2026-09-29 00:50:00
-12.235900,-65.389800,GOES-19,2026-09-29 00:50:00
-12.696700,-72.541700,GOES-19,2026-09-29 00:50:00
-13.410000,-65.068800,GOES-19,2026-09-29 00:50:00
-13.429000,-65.067900,GOES-19,2026-09-29 00:50:00
-14.442600,-62.352200,GOES-19,2026-09-29 00:50:00
-14.565800,-65.869400,GOES-19,2026-09-29 00:50:00
-17.295200,-59.999600,GOES-19,2026-09-29 00:50:00
-17.469100,-60.183000,GOES-19,2026-09-29 00:50:00
-17.469300,-60.162900,GOES-19,2026-09-29 00:50:00
-17.588600,-60.050500,GOES-19,2026-09-29 00:50:00
-17.588900,-60.030300,GOES-19,2026-09-29 00:50:00
-17.572500,-62.880400,GOES-19,2026-09-29 00:50:00
-17.613400,-59.685400,GOES-19,2026-09-29 00:50:00
-17.591900,-62.898600,GOES-19,2026-09-29 00:50:00
-17.592100,-62.878800,GOES-19,2026-09-29 00:50:00
-17.633100,-59.683400,GOES-19,2026-09-29 00:50:00
-17.668100,-59.982000,GOES-19,2026-09-29 00:50:00
-18.152400,-62.037600,GOES-19,2026-09-29 00:50:00
-18.368800,-62.077800,GOES-19,2026-09-29 00:50:00
-18.369100,-62.057900,GOES-19,2026-09-29 00:50:00
-18.388600,-62.076000,GOES-19,2026-09-29 00:50:00
-18.388900,-62.056100,GOES-19,2026-09-29 00:50:00
-18.408400,-62.074200,GOES-19,2026-09-29 00:50:00
-20.280000,-58.328500,GOES-19,2026-09-29 00:50:00
-20.280400,-58.307700,GOES-19,2026-09-29 00:50:00
-20.300200,-58.325800,GOES-19,2026-09-29 00:50:00
-20.300600,-58.305000,GOES-19,2026-09-29 00:50:00
-20.711200,-57.936900,GOES-19,2026-09-29 00:50:00
-22.182500,-58.841300,GOES-19,2026-09-29 00:50:00
-22.182900,-58.820300,GOES-19,2026-09-29 00:50:00
-22.203100,-58.838400,GOES-19,2026-09-29 00:50:00
-22.203500,-58.817400,GOES-19,2026-09-29 00:50:00
-23.145400,-61.573700,GOES-19,2026-09-29 00:50:00
-23.166100,-61.571200,GOES-19,2026-09-29 00:50:00
-24.205100,-57.508400,GOES-19,2026-09-29 00:50:00
-24.177600,-60.983300,GOES-19,2026-09-29 00:50:00
-24.177900,-60.962200,GOES-19,2026-09-29 00:50:00
-24.504800,-60.347600,GOES-19,2026-09-29 00:50:00
-24.817600,-59.472000,GOES-19,2026-09-29 00:50:00
-24.838900,-59.468700,GOES-19,2026-09-29 00:50:00
-25.117200,-60.408900,GOES-19,2026-09-29 00:50:00
-11.110100,-69.378200,GOES-19,2026-09-29 00:50:00
-6.294700,-43.642700,GOES-19,2026-09-29 00:50:00
-6.294900,-43.619400,GOES-19,2026-09-29 00:50:00
-15.458500,-46.136700,GOES-19,2026-09-29 00:50:00
-18.568400,-48.419100,GOES-19,2026-09-29 00:50:00
1.674900,-55.922500,GOES-19,2026-09-29 00:50:00
1.675000,-55.902800,GOES-19,2026-09-29 00:50:00
-3.716600,-54.229700,GOES-19,2026-09-29 00:50:00
-5.608100,-45.003800,GOES-19,2026-09-29 00:50:00
-7.364100,-72.480500,GOES-19,2026-09-29 00:50:00
-7.382500,-72.480300,GOES-19,2026-09-29 00:50:00
-7.382500,-72.462100,GOES-19,2026-09-29 00:50:00
-7.702500,-48.866700,GOES-19,2026-09-29 00:50:00
-7.829700,-45.815600,GOES-19,2026-09-29 00:50:00
-7.848300,-45.836300,GOES-19,2026-09-29 00:50:00
-7.848600,-45.813800,GOES-19,2026-09-29 00:50:00
-7.848800,-45.791200,GOES-19,2026-09-29 00:50:00
-8.573800,-66.994000,GOES-19,2026-09-29 00:50:00
-9.125600,-67.850700,GOES-19,2026-09-29 00:50:00
-9.926600,-60.717100,GOES-19,2026-09-29 00:50:00
-10.370700,-61.251300,GOES-19,2026-09-29 00:50:00
-10.389200,-61.269500,GOES-19,2026-09-29 00:50:00
-10.389400,-61.250200,GOES-19,2026-09-29 00:50:00
-10.407900,-61.268500,GOES-19,2026-09-29 00:50:00
-10.408100,-61.249200,GOES-19,2026-09-29 00:50:00
-10.842400,-60.762200,GOES-19,2026-09-29 00:50:00
-18.408400,-62.074200,GOES-19,2026-09-29 00:40:00
-11.804100,-65.257300,GOES-19,2026-09-29 00:40:00
-11.822900,-65.256500,GOES-19,2026-09-29 00:40:00
-12.235800,-65.408700,GOES-19,2026-09-29 00:40:00
-12.696700,-72.541700,GOES-19,2026-09-29 00:40:00
-14.442600,-62.352200,GOES-19,2026-09-29 00:40:00
-14.442800,-62.332700,GOES-19,2026-09-29 00:40:00
-15.583600,-63.517800,GOES-19,2026-09-29 00:40:00
-16.101500,-63.891000,GOES-19,2026-09-29 00:40:00
-16.401200,-62.991400,GOES-19,2026-09-29 00:40:00
-17.295200,-59.999600,GOES-19,2026-09-29 00:40:00
-17.469100,-60.183000,GOES-19,2026-09-29 00:40:00
-17.469300,-60.162900,GOES-19,2026-09-29 00:40:00
-17.588600,-60.050500,GOES-19,2026-09-29 00:40:00
-17.613400,-59.685400,GOES-19,2026-09-29 00:40:00
-17.591900,-62.898600,GOES-19,2026-09-29 00:40:00
-17.592100,-62.878800,GOES-19,2026-09-29 00:40:00
-17.633100,-59.683400,GOES-19,2026-09-29 00:40:00
-17.668100,-59.982000,GOES-19,2026-09-29 00:40:00
-18.152400,-62.037600,GOES-19,2026-09-29 00:40:00
-18.388600,-62.076000,GOES-19,2026-09-29 00:40:00
-18.388900,-62.056100,GOES-19,2026-09-29 00:40:00
-20.280000,-58.328500,GOES-19,2026-09-29 00:40:00
-20.280400,-58.307700,GOES-19,2026-09-29 00:40:00
-20.300600,-58.305000,GOES-19,2026-09-29 00:40:00
-20.711200,-57.936900,GOES-19,2026-09-29 00:40:00
-22.182500,-58.841300,GOES-19,2026-09-29 00:40:00
-22.182900,-58.820300,GOES-19,2026-09-29 00:40:00
-22.203100,-58.838400,GOES-19,2026-09-29 00:40:00
-22.203500,-58.817400,GOES-19,2026-09-29 00:40:00
-23.603900,-61.496700,GOES-19,2026-09-29 00:40:00
-23.624800,-61.494100,GOES-19,2026-09-29 00:40:00
-23.625200,-61.473200,GOES-19,2026-09-29 00:40:00
-23.645700,-61.491500,GOES-19,2026-09-29 00:40:00
-23.646100,-61.470600,GOES-19,2026-09-29 00:40:00
-23.964300,-58.961600,GOES-19,2026-09-29 00:40:00
-23.938800,-61.454700,GOES-19,2026-09-29 00:40:00
-23.943100,-61.202900,GOES-19,2026-09-29 00:40:00
-24.205100,-57.508400,GOES-19,2026-09-29 00:40:00
-24.177600,-60.983300,GOES-19,2026-09-29 00:40:00
-24.177900,-60.962200,GOES-19,2026-09-29 00:40:00
-24.504800,-60.347600,GOES-19,2026-09-29 00:40:00
-24.505200,-60.326400,GOES-19,2026-09-29 00:40:00
-24.639000,-56.978300,GOES-19,2026-09-29 00:40:00
-24.838900,-59.468700,GOES-19,2026-09-29 00:40:00
-11.110100,-69.378200,GOES-19,2026-09-29 00:40:00
-12.386300,-69.104200,GOES-19,2026-09-29 00:40:00
-6.294700,-43.642700,GOES-19,2026-09-29 00:40:00
-6.294900,-43.619400,GOES-19,2026-09-29 00:40:00
-11.177500,-44.783200,GOES-19,2026-09-29 00:40:00
-15.458500,-46.136700,GOES-19,2026-09-29 00:40:00
-18.568400,-48.419100,GOES-19,2026-09-29 00:40:00
-18.588500,-48.415000,GOES-19,2026-09-29 00:40:00
1.675000,-55.902800,GOES-19,2026-09-29 00:40:00
1.656700,-55.883300,GOES-19,2026-09-29 00:40:00
-5.608100,-45.003800,GOES-19,2026-09-29 00:40:00
-5.626800,-45.002500,GOES-19,2026-09-29 00:40:00
-5.737400,-45.176000,GOES-19,2026-09-29 00:40:00
-7.382500,-72.480300,GOES-19,2026-09-29 00:40:00
-7.382500,-72.462100,GOES-19,2026-09-29 00:40:00
-7.702500,-48.866700,GOES-19,2026-09-29 00:40:00
-7.829700,-45.815600,GOES-19,2026-09-29 00:40:00
-7.830000,-45.793000,GOES-19,2026-09-29 00:40:00
-7.848300,-45.836300,GOES-19,2026-09-29 00:40:00
-7.848600,-45.813800,GOES-19,2026-09-29 00:40:00
-7.848800,-45.791200,GOES-19,2026-09-29 00:40:00
-8.573800,-67.012500,GOES-19,2026-09-29 00:40:00
-8.573800,-66.994000,GOES-19,2026-09-29 00:40:00
-9.125600,-67.850700,GOES-19,2026-09-29 00:40:00
-9.926500,-60.736300,GOES-19,2026-09-29 00:40:00
-9.926600,-60.717100,GOES-19,2026-09-29 00:40:00
-9.956800,-59.262900,GOES-19,2026-09-29 00:40:00
-10.370500,-61.270500,GOES-19,2026-09-29 00:40:00
-10.370700,-61.251300,GOES-19,2026-09-29 00:40:00
-10.389200,-61.269500,GOES-19,2026-09-29 00:40:00
-10.389400,-61.250200,GOES-19,2026-09-29 00:40:00
-10.407900,-61.268500,GOES-19,2026-09-29 00:40:00
-10.408100,-61.249200,GOES-19,2026-09-29 00:40:00
-10.729100,-50.491200,GOES-19,2026-09-29 00:40:00
-10.791300,-48.759600,GOES-19,2026-09-29 00:40:00
-10.791600,-48.737700,GOES-19,2026-09-29 00:40:00
-10.810300,-48.757400,GOES-19,2026-09-29 00:40:00
-10.810600,-48.735500,GOES-19,2026-09-29 00:40:00
-10.842400,-60.762200,GOES-19,2026-09-29 00:40:00
-10.842600,-60.742900,GOES-19,2026-09-29 00:40:00
1.967800,-55.997400,GOES-19,2026-09-29 00:30:00
-11.804100,-65.257300,GOES-19,2026-09-29 00:30:00
-12.235800,-65.408700,GOES-19,2026-09-29 00:30:00
-13.356000,-64.671100,GOES-19,2026-09-29 00:30:00
-13.374900,-64.670100,GOES-19,2026-09-29 00:30:00
-13.375100,-64.651000,GOES-19,2026-09-29 00:30:00
-14.252700,-71.304900,GOES-19,2026-09-29 00:30:00
-14.252700,-71.286100,GOES-19,2026-09-29 00:30:00
-14.271700,-71.304500,GOES-19,2026-09-29 00:30:00
-14.271700,-71.285700,GOES-19,2026-09-29 00:30:00
-14.423400,-62.353500,GOES-19,2026-09-29 00:30:00
-14.442600,-62.352200,GOES-19,2026-09-29 00:30:00
-16.101500,-63.891000,GOES-19,2026-09-29 00:30:00
-16.939600,-61.826300,GOES-19,2026-09-29 00:30:00
-17.295200,-59.999600,GOES-19,2026-09-29 00:30:00
-17.469100,-60.183000,GOES-19,2026-09-29 00:30:00
-17.469300,-60.162900,GOES-19,2026-09-29 00:30:00
-17.613400,-59.685400,GOES-19,2026-09-29 00:30:00
-17.633100,-59.683400,GOES-19,2026-09-29 00:30:00
-17.668100,-59.982000,GOES-19,2026-09-29 00:30:00
-18.152400,-62.037600,GOES-19,2026-09-29 00:30:00
-18.369100,-62.057900,GOES-19,2026-09-29 00:30:00
-18.388600,-62.076000,GOES-19,2026-09-29 00:30:00
-18.388900,-62.056100,GOES-19,2026-09-29 00:30:00
-18.408400,-62.074200,GOES-19,2026-09-29 00:30:00
-20.280000,-58.328500,GOES-19,2026-09-29 00:30:00
-20.280400,-58.307700,GOES-19,2026-09-29 00:30:00
-20.300600,-58.305000,GOES-19,2026-09-29 00:30:00
-20.711200,-57.936900,GOES-19,2026-09-29 00:30:00
-22.182500,-58.841300,GOES-19,2026-09-29 00:30:00
-22.182900,-58.820300,GOES-19,2026-09-29 00:30:00
-22.203100,-58.838400,GOES-19,2026-09-29 00:30:00
-22.203500,-58.817400,GOES-19,2026-09-29 00:30:00
-23.624800,-61.494100,GOES-19,2026-09-29 00:30:00
-23.625200,-61.473200,GOES-19,2026-09-29 00:30:00
-23.645700,-61.491500,GOES-19,2026-09-29 00:30:00
-23.646100,-61.470600,GOES-19,2026-09-29 00:30:00
-23.828700,-61.781700,GOES-19,2026-09-29 00:30:00
-23.829100,-61.760800,GOES-19,2026-09-29 00:30:00
-23.918200,-60.260500,GOES-19,2026-09-29 00:30:00
-23.964300,-58.961600,GOES-19,2026-09-29 00:30:00
-23.938800,-61.454700,GOES-19,2026-09-29 00:30:00
-23.943100,-61.202900,GOES-19,2026-09-29 00:30:00
-24.205100,-57.508400,GOES-19,2026-09-29 00:30:00
-24.177600,-60.983300,GOES-19,2026-09-29 00:30:00
-24.504800,-60.347600,GOES-19,2026-09-29 00:30:00
-24.505200,-60.326400,GOES-19,2026-09-29 00:30:00
-24.817600,-59.472000,GOES-19,2026-09-29 00:30:00
-24.838900,-59.468700,GOES-19,2026-09-29 00:30:00
-25.111500,-60.707500,GOES-19,2026-09-29 00:30:00
-11.110100,-69.378200,GOES-19,2026-09-29 00:30:00
-12.386300,-69.104200,GOES-19,2026-09-29 00:30:00
-6.294700,-43.642700,GOES-19,2026-09-29 00:30:00
-6.294900,-43.619400,GOES-19,2026-09-29 00:30:00
-10.725500,-44.429100,GOES-19,2026-09-29 00:30:00
-15.458500,-46.136700,GOES-19,2026-09-29 00:30:00
-18.104200,-42.642400,GOES-19,2026-09-29 00:30:00
-18.104900,-42.617400,GOES-19,2026-09-29 00:30:00
-18.568400,-48.419100,GOES-19,2026-09-29 00:30:00
1.656700,-55.883300,GOES-19,2026-09-29 00:30:00
-5.608100,-45.003800,GOES-19,2026-09-29 00:30:00
-5.737400,-45.176000,GOES-19,2026-09-29 00:30:00
-5.738400,-45.062600,GOES-19,2026-09-29 00:30:00
-6.662700,-55.111200,GOES-19,2026-09-29 00:30:00
-6.681200,-55.110300,GOES-19,2026-09-29 00:30:00
-7.615800,-46.462800,GOES-19,2026-09-29 00:30:00
-7.829700,-45.815600,GOES-19,2026-09-29 00:30:00
-7.830000,-45.793000,GOES-19,2026-09-29 00:30:00
-7.848300,-45.836300,GOES-19,2026-09-29 00:30:00
-7.848600,-45.813800,GOES-19,2026-09-29 00:30:00
-7.848800,-45.791200,GOES-19,2026-09-29 00:30:00
-8.573800,-67.012500,GOES-19,2026-09-29 00:30:00
-8.573800,-66.994000,GOES-19,2026-09-29 00:30:00
-9.125600,-67.850700,GOES-19,2026-09-29 00:30:00
-9.926500,-60.736300,GOES-19,2026-09-29 00:30:00
-9.926600,-60.717100,GOES-19,2026-09-29 00:30:00
-10.389200,-61.269500,GOES-19,2026-09-29 00:30:00
-10.389400,-61.250200,GOES-19,2026-09-29 00:30:00
-10.407900,-61.268500,GOES-19,2026-09-29 00:30:00
-10.408100,-61.249200,GOES-19,2026-09-29 00:30:00
-11.382300,-54.043400,GOES-19,2026-09-29 00:30:00
-15.092300,-53.907200,GOES-19,2026-09-29 00:30:00
-15.092600,-53.886200,GOES-19,2026-09-29 00:30:00
-15.111600,-53.904800,GOES-19,2026-09-29 00:30:00
-15.112000,-53.883800,GOES-19,2026-09-29 00:30:00
-11.785400,-65.258100,GOES-19,2026-09-29 00:20:00
-11.804100,-65.257300,GOES-19,2026-09-29 00:20:00
-11.804300,-65.238400,GOES-19,2026-09-29 00:20:00
-11.822900,-65.256500,GOES-19,2026-09-29 00:20:00
-12.235800,-65.408700,GOES-19,2026-09-29 00:20:00
-14.423400,-62.353500,GOES-19,2026-09-29 00:20:00
-14.442600,-62.352200,GOES-19,2026-09-29 00:20:00
-14.442800,-62.332700,GOES-19,2026-09-29 00:20:00
-16.101500,-63.891000,GOES-19,2026-09-29 00:20:00
-17.295200,-59.999600,GOES-19,2026-09-29 00:20:00
-17.469100,-60.183000,GOES-19,2026-09-29 00:20:00
-17.469300,-60.162900,GOES-19,2026-09-29 00:20:00
-17.613400,-59.685400,GOES-19,2026-09-29 00:20:00
-17.633100,-59.683400,GOES-19,2026-09-29 00:20:00
-17.997600,-65.421200,GOES-19,2026-09-29 00:20:00
-18.152400,-62.037600,GOES-19,2026-09-29 00:20:00
-18.152600,-62.017700,GOES-19,2026-09-29 00:20:00
-18.388600,-62.076000,GOES-19,2026-09-29 00:20:00
-18.388900,-62.056100,GOES-19,2026-09-29 00:20:00
-20.280000,-58.328500,GOES-19,2026-09-29 00:20:00
-20.280400,-58.307700,GOES-19,2026-09-29 00:20:00
-20.300600,-58.305000,GOES-19,2026-09-29 00:20:00
-20.711200,-57.936900,GOES-19,2026-09-29 00:20:00
-22.182500,-58.841300,GOES-19,2026-09-29 00:20:00
-22.182900,-58.820300,GOES-19,2026-09-29 00:20:00
-22.203100,-58.838400,GOES-19,2026-09-29 00:20:00
-22.203500,-58.817400,GOES-19,2026-09-29 00:20:00
-23.166100,-61.571200,GOES-19,2026-09-29 00:20:00
-23.624800,-61.494100,GOES-19,2026-09-29 00:20:00
-23.645700,-61.491500,GOES-19,2026-09-29 00:20:00
-23.646100,-61.470600,GOES-19,2026-09-29 00:20:00
-23.807800,-61.784200,GOES-19,2026-09-29 00:20:00
-23.918200,-60.260500,GOES-19,2026-09-29 00:20:00
-23.938800,-61.454700,GOES-19,2026-09-29 00:20:00
-24.022700,-61.444000,GOES-19,2026-09-29 00:20:00
-24.205100,-57.508400,GOES-19,2026-09-29 00:20:00
-24.504800,-60.347600,GOES-19,2026-09-29 00:20:00
-24.505200,-60.326400,GOES-19,2026-09-29 00:20:00
-24.639000,-56.978300,GOES-19,2026-09-29 00:20:00
-24.817600,-59.472000,GOES-19,2026-09-29 00:20:00
-24.838900,-59.468700,GOES-19,2026-09-29 00:20:00
-12.386300,-69.104200,GOES-19,2026-09-29 00:20:00
-12.386400,-69.085500,GOES-19,2026-09-29 00:20:00
-6.294700,-43.642700,GOES-19,2026-09-29 00:20:00
-10.706400,-44.431700,GOES-19,2026-09-29 00:20:00
-11.177500,-44.783200,GOES-19,2026-09-29 00:20:00
-15.458500,-46.136700,GOES-19,2026-09-29 00:20:00
-18.104200,-42.642400,GOES-19,2026-09-29 00:20:00
-18.104900,-42.617400,GOES-19,2026-09-29 00:20:00
-18.124400,-42.637300,GOES-19,2026-09-29 00:20:00
-18.568400,-48.419100,GOES-19,2026-09-29 00:20:00
-18.588500,-48.415000,GOES-19,2026-09-29 00:20:00
-22.672900,-51.858100,GOES-19,2026-09-29 00:20:00
1.675000,-55.902800,GOES-19,2026-09-29 00:20:00
1.656600,-55.903000,GOES-19,2026-09-29 00:20:00
1.656700,-55.883300,GOES-19,2026-09-29 00:20:00
-4.450700,-47.911200,GOES-19,2026-09-29 00:20:00
-5.608100,-45.003800,GOES-19,2026-09-29 00:20:00
-5.737400,-45.176000,GOES-19,2026-09-29 00:20:00
-5.738400,-45.062600,GOES-19,2026-09-29 00:20:00
-6.310000,-52.638900,GOES-19,2026-09-29 00:20:00
-6.310100,-52.618400,GOES-19,2026-09-29 00:20:00
-6.328700,-52.617400,GOES-19,2026-09-29 00:20:00
-6.681200,-55.110300,GOES-19,2026-09-29 00:20:00
-7.472800,-45.826000,GOES-19,2026-09-29 00:20:00
-7.473000,-45.803500,GOES-19,2026-09-29 00:20:00
-7.683800,-48.868200,GOES-19,2026-09-29 00:20:00
-7.829700,-45.815600,GOES-19,2026-09-29 00:20:00
-7.848300,-45.836300,GOES-19,2026-09-29 00:20:00
-7.848600,-45.813800,GOES-19,2026-09-29 00:20:00
-7.848800,-45.791200,GOES-19,2026-09-29 00:20:00
-8.573800,-67.012500,GOES-19,2026-09-29 00:20:00
-8.573800,-66.994000,GOES-19,2026-09-29 00:20:00
-9.125600,-67.850700,GOES-19,2026-09-29 00:20:00
-9.125700,-67.832200,GOES-19,2026-09-29 00:20:00
-9.926600,-60.717100,GOES-19,2026-09-29 00:20:00
-9.956800,-59.262900,GOES-19,2026-09-29 00:20:00
-10.370700,-61.251300,GOES-19,2026-09-29 00:20:00
-10.389200,-61.269500,GOES-19,2026-09-29 00:20:00
-10.389400,-61.250200,GOES-19,2026-09-29 00:20:00
-10.407900,-61.268500,GOES-19,2026-09-29 00:20:00
-10.408100,-61.249200,GOES-19,2026-09-29 00:20:00
-10.791300,-48.759600,GOES-19,2026-09-29 00:20:00
-10.810300,-48.757400,GOES-19,2026-09-29 00:20:00
-11.170700,-50.058100,GOES-19,2026-09-29 00:20:00
-11.189700,-50.056000,GOES-19,2026-09-29 00:20:00
-11.363300,-54.045200,GOES-19,2026-09-29 00:20:00
-11.382300,-54.043400,GOES-19,2026-09-29 00:20:00
-11.401200,-54.041700,GOES-19,2026-09-29 00:20:00
-15.092300,-53.907200,GOES-19,2026-09-29 00:20:00
-15.092600,-53.886200,GOES-19,2026-09-29 00:20:00
-15.111300,-53.925700,GOES-19,2026-09-29 00:20:00
-15.111600,-53.904800,GOES-19,2026-09-29 00:20:00
-15.112000,-53.883800,GOES-19,2026-09-29 00:20:00
-15.131000,-53.902300,GOES-19,2026-09-29 00:20:00
0.516700,-78.180200,GOES-19,2026-09-29 00:10:00
1.656700,-55.883300,GOES-19,2026-09-29 00:10:00
-4.450700,-47.911200,GOES-19,2026-09-29 00:10:00
-5.608100,-45.003800,GOES-19,2026-09-29 00:10:00
-5.737400,-45.176000,GOES-19,2026-09-29 00:10:00
-5.738400,-45.062600,GOES-19,2026-09-29 00:10:00
-6.275900,-43.644200,GOES-19,2026-09-29 00:10:00
-6.294700,-43.642700,GOES-19,2026-09-29 00:10:00
-6.294900,-43.619400,GOES-19,2026-09-29 00:10:00
-6.310000,-52.638900,GOES-19,2026-09-29 00:10:00
-6.310100,-52.618400,GOES-19,2026-09-29 00:10:00
-6.328700,-52.617400,GOES-19,2026-09-29 00:10:00
-11.110100,-69.378200,GOES-19,2026-09-29 00:10:00
-12.179200,-65.430100,GOES-19,2026-09-29 00:10:00
-12.217000,-65.409500,GOES-19,2026-09-29 00:10:00
-12.235800,-65.408700,GOES-19,2026-09-29 00:10:00
-12.386300,-69.104200,GOES-19,2026-09-29 00:10:00
-12.594100,-65.392700,GOES-19,2026-09-29 00:10:00
-12.612900,-65.410800,GOES-19,2026-09-29 00:10:00
-12.613000,-65.391900,GOES-19,2026-09-29 00:10:00
-13.375100,-64.651000,GOES-19,2026-09-29 00:10:00
-14.252700,-71.304900,GOES-19,2026-09-29 00:10:00
-14.252700,-71.286100,GOES-19,2026-09-29 00:10:00
-14.423400,-62.353500,GOES-19,2026-09-29 00:10:00
-14.442600,-62.352200,GOES-19,2026-09-29 00:10:00
-14.442800,-62.332700,GOES-19,2026-09-29 00:10:00
-18.152400,-62.037600,GOES-19,2026-09-29 00:10:00
-18.152600,-62.017700,GOES-19,2026-09-29 00:10:00
-18.388600,-62.076000,GOES-19,2026-09-29 00:10:00
-18.388900,-62.056100,GOES-19,2026-09-29 00:10:00
-18.408400,-62.074200,GOES-19,2026-09-29 00:10:00
-23.646100,-61.470600,GOES-19,2026-09-29 00:10:00
-23.807800,-61.784200,GOES-19,2026-09-29 00:10:00
-23.808100,-61.763300,GOES-19,2026-09-29 00:10:00
-23.829100,-61.760800,GOES-19,2026-09-29 00:10:00
-23.918200,-60.260500,GOES-19,2026-09-29 00:10:00
-24.008400,-56.001700,GOES-19,2026-09-29 00:10:00
-11.177500,-44.783200,GOES-19,2026-09-29 00:10:00
-9.125600,-67.850700,GOES-19,2026-09-29 00:10:00
-9.125700,-67.832200,GOES-19,2026-09-29 00:10:00
-9.959500,-50.143100,GOES-19,2026-09-29 00:10:00
-9.926600,-60.717100,GOES-19,2026-09-29 00:10:00
-9.956800,-59.262900,GOES-19,2026-09-29 00:10:00
-10.842600,-60.742900,GOES-19,2026-09-29 00:10:00
-11.170700,-50.058100,GOES-19,2026-09-29 00:10:00
-11.189400,-50.077500,GOES-19,2026-09-29 00:10:00
-11.189700,-50.056000,GOES-19,2026-09-29 00:10:00
-11.208700,-50.053900,GOES-19,2026-09-29 00:10:00
-11.363300,-54.045200,GOES-19,2026-09-29 00:10:00
-11.382000,-54.064000,GOES-19,2026-09-29 00:10:00
-11.382300,-54.043400,GOES-19,2026-09-29 00:10:00
-15.583600,-63.517800,GOES-19,2026-09-29 00:10:00
-17.295200,-59.999600,GOES-19,2026-09-29 00:10:00
-17.469100,-60.183000,GOES-19,2026-09-29 00:10:00
-17.469300,-60.162900,GOES-19,2026-09-29 00:10:00
-17.613400,-59.685400,GOES-19,2026-09-29 00:10:00
-17.633100,-59.683400,GOES-19,2026-09-29 00:10:00
-12.386400,-69.085500,GOES-19,2026-09-29 00:10:00
-20.280000,-58.328500,GOES-19,2026-09-29 00:10:00
-20.280400,-58.307700,GOES-19,2026-09-29 00:10:00
-20.280700,-58.286800,GOES-19,2026-09-29 00:10:00
-20.300200,-58.325800,GOES-19,2026-09-29 00:10:00
-20.300600,-58.305000,GOES-19,2026-09-29 00:10:00
-20.300900,-58.284200,GOES-19,2026-09-29 00:10:00
-20.711200,-57.936900,GOES-19,2026-09-29 00:10:00
-22.182500,-58.841300,GOES-19,2026-09-29 00:10:00
-22.182900,-58.820300,GOES-19,2026-09-29 00:10:00
-22.203100,-58.838400,GOES-19,2026-09-29 00:10:00
-22.203500,-58.817400,GOES-19,2026-09-29 00:10:00
-23.166100,-61.571200,GOES-19,2026-09-29 00:10:00
-23.166500,-61.550400,GOES-19,2026-09-29 00:10:00
-23.624800,-61.494100,GOES-19,2026-09-29 00:10:00
-23.645700,-61.491500,GOES-19,2026-09-29 00:10:00
-24.008900,-55.979800,GOES-19,2026-09-29 00:10:00
-24.030000,-55.975900,GOES-19,2026-09-29 00:10:00
-23.938800,-61.454700,GOES-19,2026-09-29 00:10:00
-24.022400,-61.465000,GOES-19,2026-09-29 00:10:00
-24.022700,-61.444000,GOES-19,2026-09-29 00:10:00
-24.205100,-57.508400,GOES-19,2026-09-29 00:10:00
-24.504800,-60.347600,GOES-19,2026-09-29 00:10:00
-24.505200,-60.326400,GOES-19,2026-09-29 00:10:00
-24.817600,-59.472000,GOES-19,2026-09-29 00:10:00
-24.838900,-59.468700,GOES-19,2026-09-29 00:10:00
-25.111500,-60.707500,GOES-19,2026-09-29 00:10:00
-8.573800,-67.012500,GOES-19,2026-09-29 00:10:00
-8.573800,-66.994000,GOES-19,2026-09-29 00:10:00
-11.400900,-54.062200,GOES-19,2026-09-29 00:10:00
-11.401200,-54.041700,GOES-19,2026-09-29 00:10:00
-11.973900,-50.993500,GOES-19,2026-09-29 00:10:00
-11.992900,-50.991300,GOES-19,2026-09-29 00:10:00
-12.120200,-57.176700,GOES-19,2026-09-29 00:10:00
-15.091900,-53.928200,GOES-19,2026-09-29 00:10:00
-15.092300,-53.907200,GOES-19,2026-09-29 00:10:00
-15.438900,-46.140400,GOES-19,2026-09-29 00:10:00
-15.458500,-46.136700,GOES-19,2026-09-29 00:10:00
-18.104200,-42.642400,GOES-19,2026-09-29 00:10:00
-18.104900,-42.617400,GOES-19,2026-09-29 00:10:00
-18.124400,-42.637300,GOES-19,2026-09-29 00:10:00
-18.125100,-42.612300,GOES-19,2026-09-29 00:10:00
-18.568400,-48.419100,GOES-19,2026-09-29 00:10:00
-18.588500,-48.415000,GOES-19,2026-09-29 00:10:00
-6.705500,-45.689200,GOES-19,2026-09-29 00:10:00
-6.662700,-55.111200,GOES-19,2026-09-29 00:10:00
-6.681200,-55.110300,GOES-19,2026-09-29 00:10:00
-7.615800,-46.462800,GOES-19,2026-09-29 00:10:00
-7.829700,-45.815600,GOES-19,2026-09-29 00:10:00
-7.848300,-45.836300,GOES-19,2026-09-29 00:10:00
-7.848600,-45.813800,GOES-19,2026-09-29 00:10:00
-7.848800,-45.791200,GOES-19,2026-09-29 00:10:00
-15.092600,-53.886200,GOES-19,2026-09-29 00:10:00
-15.111300,-53.925700,GOES-19,2026-09-29 00:10:00
-15.111600,-53.904800,GOES-19,2026-09-29 00:10:00
-15.112000,-53.883800,GOES-19,2026-09-29 00:10:00
5.189300,-69.732600,GOES-19,2026-09-29
5.189400,-69.714400,GOES-19,2026-09-29
-11.804100,-65.257300,GOES-19,2026-09-29
-12.179200,-65.430100,GOES-19,2026-09-29
-12.217000,-65.409500,GOES-19,2026-09-29
-12.235800,-65.408700,GOES-19,2026-09-29
-12.594100,-65.392700,GOES-19,2026-09-29
-12.613000,-65.391900,GOES-19,2026-09-29
-13.356100,-64.652000,GOES-19,2026-09-29
-13.374900,-64.670100,GOES-19,2026-09-29
-13.375100,-64.651000,GOES-19,2026-09-29
-14.252700,-71.304900,GOES-19,2026-09-29
-14.252700,-71.286100,GOES-19,2026-09-29
-14.423400,-62.353500,GOES-19,2026-09-29
-14.442600,-62.352200,GOES-19,2026-09-29
-14.442800,-62.332700,GOES-19,2026-09-29
-14.565800,-65.869400,GOES-19,2026-09-29
-16.082200,-63.892300,GOES-19,2026-09-29
-16.142700,-63.635100,GOES-19,2026-09-29
-17.295200,-59.999600,GOES-19,2026-09-29
-17.469100,-60.183000,GOES-19,2026-09-29
-17.469300,-60.162900,GOES-19,2026-09-29
-17.613400,-59.685400,GOES-19,2026-09-29
-17.633100,-59.683400,GOES-19,2026-09-29
-18.152400,-62.037600,GOES-19,2026-09-29
-18.388600,-62.076000,GOES-19,2026-09-29
-18.388900,-62.056100,GOES-19,2026-09-29
-18.408400,-62.074200,GOES-19,2026-09-29
-20.280000,-58.328500,GOES-19,2026-09-29
-20.280400,-58.307700,GOES-19,2026-09-29
-20.280700,-58.286800,GOES-19,2026-09-29
-20.300200,-58.325800,GOES-19,2026-09-29
-20.300600,-58.305000,GOES-19,2026-09-29
-20.300900,-58.284200,GOES-19,2026-09-29
-20.711200,-57.936900,GOES-19,2026-09-29
-22.182500,-58.841300,GOES-19,2026-09-29
-22.182900,-58.820300,GOES-19,2026-09-29
-22.203100,-58.838400,GOES-19,2026-09-29
-22.203500,-58.817400,GOES-19,2026-09-29
-23.166100,-61.571200,GOES-19,2026-09-29
-23.166500,-61.550400,GOES-19,2026-09-29
-23.450700,-57.525500,GOES-19,2026-09-29
-23.603900,-61.496700,GOES-19,2026-09-29
-23.624800,-61.494100,GOES-19,2026-09-29
-23.625200,-61.473200,GOES-19,2026-09-29
-23.645700,-61.491500,GOES-19,2026-09-29
-23.646100,-61.470600,GOES-19,2026-09-29
-23.918200,-60.260500,GOES-19,2026-09-29
-24.008900,-55.979800,GOES-19,2026-09-29
-24.205100,-57.508400,GOES-19,2026-09-29
-24.504800,-60.347600,GOES-19,2026-09-29
-24.505200,-60.326400,GOES-19,2026-09-29
-24.684900,-60.872800,GOES-19,2026-09-29
-24.685300,-60.851600,GOES-19,2026-09-29
-24.705700,-60.891100,GOES-19,2026-09-29
-24.706100,-60.869900,GOES-19,2026-09-29
-24.706400,-60.848700,GOES-19,2026-09-29
-24.727200,-60.867000,GOES-19,2026-09-29
-24.817600,-59.472000,GOES-19,2026-09-29
-24.838900,-59.468700,GOES-19,2026-09-29
-25.111500,-60.707500,GOES-19,2026-09-29
-25.111900,-60.686200,GOES-19,2026-09-29
-26.648000,-61.085100,GOES-19,2026-09-29
-11.110100,-69.378200,GOES-19,2026-09-29
-12.386300,-69.104200,GOES-19,2026-09-29
-6.294700,-43.642700,GOES-19,2026-09-29
-6.294900,-43.619400,GOES-19,2026-09-29
-18.104200,-42.642400,GOES-19,2026-09-29
-18.104900,-42.617400,GOES-19,2026-09-29
-18.124400,-42.637300,GOES-19,2026-09-29
-18.568400,-48.419100,GOES-19,2026-09-29
-18.588500,-48.415000,GOES-19,2026-09-29
1.840300,-55.624400,GOES-19,2026-09-29
1.840300,-55.604600,GOES-19,2026-09-29
1.822000,-55.624700,GOES-19,2026-09-29
1.656600,-55.903000,GOES-19,2026-09-29
1.656700,-55.883300,GOES-19,2026-09-29
-3.087500,-50.290100,GOES-19,2026-09-29
-3.087600,-50.269100,GOES-19,2026-09-29
-4.295400,-49.080700,GOES-19,2026-09-29
-5.608100,-45.003800,GOES-19,2026-09-29
-5.737400,-45.176000,GOES-19,2026-09-29
-5.738400,-45.062600,GOES-19,2026-09-29
-6.681200,-55.110300,GOES-19,2026-09-29
-7.615800,-46.462800,GOES-19,2026-09-29
-7.702500,-48.866700,GOES-19,2026-09-29
-7.829700,-45.815600,GOES-19,2026-09-29
-7.830000,-45.793000,GOES-19,2026-09-29
-7.848300,-45.836300,GOES-19,2026-09-29
-7.848600,-45.813800,GOES-19,2026-09-29
-7.848800,-45.791200,GOES-19,2026-09-29
-8.573800,-67.012500,GOES-19,2026-09-29
-8.573800,-66.994000,GOES-19,2026-09-29
-9.125600,-67.850700,GOES-19,2026-09-29
-9.959500,-50.143100,GOES-19,2026-09-29
-9.926600,-60.717100,GOES-19,2026-09-29
-10.370500,-61.270500,GOES-19,2026-09-29
-10.370700,-61.251300,GOES-19,2026-09-29
-10.389200,-61.269500,GOES-19,2026-09-29
-10.389400,-61.250200,GOES-19,2026-09-29
-10.407900,-61.268500,GOES-19,2026-09-29
-10.408100,-61.249200,GOES-19,2026-09-29
-10.842400,-60.762200,GOES-19,2026-09-29
-10.842600,-60.742900,GOES-19,2026-09-29
-11.170700,-50.058100,GOES-19,2026-09-29
-11.189400,-50.077500,GOES-19,2026-09-29
-11.189700,-50.056000,GOES-19,2026-09-29
-11.208400,-50.075400,GOES-19,2026-09-29
-11.208700,-50.053900,GOES-19,2026-09-29
-11.363300,-54.045200,GOES-19,2026-09-29
-11.382000,-54.064000,GOES-19,2026-09-29
-11.382300,-54.043400,GOES-19,2026-09-29
-11.400900,-54.062200,GOES-19,2026-09-29
-11.401200,-54.041700,GOES-19,2026-09-29
-15.091900,-53.928200,GOES-19,2026-09-29
-15.092300,-53.907200,GOES-19,2026-09-29
-15.092600,-53.886200,GOES-19,2026-09-29
-15.111600,-53.904800,GOES-19,2026-09-29
5.189300,-69.732600,GOES-19,2026-09-28 23:40:00
5.592800,-68.761000,GOES-19,2026-09-28 23:40:00
5.189400,-69.714400,GOES-19,2026-09-28 23:40:00
-11.480200,-66.099700,GOES-19,2026-09-28 23:40:00
-11.499000,-66.099000,GOES-19,2026-09-28 23:40:00
-11.517700,-66.098300,GOES-19,2026-09-28 23:40:00
-11.785400,-65.258100,GOES-19,2026-09-28 23:40:00
-11.804100,-65.257300,GOES-19,2026-09-28 23:40:00
-11.804300,-65.238400,GOES-19,2026-09-28 23:40:00
-12.217000,-65.409500,GOES-19,2026-09-28 23:40:00
-12.235800,-65.408700,GOES-19,2026-09-28 23:40:00
-12.594100,-65.392700,GOES-19,2026-09-28 23:40:00
-12.613000,-65.391900,GOES-19,2026-09-28 23:40:00
-13.040100,-63.827700,GOES-19,2026-09-28 23:40:00
-13.040300,-63.808600,GOES-19,2026-09-28 23:40:00
-13.059100,-63.826700,GOES-19,2026-09-28 23:40:00
-13.059200,-63.807500,GOES-19,2026-09-28 23:40:00
-13.375100,-64.651000,GOES-19,2026-09-28 23:40:00
-14.252700,-71.286100,GOES-19,2026-09-28 23:40:00
-14.423400,-62.353500,GOES-19,2026-09-28 23:40:00
-14.423600,-62.334000,GOES-19,2026-09-28 23:40:00
-14.442600,-62.352200,GOES-19,2026-09-28 23:40:00
-14.442800,-62.332700,GOES-19,2026-09-28 23:40:00
-14.565800,-65.869400,GOES-19,2026-09-28 23:40:00
-15.564300,-63.519100,GOES-19,2026-09-28 23:40:00
-16.082200,-63.892300,GOES-19,2026-09-28 23:40:00
-16.142700,-63.635100,GOES-19,2026-09-28 23:40:00
-17.294900,-60.019700,GOES-19,2026-09-28 23:40:00
-17.295200,-59.999600,GOES-19,2026-09-28 23:40:00
-17.469100,-60.183000,GOES-19,2026-09-28 23:40:00
-17.469300,-60.162900,GOES-19,2026-09-28 23:40:00
-17.613400,-59.685400,GOES-19,2026-09-28 23:40:00
-17.633100,-59.683400,GOES-19,2026-09-28 23:40:00
-18.388600,-62.076000,GOES-19,2026-09-28 23:40:00
-18.388900,-62.056100,GOES-19,2026-09-28 23:40:00
-20.280000,-58.328500,GOES-19,2026-09-28 23:40:00
-20.280400,-58.307700,GOES-19,2026-09-28 23:40:00
-20.280700,-58.286800,GOES-19,2026-09-28 23:40:00
-20.300600,-58.305000,GOES-19,2026-09-28 23:40:00
-20.300900,-58.284200,GOES-19,2026-09-28 23:40:00
-20.711200,-57.936900,GOES-19,2026-09-28 23:40:00
-20.731500,-57.934100,GOES-19,2026-09-28 23:40:00
-22.182500,-58.841300,GOES-19,2026-09-28 23:40:00
-22.182900,-58.820300,GOES-19,2026-09-28 23:40:00
-22.203100,-58.838400,GOES-19,2026-09-28 23:40:00
-22.203500,-58.817400,GOES-19,2026-09-28 23:40:00
-23.027500,-62.477000,GOES-19,2026-09-28 23:40:00
-23.166100,-61.571200,GOES-19,2026-09-28 23:40:00
-23.166500,-61.550400,GOES-19,2026-09-28 23:40:00
-23.450700,-57.525500,GOES-19,2026-09-28 23:40:00
-23.624800,-61.494100,GOES-19,2026-09-28 23:40:00
-23.645700,-61.491500,GOES-19,2026-09-28 23:40:00
-23.646100,-61.470600,GOES-19,2026-09-28 23:40:00
-23.918200,-60.260500,GOES-19,2026-09-28 23:40:00
-24.008900,-55.979800,GOES-19,2026-09-28 23:40:00
-24.205100,-57.508400,GOES-19,2026-09-28 23:40:00
-24.504800,-60.347600,GOES-19,2026-09-28 23:40:00
-24.505200,-60.326400,GOES-19,2026-09-28 23:40:00
-24.525900,-60.344700,GOES-19,2026-09-28 23:40:00
-24.684900,-60.872800,GOES-19,2026-09-28 23:40:00
-24.685300,-60.851600,GOES-19,2026-09-28 23:40:00
-24.706100,-60.869900,GOES-19,2026-09-28 23:40:00
-24.706400,-60.848700,GOES-19,2026-09-28 23:40:00
-24.727200,-60.867000,GOES-19,2026-09-28 23:40:00
-24.817600,-59.472000,GOES-19,2026-09-28 23:40:00
-24.838900,-59.468700,GOES-19,2026-09-28 23:40:00
-26.477000,-60.981100,GOES-19,2026-09-28 23:40:00
-26.498700,-60.977900,GOES-19,2026-09-28 23:40:00
-28.696000,-57.964700,GOES-19,2026-09-28 23:40:00
-11.110100,-69.378200,GOES-19,2026-09-28 23:40:00
-12.386300,-69.104200,GOES-19,2026-09-28 23:40:00
-6.275900,-43.644200,GOES-19,2026-09-28 23:40:00
-6.294700,-43.642700,GOES-19,2026-09-28 23:40:00
-14.773100,-47.151500,GOES-19,2026-09-28 23:40:00
-18.104200,-42.642400,GOES-19,2026-09-28 23:40:00
-18.124400,-42.637300,GOES-19,2026-09-28 23:40:00
-18.568400,-48.419100,GOES-19,2026-09-28 23:40:00
-18.569000,-48.396200,GOES-19,2026-09-28 23:40:00
-18.588500,-48.415000,GOES-19,2026-09-28 23:40:00
1.858700,-55.604400,GOES-19,2026-09-28 23:40:00
1.840300,-55.624400,GOES-19,2026-09-28 23:40:00
1.840300,-55.604600,GOES-19,2026-09-28 23:40:00
1.822000,-55.624700,GOES-19,2026-09-28 23:40:00
-2.868400,-49.643300,GOES-19,2026-09-28 23:40:00
-3.272800,-50.137200,GOES-19,2026-09-28 23:40:00
-3.713600,-50.688300,GOES-19,2026-09-28 23:40:00
-3.885800,-49.502500,GOES-19,2026-09-28 23:40:00
-4.450700,-47.911200,GOES-19,2026-09-28 23:40:00
-4.469100,-47.932000,GOES-19,2026-09-28 23:40:00
-4.469300,-47.910300,GOES-19,2026-09-28 23:40:00
-5.608100,-45.003800,GOES-19,2026-09-28 23:40:00
-5.737400,-45.176000,GOES-19,2026-09-28 23:40:00
-5.738400,-45.062600,GOES-19,2026-09-28 23:40:00
-6.705500,-45.689200,GOES-19,2026-09-28 23:40:00
-6.681200,-55.110300,GOES-19,2026-09-28 23:40:00
-7.615800,-46.462800,GOES-19,2026-09-28 23:40:00
-7.681600,-49.083700,GOES-19,2026-09-28 23:40:00
-7.702500,-48.866700,GOES-19,2026-09-28 23:40:00
-7.829700,-45.815600,GOES-19,2026-09-28 23:40:00
-7.848300,-45.836300,GOES-19,2026-09-28 23:40:00
-7.848600,-45.813800,GOES-19,2026-09-28 23:40:00
-7.848800,-45.791200,GOES-19,2026-09-28 23:40:00
-7.957100,-49.576000,GOES-19,2026-09-28 23:40:00
-8.573800,-67.012500,GOES-19,2026-09-28 23:40:00
-8.573800,-66.994000,GOES-19,2026-09-28 23:40:00
-9.125600,-67.850700,GOES-19,2026-09-28 23:40:00
-9.481900,-66.783600,GOES-19,2026-09-28 23:40:00
-9.686400,-58.125800,GOES-19,2026-09-28 23:40:00
-9.959500,-50.143100,GOES-19,2026-09-28 23:40:00
-9.926600,-60.717100,GOES-19,2026-09-28 23:40:00
-10.389200,-61.269500,GOES-19,2026-09-28 23:40:00
-10.389400,-61.250200,GOES-19,2026-09-28 23:40:00
-10.389500,-61.231000,GOES-19,2026-09-28 23:40:00
-10.407900,-61.268500,GOES-19,2026-09-28 23:40:00
-10.408100,-61.249200,GOES-19,2026-09-28 23:40:00
-10.823800,-60.744000,GOES-19,2026-09-28 23:40:00
-10.842400,-60.762200,GOES-19,2026-09-28 23:40:00
-10.842600,-60.742900,GOES-19,2026-09-28 23:40:00
-10.861300,-60.741800,GOES-19,2026-09-28 23:40:00
-11.170400,-50.079600,GOES-19,2026-09-28 23:40:00
-11.170700,-50.058100,GOES-19,2026-09-28 23:40:00
-11.189400,-50.077500,GOES-19,2026-09-28 23:40:00
-11.189700,-50.056000,GOES-19,2026-09-28 23:40:00
-11.208400,-50.075400,GOES-19,2026-09-28 23:40:00
-11.208700,-50.053900,GOES-19,2026-09-28 23:40:00
-11.363300,-54.045200,GOES-19,2026-09-28 23:40:00
-11.382300,-54.043400,GOES-19,2026-09-28 23:40:00
-11.863700,-47.122900,GOES-19,2026-09-28 23:40:00
-11.864100,-47.100400,GOES-19,2026-09-28 23:40:00
-11.974200,-50.972200,GOES-19,2026-09-28 23:40:00
-15.042300,-54.601100,GOES-19,2026-09-28 23:40:00
-15.061600,-54.598800,GOES-19,2026-09-28 23:40:00
-17.633100,-59.683400,GOES-19,2026-09-28 23:30:00
5.189400,-69.714400,GOES-19,2026-09-28 23:30:00
2.782400,-59.991300,GOES-19,2026-09-28 23:30:00
-24.505200,-60.326400,GOES-19,2026-09-28 23:30:00
-11.785400,-65.258100,GOES-19,2026-09-28 23:30:00
-11.785500,-65.239200,GOES-19,2026-09-28 23:30:00
-11.804100,-65.257300,GOES-19,2026-09-28 23:30:00
-11.804300,-65.238400,GOES-19,2026-09-28 23:30:00
-12.179200,-65.430100,GOES-19,2026-09-28 23:30:00
-12.217000,-65.409500,GOES-19,2026-09-28 23:30:00
-12.235800,-65.408700,GOES-19,2026-09-28 23:30:00
-13.040300,-63.808600,GOES-19,2026-09-28 23:30:00
-13.059100,-63.826700,GOES-19,2026-09-28 23:30:00
-13.059200,-63.807500,GOES-19,2026-09-28 23:30:00
-13.375100,-64.651000,GOES-19,2026-09-28 23:30:00
-14.252700,-71.304900,GOES-19,2026-09-28 23:30:00
-14.252700,-71.286100,GOES-19,2026-09-28 23:30:00
-14.423400,-62.353500,GOES-19,2026-09-28 23:30:00
-14.442600,-62.352200,GOES-19,2026-09-28 23:30:00
-14.442800,-62.332700,GOES-19,2026-09-28 23:30:00
-16.082200,-63.892300,GOES-19,2026-09-28 23:30:00
-16.142700,-63.635100,GOES-19,2026-09-28 23:30:00
-16.939600,-61.826300,GOES-19,2026-09-28 23:30:00
-17.216900,-63.184400,GOES-19,2026-09-28 23:30:00
-17.295200,-59.999600,GOES-19,2026-09-28 23:30:00
-17.469100,-60.183000,GOES-19,2026-09-28 23:30:00
-17.469300,-60.162900,GOES-19,2026-09-28 23:30:00
-17.593700,-59.687500,GOES-19,2026-09-28 23:30:00
-17.613400,-59.685400,GOES-19,2026-09-28 23:30:00
-18.152400,-62.037600,GOES-19,2026-09-28 23:30:00
-18.388600,-62.076000,GOES-19,2026-09-28 23:30:00
-18.388900,-62.056100,GOES-19,2026-09-28 23:30:00
-20.280000,-58.328500,GOES-19,2026-09-28 23:30:00
-20.280400,-58.307700,GOES-19,2026-09-28 23:30:00
-20.280700,-58.286800,GOES-19,2026-09-28 23:30:00
-20.300600,-58.305000,GOES-19,2026-09-28 23:30:00
-20.300900,-58.284200,GOES-19,2026-09-28 23:30:00
-20.711200,-57.936900,GOES-19,2026-09-28 23:30:00
-22.182500,-58.841300,GOES-19,2026-09-28 23:30:00
-22.182900,-58.820300,GOES-19,2026-09-28 23:30:00
-22.203100,-58.838400,GOES-19,2026-09-28 23:30:00
-22.203500,-58.817400,GOES-19,2026-09-28 23:30:00
-22.424200,-58.047600,GOES-19,2026-09-28 23:30:00
-23.166100,-61.571200,GOES-19,2026-09-28 23:30:00
-23.166500,-61.550400,GOES-19,2026-09-28 23:30:00
-23.624800,-61.494100,GOES-19,2026-09-28 23:30:00
-23.625200,-61.473200,GOES-19,2026-09-28 23:30:00
-23.645700,-61.491500,GOES-19,2026-09-28 23:30:00
-23.646100,-61.470600,GOES-19,2026-09-28 23:30:00
-23.918200,-60.260500,GOES-19,2026-09-28 23:30:00
-24.008900,-55.979800,GOES-19,2026-09-28 23:30:00
-24.205100,-57.508400,GOES-19,2026-09-28 23:30:00
-24.504800,-60.347600,GOES-19,2026-09-28 23:30:00
-24.525900,-60.344700,GOES-19,2026-09-28 23:30:00
-24.684900,-60.872800,GOES-19,2026-09-28 23:30:00
-24.685300,-60.851600,GOES-19,2026-09-28 23:30:00
-24.706100,-60.869900,GOES-19,2026-09-28 23:30:00
-24.706400,-60.848700,GOES-19,2026-09-28 23:30:00
-24.817600,-59.472000,GOES-19,2026-09-28 23:30:00
-24.838900,-59.468700,GOES-19,2026-09-28 23:30:00
-24.923900,-59.455800,GOES-19,2026-09-28 23:30:00
-26.477000,-60.981100,GOES-19,2026-09-28 23:30:00
-28.696000,-57.964700,GOES-19,2026-09-28 23:30:00
-11.110100,-69.378200,GOES-19,2026-09-28 23:30:00
-12.386300,-69.104200,GOES-19,2026-09-28 23:30:00
-6.275900,-43.644200,GOES-19,2026-09-28 23:30:00
-6.294700,-43.642700,GOES-19,2026-09-28 23:30:00
-6.294900,-43.619400,GOES-19,2026-09-28 23:30:00
-7.506000,-44.550300,GOES-19,2026-09-28 23:30:00
-8.029400,-43.337400,GOES-19,2026-09-28 23:30:00
-9.768000,-44.854300,GOES-19,2026-09-28 23:30:00
-11.177500,-44.783200,GOES-19,2026-09-28 23:30:00
-14.222300,-48.497500,GOES-19,2026-09-28 23:30:00
-14.773100,-47.151500,GOES-19,2026-09-28 23:30:00
-18.568400,-48.419100,GOES-19,2026-09-28 23:30:00
-18.588500,-48.415000,GOES-19,2026-09-28 23:30:00
2.800600,-60.010000,GOES-19,2026-09-28 23:30:00
2.782300,-60.010300,GOES-19,2026-09-28 23:30:00
-2.868400,-49.643300,GOES-19,2026-09-28 23:30:00
-3.885800,-49.502500,GOES-19,2026-09-28 23:30:00
-4.358800,-47.763600,GOES-19,2026-09-28 23:30:00
-4.450600,-47.932900,GOES-19,2026-09-28 23:30:00
-4.450700,-47.911200,GOES-19,2026-09-28 23:30:00
-4.819200,-45.641100,GOES-19,2026-09-28 23:30:00
-5.608100,-45.003800,GOES-19,2026-09-28 23:30:00
-5.737400,-45.176000,GOES-19,2026-09-28 23:30:00
-5.738400,-45.062600,GOES-19,2026-09-28 23:30:00
-5.738600,-45.039900,GOES-19,2026-09-28 23:30:00
-6.705500,-45.689200,GOES-19,2026-09-28 23:30:00
-6.681200,-55.110300,GOES-19,2026-09-28 23:30:00
-7.442600,-46.878000,GOES-19,2026-09-28 23:30:00
-7.615800,-46.462800,GOES-19,2026-09-28 23:30:00
-7.829700,-45.815600,GOES-19,2026-09-28 23:30:00
-7.848300,-45.836300,GOES-19,2026-09-28 23:30:00
-7.848600,-45.813800,GOES-19,2026-09-28 23:30:00
-7.848800,-45.791200,GOES-19,2026-09-28 23:30:00
-7.957100,-49.576000,GOES-19,2026-09-28 23:30:00
-8.573800,-67.012500,GOES-19,2026-09-28 23:30:00
-8.573800,-66.994000,GOES-19,2026-09-28 23:30:00
-9.125600,-67.850700,GOES-19,2026-09-28 23:30:00
-9.125700,-67.832200,GOES-19,2026-09-28 23:30:00
-9.481900,-66.783600,GOES-19,2026-09-28 23:30:00
-9.686400,-58.125800,GOES-19,2026-09-28 23:30:00
-9.686500,-58.106200,GOES-19,2026-09-28 23:30:00
-9.705100,-58.124700,GOES-19,2026-09-28 23:30:00
-9.926600,-60.717100,GOES-19,2026-09-28 23:30:00
-10.370500,-61.270500,GOES-19,2026-09-28 23:30:00
-10.370700,-61.251300,GOES-19,2026-09-28 23:30:00
-10.389200,-61.269500,GOES-19,2026-09-28 23:30:00
-10.389400,-61.250200,GOES-19,2026-09-28 23:30:00
-10.407900,-61.268500,GOES-19,2026-09-28 23:30:00
-10.408100,-61.249200,GOES-19,2026-09-28 23:30:00
-10.823800,-60.744000,GOES-19,2026-09-28 23:30:00
-10.842400,-60.762200,GOES-19,2026-09-28 23:30:00
-10.842600,-60.742900,GOES-19,2026-09-28 23:30:00
-11.028800,-50.715100,GOES-19,2026-09-28 23:30:00
-11.047800,-50.713000,GOES-19,2026-09-28 23:30:00
-11.189400,-50.077500,GOES-19,2026-09-28 23:30:00
-11.189700,-50.056000,GOES-19,2026-09-28 23:30:00
-11.363300,-54.045200,GOES-19,2026-09-28 23:30:00
-11.382000,-54.064000,GOES-19,2026-09-28 23:30:00
-11.382300,-54.043400,GOES-19,2026-09-28 23:30:00
-11.401200,-54.041700,GOES-19,2026-09-28 23:30:00
-11.955100,-50.974300,GOES-19,2026-09-28 23:30:00
-11.955400,-50.953000,GOES-19,2026-09-28 23:30:00
-11.973900,-50.993500,GOES-19,2026-09-28 23:30:00
-11.974200,-50.972200,GOES-19,2026-09-28 23:30:00
-11.974500,-50.950800,GOES-19,2026-09-28 23:30:00
-15.061600,-54.598800,GOES-19,2026-09-28 23:30:00
5.592800,-68.761000,GOES-19,2026-09-28 23:20:00
5.262900,-69.422100,GOES-19,2026-09-28 23:20:00
5.189400,-69.714400,GOES-19,2026-09-28 23:20:00
-11.785400,-65.258100,GOES-19,2026-09-28 23:20:00
-11.785500,-65.239200,GOES-19,2026-09-28 23:20:00
-11.804100,-65.257300,GOES-19,2026-09-28 23:20:00
-11.804300,-65.238400,GOES-19,2026-09-28 23:20:00
-13.040300,-63.808600,GOES-19,2026-09-28 23:20:00
-13.059200,-63.807500,GOES-19,2026-09-28 23:20:00
-13.356100,-64.652000,GOES-19,2026-09-28 23:20:00
-13.375100,-64.651000,GOES-19,2026-09-28 23:20:00
-14.252700,-71.304900,GOES-19,2026-09-28 23:20:00
-14.252700,-71.286100,GOES-19,2026-09-28 23:20:00
-14.423400,-62.353500,GOES-19,2026-09-28 23:20:00
-14.423600,-62.334000,GOES-19,2026-09-28 23:20:00
-14.442600,-62.352200,GOES-19,2026-09-28 23:20:00
-14.442800,-62.332700,GOES-19,2026-09-28 23:20:00
-14.565800,-65.869400,GOES-19,2026-09-28 23:20:00
-16.082200,-63.892300,GOES-19,2026-09-28 23:20:00
-16.142700,-63.635100,GOES-19,2026-09-28 23:20:00
-17.275600,-60.001500,GOES-19,2026-09-28 23:20:00
-17.294900,-60.019700,GOES-19,2026-09-28 23:20:00
-17.295200,-59.999600,GOES-19,2026-09-28 23:20:00
-17.469100,-60.183000,GOES-19,2026-09-28 23:20:00
-17.469300,-60.162900,GOES-19,2026-09-28 23:20:00
-17.613400,-59.685400,GOES-19,2026-09-28 23:20:00
-17.633100,-59.683400,GOES-19,2026-09-28 23:20:00
-17.668100,-59.982000,GOES-19,2026-09-28 23:20:00
-18.152400,-62.037600,GOES-19,2026-09-28 23:20:00
-18.388600,-62.076000,GOES-19,2026-09-28 23:20:00
-18.388900,-62.056100,GOES-19,2026-09-28 23:20:00
-20.280000,-58.328500,GOES-19,2026-09-28 23:20:00
-20.280400,-58.307700,GOES-19,2026-09-28 23:20:00
-20.280700,-58.286800,GOES-19,2026-09-28 23:20:00
-20.300200,-58.325800,GOES-19,2026-09-28 23:20:00
-20.300600,-58.305000,GOES-19,2026-09-28 23:20:00
-20.300900,-58.284200,GOES-19,2026-09-28 23:20:00
-20.690900,-57.939700,GOES-19,2026-09-28 23:20:00
-20.711200,-57.936900,GOES-19,2026-09-28 23:20:00
-20.731500,-57.934100,GOES-19,2026-09-28 23:20:00
-22.182500,-58.841300,GOES-19,2026-09-28 23:20:00
-22.182900,-58.820300,GOES-19,2026-09-28 23:20:00
-22.203100,-58.838400,GOES-19,2026-09-28 23:20:00
-22.203500,-58.817400,GOES-19,2026-09-28 23:20:00
-22.424200,-58.047600,GOES-19,2026-09-28 23:20:00
-22.672400,-62.742200,GOES-19,2026-09-28 23:20:00
-22.756300,-62.651000,GOES-19,2026-09-28 23:20:00
-23.145400,-61.573700,GOES-19,2026-09-28 23:20:00
-23.166100,-61.571200,GOES-19,2026-09-28 23:20:00
-23.166500,-61.550400,GOES-19,2026-09-28 23:20:00
-23.603900,-61.496700,GOES-19,2026-09-28 23:20:00
-23.624800,-61.494100,GOES-19,2026-09-28 23:20:00
-23.625200,-61.473200,GOES-19,2026-09-28 23:20:00
-23.645700,-61.491500,GOES-19,2026-09-28 23:20:00
-23.646100,-61.470600,GOES-19,2026-09-28 23:20:00
-23.918200,-60.260500,GOES-19,2026-09-28 23:20:00
-24.008900,-55.979800,GOES-19,2026-09-28 23:20:00
-23.938800,-61.454700,GOES-19,2026-09-28 23:20:00
-24.205100,-57.508400,GOES-19,2026-09-28 23:20:00
-24.504800,-60.347600,GOES-19,2026-09-28 23:20:00
-24.505200,-60.326400,GOES-19,2026-09-28 23:20:00
-24.639000,-56.978300,GOES-19,2026-09-28 23:20:00
-24.684900,-60.872800,GOES-19,2026-09-28 23:20:00
-24.685300,-60.851600,GOES-19,2026-09-28 23:20:00
-24.706100,-60.869900,GOES-19,2026-09-28 23:20:00
-24.706400,-60.848700,GOES-19,2026-09-28 23:20:00
-24.817200,-59.493400,GOES-19,2026-09-28 23:20:00
-24.817600,-59.472000,GOES-19,2026-09-28 23:20:00
-24.838500,-59.490200,GOES-19,2026-09-28 23:20:00
-24.838900,-59.468700,GOES-19,2026-09-28 23:20:00
-25.111500,-60.707500,GOES-19,2026-09-28 23:20:00
-25.111900,-60.686200,GOES-19,2026-09-28 23:20:00
-26.477000,-60.981100,GOES-19,2026-09-28 23:20:00
-28.696000,-57.964700,GOES-19,2026-09-28 23:20:00
-12.367500,-69.104700,GOES-19,2026-09-28 23:20:00
-12.386300,-69.104200,GOES-19,2026-09-28 23:20:00
-6.275900,-43.644200,GOES-19,2026-09-28 23:20:00
-6.294700,-43.642700,GOES-19,2026-09-28 23:20:00
-6.294900,-43.619400,GOES-19,2026-09-28 23:20:00
-6.313700,-43.617800,GOES-19,2026-09-28 23:20:00
-8.029400,-43.337400,GOES-19,2026-09-28 23:20:00
-10.217700,-36.370300,GOES-19,2026-09-28 23:20:00
-10.237100,-36.366800,GOES-19,2026-09-28 23:20:00
-14.222300,-48.497500,GOES-19,2026-09-28 23:20:00
-14.766000,-45.662100,GOES-19,2026-09-28 23:20:00
-14.773100,-47.151500,GOES-19,2026-09-28 23:20:00
-17.374900,-52.934100,GOES-19,2026-09-28 23:20:00
-18.568400,-48.419100,GOES-19,2026-09-28 23:20:00
-18.569000,-48.396200,GOES-19,2026-09-28 23:20:00
-18.588500,-48.415000,GOES-19,2026-09-28 23:20:00
3.274100,-60.629400,GOES-19,2026-09-28 23:20:00
3.274200,-60.610500,GOES-19,2026-09-28 23:20:00
-2.787900,-57.684300,GOES-19,2026-09-28 23:20:00
-2.868400,-49.643300,GOES-19,2026-09-28 23:20:00
-3.885800,-49.502500,GOES-19,2026-09-28 23:20:00
-5.608100,-45.003800,GOES-19,2026-09-28 23:20:00
-5.737400,-45.176000,GOES-19,2026-09-28 23:20:00
-6.159800,-52.913400,GOES-19,2026-09-28 23:20:00
-6.705500,-45.689200,GOES-19,2026-09-28 23:20:00
-6.724200,-45.687700,GOES-19,2026-09-28 23:20:00
-6.681200,-55.110300,GOES-19,2026-09-28 23:20:00
-7.423800,-46.879600,GOES-19,2026-09-28 23:20:00
-7.515800,-55.044600,GOES-19,2026-09-28 23:20:00
-7.515900,-55.024500,GOES-19,2026-09-28 23:20:00
-7.615800,-46.462800,GOES-19,2026-09-28 23:20:00
-7.662900,-49.085200,GOES-19,2026-09-28 23:20:00
-7.681600,-49.083700,GOES-19,2026-09-28 23:20:00
-7.829700,-45.815600,GOES-19,2026-09-28 23:20:00
-7.830000,-45.793000,GOES-19,2026-09-28 23:20:00
-7.848300,-45.836300,GOES-19,2026-09-28 23:20:00
-7.848600,-45.813800,GOES-19,2026-09-28 23:20:00
-7.848800,-45.791200,GOES-19,2026-09-28 23:20:00
-7.867400,-45.812000,GOES-19,2026-09-28 23:20:00
-7.957100,-49.576000,GOES-19,2026-09-28 23:20:00
-8.573800,-67.012500,GOES-19,2026-09-28 23:20:00
-8.573800,-66.994000,GOES-19,2026-09-28 23:20:00
-9.125600,-67.850700,GOES-19,2026-09-28 23:20:00
-9.481900,-66.783600,GOES-19,2026-09-28 23:20:00
-9.686400,-58.125800,GOES-19,2026-09-28 23:20:00
-9.686500,-58.106200,GOES-19,2026-09-28 23:20:00
-9.705100,-58.124700,GOES-19,2026-09-28 23:20:00
-9.705200,-58.105000,GOES-19,2026-09-28 23:20:00
-9.926600,-60.717100,GOES-19,2026-09-28 23:20:00
-10.389200,-61.269500,GOES-19,2026-09-28 23:20:00
-10.389400,-61.250200,GOES-19,2026-09-28 23:20:00
-10.389500,-61.231000,GOES-19,2026-09-28 23:20:00
-10.407900,-61.268500,GOES-19,2026-09-28 23:20:00
-10.408100,-61.249200,GOES-19,2026-09-28 23:20:00
-10.823800,-60.744000,GOES-19,2026-09-28 23:20:00
-10.842400,-60.762200,GOES-19,2026-09-28 23:20:00
-10.842600,-60.742900,GOES-19,2026-09-28 23:20:00
-11.009800,-50.717100,GOES-19,2026-09-28 23:20:00
-11.010100,-50.695800,GOES-19,2026-09-28 23:20:00
-11.028800,-50.715100,GOES-19,2026-09-28 23:20:00
-11.029100,-50.693700,GOES-19,2026-09-28 23:20:00
-11.047800,-50.713000,GOES-19,2026-09-28 23:20:00
-11.170700,-50.058100,GOES-19,2026-09-28 23:20:00
-11.189400,-50.077500,GOES-19,2026-09-28 23:20:00
-11.189700,-50.056000,GOES-19,2026-09-28 23:20:00
-11.343600,-54.108600,GOES-19,2026-09-28 23:20:00
-11.363300,-54.045200,GOES-19,2026-09-28 23:20:00
-11.382000,-54.064000,GOES-19,2026-09-28 23:20:00
-11.382300,-54.043400,GOES-19,2026-09-28 23:20:00
-11.401200,-54.041700,GOES-19,2026-09-28 23:20:00
-11.955100,-50.974300,GOES-19,2026-09-28 23:20:00
-11.955400,-50.953000,GOES-19,2026-09-28 23:20:00
-11.973900,-50.993500,GOES-19,2026-09-28 23:20:00
-11.974200,-50.972200,GOES-19,2026-09-28 23:20:00
-11.974500,-50.950800,GOES-19,2026-09-28 23:20:00
-12.607400,-47.287800,GOES-19,2026-09-28 23:20:00
-12.626700,-47.285100,GOES-19,2026-09-28 23:20:00
-24.488900,-60.074300,GOES-19,2026-09-28 23:10:00
-11.785400,-65.258100,GOES-19,2026-09-28 23:10:00
-11.785500,-65.239200,GOES-19,2026-09-28 23:10:00
-11.804100,-65.257300,GOES-19,2026-09-28 23:10:00
-11.804300,-65.238400,GOES-19,2026-09-28 23:10:00
-12.870000,-63.798700,GOES-19,2026-09-28 23:10:00
-13.040300,-63.808600,GOES-19,2026-09-28 23:10:00
-13.059200,-63.807500,GOES-19,2026-09-28 23:10:00
-13.356100,-64.652000,GOES-19,2026-09-28 23:10:00
-13.375100,-64.651000,GOES-19,2026-09-28 23:10:00
-14.423400,-62.353500,GOES-19,2026-09-28 23:10:00
-14.423600,-62.334000,GOES-19,2026-09-28 23:10:00
-14.442600,-62.352200,GOES-19,2026-09-28 23:10:00
-14.442800,-62.332700,GOES-19,2026-09-28 23:10:00
-16.082200,-63.892300,GOES-19,2026-09-28 23:10:00
-16.142700,-63.635100,GOES-19,2026-09-28 23:10:00
-16.142900,-63.615600,GOES-19,2026-09-28 23:10:00
-17.216900,-63.184400,GOES-19,2026-09-28 23:10:00
-17.275600,-60.001500,GOES-19,2026-09-28 23:10:00
-17.294900,-60.019700,GOES-19,2026-09-28 23:10:00
-17.295200,-59.999600,GOES-19,2026-09-28 23:10:00
-17.469100,-60.183000,GOES-19,2026-09-28 23:10:00
-17.469300,-60.162900,GOES-19,2026-09-28 23:10:00
-17.593700,-59.687500,GOES-19,2026-09-28 23:10:00
-17.613400,-59.685400,GOES-19,2026-09-28 23:10:00
-17.633100,-59.683400,GOES-19,2026-09-28 23:10:00
-18.152400,-62.037600,GOES-19,2026-09-28 23:10:00
-20.710800,-57.957900,GOES-19,2026-09-28 23:10:00
-20.711200,-57.936900,GOES-19,2026-09-28 23:10:00
-22.182500,-58.841300,GOES-19,2026-09-28 23:10:00
-22.182900,-58.820300,GOES-19,2026-09-28 23:10:00
-22.203100,-58.838400,GOES-19,2026-09-28 23:10:00
-22.203500,-58.817400,GOES-19,2026-09-28 23:10:00
-22.424200,-58.047600,GOES-19,2026-09-28 23:10:00
-22.424700,-58.026400,GOES-19,2026-09-28 23:10:00
-22.527200,-62.819300,GOES-19,2026-09-28 23:10:00
-22.651800,-62.744400,GOES-19,2026-09-28 23:10:00
-22.692500,-62.781100,GOES-19,2026-09-28 23:10:00
-22.713100,-62.778900,GOES-19,2026-09-28 23:10:00
-22.733800,-62.776700,GOES-19,2026-09-28 23:10:00
-22.754400,-62.774400,GOES-19,2026-09-28 23:10:00
-23.166100,-61.571200,GOES-19,2026-09-28 23:10:00
-23.166500,-61.550400,GOES-19,2026-09-28 23:10:00
-23.429800,-57.528900,GOES-19,2026-09-28 23:10:00
-23.430200,-57.507300,GOES-19,2026-09-28 23:10:00
-23.624800,-61.494100,GOES-19,2026-09-28 23:10:00
-23.625200,-61.473200,GOES-19,2026-09-28 23:10:00
-23.645700,-61.491500,GOES-19,2026-09-28 23:10:00
-23.646100,-61.470600,GOES-19,2026-09-28 23:10:00
-23.918200,-60.260500,GOES-19,2026-09-28 23:10:00
-23.938800,-61.454700,GOES-19,2026-09-28 23:10:00
-24.205100,-57.508400,GOES-19,2026-09-28 23:10:00
-24.221000,-58.730200,GOES-19,2026-09-28 23:10:00
-24.483600,-60.350600,GOES-19,2026-09-28 23:10:00
-24.504800,-60.347600,GOES-19,2026-09-28 23:10:00
-24.505200,-60.326400,GOES-19,2026-09-28 23:10:00
-24.525900,-60.344700,GOES-19,2026-09-28 23:10:00
-24.684900,-60.872800,GOES-19,2026-09-28 23:10:00
-24.685300,-60.851600,GOES-19,2026-09-28 23:10:00
-24.706100,-60.869900,GOES-19,2026-09-28 23:10:00
-24.706400,-60.848700,GOES-19,2026-09-28 23:10:00
-24.817200,-59.493400,GOES-19,2026-09-28 23:10:00
-24.817600,-59.472000,GOES-19,2026-09-28 23:10:00
-24.838500,-59.490200,GOES-19,2026-09-28 23:10:00
-24.838900,-59.468700,GOES-19,2026-09-28 23:10:00
-26.113200,-60.841100,GOES-19,2026-09-28 23:10:00
-26.477000,-60.981100,GOES-19,2026-09-28 23:10:00
-28.696000,-57.964700,GOES-19,2026-09-28 23:10:00
-11.110100,-69.378200,GOES-19,2026-09-28 23:10:00
-12.367500,-69.104700,GOES-19,2026-09-28 23:10:00
-12.386300,-69.104200,GOES-19,2026-09-28 23:10:00
-12.386400,-69.085500,GOES-19,2026-09-28 23:10:00
-6.275900,-43.644200,GOES-19,2026-09-28 23:10:00
-6.294500,-43.665900,GOES-19,2026-09-28 23:10:00
-6.294700,-43.642700,GOES-19,2026-09-28 23:10:00
-6.294900,-43.619400,GOES-19,2026-09-28 23:10:00
-7.505700,-44.573300,GOES-19,2026-09-28 23:10:00
-7.506000,-44.550300,GOES-19,2026-09-28 23:10:00
-7.524500,-44.571500,GOES-19,2026-09-28 23:10:00
-7.543100,-44.592600,GOES-19,2026-09-28 23:10:00
-8.029400,-43.337400,GOES-19,2026-09-28 23:10:00
-8.048300,-43.335400,GOES-19,2026-09-28 23:10:00
-9.768000,-44.854300,GOES-19,2026-09-28 23:10:00
-11.177500,-44.783200,GOES-19,2026-09-28 23:10:00
-11.640000,-43.521800,GOES-19,2026-09-28 23:10:00
-11.659200,-43.518800,GOES-19,2026-09-28 23:10:00
-14.221900,-48.519800,GOES-19,2026-09-28 23:10:00
-14.222300,-48.497500,GOES-19,2026-09-28 23:10:00
-14.766000,-45.662100,GOES-19,2026-09-28 23:10:00
-18.568400,-48.419100,GOES-19,2026-09-28 23:10:00
-18.588500,-48.415000,GOES-19,2026-09-28 23:10:00
-3.272800,-50.137200,GOES-19,2026-09-28 23:10:00
-3.885700,-49.523700,GOES-19,2026-09-28 23:10:00
-3.885800,-49.502500,GOES-19,2026-09-28 23:10:00
-3.904300,-49.501700,GOES-19,2026-09-28 23:10:00
-4.358700,-47.785300,GOES-19,2026-09-28 23:10:00
-4.358800,-47.763600,GOES-19,2026-09-28 23:10:00
-4.819200,-45.641100,GOES-19,2026-09-28 23:10:00
-5.608100,-45.003800,GOES-19,2026-09-28 23:10:00
-5.737400,-45.176000,GOES-19,2026-09-28 23:10:00
-5.738400,-45.062600,GOES-19,2026-09-28 23:10:00
-6.159800,-52.913400,GOES-19,2026-09-28 23:10:00
-6.681200,-55.110300,GOES-19,2026-09-28 23:10:00
-7.442600,-46.878000,GOES-19,2026-09-28 23:10:00
-7.497400,-55.025600,GOES-19,2026-09-28 23:10:00
-7.615800,-46.462800,GOES-19,2026-09-28 23:10:00
-7.662900,-49.085200,GOES-19,2026-09-28 23:10:00
-7.685200,-54.753200,GOES-19,2026-09-28 23:10:00
-7.829700,-45.815600,GOES-19,2026-09-28 23:10:00
-7.848300,-45.836300,GOES-19,2026-09-28 23:10:00
-7.848600,-45.813800,GOES-19,2026-09-28 23:10:00
-7.848800,-45.791200,GOES-19,2026-09-28 23:10:00
-7.957100,-49.576000,GOES-19,2026-09-28 23:10:00
-8.573800,-67.012500,GOES-19,2026-09-28 23:10:00
-8.573800,-66.994000,GOES-19,2026-09-28 23:10:00
-8.980800,-66.964800,GOES-19,2026-09-28 23:10:00
-9.125600,-67.850700,GOES-19,2026-09-28 23:10:00
-9.125700,-67.832200,GOES-19,2026-09-28 23:10:00
-9.481900,-66.783600,GOES-19,2026-09-28 23:10:00
-9.686400,-58.125800,GOES-19,2026-09-28 23:10:00
-9.686500,-58.106200,GOES-19,2026-09-28 23:10:00
-9.705100,-58.124700,GOES-19,2026-09-28 23:10:00
-9.705200,-58.105000,GOES-19,2026-09-28 23:10:00
-9.778600,-66.849400,GOES-19,2026-09-28 23:10:00
-9.778700,-66.830800,GOES-19,2026-09-28 23:10:00
-9.959500,-50.143100,GOES-19,2026-09-28 23:10:00
-9.926600,-60.717100,GOES-19,2026-09-28 23:10:00
-10.052300,-50.261900,GOES-19,2026-09-28 23:10:00
-10.370700,-61.251300,GOES-19,2026-09-28 23:10:00
-10.389200,-61.269500,GOES-19,2026-09-28 23:10:00
-10.389400,-61.250200,GOES-19,2026-09-28 23:10:00
-10.408100,-61.249200,GOES-19,2026-09-28 23:10:00
-10.823800,-60.744000,GOES-19,2026-09-28 23:10:00
-10.824000,-60.724600,GOES-19,2026-09-28 23:10:00
-10.842400,-60.762200,GOES-19,2026-09-28 23:10:00
-10.842600,-60.742900,GOES-19,2026-09-28 23:10:00
-10.991500,-50.676500,GOES-19,2026-09-28 23:10:00
-10.991800,-50.655100,GOES-19,2026-09-28 23:10:00
-11.028500,-50.736400,GOES-19,2026-09-28 23:10:00
-11.028800,-50.715100,GOES-19,2026-09-28 23:10:00
-11.029100,-50.693700,GOES-19,2026-09-28 23:10:00
-11.047800,-50.713000,GOES-19,2026-09-28 23:10:00
-11.343600,-54.108600,GOES-19,2026-09-28 23:10:00
-11.363300,-54.045200,GOES-19,2026-09-28 23:10:00
-11.382300,-54.043400,GOES-19,2026-09-28 23:10:00
-11.401200,-54.041700,GOES-19,2026-09-28 23:10:00
-11.785400,-65.258100,GOES-19,2026-09-28 23:00:00
-11.785500,-65.239200,GOES-19,2026-09-28 23:00:00
-11.804100,-65.257300,GOES-19,2026-09-28 23:00:00
-11.804300,-65.238400,GOES-19,2026-09-28 23:00:00
-13.059200,-63.807500,GOES-19,2026-09-28 23:00:00
-13.375100,-64.651000,GOES-19,2026-09-28 23:00:00
-14.423400,-62.353500,GOES-19,2026-09-28 23:00:00
-14.423600,-62.334000,GOES-19,2026-09-28 23:00:00
-14.442600,-62.352200,GOES-19,2026-09-28 23:00:00
-14.442800,-62.332700,GOES-19,2026-09-28 23:00:00
-15.465500,-63.778100,GOES-19,2026-09-28 23:00:00
-15.665600,-63.025500,GOES-19,2026-09-28 23:00:00
-16.082200,-63.892300,GOES-19,2026-09-28 23:00:00
-16.142700,-63.635100,GOES-19,2026-09-28 23:00:00
-16.142900,-63.615600,GOES-19,2026-09-28 23:00:00
-16.162100,-63.633800,GOES-19,2026-09-28 23:00:00
-16.939600,-61.826300,GOES-19,2026-09-28 23:00:00
-17.216900,-63.184400,GOES-19,2026-09-28 23:00:00
-17.275600,-60.001500,GOES-19,2026-09-28 23:00:00
-17.294900,-60.019700,GOES-19,2026-09-28 23:00:00
-17.295200,-59.999600,GOES-19,2026-09-28 23:00:00
-17.314800,-59.997600,GOES-19,2026-09-28 23:00:00
-17.469100,-60.183000,GOES-19,2026-09-28 23:00:00
-17.469300,-60.162900,GOES-19,2026-09-28 23:00:00
-17.593700,-59.687500,GOES-19,2026-09-28 23:00:00
-17.613400,-59.685400,GOES-19,2026-09-28 23:00:00
-17.633100,-59.683400,GOES-19,2026-09-28 23:00:00
-18.152400,-62.037600,GOES-19,2026-09-28 23:00:00
-20.280000,-58.328500,GOES-19,2026-09-28 23:00:00
-20.280400,-58.307700,GOES-19,2026-09-28 23:00:00
-20.280700,-58.286800,GOES-19,2026-09-28 23:00:00
-20.300600,-58.305000,GOES-19,2026-09-28 23:00:00
-20.300900,-58.284200,GOES-19,2026-09-28 23:00:00
-20.711200,-57.936900,GOES-19,2026-09-28 23:00:00
-20.731500,-57.934100,GOES-19,2026-09-28 23:00:00
-22.182500,-58.841300,GOES-19,2026-09-28 23:00:00
-22.182900,-58.820300,GOES-19,2026-09-28 23:00:00
-22.203100,-58.838400,GOES-19,2026-09-28 23:00:00
-22.203500,-58.817400,GOES-19,2026-09-28 23:00:00
-22.442400,-62.992000,GOES-19,2026-09-28 23:00:00
-22.525400,-62.942300,GOES-19,2026-09-28 23:00:00
-22.732000,-62.900000,GOES-19,2026-09-28 23:00:00
-23.145400,-61.573700,GOES-19,2026-09-28 23:00:00
-23.166100,-61.571200,GOES-19,2026-09-28 23:00:00
-23.166500,-61.550400,GOES-19,2026-09-28 23:00:00
-23.429800,-57.528900,GOES-19,2026-09-28 23:00:00
-23.430200,-57.507300,GOES-19,2026-09-28 23:00:00
-23.603900,-61.496700,GOES-19,2026-09-28 23:00:00
-23.624800,-61.494100,GOES-19,2026-09-28 23:00:00
-23.625200,-61.473200,GOES-19,2026-09-28 23:00:00
-23.645700,-61.491500,GOES-19,2026-09-28 23:00:00
-23.646100,-61.470600,GOES-19,2026-09-28 23:00:00
-23.921700,-57.985300,GOES-19,2026-09-28 23:00:00
-23.918200,-60.260500,GOES-19,2026-09-28 23:00:00
-23.938800,-61.454700,GOES-19,2026-09-28 23:00:00
-23.943100,-61.202900,GOES-19,2026-09-28 23:00:00
-24.205100,-57.508400,GOES-19,2026-09-28 23:00:00
-24.488900,-60.074300,GOES-19,2026-09-28 23:00:00
-24.504800,-60.347600,GOES-19,2026-09-28 23:00:00
-24.505200,-60.326400,GOES-19,2026-09-28 23:00:00
-24.525900,-60.344700,GOES-19,2026-09-28 23:00:00
-24.684900,-60.872800,GOES-19,2026-09-28 23:00:00
-24.685300,-60.851600,GOES-19,2026-09-28 23:00:00
-24.706100,-60.869900,GOES-19,2026-09-28 23:00:00
-24.706400,-60.848700,GOES-19,2026-09-28 23:00:00
-24.727200,-60.867000,GOES-19,2026-09-28 23:00:00
-24.817200,-59.493400,GOES-19,2026-09-28 23:00:00
-24.817600,-59.472000,GOES-19,2026-09-28 23:00:00
-24.838500,-59.490200,GOES-19,2026-09-28 23:00:00
-24.838900,-59.468700,GOES-19,2026-09-28 23:00:00
-25.111500,-60.707500,GOES-19,2026-09-28 23:00:00
-26.477000,-60.981100,GOES-19,2026-09-28 23:00:00
-26.648000,-61.085100,GOES-19,2026-09-28 23:00:00
-28.696000,-57.964700,GOES-19,2026-09-28 23:00:00
-18.588500,-48.415000,GOES-19,2026-09-28 23:00:00
-6.275900,-43.644200,GOES-19,2026-09-28 23:00:00
-6.294700,-43.642700,GOES-19,2026-09-28 23:00:00
-6.294900,-43.619400,GOES-19,2026-09-28 23:00:00
-8.029400,-43.337400,GOES-19,2026-09-28 23:00:00
-11.177500,-44.783200,GOES-19,2026-09-28 23:00:00
-11.640000,-43.521800,GOES-19,2026-09-28 23:00:00
-11.640400,-43.498100,GOES-19,2026-09-28 23:00:00
-11.659200,-43.518800,GOES-19,2026-09-28 23:00:00
-14.221900,-48.519800,GOES-19,2026-09-28 23:00:00
-14.222300,-48.497500,GOES-19,2026-09-28 23:00:00
-18.095000,-44.379300,GOES-19,2026-09-28 23:00:00
-18.568400,-48.419100,GOES-19,2026-09-28 23:00:00
-23.073100,-51.681100,GOES-19,2026-09-28 23:00:00
-23.073700,-51.658300,GOES-19,2026-09-28 23:00:00
-23.094700,-51.653700,GOES-19,2026-09-28 23:00:00
3.292400,-60.629100,GOES-19,2026-09-28 23:00:00
3.274100,-60.629400,GOES-19,2026-09-28 23:00:00
1.492100,-55.747200,GOES-19,2026-09-28 23:00:00
-3.272800,-50.137200,GOES-19,2026-09-28 23:00:00
-3.885700,-49.523700,GOES-19,2026-09-28 23:00:00
-3.885800,-49.502500,GOES-19,2026-09-28 23:00:00
-3.904300,-49.501700,GOES-19,2026-09-28 23:00:00
-4.358800,-47.763600,GOES-19,2026-09-28 23:00:00
-4.819200,-45.641100,GOES-19,2026-09-28 23:00:00
-5.608100,-45.003800,GOES-19,2026-09-28 23:00:00
-5.737400,-45.176000,GOES-19,2026-09-28 23:00:00
-5.738400,-45.062600,GOES-19,2026-09-28 23:00:00
-5.738600,-45.039900,GOES-19,2026-09-28 23:00:00
-6.159800,-52.913400,GOES-19,2026-09-28 23:00:00
-6.662700,-55.111200,GOES-19,2026-09-28 23:00:00
-6.681200,-55.110300,GOES-19,2026-09-28 23:00:00
-7.423800,-46.879600,GOES-19,2026-09-28 23:00:00
-7.442600,-46.878000,GOES-19,2026-09-28 23:00:00
-7.497400,-55.025600,GOES-19,2026-09-28 23:00:00
-7.515800,-55.044600,GOES-19,2026-09-28 23:00:00
-7.515900,-55.024500,GOES-19,2026-09-28 23:00:00
-7.615800,-46.462800,GOES-19,2026-09-28 23:00:00
-7.662900,-49.085200,GOES-19,2026-09-28 23:00:00
-7.685200,-54.753200,GOES-19,2026-09-28 23:00:00
-7.829700,-45.815600,GOES-19,2026-09-28 23:00:00
-7.848300,-45.836300,GOES-19,2026-09-28 23:00:00
-7.848600,-45.813800,GOES-19,2026-09-28 23:00:00
-7.848800,-45.791200,GOES-19,2026-09-28 23:00:00
-7.957100,-49.576000,GOES-19,2026-09-28 23:00:00
-8.879500,-46.183000,GOES-19,2026-09-28 23:00:00
-9.667700,-58.127000,GOES-19,2026-09-28 23:00:00
-9.686400,-58.125800,GOES-19,2026-09-28 23:00:00
-9.686500,-58.106200,GOES-19,2026-09-28 23:00:00
-9.705100,-58.124700,GOES-19,2026-09-28 23:00:00
-9.705200,-58.105000,GOES-19,2026-09-28 23:00:00
-10.014800,-50.244300,GOES-19,2026-09-28 23:00:00
-9.926600,-60.717100,GOES-19,2026-09-28 23:00:00
-10.033700,-50.242400,GOES-19,2026-09-28 23:00:00
-10.052300,-50.261900,GOES-19,2026-09-28 23:00:00
-10.052600,-50.240600,GOES-19,2026-09-28 23:00:00
-10.071200,-50.260000,GOES-19,2026-09-28 23:00:00
-10.389400,-61.250200,GOES-19,2026-09-28 23:00:00
-10.823800,-60.744000,GOES-19,2026-09-28 23:00:00
-10.842400,-60.762200,GOES-19,2026-09-28 23:00:00
-10.842600,-60.742900,GOES-19,2026-09-28 23:00:00
-10.971900,-50.721100,GOES-19,2026-09-28 23:00:00
-10.972500,-50.678500,GOES-19,2026-09-28 23:00:00
-10.991500,-50.676500,GOES-19,2026-09-28 23:00:00
-11.079300,-51.176800,GOES-19,2026-09-28 23:00:00
-11.079600,-51.155600,GOES-19,2026-09-28 23:00:00
-11.098200,-51.174800,GOES-19,2026-09-28 23:00:00
-11.098500,-51.153600,GOES-19,2026-09-28 23:00:00
-11.189400,-50.077500,GOES-19,2026-09-28 23:00:00
-11.189700,-50.056000,GOES-19,2026-09-28 23:00:00
-11.343600,-54.108600,GOES-19,2026-09-28 23:00:00
-11.344400,-54.047000,GOES-19,2026-09-28 23:00:00
-11.363300,-54.045200,GOES-19,2026-09-28 23:00:00
-11.382300,-54.043400,GOES-19,2026-09-28 23:00:00
-11.401200,-54.041700,GOES-19,2026-09-28 23:00:00
1.967800,-55.997400,GOES-19,2026-09-28 22:50:00
1.949500,-55.997700,GOES-19,2026-09-28 22:50:00
-14.423400,-62.353500,GOES-19,2026-09-28 22:50:00
-14.423600,-62.334000,GOES-19,2026-09-28 22:50:00
-14.442600,-62.352200,GOES-19,2026-09-28 22:50:00
-14.442800,-62.332700,GOES-19,2026-09-28 22:50:00
-15.446300,-63.779300,GOES-19,2026-09-28 22:50:00
-15.465500,-63.778100,GOES-19,2026-09-28 22:50:00
-15.665600,-63.025500,GOES-19,2026-09-28 22:50:00
-16.082200,-63.892300,GOES-19,2026-09-28 22:50:00
-16.142700,-63.635100,GOES-19,2026-09-28 22:50:00
-16.142900,-63.615600,GOES-19,2026-09-28 22:50:00
-16.162100,-63.633800,GOES-19,2026-09-28 22:50:00
-16.162300,-63.614300,GOES-19,2026-09-28 22:50:00
-16.939600,-61.826300,GOES-19,2026-09-28 22:50:00
-17.275600,-60.001500,GOES-19,2026-09-28 22:50:00
-17.294900,-60.019700,GOES-19,2026-09-28 22:50:00
-17.295200,-59.999600,GOES-19,2026-09-28 22:50:00
-17.314800,-59.997600,GOES-19,2026-09-28 22:50:00
-17.469100,-60.183000,GOES-19,2026-09-28 22:50:00
-17.469300,-60.162900,GOES-19,2026-09-28 22:50:00
-17.593700,-59.687500,GOES-19,2026-09-28 22:50:00
-17.613400,-59.685400,GOES-19,2026-09-28 22:50:00
-17.633100,-59.683400,GOES-19,2026-09-28 22:50:00
-17.611500,-62.897000,GOES-19,2026-09-28 22:50:00
-17.611700,-62.877200,GOES-19,2026-09-28 22:50:00
-17.668100,-59.982000,GOES-19,2026-09-28 22:50:00
-18.152400,-62.037600,GOES-19,2026-09-28 22:50:00
-20.280000,-58.328500,GOES-19,2026-09-28 22:50:00
-20.280400,-58.307700,GOES-19,2026-09-28 22:50:00
-20.280700,-58.286800,GOES-19,2026-09-28 22:50:00
-20.711200,-57.936900,GOES-19,2026-09-28 22:50:00
-20.731500,-57.934100,GOES-19,2026-09-28 22:50:00
-22.182500,-58.841300,GOES-19,2026-09-28 22:50:00
-22.182900,-58.820300,GOES-19,2026-09-28 22:50:00
-22.203100,-58.838400,GOES-19,2026-09-28 22:50:00
-22.203500,-58.817400,GOES-19,2026-09-28 22:50:00
-22.224100,-58.814500,GOES-19,2026-09-28 22:50:00
-22.424200,-58.047600,GOES-19,2026-09-28 22:50:00
-23.145400,-61.573700,GOES-19,2026-09-28 22:50:00
-23.166100,-61.571200,GOES-19,2026-09-28 22:50:00
-23.166500,-61.550400,GOES-19,2026-09-28 22:50:00
-23.429800,-57.528900,GOES-19,2026-09-28 22:50:00
-23.430200,-57.507300,GOES-19,2026-09-28 22:50:00
-23.451200,-57.503900,GOES-19,2026-09-28 22:50:00
-23.603900,-61.496700,GOES-19,2026-09-28 22:50:00
-23.624800,-61.494100,GOES-19,2026-09-28 22:50:00
-23.625200,-61.473200,GOES-19,2026-09-28 22:50:00
-23.645700,-61.491500,GOES-19,2026-09-28 22:50:00
-23.646100,-61.470600,GOES-19,2026-09-28 22:50:00
-23.918200,-60.260500,GOES-19,2026-09-28 22:50:00
-23.938800,-61.454700,GOES-19,2026-09-28 22:50:00
-23.943100,-61.202900,GOES-19,2026-09-28 22:50:00
-24.205100,-57.508400,GOES-19,2026-09-28 22:50:00
-24.488900,-60.074300,GOES-19,2026-09-28 22:50:00
-24.504800,-60.347600,GOES-19,2026-09-28 22:50:00
-24.505200,-60.326400,GOES-19,2026-09-28 22:50:00
-24.525900,-60.344700,GOES-19,2026-09-28 22:50:00
-24.684900,-60.872800,GOES-19,2026-09-28 22:50:00
-24.685300,-60.851600,GOES-19,2026-09-28 22:50:00
-24.706100,-60.869900,GOES-19,2026-09-28 22:50:00
-24.706400,-60.848700,GOES-19,2026-09-28 22:50:00
-24.817200,-59.493400,GOES-19,2026-09-28 22:50:00
-24.817600,-59.472000,GOES-19,2026-09-28 22:50:00
-24.818100,-59.450500,GOES-19,2026-09-28 22:50:00
-24.838500,-59.490200,GOES-19,2026-09-28 22:50:00
-24.838900,-59.468700,GOES-19,2026-09-28 22:50:00
-25.090200,-60.710500,GOES-19,2026-09-28 22:50:00
-25.111100,-60.728800,GOES-19,2026-09-28 22:50:00
-25.111500,-60.707500,GOES-19,2026-09-28 22:50:00
-25.111900,-60.686200,GOES-19,2026-09-28 22:50:00
-25.132800,-60.704500,GOES-19,2026-09-28 22:50:00
-26.477000,-60.981100,GOES-19,2026-09-28 22:50:00
-26.498700,-60.977900,GOES-19,2026-09-28 22:50:00
-26.648000,-61.085100,GOES-19,2026-09-28 22:50:00
-28.696000,-57.964700,GOES-19,2026-09-28 22:50:00
-6.275900,-43.644200,GOES-19,2026-09-28 22:50:00
-6.294700,-43.642700,GOES-19,2026-09-28 22:50:00
-6.294900,-43.619400,GOES-19,2026-09-28 22:50:00
-8.029400,-43.337400,GOES-19,2026-09-28 22:50:00
-11.640000,-43.521800,GOES-19,2026-09-28 22:50:00
-11.640400,-43.498100,GOES-19,2026-09-28 22:50:00
-11.659200,-43.518800,GOES-19,2026-09-28 22:50:00
-11.659600,-43.495100,GOES-19,2026-09-28 22:50:00
-13.868500,-43.997500,GOES-19,2026-09-28 22:50:00
-14.221900,-48.519800,GOES-19,2026-09-28 22:50:00
-14.222300,-48.497500,GOES-19,2026-09-28 22:50:00
-18.135900,-42.931100,GOES-19,2026-09-28 22:50:00
-18.567900,-48.442000,GOES-19,2026-09-28 22:50:00
-18.568400,-48.419100,GOES-19,2026-09-28 22:50:00
-18.588500,-48.415000,GOES-19,2026-09-28 22:50:00
-18.736900,-49.697200,GOES-19,2026-09-28 22:50:00
-18.737500,-49.674700,GOES-19,2026-09-28 22:50:00
-18.757000,-49.693300,GOES-19,2026-09-28 22:50:00
-18.757600,-49.670800,GOES-19,2026-09-28 22:50:00
-23.073100,-51.681100,GOES-19,2026-09-28 22:50:00
-23.073700,-51.658300,GOES-19,2026-09-28 22:50:00
-23.094700,-51.653700,GOES-19,2026-09-28 22:50:00
3.274100,-60.629400,GOES-19,2026-09-28 22:50:00
3.274200,-60.610500,GOES-19,2026-09-28 22:50:00
1.693200,-55.942000,GOES-19,2026-09-28 22:50:00
1.492100,-55.747200,GOES-19,2026-09-28 22:50:00
1.492100,-55.727500,GOES-19,2026-09-28 22:50:00
0.524600,-50.815800,GOES-19,2026-09-28 22:50:00
-3.272800,-50.137200,GOES-19,2026-09-28 22:50:00
-3.885700,-49.523700,GOES-19,2026-09-28 22:50:00
-3.885800,-49.502500,GOES-19,2026-09-28 22:50:00
-3.904300,-49.501700,GOES-19,2026-09-28 22:50:00
-4.230900,-44.451600,GOES-19,2026-09-28 22:50:00
-4.358800,-47.763600,GOES-19,2026-09-28 22:50:00
-4.819200,-45.641100,GOES-19,2026-09-28 22:50:00
-5.608100,-45.003800,GOES-19,2026-09-28 22:50:00
-5.737400,-45.176000,GOES-19,2026-09-28 22:50:00
-5.738400,-45.062600,GOES-19,2026-09-28 22:50:00
-5.738600,-45.039900,GOES-19,2026-09-28 22:50:00
-6.159800,-52.913400,GOES-19,2026-09-28 22:50:00
-6.681200,-55.110300,GOES-19,2026-09-28 22:50:00
-7.423800,-46.879600,GOES-19,2026-09-28 22:50:00
-7.442600,-46.878000,GOES-19,2026-09-28 22:50:00
-7.497200,-55.045700,GOES-19,2026-09-28 22:50:00
-7.497400,-55.025600,GOES-19,2026-09-28 22:50:00
-7.515800,-55.044600,GOES-19,2026-09-28 22:50:00
-7.515900,-55.024500,GOES-19,2026-09-28 22:50:00
-7.615800,-46.462800,GOES-19,2026-09-28 22:50:00
-7.553100,-55.022300,GOES-19,2026-09-28 22:50:00
-7.571600,-55.021300,GOES-19,2026-09-28 22:50:00
-7.681600,-49.083700,GOES-19,2026-09-28 22:50:00
-7.685200,-54.753200,GOES-19,2026-09-28 22:50:00
-7.829700,-45.815600,GOES-19,2026-09-28 22:50:00
-7.848300,-45.836300,GOES-19,2026-09-28 22:50:00
-7.848600,-45.813800,GOES-19,2026-09-28 22:50:00
-7.848800,-45.791200,GOES-19,2026-09-28 22:50:00
-7.957100,-49.576000,GOES-19,2026-09-28 22:50:00
-8.280700,-54.715800,GOES-19,2026-09-28 22:50:00
-8.879200,-46.205500,GOES-19,2026-09-28 22:50:00
-8.879500,-46.183000,GOES-19,2026-09-28 22:50:00
-9.686400,-58.125800,GOES-19,2026-09-28 22:50:00
-9.686500,-58.106200,GOES-19,2026-09-28 22:50:00
-9.705100,-58.124700,GOES-19,2026-09-28 22:50:00
-9.705200,-58.105000,GOES-19,2026-09-28 22:50:00
-9.959500,-50.143100,GOES-19,2026-09-28 22:50:00
-9.926600,-60.717100,GOES-19,2026-09-28 22:50:00
-10.052000,-50.283300,GOES-19,2026-09-28 22:50:00
-10.052300,-50.261900,GOES-19,2026-09-28 22:50:00
-10.052600,-50.240600,GOES-19,2026-09-28 22:50:00
-10.070900,-50.281400,GOES-19,2026-09-28 22:50:00
-10.071200,-50.260000,GOES-19,2026-09-28 22:50:00
-10.669100,-50.731600,GOES-19,2026-09-28 22:50:00
-10.669400,-50.710300,GOES-19,2026-09-28 22:50:00
-10.823800,-60.744000,GOES-19,2026-09-28 22:50:00
-10.934000,-50.725200,GOES-19,2026-09-28 22:50:00
-10.842400,-60.762200,GOES-19,2026-09-28 22:50:00
-10.842600,-60.742900,GOES-19,2026-09-28 22:50:00
-10.953000,-50.723200,GOES-19,2026-09-28 22:50:00
-10.971900,-50.721100,GOES-19,2026-09-28 22:50:00
-11.052900,-51.728200,GOES-19,2026-09-28 22:50:00
-11.189400,-50.077500,GOES-19,2026-09-28 22:50:00
-11.343600,-54.108600,GOES-19,2026-09-28 22:50:00
-11.344400,-54.047000,GOES-19,2026-09-28 22:50:00
-11.363300,-54.045200,GOES-19,2026-09-28 22:50:00
-11.382300,-54.043400,GOES-19,2026-09-28 22:50:00
-11.973500,-51.014800,GOES-19,2026-09-28 22:50:00
-11.973900,-50.993500,GOES-19,2026-09-28 22:50:00
-11.992900,-50.991300,GOES-19,2026-09-28 22:50:00
1.949500,-55.997700,GOES-19,2026-09-28 22:40:00
-15.806200,-60.775600,GOES-19,2026-09-28 22:40:00
-15.825500,-60.773900,GOES-19,2026-09-28 22:40:00
-17.275600,-60.001500,GOES-19,2026-09-28 22:40:00
-17.294900,-60.019700,GOES-19,2026-09-28 22:40:00
-17.295200,-59.999600,GOES-19,2026-09-28 22:40:00
-17.295500,-59.979500,GOES-19,2026-09-28 22:40:00
-17.314800,-59.997600,GOES-19,2026-09-28 22:40:00
-17.469100,-60.183000,GOES-19,2026-09-28 22:40:00
-17.469300,-60.162900,GOES-19,2026-09-28 22:40:00
-17.593700,-59.687500,GOES-19,2026-09-28 22:40:00
-17.613400,-59.685400,GOES-19,2026-09-28 22:40:00
-17.613700,-59.665200,GOES-19,2026-09-28 22:40:00
-17.633100,-59.683400,GOES-19,2026-09-28 22:40:00
-17.633400,-59.663200,GOES-19,2026-09-28 22:40:00
-17.668100,-59.982000,GOES-19,2026-09-28 22:40:00
-20.280000,-58.328500,GOES-19,2026-09-28 22:40:00
-20.690900,-57.939700,GOES-19,2026-09-28 22:40:00
-20.711200,-57.936900,GOES-19,2026-09-28 22:40:00
-20.731500,-57.934100,GOES-19,2026-09-28 22:40:00
-22.182500,-58.841300,GOES-19,2026-09-28 22:40:00
-22.182900,-58.820300,GOES-19,2026-09-28 22:40:00
-22.203100,-58.838400,GOES-19,2026-09-28 22:40:00
-22.203500,-58.817400,GOES-19,2026-09-28 22:40:00
-23.429800,-57.528900,GOES-19,2026-09-28 22:40:00
-23.430200,-57.507300,GOES-19,2026-09-28 22:40:00
-23.918200,-60.260500,GOES-19,2026-09-28 22:40:00
-24.205100,-57.508400,GOES-19,2026-09-28 22:40:00
-24.488900,-60.074300,GOES-19,2026-09-28 22:40:00
-24.504800,-60.347600,GOES-19,2026-09-28 22:40:00
-24.505200,-60.326400,GOES-19,2026-09-28 22:40:00
-24.525900,-60.344700,GOES-19,2026-09-28 22:40:00
-24.684900,-60.872800,GOES-19,2026-09-28 22:40:00
-24.685300,-60.851600,GOES-19,2026-09-28 22:40:00
-24.706100,-60.869900,GOES-19,2026-09-28 22:40:00
-24.706400,-60.848700,GOES-19,2026-09-28 22:40:00
-24.817200,-59.493400,GOES-19,2026-09-28 22:40:00
-24.817600,-59.472000,GOES-19,2026-09-28 22:40:00
-24.818100,-59.450500,GOES-19,2026-09-28 22:40:00
-24.838500,-59.490200,GOES-19,2026-09-28 22:40:00
-24.838900,-59.468700,GOES-19,2026-09-28 22:40:00
-24.839300,-59.447300,GOES-19,2026-09-28 22:40:00
-25.090200,-60.710500,GOES-19,2026-09-28 22:40:00
-25.090600,-60.689200,GOES-19,2026-09-28 22:40:00
-25.111500,-60.707500,GOES-19,2026-09-28 22:40:00
-25.111900,-60.686200,GOES-19,2026-09-28 22:40:00
-28.696000,-57.964700,GOES-19,2026-09-28 22:40:00
-11.640000,-43.521800,GOES-19,2026-09-28 22:40:00
-6.275900,-43.644200,GOES-19,2026-09-28 22:40:00
-6.294700,-43.642700,GOES-19,2026-09-28 22:40:00
-6.294900,-43.619400,GOES-19,2026-09-28 22:40:00
-9.682000,-45.550700,GOES-19,2026-09-28 22:40:00
-11.640400,-43.498100,GOES-19,2026-09-28 22:40:00
-11.659200,-43.518800,GOES-19,2026-09-28 22:40:00
-12.782000,-44.139700,GOES-19,2026-09-28 22:40:00
-13.868500,-43.997500,GOES-19,2026-09-28 22:40:00
-14.221900,-48.519800,GOES-19,2026-09-28 22:40:00
-14.222300,-48.497500,GOES-19,2026-09-28 22:40:00
-18.095000,-44.379300,GOES-19,2026-09-28 22:40:00
-18.135900,-42.931100,GOES-19,2026-09-28 22:40:00
-18.567900,-48.442000,GOES-19,2026-09-28 22:40:00
-18.568400,-48.419100,GOES-19,2026-09-28 22:40:00
-18.569000,-48.396200,GOES-19,2026-09-28 22:40:00
-18.588500,-48.415000,GOES-19,2026-09-28 22:40:00
-18.736900,-49.697200,GOES-19,2026-09-28 22:40:00
-18.737500,-49.674700,GOES-19,2026-09-28 22:40:00
3.292400,-60.629100,GOES-19,2026-09-28 22:40:00
3.274100,-60.629400,GOES-19,2026-09-28 22:40:00
3.274200,-60.610500,GOES-19,2026-09-28 22:40:00
1.840300,-55.624400,GOES-19,2026-09-28 22:40:00
1.492100,-55.747200,GOES-19,2026-09-28 22:40:00
1.492100,-55.727500,GOES-19,2026-09-28 22:40:00
-2.787900,-57.684300,GOES-19,2026-09-28 22:40:00
-3.272800,-50.137200,GOES-19,2026-09-28 22:40:00
-3.885700,-49.523700,GOES-19,2026-09-28 22:40:00
-3.885800,-49.502500,GOES-19,2026-09-28 22:40:00
-4.358700,-47.785300,GOES-19,2026-09-28 22:40:00
-4.358800,-47.763600,GOES-19,2026-09-28 22:40:00
-4.819200,-45.641100,GOES-19,2026-09-28 22:40:00
-5.737400,-45.176000,GOES-19,2026-09-28 22:40:00
-5.738400,-45.062600,GOES-19,2026-09-28 22:40:00
-5.738600,-45.039900,GOES-19,2026-09-28 22:40:00
-6.379700,-46.497300,GOES-19,2026-09-28 22:40:00
-6.681200,-55.110300,GOES-19,2026-09-28 22:40:00
-6.706400,-56.874500,GOES-19,2026-09-28 22:40:00
-7.423800,-46.879600,GOES-19,2026-09-28 22:40:00
-7.442600,-46.878000,GOES-19,2026-09-28 22:40:00
-7.497200,-55.045700,GOES-19,2026-09-28 22:40:00
-7.497400,-55.025600,GOES-19,2026-09-28 22:40:00
-7.515800,-55.044600,GOES-19,2026-09-28 22:40:00
-7.515900,-55.024500,GOES-19,2026-09-28 22:40:00
-7.615800,-46.462800,GOES-19,2026-09-28 22:40:00
-7.553100,-55.022300,GOES-19,2026-09-28 22:40:00
-7.571600,-55.021300,GOES-19,2026-09-28 22:40:00
-7.685100,-54.773400,GOES-19,2026-09-28 22:40:00
-7.685200,-54.753200,GOES-19,2026-09-28 22:40:00
-7.829700,-45.815600,GOES-19,2026-09-28 22:40:00
-7.848300,-45.836300,GOES-19,2026-09-28 22:40:00
-7.848600,-45.813800,GOES-19,2026-09-28 22:40:00
-7.848800,-45.791200,GOES-19,2026-09-28 22:40:00
-8.280700,-54.715800,GOES-19,2026-09-28 22:40:00
-9.667700,-58.127000,GOES-19,2026-09-28 22:40:00
-9.667900,-58.107400,GOES-19,2026-09-28 22:40:00
-9.686400,-58.125800,GOES-19,2026-09-28 22:40:00
-9.686500,-58.106200,GOES-19,2026-09-28 22:40:00
-9.705100,-58.124700,GOES-19,2026-09-28 22:40:00
-9.705200,-58.105000,GOES-19,2026-09-28 22:40:00
-9.959500,-50.143100,GOES-19,2026-09-28 22:40:00
-9.926600,-60.717100,GOES-19,2026-09-28 22:40:00
-10.934000,-50.725200,GOES-19,2026-09-28 22:40:00
-10.934300,-50.703900,GOES-19,2026-09-28 22:40:00
-10.842400,-60.762200,GOES-19,2026-09-28 22:40:00
-10.842600,-60.742900,GOES-19,2026-09-28 22:40:00
-10.953000,-50.723200,GOES-19,2026-09-28 22:40:00
-10.971900,-50.721100,GOES-19,2026-09-28 22:40:00
-11.249600,-54.076200,GOES-19,2026-09-28 22:40:00
-11.268500,-54.074500,GOES-19,2026-09-28 22:40:00
-11.268700,-54.054000,GOES-19,2026-09-28 22:40:00
-11.343600,-54.108600,GOES-19,2026-09-28 22:40:00
-11.344400,-54.047000,GOES-19,2026-09-28 22:40:00
-11.363100,-54.065700,GOES-19,2026-09-28 22:40:00
-11.363300,-54.045200,GOES-19,2026-09-28 22:40:00
-11.363600,-54.024600,GOES-19,2026-09-28 22:40:00
-11.382300,-54.043400,GOES-19,2026-09-28 22:40:00
-11.955100,-50.974300,GOES-19,2026-09-28 22:40:00
-11.955400,-50.953000,GOES-19,2026-09-28 22:40:00
-11.973500,-51.014800,GOES-19,2026-09-28 22:40:00
-11.973900,-50.993500,GOES-19,2026-09-28 22:40:00
-11.974200,-50.972200,GOES-19,2026-09-28 22:40:00
-12.911500,-52.029600,GOES-19,2026-09-28 22:40:00
-13.901200,-53.675700,GOES-19,2026-09-28 22:40:00
4.849200,-52.505600,GOES-19,2026-09-28 22:30:00
1.967800,-55.997400,GOES-19,2026-09-28 22:30:00
1.949500,-55.997700,GOES-19,2026-09-28 22:30:00
-20.280000,-58.328500,GOES-19,2026-09-28 22:30:00
-20.690900,-57.939700,GOES-19,2026-09-28 22:30:00
-20.711200,-57.936900,GOES-19,2026-09-28 22:30:00
-20.731500,-57.934100,GOES-19,2026-09-28 22:30:00
-23.429800,-57.528900,GOES-19,2026-09-28 22:30:00
-23.430200,-57.507300,GOES-19,2026-09-28 22:30:00
-24.205100,-57.508400,GOES-19,2026-09-28 22:30:00
-6.275900,-43.644200,GOES-19,2026-09-28 22:30:00
-6.294700,-43.642700,GOES-19,2026-09-28 22:30:00
-6.294900,-43.619400,GOES-19,2026-09-28 22:30:00
-7.992800,-43.247500,GOES-19,2026-09-28 22:30:00
-8.644200,-45.417200,GOES-19,2026-09-28 22:30:00
-9.072800,-43.123200,GOES-19,2026-09-28 22:30:00
-10.284300,-44.627400,GOES-19,2026-09-28 22:30:00
-11.640000,-43.521800,GOES-19,2026-09-28 22:30:00
-11.640400,-43.498100,GOES-19,2026-09-28 22:30:00
-11.659200,-43.518800,GOES-19,2026-09-28 22:30:00
-12.782000,-44.139700,GOES-19,2026-09-28 22:30:00
-13.868500,-43.997500,GOES-19,2026-09-28 22:30:00
-14.222300,-48.497500,GOES-19,2026-09-28 22:30:00
-15.653600,-41.344800,GOES-19,2026-09-28 22:30:00
-18.074800,-44.384000,GOES-19,2026-09-28 22:30:00
-18.095000,-44.379300,GOES-19,2026-09-28 22:30:00
-18.198000,-42.866100,GOES-19,2026-09-28 22:30:00
-18.568400,-48.419100,GOES-19,2026-09-28 22:30:00
-18.588500,-48.415000,GOES-19,2026-09-28 22:30:00
-18.716800,-49.701100,GOES-19,2026-09-28 22:30:00
-18.717400,-49.678600,GOES-19,2026-09-28 22:30:00
-18.736900,-49.697200,GOES-19,2026-09-28 22:30:00
-18.737500,-49.674700,GOES-19,2026-09-28 22:30:00
1.822000,-55.624700,GOES-19,2026-09-28 22:30:00
1.492100,-55.747200,GOES-19,2026-09-28 22:30:00
1.492100,-55.727500,GOES-19,2026-09-28 22:30:00
1.473800,-55.727700,GOES-19,2026-09-28 22:30:00
-3.272800,-50.137200,GOES-19,2026-09-28 22:30:00
-3.885800,-49.502500,GOES-19,2026-09-28 22:30:00
-4.358700,-47.785300,GOES-19,2026-09-28 22:30:00
-4.358800,-47.763600,GOES-19,2026-09-28 22:30:00
-4.819200,-45.641100,GOES-19,2026-09-28 22:30:00
-5.737400,-45.176000,GOES-19,2026-09-28 22:30:00
-5.738400,-45.062600,GOES-19,2026-09-28 22:30:00
-6.379500,-46.519600,GOES-19,2026-09-28 22:30:00
-6.379700,-46.497300,GOES-19,2026-09-28 22:30:00
-6.681200,-55.110300,GOES-19,2026-09-28 22:30:00
-7.423800,-46.879600,GOES-19,2026-09-28 22:30:00
-7.497200,-55.045700,GOES-19,2026-09-28 22:30:00
-7.497400,-55.025600,GOES-19,2026-09-28 22:30:00
-7.515800,-55.044600,GOES-19,2026-09-28 22:30:00
-7.515900,-55.024500,GOES-19,2026-09-28 22:30:00
-7.553100,-55.022300,GOES-19,2026-09-28 22:30:00
-7.681600,-49.083700,GOES-19,2026-09-28 22:30:00
-7.829500,-45.838100,GOES-19,2026-09-28 22:30:00
-7.829700,-45.815600,GOES-19,2026-09-28 22:30:00
-7.830000,-45.793000,GOES-19,2026-09-28 22:30:00
-7.848300,-45.836300,GOES-19,2026-09-28 22:30:00
-7.848600,-45.813800,GOES-19,2026-09-28 22:30:00
-7.848800,-45.791200,GOES-19,2026-09-28 22:30:00
-8.280700,-54.715800,GOES-19,2026-09-28 22:30:00
-8.879200,-46.205500,GOES-19,2026-09-28 22:30:00
-8.879500,-46.183000,GOES-19,2026-09-28 22:30:00
-8.898100,-46.203500,GOES-19,2026-09-28 22:30:00
-8.898400,-46.181000,GOES-19,2026-09-28 22:30:00
-9.959500,-50.143100,GOES-19,2026-09-28 22:30:00
-10.033400,-50.263800,GOES-19,2026-09-28 22:30:00
-10.052300,-50.261900,GOES-19,2026-09-28 22:30:00
-10.071200,-50.260000,GOES-19,2026-09-28 22:30:00
-10.791300,-48.759600,GOES-19,2026-09-28 22:30:00
-10.791600,-48.737700,GOES-19,2026-09-28 22:30:00
-10.810600,-48.735500,GOES-19,2026-09-28 22:30:00
-10.934000,-50.725200,GOES-19,2026-09-28 22:30:00
-10.934300,-50.703900,GOES-19,2026-09-28 22:30:00
-10.953000,-50.723200,GOES-19,2026-09-28 22:30:00
-10.971900,-50.721100,GOES-19,2026-09-28 22:30:00
-11.009800,-50.717100,GOES-19,2026-09-28 22:30:00
-11.028500,-50.736400,GOES-19,2026-09-28 22:30:00
-11.028800,-50.715100,GOES-19,2026-09-28 22:30:00
-11.147600,-49.045000,GOES-19,2026-09-28 22:30:00
-11.249600,-54.076200,GOES-19,2026-09-28 22:30:00
-11.268500,-54.074500,GOES-19,2026-09-28 22:30:00
-11.268700,-54.054000,GOES-19,2026-09-28 22:30:00
-11.343600,-54.108600,GOES-19,2026-09-28 22:30:00
-11.546700,-54.499300,GOES-19,2026-09-28 22:30:00
-11.973500,-51.014800,GOES-19,2026-09-28 22:30:00
-11.973900,-50.993500,GOES-19,2026-09-28 22:30:00
-12.911200,-52.050800,GOES-19,2026-09-28 22:30:00
-12.911500,-52.029600,GOES-19,2026-09-28 22:30:00
4.849200,-52.505600,GOES-19,2026-09-28 22:20:00
1.967800,-55.997400,GOES-19,2026-09-28 22:20:00
1.949500,-55.997700,GOES-19,2026-09-28 22:20:00
-6.275900,-43.644200,GOES-19,2026-09-28 22:20:00
-6.294700,-43.642700,GOES-19,2026-09-28 22:20:00
-6.294900,-43.619400,GOES-19,2026-09-28 22:20:00
-6.313700,-43.617800,GOES-19,2026-09-28 22:20:00
-6.883600,-35.203900,GOES-19,2026-09-28 22:20:00
-6.902700,-35.201400,GOES-19,2026-09-28 22:20:00
-7.992500,-43.271000,GOES-19,2026-09-28 22:20:00
-7.992800,-43.247500,GOES-19,2026-09-28 22:20:00
-9.072800,-43.123200,GOES-19,2026-09-28 22:20:00
-11.177500,-44.783200,GOES-19,2026-09-28 22:20:00
-11.640000,-43.521800,GOES-19,2026-09-28 22:20:00
-11.640400,-43.498100,GOES-19,2026-09-28 22:20:00
-11.659200,-43.518800,GOES-19,2026-09-28 22:20:00
-11.659600,-43.495100,GOES-19,2026-09-28 22:20:00
-12.782000,-44.139700,GOES-19,2026-09-28 22:20:00
-13.868500,-43.997500,GOES-19,2026-09-28 22:20:00
-14.222300,-48.497500,GOES-19,2026-09-28 22:20:00
-14.870300,-47.157600,GOES-19,2026-09-28 22:20:00
-14.870800,-47.134900,GOES-19,2026-09-28 22:20:00
-14.871200,-47.112100,GOES-19,2026-09-28 22:20:00
-14.889800,-47.154300,GOES-19,2026-09-28 22:20:00
-14.890300,-47.131500,GOES-19,2026-09-28 22:20:00
-14.890800,-47.108700,GOES-19,2026-09-28 22:20:00
-18.567900,-48.442000,GOES-19,2026-09-28 22:20:00
-18.568400,-48.419100,GOES-19,2026-09-28 22:20:00
-18.588500,-48.415000,GOES-19,2026-09-28 22:20:00
-18.736900,-49.697200,GOES-19,2026-09-28 22:20:00
-18.737500,-49.674700,GOES-19,2026-09-28 22:20:00
-3.272800,-50.137200,GOES-19,2026-09-28 22:20:00
-4.358700,-47.785300,GOES-19,2026-09-28 22:20:00
-4.358800,-47.763600,GOES-19,2026-09-28 22:20:00
-4.819200,-45.641100,GOES-19,2026-09-28 22:20:00
-5.243800,-46.196800,GOES-19,2026-09-28 22:20:00
-5.737400,-45.176000,GOES-19,2026-09-28 22:20:00
-6.379500,-46.519600,GOES-19,2026-09-28 22:20:00
-6.379700,-46.497300,GOES-19,2026-09-28 22:20:00
-7.423800,-46.879600,GOES-19,2026-09-28 22:20:00
-7.442600,-46.878000,GOES-19,2026-09-28 22:20:00
-7.497200,-55.045700,GOES-19,2026-09-28 22:20:00
-7.497400,-55.025600,GOES-19,2026-09-28 22:20:00
-7.515800,-55.044600,GOES-19,2026-09-28 22:20:00
-7.515900,-55.024500,GOES-19,2026-09-28 22:20:00
-7.553100,-55.022300,GOES-19,2026-09-28 22:20:00
-7.571600,-55.021300,GOES-19,2026-09-28 22:20:00
-7.662900,-49.085200,GOES-19,2026-09-28 22:20:00
-7.681600,-49.083700,GOES-19,2026-09-28 22:20:00
-7.829700,-45.815600,GOES-19,2026-09-28 22:20:00
-7.830000,-45.793000,GOES-19,2026-09-28 22:20:00
-7.848300,-45.836300,GOES-19,2026-09-28 22:20:00
-7.848600,-45.813800,GOES-19,2026-09-28 22:20:00
-7.848800,-45.791200,GOES-19,2026-09-28 22:20:00
-8.879200,-46.205500,GOES-19,2026-09-28 22:20:00
-8.879500,-46.183000,GOES-19,2026-09-28 22:20:00
-8.898100,-46.203500,GOES-19,2026-09-28 22:20:00
-8.898400,-46.181000,GOES-19,2026-09-28 22:20:00
-9.481900,-66.783600,GOES-19,2026-09-28 22:20:00
-9.959500,-50.143100,GOES-19,2026-09-28 22:20:00
-10.052300,-50.261900,GOES-19,2026-09-28 22:20:00
-10.071200,-50.260000,GOES-19,2026-09-28 22:20:00
-10.791300,-48.759600,GOES-19,2026-09-28 22:20:00
-10.791600,-48.737700,GOES-19,2026-09-28 22:20:00
-10.953000,-50.723200,GOES-19,2026-09-28 22:20:00
-10.971900,-50.721100,GOES-19,2026-09-28 22:20:00
-11.009800,-50.717100,GOES-19,2026-09-28 22:20:00
-11.147600,-49.045000,GOES-19,2026-09-28 22:20:00
-11.268500,-54.074500,GOES-19,2026-09-28 22:20:00
-11.343400,-54.129100,GOES-19,2026-09-28 22:20:00
-11.343600,-54.108600,GOES-19,2026-09-28 22:20:00
-11.546700,-54.499300,GOES-19,2026-09-28 22:20:00
-11.973900,-50.993500,GOES-19,2026-09-28 22:20:00
-12.911200,-52.050800,GOES-19,2026-09-28 22:20:00
-12.911500,-52.029600,GOES-19,2026-09-28 22:20:00
-8.651200,-75.155100,GOES-19,2026-09-28 22:10:00
-11.785500,-65.239200,GOES-19,2026-09-28 22:10:00
-15.021300,-64.000000,GOES-19,2026-09-28 22:10:00
-16.082200,-63.892300,GOES-19,2026-09-28 22:10:00
-20.735000,-64.346700,GOES-19,2026-09-28 22:10:00
-4.554000,-43.605000,GOES-19,2026-09-28 22:10:00
-6.275900,-43.644200,GOES-19,2026-09-28 22:10:00
-6.294700,-43.642700,GOES-19,2026-09-28 22:10:00
-7.992500,-43.271000,GOES-19,2026-09-28 22:10:00
-7.992800,-43.247500,GOES-19,2026-09-28 22:10:00
-8.644000,-45.439900,GOES-19,2026-09-28 22:10:00
-8.644200,-45.417200,GOES-19,2026-09-28 22:10:00
-9.072800,-43.123200,GOES-19,2026-09-28 22:10:00
-11.177500,-44.783200,GOES-19,2026-09-28 22:10:00
-11.640000,-43.521800,GOES-19,2026-09-28 22:10:00
-11.640400,-43.498100,GOES-19,2026-09-28 22:10:00
-11.659200,-43.518800,GOES-19,2026-09-28 22:10:00
-11.659600,-43.495100,GOES-19,2026-09-28 22:10:00
-13.868500,-43.997500,GOES-19,2026-09-28 22:10:00
-14.222300,-48.497500,GOES-19,2026-09-28 22:10:00
-15.653600,-41.344800,GOES-19,2026-09-28 22:10:00
-18.074800,-44.384000,GOES-19,2026-09-28 22:10:00
-18.094300,-44.403500,GOES-19,2026-09-28 22:10:00
-18.095000,-44.379300,GOES-19,2026-09-28 22:10:00
-18.567900,-48.442000,GOES-19,2026-09-28 22:10:00
-18.568400,-48.419100,GOES-19,2026-09-28 22:10:00
-18.588500,-48.415000,GOES-19,2026-09-28 22:10:00
-18.736900,-49.697200,GOES-19,2026-09-28 22:10:00
-3.272800,-50.137200,GOES-19,2026-09-28 22:10:00
-4.358700,-47.785300,GOES-19,2026-09-28 22:10:00
-4.358800,-47.763600,GOES-19,2026-09-28 22:10:00
-4.712100,-50.647700,GOES-19,2026-09-28 22:10:00
-4.819200,-45.641100,GOES-19,2026-09-28 22:10:00
-5.243800,-46.196800,GOES-19,2026-09-28 22:10:00
-5.737400,-45.176000,GOES-19,2026-09-28 22:10:00
-5.738400,-45.062600,GOES-19,2026-09-28 22:10:00
-6.379500,-46.519600,GOES-19,2026-09-28 22:10:00
-6.379700,-46.497300,GOES-19,2026-09-28 22:10:00
-7.423800,-46.879600,GOES-19,2026-09-28 22:10:00
-7.621500,-49.474400,GOES-19,2026-09-28 22:10:00
-7.683800,-48.868200,GOES-19,2026-09-28 22:10:00
-7.829500,-45.838100,GOES-19,2026-09-28 22:10:00
-7.829700,-45.815600,GOES-19,2026-09-28 22:10:00
-7.848300,-45.836300,GOES-19,2026-09-28 22:10:00
-7.848600,-45.813800,GOES-19,2026-09-28 22:10:00
-8.860600,-46.185000,GOES-19,2026-09-28 22:10:00
-8.879200,-46.205500,GOES-19,2026-09-28 22:10:00
-8.879500,-46.183000,GOES-19,2026-09-28 22:10:00
-8.898100,-46.203500,GOES-19,2026-09-28 22:10:00
-8.898400,-46.181000,GOES-19,2026-09-28 22:10:00
-9.500500,-46.340000,GOES-19,2026-09-28 22:10:00
-9.481900,-66.783600,GOES-19,2026-09-28 22:10:00
-9.959300,-50.164400,GOES-19,2026-09-28 22:10:00
-9.959500,-50.143100,GOES-19,2026-09-28 22:10:00
-10.791300,-48.759600,GOES-19,2026-09-28 22:10:00
-10.791600,-48.737700,GOES-19,2026-09-28 22:10:00
-10.915100,-50.727200,GOES-19,2026-09-28 22:10:00
-10.934000,-50.725200,GOES-19,2026-09-28 22:10:00
-10.934300,-50.703900,GOES-19,2026-09-28 22:10:00
-10.953000,-50.723200,GOES-19,2026-09-28 22:10:00
-11.009800,-50.717100,GOES-19,2026-09-28 22:10:00
-11.147600,-49.045000,GOES-19,2026-09-28 22:10:00
-11.917300,-50.957400,GOES-19,2026-09-28 22:10:00
-11.954800,-50.995700,GOES-19,2026-09-28 22:10:00
-11.955100,-50.974300,GOES-19,2026-09-28 22:10:00
-11.973500,-51.014800,GOES-19,2026-09-28 22:10:00
-11.973900,-50.993500,GOES-19,2026-09-28 22:10:00
-11.974200,-50.972200,GOES-19,2026-09-28 22:10:00
-12.892400,-52.031900,GOES-19,2026-09-28 22:10:00
-12.911200,-52.050800,GOES-19,2026-09-28 22:10:00
-12.911500,-52.029600,GOES-19,2026-09-28 22:10:00
-14.423400,-62.353500,GOES-19,2026-09-28 22:00:00
-14.423600,-62.334000,GOES-19,2026-09-28 22:00:00
-14.442600,-62.352200,GOES-19,2026-09-28 22:00:00
-14.442800,-62.332700,GOES-19,2026-09-28 22:00:00
-14.565800,-65.869400,GOES-19,2026-09-28 22:00:00
-14.566000,-65.850300,GOES-19,2026-09-28 22:00:00
-15.021300,-64.000000,GOES-19,2026-09-28 22:00:00
-15.150400,-62.535900,GOES-19,2026-09-28 22:00:00
-15.446300,-63.779300,GOES-19,2026-09-28 22:00:00
-15.465500,-63.778100,GOES-19,2026-09-28 22:00:00
-15.646200,-63.026900,GOES-19,2026-09-28 22:00:00
-15.646400,-63.007400,GOES-19,2026-09-28 22:00:00
-15.665600,-63.025500,GOES-19,2026-09-28 22:00:00
-15.665800,-63.006000,GOES-19,2026-09-28 22:00:00
-16.082200,-63.892300,GOES-19,2026-09-28 22:00:00
-16.142700,-63.635100,GOES-19,2026-09-28 22:00:00
-16.142900,-63.615600,GOES-19,2026-09-28 22:00:00
-16.162100,-63.633800,GOES-19,2026-09-28 22:00:00
-16.162300,-63.614300,GOES-19,2026-09-28 22:00:00
-16.303200,-63.096500,GOES-19,2026-09-28 22:00:00
-16.920100,-61.827900,GOES-19,2026-09-28 22:00:00
-16.939600,-61.826300,GOES-19,2026-09-28 22:00:00
-16.939800,-61.806500,GOES-19,2026-09-28 22:00:00
-17.056300,-63.608700,GOES-19,2026-09-28 22:00:00
-17.075800,-63.607300,GOES-19,2026-09-28 22:00:00
-18.152400,-62.037600,GOES-19,2026-09-28 22:00:00
-18.400300,-62.731900,GOES-19,2026-09-28 22:00:00
-18.420000,-62.730200,GOES-19,2026-09-28 22:00:00
-20.735000,-64.346700,GOES-19,2026-09-28 22:00:00
-21.552100,-62.309400,GOES-19,2026-09-28 22:00:00
-23.166100,-61.571200,GOES-19,2026-09-28 22:00:00
-23.166500,-61.550400,GOES-19,2026-09-28 22:00:00
-23.603900,-61.496700,GOES-19,2026-09-28 22:00:00
-23.624500,-61.515000,GOES-19,2026-09-28 22:00:00
-23.624800,-61.494100,GOES-19,2026-09-28 22:00:00
-23.625200,-61.473200,GOES-19,2026-09-28 22:00:00
-23.645700,-61.491500,GOES-19,2026-09-28 22:00:00
-23.646100,-61.470600,GOES-19,2026-09-28 22:00:00
-23.807800,-61.784200,GOES-19,2026-09-28 22:00:00
-23.917800,-61.457300,GOES-19,2026-09-28 22:00:00
-23.938800,-61.454700,GOES-19,2026-09-28 22:00:00
-23.943100,-61.202900,GOES-19,2026-09-28 22:00:00
-24.642900,-60.857400,GOES-19,2026-09-28 22:00:00
-24.684900,-60.872800,GOES-19,2026-09-28 22:00:00
-24.685300,-60.851600,GOES-19,2026-09-28 22:00:00
-24.706100,-60.869900,GOES-19,2026-09-28 22:00:00
-24.706400,-60.848700,GOES-19,2026-09-28 22:00:00
-26.113200,-60.841100,GOES-19,2026-09-28 22:00:00
-26.134800,-60.838000,GOES-19,2026-09-28 22:00:00
-26.477000,-60.981100,GOES-19,2026-09-28 22:00:00
-26.626300,-61.088300,GOES-19,2026-09-28 22:00:00
-26.648000,-61.085100,GOES-19,2026-09-28 22:00:00
-4.554000,-43.605000,GOES-19,2026-09-28 22:00:00
-4.554100,-43.581800,GOES-19,2026-09-28 22:00:00
-6.275900,-43.644200,GOES-19,2026-09-28 22:00:00
-6.294500,-43.665900,GOES-19,2026-09-28 22:00:00
-6.294700,-43.642700,GOES-19,2026-09-28 22:00:00
-6.294900,-43.619400,GOES-19,2026-09-28 22:00:00
-7.992500,-43.271000,GOES-19,2026-09-28 22:00:00
-7.992800,-43.247500,GOES-19,2026-09-28 22:00:00
-8.644000,-45.439900,GOES-19,2026-09-28 22:00:00
-8.644200,-45.417200,GOES-19,2026-09-28 22:00:00
-9.072800,-43.123200,GOES-19,2026-09-28 22:00:00
-11.177500,-44.783200,GOES-19,2026-09-28 22:00:00
-11.313700,-43.548100,GOES-19,2026-09-28 22:00:00
-11.609600,-44.138200,GOES-19,2026-09-28 22:00:00
-11.640000,-43.521800,GOES-19,2026-09-28 22:00:00
-11.640400,-43.498100,GOES-19,2026-09-28 22:00:00
-11.659200,-43.518800,GOES-19,2026-09-28 22:00:00
-11.659600,-43.495100,GOES-19,2026-09-28 22:00:00
-13.868500,-43.997500,GOES-19,2026-09-28 22:00:00
-14.222300,-48.497500,GOES-19,2026-09-28 22:00:00
-18.094300,-44.403500,GOES-19,2026-09-28 22:00:00
-18.095000,-44.379300,GOES-19,2026-09-28 22:00:00
-18.568400,-48.419100,GOES-19,2026-09-28 22:00:00
-18.588500,-48.415000,GOES-19,2026-09-28 22:00:00
-18.736900,-49.697200,GOES-19,2026-09-28 22:00:00
-20.028000,-48.061300,GOES-19,2026-09-28 22:00:00
-20.048400,-48.056800,GOES-19,2026-09-28 22:00:00
-3.087500,-50.290100,GOES-19,2026-09-28 22:00:00
-3.087600,-50.269100,GOES-19,2026-09-28 22:00:00
-3.272800,-50.137200,GOES-19,2026-09-28 22:00:00
-4.358700,-47.785300,GOES-19,2026-09-28 22:00:00
-4.358800,-47.763600,GOES-19,2026-09-28 22:00:00
-4.712100,-50.647700,GOES-19,2026-09-28 22:00:00
-4.819200,-45.641100,GOES-19,2026-09-28 22:00:00
-4.819400,-45.618700,GOES-19,2026-09-28 22:00:00
-5.243800,-46.196800,GOES-19,2026-09-28 22:00:00
-5.737400,-45.176000,GOES-19,2026-09-28 22:00:00
-5.738400,-45.062600,GOES-19,2026-09-28 22:00:00
-6.379500,-46.519600,GOES-19,2026-09-28 22:00:00
-6.379700,-46.497300,GOES-19,2026-09-28 22:00:00
-7.088400,-46.708200,GOES-19,2026-09-28 22:00:00
-7.423800,-46.879600,GOES-19,2026-09-28 22:00:00
-7.683800,-48.868200,GOES-19,2026-09-28 22:00:00
-7.829700,-45.815600,GOES-19,2026-09-28 22:00:00
-7.848300,-45.836300,GOES-19,2026-09-28 22:00:00
-7.848600,-45.813800,GOES-19,2026-09-28 22:00:00
-7.848800,-45.791200,GOES-19,2026-09-28 22:00:00
-8.702000,-46.805100,GOES-19,2026-09-28 22:00:00
-8.879500,-46.183000,GOES-19,2026-09-28 22:00:00
-9.481900,-66.783600,GOES-19,2026-09-28 22:00:00
-9.959300,-50.164400,GOES-19,2026-09-28 22:00:00
-9.959500,-50.143100,GOES-19,2026-09-28 22:00:00
-10.791600,-48.737700,GOES-19,2026-09-28 22:00:00
-10.915100,-50.727200,GOES-19,2026-09-28 22:00:00
-10.934000,-50.725200,GOES-19,2026-09-28 22:00:00
-10.934300,-50.703900,GOES-19,2026-09-28 22:00:00
-11.147600,-49.045000,GOES-19,2026-09-28 22:00:00
-11.917300,-50.957400,GOES-19,2026-09-28 22:00:00
-11.936400,-50.955200,GOES-19,2026-09-28 22:00:00
-11.954800,-50.995700,GOES-19,2026-09-28 22:00:00
-11.955100,-50.974300,GOES-19,2026-09-28 22:00:00
-11.973900,-50.993500,GOES-19,2026-09-28 22:00:00
-11.974200,-50.972200,GOES-19,2026-09-28 22:00:00
-11.681300,-76.800300,GOES-19,2026-09-28 21:50:00
-14.423400,-62.353500,GOES-19,2026-09-28 21:50:00
-14.423600,-62.334000,GOES-19,2026-09-28 21:50:00
-14.442600,-62.352200,GOES-19,2026-09-28 21:50:00
-14.442800,-62.332700,GOES-19,2026-09-28 21:50:00
-14.528300,-65.775800,GOES-19,2026-09-28 21:50:00
-14.565800,-65.869400,GOES-19,2026-09-28 21:50:00
-14.566000,-65.850300,GOES-19,2026-09-28 21:50:00
-15.021300,-64.000000,GOES-19,2026-09-28 21:50:00
-15.150400,-62.535900,GOES-19,2026-09-28 21:50:00
-15.446300,-63.779300,GOES-19,2026-09-28 21:50:00
-15.465500,-63.778100,GOES-19,2026-09-28 21:50:00
-15.646200,-63.026900,GOES-19,2026-09-28 21:50:00
-16.082200,-63.892300,GOES-19,2026-09-28 21:50:00
-16.142700,-63.635100,GOES-19,2026-09-28 21:50:00
-16.142900,-63.615600,GOES-19,2026-09-28 21:50:00
-16.162100,-63.633800,GOES-19,2026-09-28 21:50:00
-16.162300,-63.614300,GOES-19,2026-09-28 21:50:00
-16.540900,-62.647300,GOES-19,2026-09-28 21:50:00
-16.596200,-61.222100,GOES-19,2026-09-28 21:50:00
-17.056100,-63.628300,GOES-19,2026-09-28 21:50:00
-17.056300,-63.608700,GOES-19,2026-09-28 21:50:00
-17.098400,-60.079200,GOES-19,2026-09-28 21:50:00
-17.449700,-60.164900,GOES-19,2026-09-28 21:50:00
-17.469100,-60.183000,GOES-19,2026-09-28 21:50:00
-17.469300,-60.162900,GOES-19,2026-09-28 21:50:00
-17.668100,-59.982000,GOES-19,2026-09-28 21:50:00
-18.152400,-62.037600,GOES-19,2026-09-28 21:50:00
-18.400300,-62.731900,GOES-19,2026-09-28 21:50:00
-18.420000,-62.730200,GOES-19,2026-09-28 21:50:00
-20.328300,-59.026300,GOES-19,2026-09-28 21:50:00
-20.328600,-59.005600,GOES-19,2026-09-28 21:50:00
-20.735000,-64.346700,GOES-19,2026-09-28 21:50:00
-21.552100,-62.309400,GOES-19,2026-09-28 21:50:00
-22.182500,-58.841300,GOES-19,2026-09-28 21:50:00
-22.182900,-58.820300,GOES-19,2026-09-28 21:50:00
-22.203100,-58.838400,GOES-19,2026-09-28 21:50:00
-22.203500,-58.817400,GOES-19,2026-09-28 21:50:00
-23.166100,-61.571200,GOES-19,2026-09-28 21:50:00
-23.166500,-61.550400,GOES-19,2026-09-28 21:50:00
-23.807800,-61.784200,GOES-19,2026-09-28 21:50:00
-23.828700,-61.781700,GOES-19,2026-09-28 21:50:00
-23.923600,-58.903900,GOES-19,2026-09-28 21:50:00
-23.924000,-58.882500,GOES-19,2026-09-28 21:50:00
-23.918200,-60.260500,GOES-19,2026-09-28 21:50:00
-23.944600,-58.900700,GOES-19,2026-09-28 21:50:00
-23.945100,-58.879300,GOES-19,2026-09-28 21:50:00
-23.917800,-61.457300,GOES-19,2026-09-28 21:50:00
-23.938800,-61.454700,GOES-19,2026-09-28 21:50:00
-23.943100,-61.202900,GOES-19,2026-09-28 21:50:00
-24.483600,-60.350600,GOES-19,2026-09-28 21:50:00
-24.484000,-60.329400,GOES-19,2026-09-28 21:50:00
-24.488900,-60.074300,GOES-19,2026-09-28 21:50:00
-24.504800,-60.347600,GOES-19,2026-09-28 21:50:00
-24.505200,-60.326400,GOES-19,2026-09-28 21:50:00
-24.525900,-60.344700,GOES-19,2026-09-28 21:50:00
-24.526300,-60.323400,GOES-19,2026-09-28 21:50:00
-24.642900,-60.857400,GOES-19,2026-09-28 21:50:00
-24.684900,-60.872800,GOES-19,2026-09-28 21:50:00
-24.685300,-60.851600,GOES-19,2026-09-28 21:50:00
-24.706100,-60.869900,GOES-19,2026-09-28 21:50:00
-24.706400,-60.848700,GOES-19,2026-09-28 21:50:00
-24.817200,-59.493400,GOES-19,2026-09-28 21:50:00
-24.817600,-59.472000,GOES-19,2026-09-28 21:50:00
-24.818100,-59.450500,GOES-19,2026-09-28 21:50:00
-24.838900,-59.468700,GOES-19,2026-09-28 21:50:00
-24.923900,-59.455800,GOES-19,2026-09-28 21:50:00
-25.090200,-60.710500,GOES-19,2026-09-28 21:50:00
-25.111500,-60.707500,GOES-19,2026-09-28 21:50:00
-25.111900,-60.686200,GOES-19,2026-09-28 21:50:00
-26.113200,-60.841100,GOES-19,2026-09-28 21:50:00
-26.134800,-60.838000,GOES-19,2026-09-28 21:50:00
-26.477000,-60.981100,GOES-19,2026-09-28 21:50:00
-26.626300,-61.088300,GOES-19,2026-09-28 21:50:00
-26.648000,-61.085100,GOES-19,2026-09-28 21:50:00
-6.275900,-43.644200,GOES-19,2026-09-28 21:50:00
-6.294700,-43.642700,GOES-19,2026-09-28 21:50:00
-7.992500,-43.271000,GOES-19,2026-09-28 21:50:00
-7.992800,-43.247500,GOES-19,2026-09-28 21:50:00
-8.625400,-45.419200,GOES-19,2026-09-28 21:50:00
-8.644000,-45.439900,GOES-19,2026-09-28 21:50:00
-8.644200,-45.417200,GOES-19,2026-09-28 21:50:00
-9.072500,-43.146800,GOES-19,2026-09-28 21:50:00
-9.072800,-43.123200,GOES-19,2026-09-28 21:50:00
-11.177100,-44.806400,GOES-19,2026-09-28 21:50:00
-11.177500,-44.783200,GOES-19,2026-09-28 21:50:00
-11.313700,-43.548100,GOES-19,2026-09-28 21:50:00
-11.609600,-44.138200,GOES-19,2026-09-28 21:50:00
-11.640000,-43.521800,GOES-19,2026-09-28 21:50:00
-11.640400,-43.498100,GOES-19,2026-09-28 21:50:00
-11.659200,-43.518800,GOES-19,2026-09-28 21:50:00
-11.659600,-43.495100,GOES-19,2026-09-28 21:50:00
-13.868500,-43.997500,GOES-19,2026-09-28 21:50:00
-14.222300,-48.497500,GOES-19,2026-09-28 21:50:00
-17.613400,-43.719100,GOES-19,2026-09-28 21:50:00
-17.614100,-43.694600,GOES-19,2026-09-28 21:50:00
-18.568400,-48.419100,GOES-19,2026-09-28 21:50:00
-3.087500,-50.290100,GOES-19,2026-09-28 21:50:00
-3.272800,-50.137200,GOES-19,2026-09-28 21:50:00
-3.951300,-47.630100,GOES-19,2026-09-28 21:50:00
-4.358700,-47.785300,GOES-19,2026-09-28 21:50:00
-4.358800,-47.763600,GOES-19,2026-09-28 21:50:00
-4.670900,-45.537400,GOES-19,2026-09-28 21:50:00
-4.819200,-45.641100,GOES-19,2026-09-28 21:50:00
-4.819400,-45.618700,GOES-19,2026-09-28 21:50:00
-4.837900,-45.640000,GOES-19,2026-09-28 21:50:00
-5.726900,-46.410300,GOES-19,2026-09-28 21:50:00
-5.727100,-46.388100,GOES-19,2026-09-28 21:50:00
-5.737400,-45.176000,GOES-19,2026-09-28 21:50:00
-5.738400,-45.062600,GOES-19,2026-09-28 21:50:00
-5.745800,-46.386800,GOES-19,2026-09-28 21:50:00
-6.379500,-46.519600,GOES-19,2026-09-28 21:50:00
-6.379700,-46.497300,GOES-19,2026-09-28 21:50:00
-7.069700,-46.709700,GOES-19,2026-09-28 21:50:00
-7.088400,-46.708200,GOES-19,2026-09-28 21:50:00
-7.423800,-46.879600,GOES-19,2026-09-28 21:50:00
-7.533800,-47.113500,GOES-19,2026-09-28 21:50:00
-7.683800,-48.868200,GOES-19,2026-09-28 21:50:00
-7.829700,-45.815600,GOES-19,2026-09-28 21:50:00
-7.848300,-45.836300,GOES-19,2026-09-28 21:50:00
-7.848600,-45.813800,GOES-19,2026-09-28 21:50:00
-8.879200,-46.205500,GOES-19,2026-09-28 21:50:00
-8.879500,-46.183000,GOES-19,2026-09-28 21:50:00
-8.898100,-46.203500,GOES-19,2026-09-28 21:50:00
-8.898400,-46.181000,GOES-19,2026-09-28 21:50:00
-9.481900,-66.783600,GOES-19,2026-09-28 21:50:00
-9.926600,-60.717100,GOES-19,2026-09-28 21:50:00
-10.791600,-48.737700,GOES-19,2026-09-28 21:50:00
-10.823800,-60.744000,GOES-19,2026-09-28 21:50:00
-10.842600,-60.742900,GOES-19,2026-09-28 21:50:00
-11.147600,-49.045000,GOES-19,2026-09-28 21:50:00
-11.681300,-76.800300,GOES-19,2026-09-28 21:40:00
-11.785500,-65.239200,GOES-19,2026-09-28 21:40:00
-13.329800,-65.700500,GOES-19,2026-09-28 21:40:00
-14.423400,-62.353500,GOES-19,2026-09-28 21:40:00
-14.423600,-62.334000,GOES-19,2026-09-28 21:40:00
-14.442600,-62.352200,GOES-19,2026-09-28 21:40:00
-14.442800,-62.332700,GOES-19,2026-09-28 21:40:00
-14.528200,-65.794900,GOES-19,2026-09-28 21:40:00
-14.528300,-65.775800,GOES-19,2026-09-28 21:40:00
-14.565800,-65.869400,GOES-19,2026-09-28 21:40:00
-14.566000,-65.850300,GOES-19,2026-09-28 21:40:00
-15.021300,-64.000000,GOES-19,2026-09-28 21:40:00
-15.452200,-61.318200,GOES-19,2026-09-28 21:40:00
-15.446300,-63.779300,GOES-19,2026-09-28 21:40:00
-15.465500,-63.778100,GOES-19,2026-09-28 21:40:00
-15.792800,-61.939800,GOES-19,2026-09-28 21:40:00
-16.082200,-63.892300,GOES-19,2026-09-28 21:40:00
-16.142700,-63.635100,GOES-19,2026-09-28 21:40:00
-16.142900,-63.615600,GOES-19,2026-09-28 21:40:00
-16.162100,-63.633800,GOES-19,2026-09-28 21:40:00
-16.162300,-63.614300,GOES-19,2026-09-28 21:40:00
-16.540900,-62.647300,GOES-19,2026-09-28 21:40:00
-16.596200,-61.222100,GOES-19,2026-09-28 21:40:00
-16.920100,-61.827900,GOES-19,2026-09-28 21:40:00
-16.939600,-61.826300,GOES-19,2026-09-28 21:40:00
-17.092000,-60.560100,GOES-19,2026-09-28 21:40:00
-17.098400,-60.079200,GOES-19,2026-09-28 21:40:00
-17.449700,-60.164900,GOES-19,2026-09-28 21:40:00
-17.469100,-60.183000,GOES-19,2026-09-28 21:40:00
-17.469300,-60.162900,GOES-19,2026-09-28 21:40:00
-17.668100,-59.982000,GOES-19,2026-09-28 21:40:00
-18.152400,-62.037600,GOES-19,2026-09-28 21:40:00
-18.152600,-62.017700,GOES-19,2026-09-28 21:40:00
-18.400300,-62.731900,GOES-19,2026-09-28 21:40:00
-18.420000,-62.730200,GOES-19,2026-09-28 21:40:00
-20.280000,-58.328500,GOES-19,2026-09-28 21:40:00
-20.300200,-58.325800,GOES-19,2026-09-28 21:40:00
-20.690900,-57.939700,GOES-19,2026-09-28 21:40:00
-20.711200,-57.936900,GOES-19,2026-09-28 21:40:00
-20.711500,-57.916000,GOES-19,2026-09-28 21:40:00
-20.731500,-57.934100,GOES-19,2026-09-28 21:40:00
-20.734800,-64.366800,GOES-19,2026-09-28 21:40:00
-20.735000,-64.346700,GOES-19,2026-09-28 21:40:00
-21.552100,-62.309400,GOES-19,2026-09-28 21:40:00
-22.182500,-58.841300,GOES-19,2026-09-28 21:40:00
-22.182900,-58.820300,GOES-19,2026-09-28 21:40:00
-22.203100,-58.838400,GOES-19,2026-09-28 21:40:00
-22.203500,-58.817400,GOES-19,2026-09-28 21:40:00
-22.424200,-58.047600,GOES-19,2026-09-28 21:40:00
-22.424700,-58.026400,GOES-19,2026-09-28 21:40:00
-23.166100,-61.571200,GOES-19,2026-09-28 21:40:00
-23.166500,-61.550400,GOES-19,2026-09-28 21:40:00
-23.429800,-57.528900,GOES-19,2026-09-28 21:40:00
-23.430200,-57.507300,GOES-19,2026-09-28 21:40:00
-23.451200,-57.503900,GOES-19,2026-09-28 21:40:00
-23.603900,-61.496700,GOES-19,2026-09-28 21:40:00
-23.624500,-61.515000,GOES-19,2026-09-28 21:40:00
-23.624800,-61.494100,GOES-19,2026-09-28 21:40:00
-23.625200,-61.473200,GOES-19,2026-09-28 21:40:00
-23.645700,-61.491500,GOES-19,2026-09-28 21:40:00
-23.646100,-61.470600,GOES-19,2026-09-28 21:40:00
-23.807800,-61.784200,GOES-19,2026-09-28 21:40:00
-23.808100,-61.763300,GOES-19,2026-09-28 21:40:00
-23.828700,-61.781700,GOES-19,2026-09-28 21:40:00
-23.923600,-58.903900,GOES-19,2026-09-28 21:40:00
-23.924000,-58.882500,GOES-19,2026-09-28 21:40:00
-23.918200,-60.260500,GOES-19,2026-09-28 21:40:00
-23.944600,-58.900700,GOES-19,2026-09-28 21:40:00
-23.945100,-58.879300,GOES-19,2026-09-28 21:40:00
-23.917800,-61.457300,GOES-19,2026-09-28 21:40:00
-23.938800,-61.454700,GOES-19,2026-09-28 21:40:00
-23.943100,-61.202900,GOES-19,2026-09-28 21:40:00
-24.205100,-57.508400,GOES-19,2026-09-28 21:40:00
-24.483600,-60.350600,GOES-19,2026-09-28 21:40:00
-24.484000,-60.329400,GOES-19,2026-09-28 21:40:00
-24.488900,-60.074300,GOES-19,2026-09-28 21:40:00
-24.504800,-60.347600,GOES-19,2026-09-28 21:40:00
-24.505200,-60.326400,GOES-19,2026-09-28 21:40:00
-24.510000,-60.071300,GOES-19,2026-09-28 21:40:00
-24.525900,-60.344700,GOES-19,2026-09-28 21:40:00
-24.526300,-60.323400,GOES-19,2026-09-28 21:40:00
-24.587800,-60.420700,GOES-19,2026-09-28 21:40:00
-24.642900,-60.857400,GOES-19,2026-09-28 21:40:00
-24.684900,-60.872800,GOES-19,2026-09-28 21:40:00
-24.685300,-60.851600,GOES-19,2026-09-28 21:40:00
-24.706100,-60.869900,GOES-19,2026-09-28 21:40:00
-24.706400,-60.848700,GOES-19,2026-09-28 21:40:00
-24.814600,-59.622000,GOES-19,2026-09-28 21:40:00
-24.817600,-59.472000,GOES-19,2026-09-28 21:40:00
-24.838500,-59.490200,GOES-19,2026-09-28 21:40:00
-24.838900,-59.468700,GOES-19,2026-09-28 21:40:00
-24.924300,-57.472000,GOES-19,2026-09-28 21:40:00
-24.924800,-57.450100,GOES-19,2026-09-28 21:40:00
-24.923900,-59.455800,GOES-19,2026-09-28 21:40:00
-25.090200,-60.710500,GOES-19,2026-09-28 21:40:00
-25.111500,-60.707500,GOES-19,2026-09-28 21:40:00
-25.111900,-60.686200,GOES-19,2026-09-28 21:40:00
-25.117200,-60.408900,GOES-19,2026-09-28 21:40:00
-25.117600,-60.387600,GOES-19,2026-09-28 21:40:00
-26.113200,-60.841100,GOES-19,2026-09-28 21:40:00
-26.134800,-60.838000,GOES-19,2026-09-28 21:40:00
-26.477000,-60.981100,GOES-19,2026-09-28 21:40:00
-26.626300,-61.088300,GOES-19,2026-09-28 21:40:00
-26.648000,-61.085100,GOES-19,2026-09-28 21:40:00
-26.648400,-61.063500,GOES-19,2026-09-28 21:40:00
-12.291700,-69.237400,GOES-19,2026-09-28 21:40:00
-12.310500,-69.236900,GOES-19,2026-09-28 21:40:00
-5.523500,-43.957100,GOES-19,2026-09-28 21:40:00
-6.275900,-43.644200,GOES-19,2026-09-28 21:40:00
-6.294700,-43.642700,GOES-19,2026-09-28 21:40:00
-7.505700,-44.573300,GOES-19,2026-09-28 21:40:00
-7.506000,-44.550300,GOES-19,2026-09-28 21:40:00
-7.524300,-44.594400,GOES-19,2026-09-28 21:40:00
-7.524500,-44.571500,GOES-19,2026-09-28 21:40:00
-7.524800,-44.548500,GOES-19,2026-09-28 21:40:00
-7.543400,-44.569700,GOES-19,2026-09-28 21:40:00
-7.992500,-43.271000,GOES-19,2026-09-28 21:40:00
-7.992800,-43.247500,GOES-19,2026-09-28 21:40:00
-8.625100,-45.441900,GOES-19,2026-09-28 21:40:00
-8.625400,-45.419200,GOES-19,2026-09-28 21:40:00
-8.644000,-45.439900,GOES-19,2026-09-28 21:40:00
-8.644200,-45.417200,GOES-19,2026-09-28 21:40:00
-9.072500,-43.146800,GOES-19,2026-09-28 21:40:00
-9.072800,-43.123200,GOES-19,2026-09-28 21:40:00
-11.177500,-44.783200,GOES-19,2026-09-28 21:40:00
-11.313700,-43.548100,GOES-19,2026-09-28 21:40:00
-11.609600,-44.138200,GOES-19,2026-09-28 21:40:00
-11.640000,-43.521800,GOES-19,2026-09-28 21:40:00
-11.640400,-43.498100,GOES-19,2026-09-28 21:40:00
-11.659200,-43.518800,GOES-19,2026-09-28 21:40:00
-11.659600,-43.495100,GOES-19,2026-09-28 21:40:00
-12.936400,-43.188500,GOES-19,2026-09-28 21:40:00
-12.955800,-43.185100,GOES-19,2026-09-28 21:40:00
-13.868500,-43.997500,GOES-19,2026-09-28 21:40:00
-3.951200,-47.651800,GOES-19,2026-09-28 21:40:00
-3.951300,-47.630100,GOES-19,2026-09-28 21:40:00
-4.670900,-45.537400,GOES-19,2026-09-28 21:40:00
-4.689500,-45.536300,GOES-19,2026-09-28 21:40:00
-4.819200,-45.641100,GOES-19,2026-09-28 21:40:00
-4.819400,-45.618700,GOES-19,2026-09-28 21:40:00
-4.837900,-45.640000,GOES-19,2026-09-28 21:40:00
-5.737400,-45.176000,GOES-19,2026-09-28 21:40:00
-5.738400,-45.062600,GOES-19,2026-09-28 21:40:00
-5.756100,-45.174700,GOES-19,2026-09-28 21:40:00
-6.379700,-46.497300,GOES-19,2026-09-28 21:40:00
-7.069700,-46.709700,GOES-19,2026-09-28 21:40:00
-7.088400,-46.708200,GOES-19,2026-09-28 21:40:00
-7.473000,-45.803500,GOES-19,2026-09-28 21:40:00
-7.533800,-47.113500,GOES-19,2026-09-28 21:40:00
-7.829700,-45.815600,GOES-19,2026-09-28 21:40:00
-7.848300,-45.836300,GOES-19,2026-09-28 21:40:00
-7.848600,-45.813800,GOES-19,2026-09-28 21:40:00
-8.879200,-46.205500,GOES-19,2026-09-28 21:40:00
-8.879500,-46.183000,GOES-19,2026-09-28 21:40:00
-8.898100,-46.203500,GOES-19,2026-09-28 21:40:00
-8.898400,-46.181000,GOES-19,2026-09-28 21:40:00
-9.500500,-46.340000,GOES-19,2026-09-28 21:40:00
-9.519500,-46.337900,GOES-19,2026-09-28 21:40:00
-9.686400,-58.125800,GOES-19,2026-09-28 21:40:00
-9.926600,-60.717100,GOES-19,2026-09-28 21:40:00
-10.818900,-57.199300,GOES-19,2026-09-28 21:40:00
-10.819100,-57.179500,GOES-19,2026-09-28 21:40:00
-10.823800,-60.744000,GOES-19,2026-09-28 21:40:00
-10.842600,-60.742900,GOES-19,2026-09-28 21:40:00
-12.120200,-57.176700,GOES-19,2026-09-28 21:40:00
-12.120400,-57.156700,GOES-19,2026-09-28 21:40:00
-12.139100,-57.175100,GOES-19,2026-09-28 21:40:00
-11.785400,-65.258100,GOES-19,2026-09-28 21:30:00
-11.785500,-65.239200,GOES-19,2026-09-28 21:30:00
-12.594100,-65.392700,GOES-19,2026-09-28 21:30:00
-13.259800,-67.952600,GOES-19,2026-09-28 21:30:00
-14.252700,-71.286100,GOES-19,2026-09-28 21:30:00
-14.423400,-62.353500,GOES-19,2026-09-28 21:30:00
-14.423600,-62.334000,GOES-19,2026-09-28 21:30:00
-14.442600,-62.352200,GOES-19,2026-09-28 21:30:00
-14.442800,-62.332700,GOES-19,2026-09-28 21:30:00
-14.528300,-65.775800,GOES-19,2026-09-28 21:30:00
-14.565800,-65.869400,GOES-19,2026-09-28 21:30:00
-14.566000,-65.850300,GOES-19,2026-09-28 21:30:00
-14.566100,-65.831200,GOES-19,2026-09-28 21:30:00
-14.585100,-65.849400,GOES-19,2026-09-28 21:30:00
-14.585200,-65.830300,GOES-19,2026-09-28 21:30:00
-15.021300,-64.000000,GOES-19,2026-09-28 21:30:00
-15.452200,-61.318200,GOES-19,2026-09-28 21:30:00
-15.446300,-63.779300,GOES-19,2026-09-28 21:30:00
-15.471500,-61.316600,GOES-19,2026-09-28 21:30:00
-15.465500,-63.778100,GOES-19,2026-09-28 21:30:00
-15.702100,-61.416100,GOES-19,2026-09-28 21:30:00
-15.792800,-61.939800,GOES-19,2026-09-28 21:30:00
-16.082200,-63.892300,GOES-19,2026-09-28 21:30:00
-16.142700,-63.635100,GOES-19,2026-09-28 21:30:00
-16.142900,-63.615600,GOES-19,2026-09-28 21:30:00
-16.162100,-63.633800,GOES-19,2026-09-28 21:30:00
-16.162300,-63.614300,GOES-19,2026-09-28 21:30:00
-16.540900,-62.647300,GOES-19,2026-09-28 21:30:00
-16.596200,-61.222100,GOES-19,2026-09-28 21:30:00
-16.920100,-61.827900,GOES-19,2026-09-28 21:30:00
-16.920300,-61.808100,GOES-19,2026-09-28 21:30:00
-16.939600,-61.826300,GOES-19,2026-09-28 21:30:00
-17.091800,-60.580100,GOES-19,2026-09-28 21:30:00
-17.092000,-60.560100,GOES-19,2026-09-28 21:30:00
-17.098400,-60.079200,GOES-19,2026-09-28 21:30:00
-17.139800,-63.092100,GOES-19,2026-09-28 21:30:00
-17.449700,-60.164900,GOES-19,2026-09-28 21:30:00
-17.469100,-60.183000,GOES-19,2026-09-28 21:30:00
-17.469300,-60.162900,GOES-19,2026-09-28 21:30:00
-17.495600,-62.748400,GOES-19,2026-09-28 21:30:00
-17.593700,-59.687500,GOES-19,2026-09-28 21:30:00
-17.613400,-59.685400,GOES-19,2026-09-28 21:30:00
-17.613700,-59.665200,GOES-19,2026-09-28 21:30:00
-17.633100,-59.683400,GOES-19,2026-09-28 21:30:00
-17.633400,-59.663200,GOES-19,2026-09-28 21:30:00
-17.668100,-59.982000,GOES-19,2026-09-28 21:30:00
-18.152400,-62.037600,GOES-19,2026-09-28 21:30:00
-18.152600,-62.017700,GOES-19,2026-09-28 21:30:00
-18.400300,-62.731900,GOES-19,2026-09-28 21:30:00
-18.420000,-62.730200,GOES-19,2026-09-28 21:30:00
-20.259400,-58.351900,GOES-19,2026-09-28 21:30:00
-20.280000,-58.328500,GOES-19,2026-09-28 21:30:00
-20.300200,-58.325800,GOES-19,2026-09-28 21:30:00
-20.690900,-57.939700,GOES-19,2026-09-28 21:30:00
-20.710800,-57.957900,GOES-19,2026-09-28 21:30:00
-20.711200,-57.936900,GOES-19,2026-09-28 21:30:00
-20.711500,-57.916000,GOES-19,2026-09-28 21:30:00
-20.731500,-57.934100,GOES-19,2026-09-28 21:30:00
-20.735000,-64.346700,GOES-19,2026-09-28 21:30:00
-21.552100,-62.309400,GOES-19,2026-09-28 21:30:00
-22.182500,-58.841300,GOES-19,2026-09-28 21:30:00
-22.182900,-58.820300,GOES-19,2026-09-28 21:30:00
-22.203100,-58.838400,GOES-19,2026-09-28 21:30:00
-22.203500,-58.817400,GOES-19,2026-09-28 21:30:00
-22.203900,-58.796300,GOES-19,2026-09-28 21:30:00
-22.447400,-55.972900,GOES-19,2026-09-28 21:30:00
-23.166100,-61.571200,GOES-19,2026-09-28 21:30:00
-23.166500,-61.550400,GOES-19,2026-09-28 21:30:00
-23.429800,-57.528900,GOES-19,2026-09-28 21:30:00
-23.430200,-57.507300,GOES-19,2026-09-28 21:30:00
-23.451200,-57.503900,GOES-19,2026-09-28 21:30:00
-23.456100,-61.619000,GOES-19,2026-09-28 21:30:00
-23.807800,-61.784200,GOES-19,2026-09-28 21:30:00
-23.808100,-61.763300,GOES-19,2026-09-28 21:30:00
-23.828700,-61.781700,GOES-19,2026-09-28 21:30:00
-23.923600,-58.903900,GOES-19,2026-09-28 21:30:00
-23.924000,-58.882500,GOES-19,2026-09-28 21:30:00
-23.918200,-60.260500,GOES-19,2026-09-28 21:30:00
-23.944600,-58.900700,GOES-19,2026-09-28 21:30:00
-23.945100,-58.879300,GOES-19,2026-09-28 21:30:00
-23.917800,-61.457300,GOES-19,2026-09-28 21:30:00
-23.938800,-61.454700,GOES-19,2026-09-28 21:30:00
-23.942800,-61.223900,GOES-19,2026-09-28 21:30:00
-23.943100,-61.202900,GOES-19,2026-09-28 21:30:00
-24.070800,-58.881500,GOES-19,2026-09-28 21:30:00
-24.205100,-57.508400,GOES-19,2026-09-28 21:30:00
-24.226200,-57.504800,GOES-19,2026-09-28 21:30:00
-24.414800,-59.553900,GOES-19,2026-09-28 21:30:00
-24.483600,-60.350600,GOES-19,2026-09-28 21:30:00
-24.484000,-60.329400,GOES-19,2026-09-28 21:30:00
-24.488900,-60.074300,GOES-19,2026-09-28 21:30:00
-24.504800,-60.347600,GOES-19,2026-09-28 21:30:00
-24.505200,-60.326400,GOES-19,2026-09-28 21:30:00
-24.510000,-60.071300,GOES-19,2026-09-28 21:30:00
-24.525900,-60.344700,GOES-19,2026-09-28 21:30:00
-24.526300,-60.323400,GOES-19,2026-09-28 21:30:00
-24.587800,-60.420700,GOES-19,2026-09-28 21:30:00
-24.601800,-60.799600,GOES-19,2026-09-28 21:30:00
-24.684000,-56.861400,GOES-19,2026-09-28 21:30:00
-24.705300,-56.857600,GOES-19,2026-09-28 21:30:00
-24.642900,-60.857400,GOES-19,2026-09-28 21:30:00
-24.685300,-60.851600,GOES-19,2026-09-28 21:30:00
-24.706400,-60.848700,GOES-19,2026-09-28 21:30:00
-24.814600,-59.622000,GOES-19,2026-09-28 21:30:00
-24.817600,-59.472000,GOES-19,2026-09-28 21:30:00
-24.838900,-59.468700,GOES-19,2026-09-28 21:30:00
-24.924300,-57.472000,GOES-19,2026-09-28 21:30:00
-24.924800,-57.450100,GOES-19,2026-09-28 21:30:00
-24.923900,-59.455800,GOES-19,2026-09-28 21:30:00
-25.090200,-60.710500,GOES-19,2026-09-28 21:30:00
-25.111500,-60.707500,GOES-19,2026-09-28 21:30:00
-25.111900,-60.686200,GOES-19,2026-09-28 21:30:00
-25.117200,-60.408900,GOES-19,2026-09-28 21:30:00
-25.117600,-60.387600,GOES-19,2026-09-28 21:30:00
-26.113200,-60.841100,GOES-19,2026-09-28 21:30:00
-26.134800,-60.838000,GOES-19,2026-09-28 21:30:00
-26.477000,-60.981100,GOES-19,2026-09-28 21:30:00
-26.626300,-61.088300,GOES-19,2026-09-28 21:30:00
-26.648000,-61.085100,GOES-19,2026-09-28 21:30:00
-26.648400,-61.063500,GOES-19,2026-09-28 21:30:00
-12.310500,-69.236900,GOES-19,2026-09-28 21:30:00
-12.367500,-69.104700,GOES-19,2026-09-28 21:30:00
-12.386400,-69.085500,GOES-19,2026-09-28 21:30:00
-5.523500,-43.957100,GOES-19,2026-09-28 21:30:00
-5.542300,-43.955800,GOES-19,2026-09-28 21:30:00
-6.275900,-43.644200,GOES-19,2026-09-28 21:30:00
-6.294700,-43.642700,GOES-19,2026-09-28 21:30:00
-6.294900,-43.619400,GOES-19,2026-09-28 21:30:00
-7.505700,-44.573300,GOES-19,2026-09-28 21:30:00
-7.524500,-44.571500,GOES-19,2026-09-28 21:30:00
-7.992500,-43.271000,GOES-19,2026-09-28 21:30:00
-7.992800,-43.247500,GOES-19,2026-09-28 21:30:00
-9.072500,-43.146800,GOES-19,2026-09-28 21:30:00
-9.072800,-43.123200,GOES-19,2026-09-28 21:30:00
-11.177500,-44.783200,GOES-19,2026-09-28 21:30:00
-11.294500,-43.551000,GOES-19,2026-09-28 21:30:00
-11.313700,-43.548100,GOES-19,2026-09-28 21:30:00
-11.609200,-44.161700,GOES-19,2026-09-28 21:30:00
-11.609600,-44.138200,GOES-19,2026-09-28 21:30:00
-11.640000,-43.521800,GOES-19,2026-09-28 21:30:00
-11.640400,-43.498100,GOES-19,2026-09-28 21:30:00
-11.658800,-43.542500,GOES-19,2026-09-28 21:30:00
-11.659200,-43.518800,GOES-19,2026-09-28 21:30:00
-11.659600,-43.495100,GOES-19,2026-09-28 21:30:00
-15.007800,-41.984600,GOES-19,2026-09-28 21:30:00
-5.737600,-45.153300,GOES-19,2026-09-28 21:30:00
-5.738400,-45.062600,GOES-19,2026-09-28 21:30:00
-7.067400,-55.489600,GOES-19,2026-09-28 21:30:00
-9.686400,-58.125800,GOES-19,2026-09-28 21:30:00
-9.926600,-60.717100,GOES-19,2026-09-28 21:30:00
-10.818900,-57.199300,GOES-19,2026-09-28 21:30:00
-10.819100,-57.179500,GOES-19,2026-09-28 21:30:00
-10.823800,-60.744000,GOES-19,2026-09-28 21:30:00
-10.842600,-60.742900,GOES-19,2026-09-28 21:30:00
-12.120200,-57.176700,GOES-19,2026-09-28 21:30:00
-12.120400,-57.156700,GOES-19,2026-09-28 21:30:00
-12.139100,-57.175100,GOES-19,2026-09-28 21:30:00
-12.139400,-57.155100,GOES-19,2026-09-28 21:30:00
-12.160500,-65.412000,GOES-19,2026-09-28 21:20:00
-12.594100,-65.392700,GOES-19,2026-09-28 21:20:00
-13.259800,-67.952600,GOES-19,2026-09-28 21:20:00
-14.252700,-71.286100,GOES-19,2026-09-28 21:20:00
-14.423400,-62.353500,GOES-19,2026-09-28 21:20:00
-14.423600,-62.334000,GOES-19,2026-09-28 21:20:00
-14.442600,-62.352200,GOES-19,2026-09-28 21:20:00
-14.442800,-62.332700,GOES-19,2026-09-28 21:20:00
-14.490700,-65.682200,GOES-19,2026-09-28 21:20:00
-14.528200,-65.794900,GOES-19,2026-09-28 21:20:00
-14.528300,-65.775800,GOES-19,2026-09-28 21:20:00
-14.528400,-65.756700,GOES-19,2026-09-28 21:20:00
-14.565800,-65.869400,GOES-19,2026-09-28 21:20:00
-14.566000,-65.850300,GOES-19,2026-09-28 21:20:00
-14.585000,-65.868500,GOES-19,2026-09-28 21:20:00
-14.585100,-65.849400,GOES-19,2026-09-28 21:20:00
-14.585200,-65.830300,GOES-19,2026-09-28 21:20:00
-14.979600,-64.388600,GOES-19,2026-09-28 21:20:00
-15.021300,-64.000000,GOES-19,2026-09-28 21:20:00
-15.105500,-65.420100,GOES-19,2026-09-28 21:20:00
-15.452200,-61.318200,GOES-19,2026-09-28 21:20:00
-15.446300,-63.779300,GOES-19,2026-09-28 21:20:00
-15.471500,-61.316600,GOES-19,2026-09-28 21:20:00
-15.465500,-63.778100,GOES-19,2026-09-28 21:20:00
-15.702100,-61.416100,GOES-19,2026-09-28 21:20:00
-15.792800,-61.939800,GOES-19,2026-09-28 21:20:00
-16.082200,-63.892300,GOES-19,2026-09-28 21:20:00
-16.142700,-63.635100,GOES-19,2026-09-28 21:20:00
-16.142900,-63.615600,GOES-19,2026-09-28 21:20:00
-16.162100,-63.633800,GOES-19,2026-09-28 21:20:00
-16.162300,-63.614300,GOES-19,2026-09-28 21:20:00
-16.540900,-62.647300,GOES-19,2026-09-28 21:20:00
-16.596200,-61.222100,GOES-19,2026-09-28 21:20:00
-16.920100,-61.827900,GOES-19,2026-09-28 21:20:00
-16.939600,-61.826300,GOES-19,2026-09-28 21:20:00
-17.091800,-60.580100,GOES-19,2026-09-28 21:20:00
-17.092000,-60.560100,GOES-19,2026-09-28 21:20:00
-17.098400,-60.079200,GOES-19,2026-09-28 21:20:00
-17.118000,-60.077300,GOES-19,2026-09-28 21:20:00
-17.139800,-63.092100,GOES-19,2026-09-28 21:20:00
-17.449700,-60.164900,GOES-19,2026-09-28 21:20:00
-17.469100,-60.183000,GOES-19,2026-09-28 21:20:00
-17.469300,-60.162900,GOES-19,2026-09-28 21:20:00
-17.668100,-59.982000,GOES-19,2026-09-28 21:20:00
-18.152400,-62.037600,GOES-19,2026-09-28 21:20:00
-18.400300,-62.731900,GOES-19,2026-09-28 21:20:00
-18.420000,-62.730200,GOES-19,2026-09-28 21:20:00
-19.806800,-61.557500,GOES-19,2026-09-28 21:20:00
-20.259400,-58.351900,GOES-19,2026-09-28 21:20:00
-20.280000,-58.328500,GOES-19,2026-09-28 21:20:00
-20.300200,-58.325800,GOES-19,2026-09-28 21:20:00
-20.711200,-57.936900,GOES-19,2026-09-28 21:20:00
-21.552100,-62.309400,GOES-19,2026-09-28 21:20:00
-22.182500,-58.841300,GOES-19,2026-09-28 21:20:00
-22.182900,-58.820300,GOES-19,2026-09-28 21:20:00
-22.203100,-58.838400,GOES-19,2026-09-28 21:20:00
-22.203500,-58.817400,GOES-19,2026-09-28 21:20:00
-22.445300,-58.023300,GOES-19,2026-09-28 21:20:00
-23.166100,-61.571200,GOES-19,2026-09-28 21:20:00
-23.166500,-61.550400,GOES-19,2026-09-28 21:20:00
-23.186900,-61.568700,GOES-19,2026-09-28 21:20:00
-23.429800,-57.528900,GOES-19,2026-09-28 21:20:00
-23.430200,-57.507300,GOES-19,2026-09-28 21:20:00
-23.455800,-61.639900,GOES-19,2026-09-28 21:20:00
-23.456100,-61.619000,GOES-19,2026-09-28 21:20:00
-23.476600,-61.637300,GOES-19,2026-09-28 21:20:00
-23.477000,-61.616500,GOES-19,2026-09-28 21:20:00
-23.807800,-61.784200,GOES-19,2026-09-28 21:20:00
-23.808100,-61.763300,GOES-19,2026-09-28 21:20:00
-23.828700,-61.781700,GOES-19,2026-09-28 21:20:00
-23.829100,-61.760800,GOES-19,2026-09-28 21:20:00
-23.923600,-58.903900,GOES-19,2026-09-28 21:20:00
-23.924000,-58.882500,GOES-19,2026-09-28 21:20:00
-23.918200,-60.260500,GOES-19,2026-09-28 21:20:00
-23.944600,-58.900700,GOES-19,2026-09-28 21:20:00
-23.945100,-58.879300,GOES-19,2026-09-28 21:20:00
-23.917800,-61.457300,GOES-19,2026-09-28 21:20:00
-23.938800,-61.454700,GOES-19,2026-09-28 21:20:00
-23.943100,-61.202900,GOES-19,2026-09-28 21:20:00
-24.022700,-61.444000,GOES-19,2026-09-28 21:20:00
-24.070800,-58.881500,GOES-19,2026-09-28 21:20:00
-24.168100,-57.277000,GOES-19,2026-09-28 21:20:00
-24.205100,-57.508400,GOES-19,2026-09-28 21:20:00
-24.177600,-60.983300,GOES-19,2026-09-28 21:20:00
-24.414800,-59.553900,GOES-19,2026-09-28 21:20:00
-24.483600,-60.350600,GOES-19,2026-09-28 21:20:00
-24.484000,-60.329400,GOES-19,2026-09-28 21:20:00
-24.488900,-60.074300,GOES-19,2026-09-28 21:20:00
-24.504800,-60.347600,GOES-19,2026-09-28 21:20:00
-24.505200,-60.326400,GOES-19,2026-09-28 21:20:00
-24.510000,-60.071300,GOES-19,2026-09-28 21:20:00
-24.525900,-60.344700,GOES-19,2026-09-28 21:20:00
-24.526300,-60.323400,GOES-19,2026-09-28 21:20:00
-24.587800,-60.420700,GOES-19,2026-09-28 21:20:00
-24.601800,-60.799600,GOES-19,2026-09-28 21:20:00
-24.683500,-56.883200,GOES-19,2026-09-28 21:20:00
-24.684000,-56.861400,GOES-19,2026-09-28 21:20:00
-24.704800,-56.879400,GOES-19,2026-09-28 21:20:00
-24.705300,-56.857600,GOES-19,2026-09-28 21:20:00
-24.642900,-60.857400,GOES-19,2026-09-28 21:20:00
-24.685300,-60.851600,GOES-19,2026-09-28 21:20:00
-24.706400,-60.848700,GOES-19,2026-09-28 21:20:00
-24.814600,-59.622000,GOES-19,2026-09-28 21:20:00
-24.817600,-59.472000,GOES-19,2026-09-28 21:20:00
-24.834200,-59.704400,GOES-19,2026-09-28 21:20:00
-24.838900,-59.468700,GOES-19,2026-09-28 21:20:00
-24.924300,-57.472000,GOES-19,2026-09-28 21:20:00
-24.924800,-57.450100,GOES-19,2026-09-28 21:20:00
-24.945600,-57.468300,GOES-19,2026-09-28 21:20:00
-24.946100,-57.446400,GOES-19,2026-09-28 21:20:00
-24.923900,-59.455800,GOES-19,2026-09-28 21:20:00
-25.090200,-60.710500,GOES-19,2026-09-28 21:20:00
-25.111500,-60.707500,GOES-19,2026-09-28 21:20:00
-25.111900,-60.686200,GOES-19,2026-09-28 21:20:00
-25.117200,-60.408900,GOES-19,2026-09-28 21:20:00
-25.117600,-60.387600,GOES-19,2026-09-28 21:20:00
-26.113200,-60.841100,GOES-19,2026-09-28 21:20:00
-26.134800,-60.838000,GOES-19,2026-09-28 21:20:00
-26.625900,-61.109800,GOES-19,2026-09-28 21:20:00
-26.626300,-61.088300,GOES-19,2026-09-28 21:20:00
-26.647600,-61.106700,GOES-19,2026-09-28 21:20:00
-26.648000,-61.085100,GOES-19,2026-09-28 21:20:00
-26.648400,-61.063500,GOES-19,2026-09-28 21:20:00
-11.110100,-69.378200,GOES-19,2026-09-28 21:20:00
-12.291600,-69.256100,GOES-19,2026-09-28 21:20:00
-12.291700,-69.237400,GOES-19,2026-09-28 21:20:00
-12.310400,-69.255600,GOES-19,2026-09-28 21:20:00
-12.310500,-69.236900,GOES-19,2026-09-28 21:20:00
-12.367500,-69.104700,GOES-19,2026-09-28 21:20:00
-12.386300,-69.104200,GOES-19,2026-09-28 21:20:00
-12.386400,-69.085500,GOES-19,2026-09-28 21:20:00
-7.067400,-55.489600,GOES-19,2026-09-28 21:20:00
-7.067500,-55.469700,GOES-19,2026-09-28 21:20:00
-9.686400,-58.125800,GOES-19,2026-09-28 21:20:00
-9.686500,-58.106200,GOES-19,2026-09-28 21:20:00
-9.926600,-60.717100,GOES-19,2026-09-28 21:20:00
-10.818900,-57.199300,GOES-19,2026-09-28 21:20:00
-10.819100,-57.179500,GOES-19,2026-09-28 21:20:00
-10.823800,-60.744000,GOES-19,2026-09-28 21:20:00
-10.842600,-60.742900,GOES-19,2026-09-28 21:20:00
-12.120200,-57.176700,GOES-19,2026-09-28 21:20:00
-12.120400,-57.156700,GOES-19,2026-09-28 21:20:00
-12.139100,-57.175100,GOES-19,2026-09-28 21:20:00
-12.911200,-52.050800,GOES-19,2026-09-28 21:20:00
-12.911500,-52.029600,GOES-19,2026-09-28 21:20:00
-13.705800,-56.611200,GOES-19,2026-09-28 21:20:00
-10.715800,-65.621300,GOES-19,2026-09-28 21:10:00
-10.734400,-65.620600,GOES-19,2026-09-28 21:10:00
-12.160500,-65.412000,GOES-19,2026-09-28 21:10:00
-12.575200,-65.393600,GOES-19,2026-09-28 21:10:00
-12.575400,-65.374600,GOES-19,2026-09-28 21:10:00
-12.594100,-65.392700,GOES-19,2026-09-28 21:10:00
-12.594200,-65.373800,GOES-19,2026-09-28 21:10:00
-13.329800,-65.700500,GOES-19,2026-09-28 21:10:00
-14.252700,-71.286100,GOES-19,2026-09-28 21:10:00
-14.396400,-63.189100,GOES-19,2026-09-28 21:10:00
-14.423400,-62.353500,GOES-19,2026-09-28 21:10:00
-14.423600,-62.334000,GOES-19,2026-09-28 21:10:00
-14.442600,-62.352200,GOES-19,2026-09-28 21:10:00
-14.442800,-62.332700,GOES-19,2026-09-28 21:10:00
-14.490700,-65.682200,GOES-19,2026-09-28 21:10:00
-14.528200,-65.794900,GOES-19,2026-09-28 21:10:00
-14.528300,-65.775800,GOES-19,2026-09-28 21:10:00
-14.528400,-65.756700,GOES-19,2026-09-28 21:10:00
-14.546700,-65.870400,GOES-19,2026-09-28 21:10:00
-14.546900,-65.851300,GOES-19,2026-09-28 21:10:00
-14.565800,-65.869400,GOES-19,2026-09-28 21:10:00
-14.566000,-65.850300,GOES-19,2026-09-28 21:10:00
-14.585100,-65.849400,GOES-19,2026-09-28 21:10:00
-14.585200,-65.830300,GOES-19,2026-09-28 21:10:00
-14.944200,-64.043500,GOES-19,2026-09-28 21:10:00
-15.021300,-64.000000,GOES-19,2026-09-28 21:10:00
-15.105500,-65.420100,GOES-19,2026-09-28 21:10:00
-15.452200,-61.318200,GOES-19,2026-09-28 21:10:00
-15.446300,-63.779300,GOES-19,2026-09-28 21:10:00
-15.472000,-61.277200,GOES-19,2026-09-28 21:10:00
-15.465500,-63.778100,GOES-19,2026-09-28 21:10:00
-15.702100,-61.416100,GOES-19,2026-09-28 21:10:00
-15.743600,-62.941900,GOES-19,2026-09-28 21:10:00
-15.792800,-61.939800,GOES-19,2026-09-28 21:10:00
-16.044000,-63.836600,GOES-19,2026-09-28 21:10:00
-16.082200,-63.892300,GOES-19,2026-09-28 21:10:00
-16.142700,-63.635100,GOES-19,2026-09-28 21:10:00
-16.142900,-63.615600,GOES-19,2026-09-28 21:10:00
-16.162100,-63.633800,GOES-19,2026-09-28 21:10:00
-16.162300,-63.614300,GOES-19,2026-09-28 21:10:00
-16.540900,-62.647300,GOES-19,2026-09-28 21:10:00
-16.596200,-61.222100,GOES-19,2026-09-28 21:10:00
-16.675800,-61.076200,GOES-19,2026-09-28 21:10:00
-16.920100,-61.827900,GOES-19,2026-09-28 21:10:00
-16.920300,-61.808100,GOES-19,2026-09-28 21:10:00
-16.939600,-61.826300,GOES-19,2026-09-28 21:10:00
-16.939800,-61.806500,GOES-19,2026-09-28 21:10:00
-17.091800,-60.580100,GOES-19,2026-09-28 21:10:00
-17.092000,-60.560100,GOES-19,2026-09-28 21:10:00
-17.098400,-60.079200,GOES-19,2026-09-28 21:10:00
-17.118000,-60.077300,GOES-19,2026-09-28 21:10:00
-17.139800,-63.092100,GOES-19,2026-09-28 21:10:00
-17.140000,-63.072400,GOES-19,2026-09-28 21:10:00
-17.449700,-60.164900,GOES-19,2026-09-28 21:10:00
-17.469100,-60.183000,GOES-19,2026-09-28 21:10:00
-17.469300,-60.162900,GOES-19,2026-09-28 21:10:00
-17.668100,-59.982000,GOES-19,2026-09-28 21:10:00
-18.152400,-62.037600,GOES-19,2026-09-28 21:10:00
-18.400300,-62.731900,GOES-19,2026-09-28 21:10:00
-18.420000,-62.730200,GOES-19,2026-09-28 21:10:00
-19.806800,-61.557500,GOES-19,2026-09-28 21:10:00
-19.807100,-61.537200,GOES-19,2026-09-28 21:10:00
-20.259400,-58.351900,GOES-19,2026-09-28 21:10:00
-20.280000,-58.328500,GOES-19,2026-09-28 21:10:00
-20.300200,-58.325800,GOES-19,2026-09-28 21:10:00
-20.690900,-57.939700,GOES-19,2026-09-28 21:10:00
-20.711200,-57.936900,GOES-19,2026-09-28 21:10:00
-20.711500,-57.916000,GOES-19,2026-09-28 21:10:00
-20.731500,-57.934100,GOES-19,2026-09-28 21:10:00
-20.656900,-64.133000,GOES-19,2026-09-28 21:10:00
-20.735000,-64.346700,GOES-19,2026-09-28 21:10:00
-21.552100,-62.309400,GOES-19,2026-09-28 21:10:00
-22.424700,-58.026400,GOES-19,2026-09-28 21:10:00
-22.445300,-58.023300,GOES-19,2026-09-28 21:10:00
-23.145400,-61.573700,GOES-19,2026-09-28 21:10:00
-23.166100,-61.571200,GOES-19,2026-09-28 21:10:00
-23.166500,-61.550400,GOES-19,2026-09-28 21:10:00
-23.409300,-57.510700,GOES-19,2026-09-28 21:10:00
-23.430200,-57.507300,GOES-19,2026-09-28 21:10:00
-23.451200,-57.503900,GOES-19,2026-09-28 21:10:00
-23.455800,-61.639900,GOES-19,2026-09-28 21:10:00
-23.456100,-61.619000,GOES-19,2026-09-28 21:10:00
-23.738500,-56.788300,GOES-19,2026-09-28 21:10:00
-23.807800,-61.784200,GOES-19,2026-09-28 21:10:00
-23.808100,-61.763300,GOES-19,2026-09-28 21:10:00
-23.865400,-58.678400,GOES-19,2026-09-28 21:10:00
-23.865800,-58.657100,GOES-19,2026-09-28 21:10:00
-23.828700,-61.781700,GOES-19,2026-09-28 21:10:00
-23.921700,-57.985300,GOES-19,2026-09-28 21:10:00
-23.897300,-60.263400,GOES-19,2026-09-28 21:10:00
-23.923600,-58.903900,GOES-19,2026-09-28 21:10:00
-23.924000,-58.882500,GOES-19,2026-09-28 21:10:00
-23.918200,-60.260500,GOES-19,2026-09-28 21:10:00
-23.944600,-58.900700,GOES-19,2026-09-28 21:10:00
-23.945100,-58.879300,GOES-19,2026-09-28 21:10:00
-23.917800,-61.457300,GOES-19,2026-09-28 21:10:00
-23.938400,-61.475600,GOES-19,2026-09-28 21:10:00
-23.938800,-61.454700,GOES-19,2026-09-28 21:10:00
-23.943100,-61.202900,GOES-19,2026-09-28 21:10:00
-24.001700,-61.446700,GOES-19,2026-09-28 21:10:00
-24.022400,-61.465000,GOES-19,2026-09-28 21:10:00
-24.022700,-61.444000,GOES-19,2026-09-28 21:10:00
-24.070800,-58.881500,GOES-19,2026-09-28 21:10:00
-24.106600,-58.170100,GOES-19,2026-09-28 21:10:00
-24.168100,-57.277000,GOES-19,2026-09-28 21:10:00
-24.205100,-57.508400,GOES-19,2026-09-28 21:10:00
-24.226200,-57.504800,GOES-19,2026-09-28 21:10:00
-24.414800,-59.553900,GOES-19,2026-09-28 21:10:00
-24.449500,-59.931400,GOES-19,2026-09-28 21:10:00
-24.483600,-60.350600,GOES-19,2026-09-28 21:10:00
-24.484000,-60.329400,GOES-19,2026-09-28 21:10:00
-24.488900,-60.074300,GOES-19,2026-09-28 21:10:00
-24.504800,-60.347600,GOES-19,2026-09-28 21:10:00
-24.505200,-60.326400,GOES-19,2026-09-28 21:10:00
-24.510000,-60.071300,GOES-19,2026-09-28 21:10:00
-24.525900,-60.344700,GOES-19,2026-09-28 21:10:00
-24.526300,-60.323400,GOES-19,2026-09-28 21:10:00
-24.573700,-61.183300,GOES-19,2026-09-28 21:10:00
-24.587800,-60.420700,GOES-19,2026-09-28 21:10:00
-24.601800,-60.799600,GOES-19,2026-09-28 21:10:00
-24.683500,-56.883200,GOES-19,2026-09-28 21:10:00
-24.684000,-56.861400,GOES-19,2026-09-28 21:10:00
-24.704800,-56.879400,GOES-19,2026-09-28 21:10:00
-24.705300,-56.857600,GOES-19,2026-09-28 21:10:00
-24.642900,-60.857400,GOES-19,2026-09-28 21:10:00
-24.643300,-60.836200,GOES-19,2026-09-28 21:10:00
-24.685300,-60.851600,GOES-19,2026-09-28 21:10:00
-24.706400,-60.848700,GOES-19,2026-09-28 21:10:00
-24.706800,-60.827500,GOES-19,2026-09-28 21:10:00
-24.814600,-59.622000,GOES-19,2026-09-28 21:10:00
-24.815100,-59.600600,GOES-19,2026-09-28 21:10:00
-24.817600,-59.472000,GOES-19,2026-09-28 21:10:00
-24.924300,-57.472000,GOES-19,2026-09-28 21:10:00
-24.924800,-57.450100,GOES-19,2026-09-28 21:10:00
-24.945600,-57.468300,GOES-19,2026-09-28 21:10:00
-24.946100,-57.446400,GOES-19,2026-09-28 21:10:00
-24.923900,-59.455800,GOES-19,2026-09-28 21:10:00
-24.924300,-59.434300,GOES-19,2026-09-28 21:10:00
-25.090200,-60.710500,GOES-19,2026-09-28 21:10:00
-25.111500,-60.707500,GOES-19,2026-09-28 21:10:00
-25.111900,-60.686200,GOES-19,2026-09-28 21:10:00
-25.117200,-60.408900,GOES-19,2026-09-28 21:10:00
-25.117600,-60.387600,GOES-19,2026-09-28 21:10:00
-26.113200,-60.841100,GOES-19,2026-09-28 21:10:00
-26.134800,-60.838000,GOES-19,2026-09-28 21:10:00
-26.625900,-61.109800,GOES-19,2026-09-28 21:10:00
-26.626300,-61.088300,GOES-19,2026-09-28 21:10:00
-26.626700,-61.066700,GOES-19,2026-09-28 21:10:00
-26.647600,-61.106700,GOES-19,2026-09-28 21:10:00
-26.648000,-61.085100,GOES-19,2026-09-28 21:10:00
-26.648400,-61.063500,GOES-19,2026-09-28 21:10:00
-11.034900,-69.528300,GOES-19,2026-09-28 21:10:00
-11.110100,-69.378200,GOES-19,2026-09-28 21:10:00
-11.354200,-69.093800,GOES-19,2026-09-28 21:10:00
-12.367500,-69.104700,GOES-19,2026-09-28 21:10:00
-12.386300,-69.104200,GOES-19,2026-09-28 21:10:00
-12.386400,-69.085500,GOES-19,2026-09-28 21:10:00
-12.871300,-70.510600,GOES-19,2026-09-28 21:10:00
-18.518200,-49.649700,GOES-19,2026-09-28 21:10:00
-18.518700,-49.627200,GOES-19,2026-09-28 21:10:00
-18.538300,-49.645800,GOES-19,2026-09-28 21:10:00
-18.538800,-49.623300,GOES-19,2026-09-28 21:10:00
-18.736900,-49.697200,GOES-19,2026-09-28 21:10:00
-3.254300,-50.137800,GOES-19,2026-09-28 21:10:00
-3.272800,-50.137200,GOES-19,2026-09-28 21:10:00
-6.662700,-55.111200,GOES-19,2026-09-28 21:10:00
-6.681200,-55.110300,GOES-19,2026-09-28 21:10:00
-6.681400,-55.090300,GOES-19,2026-09-28 21:10:00
-7.067400,-55.489600,GOES-19,2026-09-28 21:10:00
-7.067500,-55.469700,GOES-19,2026-09-28 21:10:00
-7.712700,-73.115800,GOES-19,2026-09-28 21:10:00
-9.449500,-50.277400,GOES-19,2026-09-28 21:10:00
-9.686400,-58.125800,GOES-19,2026-09-28 21:10:00
-9.705100,-58.124700,GOES-19,2026-09-28 21:10:00
-9.959500,-50.143100,GOES-19,2026-09-28 21:10:00
-9.926600,-60.717100,GOES-19,2026-09-28 21:10:00
-10.748000,-50.489200,GOES-19,2026-09-28 21:10:00
-10.818700,-57.219200,GOES-19,2026-09-28 21:10:00
-10.818900,-57.199300,GOES-19,2026-09-28 21:10:00
-10.819100,-57.179500,GOES-19,2026-09-28 21:10:00
-10.823800,-60.744000,GOES-19,2026-09-28 21:10:00
-10.842600,-60.742900,GOES-19,2026-09-28 21:10:00
-11.009800,-50.717100,GOES-19,2026-09-28 21:10:00
-11.010100,-50.695800,GOES-19,2026-09-28 21:10:00
-11.028500,-50.736400,GOES-19,2026-09-28 21:10:00
-11.028800,-50.715100,GOES-19,2026-09-28 21:10:00
-11.029100,-50.693700,GOES-19,2026-09-28 21:10:00
-11.047800,-50.713000,GOES-19,2026-09-28 21:10:00
-11.132700,-50.062400,GOES-19,2026-09-28 21:10:00
-11.151400,-50.081800,GOES-19,2026-09-28 21:10:00
-11.917300,-50.957400,GOES-19,2026-09-28 21:10:00
-11.936100,-50.976500,GOES-19,2026-09-28 21:10:00
-11.936400,-50.955200,GOES-19,2026-09-28 21:10:00
-11.955100,-50.974300,GOES-19,2026-09-28 21:10:00
-11.955400,-50.953000,GOES-19,2026-09-28 21:10:00
-12.120200,-57.176700,GOES-19,2026-09-28 21:10:00
-12.120400,-57.156700,GOES-19,2026-09-28 21:10:00
-12.911200,-52.050800,GOES-19,2026-09-28 21:10:00
-12.911500,-52.029600,GOES-19,2026-09-28 21:10:00
-9.686900,-75.210600,GOES-19,2026-09-28 21:00:00
-10.474000,-65.461300,GOES-19,2026-09-28 21:00:00
-10.715800,-65.621300,GOES-19,2026-09-28 21:00:00
-10.734400,-65.620600,GOES-19,2026-09-28 21:00:00
-10.734500,-65.601800,GOES-19,2026-09-28 21:00:00
-11.007300,-74.954000,GOES-19,2026-09-28 21:00:00
-12.160500,-65.412000,GOES-19,2026-09-28 21:00:00
-12.575200,-65.393600,GOES-19,2026-09-28 21:00:00
-12.575400,-65.374600,GOES-19,2026-09-28 21:00:00
-12.594100,-65.392700,GOES-19,2026-09-28 21:00:00
-13.259800,-67.952600,GOES-19,2026-09-28 21:00:00
-13.410000,-65.068800,GOES-19,2026-09-28 21:00:00
-13.596800,-65.497700,GOES-19,2026-09-28 21:00:00
-14.252700,-71.286100,GOES-19,2026-09-28 21:00:00
-14.396400,-63.189100,GOES-19,2026-09-28 21:00:00
-14.423400,-62.353500,GOES-19,2026-09-28 21:00:00
-14.423600,-62.334000,GOES-19,2026-09-28 21:00:00
-14.442600,-62.352200,GOES-19,2026-09-28 21:00:00
-14.442800,-62.332700,GOES-19,2026-09-28 21:00:00
-14.490700,-65.682200,GOES-19,2026-09-28 21:00:00
-14.509200,-65.776800,GOES-19,2026-09-28 21:00:00
-14.528200,-65.794900,GOES-19,2026-09-28 21:00:00
-14.528300,-65.775800,GOES-19,2026-09-28 21:00:00
-14.528400,-65.756700,GOES-19,2026-09-28 21:00:00
-14.944200,-64.043500,GOES-19,2026-09-28 21:00:00
-15.021300,-64.000000,GOES-19,2026-09-28 21:00:00
-15.105500,-65.420100,GOES-19,2026-09-28 21:00:00
-15.471500,-61.316600,GOES-19,2026-09-28 21:00:00
-15.472000,-61.277200,GOES-19,2026-09-28 21:00:00
-15.465500,-63.778100,GOES-19,2026-09-28 21:00:00
-15.762900,-62.940500,GOES-19,2026-09-28 21:00:00
-15.792800,-61.939800,GOES-19,2026-09-28 21:00:00
-15.855900,-63.304400,GOES-19,2026-09-28 21:00:00
-16.044000,-63.836600,GOES-19,2026-09-28 21:00:00
-16.082200,-63.892300,GOES-19,2026-09-28 21:00:00
-16.142700,-63.635100,GOES-19,2026-09-28 21:00:00
-16.142900,-63.615600,GOES-19,2026-09-28 21:00:00
-16.162100,-63.633800,GOES-19,2026-09-28 21:00:00
-16.162300,-63.614300,GOES-19,2026-09-28 21:00:00
-16.596200,-61.222100,GOES-19,2026-09-28 21:00:00
-16.656300,-61.078000,GOES-19,2026-09-28 21:00:00
-16.675800,-61.076200,GOES-19,2026-09-28 21:00:00
-16.939800,-61.806500,GOES-19,2026-09-28 21:00:00
-17.056300,-63.608700,GOES-19,2026-09-28 21:00:00
-17.091800,-60.580100,GOES-19,2026-09-28 21:00:00
-17.092000,-60.560100,GOES-19,2026-09-28 21:00:00
-17.098400,-60.079200,GOES-19,2026-09-28 21:00:00
-17.075800,-63.607300,GOES-19,2026-09-28 21:00:00
-17.118000,-60.077300,GOES-19,2026-09-28 21:00:00
-17.139800,-63.092100,GOES-19,2026-09-28 21:00:00
-17.449700,-60.164900,GOES-19,2026-09-28 21:00:00
-17.469100,-60.183000,GOES-19,2026-09-28 21:00:00
-17.469300,-60.162900,GOES-19,2026-09-28 21:00:00
-17.489000,-60.161000,GOES-19,2026-09-28 21:00:00
-17.668100,-59.982000,GOES-19,2026-09-28 21:00:00
-17.687800,-59.980000,GOES-19,2026-09-28 21:00:00
-18.400000,-62.751800,GOES-19,2026-09-28 21:00:00
-18.400300,-62.731900,GOES-19,2026-09-28 21:00:00
-18.420000,-62.730200,GOES-19,2026-09-28 21:00:00
-19.806800,-61.557500,GOES-19,2026-09-28 21:00:00
-19.807100,-61.537200,GOES-19,2026-09-28 21:00:00
-20.259400,-58.351900,GOES-19,2026-09-28 21:00:00
-20.280000,-58.328500,GOES-19,2026-09-28 21:00:00
-20.300200,-58.325800,GOES-19,2026-09-28 21:00:00
-20.690900,-57.939700,GOES-19,2026-09-28 21:00:00
-20.710800,-57.957900,GOES-19,2026-09-28 21:00:00
-20.711200,-57.936900,GOES-19,2026-09-28 21:00:00
-20.711500,-57.916000,GOES-19,2026-09-28 21:00:00
-20.731500,-57.934100,GOES-19,2026-09-28 21:00:00
-20.736800,-61.214800,GOES-19,2026-09-28 21:00:00
-21.552100,-62.309400,GOES-19,2026-09-28 21:00:00
-22.162300,-58.823200,GOES-19,2026-09-28 21:00:00
-22.182500,-58.841300,GOES-19,2026-09-28 21:00:00
-22.182900,-58.820300,GOES-19,2026-09-28 21:00:00
-22.203100,-58.838400,GOES-19,2026-09-28 21:00:00
-22.203500,-58.817400,GOES-19,2026-09-28 21:00:00
-22.424200,-58.047600,GOES-19,2026-09-28 21:00:00
-22.424700,-58.026400,GOES-19,2026-09-28 21:00:00
-22.444900,-58.044500,GOES-19,2026-09-28 21:00:00
-22.445300,-58.023300,GOES-19,2026-09-28 21:00:00
-23.145400,-61.573700,GOES-19,2026-09-28 21:00:00
-23.166100,-61.571200,GOES-19,2026-09-28 21:00:00
-23.166500,-61.550400,GOES-19,2026-09-28 21:00:00
-23.186900,-61.568700,GOES-19,2026-09-28 21:00:00
-23.409300,-57.510700,GOES-19,2026-09-28 21:00:00
-23.430200,-57.507300,GOES-19,2026-09-28 21:00:00
-23.476600,-61.637300,GOES-19,2026-09-28 21:00:00
-23.477000,-61.616500,GOES-19,2026-09-28 21:00:00
-23.738500,-56.788300,GOES-19,2026-09-28 21:00:00
-23.807800,-61.784200,GOES-19,2026-09-28 21:00:00
-23.808100,-61.763300,GOES-19,2026-09-28 21:00:00
-23.828700,-61.781700,GOES-19,2026-09-28 21:00:00
-23.829100,-61.760800,GOES-19,2026-09-28 21:00:00
-23.907400,-58.672000,GOES-19,2026-09-28 21:00:00
-23.921700,-57.985300,GOES-19,2026-09-28 21:00:00
-23.897300,-60.263400,GOES-19,2026-09-28 21:00:00
-23.923600,-58.903900,GOES-19,2026-09-28 21:00:00
-23.924000,-58.882500,GOES-19,2026-09-28 21:00:00
-23.918200,-60.260500,GOES-19,2026-09-28 21:00:00
-23.944600,-58.900700,GOES-19,2026-09-28 21:00:00
-23.945100,-58.879300,GOES-19,2026-09-28 21:00:00
-23.917800,-61.457300,GOES-19,2026-09-28 21:00:00
-23.938400,-61.475600,GOES-19,2026-09-28 21:00:00
-23.938800,-61.454700,GOES-19,2026-09-28 21:00:00
-23.939200,-61.433700,GOES-19,2026-09-28 21:00:00
-23.943100,-61.202900,GOES-19,2026-09-28 21:00:00
-24.001700,-61.446700,GOES-19,2026-09-28 21:00:00
-24.022400,-61.465000,GOES-19,2026-09-28 21:00:00
-24.022700,-61.444000,GOES-19,2026-09-28 21:00:00
-24.070800,-58.881500,GOES-19,2026-09-28 21:00:00
-24.106600,-58.170100,GOES-19,2026-09-28 21:00:00
-24.168100,-57.277000,GOES-19,2026-09-28 21:00:00
-24.205100,-57.508400,GOES-19,2026-09-28 21:00:00
-24.205500,-57.486700,GOES-19,2026-09-28 21:00:00
-24.226200,-57.504800,GOES-19,2026-09-28 21:00:00
-24.177600,-60.983300,GOES-19,2026-09-28 21:00:00
-24.199600,-59.797900,GOES-19,2026-09-28 21:00:00
-24.414800,-59.553900,GOES-19,2026-09-28 21:00:00
-24.415200,-59.532500,GOES-19,2026-09-28 21:00:00
-24.449100,-59.952700,GOES-19,2026-09-28 21:00:00
-24.449500,-59.931400,GOES-19,2026-09-28 21:00:00
-24.483600,-60.350600,GOES-19,2026-09-28 21:00:00
-24.484000,-60.329400,GOES-19,2026-09-28 21:00:00
-24.488900,-60.074300,GOES-19,2026-09-28 21:00:00
-24.504800,-60.347600,GOES-19,2026-09-28 21:00:00
-24.505200,-60.326400,GOES-19,2026-09-28 21:00:00
-24.510000,-60.071300,GOES-19,2026-09-28 21:00:00
-24.525900,-60.344700,GOES-19,2026-09-28 21:00:00
-24.526300,-60.323400,GOES-19,2026-09-28 21:00:00
-24.587800,-60.420700,GOES-19,2026-09-28 21:00:00
-24.601800,-60.799600,GOES-19,2026-09-28 21:00:00
-24.683500,-56.883200,GOES-19,2026-09-28 21:00:00
-24.684000,-56.861400,GOES-19,2026-09-28 21:00:00
-24.704800,-56.879400,GOES-19,2026-09-28 21:00:00
-24.705300,-56.857600,GOES-19,2026-09-28 21:00:00
-24.642900,-60.857400,GOES-19,2026-09-28 21:00:00
-24.664100,-60.854500,GOES-19,2026-09-28 21:00:00
-24.763000,-56.212700,GOES-19,2026-09-28 21:00:00
-24.685300,-60.851600,GOES-19,2026-09-28 21:00:00
-24.706400,-60.848700,GOES-19,2026-09-28 21:00:00
-24.706800,-60.827500,GOES-19,2026-09-28 21:00:00
-24.814600,-59.622000,GOES-19,2026-09-28 21:00:00
-24.924300,-57.472000,GOES-19,2026-09-28 21:00:00
-24.924800,-57.450100,GOES-19,2026-09-28 21:00:00
-24.945600,-57.468300,GOES-19,2026-09-28 21:00:00
-24.946100,-57.446400,GOES-19,2026-09-28 21:00:00
-24.923500,-59.477200,GOES-19,2026-09-28 21:00:00
-24.923900,-59.455800,GOES-19,2026-09-28 21:00:00
-24.944700,-59.474000,GOES-19,2026-09-28 21:00:00
-24.945200,-59.452500,GOES-19,2026-09-28 21:00:00
-25.090200,-60.710500,GOES-19,2026-09-28 21:00:00
-25.111500,-60.707500,GOES-19,2026-09-28 21:00:00
-25.111900,-60.686200,GOES-19,2026-09-28 21:00:00
-25.117200,-60.408900,GOES-19,2026-09-28 21:00:00
-25.117600,-60.387600,GOES-19,2026-09-28 21:00:00
-26.113200,-60.841100,GOES-19,2026-09-28 21:00:00
-26.134800,-60.838000,GOES-19,2026-09-28 21:00:00
-26.626300,-61.088300,GOES-19,2026-09-28 21:00:00
-26.647600,-61.106700,GOES-19,2026-09-28 21:00:00
-26.648000,-61.085100,GOES-19,2026-09-28 21:00:00
-26.648400,-61.063500,GOES-19,2026-09-28 21:00:00
-11.034900,-69.528300,GOES-19,2026-09-28 21:00:00
-11.077600,-68.077700,GOES-19,2026-09-28 21:00:00
-11.110100,-69.378200,GOES-19,2026-09-28 21:00:00
-12.367500,-69.104700,GOES-19,2026-09-28 21:00:00
-12.386300,-69.104200,GOES-19,2026-09-28 21:00:00
-12.386400,-69.085500,GOES-19,2026-09-28 21:00:00
-12.871300,-70.510600,GOES-19,2026-09-28 21:00:00
-14.959900,-47.527400,GOES-19,2026-09-28 21:00:00
-18.568400,-48.419100,GOES-19,2026-09-28 21:00:00
-18.736900,-49.697200,GOES-19,2026-09-28 21:00:00
-3.254300,-50.137800,GOES-19,2026-09-28 21:00:00
-3.272800,-50.137200,GOES-19,2026-09-28 21:00:00
-3.951300,-47.630100,GOES-19,2026-09-28 21:00:00
-6.662700,-55.111200,GOES-19,2026-09-28 21:00:00
-6.681100,-55.130300,GOES-19,2026-09-28 21:00:00
-6.681200,-55.110300,GOES-19,2026-09-28 21:00:00
-6.681400,-55.090300,GOES-19,2026-09-28 21:00:00
-6.699700,-55.109300,GOES-19,2026-09-28 21:00:00
-7.088400,-46.708200,GOES-19,2026-09-28 21:00:00
-7.067400,-55.489600,GOES-19,2026-09-28 21:00:00
-7.067500,-55.469700,GOES-19,2026-09-28 21:00:00
-7.442600,-46.878000,GOES-19,2026-09-28 21:00:00
-7.824900,-47.923100,GOES-19,2026-09-28 21:00:00
-8.640200,-48.807400,GOES-19,2026-09-28 21:00:00
-9.686400,-58.125800,GOES-19,2026-09-28 21:00:00
-9.686500,-58.106200,GOES-19,2026-09-28 21:00:00
-9.705100,-58.124700,GOES-19,2026-09-28 21:00:00
-9.705200,-58.105000,GOES-19,2026-09-28 21:00:00
-9.926600,-60.717100,GOES-19,2026-09-28 21:00:00
-10.052000,-50.283300,GOES-19,2026-09-28 21:00:00
-10.052300,-50.261900,GOES-19,2026-09-28 21:00:00
-10.650200,-50.733600,GOES-19,2026-09-28 21:00:00
-10.650500,-50.712300,GOES-19,2026-09-28 21:00:00
-10.729100,-50.491200,GOES-19,2026-09-28 21:00:00
-10.748000,-50.489200,GOES-19,2026-09-28 21:00:00
-10.791300,-48.759600,GOES-19,2026-09-28 21:00:00
-10.791600,-48.737700,GOES-19,2026-09-28 21:00:00
-10.818700,-57.219200,GOES-19,2026-09-28 21:00:00
-10.818900,-57.199300,GOES-19,2026-09-28 21:00:00
-10.819100,-57.179500,GOES-19,2026-09-28 21:00:00
-10.823800,-60.744000,GOES-19,2026-09-28 21:00:00
-10.842600,-60.742900,GOES-19,2026-09-28 21:00:00
-11.009800,-50.717100,GOES-19,2026-09-28 21:00:00
-11.010100,-50.695800,GOES-19,2026-09-28 21:00:00
-11.028800,-50.715100,GOES-19,2026-09-28 21:00:00
-11.029100,-50.693700,GOES-19,2026-09-28 21:00:00
-11.132400,-50.083900,GOES-19,2026-09-28 21:00:00
-11.132700,-50.062400,GOES-19,2026-09-28 21:00:00
-11.151400,-50.081800,GOES-19,2026-09-28 21:00:00
-11.917300,-50.957400,GOES-19,2026-09-28 21:00:00
-11.936400,-50.955200,GOES-19,2026-09-28 21:00:00
-12.120200,-57.176700,GOES-19,2026-09-28 21:00:00
-12.120400,-57.156700,GOES-19,2026-09-28 21:00:00
-12.767400,-54.050200,GOES-19,2026-09-28 21:00:00
-12.892400,-52.031900,GOES-19,2026-09-28 21:00:00
-12.911200,-52.050800,GOES-19,2026-09-28 21:00:00
-12.911500,-52.029600,GOES-19,2026-09-28 21:00:00
-14.252700,-71.304900,GOES-19,2026-09-28 20:50:00
4.030600,-58.547300,GOES-19,2026-09-28 20:50:00
-9.686900,-75.210600,GOES-19,2026-09-28 20:50:00
-10.474000,-65.461300,GOES-19,2026-09-28 20:50:00
-10.715800,-65.621300,GOES-19,2026-09-28 20:50:00
-10.715900,-65.602500,GOES-19,2026-09-28 20:50:00
-10.734400,-65.620600,GOES-19,2026-09-28 20:50:00
-10.988700,-75.009200,GOES-19,2026-09-28 20:50:00
-11.007300,-74.954000,GOES-19,2026-09-28 20:50:00
-12.160500,-65.412000,GOES-19,2026-09-28 20:50:00
-12.575200,-65.393600,GOES-19,2026-09-28 20:50:00
-12.575400,-65.374600,GOES-19,2026-09-28 20:50:00
-12.594100,-65.392700,GOES-19,2026-09-28 20:50:00
-12.594200,-65.373800,GOES-19,2026-09-28 20:50:00
-13.259800,-67.952600,GOES-19,2026-09-28 20:50:00
-13.329800,-65.700500,GOES-19,2026-09-28 20:50:00
-13.410000,-65.068800,GOES-19,2026-09-28 20:50:00
-13.429000,-65.067900,GOES-19,2026-09-28 20:50:00
-13.577800,-65.498600,GOES-19,2026-09-28 20:50:00
-13.577900,-65.479500,GOES-19,2026-09-28 20:50:00
-13.596800,-65.497700,GOES-19,2026-09-28 20:50:00
-13.596900,-65.478600,GOES-19,2026-09-28 20:50:00
-14.095600,-67.846800,GOES-19,2026-09-28 20:50:00
-14.233700,-71.286500,GOES-19,2026-09-28 20:50:00
-14.252700,-71.286100,GOES-19,2026-09-28 20:50:00
-14.271700,-71.285700,GOES-19,2026-09-28 20:50:00
-14.396400,-63.189100,GOES-19,2026-09-28 20:50:00
-14.423200,-62.372900,GOES-19,2026-09-28 20:50:00
-14.423400,-62.353500,GOES-19,2026-09-28 20:50:00
-14.423600,-62.334000,GOES-19,2026-09-28 20:50:00
-14.442600,-62.352200,GOES-19,2026-09-28 20:50:00
-14.442800,-62.332700,GOES-19,2026-09-28 20:50:00
-14.490700,-65.682200,GOES-19,2026-09-28 20:50:00
-14.490900,-65.663100,GOES-19,2026-09-28 20:50:00
-14.509000,-65.795900,GOES-19,2026-09-28 20:50:00
-14.509200,-65.776800,GOES-19,2026-09-28 20:50:00
-14.528200,-65.794900,GOES-19,2026-09-28 20:50:00
-14.528300,-65.775800,GOES-19,2026-09-28 20:50:00
-14.528400,-65.756700,GOES-19,2026-09-28 20:50:00
-14.546700,-65.870400,GOES-19,2026-09-28 20:50:00
-14.546900,-65.851300,GOES-19,2026-09-28 20:50:00
-14.565800,-65.869400,GOES-19,2026-09-28 20:50:00
-14.566000,-65.850300,GOES-19,2026-09-28 20:50:00
-14.585100,-65.849400,GOES-19,2026-09-28 20:50:00
-14.925000,-64.044600,GOES-19,2026-09-28 20:50:00
-14.944200,-64.043500,GOES-19,2026-09-28 20:50:00
-15.021300,-64.000000,GOES-19,2026-09-28 20:50:00
-15.086300,-65.421100,GOES-19,2026-09-28 20:50:00
-15.105300,-65.439300,GOES-19,2026-09-28 20:50:00
-15.105500,-65.420100,GOES-19,2026-09-28 20:50:00
-15.471500,-61.316600,GOES-19,2026-09-28 20:50:00
-15.472000,-61.277200,GOES-19,2026-09-28 20:50:00
-15.702100,-61.416100,GOES-19,2026-09-28 20:50:00
-15.743600,-62.941900,GOES-19,2026-09-28 20:50:00
-15.762900,-62.940500,GOES-19,2026-09-28 20:50:00
-15.855900,-63.304400,GOES-19,2026-09-28 20:50:00
-15.899100,-62.852500,GOES-19,2026-09-28 20:50:00
-16.044000,-63.836600,GOES-19,2026-09-28 20:50:00
-16.063400,-63.835200,GOES-19,2026-09-28 20:50:00
-16.082200,-63.892300,GOES-19,2026-09-28 20:50:00
-16.142700,-63.635100,GOES-19,2026-09-28 20:50:00
-16.142900,-63.615600,GOES-19,2026-09-28 20:50:00
-16.162100,-63.633800,GOES-19,2026-09-28 20:50:00
-16.162300,-63.614300,GOES-19,2026-09-28 20:50:00
-16.434600,-61.730400,GOES-19,2026-09-28 20:50:00
-16.434800,-61.710700,GOES-19,2026-09-28 20:50:00
-16.521400,-62.648800,GOES-19,2026-09-28 20:50:00
-16.596200,-61.222100,GOES-19,2026-09-28 20:50:00
-16.656300,-61.078000,GOES-19,2026-09-28 20:50:00
-16.920100,-61.827900,GOES-19,2026-09-28 20:50:00
-17.056300,-63.608700,GOES-19,2026-09-28 20:50:00
-17.091800,-60.580100,GOES-19,2026-09-28 20:50:00
-17.092000,-60.560100,GOES-19,2026-09-28 20:50:00
-17.098400,-60.079200,GOES-19,2026-09-28 20:50:00
-17.118000,-60.077300,GOES-19,2026-09-28 20:50:00
-17.139800,-63.092100,GOES-19,2026-09-28 20:50:00
-17.449700,-60.164900,GOES-19,2026-09-28 20:50:00
-17.469100,-60.183000,GOES-19,2026-09-28 20:50:00
-17.469300,-60.162900,GOES-19,2026-09-28 20:50:00
-17.668100,-59.982000,GOES-19,2026-09-28 20:50:00
-18.400000,-62.751800,GOES-19,2026-09-28 20:50:00
-18.400300,-62.731900,GOES-19,2026-09-28 20:50:00
-18.400500,-62.712000,GOES-19,2026-09-28 20:50:00
-18.420000,-62.730200,GOES-19,2026-09-28 20:50:00
-19.786800,-61.559500,GOES-19,2026-09-28 20:50:00
-19.806800,-61.557500,GOES-19,2026-09-28 20:50:00
-19.807100,-61.537200,GOES-19,2026-09-28 20:50:00
-20.259400,-58.351900,GOES-19,2026-09-28 20:50:00
-20.280000,-58.328500,GOES-19,2026-09-28 20:50:00
-20.300200,-58.325800,GOES-19,2026-09-28 20:50:00
-20.690900,-57.939700,GOES-19,2026-09-28 20:50:00
-20.710800,-57.957900,GOES-19,2026-09-28 20:50:00
-20.711200,-57.936900,GOES-19,2026-09-28 20:50:00
-20.711500,-57.916000,GOES-19,2026-09-28 20:50:00
-20.731500,-57.934100,GOES-19,2026-09-28 20:50:00
-20.736800,-61.214800,GOES-19,2026-09-28 20:50:00
-21.551800,-62.329800,GOES-19,2026-09-28 20:50:00
-21.552100,-62.309400,GOES-19,2026-09-28 20:50:00
-21.572500,-62.307200,GOES-19,2026-09-28 20:50:00
-22.182500,-58.841300,GOES-19,2026-09-28 20:50:00
-22.182900,-58.820300,GOES-19,2026-09-28 20:50:00
-22.203100,-58.838400,GOES-19,2026-09-28 20:50:00
-22.203500,-58.817400,GOES-19,2026-09-28 20:50:00
-22.224100,-58.814500,GOES-19,2026-09-28 20:50:00
-22.424700,-58.026400,GOES-19,2026-09-28 20:50:00
-23.166100,-61.571200,GOES-19,2026-09-28 20:50:00
-23.166500,-61.550400,GOES-19,2026-09-28 20:50:00
-23.186900,-61.568700,GOES-19,2026-09-28 20:50:00
-23.430200,-57.507300,GOES-19,2026-09-28 20:50:00
-23.476600,-61.637300,GOES-19,2026-09-28 20:50:00
-23.477000,-61.616500,GOES-19,2026-09-28 20:50:00
-23.738500,-56.788300,GOES-19,2026-09-28 20:50:00
-23.786600,-58.434600,GOES-19,2026-09-28 20:50:00
-23.807800,-61.784200,GOES-19,2026-09-28 20:50:00
-23.808100,-61.763300,GOES-19,2026-09-28 20:50:00
-23.828700,-61.781700,GOES-19,2026-09-28 20:50:00
-23.829100,-61.760800,GOES-19,2026-09-28 20:50:00
-23.886400,-58.675200,GOES-19,2026-09-28 20:50:00
-23.900700,-57.988700,GOES-19,2026-09-28 20:50:00
-23.907400,-58.672000,GOES-19,2026-09-28 20:50:00
-23.921700,-57.985300,GOES-19,2026-09-28 20:50:00
-23.923600,-58.903900,GOES-19,2026-09-28 20:50:00
-23.924000,-58.882500,GOES-19,2026-09-28 20:50:00
-23.917900,-60.281600,GOES-19,2026-09-28 20:50:00
-23.918200,-60.260500,GOES-19,2026-09-28 20:50:00
-23.918600,-60.239400,GOES-19,2026-09-28 20:50:00
-23.944600,-58.900700,GOES-19,2026-09-28 20:50:00
-23.945100,-58.879300,GOES-19,2026-09-28 20:50:00
-23.917800,-61.457300,GOES-19,2026-09-28 20:50:00
-23.938400,-61.475600,GOES-19,2026-09-28 20:50:00
-23.938800,-61.454700,GOES-19,2026-09-28 20:50:00
-23.939200,-61.433700,GOES-19,2026-09-28 20:50:00
-23.943100,-61.202900,GOES-19,2026-09-28 20:50:00
-24.022700,-61.444000,GOES-19,2026-09-28 20:50:00
-24.070800,-58.881500,GOES-19,2026-09-28 20:50:00
-24.106200,-58.191600,GOES-19,2026-09-28 20:50:00
-24.106600,-58.170100,GOES-19,2026-09-28 20:50:00
-24.205100,-57.508400,GOES-19,2026-09-28 20:50:00
-24.205500,-57.486700,GOES-19,2026-09-28 20:50:00
-24.226200,-57.504800,GOES-19,2026-09-28 20:50:00
-24.177600,-60.983300,GOES-19,2026-09-28 20:50:00
-24.265800,-59.639700,GOES-19,2026-09-28 20:50:00
-24.339300,-59.117700,GOES-19,2026-09-28 20:50:00
-24.360400,-59.114500,GOES-19,2026-09-28 20:50:00
-24.393700,-59.557000,GOES-19,2026-09-28 20:50:00
-24.414400,-59.575200,GOES-19,2026-09-28 20:50:00
-24.414800,-59.553900,GOES-19,2026-09-28 20:50:00
-24.449100,-59.952700,GOES-19,2026-09-28 20:50:00
-24.449500,-59.931400,GOES-19,2026-09-28 20:50:00
-24.483600,-60.350600,GOES-19,2026-09-28 20:50:00
-24.484000,-60.329400,GOES-19,2026-09-28 20:50:00
-24.488900,-60.074300,GOES-19,2026-09-28 20:50:00
-24.504800,-60.347600,GOES-19,2026-09-28 20:50:00
-24.505200,-60.326400,GOES-19,2026-09-28 20:50:00
-24.510000,-60.071300,GOES-19,2026-09-28 20:50:00
-24.525900,-60.344700,GOES-19,2026-09-28 20:50:00
-24.526300,-60.323400,GOES-19,2026-09-28 20:50:00
-24.566600,-60.423600,GOES-19,2026-09-28 20:50:00
-24.573700,-61.183300,GOES-19,2026-09-28 20:50:00
-24.587800,-60.420700,GOES-19,2026-09-28 20:50:00
-24.601800,-60.799600,GOES-19,2026-09-28 20:50:00
-24.602200,-60.778400,GOES-19,2026-09-28 20:50:00
-24.683500,-56.883200,GOES-19,2026-09-28 20:50:00
-24.684000,-56.861400,GOES-19,2026-09-28 20:50:00
-24.704800,-56.879400,GOES-19,2026-09-28 20:50:00
-24.705300,-56.857600,GOES-19,2026-09-28 20:50:00
-24.642900,-60.857400,GOES-19,2026-09-28 20:50:00
-24.643300,-60.836200,GOES-19,2026-09-28 20:50:00
-24.741700,-56.216700,GOES-19,2026-09-28 20:50:00
-24.664100,-60.854500,GOES-19,2026-09-28 20:50:00
-24.664500,-60.833300,GOES-19,2026-09-28 20:50:00
-24.763000,-56.212700,GOES-19,2026-09-28 20:50:00
-24.685300,-60.851600,GOES-19,2026-09-28 20:50:00
-24.712800,-59.423800,GOES-19,2026-09-28 20:50:00
-24.706800,-60.827500,GOES-19,2026-09-28 20:50:00
-24.793400,-59.625200,GOES-19,2026-09-28 20:50:00
-24.814600,-59.622000,GOES-19,2026-09-28 20:50:00
-24.815100,-59.600600,GOES-19,2026-09-28 20:50:00
-24.834200,-59.704400,GOES-19,2026-09-28 20:50:00
-24.924300,-57.472000,GOES-19,2026-09-28 20:50:00
-24.924800,-57.450100,GOES-19,2026-09-28 20:50:00
-24.945600,-57.468300,GOES-19,2026-09-28 20:50:00
-24.946100,-57.446400,GOES-19,2026-09-28 20:50:00
-24.923500,-59.477200,GOES-19,2026-09-28 20:50:00
-24.923900,-59.455800,GOES-19,2026-09-28 20:50:00
-24.924300,-59.434300,GOES-19,2026-09-28 20:50:00
-24.944700,-59.474000,GOES-19,2026-09-28 20:50:00
-24.945200,-59.452500,GOES-19,2026-09-28 20:50:00
-25.042500,-59.886800,GOES-19,2026-09-28 20:50:00
-25.090200,-60.710500,GOES-19,2026-09-28 20:50:00
-25.111500,-60.707500,GOES-19,2026-09-28 20:50:00
-25.111900,-60.686200,GOES-19,2026-09-28 20:50:00
-25.117200,-60.408900,GOES-19,2026-09-28 20:50:00
-25.117600,-60.387600,GOES-19,2026-09-28 20:50:00
-25.138900,-60.384500,GOES-19,2026-09-28 20:50:00
-25.418900,-60.215400,GOES-19,2026-09-28 20:50:00
-26.113200,-60.841100,GOES-19,2026-09-28 20:50:00
-26.134400,-60.859500,GOES-19,2026-09-28 20:50:00
-26.134800,-60.838000,GOES-19,2026-09-28 20:50:00
-26.625900,-61.109800,GOES-19,2026-09-28 20:50:00
-26.626300,-61.088300,GOES-19,2026-09-28 20:50:00
-26.626700,-61.066700,GOES-19,2026-09-28 20:50:00
-26.647600,-61.106700,GOES-19,2026-09-28 20:50:00
-26.648000,-61.085100,GOES-19,2026-09-28 20:50:00
-26.648400,-61.063500,GOES-19,2026-09-28 20:50:00
-27.151400,-57.948300,GOES-19,2026-09-28 20:50:00
-11.034900,-69.528300,GOES-19,2026-09-28 20:50:00
-11.110100,-69.378200,GOES-19,2026-09-28 20:50:00
-11.128800,-69.396400,GOES-19,2026-09-28 20:50:00
-11.128800,-69.377800,GOES-19,2026-09-28 20:50:00
-11.354200,-69.093800,GOES-19,2026-09-28 20:50:00
-12.367500,-69.104700,GOES-19,2026-09-28 20:50:00
-12.367600,-69.086000,GOES-19,2026-09-28 20:50:00
-12.386300,-69.104200,GOES-19,2026-09-28 20:50:00
-12.386400,-69.085500,GOES-19,2026-09-28 20:50:00
-11.609200,-44.161700,GOES-19,2026-09-28 20:50:00
-9.682000,-45.550700,GOES-19,2026-09-28 20:50:00
-9.768000,-44.854300,GOES-19,2026-09-28 20:50:00
-10.284300,-44.627400,GOES-19,2026-09-28 20:50:00
-11.079200,-46.101700,GOES-19,2026-09-28 20:50:00
-11.098300,-46.099200,GOES-19,2026-09-28 20:50:00
-11.177500,-44.783200,GOES-19,2026-09-28 20:50:00
-11.609600,-44.138200,GOES-19,2026-09-28 20:50:00
-11.628800,-44.135300,GOES-19,2026-09-28 20:50:00
-13.326700,-43.952300,GOES-19,2026-09-28 20:50:00
-13.346200,-43.948900,GOES-19,2026-09-28 20:50:00
-14.959900,-47.527400,GOES-19,2026-09-28 20:50:00
-18.518200,-49.649700,GOES-19,2026-09-28 20:50:00
-18.568400,-48.419100,GOES-19,2026-09-28 20:50:00
-18.736900,-49.697200,GOES-19,2026-09-28 20:50:00
-18.737500,-49.674700,GOES-19,2026-09-28 20:50:00
-18.757000,-49.693300,GOES-19,2026-09-28 20:50:00
-3.254300,-50.137800,GOES-19,2026-09-28 20:50:00
-3.272700,-50.158300,GOES-19,2026-09-28 20:50:00
-3.272800,-50.137200,GOES-19,2026-09-28 20:50:00
-3.272900,-50.116200,GOES-19,2026-09-28 20:50:00
-4.800600,-45.642200,GOES-19,2026-09-28 20:50:00
-4.800800,-45.619800,GOES-19,2026-09-28 20:50:00
-4.819200,-45.641100,GOES-19,2026-09-28 20:50:00
-4.819400,-45.618700,GOES-19,2026-09-28 20:50:00
-4.837900,-45.640000,GOES-19,2026-09-28 20:50:00
-4.838000,-45.617600,GOES-19,2026-09-28 20:50:00
-5.086400,-44.834200,GOES-19,2026-09-28 20:50:00
-5.718700,-45.177300,GOES-19,2026-09-28 20:50:00
-5.737400,-45.176000,GOES-19,2026-09-28 20:50:00
-5.737600,-45.153300,GOES-19,2026-09-28 20:50:00
-5.738400,-45.062600,GOES-19,2026-09-28 20:50:00
-5.738600,-45.039900,GOES-19,2026-09-28 20:50:00
-5.756100,-45.174700,GOES-19,2026-09-28 20:50:00
-6.662700,-55.111200,GOES-19,2026-09-28 20:50:00
-6.662800,-55.091200,GOES-19,2026-09-28 20:50:00
-6.681100,-55.130300,GOES-19,2026-09-28 20:50:00
-6.681200,-55.110300,GOES-19,2026-09-28 20:50:00
-6.681400,-55.090300,GOES-19,2026-09-28 20:50:00
-6.699700,-55.109300,GOES-19,2026-09-28 20:50:00
-7.067400,-55.489600,GOES-19,2026-09-28 20:50:00
-7.067500,-55.469700,GOES-19,2026-09-28 20:50:00
-7.423800,-46.879600,GOES-19,2026-09-28 20:50:00
-7.829700,-45.815600,GOES-19,2026-09-28 20:50:00
-7.848600,-45.813800,GOES-19,2026-09-28 20:50:00
-8.929400,-49.770600,GOES-19,2026-09-28 20:50:00
-9.500500,-46.340000,GOES-19,2026-09-28 20:50:00
-9.519500,-46.337900,GOES-19,2026-09-28 20:50:00
-9.686400,-58.125800,GOES-19,2026-09-28 20:50:00
-9.686500,-58.106200,GOES-19,2026-09-28 20:50:00
-9.796500,-48.192300,GOES-19,2026-09-28 20:50:00
-9.705100,-58.124700,GOES-19,2026-09-28 20:50:00
-10.014500,-50.265700,GOES-19,2026-09-28 20:50:00
-9.926600,-60.717100,GOES-19,2026-09-28 20:50:00
-10.033100,-50.285100,GOES-19,2026-09-28 20:50:00
-10.033400,-50.263800,GOES-19,2026-09-28 20:50:00
-10.033700,-50.242400,GOES-19,2026-09-28 20:50:00
-10.052000,-50.283300,GOES-19,2026-09-28 20:50:00
-10.052300,-50.261900,GOES-19,2026-09-28 20:50:00
-10.705600,-50.834100,GOES-19,2026-09-28 20:50:00
-10.748000,-50.489200,GOES-19,2026-09-28 20:50:00
-10.791300,-48.759600,GOES-19,2026-09-28 20:50:00
-10.791600,-48.737700,GOES-19,2026-09-28 20:50:00
-10.799900,-57.220600,GOES-19,2026-09-28 20:50:00
-10.800100,-57.200700,GOES-19,2026-09-28 20:50:00
-10.818700,-57.219200,GOES-19,2026-09-28 20:50:00
-10.823800,-60.744000,GOES-19,2026-09-28 20:50:00
-10.842400,-60.762200,GOES-19,2026-09-28 20:50:00
-10.842600,-60.742900,GOES-19,2026-09-28 20:50:00
-11.132400,-50.083900,GOES-19,2026-09-28 20:50:00
-11.132700,-50.062400,GOES-19,2026-09-28 20:50:00
-11.151400,-50.081800,GOES-19,2026-09-28 20:50:00
-11.151700,-50.060300,GOES-19,2026-09-28 20:50:00
-11.170700,-50.058100,GOES-19,2026-09-28 20:50:00
-11.343400,-54.129100,GOES-19,2026-09-28 20:50:00
-11.343600,-54.108600,GOES-19,2026-09-28 20:50:00
-11.344400,-54.047000,GOES-19,2026-09-28 20:50:00
-11.362600,-54.106800,GOES-19,2026-09-28 20:50:00
-12.120200,-57.176700,GOES-19,2026-09-28 20:50:00
-12.748300,-54.052200,GOES-19,2026-09-28 20:50:00
-12.767400,-54.050200,GOES-19,2026-09-28 20:50:00
-12.786800,-54.027500,GOES-19,2026-09-28 20:50:00
-12.787100,-54.006900,GOES-19,2026-09-28 20:50:00
-12.892400,-52.031900,GOES-19,2026-09-28 20:50:00
-12.911200,-52.050800,GOES-19,2026-09-28 20:50:00
-12.911500,-52.029600,GOES-19,2026-09-28 20:50:00
4.030600,-58.547300,GOES-19,2026-09-28 20:40:00
-9.686900,-75.210600,GOES-19,2026-09-28 20:40:00
-10.455400,-65.462000,GOES-19,2026-09-28 20:40:00
-10.474000,-65.461300,GOES-19,2026-09-28 20:40:00
-10.734400,-65.620600,GOES-19,2026-09-28 20:40:00
-12.160400,-65.430900,GOES-19,2026-09-28 20:40:00
-12.160500,-65.412000,GOES-19,2026-09-28 20:40:00
-12.160600,-65.393100,GOES-19,2026-09-28 20:40:00
-12.179200,-65.430100,GOES-19,2026-09-28 20:40:00
-12.227900,-66.767200,GOES-19,2026-09-28 20:40:00
-12.575200,-65.393600,GOES-19,2026-09-28 20:40:00
-12.575400,-65.374600,GOES-19,2026-09-28 20:40:00
-12.594100,-65.392700,GOES-19,2026-09-28 20:40:00
-12.594200,-65.373800,GOES-19,2026-09-28 20:40:00
-12.613000,-65.391900,GOES-19,2026-09-28 20:40:00
-12.613100,-65.372900,GOES-19,2026-09-28 20:40:00
-13.284500,-66.876900,GOES-19,2026-09-28 20:40:00
-13.410000,-65.068800,GOES-19,2026-09-28 20:40:00
-13.577800,-65.498600,GOES-19,2026-09-28 20:40:00
-14.233700,-71.286500,GOES-19,2026-09-28 20:40:00
-14.252700,-71.304900,GOES-19,2026-09-28 20:40:00
-14.252700,-71.286100,GOES-19,2026-09-28 20:40:00
-14.271700,-71.285700,GOES-19,2026-09-28 20:40:00
-14.396400,-63.189100,GOES-19,2026-09-28 20:40:00
-14.415600,-63.187900,GOES-19,2026-09-28 20:40:00
-14.423200,-62.372900,GOES-19,2026-09-28 20:40:00
-14.423400,-62.353500,GOES-19,2026-09-28 20:40:00
-14.423600,-62.334000,GOES-19,2026-09-28 20:40:00
-14.442600,-62.352200,GOES-19,2026-09-28 20:40:00
-14.442800,-62.332700,GOES-19,2026-09-28 20:40:00
-14.490700,-65.682200,GOES-19,2026-09-28 20:40:00
-14.490900,-65.663100,GOES-19,2026-09-28 20:40:00
-14.509000,-65.795900,GOES-19,2026-09-28 20:40:00
-14.509200,-65.776800,GOES-19,2026-09-28 20:40:00
-14.509300,-65.757700,GOES-19,2026-09-28 20:40:00
-14.528200,-65.794900,GOES-19,2026-09-28 20:40:00
-14.528300,-65.775800,GOES-19,2026-09-28 20:40:00
-14.528400,-65.756700,GOES-19,2026-09-28 20:40:00
-14.752000,-66.604500,GOES-19,2026-09-28 20:40:00
-14.925000,-64.044600,GOES-19,2026-09-28 20:40:00
-14.944200,-64.043500,GOES-19,2026-09-28 20:40:00
-15.021300,-64.000000,GOES-19,2026-09-28 20:40:00
-15.086300,-65.421100,GOES-19,2026-09-28 20:40:00
-15.105300,-65.439300,GOES-19,2026-09-28 20:40:00
-15.105500,-65.420100,GOES-19,2026-09-28 20:40:00
-15.222100,-65.240800,GOES-19,2026-09-28 20:40:00
-15.281300,-65.045100,GOES-19,2026-09-28 20:40:00
-15.452200,-61.318200,GOES-19,2026-09-28 20:40:00
-15.471500,-61.316600,GOES-19,2026-09-28 20:40:00
-15.471800,-61.296900,GOES-19,2026-09-28 20:40:00
-15.472000,-61.277200,GOES-19,2026-09-28 20:40:00
-15.702100,-61.416100,GOES-19,2026-09-28 20:40:00
-15.743600,-62.941900,GOES-19,2026-09-28 20:40:00
-15.762900,-62.940500,GOES-19,2026-09-28 20:40:00
-15.855900,-63.304400,GOES-19,2026-09-28 20:40:00
-15.899100,-62.852500,GOES-19,2026-09-28 20:40:00
-16.043800,-63.856000,GOES-19,2026-09-28 20:40:00
-16.044000,-63.836600,GOES-19,2026-09-28 20:40:00
-16.062800,-63.893600,GOES-19,2026-09-28 20:40:00
-16.082200,-63.892300,GOES-19,2026-09-28 20:40:00
-16.082400,-63.872900,GOES-19,2026-09-28 20:40:00
-16.142700,-63.635100,GOES-19,2026-09-28 20:40:00
-16.142900,-63.615600,GOES-19,2026-09-28 20:40:00
-16.434600,-61.730400,GOES-19,2026-09-28 20:40:00
-16.434800,-61.710700,GOES-19,2026-09-28 20:40:00
-16.454300,-61.709100,GOES-19,2026-09-28 20:40:00
-16.521400,-62.648800,GOES-19,2026-09-28 20:40:00
-16.540900,-62.647300,GOES-19,2026-09-28 20:40:00
-16.596200,-61.222100,GOES-19,2026-09-28 20:40:00
-16.920100,-61.827900,GOES-19,2026-09-28 20:40:00
-16.920300,-61.808100,GOES-19,2026-09-28 20:40:00
-16.939600,-61.826300,GOES-19,2026-09-28 20:40:00
-16.939800,-61.806500,GOES-19,2026-09-28 20:40:00
-17.072500,-60.561900,GOES-19,2026-09-28 20:40:00
-17.056100,-63.628300,GOES-19,2026-09-28 20:40:00
-17.056300,-63.608700,GOES-19,2026-09-28 20:40:00
-17.091800,-60.580100,GOES-19,2026-09-28 20:40:00
-17.092000,-60.560100,GOES-19,2026-09-28 20:40:00
-17.098400,-60.079200,GOES-19,2026-09-28 20:40:00
-17.098700,-60.059200,GOES-19,2026-09-28 20:40:00
-17.075800,-63.607300,GOES-19,2026-09-28 20:40:00
-17.118000,-60.077300,GOES-19,2026-09-28 20:40:00
-17.139800,-63.092100,GOES-19,2026-09-28 20:40:00
-17.449700,-60.164900,GOES-19,2026-09-28 20:40:00
-17.469100,-60.183000,GOES-19,2026-09-28 20:40:00
-17.469300,-60.162900,GOES-19,2026-09-28 20:40:00
-17.668100,-59.982000,GOES-19,2026-09-28 20:40:00
-18.400000,-62.751800,GOES-19,2026-09-28 20:40:00
-18.400300,-62.731900,GOES-19,2026-09-28 20:40:00
-18.420000,-62.730200,GOES-19,2026-09-28 20:40:00
-19.701500,-63.495500,GOES-19,2026-09-28 20:40:00
-19.786800,-61.559500,GOES-19,2026-09-28 20:40:00
-19.787100,-61.539300,GOES-19,2026-09-28 20:40:00
-19.806800,-61.557500,GOES-19,2026-09-28 20:40:00
-19.807100,-61.537200,GOES-19,2026-09-28 20:40:00
-20.239200,-58.354600,GOES-19,2026-09-28 20:40:00
-20.300200,-58.325800,GOES-19,2026-09-28 20:40:00
-20.300600,-58.305000,GOES-19,2026-09-28 20:40:00
-20.690900,-57.939700,GOES-19,2026-09-28 20:40:00
-20.691300,-57.918800,GOES-19,2026-09-28 20:40:00
-20.710800,-57.957900,GOES-19,2026-09-28 20:40:00
-20.711200,-57.936900,GOES-19,2026-09-28 20:40:00
-20.711500,-57.916000,GOES-19,2026-09-28 20:40:00
-20.731500,-57.934100,GOES-19,2026-09-28 20:40:00
-20.736800,-61.214800,GOES-19,2026-09-28 20:40:00
-21.531700,-62.311500,GOES-19,2026-09-28 20:40:00
-21.551800,-62.329800,GOES-19,2026-09-28 20:40:00
-21.552100,-62.309400,GOES-19,2026-09-28 20:40:00
-21.572500,-62.307200,GOES-19,2026-09-28 20:40:00
-22.384500,-56.969800,GOES-19,2026-09-28 20:40:00
-23.166100,-61.571200,GOES-19,2026-09-28 20:40:00
-23.166500,-61.550400,GOES-19,2026-09-28 20:40:00
-23.430200,-57.507300,GOES-19,2026-09-28 20:40:00
-23.451200,-57.503900,GOES-19,2026-09-28 20:40:00
-23.476600,-61.637300,GOES-19,2026-09-28 20:40:00
-23.477000,-61.616500,GOES-19,2026-09-28 20:40:00
-23.738500,-56.788300,GOES-19,2026-09-28 20:40:00
-23.786600,-58.434600,GOES-19,2026-09-28 20:40:00
-23.807800,-61.784200,GOES-19,2026-09-28 20:40:00
-23.808100,-61.763300,GOES-19,2026-09-28 20:40:00
-23.828700,-61.781700,GOES-19,2026-09-28 20:40:00
-23.829100,-61.760800,GOES-19,2026-09-28 20:40:00
-23.900700,-57.988700,GOES-19,2026-09-28 20:40:00
-23.903000,-58.885700,GOES-19,2026-09-28 20:40:00
-23.907400,-58.672000,GOES-19,2026-09-28 20:40:00
-23.907800,-58.650600,GOES-19,2026-09-28 20:40:00
-23.921700,-57.985300,GOES-19,2026-09-28 20:40:00
-23.923600,-58.903900,GOES-19,2026-09-28 20:40:00
-23.924000,-58.882500,GOES-19,2026-09-28 20:40:00
-23.918200,-60.260500,GOES-19,2026-09-28 20:40:00
-23.944600,-58.900700,GOES-19,2026-09-28 20:40:00
-23.945100,-58.879300,GOES-19,2026-09-28 20:40:00
-23.917800,-61.457300,GOES-19,2026-09-28 20:40:00
-23.927300,-60.911400,GOES-19,2026-09-28 20:40:00
-23.938400,-61.475600,GOES-19,2026-09-28 20:40:00
-23.938800,-61.454700,GOES-19,2026-09-28 20:40:00
-23.939200,-61.433700,GOES-19,2026-09-28 20:40:00
-23.943100,-61.202900,GOES-19,2026-09-28 20:40:00
-23.948300,-60.908600,GOES-19,2026-09-28 20:40:00
-24.022700,-61.444000,GOES-19,2026-09-28 20:40:00
-24.070800,-58.881500,GOES-19,2026-09-28 20:40:00
-24.071300,-58.860100,GOES-19,2026-09-28 20:40:00
-24.091900,-58.878200,GOES-19,2026-09-28 20:40:00
-24.106200,-58.191600,GOES-19,2026-09-28 20:40:00
-24.106600,-58.170100,GOES-19,2026-09-28 20:40:00
-24.205100,-57.508400,GOES-19,2026-09-28 20:40:00
-24.205500,-57.486700,GOES-19,2026-09-28 20:40:00
-24.226200,-57.504800,GOES-19,2026-09-28 20:40:00
-24.177600,-60.983300,GOES-19,2026-09-28 20:40:00
-24.177900,-60.962200,GOES-19,2026-09-28 20:40:00
-24.265800,-59.639700,GOES-19,2026-09-28 20:40:00
-24.339300,-59.117700,GOES-19,2026-09-28 20:40:00
-24.360400,-59.114500,GOES-19,2026-09-28 20:40:00
-24.414400,-59.575200,GOES-19,2026-09-28 20:40:00
-24.414800,-59.553900,GOES-19,2026-09-28 20:40:00
-24.415200,-59.532500,GOES-19,2026-09-28 20:40:00
-24.449100,-59.952700,GOES-19,2026-09-28 20:40:00
-24.449500,-59.931400,GOES-19,2026-09-28 20:40:00
-24.483600,-60.350600,GOES-19,2026-09-28 20:40:00
-24.484000,-60.329400,GOES-19,2026-09-28 20:40:00
-24.488900,-60.074300,GOES-19,2026-09-28 20:40:00
-24.504800,-60.347600,GOES-19,2026-09-28 20:40:00
-24.505200,-60.326400,GOES-19,2026-09-28 20:40:00
-24.510000,-60.071300,GOES-19,2026-09-28 20:40:00
-24.566600,-60.423600,GOES-19,2026-09-28 20:40:00
-24.573700,-61.183300,GOES-19,2026-09-28 20:40:00
-24.580600,-60.802500,GOES-19,2026-09-28 20:40:00
-24.601800,-60.799600,GOES-19,2026-09-28 20:40:00
-24.683500,-56.883200,GOES-19,2026-09-28 20:40:00
-24.684000,-56.861400,GOES-19,2026-09-28 20:40:00
-24.704800,-56.879400,GOES-19,2026-09-28 20:40:00
-24.705300,-56.857600,GOES-19,2026-09-28 20:40:00
-24.642900,-60.857400,GOES-19,2026-09-28 20:40:00
-24.664100,-60.854500,GOES-19,2026-09-28 20:40:00
-24.664500,-60.833300,GOES-19,2026-09-28 20:40:00
-24.685300,-60.851600,GOES-19,2026-09-28 20:40:00
-24.685700,-60.830400,GOES-19,2026-09-28 20:40:00
-24.712800,-59.423800,GOES-19,2026-09-28 20:40:00
-24.706800,-60.827500,GOES-19,2026-09-28 20:40:00
-24.793400,-59.625200,GOES-19,2026-09-28 20:40:00
-24.814600,-59.622000,GOES-19,2026-09-28 20:40:00
-24.815100,-59.600600,GOES-19,2026-09-28 20:40:00
-24.924800,-57.450100,GOES-19,2026-09-28 20:40:00
-24.923500,-59.477200,GOES-19,2026-09-28 20:40:00
-24.923900,-59.455800,GOES-19,2026-09-28 20:40:00
-24.924300,-59.434300,GOES-19,2026-09-28 20:40:00
-24.944700,-59.474000,GOES-19,2026-09-28 20:40:00
-24.945200,-59.452500,GOES-19,2026-09-28 20:40:00
-25.042500,-59.886800,GOES-19,2026-09-28 20:40:00
-25.053700,-60.396800,GOES-19,2026-09-28 20:40:00
-25.090200,-60.710500,GOES-19,2026-09-28 20:40:00
-25.111500,-60.707500,GOES-19,2026-09-28 20:40:00
-25.111900,-60.686200,GOES-19,2026-09-28 20:40:00
-25.117200,-60.408900,GOES-19,2026-09-28 20:40:00
-25.117600,-60.387600,GOES-19,2026-09-28 20:40:00
-26.113200,-60.841100,GOES-19,2026-09-28 20:40:00
-26.113700,-60.819600,GOES-19,2026-09-28 20:40:00
-26.134800,-60.838000,GOES-19,2026-09-28 20:40:00
-26.626300,-61.088300,GOES-19,2026-09-28 20:40:00
-26.626700,-61.066700,GOES-19,2026-09-28 20:40:00
-26.647600,-61.106700,GOES-19,2026-09-28 20:40:00
-26.648000,-61.085100,GOES-19,2026-09-28 20:40:00
-26.648400,-61.063500,GOES-19,2026-09-28 20:40:00
-11.034900,-69.528300,GOES-19,2026-09-28 20:40:00
-11.110100,-69.378200,GOES-19,2026-09-28 20:40:00
-11.128800,-69.377800,GOES-19,2026-09-28 20:40:00
-11.354200,-69.093800,GOES-19,2026-09-28 20:40:00
-12.367500,-69.104700,GOES-19,2026-09-28 20:40:00
-12.367600,-69.086000,GOES-19,2026-09-28 20:40:00
-12.386300,-69.104200,GOES-19,2026-09-28 20:40:00
-12.386400,-69.085500,GOES-19,2026-09-28 20:40:00
-5.360300,-43.342700,GOES-19,2026-09-28 20:40:00
-6.334800,-43.383200,GOES-19,2026-09-28 20:40:00
-7.992500,-43.271000,GOES-19,2026-09-28 20:40:00
-7.992800,-43.247500,GOES-19,2026-09-28 20:40:00
-8.011400,-43.269000,GOES-19,2026-09-28 20:40:00
-8.011700,-43.245500,GOES-19,2026-09-28 20:40:00
-9.682000,-45.550700,GOES-19,2026-09-28 20:40:00
-9.768000,-44.854300,GOES-19,2026-09-28 20:40:00
-10.265300,-44.629800,GOES-19,2026-09-28 20:40:00
-11.079200,-46.101700,GOES-19,2026-09-28 20:40:00
-11.079600,-46.079000,GOES-19,2026-09-28 20:40:00
-11.098300,-46.099200,GOES-19,2026-09-28 20:40:00
-11.098700,-46.076500,GOES-19,2026-09-28 20:40:00
-11.177500,-44.783200,GOES-19,2026-09-28 20:40:00
-11.294500,-43.551000,GOES-19,2026-09-28 20:40:00
-11.313700,-43.548100,GOES-19,2026-09-28 20:40:00
-11.609600,-44.138200,GOES-19,2026-09-28 20:40:00
-11.628800,-44.135300,GOES-19,2026-09-28 20:40:00
-11.640000,-43.521800,GOES-19,2026-09-28 20:40:00
-11.640400,-43.498100,GOES-19,2026-09-28 20:40:00
-11.659200,-43.518800,GOES-19,2026-09-28 20:40:00
-11.659600,-43.495100,GOES-19,2026-09-28 20:40:00
-13.326700,-43.952300,GOES-19,2026-09-28 20:40:00
-13.739800,-43.664700,GOES-19,2026-09-28 20:40:00
-13.872100,-43.830700,GOES-19,2026-09-28 20:40:00
-15.542300,-48.574700,GOES-19,2026-09-28 20:40:00
-18.568400,-48.419100,GOES-19,2026-09-28 20:40:00
-18.736900,-49.697200,GOES-19,2026-09-28 20:40:00
-18.757000,-49.693300,GOES-19,2026-09-28 20:40:00
-3.254300,-50.137800,GOES-19,2026-09-28 20:40:00
-3.272800,-50.137200,GOES-19,2026-09-28 20:40:00
-3.272900,-50.116200,GOES-19,2026-09-28 20:40:00
-4.670900,-45.537400,GOES-19,2026-09-28 20:40:00
-4.689500,-45.536300,GOES-19,2026-09-28 20:40:00
-4.819200,-45.641100,GOES-19,2026-09-28 20:40:00
-4.819400,-45.618700,GOES-19,2026-09-28 20:40:00
-5.086400,-44.834200,GOES-19,2026-09-28 20:40:00
-5.188700,-46.088800,GOES-19,2026-09-28 20:40:00
-5.188900,-46.066500,GOES-19,2026-09-28 20:40:00
-5.737200,-45.198700,GOES-19,2026-09-28 20:40:00
-5.737400,-45.176000,GOES-19,2026-09-28 20:40:00
-5.737600,-45.153300,GOES-19,2026-09-28 20:40:00
-5.738400,-45.062600,GOES-19,2026-09-28 20:40:00
-5.738600,-45.039900,GOES-19,2026-09-28 20:40:00
-5.738800,-45.017200,GOES-19,2026-09-28 20:40:00
-5.756100,-45.174700,GOES-19,2026-09-28 20:40:00
-7.067400,-55.489600,GOES-19,2026-09-28 20:40:00
-7.067500,-55.469700,GOES-19,2026-09-28 20:40:00
-7.391300,-46.415600,GOES-19,2026-09-28 20:40:00
-7.442600,-46.878000,GOES-19,2026-09-28 20:40:00
-7.829700,-45.815600,GOES-19,2026-09-28 20:40:00
-7.848600,-45.813800,GOES-19,2026-09-28 20:40:00
-8.898100,-46.203500,GOES-19,2026-09-28 20:40:00
-8.929400,-49.770600,GOES-19,2026-09-28 20:40:00
-9.133500,-49.987000,GOES-19,2026-09-28 20:40:00
-9.500500,-46.340000,GOES-19,2026-09-28 20:40:00
-9.519200,-46.360400,GOES-19,2026-09-28 20:40:00
-9.519500,-46.337900,GOES-19,2026-09-28 20:40:00
-9.686400,-58.125800,GOES-19,2026-09-28 20:40:00
-11.343400,-54.129100,GOES-19,2026-09-28 20:40:00
-9.686500,-58.106200,GOES-19,2026-09-28 20:40:00
-9.705100,-58.124700,GOES-19,2026-09-28 20:40:00
-9.959300,-50.164400,GOES-19,2026-09-28 20:40:00
-9.959500,-50.143100,GOES-19,2026-09-28 20:40:00
-9.926600,-60.717100,GOES-19,2026-09-28 20:40:00
-10.705600,-50.834100,GOES-19,2026-09-28 20:40:00
-10.791300,-48.759600,GOES-19,2026-09-28 20:40:00
-10.791600,-48.737700,GOES-19,2026-09-28 20:40:00
-10.818900,-57.199300,GOES-19,2026-09-28 20:40:00
-10.837700,-57.197900,GOES-19,2026-09-28 20:40:00
-10.823800,-60.744000,GOES-19,2026-09-28 20:40:00
-10.824000,-60.724600,GOES-19,2026-09-28 20:40:00
-10.934300,-50.703900,GOES-19,2026-09-28 20:40:00
-10.842600,-60.742900,GOES-19,2026-09-28 20:40:00
-10.953300,-50.701800,GOES-19,2026-09-28 20:40:00
-11.132400,-50.083900,GOES-19,2026-09-28 20:40:00
-11.132700,-50.062400,GOES-19,2026-09-28 20:40:00
-11.151400,-50.081800,GOES-19,2026-09-28 20:40:00
-11.151700,-50.060300,GOES-19,2026-09-28 20:40:00
-11.181600,-48.055500,GOES-19,2026-09-28 20:40:00
-11.170700,-50.058100,GOES-19,2026-09-28 20:40:00
-11.189700,-50.056000,GOES-19,2026-09-28 20:40:00
-11.343600,-54.108600,GOES-19,2026-09-28 20:40:00
-11.344200,-54.067500,GOES-19,2026-09-28 20:40:00
-11.344400,-54.047000,GOES-19,2026-09-28 20:40:00
-11.344700,-54.026400,GOES-19,2026-09-28 20:40:00
-11.363100,-54.065700,GOES-19,2026-09-28 20:40:00
-11.363300,-54.045200,GOES-19,2026-09-28 20:40:00
-11.363600,-54.024600,GOES-19,2026-09-28 20:40:00
-12.945600,-46.652000,GOES-19,2026-09-28 20:40:00
-12.892100,-52.053000,GOES-19,2026-09-28 20:40:00
-12.892400,-52.031900,GOES-19,2026-09-28 20:40:00
-12.911200,-52.050800,GOES-19,2026-09-28 20:40:00
-12.911500,-52.029600,GOES-19,2026-09-28 20:40:00
-15.905100,-56.397500,GOES-19,2026-09-28 20:40:00
3.826100,-59.455600,GOES-19,2026-09-28 20:30:00
-9.686900,-75.192300,GOES-19,2026-09-28 20:30:00
-10.474000,-65.461300,GOES-19,2026-09-28 20:30:00
-10.715800,-65.621300,GOES-19,2026-09-28 20:30:00
-10.734400,-65.620600,GOES-19,2026-09-28 20:30:00
-12.160400,-65.430900,GOES-19,2026-09-28 20:30:00
-12.160500,-65.412000,GOES-19,2026-09-28 20:30:00
-12.179200,-65.430100,GOES-19,2026-09-28 20:30:00
-12.179300,-65.411200,GOES-19,2026-09-28 20:30:00
-12.575200,-65.393600,GOES-19,2026-09-28 20:30:00
-12.575400,-65.374600,GOES-19,2026-09-28 20:30:00
-12.594100,-65.392700,GOES-19,2026-09-28 20:30:00
-12.594200,-65.373800,GOES-19,2026-09-28 20:30:00
-12.613000,-65.391900,GOES-19,2026-09-28 20:30:00
-12.613100,-65.372900,GOES-19,2026-09-28 20:30:00
-12.749500,-67.932400,GOES-19,2026-09-28 20:30:00
-12.851100,-63.799800,GOES-19,2026-09-28 20:30:00
-12.870000,-63.798700,GOES-19,2026-09-28 20:30:00
-13.040300,-63.808600,GOES-19,2026-09-28 20:30:00
-13.410000,-65.068800,GOES-19,2026-09-28 20:30:00
-13.596800,-65.497700,GOES-19,2026-09-28 20:30:00
-13.596900,-65.478600,GOES-19,2026-09-28 20:30:00
-13.775700,-71.968300,GOES-19,2026-09-28 20:30:00
-14.252700,-71.304900,GOES-19,2026-09-28 20:30:00
-14.252700,-71.286100,GOES-19,2026-09-28 20:30:00
-14.271700,-71.285700,GOES-19,2026-09-28 20:30:00
-14.396400,-63.189100,GOES-19,2026-09-28 20:30:00
-14.415600,-63.187900,GOES-19,2026-09-28 20:30:00
-14.423200,-62.372900,GOES-19,2026-09-28 20:30:00
-14.423400,-62.353500,GOES-19,2026-09-28 20:30:00
-14.442600,-62.352200,GOES-19,2026-09-28 20:30:00
-14.490700,-65.682200,GOES-19,2026-09-28 20:30:00
-14.490900,-65.663100,GOES-19,2026-09-28 20:30:00
-14.509000,-65.795900,GOES-19,2026-09-28 20:30:00
-14.509200,-65.776800,GOES-19,2026-09-28 20:30:00
-14.528200,-65.794900,GOES-19,2026-09-28 20:30:00
-14.528300,-65.775800,GOES-19,2026-09-28 20:30:00
-14.528400,-65.756700,GOES-19,2026-09-28 20:30:00
-14.546700,-65.870400,GOES-19,2026-09-28 20:30:00
-14.546900,-65.851300,GOES-19,2026-09-28 20:30:00
-14.565800,-65.869400,GOES-19,2026-09-28 20:30:00
-14.566000,-65.850300,GOES-19,2026-09-28 20:30:00
-14.585100,-65.849400,GOES-19,2026-09-28 20:30:00
-14.604000,-65.886600,GOES-19,2026-09-28 20:30:00
-14.632600,-64.639800,GOES-19,2026-09-28 20:30:00
-14.925000,-64.044600,GOES-19,2026-09-28 20:30:00
-14.944200,-64.043500,GOES-19,2026-09-28 20:30:00
-15.021300,-64.000000,GOES-19,2026-09-28 20:30:00
-15.040500,-63.998800,GOES-19,2026-09-28 20:30:00
-15.086300,-65.421100,GOES-19,2026-09-28 20:30:00
-15.105300,-65.439300,GOES-19,2026-09-28 20:30:00
-15.105500,-65.420100,GOES-19,2026-09-28 20:30:00
-15.201100,-61.377500,GOES-19,2026-09-28 20:30:00
-15.281300,-65.045100,GOES-19,2026-09-28 20:30:00
-15.452200,-61.318200,GOES-19,2026-09-28 20:30:00
-15.471500,-61.316600,GOES-19,2026-09-28 20:30:00
-15.471800,-61.296900,GOES-19,2026-09-28 20:30:00
-15.472000,-61.277200,GOES-19,2026-09-28 20:30:00
-15.564500,-63.499700,GOES-19,2026-09-28 20:30:00
-15.585900,-61.445200,GOES-19,2026-09-28 20:30:00
-15.702100,-61.416100,GOES-19,2026-09-28 20:30:00
-15.762900,-62.940500,GOES-19,2026-09-28 20:30:00
-15.855900,-63.304400,GOES-19,2026-09-28 20:30:00
-15.899100,-62.852500,GOES-19,2026-09-28 20:30:00
-16.043800,-63.856000,GOES-19,2026-09-28 20:30:00
-16.044000,-63.836600,GOES-19,2026-09-28 20:30:00
-16.082200,-63.892300,GOES-19,2026-09-28 20:30:00
-16.082400,-63.872900,GOES-19,2026-09-28 20:30:00
-16.142700,-63.635100,GOES-19,2026-09-28 20:30:00
-16.142900,-63.615600,GOES-19,2026-09-28 20:30:00
-16.434600,-61.730400,GOES-19,2026-09-28 20:30:00
-16.434800,-61.710700,GOES-19,2026-09-28 20:30:00
-16.454100,-61.728800,GOES-19,2026-09-28 20:30:00
-16.454300,-61.709100,GOES-19,2026-09-28 20:30:00
-16.595900,-61.242000,GOES-19,2026-09-28 20:30:00
-16.596200,-61.222100,GOES-19,2026-09-28 20:30:00
-16.656300,-61.078000,GOES-19,2026-09-28 20:30:00
-16.920100,-61.827900,GOES-19,2026-09-28 20:30:00
-17.072500,-60.561900,GOES-19,2026-09-28 20:30:00
-17.056100,-63.628300,GOES-19,2026-09-28 20:30:00
-17.056300,-63.608700,GOES-19,2026-09-28 20:30:00
-17.091800,-60.580100,GOES-19,2026-09-28 20:30:00
-17.092000,-60.560100,GOES-19,2026-09-28 20:30:00
-17.098400,-60.079200,GOES-19,2026-09-28 20:30:00
-17.098700,-60.059200,GOES-19,2026-09-28 20:30:00
-17.075800,-63.607300,GOES-19,2026-09-28 20:30:00
-17.118000,-60.077300,GOES-19,2026-09-28 20:30:00
-17.139800,-63.092100,GOES-19,2026-09-28 20:30:00
-17.140000,-63.072400,GOES-19,2026-09-28 20:30:00
-17.159400,-63.090500,GOES-19,2026-09-28 20:30:00
-17.449700,-60.164900,GOES-19,2026-09-28 20:30:00
-17.469100,-60.183000,GOES-19,2026-09-28 20:30:00
-17.469300,-60.162900,GOES-19,2026-09-28 20:30:00
-17.668100,-59.982000,GOES-19,2026-09-28 20:30:00
-18.400000,-62.751800,GOES-19,2026-09-28 20:30:00
-18.400300,-62.731900,GOES-19,2026-09-28 20:30:00
-18.420000,-62.730200,GOES-19,2026-09-28 20:30:00
-19.473400,-59.786300,GOES-19,2026-09-28 20:30:00
-19.786800,-61.559500,GOES-19,2026-09-28 20:30:00
-19.787100,-61.539300,GOES-19,2026-09-28 20:30:00
-19.806800,-61.557500,GOES-19,2026-09-28 20:30:00
-19.807100,-61.537200,GOES-19,2026-09-28 20:30:00
-20.259400,-58.351900,GOES-19,2026-09-28 20:30:00
-20.736800,-61.214800,GOES-19,2026-09-28 20:30:00
-20.737100,-61.194300,GOES-19,2026-09-28 20:30:00
-21.531700,-62.311500,GOES-19,2026-09-28 20:30:00
-21.551800,-62.329800,GOES-19,2026-09-28 20:30:00
-21.552100,-62.309400,GOES-19,2026-09-28 20:30:00
-21.572500,-62.307200,GOES-19,2026-09-28 20:30:00
-22.182500,-58.841300,GOES-19,2026-09-28 20:30:00
-22.182900,-58.820300,GOES-19,2026-09-28 20:30:00
-22.203100,-58.838400,GOES-19,2026-09-28 20:30:00
-22.203500,-58.817400,GOES-19,2026-09-28 20:30:00
-22.384500,-56.969800,GOES-19,2026-09-28 20:30:00
-22.424200,-58.047600,GOES-19,2026-09-28 20:30:00
-22.424700,-58.026400,GOES-19,2026-09-28 20:30:00
-22.444900,-58.044500,GOES-19,2026-09-28 20:30:00
-22.445300,-58.023300,GOES-19,2026-09-28 20:30:00
-22.445800,-58.002000,GOES-19,2026-09-28 20:30:00
-22.466000,-58.020200,GOES-19,2026-09-28 20:30:00
-23.166100,-61.571200,GOES-19,2026-09-28 20:30:00
-23.166500,-61.550400,GOES-19,2026-09-28 20:30:00
-23.186900,-61.568700,GOES-19,2026-09-28 20:30:00
-23.430200,-57.507300,GOES-19,2026-09-28 20:30:00
-23.451200,-57.503900,GOES-19,2026-09-28 20:30:00
-23.451600,-57.482400,GOES-19,2026-09-28 20:30:00
-23.455800,-61.639900,GOES-19,2026-09-28 20:30:00
-23.476600,-61.637300,GOES-19,2026-09-28 20:30:00
-23.477000,-61.616500,GOES-19,2026-09-28 20:30:00
-23.561500,-61.543600,GOES-19,2026-09-28 20:30:00
-23.568600,-61.125400,GOES-19,2026-09-28 20:30:00
-23.582700,-61.520200,GOES-19,2026-09-28 20:30:00
-23.738500,-56.788300,GOES-19,2026-09-28 20:30:00
-23.786600,-58.434600,GOES-19,2026-09-28 20:30:00
-23.789300,-58.306100,GOES-19,2026-09-28 20:30:00
-23.807600,-58.431400,GOES-19,2026-09-28 20:30:00
-23.837600,-57.998900,GOES-19,2026-09-28 20:30:00
-23.807800,-61.784200,GOES-19,2026-09-28 20:30:00
-23.808100,-61.763300,GOES-19,2026-09-28 20:30:00
-23.828700,-61.781700,GOES-19,2026-09-28 20:30:00
-23.829100,-61.760800,GOES-19,2026-09-28 20:30:00
-23.886400,-58.675200,GOES-19,2026-09-28 20:30:00
-23.900700,-57.988700,GOES-19,2026-09-28 20:30:00
-23.907400,-58.672000,GOES-19,2026-09-28 20:30:00
-23.907800,-58.650600,GOES-19,2026-09-28 20:30:00
-23.921700,-57.985300,GOES-19,2026-09-28 20:30:00
-23.923600,-58.903900,GOES-19,2026-09-28 20:30:00
-23.924000,-58.882500,GOES-19,2026-09-28 20:30:00
-23.917900,-60.281600,GOES-19,2026-09-28 20:30:00
-23.918200,-60.260500,GOES-19,2026-09-28 20:30:00
-23.918600,-60.239400,GOES-19,2026-09-28 20:30:00
-23.944600,-58.900700,GOES-19,2026-09-28 20:30:00
-23.945100,-58.879300,GOES-19,2026-09-28 20:30:00
-23.917800,-61.457300,GOES-19,2026-09-28 20:30:00
-23.938400,-61.475600,GOES-19,2026-09-28 20:30:00
-23.938800,-61.454700,GOES-19,2026-09-28 20:30:00
-23.939200,-61.433700,GOES-19,2026-09-28 20:30:00
-23.943100,-61.202900,GOES-19,2026-09-28 20:30:00
-24.029200,-58.866500,GOES-19,2026-09-28 20:30:00
-24.049800,-58.884700,GOES-19,2026-09-28 20:30:00
-24.050200,-58.863300,GOES-19,2026-09-28 20:30:00
-24.022400,-61.465000,GOES-19,2026-09-28 20:30:00
-24.022700,-61.444000,GOES-19,2026-09-28 20:30:00
-24.070800,-58.881500,GOES-19,2026-09-28 20:30:00
-24.071300,-58.860100,GOES-19,2026-09-28 20:30:00
-24.091900,-58.878200,GOES-19,2026-09-28 20:30:00
-24.106200,-58.191600,GOES-19,2026-09-28 20:30:00
-24.106600,-58.170100,GOES-19,2026-09-28 20:30:00
-24.205100,-57.508400,GOES-19,2026-09-28 20:30:00
-24.205500,-57.486700,GOES-19,2026-09-28 20:30:00
-24.226200,-57.504800,GOES-19,2026-09-28 20:30:00
-24.226700,-57.483200,GOES-19,2026-09-28 20:30:00
-24.177600,-60.983300,GOES-19,2026-09-28 20:30:00
-24.177900,-60.962200,GOES-19,2026-09-28 20:30:00
-24.265800,-59.639700,GOES-19,2026-09-28 20:30:00
-24.266200,-59.618400,GOES-19,2026-09-28 20:30:00
-24.287300,-59.615300,GOES-19,2026-09-28 20:30:00
-24.339300,-59.117700,GOES-19,2026-09-28 20:30:00
-24.360400,-59.114500,GOES-19,2026-09-28 20:30:00
-24.414400,-59.575200,GOES-19,2026-09-28 20:30:00
-24.414800,-59.553900,GOES-19,2026-09-28 20:30:00
-24.415200,-59.532500,GOES-19,2026-09-28 20:30:00
-24.449100,-59.952700,GOES-19,2026-09-28 20:30:00
-24.449500,-59.931400,GOES-19,2026-09-28 20:30:00
-24.470600,-59.928300,GOES-19,2026-09-28 20:30:00
-24.483600,-60.350600,GOES-19,2026-09-28 20:30:00
-24.484000,-60.329400,GOES-19,2026-09-28 20:30:00
-24.488900,-60.074300,GOES-19,2026-09-28 20:30:00
-24.504800,-60.347600,GOES-19,2026-09-28 20:30:00
-24.505200,-60.326400,GOES-19,2026-09-28 20:30:00
-24.510000,-60.071300,GOES-19,2026-09-28 20:30:00
-24.510500,-60.050000,GOES-19,2026-09-28 20:30:00
-24.566600,-60.423600,GOES-19,2026-09-28 20:30:00
-24.573700,-61.183300,GOES-19,2026-09-28 20:30:00
-24.580600,-60.802500,GOES-19,2026-09-28 20:30:00
-24.587800,-60.420700,GOES-19,2026-09-28 20:30:00
-24.601800,-60.799600,GOES-19,2026-09-28 20:30:00
-24.602200,-60.778400,GOES-19,2026-09-28 20:30:00
-24.683500,-56.883200,GOES-19,2026-09-28 20:30:00
-24.684000,-56.861400,GOES-19,2026-09-28 20:30:00
-24.704800,-56.879400,GOES-19,2026-09-28 20:30:00
-24.705300,-56.857600,GOES-19,2026-09-28 20:30:00
-24.712800,-59.423800,GOES-19,2026-09-28 20:30:00
-24.866900,-55.444000,GOES-19,2026-09-28 20:30:00
-24.793400,-59.625200,GOES-19,2026-09-28 20:30:00
-24.814600,-59.622000,GOES-19,2026-09-28 20:30:00
-24.815100,-59.600600,GOES-19,2026-09-28 20:30:00
-24.924300,-57.472000,GOES-19,2026-09-28 20:30:00
-24.924800,-57.450100,GOES-19,2026-09-28 20:30:00
-24.945600,-57.468300,GOES-19,2026-09-28 20:30:00
-24.946100,-57.446400,GOES-19,2026-09-28 20:30:00
-24.923500,-59.477200,GOES-19,2026-09-28 20:30:00
-24.923900,-59.455800,GOES-19,2026-09-28 20:30:00
-24.924300,-59.434300,GOES-19,2026-09-28 20:30:00
-24.944700,-59.474000,GOES-19,2026-09-28 20:30:00
-24.945200,-59.452500,GOES-19,2026-09-28 20:30:00
-25.042500,-59.886800,GOES-19,2026-09-28 20:30:00
-25.053700,-60.396800,GOES-19,2026-09-28 20:30:00
-25.090200,-60.710500,GOES-19,2026-09-28 20:30:00
-25.111500,-60.707500,GOES-19,2026-09-28 20:30:00
-25.117200,-60.408900,GOES-19,2026-09-28 20:30:00
-25.117600,-60.387600,GOES-19,2026-09-28 20:30:00
-25.138900,-60.384500,GOES-19,2026-09-28 20:30:00
-25.271000,-60.151800,GOES-19,2026-09-28 20:30:00
-26.113200,-60.841100,GOES-19,2026-09-28 20:30:00
-26.134400,-60.859500,GOES-19,2026-09-28 20:30:00
-26.134800,-60.838000,GOES-19,2026-09-28 20:30:00
-26.626300,-61.088300,GOES-19,2026-09-28 20:30:00
-26.648000,-61.085100,GOES-19,2026-09-28 20:30:00
-11.034900,-69.528300,GOES-19,2026-09-28 20:30:00
-11.110100,-69.378200,GOES-19,2026-09-28 20:30:00
-11.128800,-69.377800,GOES-19,2026-09-28 20:30:00
-11.147400,-69.395900,GOES-19,2026-09-28 20:30:00
-11.354200,-69.093800,GOES-19,2026-09-28 20:30:00
-12.367400,-69.123400,GOES-19,2026-09-28 20:30:00
-12.367500,-69.104700,GOES-19,2026-09-28 20:30:00
-12.367600,-69.086000,GOES-19,2026-09-28 20:30:00
-12.386300,-69.104200,GOES-19,2026-09-28 20:30:00
-12.386400,-69.085500,GOES-19,2026-09-28 20:30:00
-12.871300,-70.510600,GOES-19,2026-09-28 20:30:00
-12.948900,-69.892800,GOES-19,2026-09-28 20:30:00
-14.709900,-45.556300,GOES-19,2026-09-28 20:30:00
-4.446800,-42.912300,GOES-19,2026-09-28 20:30:00
-6.334800,-43.383200,GOES-19,2026-09-28 20:30:00
-7.992500,-43.271000,GOES-19,2026-09-28 20:30:00
-7.992800,-43.247500,GOES-19,2026-09-28 20:30:00
-8.011400,-43.269000,GOES-19,2026-09-28 20:30:00
-8.011700,-43.245500,GOES-19,2026-09-28 20:30:00
-10.265300,-44.629800,GOES-19,2026-09-28 20:30:00
-11.079200,-46.101700,GOES-19,2026-09-28 20:30:00
-11.177100,-44.806400,GOES-19,2026-09-28 20:30:00
-11.177500,-44.783200,GOES-19,2026-09-28 20:30:00
-11.294500,-43.551000,GOES-19,2026-09-28 20:30:00
-11.313700,-43.548100,GOES-19,2026-09-28 20:30:00
-11.609200,-44.161700,GOES-19,2026-09-28 20:30:00
-11.609600,-44.138200,GOES-19,2026-09-28 20:30:00
-11.628400,-44.158800,GOES-19,2026-09-28 20:30:00
-11.628800,-44.135300,GOES-19,2026-09-28 20:30:00
-11.717800,-43.462300,GOES-19,2026-09-28 20:30:00
-13.326700,-43.952300,GOES-19,2026-09-28 20:30:00
-13.739800,-43.664700,GOES-19,2026-09-28 20:30:00
-14.709400,-45.579600,GOES-19,2026-09-28 20:30:00
-14.728900,-45.576000,GOES-19,2026-09-28 20:30:00
-14.729500,-45.552700,GOES-19,2026-09-28 20:30:00
-18.518200,-49.649700,GOES-19,2026-09-28 20:30:00
-18.568400,-48.419100,GOES-19,2026-09-28 20:30:00
-18.587700,-49.254000,GOES-19,2026-09-28 20:30:00
-18.683400,-48.623400,GOES-19,2026-09-28 20:30:00
-18.736900,-49.697200,GOES-19,2026-09-28 20:30:00
-4.670900,-45.537400,GOES-19,2026-09-28 20:30:00
-5.086200,-44.857000,GOES-19,2026-09-28 20:30:00
-5.086400,-44.834200,GOES-19,2026-09-28 20:30:00
-5.188900,-46.066500,GOES-19,2026-09-28 20:30:00
-5.718700,-45.177300,GOES-19,2026-09-28 20:30:00
-5.737200,-45.198700,GOES-19,2026-09-28 20:30:00
-5.737400,-45.176000,GOES-19,2026-09-28 20:30:00
-5.737600,-45.153300,GOES-19,2026-09-28 20:30:00
-5.738400,-45.062600,GOES-19,2026-09-28 20:30:00
-5.738600,-45.039900,GOES-19,2026-09-28 20:30:00
-5.738800,-45.017200,GOES-19,2026-09-28 20:30:00
-5.756100,-45.174700,GOES-19,2026-09-28 20:30:00
-6.955300,-46.918300,GOES-19,2026-09-28 20:30:00
-7.067400,-55.489600,GOES-19,2026-09-28 20:30:00
-7.067500,-55.469700,GOES-19,2026-09-28 20:30:00
-7.437000,-55.629100,GOES-19,2026-09-28 20:30:00
-7.829700,-45.815600,GOES-19,2026-09-28 20:30:00
-9.133500,-49.987000,GOES-19,2026-09-28 20:30:00
-9.133700,-49.965600,GOES-19,2026-09-28 20:30:00
-9.500500,-46.340000,GOES-19,2026-09-28 20:30:00
-9.519500,-46.337900,GOES-19,2026-09-28 20:30:00
-9.686400,-58.125800,GOES-19,2026-09-28 20:30:00
-9.686500,-58.106200,GOES-19,2026-09-28 20:30:00
-9.705100,-58.124700,GOES-19,2026-09-28 20:30:00
-9.705200,-58.105000,GOES-19,2026-09-28 20:30:00
-9.959300,-48.720700,GOES-19,2026-09-28 20:30:00
-9.959300,-50.164400,GOES-19,2026-09-28 20:30:00
-9.959500,-50.143100,GOES-19,2026-09-28 20:30:00
-9.978400,-50.141200,GOES-19,2026-09-28 20:30:00
-9.926600,-60.717100,GOES-19,2026-09-28 20:30:00
-10.033100,-50.285100,GOES-19,2026-09-28 20:30:00
-10.033400,-50.263800,GOES-19,2026-09-28 20:30:00
-10.052300,-50.261900,GOES-19,2026-09-28 20:30:00
-10.650500,-50.712300,GOES-19,2026-09-28 20:30:00
-10.791300,-48.759600,GOES-19,2026-09-28 20:30:00
-10.791600,-48.737700,GOES-19,2026-09-28 20:30:00
-10.823800,-60.744000,GOES-19,2026-09-28 20:30:00
-10.824000,-60.724600,GOES-19,2026-09-28 20:30:00
-10.842600,-60.742900,GOES-19,2026-09-28 20:30:00
-11.132400,-50.083900,GOES-19,2026-09-28 20:30:00
-11.132700,-50.062400,GOES-19,2026-09-28 20:30:00
-11.151400,-50.081800,GOES-19,2026-09-28 20:30:00
-11.151700,-50.060300,GOES-19,2026-09-28 20:30:00
-11.170700,-50.058100,GOES-19,2026-09-28 20:30:00
-11.343400,-54.129100,GOES-19,2026-09-28 20:30:00
-11.343600,-54.108600,GOES-19,2026-09-28 20:30:00
-12.748300,-54.052200,GOES-19,2026-09-28 20:30:00
-12.767400,-54.050200,GOES-19,2026-09-28 20:30:00
-12.945600,-46.652000,GOES-19,2026-09-28 20:30:00
-15.100400,-54.594100,GOES-19,2026-09-28 20:30:00
-15.905100,-56.397500,GOES-19,2026-09-28 20:30:00
-16.468500,-69.278600,GOES-19,2026-09-28 20:20:00
3.939400,-58.414400,GOES-19,2026-09-28 20:20:00
-7.034300,-78.027000,GOES-19,2026-09-28 20:20:00
-9.631300,-75.064100,GOES-19,2026-09-28 20:20:00
-9.631300,-75.045800,GOES-19,2026-09-28 20:20:00
-9.668400,-75.210600,GOES-19,2026-09-28 20:20:00
-9.686900,-75.228900,GOES-19,2026-09-28 20:20:00
-9.686900,-75.210600,GOES-19,2026-09-28 20:20:00
-9.686900,-75.192300,GOES-19,2026-09-28 20:20:00
-10.473900,-65.480100,GOES-19,2026-09-28 20:20:00
-10.474000,-65.461300,GOES-19,2026-09-28 20:20:00
-10.715800,-65.621300,GOES-19,2026-09-28 20:20:00
-10.715900,-65.602500,GOES-19,2026-09-28 20:20:00
-10.734300,-65.639400,GOES-19,2026-09-28 20:20:00
-10.734400,-65.620600,GOES-19,2026-09-28 20:20:00
-10.884400,-65.521000,GOES-19,2026-09-28 20:20:00
-10.988700,-75.009200,GOES-19,2026-09-28 20:20:00
-11.804000,-65.276200,GOES-19,2026-09-28 20:20:00
-12.160500,-65.412000,GOES-19,2026-09-28 20:20:00
-12.179400,-65.392300,GOES-19,2026-09-28 20:20:00
-12.575200,-65.393600,GOES-19,2026-09-28 20:20:00
-12.575400,-65.374600,GOES-19,2026-09-28 20:20:00
-12.594100,-65.392700,GOES-19,2026-09-28 20:20:00
-12.594200,-65.373800,GOES-19,2026-09-28 20:20:00
-12.613000,-65.391900,GOES-19,2026-09-28 20:20:00
-12.613100,-65.372900,GOES-19,2026-09-28 20:20:00
-12.749500,-67.932400,GOES-19,2026-09-28 20:20:00
-13.040300,-63.808600,GOES-19,2026-09-28 20:20:00
-13.284500,-66.876900,GOES-19,2026-09-28 20:20:00
-13.329800,-65.700500,GOES-19,2026-09-28 20:20:00
-13.596800,-65.497700,GOES-19,2026-09-28 20:20:00
-13.596900,-65.478600,GOES-19,2026-09-28 20:20:00
-14.252700,-71.286100,GOES-19,2026-09-28 20:20:00
-14.396300,-63.208400,GOES-19,2026-09-28 20:20:00
-14.396400,-63.189100,GOES-19,2026-09-28 20:20:00
-14.423200,-62.372900,GOES-19,2026-09-28 20:20:00
-14.423400,-62.353500,GOES-19,2026-09-28 20:20:00
-14.423600,-62.334000,GOES-19,2026-09-28 20:20:00
-14.442600,-62.352200,GOES-19,2026-09-28 20:20:00
-14.442800,-62.332700,GOES-19,2026-09-28 20:20:00
-14.490700,-65.682200,GOES-19,2026-09-28 20:20:00
-14.490900,-65.663100,GOES-19,2026-09-28 20:20:00
-14.509000,-65.795900,GOES-19,2026-09-28 20:20:00
-14.509200,-65.776800,GOES-19,2026-09-28 20:20:00
-14.528200,-65.794900,GOES-19,2026-09-28 20:20:00
-14.528300,-65.775800,GOES-19,2026-09-28 20:20:00
-14.528400,-65.756700,GOES-19,2026-09-28 20:20:00
-14.546700,-65.870400,GOES-19,2026-09-28 20:20:00
-14.546900,-65.851300,GOES-19,2026-09-28 20:20:00
-14.565800,-65.869400,GOES-19,2026-09-28 20:20:00
-14.566000,-65.850300,GOES-19,2026-09-28 20:20:00
-14.604000,-65.886600,GOES-19,2026-09-28 20:20:00
-14.632600,-64.639800,GOES-19,2026-09-28 20:20:00
-14.925000,-64.044600,GOES-19,2026-09-28 20:20:00
-14.944200,-64.043500,GOES-19,2026-09-28 20:20:00
-15.021100,-64.019400,GOES-19,2026-09-28 20:20:00
-15.021300,-64.000000,GOES-19,2026-09-28 20:20:00
-15.086300,-65.421100,GOES-19,2026-09-28 20:20:00
-15.105300,-65.439300,GOES-19,2026-09-28 20:20:00
-15.105500,-65.420100,GOES-19,2026-09-28 20:20:00
-15.281300,-65.045100,GOES-19,2026-09-28 20:20:00
-15.452200,-61.318200,GOES-19,2026-09-28 20:20:00
-15.452400,-61.298500,GOES-19,2026-09-28 20:20:00
-15.471500,-61.316600,GOES-19,2026-09-28 20:20:00
-15.471800,-61.296900,GOES-19,2026-09-28 20:20:00
-15.472000,-61.277200,GOES-19,2026-09-28 20:20:00
-15.454200,-65.073600,GOES-19,2026-09-28 20:20:00
-15.564300,-63.519100,GOES-19,2026-09-28 20:20:00
-15.564500,-63.499700,GOES-19,2026-09-28 20:20:00
-15.585600,-61.464900,GOES-19,2026-09-28 20:20:00
-15.585900,-61.445200,GOES-19,2026-09-28 20:20:00
-15.702100,-61.416100,GOES-19,2026-09-28 20:20:00
-15.804800,-62.624900,GOES-19,2026-09-28 20:20:00
-15.855900,-63.304400,GOES-19,2026-09-28 20:20:00
-16.021900,-64.129600,GOES-19,2026-09-28 20:20:00
-16.043800,-63.856000,GOES-19,2026-09-28 20:20:00
-16.044000,-63.836600,GOES-19,2026-09-28 20:20:00
-16.063400,-63.835200,GOES-19,2026-09-28 20:20:00
-16.082200,-63.892300,GOES-19,2026-09-28 20:20:00
-16.082400,-63.872900,GOES-19,2026-09-28 20:20:00
-16.142700,-63.635100,GOES-19,2026-09-28 20:20:00
-16.142900,-63.615600,GOES-19,2026-09-28 20:20:00
-16.362800,-62.955100,GOES-19,2026-09-28 20:20:00
-16.363000,-62.935500,GOES-19,2026-09-28 20:20:00
-16.434600,-61.730400,GOES-19,2026-09-28 20:20:00
-16.434800,-61.710700,GOES-19,2026-09-28 20:20:00
-16.454100,-61.728800,GOES-19,2026-09-28 20:20:00
-16.454300,-61.709100,GOES-19,2026-09-28 20:20:00
-16.468600,-69.259500,GOES-19,2026-09-28 20:20:00
-16.576700,-61.223800,GOES-19,2026-09-28 20:20:00
-16.596200,-61.222100,GOES-19,2026-09-28 20:20:00
-16.920100,-61.827900,GOES-19,2026-09-28 20:20:00
-16.920300,-61.808100,GOES-19,2026-09-28 20:20:00
-16.939600,-61.826300,GOES-19,2026-09-28 20:20:00
-17.070100,-60.741800,GOES-19,2026-09-28 20:20:00
-17.072500,-60.561900,GOES-19,2026-09-28 20:20:00
-17.056100,-63.628300,GOES-19,2026-09-28 20:20:00
-17.056300,-63.608700,GOES-19,2026-09-28 20:20:00
-17.091800,-60.580100,GOES-19,2026-09-28 20:20:00
-17.092000,-60.560100,GOES-19,2026-09-28 20:20:00
-17.098400,-60.079200,GOES-19,2026-09-28 20:20:00
-17.098700,-60.059200,GOES-19,2026-09-28 20:20:00
-17.075600,-63.626900,GOES-19,2026-09-28 20:20:00
-17.075800,-63.607300,GOES-19,2026-09-28 20:20:00
-17.118000,-60.077300,GOES-19,2026-09-28 20:20:00
-17.139800,-63.092100,GOES-19,2026-09-28 20:20:00
-17.140000,-63.072400,GOES-19,2026-09-28 20:20:00
-17.449700,-60.164900,GOES-19,2026-09-28 20:20:00
-17.469100,-60.183000,GOES-19,2026-09-28 20:20:00
-17.469300,-60.162900,GOES-19,2026-09-28 20:20:00
-17.668100,-59.982000,GOES-19,2026-09-28 20:20:00
-18.400000,-62.751800,GOES-19,2026-09-28 20:20:00
-18.400300,-62.731900,GOES-19,2026-09-28 20:20:00
-18.419800,-62.750100,GOES-19,2026-09-28 20:20:00
-18.420000,-62.730200,GOES-19,2026-09-28 20:20:00
-19.786800,-61.559500,GOES-19,2026-09-28 20:20:00
-19.787100,-61.539300,GOES-19,2026-09-28 20:20:00
-19.806800,-61.557500,GOES-19,2026-09-28 20:20:00
-19.807100,-61.537200,GOES-19,2026-09-28 20:20:00
-19.827200,-61.535200,GOES-19,2026-09-28 20:20:00
-20.279600,-58.349300,GOES-19,2026-09-28 20:20:00
-20.280000,-58.328500,GOES-19,2026-09-28 20:20:00
-20.299800,-58.346600,GOES-19,2026-09-28 20:20:00
-20.300200,-58.325800,GOES-19,2026-09-28 20:20:00
-20.300600,-58.305000,GOES-19,2026-09-28 20:20:00
-20.736800,-61.214800,GOES-19,2026-09-28 20:20:00
-20.737100,-61.194300,GOES-19,2026-09-28 20:20:00
-21.531700,-62.311500,GOES-19,2026-09-28 20:20:00
-21.551800,-62.329800,GOES-19,2026-09-28 20:20:00
-21.552100,-62.309400,GOES-19,2026-09-28 20:20:00
-21.572500,-62.307200,GOES-19,2026-09-28 20:20:00
-21.991700,-58.090500,GOES-19,2026-09-28 20:20:00
-22.182500,-58.841300,GOES-19,2026-09-28 20:20:00
-22.182900,-58.820300,GOES-19,2026-09-28 20:20:00
-22.203100,-58.838400,GOES-19,2026-09-28 20:20:00
-22.203500,-58.817400,GOES-19,2026-09-28 20:20:00
-22.384500,-56.969800,GOES-19,2026-09-28 20:20:00
-22.424700,-58.026400,GOES-19,2026-09-28 20:20:00
-22.425100,-58.005100,GOES-19,2026-09-28 20:20:00
-22.444900,-58.044500,GOES-19,2026-09-28 20:20:00
-22.445300,-58.023300,GOES-19,2026-09-28 20:20:00
-22.445800,-58.002000,GOES-19,2026-09-28 20:20:00
-22.465600,-58.041400,GOES-19,2026-09-28 20:20:00
-22.477300,-57.466600,GOES-19,2026-09-28 20:20:00
-23.166100,-61.571200,GOES-19,2026-09-28 20:20:00
-23.166500,-61.550400,GOES-19,2026-09-28 20:20:00
-23.430200,-57.507300,GOES-19,2026-09-28 20:20:00
-23.430700,-57.485800,GOES-19,2026-09-28 20:20:00
-23.451200,-57.503900,GOES-19,2026-09-28 20:20:00
-23.451600,-57.482400,GOES-19,2026-09-28 20:20:00
-23.455800,-61.639900,GOES-19,2026-09-28 20:20:00
-23.456100,-61.619000,GOES-19,2026-09-28 20:20:00
-23.476600,-61.637300,GOES-19,2026-09-28 20:20:00
-23.477000,-61.616500,GOES-19,2026-09-28 20:20:00
-23.561500,-61.543600,GOES-19,2026-09-28 20:20:00
-23.738500,-56.788300,GOES-19,2026-09-28 20:20:00
-23.786600,-58.434600,GOES-19,2026-09-28 20:20:00
-23.789300,-58.306100,GOES-19,2026-09-28 20:20:00
-23.807600,-58.431400,GOES-19,2026-09-28 20:20:00
-23.816600,-58.002200,GOES-19,2026-09-28 20:20:00
-23.837600,-57.998900,GOES-19,2026-09-28 20:20:00
-23.838100,-57.977400,GOES-19,2026-09-28 20:20:00
-23.807800,-61.784200,GOES-19,2026-09-28 20:20:00
-23.808100,-61.763300,GOES-19,2026-09-28 20:20:00
-23.828700,-61.781700,GOES-19,2026-09-28 20:20:00
-23.829100,-61.760800,GOES-19,2026-09-28 20:20:00
-23.886400,-58.675200,GOES-19,2026-09-28 20:20:00
-23.886800,-58.653800,GOES-19,2026-09-28 20:20:00
-23.900700,-57.988700,GOES-19,2026-09-28 20:20:00
-23.907400,-58.672000,GOES-19,2026-09-28 20:20:00
-23.907800,-58.650600,GOES-19,2026-09-28 20:20:00
-23.921700,-57.985300,GOES-19,2026-09-28 20:20:00
-23.897300,-60.263400,GOES-19,2026-09-28 20:20:00
-23.923600,-58.903900,GOES-19,2026-09-28 20:20:00
-23.924000,-58.882500,GOES-19,2026-09-28 20:20:00
-23.928400,-58.668700,GOES-19,2026-09-28 20:20:00
-23.917900,-60.281600,GOES-19,2026-09-28 20:20:00
-23.918200,-60.260500,GOES-19,2026-09-28 20:20:00
-23.918600,-60.239400,GOES-19,2026-09-28 20:20:00
-23.917800,-61.457300,GOES-19,2026-09-28 20:20:00
-23.918200,-61.436400,GOES-19,2026-09-28 20:20:00
-23.927300,-60.911400,GOES-19,2026-09-28 20:20:00
-23.938400,-61.475600,GOES-19,2026-09-28 20:20:00
-23.938800,-61.454700,GOES-19,2026-09-28 20:20:00
-23.939200,-61.433700,GOES-19,2026-09-28 20:20:00
-23.943100,-61.202900,GOES-19,2026-09-28 20:20:00
-23.948300,-60.908600,GOES-19,2026-09-28 20:20:00
-23.959800,-61.452000,GOES-19,2026-09-28 20:20:00
-24.106200,-58.191600,GOES-19,2026-09-28 20:20:00
-24.106600,-58.170100,GOES-19,2026-09-28 20:20:00
-24.205100,-57.508400,GOES-19,2026-09-28 20:20:00
-24.156500,-60.986100,GOES-19,2026-09-28 20:20:00
-24.226200,-57.504800,GOES-19,2026-09-28 20:20:00
-24.177600,-60.983300,GOES-19,2026-09-28 20:20:00
-24.177900,-60.962200,GOES-19,2026-09-28 20:20:00
-24.265800,-59.639700,GOES-19,2026-09-28 20:20:00
-24.266200,-59.618400,GOES-19,2026-09-28 20:20:00
-24.287300,-59.615300,GOES-19,2026-09-28 20:20:00
-24.339300,-59.117700,GOES-19,2026-09-28 20:20:00
-24.360400,-59.114500,GOES-19,2026-09-28 20:20:00
-24.393700,-59.557000,GOES-19,2026-09-28 20:20:00
-24.414400,-59.575200,GOES-19,2026-09-28 20:20:00
-24.414800,-59.553900,GOES-19,2026-09-28 20:20:00
-24.415200,-59.532500,GOES-19,2026-09-28 20:20:00
-24.449100,-59.952700,GOES-19,2026-09-28 20:20:00
-24.449500,-59.931400,GOES-19,2026-09-28 20:20:00
-24.470600,-59.928300,GOES-19,2026-09-28 20:20:00
-24.483600,-60.350600,GOES-19,2026-09-28 20:20:00
-24.484000,-60.329400,GOES-19,2026-09-28 20:20:00
-24.488900,-60.074300,GOES-19,2026-09-28 20:20:00
-24.504800,-60.347600,GOES-19,2026-09-28 20:20:00
-24.505200,-60.326400,GOES-19,2026-09-28 20:20:00
-24.510000,-60.071300,GOES-19,2026-09-28 20:20:00
-24.510500,-60.050000,GOES-19,2026-09-28 20:20:00
-24.573700,-61.183300,GOES-19,2026-09-28 20:20:00
-24.580600,-60.802500,GOES-19,2026-09-28 20:20:00
-24.587800,-60.420700,GOES-19,2026-09-28 20:20:00
-24.601800,-60.799600,GOES-19,2026-09-28 20:20:00
-24.602200,-60.778400,GOES-19,2026-09-28 20:20:00
-24.683500,-56.883200,GOES-19,2026-09-28 20:20:00
-24.684000,-56.861400,GOES-19,2026-09-28 20:20:00
-24.704800,-56.879400,GOES-19,2026-09-28 20:20:00
-24.705300,-56.857600,GOES-19,2026-09-28 20:20:00
-24.712800,-59.423800,GOES-19,2026-09-28 20:20:00
-24.845500,-55.448200,GOES-19,2026-09-28 20:20:00
-24.793400,-59.625200,GOES-19,2026-09-28 20:20:00
-24.814600,-59.622000,GOES-19,2026-09-28 20:20:00
-24.815100,-59.600600,GOES-19,2026-09-28 20:20:00
-24.924800,-57.450100,GOES-19,2026-09-28 20:20:00
-24.923500,-59.477200,GOES-19,2026-09-28 20:20:00
-24.923900,-59.455800,GOES-19,2026-09-28 20:20:00
-24.924300,-59.434300,GOES-19,2026-09-28 20:20:00
-24.944700,-59.474000,GOES-19,2026-09-28 20:20:00
-24.945200,-59.452500,GOES-19,2026-09-28 20:20:00
-25.086400,-56.898100,GOES-19,2026-09-28 20:20:00
-25.042500,-59.886800,GOES-19,2026-09-28 20:20:00
-25.063800,-59.883600,GOES-19,2026-09-28 20:20:00
-25.075000,-60.393700,GOES-19,2026-09-28 20:20:00
-25.090200,-60.710500,GOES-19,2026-09-28 20:20:00
-25.111500,-60.707500,GOES-19,2026-09-28 20:20:00
-25.117200,-60.408900,GOES-19,2026-09-28 20:20:00
-25.117600,-60.387600,GOES-19,2026-09-28 20:20:00
-25.271000,-60.151800,GOES-19,2026-09-28 20:20:00
-25.418900,-60.215400,GOES-19,2026-09-28 20:20:00
-26.112800,-60.862600,GOES-19,2026-09-28 20:20:00
-26.113200,-60.841100,GOES-19,2026-09-28 20:20:00
-26.113700,-60.819600,GOES-19,2026-09-28 20:20:00
-26.134400,-60.859500,GOES-19,2026-09-28 20:20:00
-26.134800,-60.838000,GOES-19,2026-09-28 20:20:00
-26.648000,-61.085100,GOES-19,2026-09-28 20:20:00
-11.016200,-69.528800,GOES-19,2026-09-28 20:20:00
-11.034900,-69.528300,GOES-19,2026-09-28 20:20:00
-11.110100,-69.378200,GOES-19,2026-09-28 20:20:00
-11.128800,-69.396400,GOES-19,2026-09-28 20:20:00
-11.128800,-69.377800,GOES-19,2026-09-28 20:20:00
-11.147400,-69.395900,GOES-19,2026-09-28 20:20:00
-11.354200,-69.093800,GOES-19,2026-09-28 20:20:00
-11.391200,-69.223000,GOES-19,2026-09-28 20:20:00
-12.367400,-69.123400,GOES-19,2026-09-28 20:20:00
-12.367500,-69.104700,GOES-19,2026-09-28 20:20:00
-12.367600,-69.086000,GOES-19,2026-09-28 20:20:00
-12.386300,-69.104200,GOES-19,2026-09-28 20:20:00
-12.386400,-69.085500,GOES-19,2026-09-28 20:20:00
-12.871300,-70.510600,GOES-19,2026-09-28 20:20:00
-7.992500,-43.271000,GOES-19,2026-09-28 20:20:00
-5.098300,-43.337700,GOES-19,2026-09-28 20:20:00
-5.117000,-43.336500,GOES-19,2026-09-28 20:20:00
-5.379600,-43.271400,GOES-19,2026-09-28 20:20:00
-6.334800,-43.383200,GOES-19,2026-09-28 20:20:00
-7.671400,-44.877900,GOES-19,2026-09-28 20:20:00
-7.992800,-43.247500,GOES-19,2026-09-28 20:20:00
-8.011400,-43.269000,GOES-19,2026-09-28 20:20:00
-8.011700,-43.245500,GOES-19,2026-09-28 20:20:00
-8.982600,-44.140000,GOES-19,2026-09-28 20:20:00
-10.912400,-44.658400,GOES-19,2026-09-28 20:20:00
-11.078900,-46.124500,GOES-19,2026-09-28 20:20:00
-11.079200,-46.101700,GOES-19,2026-09-28 20:20:00
-11.098300,-46.099200,GOES-19,2026-09-28 20:20:00
-11.177500,-44.783200,GOES-19,2026-09-28 20:20:00
-11.294500,-43.551000,GOES-19,2026-09-28 20:20:00
-11.313700,-43.548100,GOES-19,2026-09-28 20:20:00
-11.609200,-44.161700,GOES-19,2026-09-28 20:20:00
-11.609600,-44.138200,GOES-19,2026-09-28 20:20:00
-11.628400,-44.158800,GOES-19,2026-09-28 20:20:00
-11.628800,-44.135300,GOES-19,2026-09-28 20:20:00
-11.717800,-43.462300,GOES-19,2026-09-28 20:20:00
-13.326700,-43.952300,GOES-19,2026-09-28 20:20:00
-13.739800,-43.664700,GOES-19,2026-09-28 20:20:00
-14.709400,-45.579600,GOES-19,2026-09-28 20:20:00
-14.709900,-45.556300,GOES-19,2026-09-28 20:20:00
-14.728900,-45.576000,GOES-19,2026-09-28 20:20:00
-14.729500,-45.552700,GOES-19,2026-09-28 20:20:00
-14.766000,-45.662100,GOES-19,2026-09-28 20:20:00
-15.022700,-42.178200,GOES-19,2026-09-28 20:20:00
-18.568400,-48.419100,GOES-19,2026-09-28 20:20:00
-18.683400,-48.623400,GOES-19,2026-09-28 20:20:00
-20.099100,-57.206700,GOES-19,2026-09-28 20:20:00
-3.254300,-50.137800,GOES-19,2026-09-28 20:20:00
-3.272800,-50.137200,GOES-19,2026-09-28 20:20:00
-3.272900,-50.116200,GOES-19,2026-09-28 20:20:00
-3.501700,-48.578000,GOES-19,2026-09-28 20:20:00
-3.750700,-46.982700,GOES-19,2026-09-28 20:20:00
-3.750800,-46.960800,GOES-19,2026-09-28 20:20:00
-3.769400,-46.960000,GOES-19,2026-09-28 20:20:00
-4.689500,-45.536300,GOES-19,2026-09-28 20:20:00
-5.086400,-44.834200,GOES-19,2026-09-28 20:20:00
-5.188700,-46.088800,GOES-19,2026-09-28 20:20:00
-5.188900,-46.066500,GOES-19,2026-09-28 20:20:00
-5.207500,-46.065300,GOES-19,2026-09-28 20:20:00
-5.718700,-45.177300,GOES-19,2026-09-28 20:20:00
-5.737200,-45.198700,GOES-19,2026-09-28 20:20:00
-5.737400,-45.176000,GOES-19,2026-09-28 20:20:00
-5.737600,-45.153300,GOES-19,2026-09-28 20:20:00
-5.738400,-45.062600,GOES-19,2026-09-28 20:20:00
-5.738600,-45.039900,GOES-19,2026-09-28 20:20:00
-5.738800,-45.017200,GOES-19,2026-09-28 20:20:00
-5.756100,-45.174700,GOES-19,2026-09-28 20:20:00
-6.662600,-55.131300,GOES-19,2026-09-28 20:20:00
-6.662700,-55.111200,GOES-19,2026-09-28 20:20:00
-6.662800,-55.091200,GOES-19,2026-09-28 20:20:00
-6.681100,-55.130300,GOES-19,2026-09-28 20:20:00
-6.681200,-55.110300,GOES-19,2026-09-28 20:20:00
-6.681400,-55.090300,GOES-19,2026-09-28 20:20:00
-7.067400,-55.489600,GOES-19,2026-09-28 20:20:00
-7.067500,-55.469700,GOES-19,2026-09-28 20:20:00
-8.729800,-47.598900,GOES-19,2026-09-28 20:20:00
-9.133500,-49.987000,GOES-19,2026-09-28 20:20:00
-9.298200,-45.934800,GOES-19,2026-09-28 20:20:00
-9.245100,-65.803200,GOES-19,2026-09-28 20:20:00
-9.500200,-46.362500,GOES-19,2026-09-28 20:20:00
-9.500500,-46.340000,GOES-19,2026-09-28 20:20:00
-9.519200,-46.360400,GOES-19,2026-09-28 20:20:00
-9.519500,-46.337900,GOES-19,2026-09-28 20:20:00
-9.686400,-58.125800,GOES-19,2026-09-28 20:20:00
-9.686500,-58.106200,GOES-19,2026-09-28 20:20:00
-9.705100,-58.124700,GOES-19,2026-09-28 20:20:00
-9.959300,-50.164400,GOES-19,2026-09-28 20:20:00
-9.959500,-50.143100,GOES-19,2026-09-28 20:20:00
-9.978400,-50.141200,GOES-19,2026-09-28 20:20:00
-9.926500,-60.736300,GOES-19,2026-09-28 20:20:00
-9.926600,-60.717100,GOES-19,2026-09-28 20:20:00
-10.206500,-50.011300,GOES-19,2026-09-28 20:20:00
-10.225400,-50.009300,GOES-19,2026-09-28 20:20:00
-10.510600,-51.298200,GOES-19,2026-09-28 20:20:00
-10.529500,-51.296400,GOES-19,2026-09-28 20:20:00
-10.705600,-50.834100,GOES-19,2026-09-28 20:20:00
-10.791300,-48.759600,GOES-19,2026-09-28 20:20:00
-10.791600,-48.737700,GOES-19,2026-09-28 20:20:00
-10.819100,-57.179500,GOES-19,2026-09-28 20:20:00
-10.837900,-57.178100,GOES-19,2026-09-28 20:20:00
-10.823800,-60.744000,GOES-19,2026-09-28 20:20:00
-10.824000,-60.724600,GOES-19,2026-09-28 20:20:00
-10.934000,-50.725200,GOES-19,2026-09-28 20:20:00
-10.934300,-50.703900,GOES-19,2026-09-28 20:20:00
-10.842400,-60.762200,GOES-19,2026-09-28 20:20:00
-10.842600,-60.742900,GOES-19,2026-09-28 20:20:00
-10.842700,-60.723500,GOES-19,2026-09-28 20:20:00
-10.953000,-50.723200,GOES-19,2026-09-28 20:20:00
-10.953300,-50.701800,GOES-19,2026-09-28 20:20:00
-10.990900,-50.719100,GOES-19,2026-09-28 20:20:00
-11.009800,-50.717100,GOES-19,2026-09-28 20:20:00
-11.132400,-50.083900,GOES-19,2026-09-28 20:20:00
-11.132700,-50.062400,GOES-19,2026-09-28 20:20:00
-11.151400,-50.081800,GOES-19,2026-09-28 20:20:00
-11.151700,-50.060300,GOES-19,2026-09-28 20:20:00
-11.170700,-50.058100,GOES-19,2026-09-28 20:20:00
-11.515700,-47.392600,GOES-19,2026-09-28 20:20:00
-12.945600,-46.652000,GOES-19,2026-09-28 20:20:00
-12.984100,-51.064800,GOES-19,2026-09-28 20:20:00
-13.705800,-56.611200,GOES-19,2026-09-28 20:20:00
-15.081000,-54.596400,GOES-19,2026-09-28 20:20:00
-15.092300,-53.907200,GOES-19,2026-09-28 20:20:00
-15.100400,-54.594100,GOES-19,2026-09-28 20:20:00
-15.111600,-53.904800,GOES-19,2026-09-28 20:20:00
-15.112000,-53.883800,GOES-19,2026-09-28 20:20:00
-15.905100,-56.397500,GOES-19,2026-09-28 20:20:00
-15.924600,-56.395300,GOES-19,2026-09-28 20:20:00
-12.613000,-65.391900,GOES-19,2026-09-28 20:10:00
5.576700,-57.704600,GOES-19,2026-09-28 20:10:00
4.030600,-58.547300,GOES-19,2026-09-28 20:10:00
3.939400,-58.414400,GOES-19,2026-09-28 20:10:00
-7.052600,-78.027100,GOES-19,2026-09-28 20:10:00
-8.411800,-73.841800,GOES-19,2026-09-28 20:10:00
-9.501600,-75.137300,GOES-19,2026-09-28 20:10:00
-9.594300,-75.320400,GOES-19,2026-09-28 20:10:00
-9.686900,-75.210600,GOES-19,2026-09-28 20:10:00
-9.686900,-75.192300,GOES-19,2026-09-28 20:10:00
-10.095100,-74.954100,GOES-19,2026-09-28 20:10:00
-10.318600,-73.742300,GOES-19,2026-09-28 20:10:00
-10.455300,-65.480800,GOES-19,2026-09-28 20:10:00
-10.455400,-65.462000,GOES-19,2026-09-28 20:10:00
-10.473900,-65.480100,GOES-19,2026-09-28 20:10:00
-10.474000,-65.461300,GOES-19,2026-09-28 20:10:00
-10.715800,-65.621300,GOES-19,2026-09-28 20:10:00
-10.734300,-65.639400,GOES-19,2026-09-28 20:10:00
-10.884400,-65.521000,GOES-19,2026-09-28 20:10:00
-10.988700,-75.009200,GOES-19,2026-09-28 20:10:00
-11.766600,-65.258900,GOES-19,2026-09-28 20:10:00
-11.804000,-65.276200,GOES-19,2026-09-28 20:10:00
-12.179200,-65.430100,GOES-19,2026-09-28 20:10:00
-12.179400,-65.392300,GOES-19,2026-09-28 20:10:00
-12.217000,-65.409500,GOES-19,2026-09-28 20:10:00
-12.575200,-65.393600,GOES-19,2026-09-28 20:10:00
-12.575400,-65.374600,GOES-19,2026-09-28 20:10:00
-12.594100,-65.392700,GOES-19,2026-09-28 20:10:00
-12.594200,-65.373800,GOES-19,2026-09-28 20:10:00
-12.613100,-65.372900,GOES-19,2026-09-28 20:10:00
-12.851100,-63.799800,GOES-19,2026-09-28 20:10:00
-12.870000,-63.798700,GOES-19,2026-09-28 20:10:00
-13.040300,-63.808600,GOES-19,2026-09-28 20:10:00
-13.040400,-63.789400,GOES-19,2026-09-28 20:10:00
-13.059200,-63.807500,GOES-19,2026-09-28 20:10:00
-13.284500,-66.876900,GOES-19,2026-09-28 20:10:00
-13.596800,-65.497700,GOES-19,2026-09-28 20:10:00
-13.596900,-65.478600,GOES-19,2026-09-28 20:10:00
-13.775700,-71.968300,GOES-19,2026-09-28 20:10:00
-14.396300,-63.208400,GOES-19,2026-09-28 20:10:00
-14.396400,-63.189100,GOES-19,2026-09-28 20:10:00
-14.415400,-63.207200,GOES-19,2026-09-28 20:10:00
-14.415600,-63.187900,GOES-19,2026-09-28 20:10:00
-14.423200,-62.372900,GOES-19,2026-09-28 20:10:00
-14.423400,-62.353500,GOES-19,2026-09-28 20:10:00
-14.423600,-62.334000,GOES-19,2026-09-28 20:10:00
-14.442600,-62.352200,GOES-19,2026-09-28 20:10:00
-14.442800,-62.332700,GOES-19,2026-09-28 20:10:00
-14.490700,-65.682200,GOES-19,2026-09-28 20:10:00
-14.490900,-65.663100,GOES-19,2026-09-28 20:10:00
-14.546700,-65.870400,GOES-19,2026-09-28 20:10:00
-14.546900,-65.851300,GOES-19,2026-09-28 20:10:00
-14.565700,-65.888500,GOES-19,2026-09-28 20:10:00
-14.565800,-65.869400,GOES-19,2026-09-28 20:10:00
-14.566000,-65.850300,GOES-19,2026-09-28 20:10:00
-14.604000,-65.886600,GOES-19,2026-09-28 20:10:00
-14.632600,-64.639800,GOES-19,2026-09-28 20:10:00
-14.925000,-64.044600,GOES-19,2026-09-28 20:10:00
-14.944200,-64.043500,GOES-19,2026-09-28 20:10:00
-15.021100,-64.019400,GOES-19,2026-09-28 20:10:00
-15.021300,-64.000000,GOES-19,2026-09-28 20:10:00
-15.040500,-63.998800,GOES-19,2026-09-28 20:10:00
-15.086100,-65.440300,GOES-19,2026-09-28 20:10:00
-15.086300,-65.421100,GOES-19,2026-09-28 20:10:00
-15.105300,-65.439300,GOES-19,2026-09-28 20:10:00
-15.105500,-65.420100,GOES-19,2026-09-28 20:10:00
-15.105600,-65.400900,GOES-19,2026-09-28 20:10:00
-15.201100,-61.377500,GOES-19,2026-09-28 20:10:00
-15.281300,-65.045100,GOES-19,2026-09-28 20:10:00
-15.452200,-61.318200,GOES-19,2026-09-28 20:10:00
-15.452400,-61.298500,GOES-19,2026-09-28 20:10:00
-15.471500,-61.316600,GOES-19,2026-09-28 20:10:00
-15.471800,-61.296900,GOES-19,2026-09-28 20:10:00
-15.472000,-61.277200,GOES-19,2026-09-28 20:10:00
-15.454200,-65.073600,GOES-19,2026-09-28 20:10:00
-15.566500,-61.446700,GOES-19,2026-09-28 20:10:00
-15.585600,-61.464900,GOES-19,2026-09-28 20:10:00
-15.585900,-61.445200,GOES-19,2026-09-28 20:10:00
-15.702100,-61.416100,GOES-19,2026-09-28 20:10:00
-15.855900,-63.304400,GOES-19,2026-09-28 20:10:00
-16.021900,-64.129600,GOES-19,2026-09-28 20:10:00
-16.043800,-63.856000,GOES-19,2026-09-28 20:10:00
-16.044000,-63.836600,GOES-19,2026-09-28 20:10:00
-16.062800,-63.893600,GOES-19,2026-09-28 20:10:00
-16.082200,-63.892300,GOES-19,2026-09-28 20:10:00
-16.082400,-63.872900,GOES-19,2026-09-28 20:10:00
-16.101500,-63.891000,GOES-19,2026-09-28 20:10:00
-16.142700,-63.635100,GOES-19,2026-09-28 20:10:00
-16.142900,-63.615600,GOES-19,2026-09-28 20:10:00
-16.343400,-62.956500,GOES-19,2026-09-28 20:10:00
-16.343600,-62.936900,GOES-19,2026-09-28 20:10:00
-16.362800,-62.955100,GOES-19,2026-09-28 20:10:00
-16.397000,-63.402500,GOES-19,2026-09-28 20:10:00
-16.434600,-61.730400,GOES-19,2026-09-28 20:10:00
-16.434800,-61.710700,GOES-19,2026-09-28 20:10:00
-16.454100,-61.728800,GOES-19,2026-09-28 20:10:00
-16.454300,-61.709100,GOES-19,2026-09-28 20:10:00
-16.521600,-62.629200,GOES-19,2026-09-28 20:10:00
-16.596200,-61.222100,GOES-19,2026-09-28 20:10:00
-16.900500,-61.829600,GOES-19,2026-09-28 20:10:00
-16.920100,-61.827900,GOES-19,2026-09-28 20:10:00
-16.920300,-61.808100,GOES-19,2026-09-28 20:10:00
-16.939600,-61.826300,GOES-19,2026-09-28 20:10:00
-16.939800,-61.806500,GOES-19,2026-09-28 20:10:00
-17.070100,-60.741800,GOES-19,2026-09-28 20:10:00
-17.072500,-60.561900,GOES-19,2026-09-28 20:10:00
-17.056100,-63.628300,GOES-19,2026-09-28 20:10:00
-17.056300,-63.608700,GOES-19,2026-09-28 20:10:00
-17.089700,-60.740000,GOES-19,2026-09-28 20:10:00
-17.091800,-60.580100,GOES-19,2026-09-28 20:10:00
-17.092000,-60.560100,GOES-19,2026-09-28 20:10:00
-17.098400,-60.079200,GOES-19,2026-09-28 20:10:00
-17.098700,-60.059200,GOES-19,2026-09-28 20:10:00
-17.118000,-60.077300,GOES-19,2026-09-28 20:10:00
-17.139800,-63.092100,GOES-19,2026-09-28 20:10:00
-17.140000,-63.072400,GOES-19,2026-09-28 20:10:00
-17.159400,-63.090500,GOES-19,2026-09-28 20:10:00
-19.807100,-61.537200,GOES-19,2026-09-28 20:10:00
-17.449700,-60.164900,GOES-19,2026-09-28 20:10:00
-17.469100,-60.183000,GOES-19,2026-09-28 20:10:00
-17.469300,-60.162900,GOES-19,2026-09-28 20:10:00
-17.668100,-59.982000,GOES-19,2026-09-28 20:10:00
-17.896000,-60.562200,GOES-19,2026-09-28 20:10:00
-18.400000,-62.751800,GOES-19,2026-09-28 20:10:00
-18.400300,-62.731900,GOES-19,2026-09-28 20:10:00
-18.400500,-62.712000,GOES-19,2026-09-28 20:10:00
-18.420000,-62.730200,GOES-19,2026-09-28 20:10:00
-19.701500,-63.495500,GOES-19,2026-09-28 20:10:00
-19.786800,-61.559500,GOES-19,2026-09-28 20:10:00
-19.787100,-61.539300,GOES-19,2026-09-28 20:10:00
-19.806800,-61.557500,GOES-19,2026-09-28 20:10:00
-19.826900,-61.555400,GOES-19,2026-09-28 20:10:00
-19.827200,-61.535200,GOES-19,2026-09-28 20:10:00
-20.736800,-61.214800,GOES-19,2026-09-28 20:10:00
-20.737100,-61.194300,GOES-19,2026-09-28 20:10:00
-21.531700,-62.311500,GOES-19,2026-09-28 20:10:00
-21.551800,-62.329800,GOES-19,2026-09-28 20:10:00
-21.552100,-62.309400,GOES-19,2026-09-28 20:10:00
-21.572200,-62.327600,GOES-19,2026-09-28 20:10:00
-21.572500,-62.307200,GOES-19,2026-09-28 20:10:00
-22.182500,-58.841300,GOES-19,2026-09-28 20:10:00
-22.182900,-58.820300,GOES-19,2026-09-28 20:10:00
-22.203100,-58.838400,GOES-19,2026-09-28 20:10:00
-22.203500,-58.817400,GOES-19,2026-09-28 20:10:00
-22.384500,-56.969800,GOES-19,2026-09-28 20:10:00
-22.477300,-57.466600,GOES-19,2026-09-28 20:10:00
-23.166100,-61.571200,GOES-19,2026-09-28 20:10:00
-23.166500,-61.550400,GOES-19,2026-09-28 20:10:00
-23.186900,-61.568700,GOES-19,2026-09-28 20:10:00
-23.430200,-57.507300,GOES-19,2026-09-28 20:10:00
-23.430700,-57.485800,GOES-19,2026-09-28 20:10:00
-23.451200,-57.503900,GOES-19,2026-09-28 20:10:00
-23.451600,-57.482400,GOES-19,2026-09-28 20:10:00
-23.455800,-61.639900,GOES-19,2026-09-28 20:10:00
-23.456100,-61.619000,GOES-19,2026-09-28 20:10:00
-23.476600,-61.637300,GOES-19,2026-09-28 20:10:00
-23.477000,-61.616500,GOES-19,2026-09-28 20:10:00
-23.568600,-61.125400,GOES-19,2026-09-28 20:10:00
-23.786600,-58.434600,GOES-19,2026-09-28 20:10:00
-23.789300,-58.306100,GOES-19,2026-09-28 20:10:00
-23.807600,-58.431400,GOES-19,2026-09-28 20:10:00
-23.810300,-58.302800,GOES-19,2026-09-28 20:10:00
-23.816600,-58.002200,GOES-19,2026-09-28 20:10:00
-23.817100,-57.980700,GOES-19,2026-09-28 20:10:00
-23.837600,-57.998900,GOES-19,2026-09-28 20:10:00
-23.807800,-61.784200,GOES-19,2026-09-28 20:10:00
-23.808100,-61.763300,GOES-19,2026-09-28 20:10:00
-23.865400,-58.678400,GOES-19,2026-09-28 20:10:00
-23.879700,-57.992100,GOES-19,2026-09-28 20:10:00
-23.828700,-61.781700,GOES-19,2026-09-28 20:10:00
-23.829100,-61.760800,GOES-19,2026-09-28 20:10:00
-23.886400,-58.675200,GOES-19,2026-09-28 20:10:00
-23.900700,-57.988700,GOES-19,2026-09-28 20:10:00
-23.907400,-58.672000,GOES-19,2026-09-28 20:10:00
-23.921700,-57.985300,GOES-19,2026-09-28 20:10:00
-23.917900,-60.281600,GOES-19,2026-09-28 20:10:00
-23.918200,-60.260500,GOES-19,2026-09-28 20:10:00
-23.918600,-60.239400,GOES-19,2026-09-28 20:10:00
-23.943800,-58.943400,GOES-19,2026-09-28 20:10:00
-23.944200,-58.922100,GOES-19,2026-09-28 20:10:00
-23.917800,-61.457300,GOES-19,2026-09-28 20:10:00
-23.927300,-60.911400,GOES-19,2026-09-28 20:10:00
-23.938400,-61.475600,GOES-19,2026-09-28 20:10:00
-23.938800,-61.454700,GOES-19,2026-09-28 20:10:00
-23.939200,-61.433700,GOES-19,2026-09-28 20:10:00
-23.943100,-61.202900,GOES-19,2026-09-28 20:10:00
-23.948000,-60.929600,GOES-19,2026-09-28 20:10:00
-23.948300,-60.908600,GOES-19,2026-09-28 20:10:00
-24.106200,-58.191600,GOES-19,2026-09-28 20:10:00
-24.106600,-58.170100,GOES-19,2026-09-28 20:10:00
-24.205100,-57.508400,GOES-19,2026-09-28 20:10:00
-24.226200,-57.504800,GOES-19,2026-09-28 20:10:00
-24.177600,-60.983300,GOES-19,2026-09-28 20:10:00
-24.177900,-60.962200,GOES-19,2026-09-28 20:10:00
-24.244700,-59.642800,GOES-19,2026-09-28 20:10:00
-24.265800,-59.639700,GOES-19,2026-09-28 20:10:00
-24.266200,-59.618400,GOES-19,2026-09-28 20:10:00
-24.287300,-59.615300,GOES-19,2026-09-28 20:10:00
-24.360400,-59.114500,GOES-19,2026-09-28 20:10:00
-24.393700,-59.557000,GOES-19,2026-09-28 20:10:00
-24.414400,-59.575200,GOES-19,2026-09-28 20:10:00
-24.414800,-59.553900,GOES-19,2026-09-28 20:10:00
-24.415200,-59.532500,GOES-19,2026-09-28 20:10:00
-24.449100,-59.952700,GOES-19,2026-09-28 20:10:00
-24.449500,-59.931400,GOES-19,2026-09-28 20:10:00
-24.470600,-59.928300,GOES-19,2026-09-28 20:10:00
-24.483600,-60.350600,GOES-19,2026-09-28 20:10:00
-24.484000,-60.329400,GOES-19,2026-09-28 20:10:00
-24.488900,-60.074300,GOES-19,2026-09-28 20:10:00
-24.489300,-60.053000,GOES-19,2026-09-28 20:10:00
-24.504800,-60.347600,GOES-19,2026-09-28 20:10:00
-24.505200,-60.326400,GOES-19,2026-09-28 20:10:00
-24.510000,-60.071300,GOES-19,2026-09-28 20:10:00
-24.510500,-60.050000,GOES-19,2026-09-28 20:10:00
-24.566600,-60.423600,GOES-19,2026-09-28 20:10:00
-24.573700,-61.183300,GOES-19,2026-09-28 20:10:00
-24.580600,-60.802500,GOES-19,2026-09-28 20:10:00
-24.581000,-60.781300,GOES-19,2026-09-28 20:10:00
-24.587800,-60.420700,GOES-19,2026-09-28 20:10:00
-24.601800,-60.799600,GOES-19,2026-09-28 20:10:00
-24.602200,-60.778400,GOES-19,2026-09-28 20:10:00
-24.683500,-56.883200,GOES-19,2026-09-28 20:10:00
-24.684000,-56.861400,GOES-19,2026-09-28 20:10:00
-24.705300,-56.857600,GOES-19,2026-09-28 20:10:00
-24.712800,-59.423800,GOES-19,2026-09-28 20:10:00
-24.793400,-59.625200,GOES-19,2026-09-28 20:10:00
-24.814600,-59.622000,GOES-19,2026-09-28 20:10:00
-24.815100,-59.600600,GOES-19,2026-09-28 20:10:00
-24.924800,-57.450100,GOES-19,2026-09-28 20:10:00
-24.946100,-57.446400,GOES-19,2026-09-28 20:10:00
-25.086400,-56.898100,GOES-19,2026-09-28 20:10:00
-25.042500,-59.886800,GOES-19,2026-09-28 20:10:00
-25.053700,-60.396800,GOES-19,2026-09-28 20:10:00
-25.063800,-59.883600,GOES-19,2026-09-28 20:10:00
-25.090200,-60.710500,GOES-19,2026-09-28 20:10:00
-25.111500,-60.707500,GOES-19,2026-09-28 20:10:00
-25.117200,-60.408900,GOES-19,2026-09-28 20:10:00
-25.117600,-60.387600,GOES-19,2026-09-28 20:10:00
-25.138900,-60.384500,GOES-19,2026-09-28 20:10:00
-25.271000,-60.151800,GOES-19,2026-09-28 20:10:00
-25.526700,-60.156600,GOES-19,2026-09-28 20:10:00
-26.112800,-60.862600,GOES-19,2026-09-28 20:10:00
-26.113200,-60.841100,GOES-19,2026-09-28 20:10:00
-26.113700,-60.819600,GOES-19,2026-09-28 20:10:00
-26.134400,-60.859500,GOES-19,2026-09-28 20:10:00
-26.648000,-61.085100,GOES-19,2026-09-28 20:10:00
-27.128700,-60.948800,GOES-19,2026-09-28 20:10:00
-10.978500,-69.659400,GOES-19,2026-09-28 20:10:00
-11.016200,-69.528800,GOES-19,2026-09-28 20:10:00
-11.034800,-69.546900,GOES-19,2026-09-28 20:10:00
-11.034900,-69.528300,GOES-19,2026-09-28 20:10:00
-11.110100,-69.378200,GOES-19,2026-09-28 20:10:00
-11.128800,-69.396400,GOES-19,2026-09-28 20:10:00
-11.128800,-69.377800,GOES-19,2026-09-28 20:10:00
-11.147400,-69.395900,GOES-19,2026-09-28 20:10:00
-11.354200,-69.093800,GOES-19,2026-09-28 20:10:00
-11.391200,-69.223000,GOES-19,2026-09-28 20:10:00
-12.367400,-69.123400,GOES-19,2026-09-28 20:10:00
-12.367500,-69.104700,GOES-19,2026-09-28 20:10:00
-12.871300,-70.510600,GOES-19,2026-09-28 20:10:00
-5.734200,-43.431500,GOES-19,2026-09-28 20:10:00
-6.125100,-43.726200,GOES-19,2026-09-28 20:10:00
-7.671400,-44.877900,GOES-19,2026-09-28 20:10:00
-7.992500,-43.271000,GOES-19,2026-09-28 20:10:00
-7.992800,-43.247500,GOES-19,2026-09-28 20:10:00
-8.011400,-43.269000,GOES-19,2026-09-28 20:10:00
-8.011700,-43.245500,GOES-19,2026-09-28 20:10:00
-9.187100,-45.766300,GOES-19,2026-09-28 20:10:00
-9.187400,-45.743600,GOES-19,2026-09-28 20:10:00
-9.325000,-45.364700,GOES-19,2026-09-28 20:10:00
-9.325300,-45.341900,GOES-19,2026-09-28 20:10:00
-9.343900,-45.362500,GOES-19,2026-09-28 20:10:00
-9.344300,-45.339700,GOES-19,2026-09-28 20:10:00
-9.682000,-45.550700,GOES-19,2026-09-28 20:10:00
-10.265300,-44.629800,GOES-19,2026-09-28 20:10:00
-10.284300,-44.627400,GOES-19,2026-09-28 20:10:00
-11.079200,-46.101700,GOES-19,2026-09-28 20:10:00
-11.079600,-46.079000,GOES-19,2026-09-28 20:10:00
-11.098300,-46.099200,GOES-19,2026-09-28 20:10:00
-11.098700,-46.076500,GOES-19,2026-09-28 20:10:00
-11.177500,-44.783200,GOES-19,2026-09-28 20:10:00
-11.294500,-43.551000,GOES-19,2026-09-28 20:10:00
-11.295000,-43.527400,GOES-19,2026-09-28 20:10:00
-11.313700,-43.548100,GOES-19,2026-09-28 20:10:00
-11.590400,-44.141100,GOES-19,2026-09-28 20:10:00
-11.609200,-44.161700,GOES-19,2026-09-28 20:10:00
-11.609600,-44.138200,GOES-19,2026-09-28 20:10:00
-11.628400,-44.158800,GOES-19,2026-09-28 20:10:00
-11.628800,-44.135300,GOES-19,2026-09-28 20:10:00
-11.639500,-43.545500,GOES-19,2026-09-28 20:10:00
-11.717800,-43.462300,GOES-19,2026-09-28 20:10:00
-14.709900,-45.556300,GOES-19,2026-09-28 20:10:00
-12.200500,-42.354600,GOES-19,2026-09-28 20:10:00
-13.326700,-43.952300,GOES-19,2026-09-28 20:10:00
-13.739800,-43.664700,GOES-19,2026-09-28 20:10:00
-14.917800,-41.658200,GOES-19,2026-09-28 20:10:00
-14.918400,-41.633300,GOES-19,2026-09-28 20:10:00
-15.653600,-41.344800,GOES-19,2026-09-28 20:10:00
-18.518200,-49.649700,GOES-19,2026-09-28 20:10:00
-18.538300,-49.645800,GOES-19,2026-09-28 20:10:00
-18.587200,-49.276600,GOES-19,2026-09-28 20:10:00
-18.587700,-49.254000,GOES-19,2026-09-28 20:10:00
-18.683400,-48.623400,GOES-19,2026-09-28 20:10:00
-20.099100,-57.206700,GOES-19,2026-09-28 20:10:00
-3.254300,-50.137800,GOES-19,2026-09-28 20:10:00
-3.272800,-50.137200,GOES-19,2026-09-28 20:10:00
-3.501700,-48.578000,GOES-19,2026-09-28 20:10:00
-3.501800,-48.556500,GOES-19,2026-09-28 20:10:00
-3.732200,-46.983500,GOES-19,2026-09-28 20:10:00
-3.732300,-46.961600,GOES-19,2026-09-28 20:10:00
-3.750700,-46.982700,GOES-19,2026-09-28 20:10:00
-3.750800,-46.960800,GOES-19,2026-09-28 20:10:00
-3.769300,-46.981900,GOES-19,2026-09-28 20:10:00
-3.769400,-46.960000,GOES-19,2026-09-28 20:10:00
-5.086400,-44.834200,GOES-19,2026-09-28 20:10:00
-5.188700,-46.088800,GOES-19,2026-09-28 20:10:00
-5.188900,-46.066500,GOES-19,2026-09-28 20:10:00
-5.207300,-46.087600,GOES-19,2026-09-28 20:10:00
-5.207500,-46.065300,GOES-19,2026-09-28 20:10:00
-5.476200,-45.126200,GOES-19,2026-09-28 20:10:00
-5.553100,-44.871300,GOES-19,2026-09-28 20:10:00
-5.718700,-45.177300,GOES-19,2026-09-28 20:10:00
-5.737200,-45.198700,GOES-19,2026-09-28 20:10:00
-5.737400,-45.176000,GOES-19,2026-09-28 20:10:00
-5.737600,-45.153300,GOES-19,2026-09-28 20:10:00
-5.738400,-45.062600,GOES-19,2026-09-28 20:10:00
-5.738600,-45.039900,GOES-19,2026-09-28 20:10:00
-5.738800,-45.017200,GOES-19,2026-09-28 20:10:00
-5.756100,-45.174700,GOES-19,2026-09-28 20:10:00
-6.662600,-55.131300,GOES-19,2026-09-28 20:10:00
-6.662700,-55.111200,GOES-19,2026-09-28 20:10:00
-6.662800,-55.091200,GOES-19,2026-09-28 20:10:00
-6.681100,-55.130300,GOES-19,2026-09-28 20:10:00
-6.681200,-55.110300,GOES-19,2026-09-28 20:10:00
-6.681400,-55.090300,GOES-19,2026-09-28 20:10:00
-7.067400,-55.489600,GOES-19,2026-09-28 20:10:00
-7.067500,-55.469700,GOES-19,2026-09-28 20:10:00
-7.437000,-55.629100,GOES-19,2026-09-28 20:10:00
-7.497200,-55.045700,GOES-19,2026-09-28 20:10:00
-7.497400,-55.025600,GOES-19,2026-09-28 20:10:00
-7.829700,-45.815600,GOES-19,2026-09-28 20:10:00
-7.848600,-45.813800,GOES-19,2026-09-28 20:10:00
-8.343500,-46.884800,GOES-19,2026-09-28 20:10:00
-8.362300,-46.883000,GOES-19,2026-09-28 20:10:00
-8.711000,-47.600700,GOES-19,2026-09-28 20:10:00
-9.298200,-45.934800,GOES-19,2026-09-28 20:10:00
-9.500200,-46.362500,GOES-19,2026-09-28 20:10:00
-9.500500,-46.340000,GOES-19,2026-09-28 20:10:00
-9.519200,-46.360400,GOES-19,2026-09-28 20:10:00
-9.519500,-46.337900,GOES-19,2026-09-28 20:10:00
-9.686400,-58.125800,GOES-19,2026-09-28 20:10:00
-9.686500,-58.106200,GOES-19,2026-09-28 20:10:00
-9.705100,-58.124700,GOES-19,2026-09-28 20:10:00
-9.801000,-49.278800,GOES-19,2026-09-28 20:10:00
-9.959300,-50.164400,GOES-19,2026-09-28 20:10:00
-9.959500,-50.143100,GOES-19,2026-09-28 20:10:00
-9.959800,-50.121700,GOES-19,2026-09-28 20:10:00
-9.978400,-50.141200,GOES-19,2026-09-28 20:10:00
-10.014500,-50.265700,GOES-19,2026-09-28 20:10:00
-10.014800,-50.244300,GOES-19,2026-09-28 20:10:00
-9.926500,-60.736300,GOES-19,2026-09-28 20:10:00
-9.926600,-60.717100,GOES-19,2026-09-28 20:10:00
-10.033400,-50.263800,GOES-19,2026-09-28 20:10:00
-10.033700,-50.242400,GOES-19,2026-09-28 20:10:00
-10.206700,-49.989800,GOES-19,2026-09-28 20:10:00
-10.225400,-50.009300,GOES-19,2026-09-28 20:10:00
-10.244300,-50.007400,GOES-19,2026-09-28 20:10:00
-10.510600,-51.298200,GOES-19,2026-09-28 20:10:00
-10.650500,-50.712300,GOES-19,2026-09-28 20:10:00
-10.705600,-50.834100,GOES-19,2026-09-28 20:10:00
-10.799900,-57.220600,GOES-19,2026-09-28 20:10:00
-10.823800,-60.744000,GOES-19,2026-09-28 20:10:00
-10.824000,-60.724600,GOES-19,2026-09-28 20:10:00
-10.837100,-61.418000,GOES-19,2026-09-28 20:10:00
-10.842400,-60.762200,GOES-19,2026-09-28 20:10:00
-10.842600,-60.742900,GOES-19,2026-09-28 20:10:00
-10.842700,-60.723500,GOES-19,2026-09-28 20:10:00
-11.132400,-50.083900,GOES-19,2026-09-28 20:10:00
-11.132700,-50.062400,GOES-19,2026-09-28 20:10:00
-11.135900,-51.192000,GOES-19,2026-09-28 20:10:00
-11.151400,-50.081800,GOES-19,2026-09-28 20:10:00
-11.151700,-50.060300,GOES-19,2026-09-28 20:10:00
-11.170700,-50.058100,GOES-19,2026-09-28 20:10:00
-11.782400,-51.079100,GOES-19,2026-09-28 20:10:00
-11.801500,-51.076900,GOES-19,2026-09-28 20:10:00
-12.120200,-57.176700,GOES-19,2026-09-28 20:10:00
-12.800300,-50.594900,GOES-19,2026-09-28 20:10:00
-12.767400,-54.050200,GOES-19,2026-09-28 20:10:00
-12.926300,-46.655000,GOES-19,2026-09-28 20:10:00
-12.945200,-46.674800,GOES-19,2026-09-28 20:10:00
-12.945600,-46.652000,GOES-19,2026-09-28 20:10:00
-12.964600,-51.088600,GOES-19,2026-09-28 20:10:00
-12.964900,-51.067100,GOES-19,2026-09-28 20:10:00
-12.965300,-51.045700,GOES-19,2026-09-28 20:10:00
-12.984100,-51.064800,GOES-19,2026-09-28 20:10:00
-12.984400,-51.043300,GOES-19,2026-09-28 20:10:00
-13.686600,-56.613100,GOES-19,2026-09-28 20:10:00
-13.705800,-56.611200,GOES-19,2026-09-28 20:10:00
-15.081000,-54.596400,GOES-19,2026-09-28 20:10:00
-15.100400,-54.594100,GOES-19,2026-09-28 20:10:00
-15.111600,-53.904800,GOES-19,2026-09-28 20:10:00
-15.905100,-56.397500,GOES-19,2026-09-28 20:10:00
-10.474000,-65.461300,GOES-19,2026-09-28 20:00:00
4.030600,-58.547300,GOES-19,2026-09-28 20:00:00
3.939400,-58.414400,GOES-19,2026-09-28 20:00:00
-4.587900,-80.680400,GOES-19,2026-09-28 20:00:00
-4.606200,-80.717000,GOES-19,2026-09-28 20:00:00
-4.606200,-80.698800,GOES-19,2026-09-28 20:00:00
-4.660900,-80.681100,GOES-19,2026-09-28 20:00:00
-4.660800,-80.662900,GOES-19,2026-09-28 20:00:00
-4.697400,-80.736100,GOES-19,2026-09-28 20:00:00
-7.034300,-78.027000,GOES-19,2026-09-28 20:00:00
-7.052600,-78.027100,GOES-19,2026-09-28 20:00:00
-9.594300,-75.320400,GOES-19,2026-09-28 20:00:00
-9.668400,-75.210600,GOES-19,2026-09-28 20:00:00
-9.686900,-75.192300,GOES-19,2026-09-28 20:00:00
-10.095100,-74.954100,GOES-19,2026-09-28 20:00:00
-10.318600,-73.742300,GOES-19,2026-09-28 20:00:00
-10.455300,-65.480800,GOES-19,2026-09-28 20:00:00
-10.455400,-65.462000,GOES-19,2026-09-28 20:00:00
-10.473900,-65.480100,GOES-19,2026-09-28 20:00:00
-10.715800,-65.621300,GOES-19,2026-09-28 20:00:00
-10.734300,-65.639400,GOES-19,2026-09-28 20:00:00
-10.884400,-65.521000,GOES-19,2026-09-28 20:00:00
-10.988700,-75.009200,GOES-19,2026-09-28 20:00:00
-12.160600,-65.393100,GOES-19,2026-09-28 20:00:00
-12.179300,-65.411200,GOES-19,2026-09-28 20:00:00
-12.179400,-65.392300,GOES-19,2026-09-28 20:00:00
-12.217000,-65.409500,GOES-19,2026-09-28 20:00:00
-12.575200,-65.393600,GOES-19,2026-09-28 20:00:00
-12.575400,-65.374600,GOES-19,2026-09-28 20:00:00
-12.594100,-65.392700,GOES-19,2026-09-28 20:00:00
-12.594200,-65.373800,GOES-19,2026-09-28 20:00:00
-12.613000,-65.391900,GOES-19,2026-09-28 20:00:00
-12.613100,-65.372900,GOES-19,2026-09-28 20:00:00
-12.850900,-63.818900,GOES-19,2026-09-28 20:00:00
-12.851100,-63.799800,GOES-19,2026-09-28 20:00:00
-12.869800,-63.817900,GOES-19,2026-09-28 20:00:00
-12.870000,-63.798700,GOES-19,2026-09-28 20:00:00
-13.040300,-63.808600,GOES-19,2026-09-28 20:00:00
-13.303500,-66.876100,GOES-19,2026-09-28 20:00:00
-13.337000,-64.672000,GOES-19,2026-09-28 20:00:00
-13.337100,-64.652900,GOES-19,2026-09-28 20:00:00
-13.337300,-64.633800,GOES-19,2026-09-28 20:00:00
-13.356000,-64.671100,GOES-19,2026-09-28 20:00:00
-13.356200,-64.632900,GOES-19,2026-09-28 20:00:00
-13.775700,-71.968300,GOES-19,2026-09-28 20:00:00
-14.396300,-63.208400,GOES-19,2026-09-28 20:00:00
-14.396400,-63.189100,GOES-19,2026-09-28 20:00:00
-14.415600,-63.187900,GOES-19,2026-09-28 20:00:00
-14.423200,-62.372900,GOES-19,2026-09-28 20:00:00
-14.423400,-62.353500,GOES-19,2026-09-28 20:00:00
-14.423600,-62.334000,GOES-19,2026-09-28 20:00:00
-14.442600,-62.352200,GOES-19,2026-09-28 20:00:00
-14.442800,-62.332700,GOES-19,2026-09-28 20:00:00
-14.490700,-65.682200,GOES-19,2026-09-28 20:00:00
-14.490900,-65.663100,GOES-19,2026-09-28 20:00:00
-14.509000,-65.795900,GOES-19,2026-09-28 20:00:00
-14.509200,-65.776800,GOES-19,2026-09-28 20:00:00
-14.528200,-65.794900,GOES-19,2026-09-28 20:00:00
-14.528300,-65.775800,GOES-19,2026-09-28 20:00:00
-14.528400,-65.756700,GOES-19,2026-09-28 20:00:00
-14.632600,-64.639800,GOES-19,2026-09-28 20:00:00
-14.925000,-64.044600,GOES-19,2026-09-28 20:00:00
-14.944200,-64.043500,GOES-19,2026-09-28 20:00:00
-15.086100,-65.440300,GOES-19,2026-09-28 20:00:00
-15.086300,-65.421100,GOES-19,2026-09-28 20:00:00
-15.105300,-65.439300,GOES-19,2026-09-28 20:00:00
-15.105500,-65.420100,GOES-19,2026-09-28 20:00:00
-15.201100,-61.377500,GOES-19,2026-09-28 20:00:00
-15.281300,-65.045100,GOES-19,2026-09-28 20:00:00
-15.300600,-65.043900,GOES-19,2026-09-28 20:00:00
-15.452200,-61.318200,GOES-19,2026-09-28 20:00:00
-15.452400,-61.298500,GOES-19,2026-09-28 20:00:00
-15.471500,-61.316600,GOES-19,2026-09-28 20:00:00
-15.454200,-65.073600,GOES-19,2026-09-28 20:00:00
-15.702100,-61.416100,GOES-19,2026-09-28 20:00:00
-15.836500,-63.305800,GOES-19,2026-09-28 20:00:00
-15.855900,-63.304400,GOES-19,2026-09-28 20:00:00
-15.898900,-62.872100,GOES-19,2026-09-28 20:00:00
-16.043800,-63.856000,GOES-19,2026-09-28 20:00:00
-16.044000,-63.836600,GOES-19,2026-09-28 20:00:00
-16.063200,-63.854700,GOES-19,2026-09-28 20:00:00
-16.063400,-63.835200,GOES-19,2026-09-28 20:00:00
-16.082200,-63.892300,GOES-19,2026-09-28 20:00:00
-16.082400,-63.872900,GOES-19,2026-09-28 20:00:00
-16.434600,-61.730400,GOES-19,2026-09-28 20:00:00
-16.434800,-61.710700,GOES-19,2026-09-28 20:00:00
-16.454100,-61.728800,GOES-19,2026-09-28 20:00:00
-16.454300,-61.709100,GOES-19,2026-09-28 20:00:00
-16.520300,-67.113300,GOES-19,2026-09-28 20:00:00
-16.520500,-67.094000,GOES-19,2026-09-28 20:00:00
-16.576700,-61.223800,GOES-19,2026-09-28 20:00:00
-16.595900,-61.242000,GOES-19,2026-09-28 20:00:00
-16.596200,-61.222100,GOES-19,2026-09-28 20:00:00
-16.656300,-61.078000,GOES-19,2026-09-28 20:00:00
-16.920100,-61.827900,GOES-19,2026-09-28 20:00:00
-16.920300,-61.808100,GOES-19,2026-09-28 20:00:00
-16.939800,-61.806500,GOES-19,2026-09-28 20:00:00
-17.072500,-60.561900,GOES-19,2026-09-28 20:00:00
-17.056100,-63.628300,GOES-19,2026-09-28 20:00:00
-17.056300,-63.608700,GOES-19,2026-09-28 20:00:00
-17.091800,-60.580100,GOES-19,2026-09-28 20:00:00
-17.092000,-60.560100,GOES-19,2026-09-28 20:00:00
-17.098200,-60.099300,GOES-19,2026-09-28 20:00:00
-17.098400,-60.079200,GOES-19,2026-09-28 20:00:00
-17.098700,-60.059200,GOES-19,2026-09-28 20:00:00
-17.118000,-60.077300,GOES-19,2026-09-28 20:00:00
-17.139800,-63.092100,GOES-19,2026-09-28 20:00:00
-17.140000,-63.072400,GOES-19,2026-09-28 20:00:00
-17.159400,-63.090500,GOES-19,2026-09-28 20:00:00
-17.257500,-61.381900,GOES-19,2026-09-28 20:00:00
-17.277100,-61.380100,GOES-19,2026-09-28 20:00:00
-17.449700,-60.164900,GOES-19,2026-09-28 20:00:00
-17.469300,-60.162900,GOES-19,2026-09-28 20:00:00
-17.668100,-59.982000,GOES-19,2026-09-28 20:00:00
-17.915800,-60.560200,GOES-19,2026-09-28 20:00:00
-17.916000,-60.540100,GOES-19,2026-09-28 20:00:00
-18.400000,-62.751800,GOES-19,2026-09-28 20:00:00
-18.400300,-62.731900,GOES-19,2026-09-28 20:00:00
-18.420000,-62.730200,GOES-19,2026-09-28 20:00:00
-19.453400,-59.788600,GOES-19,2026-09-28 20:00:00
-19.473400,-59.786300,GOES-19,2026-09-28 20:00:00
-19.701500,-63.495500,GOES-19,2026-09-28 20:00:00
-20.736800,-61.214800,GOES-19,2026-09-28 20:00:00
-20.737100,-61.194300,GOES-19,2026-09-28 20:00:00
-21.531700,-62.311500,GOES-19,2026-09-28 20:00:00
-21.551800,-62.329800,GOES-19,2026-09-28 20:00:00
-21.552100,-62.309400,GOES-19,2026-09-28 20:00:00
-21.572500,-62.307200,GOES-19,2026-09-28 20:00:00
-22.384500,-56.969800,GOES-19,2026-09-28 20:00:00
-22.444900,-58.044500,GOES-19,2026-09-28 20:00:00
-22.466000,-58.020200,GOES-19,2026-09-28 20:00:00
-22.477300,-57.466600,GOES-19,2026-09-28 20:00:00
-22.745000,-60.771400,GOES-19,2026-09-28 20:00:00
-23.194300,-58.864400,GOES-19,2026-09-28 20:00:00
-23.166100,-61.571200,GOES-19,2026-09-28 20:00:00
-23.166500,-61.550400,GOES-19,2026-09-28 20:00:00
-23.430200,-57.507300,GOES-19,2026-09-28 20:00:00
-23.451200,-57.503900,GOES-19,2026-09-28 20:00:00
-23.455800,-61.639900,GOES-19,2026-09-28 20:00:00
-23.456100,-61.619000,GOES-19,2026-09-28 20:00:00
-23.476600,-61.637300,GOES-19,2026-09-28 20:00:00
-23.477000,-61.616500,GOES-19,2026-09-28 20:00:00
-23.568600,-61.125400,GOES-19,2026-09-28 20:00:00
-23.786600,-58.434600,GOES-19,2026-09-28 20:00:00
-23.789300,-58.306100,GOES-19,2026-09-28 20:00:00
-23.807600,-58.431400,GOES-19,2026-09-28 20:00:00
-23.810300,-58.302800,GOES-19,2026-09-28 20:00:00
-23.815700,-58.045200,GOES-19,2026-09-28 20:00:00
-23.807800,-61.784200,GOES-19,2026-09-28 20:00:00
-23.808100,-61.763300,GOES-19,2026-09-28 20:00:00
-23.828700,-61.781700,GOES-19,2026-09-28 20:00:00
-23.829100,-61.760800,GOES-19,2026-09-28 20:00:00
-23.886400,-58.675200,GOES-19,2026-09-28 20:00:00
-23.886800,-58.653800,GOES-19,2026-09-28 20:00:00
-23.889000,-58.546800,GOES-19,2026-09-28 20:00:00
-23.889400,-58.525400,GOES-19,2026-09-28 20:00:00
-23.907400,-58.672000,GOES-19,2026-09-28 20:00:00
-23.907800,-58.650600,GOES-19,2026-09-28 20:00:00
-23.910000,-58.543500,GOES-19,2026-09-28 20:00:00
-23.910500,-58.522100,GOES-19,2026-09-28 20:00:00
-23.928400,-58.668700,GOES-19,2026-09-28 20:00:00
-23.917900,-60.281600,GOES-19,2026-09-28 20:00:00
-23.918200,-60.260500,GOES-19,2026-09-28 20:00:00
-23.918600,-60.239400,GOES-19,2026-09-28 20:00:00
-23.943800,-58.943400,GOES-19,2026-09-28 20:00:00
-23.944200,-58.922100,GOES-19,2026-09-28 20:00:00
-23.917500,-61.478300,GOES-19,2026-09-28 20:00:00
-23.917800,-61.457300,GOES-19,2026-09-28 20:00:00
-23.918200,-61.436400,GOES-19,2026-09-28 20:00:00
-23.927000,-60.932400,GOES-19,2026-09-28 20:00:00
-23.927300,-60.911400,GOES-19,2026-09-28 20:00:00
-23.938400,-61.475600,GOES-19,2026-09-28 20:00:00
-23.939200,-61.433700,GOES-19,2026-09-28 20:00:00
-23.943100,-61.202900,GOES-19,2026-09-28 20:00:00
-23.948000,-60.929600,GOES-19,2026-09-28 20:00:00
-23.948300,-60.908600,GOES-19,2026-09-28 20:00:00
-24.106200,-58.191600,GOES-19,2026-09-28 20:00:00
-24.106600,-58.170100,GOES-19,2026-09-28 20:00:00
-24.205100,-57.508400,GOES-19,2026-09-28 20:00:00
-24.205500,-57.486700,GOES-19,2026-09-28 20:00:00
-24.226200,-57.504800,GOES-19,2026-09-28 20:00:00
-24.226700,-57.483200,GOES-19,2026-09-28 20:00:00
-24.177600,-60.983300,GOES-19,2026-09-28 20:00:00
-24.177900,-60.962200,GOES-19,2026-09-28 20:00:00
-24.244700,-59.642800,GOES-19,2026-09-28 20:00:00
-24.265800,-59.639700,GOES-19,2026-09-28 20:00:00
-24.266200,-59.618400,GOES-19,2026-09-28 20:00:00
-24.287300,-59.615300,GOES-19,2026-09-28 20:00:00
-24.313400,-59.356100,GOES-19,2026-09-28 20:00:00
-24.339300,-59.117700,GOES-19,2026-09-28 20:00:00
-24.360400,-59.114500,GOES-19,2026-09-28 20:00:00
-24.393700,-59.557000,GOES-19,2026-09-28 20:00:00
-24.414400,-59.575200,GOES-19,2026-09-28 20:00:00
-24.414800,-59.553900,GOES-19,2026-09-28 20:00:00
-24.415200,-59.532500,GOES-19,2026-09-28 20:00:00
-24.449100,-59.952700,GOES-19,2026-09-28 20:00:00
-24.449500,-59.931400,GOES-19,2026-09-28 20:00:00
-24.470600,-59.928300,GOES-19,2026-09-28 20:00:00
-24.483600,-60.350600,GOES-19,2026-09-28 20:00:00
-24.484000,-60.329400,GOES-19,2026-09-28 20:00:00
-24.488900,-60.074300,GOES-19,2026-09-28 20:00:00
-24.489300,-60.053000,GOES-19,2026-09-28 20:00:00
-24.504800,-60.347600,GOES-19,2026-09-28 20:00:00
-24.505200,-60.326400,GOES-19,2026-09-28 20:00:00
-24.510000,-60.071300,GOES-19,2026-09-28 20:00:00
-24.510500,-60.050000,GOES-19,2026-09-28 20:00:00
-24.566600,-60.423600,GOES-19,2026-09-28 20:00:00
-24.573700,-61.183300,GOES-19,2026-09-28 20:00:00
-24.580600,-60.802500,GOES-19,2026-09-28 20:00:00
-24.587800,-60.420700,GOES-19,2026-09-28 20:00:00
-24.601800,-60.799600,GOES-19,2026-09-28 20:00:00
-24.602200,-60.778400,GOES-19,2026-09-28 20:00:00
-24.684000,-56.861400,GOES-19,2026-09-28 20:00:00
-24.705300,-56.857600,GOES-19,2026-09-28 20:00:00
-24.793400,-59.625200,GOES-19,2026-09-28 20:00:00
-24.793800,-59.603800,GOES-19,2026-09-28 20:00:00
-24.814600,-59.622000,GOES-19,2026-09-28 20:00:00
-24.815100,-59.600600,GOES-19,2026-09-28 20:00:00
-24.924800,-57.450100,GOES-19,2026-09-28 20:00:00
-24.902600,-59.459000,GOES-19,2026-09-28 20:00:00
-24.946100,-57.446400,GOES-19,2026-09-28 20:00:00
-24.923900,-59.455800,GOES-19,2026-09-28 20:00:00
-24.924300,-59.434300,GOES-19,2026-09-28 20:00:00
-24.945200,-59.452500,GOES-19,2026-09-28 20:00:00
-25.086400,-56.898100,GOES-19,2026-09-28 20:00:00
-25.042500,-59.886800,GOES-19,2026-09-28 20:00:00
-25.042900,-59.865300,GOES-19,2026-09-28 20:00:00
-25.053700,-60.396800,GOES-19,2026-09-28 20:00:00
-25.075000,-60.393700,GOES-19,2026-09-28 20:00:00
-25.090200,-60.710500,GOES-19,2026-09-28 20:00:00
-25.117200,-60.408900,GOES-19,2026-09-28 20:00:00
-25.117600,-60.387600,GOES-19,2026-09-28 20:00:00
-25.138500,-60.405800,GOES-19,2026-09-28 20:00:00
-25.138900,-60.384500,GOES-19,2026-09-28 20:00:00
-25.271000,-60.151800,GOES-19,2026-09-28 20:00:00
-25.418900,-60.215400,GOES-19,2026-09-28 20:00:00
-25.526300,-60.178000,GOES-19,2026-09-28 20:00:00
-25.526700,-60.156600,GOES-19,2026-09-28 20:00:00
-25.489400,-63.465900,GOES-19,2026-09-28 20:00:00
-26.113200,-60.841100,GOES-19,2026-09-28 20:00:00
-26.134400,-60.859500,GOES-19,2026-09-28 20:00:00
-26.134800,-60.838000,GOES-19,2026-09-28 20:00:00
-26.637300,-61.645000,GOES-19,2026-09-28 20:00:00
-26.648000,-61.085100,GOES-19,2026-09-28 20:00:00
-27.128700,-60.948800,GOES-19,2026-09-28 20:00:00
-27.129100,-60.927100,GOES-19,2026-09-28 20:00:00
-10.978500,-69.659400,GOES-19,2026-09-28 20:00:00
-11.016200,-69.528800,GOES-19,2026-09-28 20:00:00
-11.034900,-69.528300,GOES-19,2026-09-28 20:00:00
-5.734200,-43.431500,GOES-19,2026-09-28 20:00:00
-11.091400,-69.378700,GOES-19,2026-09-28 20:00:00
-11.110100,-69.378200,GOES-19,2026-09-28 20:00:00
-11.128800,-69.396400,GOES-19,2026-09-28 20:00:00
-11.128800,-69.377800,GOES-19,2026-09-28 20:00:00
-11.354200,-69.093800,GOES-19,2026-09-28 20:00:00
-11.391200,-69.223000,GOES-19,2026-09-28 20:00:00
-12.871300,-70.510600,GOES-19,2026-09-28 20:00:00
-6.124900,-43.749400,GOES-19,2026-09-28 20:00:00
-6.125100,-43.726200,GOES-19,2026-09-28 20:00:00
-6.423200,-43.933200,GOES-19,2026-09-28 20:00:00
-6.663500,-39.163100,GOES-19,2026-09-28 20:00:00
-7.992500,-43.271000,GOES-19,2026-09-28 20:00:00
-7.992800,-43.247500,GOES-19,2026-09-28 20:00:00
-8.011400,-43.269000,GOES-19,2026-09-28 20:00:00
-8.011700,-43.245500,GOES-19,2026-09-28 20:00:00
-8.229100,-45.460200,GOES-19,2026-09-28 20:00:00
-10.925400,-43.887600,GOES-19,2026-09-28 20:00:00
-10.944500,-43.884900,GOES-19,2026-09-28 20:00:00
-11.060200,-46.104300,GOES-19,2026-09-28 20:00:00
-11.078900,-46.124500,GOES-19,2026-09-28 20:00:00
-11.079200,-46.101700,GOES-19,2026-09-28 20:00:00
-11.079600,-46.079000,GOES-19,2026-09-28 20:00:00
-11.098300,-46.099200,GOES-19,2026-09-28 20:00:00
-11.177100,-44.806400,GOES-19,2026-09-28 20:00:00
-11.177500,-44.783200,GOES-19,2026-09-28 20:00:00
-11.294500,-43.551000,GOES-19,2026-09-28 20:00:00
-11.295000,-43.527400,GOES-19,2026-09-28 20:00:00
-11.313300,-43.571800,GOES-19,2026-09-28 20:00:00
-11.313700,-43.548100,GOES-19,2026-09-28 20:00:00
-11.314200,-43.524500,GOES-19,2026-09-28 20:00:00
-11.355500,-43.352600,GOES-19,2026-09-28 20:00:00
-11.609200,-44.161700,GOES-19,2026-09-28 20:00:00
-11.609600,-44.138200,GOES-19,2026-09-28 20:00:00
-11.628800,-44.135300,GOES-19,2026-09-28 20:00:00
-11.640000,-43.521800,GOES-19,2026-09-28 20:00:00
-11.640400,-43.498100,GOES-19,2026-09-28 20:00:00
-11.659200,-43.518800,GOES-19,2026-09-28 20:00:00
-11.678000,-43.539600,GOES-19,2026-09-28 20:00:00
-11.678400,-43.515800,GOES-19,2026-09-28 20:00:00
-11.717800,-43.462300,GOES-19,2026-09-28 20:00:00
-12.200500,-42.354600,GOES-19,2026-09-28 20:00:00
-13.326700,-43.952300,GOES-19,2026-09-28 20:00:00
-13.739800,-43.664700,GOES-19,2026-09-28 20:00:00
-14.468800,-43.263400,GOES-19,2026-09-28 20:00:00
-15.400300,-47.903500,GOES-19,2026-09-28 20:00:00
-15.653600,-41.344800,GOES-19,2026-09-28 20:00:00
-15.673400,-41.340300,GOES-19,2026-09-28 20:00:00
-18.517700,-49.672200,GOES-19,2026-09-28 20:00:00
-18.518200,-49.649700,GOES-19,2026-09-28 20:00:00
-18.538300,-49.645800,GOES-19,2026-09-28 20:00:00
-18.587700,-49.254000,GOES-19,2026-09-28 20:00:00
-18.683400,-48.623400,GOES-19,2026-09-28 20:00:00
-20.099100,-57.206700,GOES-19,2026-09-28 20:00:00
-21.517100,-55.312100,GOES-19,2026-09-28 20:00:00
-21.537600,-55.308600,GOES-19,2026-09-28 20:00:00
3.531200,-60.187500,GOES-19,2026-09-28 20:00:00
-0.488900,-49.132700,GOES-19,2026-09-28 20:00:00
-3.732200,-46.983500,GOES-19,2026-09-28 20:00:00
-3.732300,-46.961600,GOES-19,2026-09-28 20:00:00
-3.750700,-46.982700,GOES-19,2026-09-28 20:00:00
-3.750800,-46.960800,GOES-19,2026-09-28 20:00:00
-4.800600,-45.642200,GOES-19,2026-09-28 20:00:00
-4.800800,-45.619800,GOES-19,2026-09-28 20:00:00
-4.819400,-45.618700,GOES-19,2026-09-28 20:00:00
-5.086200,-44.857000,GOES-19,2026-09-28 20:00:00
-5.086400,-44.834200,GOES-19,2026-09-28 20:00:00
-5.188700,-46.088800,GOES-19,2026-09-28 20:00:00
-5.188900,-46.066500,GOES-19,2026-09-28 20:00:00
-5.476200,-45.126200,GOES-19,2026-09-28 20:00:00
-5.534400,-44.872600,GOES-19,2026-09-28 20:00:00
-5.553100,-44.871300,GOES-19,2026-09-28 20:00:00
-5.738400,-45.062600,GOES-19,2026-09-28 20:00:00
-5.738600,-45.039900,GOES-19,2026-09-28 20:00:00
-5.738800,-45.017200,GOES-19,2026-09-28 20:00:00
-5.740400,-44.835300,GOES-19,2026-09-28 20:00:00
-5.759100,-44.833900,GOES-19,2026-09-28 20:00:00
-5.759300,-44.811100,GOES-19,2026-09-28 20:00:00
-5.822000,-44.073500,GOES-19,2026-09-28 20:00:00
-6.662600,-55.131300,GOES-19,2026-09-28 20:00:00
-6.662700,-55.111200,GOES-19,2026-09-28 20:00:00
-6.662800,-55.091200,GOES-19,2026-09-28 20:00:00
-6.681100,-55.130300,GOES-19,2026-09-28 20:00:00
-6.681200,-55.110300,GOES-19,2026-09-28 20:00:00
-6.681400,-55.090300,GOES-19,2026-09-28 20:00:00
-7.067400,-55.489600,GOES-19,2026-09-28 20:00:00
-7.067500,-55.469700,GOES-19,2026-09-28 20:00:00
-7.437000,-55.629100,GOES-19,2026-09-28 20:00:00
-7.497400,-55.025600,GOES-19,2026-09-28 20:00:00
-7.515800,-55.044600,GOES-19,2026-09-28 20:00:00
-7.515900,-55.024500,GOES-19,2026-09-28 20:00:00
-7.829700,-45.815600,GOES-19,2026-09-28 20:00:00
-7.848600,-45.813800,GOES-19,2026-09-28 20:00:00
-8.343500,-46.884800,GOES-19,2026-09-28 20:00:00
-8.362300,-46.883000,GOES-19,2026-09-28 20:00:00
-8.929400,-49.770600,GOES-19,2026-09-28 20:00:00
-9.298200,-45.934800,GOES-19,2026-09-28 20:00:00
-9.481300,-46.364600,GOES-19,2026-09-28 20:00:00
-9.481600,-46.342100,GOES-19,2026-09-28 20:00:00
-9.489200,-45.800100,GOES-19,2026-09-28 20:00:00
-9.500200,-46.362500,GOES-19,2026-09-28 20:00:00
-9.500500,-46.340000,GOES-19,2026-09-28 20:00:00
-9.519200,-46.360400,GOES-19,2026-09-28 20:00:00
-9.519500,-46.337900,GOES-19,2026-09-28 20:00:00
-9.626300,-46.818500,GOES-19,2026-09-28 20:00:00
-9.686400,-58.125800,GOES-19,2026-09-28 20:00:00
-9.686500,-58.106200,GOES-19,2026-09-28 20:00:00
-9.705100,-58.124700,GOES-19,2026-09-28 20:00:00
-9.801000,-49.278800,GOES-19,2026-09-28 20:00:00
-9.959300,-50.164400,GOES-19,2026-09-28 20:00:00
-9.959500,-50.143100,GOES-19,2026-09-28 20:00:00
-9.959800,-50.121700,GOES-19,2026-09-28 20:00:00
-9.978400,-50.141200,GOES-19,2026-09-28 20:00:00
-10.014500,-50.265700,GOES-19,2026-09-28 20:00:00
-10.014800,-50.244300,GOES-19,2026-09-28 20:00:00
-10.033400,-50.263800,GOES-19,2026-09-28 20:00:00
-10.033700,-50.242400,GOES-19,2026-09-28 20:00:00
-10.206500,-50.011300,GOES-19,2026-09-28 20:00:00
-10.206700,-49.989800,GOES-19,2026-09-28 20:00:00
-10.650500,-50.712300,GOES-19,2026-09-28 20:00:00
-10.705600,-50.834100,GOES-19,2026-09-28 20:00:00
-10.772600,-48.739900,GOES-19,2026-09-28 20:00:00
-10.791300,-48.759600,GOES-19,2026-09-28 20:00:00
-10.791600,-48.737700,GOES-19,2026-09-28 20:00:00
-10.799900,-57.220600,GOES-19,2026-09-28 20:00:00
-10.800100,-57.200700,GOES-19,2026-09-28 20:00:00
-10.819100,-57.179500,GOES-19,2026-09-28 20:00:00
-10.823800,-60.744000,GOES-19,2026-09-28 20:00:00
-10.824000,-60.724600,GOES-19,2026-09-28 20:00:00
-10.934000,-50.725200,GOES-19,2026-09-28 20:00:00
-10.934300,-50.703900,GOES-19,2026-09-28 20:00:00
-10.837100,-61.418000,GOES-19,2026-09-28 20:00:00
-10.953000,-50.723200,GOES-19,2026-09-28 20:00:00
-11.116900,-51.194000,GOES-19,2026-09-28 20:00:00
-11.117200,-51.172800,GOES-19,2026-09-28 20:00:00
-11.132400,-50.083900,GOES-19,2026-09-28 20:00:00
-11.132700,-50.062400,GOES-19,2026-09-28 20:00:00
-11.135900,-51.192000,GOES-19,2026-09-28 20:00:00
-11.151400,-50.081800,GOES-19,2026-09-28 20:00:00
-11.151700,-50.060300,GOES-19,2026-09-28 20:00:00
-11.324500,-54.130900,GOES-19,2026-09-28 20:00:00
-11.324700,-54.110300,GOES-19,2026-09-28 20:00:00
-11.343400,-54.129100,GOES-19,2026-09-28 20:00:00
-11.343600,-54.108600,GOES-19,2026-09-28 20:00:00
-11.343900,-54.088000,GOES-19,2026-09-28 20:00:00
-11.344700,-54.026400,GOES-19,2026-09-28 20:00:00
-11.363100,-54.065700,GOES-19,2026-09-28 20:00:00
-11.363300,-54.045200,GOES-19,2026-09-28 20:00:00
-11.864100,-47.100400,GOES-19,2026-09-28 20:00:00
-11.983000,-57.606600,GOES-19,2026-09-28 20:00:00
-12.120200,-57.176700,GOES-19,2026-09-28 20:00:00
-12.626700,-47.285100,GOES-19,2026-09-28 20:00:00
-12.786800,-54.027500,GOES-19,2026-09-28 20:00:00
-12.926300,-46.655000,GOES-19,2026-09-28 20:00:00
-12.945200,-46.674800,GOES-19,2026-09-28 20:00:00
-12.945600,-46.652000,GOES-19,2026-09-28 20:00:00
-12.945700,-51.069500,GOES-19,2026-09-28 20:00:00
-12.946100,-51.048100,GOES-19,2026-09-28 20:00:00
-12.964900,-51.067100,GOES-19,2026-09-28 20:00:00
-12.965300,-51.045700,GOES-19,2026-09-28 20:00:00
-12.984100,-51.064800,GOES-19,2026-09-28 20:00:00
-12.984400,-51.043300,GOES-19,2026-09-28 20:00:00
-13.901200,-53.675700,GOES-19,2026-09-28 20:00:00
-13.901500,-53.654800,GOES-19,2026-09-28 20:00:00
-15.081000,-54.596400,GOES-19,2026-09-28 20:00:00
-15.100400,-54.594100,GOES-19,2026-09-28 20:00:00
-15.905100,-56.397500,GOES-19,2026-09-28 20:00:00
-15.924600,-56.395300,GOES-19,2026-09-28 20:00:00
4.030600,-58.547300,GOES-19,2026-09-28 19:50:00
3.939400,-58.414400,GOES-19,2026-09-28 19:50:00
-4.460500,-80.788400,GOES-19,2026-09-28 19:50:00
-4.515000,-80.661500,GOES-19,2026-09-28 19:50:00
-4.515000,-80.643300,GOES-19,2026-09-28 19:50:00
-4.533300,-80.734500,GOES-19,2026-09-28 19:50:00
-4.551300,-80.516100,GOES-19,2026-09-28 19:50:00
-4.551200,-80.497900,GOES-19,2026-09-28 19:50:00
-4.606100,-80.607700,GOES-19,2026-09-28 19:50:00
-4.642600,-80.626300,GOES-19,2026-09-28 19:50:00
-4.642500,-80.608000,GOES-19,2026-09-28 19:50:00
-4.660900,-80.681100,GOES-19,2026-09-28 19:50:00
-4.697400,-80.717900,GOES-19,2026-09-28 19:50:00
-7.034300,-78.045200,GOES-19,2026-09-28 19:50:00
-9.501600,-75.137300,GOES-19,2026-09-28 19:50:00
-9.594300,-75.320400,GOES-19,2026-09-28 19:50:00
-9.668400,-75.210600,GOES-19,2026-09-28 19:50:00
-9.686900,-75.192300,GOES-19,2026-09-28 19:50:00
-10.095100,-74.954100,GOES-19,2026-09-28 19:50:00
-10.318600,-73.742300,GOES-19,2026-09-28 19:50:00
-10.455300,-65.480800,GOES-19,2026-09-28 19:50:00
-10.455400,-65.462000,GOES-19,2026-09-28 19:50:00
-10.473900,-65.480100,GOES-19,2026-09-28 19:50:00
-10.474000,-65.461300,GOES-19,2026-09-28 19:50:00
-10.715800,-65.621300,GOES-19,2026-09-28 19:50:00
-10.734300,-65.639400,GOES-19,2026-09-28 19:50:00
-10.884400,-65.521000,GOES-19,2026-09-28 19:50:00
-10.988700,-75.009200,GOES-19,2026-09-28 19:50:00
-10.988700,-74.990800,GOES-19,2026-09-28 19:50:00
-11.195100,-73.148100,GOES-19,2026-09-28 19:50:00
-11.480300,-66.080900,GOES-19,2026-09-28 19:50:00
-11.804000,-65.276200,GOES-19,2026-09-28 19:50:00
-12.575200,-65.393600,GOES-19,2026-09-28 19:50:00
-12.575400,-65.374600,GOES-19,2026-09-28 19:50:00
-12.594100,-65.392700,GOES-19,2026-09-28 19:50:00
-12.594200,-65.373800,GOES-19,2026-09-28 19:50:00
-12.613000,-65.391900,GOES-19,2026-09-28 19:50:00
-12.613100,-65.372900,GOES-19,2026-09-28 19:50:00
-12.850900,-63.818900,GOES-19,2026-09-28 19:50:00
-12.851100,-63.799800,GOES-19,2026-09-28 19:50:00
-12.869800,-63.817900,GOES-19,2026-09-28 19:50:00
-12.870000,-63.798700,GOES-19,2026-09-28 19:50:00
-13.040300,-63.808600,GOES-19,2026-09-28 19:50:00
-13.481700,-65.674400,GOES-19,2026-09-28 19:50:00
-14.396300,-63.208400,GOES-19,2026-09-28 19:50:00
-14.396400,-63.189100,GOES-19,2026-09-28 19:50:00
-14.415400,-63.207200,GOES-19,2026-09-28 19:50:00
-14.415600,-63.187900,GOES-19,2026-09-28 19:50:00
-14.423200,-62.372900,GOES-19,2026-09-28 19:50:00
-14.423400,-62.353500,GOES-19,2026-09-28 19:50:00
-14.423600,-62.334000,GOES-19,2026-09-28 19:50:00
-14.442400,-62.371600,GOES-19,2026-09-28 19:50:00
-14.490700,-65.682200,GOES-19,2026-09-28 19:50:00
-14.490900,-65.663100,GOES-19,2026-09-28 19:50:00
-14.509000,-65.795900,GOES-19,2026-09-28 19:50:00
-14.509200,-65.776800,GOES-19,2026-09-28 19:50:00
-14.509900,-65.681200,GOES-19,2026-09-28 19:50:00
-14.528200,-65.794900,GOES-19,2026-09-28 19:50:00
-14.528300,-65.775800,GOES-19,2026-09-28 19:50:00
-14.528400,-65.756700,GOES-19,2026-09-28 19:50:00
-14.632600,-64.639800,GOES-19,2026-09-28 19:50:00
-14.925000,-64.044600,GOES-19,2026-09-28 19:50:00
-14.944200,-64.043500,GOES-19,2026-09-28 19:50:00
-15.086100,-65.440300,GOES-19,2026-09-28 19:50:00
-15.086300,-65.421100,GOES-19,2026-09-28 19:50:00
-15.105300,-65.439300,GOES-19,2026-09-28 19:50:00
-15.105500,-65.420100,GOES-19,2026-09-28 19:50:00
-15.201100,-61.377500,GOES-19,2026-09-28 19:50:00
-15.220400,-61.376000,GOES-19,2026-09-28 19:50:00
-15.222100,-65.240800,GOES-19,2026-09-28 19:50:00
-15.281300,-65.045100,GOES-19,2026-09-28 19:50:00
-15.300600,-65.043900,GOES-19,2026-09-28 19:50:00
-15.452200,-61.318200,GOES-19,2026-09-28 19:50:00
-15.452400,-61.298500,GOES-19,2026-09-28 19:50:00
-15.471500,-61.316600,GOES-19,2026-09-28 19:50:00
-15.471800,-61.296900,GOES-19,2026-09-28 19:50:00
-15.454200,-65.073600,GOES-19,2026-09-28 19:50:00
-15.566500,-61.446700,GOES-19,2026-09-28 19:50:00
-15.585600,-61.464900,GOES-19,2026-09-28 19:50:00
-15.585900,-61.445200,GOES-19,2026-09-28 19:50:00
-15.586100,-61.425500,GOES-19,2026-09-28 19:50:00
-15.605000,-61.463300,GOES-19,2026-09-28 19:50:00
-15.605200,-61.443600,GOES-19,2026-09-28 19:50:00
-15.702100,-61.416100,GOES-19,2026-09-28 19:50:00
-15.898900,-62.872100,GOES-19,2026-09-28 19:50:00
-15.899100,-62.852500,GOES-19,2026-09-28 19:50:00
-16.021900,-64.129600,GOES-19,2026-09-28 19:50:00
-16.343400,-62.956500,GOES-19,2026-09-28 19:50:00
-16.343600,-62.936900,GOES-19,2026-09-28 19:50:00
-16.362800,-62.955100,GOES-19,2026-09-28 19:50:00
-16.363000,-62.935500,GOES-19,2026-09-28 19:50:00
-16.434600,-61.730400,GOES-19,2026-09-28 19:50:00
-16.434800,-61.710700,GOES-19,2026-09-28 19:50:00
-16.454100,-61.728800,GOES-19,2026-09-28 19:50:00
-16.454300,-61.709100,GOES-19,2026-09-28 19:50:00
-16.521400,-62.648800,GOES-19,2026-09-28 19:50:00
-16.521600,-62.629200,GOES-19,2026-09-28 19:50:00
-16.540900,-62.647300,GOES-19,2026-09-28 19:50:00
-16.520300,-67.113300,GOES-19,2026-09-28 19:50:00
-16.576700,-61.223800,GOES-19,2026-09-28 19:50:00
-16.595900,-61.242000,GOES-19,2026-09-28 19:50:00
-16.596200,-61.222100,GOES-19,2026-09-28 19:50:00
-16.596400,-61.202300,GOES-19,2026-09-28 19:50:00
-16.920100,-61.827900,GOES-19,2026-09-28 19:50:00
-16.920300,-61.808100,GOES-19,2026-09-28 19:50:00
-16.939600,-61.826300,GOES-19,2026-09-28 19:50:00
-16.939800,-61.806500,GOES-19,2026-09-28 19:50:00
-17.070100,-60.741800,GOES-19,2026-09-28 19:50:00
-17.072200,-60.581900,GOES-19,2026-09-28 19:50:00
-17.072500,-60.561900,GOES-19,2026-09-28 19:50:00
-17.089700,-60.740000,GOES-19,2026-09-28 19:50:00
-17.091800,-60.580100,GOES-19,2026-09-28 19:50:00
-17.092000,-60.560100,GOES-19,2026-09-28 19:50:00
-17.098400,-60.079200,GOES-19,2026-09-28 19:50:00
-17.098700,-60.059200,GOES-19,2026-09-28 19:50:00
-17.118000,-60.077300,GOES-19,2026-09-28 19:50:00
-17.139800,-63.092100,GOES-19,2026-09-28 19:50:00
-17.140000,-63.072400,GOES-19,2026-09-28 19:50:00
-17.159400,-63.090500,GOES-19,2026-09-28 19:50:00
-17.159600,-63.070900,GOES-19,2026-09-28 19:50:00
-17.257500,-61.381900,GOES-19,2026-09-28 19:50:00
-17.275300,-60.021600,GOES-19,2026-09-28 19:50:00
-17.277100,-61.380100,GOES-19,2026-09-28 19:50:00
-17.294700,-60.039800,GOES-19,2026-09-28 19:50:00
-17.294900,-60.019700,GOES-19,2026-09-28 19:50:00
-17.295500,-59.979500,GOES-19,2026-09-28 19:50:00
-17.314500,-60.017700,GOES-19,2026-09-28 19:50:00
-17.315100,-59.977500,GOES-19,2026-09-28 19:50:00
-17.315400,-59.957400,GOES-19,2026-09-28 19:50:00
-17.449700,-60.164900,GOES-19,2026-09-28 19:50:00
-17.434400,-62.970400,GOES-19,2026-09-28 19:50:00
-17.434600,-62.950700,GOES-19,2026-09-28 19:50:00
-17.469300,-60.162900,GOES-19,2026-09-28 19:50:00
-17.454000,-62.968900,GOES-19,2026-09-28 19:50:00
-17.454200,-62.949100,GOES-19,2026-09-28 19:50:00
-17.668100,-59.982000,GOES-19,2026-09-28 19:50:00
-17.896000,-60.562200,GOES-19,2026-09-28 19:50:00
-17.915800,-60.560200,GOES-19,2026-09-28 19:50:00
-18.400000,-62.751800,GOES-19,2026-09-28 19:50:00
-18.400300,-62.731900,GOES-19,2026-09-28 19:50:00
-18.419800,-62.750100,GOES-19,2026-09-28 19:50:00
-18.420000,-62.730200,GOES-19,2026-09-28 19:50:00
-19.473400,-59.786300,GOES-19,2026-09-28 19:50:00
-20.239200,-58.354600,GOES-19,2026-09-28 19:50:00
-20.259100,-58.372700,GOES-19,2026-09-28 19:50:00
-20.259400,-58.351900,GOES-19,2026-09-28 19:50:00
-20.279600,-58.349300,GOES-19,2026-09-28 19:50:00
-20.373400,-64.277100,GOES-19,2026-09-28 19:50:00
-20.690900,-57.939700,GOES-19,2026-09-28 19:50:00
-20.691300,-57.918800,GOES-19,2026-09-28 19:50:00
-20.711200,-57.936900,GOES-19,2026-09-28 19:50:00
-20.711500,-57.916000,GOES-19,2026-09-28 19:50:00
-20.731500,-57.934100,GOES-19,2026-09-28 19:50:00
-20.736800,-61.214800,GOES-19,2026-09-28 19:50:00
-20.737100,-61.194300,GOES-19,2026-09-28 19:50:00
-21.531700,-62.311500,GOES-19,2026-09-28 19:50:00
-21.551800,-62.329800,GOES-19,2026-09-28 19:50:00
-21.552100,-62.309400,GOES-19,2026-09-28 19:50:00
-21.572500,-62.307200,GOES-19,2026-09-28 19:50:00
-21.991300,-58.111600,GOES-19,2026-09-28 19:50:00
-21.991700,-58.090500,GOES-19,2026-09-28 19:50:00
-22.182500,-58.841300,GOES-19,2026-09-28 19:50:00
-22.203100,-58.838400,GOES-19,2026-09-28 19:50:00
-22.384500,-56.969800,GOES-19,2026-09-28 19:50:00
-22.424200,-58.047600,GOES-19,2026-09-28 19:50:00
-22.424700,-58.026400,GOES-19,2026-09-28 19:50:00
-22.444900,-58.044500,GOES-19,2026-09-28 19:50:00
-22.445300,-58.023300,GOES-19,2026-09-28 19:50:00
-22.445800,-58.002000,GOES-19,2026-09-28 19:50:00
-22.466000,-58.020200,GOES-19,2026-09-28 19:50:00
-22.477300,-57.466600,GOES-19,2026-09-28 19:50:00
-22.745000,-60.771400,GOES-19,2026-09-28 19:50:00
-23.166100,-61.571200,GOES-19,2026-09-28 19:50:00
-23.166500,-61.550400,GOES-19,2026-09-28 19:50:00
-23.186900,-61.568700,GOES-19,2026-09-28 19:50:00
-23.187300,-61.547900,GOES-19,2026-09-28 19:50:00
-23.416800,-57.166100,GOES-19,2026-09-28 19:50:00
-23.430200,-57.507300,GOES-19,2026-09-28 19:50:00
-23.455800,-61.639900,GOES-19,2026-09-28 19:50:00
-23.456100,-61.619000,GOES-19,2026-09-28 19:50:00
-23.476600,-61.637300,GOES-19,2026-09-28 19:50:00
-23.477000,-61.616500,GOES-19,2026-09-28 19:50:00
-23.568600,-61.125400,GOES-19,2026-09-28 19:50:00
-23.786600,-58.434600,GOES-19,2026-09-28 19:50:00
-23.789300,-58.306100,GOES-19,2026-09-28 19:50:00
-23.807600,-58.431400,GOES-19,2026-09-28 19:50:00
-23.810300,-58.302800,GOES-19,2026-09-28 19:50:00
-23.816600,-58.002200,GOES-19,2026-09-28 19:50:00
-23.837600,-57.998900,GOES-19,2026-09-28 19:50:00
-23.838100,-57.977400,GOES-19,2026-09-28 19:50:00
-23.847000,-58.553300,GOES-19,2026-09-28 19:50:00
-23.850500,-58.382000,GOES-19,2026-09-28 19:50:00
-23.858600,-57.995500,GOES-19,2026-09-28 19:50:00
-23.872600,-57.348500,GOES-19,2026-09-28 19:50:00
-23.807800,-61.784200,GOES-19,2026-09-28 19:50:00
-23.808100,-61.763300,GOES-19,2026-09-28 19:50:00
-23.871500,-58.378700,GOES-19,2026-09-28 19:50:00
-23.828700,-61.781700,GOES-19,2026-09-28 19:50:00
-23.829100,-61.760800,GOES-19,2026-09-28 19:50:00
-23.886400,-58.675200,GOES-19,2026-09-28 19:50:00
-23.886800,-58.653800,GOES-19,2026-09-28 19:50:00
-23.889000,-58.546800,GOES-19,2026-09-28 19:50:00
-23.902600,-58.907100,GOES-19,2026-09-28 19:50:00
-23.907400,-58.672000,GOES-19,2026-09-28 19:50:00
-23.907800,-58.650600,GOES-19,2026-09-28 19:50:00
-23.928400,-58.668700,GOES-19,2026-09-28 19:50:00
-23.917900,-60.281600,GOES-19,2026-09-28 19:50:00
-23.918200,-60.260500,GOES-19,2026-09-28 19:50:00
-23.918600,-60.239400,GOES-19,2026-09-28 19:50:00
-23.943800,-58.943400,GOES-19,2026-09-28 19:50:00
-23.944200,-58.922100,GOES-19,2026-09-28 19:50:00
-23.917500,-61.478300,GOES-19,2026-09-28 19:50:00
-23.917800,-61.457300,GOES-19,2026-09-28 19:50:00
-23.927300,-60.911400,GOES-19,2026-09-28 19:50:00
-23.938400,-61.475600,GOES-19,2026-09-28 19:50:00
-23.938800,-61.454700,GOES-19,2026-09-28 19:50:00
-23.948300,-60.908600,GOES-19,2026-09-28 19:50:00
-23.959800,-61.452000,GOES-19,2026-09-28 19:50:00
-24.168100,-57.277000,GOES-19,2026-09-28 19:50:00
-24.205100,-57.508400,GOES-19,2026-09-28 19:50:00
-24.205500,-57.486700,GOES-19,2026-09-28 19:50:00
-24.156500,-60.986100,GOES-19,2026-09-28 19:50:00
-24.226200,-57.504800,GOES-19,2026-09-28 19:50:00
-24.177600,-60.983300,GOES-19,2026-09-28 19:50:00
-24.177900,-60.962200,GOES-19,2026-09-28 19:50:00
-24.217000,-61.125200,GOES-19,2026-09-28 19:50:00
-24.244300,-59.664100,GOES-19,2026-09-28 19:50:00
-24.244700,-59.642800,GOES-19,2026-09-28 19:50:00
-24.245100,-59.621500,GOES-19,2026-09-28 19:50:00
-24.265800,-59.639700,GOES-19,2026-09-28 19:50:00
-24.266200,-59.618400,GOES-19,2026-09-28 19:50:00
-24.287300,-59.615300,GOES-19,2026-09-28 19:50:00
-24.313000,-59.377500,GOES-19,2026-09-28 19:50:00
-24.313400,-59.356100,GOES-19,2026-09-28 19:50:00
-24.360400,-59.114500,GOES-19,2026-09-28 19:50:00
-24.393700,-59.557000,GOES-19,2026-09-28 19:50:00
-24.414400,-59.575200,GOES-19,2026-09-28 19:50:00
-24.414800,-59.553900,GOES-19,2026-09-28 19:50:00
-24.415200,-59.532500,GOES-19,2026-09-28 19:50:00
-24.449100,-59.952700,GOES-19,2026-09-28 19:50:00
-24.449500,-59.931400,GOES-19,2026-09-28 19:50:00
-24.470200,-59.949600,GOES-19,2026-09-28 19:50:00
-24.470600,-59.928300,GOES-19,2026-09-28 19:50:00
-24.483600,-60.350600,GOES-19,2026-09-28 19:50:00
-24.484000,-60.329400,GOES-19,2026-09-28 19:50:00
-24.488500,-60.095600,GOES-19,2026-09-28 19:50:00
-24.488900,-60.074300,GOES-19,2026-09-28 19:50:00
-24.489300,-60.053000,GOES-19,2026-09-28 19:50:00
-24.504800,-60.347600,GOES-19,2026-09-28 19:50:00
-24.505200,-60.326400,GOES-19,2026-09-28 19:50:00
-24.510000,-60.071300,GOES-19,2026-09-28 19:50:00
-24.510500,-60.050000,GOES-19,2026-09-28 19:50:00
-24.566600,-60.423600,GOES-19,2026-09-28 19:50:00
-24.573700,-61.183300,GOES-19,2026-09-28 19:50:00
-24.580600,-60.802500,GOES-19,2026-09-28 19:50:00
-24.587800,-60.420700,GOES-19,2026-09-28 19:50:00
-24.601800,-60.799600,GOES-19,2026-09-28 19:50:00
-24.602200,-60.778400,GOES-19,2026-09-28 19:50:00
-24.684000,-56.861400,GOES-19,2026-09-28 19:50:00
-24.704800,-56.879400,GOES-19,2026-09-28 19:50:00
-24.705300,-56.857600,GOES-19,2026-09-28 19:50:00
-24.793400,-59.625200,GOES-19,2026-09-28 19:50:00
-24.793800,-59.603800,GOES-19,2026-09-28 19:50:00
-24.814600,-59.622000,GOES-19,2026-09-28 19:50:00
-24.815100,-59.600600,GOES-19,2026-09-28 19:50:00
-24.923500,-59.477200,GOES-19,2026-09-28 19:50:00
-24.923900,-59.455800,GOES-19,2026-09-28 19:50:00
-24.924300,-59.434300,GOES-19,2026-09-28 19:50:00
-24.945200,-59.452500,GOES-19,2026-09-28 19:50:00
-24.965600,-59.492200,GOES-19,2026-09-28 19:50:00
-25.086400,-56.898100,GOES-19,2026-09-28 19:50:00
-25.042500,-59.886800,GOES-19,2026-09-28 19:50:00
-25.053700,-60.396800,GOES-19,2026-09-28 19:50:00
-25.075000,-60.393700,GOES-19,2026-09-28 19:50:00
-25.090200,-60.710500,GOES-19,2026-09-28 19:50:00
-25.092600,-60.582600,GOES-19,2026-09-28 19:50:00
-25.093000,-60.561300,GOES-19,2026-09-28 19:50:00
-25.111500,-60.707500,GOES-19,2026-09-28 19:50:00
-25.117200,-60.408900,GOES-19,2026-09-28 19:50:00
-25.117600,-60.387600,GOES-19,2026-09-28 19:50:00
-25.138500,-60.405800,GOES-19,2026-09-28 19:50:00
-25.138900,-60.384500,GOES-19,2026-09-28 19:50:00
-25.271000,-60.151800,GOES-19,2026-09-28 19:50:00
-25.526300,-60.178000,GOES-19,2026-09-28 19:50:00
-25.526700,-60.156600,GOES-19,2026-09-28 19:50:00
-25.489400,-63.465900,GOES-19,2026-09-28 19:50:00
-25.510700,-63.463400,GOES-19,2026-09-28 19:50:00
-26.113200,-60.841100,GOES-19,2026-09-28 19:50:00
-26.134400,-60.859500,GOES-19,2026-09-28 19:50:00
-26.134800,-60.838000,GOES-19,2026-09-28 19:50:00
-26.633500,-60.721000,GOES-19,2026-09-28 19:50:00
-26.648000,-61.085100,GOES-19,2026-09-28 19:50:00
-10.978500,-69.659400,GOES-19,2026-09-28 19:50:00
-11.016200,-69.528800,GOES-19,2026-09-28 19:50:00
-11.034900,-69.528300,GOES-19,2026-09-28 19:50:00
-11.354200,-69.093800,GOES-19,2026-09-28 19:50:00
-11.635300,-69.049500,GOES-19,2026-09-28 19:50:00
-9.686400,-58.125800,GOES-19,2026-09-28 19:50:00
-10.800100,-57.200700,GOES-19,2026-09-28 19:50:00
-15.112000,-53.883800,GOES-19,2026-09-28 19:50:00
-5.734200,-43.431500,GOES-19,2026-09-28 19:50:00
-6.663500,-39.163100,GOES-19,2026-09-28 19:50:00
-10.705600,-50.834100,GOES-19,2026-09-28 19:50:00
-10.215000,-46.683600,GOES-19,2026-09-28 19:50:00
1.858700,-55.584600,GOES-19,2026-09-28 19:50:00
-9.705100,-58.124700,GOES-19,2026-09-28 19:50:00
-10.206500,-50.011300,GOES-19,2026-09-28 19:50:00
-9.152300,-49.985300,GOES-19,2026-09-28 19:50:00
-9.959300,-50.164400,GOES-19,2026-09-28 19:50:00
-11.678000,-43.539600,GOES-19,2026-09-28 19:50:00
-8.229100,-45.460200,GOES-19,2026-09-28 19:50:00
-12.626700,-47.285100,GOES-19,2026-09-28 19:50:00
-11.717800,-43.462300,GOES-19,2026-09-28 19:50:00
-10.225700,-49.987900,GOES-19,2026-09-28 19:50:00
-9.298200,-45.934800,GOES-19,2026-09-28 19:50:00
-5.188700,-46.088800,GOES-19,2026-09-28 19:50:00
-6.124900,-43.749400,GOES-19,2026-09-28 19:50:00
-5.738600,-45.039900,GOES-19,2026-09-28 19:50:00
-11.659200,-43.518800,GOES-19,2026-09-28 19:50:00
-11.640000,-43.521800,GOES-19,2026-09-28 19:50:00
-9.133500,-49.987000,GOES-19,2026-09-28 19:50:00
-10.944500,-43.884900,GOES-19,2026-09-28 19:50:00
-10.772600,-48.739900,GOES-19,2026-09-28 19:50:00
-10.837100,-61.418000,GOES-19,2026-09-28 19:50:00
-12.806100,-54.004800,GOES-19,2026-09-28 19:50:00
-10.510600,-51.298200,GOES-19,2026-09-28 19:50:00
-12.945200,-46.674800,GOES-19,2026-09-28 19:50:00
-10.225400,-50.009300,GOES-19,2026-09-28 19:50:00
-11.678400,-43.515800,GOES-19,2026-09-28 19:50:00
-14.415100,-52.816500,GOES-19,2026-09-28 19:50:00
-11.659600,-43.495100,GOES-19,2026-09-28 19:50:00
-13.394300,-57.064500,GOES-19,2026-09-28 19:50:00
-11.177100,-44.806400,GOES-19,2026-09-28 19:50:00
-5.494900,-45.124900,GOES-19,2026-09-28 19:50:00
-9.152500,-49.963900,GOES-19,2026-09-28 19:50:00
-20.099100,-57.206700,GOES-19,2026-09-28 19:50:00
-9.978400,-50.141200,GOES-19,2026-09-28 19:50:00
-12.786800,-54.027500,GOES-19,2026-09-28 19:50:00
-12.926300,-46.655000,GOES-19,2026-09-28 19:50:00
-10.934300,-50.703900,GOES-19,2026-09-28 19:50:00
-10.206700,-49.989800,GOES-19,2026-09-28 19:50:00
-10.791600,-48.737700,GOES-19,2026-09-28 19:50:00
-7.685200,-54.753200,GOES-19,2026-09-28 19:50:00
-13.326700,-43.952300,GOES-19,2026-09-28 19:50:00
-7.497400,-55.025600,GOES-19,2026-09-28 19:50:00
-6.125100,-43.726200,GOES-19,2026-09-28 19:50:00
-11.640400,-43.498100,GOES-19,2026-09-28 19:50:00
-7.067400,-55.489600,GOES-19,2026-09-28 19:50:00
-9.926600,-60.717100,GOES-19,2026-09-28 19:50:00
-5.738800,-45.017200,GOES-19,2026-09-28 19:50:00
-11.079600,-46.079000,GOES-19,2026-09-28 19:50:00
-13.901200,-53.675700,GOES-19,2026-09-28 19:50:00
-11.609600,-44.138200,GOES-19,2026-09-28 19:50:00
-11.095300,-51.386600,GOES-19,2026-09-28 19:50:00
-7.703800,-54.752100,GOES-19,2026-09-28 19:50:00
-10.953300,-50.701800,GOES-19,2026-09-28 19:50:00
-7.992800,-43.247500,GOES-19,2026-09-28 19:50:00
-7.992500,-43.271000,GOES-19,2026-09-28 19:50:00
-10.823800,-60.744000,GOES-19,2026-09-28 19:50:00
-11.177500,-44.783200,GOES-19,2026-09-28 19:50:00
-14.517100,-52.486400,GOES-19,2026-09-28 19:50:00
-9.939600,-50.230400,GOES-19,2026-09-28 19:50:00
-7.671200,-44.900800,GOES-19,2026-09-28 19:50:00
-10.837700,-57.197900,GOES-19,2026-09-28 19:50:00
-5.737400,-45.176000,GOES-19,2026-09-28 19:50:00
-11.132700,-50.062400,GOES-19,2026-09-28 19:50:00
-11.864100,-47.100400,GOES-19,2026-09-28 19:50:00
-10.422700,-49.386500,GOES-19,2026-09-28 19:50:00
-12.965300,-51.045700,GOES-19,2026-09-28 19:50:00
-10.244300,-50.007400,GOES-19,2026-09-28 19:50:00
-10.818900,-57.199300,GOES-19,2026-09-28 19:50:00
-5.476200,-45.126200,GOES-19,2026-09-28 19:50:00
-9.078300,-49.885300,GOES-19,2026-09-28 19:50:00
-9.298500,-45.912200,GOES-19,2026-09-28 19:50:00
-13.686600,-56.613100,GOES-19,2026-09-28 19:50:00
-5.738400,-45.062600,GOES-19,2026-09-28 19:50:00
-18.683400,-48.623400,GOES-19,2026-09-28 19:50:00
-11.344400,-54.047000,GOES-19,2026-09-28 19:50:00
-11.098300,-46.099200,GOES-19,2026-09-28 19:50:00
-12.120200,-57.176700,GOES-19,2026-09-28 19:50:00
-10.934000,-50.725200,GOES-19,2026-09-28 19:50:00
-12.946100,-51.048100,GOES-19,2026-09-28 19:50:00
-10.824000,-60.724600,GOES-19,2026-09-28 19:50:00
-12.945600,-46.652000,GOES-19,2026-09-28 19:50:00
-9.959500,-50.143100,GOES-19,2026-09-28 19:50:00
-10.819100,-57.179500,GOES-19,2026-09-28 19:50:00
-3.272800,-50.137200,GOES-19,2026-09-28 19:50:00
-12.787100,-54.006900,GOES-19,2026-09-28 19:50:00
-12.523400,-49.983400,GOES-19,2026-09-28 19:50:00
-7.067500,-55.469700,GOES-19,2026-09-28 19:50:00
-11.079200,-46.101700,GOES-19,2026-09-28 19:50:00