lat,lon,satelite,data
-8.043100,-75.318800,GOES-19,2026-09-29 22:10:00
-8.043100,-75.300600,GOES-19,2026-09-29 22:10:00
-8.208800,-74.826900,GOES-19,2026-09-29 22:10:00
-5.735500,-43.291600,GOES-19,2026-09-29 22:10:00
-6.894700,-43.729900,GOES-19,2026-09-29 22:10:00
-6.895000,-43.706600,GOES-19,2026-09-29 22:10:00
-6.895200,-43.683300,GOES-19,2026-09-29 22:10:00
-6.913800,-43.704900,GOES-19,2026-09-29 22:10:00
-6.914000,-43.681600,GOES-19,2026-09-29 22:10:00
-7.928100,-45.444600,GOES-19,2026-09-29 22:10:00
-11.391800,-43.465400,GOES-19,2026-09-29 22:10:00
-11.411000,-43.462500,GOES-19,2026-09-29 22:10:00
-11.411900,-43.415000,GOES-19,2026-09-29 22:10:00
-11.430700,-43.435800,GOES-19,2026-09-29 22:10:00
-11.431100,-43.412100,GOES-19,2026-09-29 22:10:00
-11.449900,-43.432900,GOES-19,2026-09-29 22:10:00
-12.255700,-43.470800,GOES-19,2026-09-29 22:10:00
-13.069700,-43.284500,GOES-19,2026-09-29 22:10:00
-13.070200,-43.260600,GOES-19,2026-09-29 22:10:00
-13.089100,-43.281100,GOES-19,2026-09-29 22:10:00
-15.099300,-48.313200,GOES-19,2026-09-29 22:10:00
-17.399600,-40.019000,GOES-19,2026-09-29 22:10:00
-17.419800,-40.013600,GOES-19,2026-09-29 22:10:00
-17.733900,-40.237900,GOES-19,2026-09-29 22:10:00
-18.263200,-53.031200,GOES-19,2026-09-29 22:10:00
-19.257100,-46.675600,GOES-19,2026-09-29 22:10:00
-19.831000,-45.015300,GOES-19,2026-09-29 22:10:00
-19.851400,-45.010200,GOES-19,2026-09-29 22:10:00
-2.889800,-54.111200,GOES-19,2026-09-29 22:10:00
-2.889900,-54.091200,GOES-19,2026-09-29 22:10:00
-2.908200,-54.110800,GOES-19,2026-09-29 22:10:00
-2.908200,-54.090700,GOES-19,2026-09-29 22:10:00
-2.908300,-54.070600,GOES-19,2026-09-29 22:10:00
-2.973900,-51.045500,GOES-19,2026-09-29 22:10:00
-2.974000,-51.024700,GOES-19,2026-09-29 22:10:00
-2.992400,-51.045000,GOES-19,2026-09-29 22:10:00
-2.992500,-51.024200,GOES-19,2026-09-29 22:10:00
-3.176000,-51.247300,GOES-19,2026-09-29 22:10:00
-3.176100,-51.226600,GOES-19,2026-09-29 22:10:00
-3.194500,-51.246800,GOES-19,2026-09-29 22:10:00
-3.194500,-51.226000,GOES-19,2026-09-29 22:10:00
-3.380100,-50.950000,GOES-19,2026-09-29 22:10:00
-3.835400,-52.278200,GOES-19,2026-09-29 22:10:00
-3.835500,-52.257600,GOES-19,2026-09-29 22:10:00
-4.358700,-47.785300,GOES-19,2026-09-29 22:10:00
-4.358800,-47.763600,GOES-19,2026-09-29 22:10:00
-4.800600,-45.642200,GOES-19,2026-09-29 22:10:00
-4.819100,-45.663600,GOES-19,2026-09-29 22:10:00
-4.819200,-45.641100,GOES-19,2026-09-29 22:10:00
-4.819400,-45.618700,GOES-19,2026-09-29 22:10:00
-5.044900,-45.380100,GOES-19,2026-09-29 22:10:00
-5.077100,-46.051000,GOES-19,2026-09-29 22:10:00
-5.077300,-46.028700,GOES-19,2026-09-29 22:10:00
-5.095800,-46.049900,GOES-19,2026-09-29 22:10:00
-5.096000,-46.027500,GOES-19,2026-09-29 22:10:00
-5.114400,-46.048700,GOES-19,2026-09-29 22:10:00
-5.114600,-46.026400,GOES-19,2026-09-29 22:10:00
-5.414300,-45.851000,GOES-19,2026-09-29 22:10:00
-5.414500,-45.828600,GOES-19,2026-09-29 22:10:00
-5.433000,-45.849800,GOES-19,2026-09-29 22:10:00
-5.433200,-45.827400,GOES-19,2026-09-29 22:10:00
-5.549100,-45.347400,GOES-19,2026-09-29 22:10:00
-5.567800,-45.346100,GOES-19,2026-09-29 22:10:00
-5.568000,-45.323500,GOES-19,2026-09-29 22:10:00
-5.737400,-45.176000,GOES-19,2026-09-29 22:10:00
-5.737600,-45.153300,GOES-19,2026-09-29 22:10:00
-5.738400,-45.062600,GOES-19,2026-09-29 22:10:00
-5.755900,-45.197300,GOES-19,2026-09-29 22:10:00
-5.756100,-45.174700,GOES-19,2026-09-29 22:10:00
-5.756300,-45.152000,GOES-19,2026-09-29 22:10:00
-5.774800,-45.173300,GOES-19,2026-09-29 22:10:00
-6.770300,-48.679200,GOES-19,2026-09-29 22:10:00
-7.071100,-46.576400,GOES-19,2026-09-29 22:10:00
-7.356800,-49.814600,GOES-19,2026-09-29 22:10:00
-7.357000,-49.793300,GOES-19,2026-09-29 22:10:00
-7.810700,-45.839900,GOES-19,2026-09-29 22:10:00
-7.810900,-45.817300,GOES-19,2026-09-29 22:10:00
-7.829500,-45.838100,GOES-19,2026-09-29 22:10:00
-7.829700,-45.815600,GOES-19,2026-09-29 22:10:00
-7.848300,-45.836300,GOES-19,2026-09-29 22:10:00
-7.848600,-45.813800,GOES-19,2026-09-29 22:10:00
-8.584600,-50.418000,GOES-19,2026-09-29 22:10:00
-12.116800,-50.356600,GOES-19,2026-09-29 22:10:00
-8.043100,-75.318800,GOES-19,2026-09-29 22:00:00
-8.043100,-75.300600,GOES-19,2026-09-29 22:00:00
-17.277300,-61.360200,GOES-19,2026-09-29 22:00:00
-17.277600,-61.340300,GOES-19,2026-09-29 22:00:00
-17.296900,-61.358400,GOES-19,2026-09-29 22:00:00
-5.735500,-43.291600,GOES-19,2026-09-29 22:00:00
-5.735700,-43.268200,GOES-19,2026-09-29 22:00:00
-6.895000,-43.706600,GOES-19,2026-09-29 22:00:00
-6.895200,-43.683300,GOES-19,2026-09-29 22:00:00
-6.913800,-43.704900,GOES-19,2026-09-29 22:00:00
-6.914000,-43.681600,GOES-19,2026-09-29 22:00:00
-11.391800,-43.465400,GOES-19,2026-09-29 22:00:00
-11.411000,-43.462500,GOES-19,2026-09-29 22:00:00
-11.411900,-43.415000,GOES-19,2026-09-29 22:00:00
-11.430700,-43.435800,GOES-19,2026-09-29 22:00:00
-11.431100,-43.412100,GOES-19,2026-09-29 22:00:00
-11.449500,-43.456600,GOES-19,2026-09-29 22:00:00
-11.449900,-43.432900,GOES-19,2026-09-29 22:00:00
-11.942400,-44.810300,GOES-19,2026-09-29 22:00:00
-12.255700,-43.470800,GOES-19,2026-09-29 22:00:00
-13.069700,-43.284500,GOES-19,2026-09-29 22:00:00
-13.070200,-43.260600,GOES-19,2026-09-29 22:00:00
-13.692200,-44.076700,GOES-19,2026-09-29 22:00:00
-17.758100,-40.102100,GOES-19,2026-09-29 22:00:00
-19.236800,-46.680200,GOES-19,2026-09-29 22:00:00
-19.257100,-46.675600,GOES-19,2026-09-29 22:00:00
-19.831000,-45.015300,GOES-19,2026-09-29 22:00:00
-19.851400,-45.010200,GOES-19,2026-09-29 22:00:00
-3.176000,-51.247300,GOES-19,2026-09-29 22:00:00
-3.176100,-51.226600,GOES-19,2026-09-29 22:00:00
-3.194500,-51.246800,GOES-19,2026-09-29 22:00:00
-3.194500,-51.226000,GOES-19,2026-09-29 22:00:00
-3.380000,-50.970800,GOES-19,2026-09-29 22:00:00
-3.380100,-50.950000,GOES-19,2026-09-29 22:00:00
-4.358700,-47.785300,GOES-19,2026-09-29 22:00:00
-4.358800,-47.763600,GOES-19,2026-09-29 22:00:00
-4.377400,-47.762700,GOES-19,2026-09-29 22:00:00
-4.800600,-45.642200,GOES-19,2026-09-29 22:00:00
-4.819100,-45.663600,GOES-19,2026-09-29 22:00:00
-4.819200,-45.641100,GOES-19,2026-09-29 22:00:00
-5.044900,-45.380100,GOES-19,2026-09-29 22:00:00
-5.063600,-45.379000,GOES-19,2026-09-29 22:00:00
-5.077100,-46.051000,GOES-19,2026-09-29 22:00:00
-5.077300,-46.028700,GOES-19,2026-09-29 22:00:00
-5.095800,-46.049900,GOES-19,2026-09-29 22:00:00
-5.096000,-46.027500,GOES-19,2026-09-29 22:00:00
-5.114400,-46.048700,GOES-19,2026-09-29 22:00:00
-5.114600,-46.026400,GOES-19,2026-09-29 22:00:00
-5.414500,-45.828600,GOES-19,2026-09-29 22:00:00
-5.433200,-45.827400,GOES-19,2026-09-29 22:00:00
-5.549100,-45.347400,GOES-19,2026-09-29 22:00:00
-5.549300,-45.324800,GOES-19,2026-09-29 22:00:00
-5.567800,-45.346100,GOES-19,2026-09-29 22:00:00
-5.568000,-45.323500,GOES-19,2026-09-29 22:00:00
-5.737400,-45.176000,GOES-19,2026-09-29 22:00:00
-5.737600,-45.153300,GOES-19,2026-09-29 22:00:00
-5.738400,-45.062600,GOES-19,2026-09-29 22:00:00
-5.755900,-45.197300,GOES-19,2026-09-29 22:00:00
-5.756100,-45.174700,GOES-19,2026-09-29 22:00:00
-5.756300,-45.152000,GOES-19,2026-09-29 22:00:00
-5.774800,-45.173300,GOES-19,2026-09-29 22:00:00
-5.967800,-46.615800,GOES-19,2026-09-29 22:00:00
-6.327100,-46.122500,GOES-19,2026-09-29 22:00:00
-6.770300,-48.679200,GOES-19,2026-09-29 22:00:00
-7.071100,-46.576400,GOES-19,2026-09-29 22:00:00
-7.338300,-49.794700,GOES-19,2026-09-29 22:00:00
-7.356800,-49.814600,GOES-19,2026-09-29 22:00:00
-7.357000,-49.793300,GOES-19,2026-09-29 22:00:00
-7.810900,-45.817300,GOES-19,2026-09-29 22:00:00
-7.829500,-45.838100,GOES-19,2026-09-29 22:00:00
-7.829700,-45.815600,GOES-19,2026-09-29 22:00:00
-7.848300,-45.836300,GOES-19,2026-09-29 22:00:00
-7.848600,-45.813800,GOES-19,2026-09-29 22:00:00
-7.867400,-45.812000,GOES-19,2026-09-29 22:00:00
-8.584600,-50.418000,GOES-19,2026-09-29 22:00:00
-9.152300,-49.985300,GOES-19,2026-09-29 22:00:00
-11.248300,-49.941900,GOES-19,2026-09-29 22:00:00
-12.116800,-50.356600,GOES-19,2026-09-29 22:00:00
-12.135900,-50.354300,GOES-19,2026-09-29 22:00:00
-12.366900,-50.218700,GOES-19,2026-09-29 22:00:00
-12.367200,-50.197100,GOES-19,2026-09-29 22:00:00
-8.043100,-75.318800,GOES-19,2026-09-29 21:50:00
-8.043100,-75.300600,GOES-19,2026-09-29 21:50:00
-10.374300,-73.833900,GOES-19,2026-09-29 21:50:00
-10.374300,-73.815500,GOES-19,2026-09-29 21:50:00
-10.392900,-73.833800,GOES-19,2026-09-29 21:50:00
-10.392900,-73.815400,GOES-19,2026-09-29 21:50:00
-13.870300,-64.509800,GOES-19,2026-09-29 21:50:00
-13.889300,-64.508800,GOES-19,2026-09-29 21:50:00
-17.277300,-61.360200,GOES-19,2026-09-29 21:50:00
-17.277600,-61.340300,GOES-19,2026-09-29 21:50:00
-17.295200,-59.999600,GOES-19,2026-09-29 21:50:00
-17.296900,-61.358400,GOES-19,2026-09-29 21:50:00
-17.297200,-61.338500,GOES-19,2026-09-29 21:50:00
-17.347000,-60.515700,GOES-19,2026-09-29 21:50:00
-17.366600,-60.513800,GOES-19,2026-09-29 21:50:00
-17.469300,-60.162900,GOES-19,2026-09-29 21:50:00
-17.469600,-60.142800,GOES-19,2026-09-29 21:50:00
-17.489000,-60.161000,GOES-19,2026-09-29 21:50:00
-17.489300,-60.140900,GOES-19,2026-09-29 21:50:00
-4.446800,-42.912300,GOES-19,2026-09-29 21:50:00
-4.447000,-42.888900,GOES-19,2026-09-29 21:50:00
-5.735500,-43.291600,GOES-19,2026-09-29 21:50:00
-5.735700,-43.268200,GOES-19,2026-09-29 21:50:00
-6.465100,-35.146100,GOES-19,2026-09-29 21:50:00
-6.894700,-43.729900,GOES-19,2026-09-29 21:50:00
-6.895000,-43.706600,GOES-19,2026-09-29 21:50:00
-6.895200,-43.683300,GOES-19,2026-09-29 21:50:00
-6.913800,-43.704900,GOES-19,2026-09-29 21:50:00
-6.914000,-43.681600,GOES-19,2026-09-29 21:50:00
-8.380200,-45.422100,GOES-19,2026-09-29 21:50:00
-8.380500,-45.399400,GOES-19,2026-09-29 21:50:00
-11.391800,-43.465400,GOES-19,2026-09-29 21:50:00
-11.411000,-43.462500,GOES-19,2026-09-29 21:50:00
-11.698600,-43.465400,GOES-19,2026-09-29 21:50:00
-11.699000,-43.441600,GOES-19,2026-09-29 21:50:00
-11.717800,-43.462300,GOES-19,2026-09-29 21:50:00
-11.718200,-43.438600,GOES-19,2026-09-29 21:50:00
-11.942400,-44.810300,GOES-19,2026-09-29 21:50:00
-11.942900,-44.787000,GOES-19,2026-09-29 21:50:00
-12.255700,-43.470800,GOES-19,2026-09-29 21:50:00
-13.069700,-43.284500,GOES-19,2026-09-29 21:50:00
-13.070200,-43.260600,GOES-19,2026-09-29 21:50:00
-13.692200,-44.076700,GOES-19,2026-09-29 21:50:00
-15.204300,-46.137400,GOES-19,2026-09-29 21:50:00
-15.223900,-46.133900,GOES-19,2026-09-29 21:50:00
-17.801500,-47.177600,GOES-19,2026-09-29 21:50:00
-17.802100,-47.154400,GOES-19,2026-09-29 21:50:00
-19.257100,-46.675600,GOES-19,2026-09-29 21:50:00
-19.831000,-45.015300,GOES-19,2026-09-29 21:50:00
-19.851400,-45.010200,GOES-19,2026-09-29 21:50:00
-2.376500,-47.598400,GOES-19,2026-09-29 21:50:00
-3.690800,-47.793300,GOES-19,2026-09-29 21:50:00
-4.358700,-47.785300,GOES-19,2026-09-29 21:50:00
-4.358800,-47.763600,GOES-19,2026-09-29 21:50:00
-4.377200,-47.784400,GOES-19,2026-09-29 21:50:00
-4.377400,-47.762700,GOES-19,2026-09-29 21:50:00
-4.800600,-45.642200,GOES-19,2026-09-29 21:50:00
-4.819100,-45.663600,GOES-19,2026-09-29 21:50:00
-4.819200,-45.641100,GOES-19,2026-09-29 21:50:00
-5.044700,-45.402700,GOES-19,2026-09-29 21:50:00
-5.044900,-45.380100,GOES-19,2026-09-29 21:50:00
-5.045100,-45.357600,GOES-19,2026-09-29 21:50:00
-5.063600,-45.379000,GOES-19,2026-09-29 21:50:00
-5.077100,-46.051000,GOES-19,2026-09-29 21:50:00
-5.077300,-46.028700,GOES-19,2026-09-29 21:50:00
-5.095800,-46.049900,GOES-19,2026-09-29 21:50:00
-5.096000,-46.027500,GOES-19,2026-09-29 21:50:00
-5.114400,-46.048700,GOES-19,2026-09-29 21:50:00
-5.114600,-46.026400,GOES-19,2026-09-29 21:50:00
-5.549100,-45.347400,GOES-19,2026-09-29 21:50:00
-5.549300,-45.324800,GOES-19,2026-09-29 21:50:00
-5.567800,-45.346100,GOES-19,2026-09-29 21:50:00
-5.568000,-45.323500,GOES-19,2026-09-29 21:50:00
-5.632900,-44.294400,GOES-19,2026-09-29 21:50:00
-5.704000,-44.724000,GOES-19,2026-09-29 21:50:00
-5.737400,-45.176000,GOES-19,2026-09-29 21:50:00
-5.737600,-45.153300,GOES-19,2026-09-29 21:50:00
-5.738400,-45.062600,GOES-19,2026-09-29 21:50:00
-5.755900,-45.197300,GOES-19,2026-09-29 21:50:00
-5.756100,-45.174700,GOES-19,2026-09-29 21:50:00
-5.756300,-45.152000,GOES-19,2026-09-29 21:50:00
-5.774800,-45.173300,GOES-19,2026-09-29 21:50:00
-6.309000,-46.056700,GOES-19,2026-09-29 21:50:00
-6.327100,-46.122500,GOES-19,2026-09-29 21:50:00
-6.702600,-45.981400,GOES-19,2026-09-29 21:50:00
-6.770300,-48.679200,GOES-19,2026-09-29 21:50:00
-6.770500,-48.657700,GOES-19,2026-09-29 21:50:00
-7.338300,-49.794700,GOES-19,2026-09-29 21:50:00
-7.357000,-49.793300,GOES-19,2026-09-29 21:50:00
-7.810900,-45.817300,GOES-19,2026-09-29 21:50:00
-7.829500,-45.838100,GOES-19,2026-09-29 21:50:00
-7.829700,-45.815600,GOES-19,2026-09-29 21:50:00
-7.848300,-45.836300,GOES-19,2026-09-29 21:50:00
-7.848600,-45.813800,GOES-19,2026-09-29 21:50:00
-7.867400,-45.812000,GOES-19,2026-09-29 21:50:00
-5.735100,-78.580700,GOES-19,2026-09-29 21:40:00
-5.753300,-78.580800,GOES-19,2026-09-29 21:40:00
-8.043100,-75.300600,GOES-19,2026-09-29 21:40:00
-17.275300,-60.021600,GOES-19,2026-09-29 21:40:00
-17.275600,-60.001500,GOES-19,2026-09-29 21:40:00
-17.277300,-61.360200,GOES-19,2026-09-29 21:40:00
-17.277600,-61.340300,GOES-19,2026-09-29 21:40:00
-17.294900,-60.019700,GOES-19,2026-09-29 21:40:00
-17.295200,-59.999600,GOES-19,2026-09-29 21:40:00
-17.308300,-60.479400,GOES-19,2026-09-29 21:40:00
-17.308600,-60.459400,GOES-19,2026-09-29 21:40:00
-17.347000,-60.515700,GOES-19,2026-09-29 21:40:00
-17.366300,-60.533900,GOES-19,2026-09-29 21:40:00
-17.366600,-60.513800,GOES-19,2026-09-29 21:40:00
-5.716700,-43.293000,GOES-19,2026-09-29 21:40:00
-5.735500,-43.291600,GOES-19,2026-09-29 21:40:00
-5.735700,-43.268200,GOES-19,2026-09-29 21:40:00
-6.465100,-35.146100,GOES-19,2026-09-29 21:40:00
-6.876200,-43.708300,GOES-19,2026-09-29 21:40:00
-6.895000,-43.706600,GOES-19,2026-09-29 21:40:00
-6.895200,-43.683300,GOES-19,2026-09-29 21:40:00
-6.913800,-43.704900,GOES-19,2026-09-29 21:40:00
-6.914000,-43.681600,GOES-19,2026-09-29 21:40:00
-8.380500,-45.399400,GOES-19,2026-09-29 21:40:00
-11.391400,-43.489100,GOES-19,2026-09-29 21:40:00
-11.698600,-43.465400,GOES-19,2026-09-29 21:40:00
-11.699000,-43.441600,GOES-19,2026-09-29 21:40:00
-11.717800,-43.462300,GOES-19,2026-09-29 21:40:00
-11.718200,-43.438600,GOES-19,2026-09-29 21:40:00
-11.942400,-44.810300,GOES-19,2026-09-29 21:40:00
-11.942900,-44.787000,GOES-19,2026-09-29 21:40:00
-13.069700,-43.284500,GOES-19,2026-09-29 21:40:00
-13.070200,-43.260600,GOES-19,2026-09-29 21:40:00
-13.692200,-44.076700,GOES-19,2026-09-29 21:40:00
-13.692700,-44.052900,GOES-19,2026-09-29 21:40:00
-15.204300,-46.137400,GOES-19,2026-09-29 21:40:00
-15.223900,-46.133900,GOES-19,2026-09-29 21:40:00
-19.851400,-45.010200,GOES-19,2026-09-29 21:40:00
-4.358700,-47.785300,GOES-19,2026-09-29 21:40:00
-4.800600,-45.642200,GOES-19,2026-09-29 21:40:00
-4.800800,-45.619800,GOES-19,2026-09-29 21:40:00
-4.819200,-45.641100,GOES-19,2026-09-29 21:40:00
-4.819400,-45.618700,GOES-19,2026-09-29 21:40:00
-5.044900,-45.380100,GOES-19,2026-09-29 21:40:00
-5.077100,-46.051000,GOES-19,2026-09-29 21:40:00
-5.077300,-46.028700,GOES-19,2026-09-29 21:40:00
-5.095800,-46.049900,GOES-19,2026-09-29 21:40:00
-5.096000,-46.027500,GOES-19,2026-09-29 21:40:00
-5.114400,-46.048700,GOES-19,2026-09-29 21:40:00
-5.114600,-46.026400,GOES-19,2026-09-29 21:40:00
-5.549100,-45.347400,GOES-19,2026-09-29 21:40:00
-5.549300,-45.324800,GOES-19,2026-09-29 21:40:00
-5.614200,-44.295800,GOES-19,2026-09-29 21:40:00
-5.632900,-44.294400,GOES-19,2026-09-29 21:40:00
-5.633100,-44.271500,GOES-19,2026-09-29 21:40:00
-5.704000,-44.724000,GOES-19,2026-09-29 21:40:00
-5.737400,-45.176000,GOES-19,2026-09-29 21:40:00
-5.737600,-45.153300,GOES-19,2026-09-29 21:40:00
-5.738400,-45.062600,GOES-19,2026-09-29 21:40:00
-5.755900,-45.197300,GOES-19,2026-09-29 21:40:00
-5.756100,-45.174700,GOES-19,2026-09-29 21:40:00
-5.756300,-45.152000,GOES-19,2026-09-29 21:40:00
-5.774800,-45.173300,GOES-19,2026-09-29 21:40:00
-5.821800,-46.225800,GOES-19,2026-09-29 21:40:00
-6.308400,-46.123900,GOES-19,2026-09-29 21:40:00
-6.309000,-46.056700,GOES-19,2026-09-29 21:40:00
-6.327100,-46.122500,GOES-19,2026-09-29 21:40:00
-6.327300,-46.100100,GOES-19,2026-09-29 21:40:00
-6.345800,-46.121000,GOES-19,2026-09-29 21:40:00
-6.702600,-45.981400,GOES-19,2026-09-29 21:40:00
-7.491800,-45.801800,GOES-19,2026-09-29 21:40:00
-7.810900,-45.817300,GOES-19,2026-09-29 21:40:00
-7.829500,-45.838100,GOES-19,2026-09-29 21:40:00
-7.829700,-45.815600,GOES-19,2026-09-29 21:40:00
-7.830000,-45.793000,GOES-19,2026-09-29 21:40:00
-7.848300,-45.836300,GOES-19,2026-09-29 21:40:00
-7.848600,-45.813800,GOES-19,2026-09-29 21:40:00
-12.653700,-60.412700,GOES-19,2026-09-29 21:40:00
4.603700,-71.517600,GOES-19,2026-09-29 21:30:00
-8.043100,-75.318800,GOES-19,2026-09-29 21:30:00
-8.432000,-78.020700,GOES-19,2026-09-29 21:30:00
-8.450400,-78.020900,GOES-19,2026-09-29 21:30:00
-17.275300,-60.021600,GOES-19,2026-09-29 21:30:00
-17.275600,-60.001500,GOES-19,2026-09-29 21:30:00
-17.293600,-60.120200,GOES-19,2026-09-29 21:30:00
-17.294900,-60.019700,GOES-19,2026-09-29 21:30:00
-17.295200,-59.999600,GOES-19,2026-09-29 21:30:00
-17.295500,-59.979500,GOES-19,2026-09-29 21:30:00
-17.308300,-60.479400,GOES-19,2026-09-29 21:30:00
-17.308600,-60.459400,GOES-19,2026-09-29 21:30:00
-17.308800,-60.439400,GOES-19,2026-09-29 21:30:00
-17.313200,-60.118200,GOES-19,2026-09-29 21:30:00
-17.328200,-60.457500,GOES-19,2026-09-29 21:30:00
-17.366600,-60.513800,GOES-19,2026-09-29 21:30:00
-17.469300,-60.162900,GOES-19,2026-09-29 21:30:00
-17.469600,-60.142800,GOES-19,2026-09-29 21:30:00
-17.489000,-60.161000,GOES-19,2026-09-29 21:30:00
-17.489300,-60.140900,GOES-19,2026-09-29 21:30:00
-18.388400,-62.096000,GOES-19,2026-09-29 21:30:00
-18.388600,-62.076000,GOES-19,2026-09-29 21:30:00
-18.388900,-62.056100,GOES-19,2026-09-29 21:30:00
-18.408400,-62.074200,GOES-19,2026-09-29 21:30:00
-18.408600,-62.054300,GOES-19,2026-09-29 21:30:00
-4.554100,-43.581800,GOES-19,2026-09-29 21:30:00
-4.634600,-42.806800,GOES-19,2026-09-29 21:30:00
-5.735500,-43.291600,GOES-19,2026-09-29 21:30:00
-5.735700,-43.268200,GOES-19,2026-09-29 21:30:00
-6.337700,-43.102300,GOES-19,2026-09-29 21:30:00
-6.356500,-43.100700,GOES-19,2026-09-29 21:30:00
-6.895000,-43.706600,GOES-19,2026-09-29 21:30:00
-6.895200,-43.683300,GOES-19,2026-09-29 21:30:00
-6.913800,-43.704900,GOES-19,2026-09-29 21:30:00
-6.914000,-43.681600,GOES-19,2026-09-29 21:30:00
-10.029500,-36.134400,GOES-19,2026-09-29 21:30:00
-10.030100,-36.107300,GOES-19,2026-09-29 21:30:00
-11.391400,-43.489100,GOES-19,2026-09-29 21:30:00
-11.391800,-43.465400,GOES-19,2026-09-29 21:30:00
-11.392200,-43.441700,GOES-19,2026-09-29 21:30:00
-11.411000,-43.462500,GOES-19,2026-09-29 21:30:00
-11.411500,-43.438800,GOES-19,2026-09-29 21:30:00
-11.411900,-43.415000,GOES-19,2026-09-29 21:30:00
-11.430700,-43.435800,GOES-19,2026-09-29 21:30:00
-11.640000,-43.521800,GOES-19,2026-09-29 21:30:00
-11.659200,-43.518800,GOES-19,2026-09-29 21:30:00
-13.069700,-43.284500,GOES-19,2026-09-29 21:30:00
-13.070200,-43.260600,GOES-19,2026-09-29 21:30:00
-13.691700,-44.100400,GOES-19,2026-09-29 21:30:00
-13.692200,-44.076700,GOES-19,2026-09-29 21:30:00
-13.692700,-44.052900,GOES-19,2026-09-29 21:30:00
-13.711700,-44.073200,GOES-19,2026-09-29 21:30:00
1.858600,-55.624100,GOES-19,2026-09-29 21:30:00
-7.345400,-72.844700,GOES-19,2026-09-29 21:30:00
-12.787100,-54.006900,GOES-19,2026-09-29 21:30:00
-15.742100,-61.294600,GOES-19,2026-09-29 21:20:00
-17.275300,-60.021600,GOES-19,2026-09-29 21:20:00
-17.275600,-60.001500,GOES-19,2026-09-29 21:20:00
-17.277300,-61.360200,GOES-19,2026-09-29 21:20:00
-17.277600,-61.340300,GOES-19,2026-09-29 21:20:00
-17.293300,-60.140300,GOES-19,2026-09-29 21:20:00
-17.293600,-60.120200,GOES-19,2026-09-29 21:20:00
-17.294900,-60.019700,GOES-19,2026-09-29 21:20:00
-17.295200,-59.999600,GOES-19,2026-09-29 21:20:00
-17.308300,-60.479400,GOES-19,2026-09-29 21:20:00
-17.308600,-60.459400,GOES-19,2026-09-29 21:20:00
-17.328200,-60.457500,GOES-19,2026-09-29 21:20:00
-17.347000,-60.515700,GOES-19,2026-09-29 21:20:00
-17.366300,-60.533900,GOES-19,2026-09-29 21:20:00
-17.366600,-60.513800,GOES-19,2026-09-29 21:20:00
-18.368800,-62.077800,GOES-19,2026-09-29 21:20:00
-18.369100,-62.057900,GOES-19,2026-09-29 21:20:00
-18.388400,-62.096000,GOES-19,2026-09-29 21:20:00
-18.388600,-62.076000,GOES-19,2026-09-29 21:20:00
-18.388900,-62.056100,GOES-19,2026-09-29 21:20:00
-18.408400,-62.074200,GOES-19,2026-09-29 21:20:00
-9.935500,-36.015900,GOES-19,2026-09-29 21:20:00
-12.787100,-54.006900,GOES-19,2026-09-29 21:20:00
-15.395000,-61.263800,GOES-19,2026-09-29 21:10:00
-15.628600,-61.087000,GOES-19,2026-09-29 21:10:00
-15.742100,-61.294600,GOES-19,2026-09-29 21:10:00
-17.257800,-61.362000,GOES-19,2026-09-29 21:10:00
-17.275300,-60.021600,GOES-19,2026-09-29 21:10:00
-17.275600,-60.001500,GOES-19,2026-09-29 21:10:00
-17.277300,-61.360200,GOES-19,2026-09-29 21:10:00
-17.277600,-61.340300,GOES-19,2026-09-29 21:10:00
-17.293300,-60.140300,GOES-19,2026-09-29 21:10:00
-17.293600,-60.120200,GOES-19,2026-09-29 21:10:00
-17.294900,-60.019700,GOES-19,2026-09-29 21:10:00
-17.295200,-59.999600,GOES-19,2026-09-29 21:10:00
-17.296900,-61.358400,GOES-19,2026-09-29 21:10:00
-17.308300,-60.479400,GOES-19,2026-09-29 21:10:00
-17.308600,-60.459400,GOES-19,2026-09-29 21:10:00
-17.347000,-60.515700,GOES-19,2026-09-29 21:10:00
-17.366300,-60.533900,GOES-19,2026-09-29 21:10:00
-17.366600,-60.513800,GOES-19,2026-09-29 21:10:00
-17.469300,-60.162900,GOES-19,2026-09-29 21:10:00
-17.469600,-60.142800,GOES-19,2026-09-29 21:10:00
-17.489000,-60.161000,GOES-19,2026-09-29 21:10:00
-17.489300,-60.140900,GOES-19,2026-09-29 21:10:00
-18.368800,-62.077800,GOES-19,2026-09-29 21:10:00
-18.369100,-62.057900,GOES-19,2026-09-29 21:10:00
-18.388400,-62.096000,GOES-19,2026-09-29 21:10:00
-18.388600,-62.076000,GOES-19,2026-09-29 21:10:00
-18.388900,-62.056100,GOES-19,2026-09-29 21:10:00
-7.768100,-72.842200,GOES-19,2026-09-29 21:10:00
-7.786400,-72.914900,GOES-19,2026-09-29 21:10:00
-8.584600,-50.418000,GOES-19,2026-09-29 21:10:00
-12.787100,-54.006900,GOES-19,2026-09-29 21:10:00
-6.009300,-78.582800,GOES-19,2026-09-29 21:00:00
-6.009200,-78.564600,GOES-19,2026-09-29 21:00:00
-8.450400,-78.020900,GOES-19,2026-09-29 21:00:00
-8.669700,-74.808300,GOES-19,2026-09-29 21:00:00
-8.669700,-74.790100,GOES-19,2026-09-29 21:00:00
-15.471500,-61.316600,GOES-19,2026-09-29 21:00:00
-15.510100,-61.313500,GOES-19,2026-09-29 21:00:00
-15.628600,-61.087000,GOES-19,2026-09-29 21:00:00
-16.920100,-61.827900,GOES-19,2026-09-29 21:00:00
-17.275300,-60.021600,GOES-19,2026-09-29 21:00:00
-17.275600,-60.001500,GOES-19,2026-09-29 21:00:00
-17.277300,-61.360200,GOES-19,2026-09-29 21:00:00
-17.277600,-61.340300,GOES-19,2026-09-29 21:00:00
-17.293300,-60.140300,GOES-19,2026-09-29 21:00:00
-17.293600,-60.120200,GOES-19,2026-09-29 21:00:00
-17.294900,-60.019700,GOES-19,2026-09-29 21:00:00
-17.295200,-59.999600,GOES-19,2026-09-29 21:00:00
-17.295500,-59.979500,GOES-19,2026-09-29 21:00:00
-17.296900,-61.358400,GOES-19,2026-09-29 21:00:00
-17.308300,-60.479400,GOES-19,2026-09-29 21:00:00
-17.308600,-60.459400,GOES-19,2026-09-29 21:00:00
-17.308800,-60.439400,GOES-19,2026-09-29 21:00:00
-17.313200,-60.118200,GOES-19,2026-09-29 21:00:00
-17.347000,-60.515700,GOES-19,2026-09-29 21:00:00
-17.366300,-60.533900,GOES-19,2026-09-29 21:00:00
-17.366600,-60.513800,GOES-19,2026-09-29 21:00:00
-18.368800,-62.077800,GOES-19,2026-09-29 21:00:00
-18.369100,-62.057900,GOES-19,2026-09-29 21:00:00
-18.388600,-62.076000,GOES-19,2026-09-29 21:00:00
-18.388900,-62.056100,GOES-19,2026-09-29 21:00:00
-18.408600,-62.054300,GOES-19,2026-09-29 21:00:00
-7.712700,-73.024700,GOES-19,2026-09-29 21:00:00
-7.768100,-72.860400,GOES-19,2026-09-29 21:00:00
-7.768100,-72.842200,GOES-19,2026-09-29 21:00:00
-7.786400,-72.914900,GOES-19,2026-09-29 21:00:00
-8.584600,-50.418000,GOES-19,2026-09-29 21:00:00
-8.948000,-49.790300,GOES-19,2026-09-29 21:00:00
-9.115400,-49.924600,GOES-19,2026-09-29 21:00:00
-10.079200,-46.900800,GOES-19,2026-09-29 21:00:00
-10.079500,-46.878400,GOES-19,2026-09-29 21:00:00
-11.274300,-46.999600,GOES-19,2026-09-29 21:00:00
-12.787100,-54.006900,GOES-19,2026-09-29 21:00:00
-8.450500,-78.039200,GOES-19,2026-09-29 20:50:00
-6.009300,-78.582800,GOES-19,2026-09-29 20:50:00
-6.009200,-78.564600,GOES-19,2026-09-29 20:50:00
-8.432000,-78.039000,GOES-19,2026-09-29 20:50:00
-8.450400,-78.020900,GOES-19,2026-09-29 20:50:00
-8.669700,-74.808300,GOES-19,2026-09-29 20:50:00
-8.669700,-74.790100,GOES-19,2026-09-29 20:50:00
-15.471500,-61.316600,GOES-19,2026-09-29 20:50:00
-15.519400,-62.235300,GOES-19,2026-09-29 20:50:00
-15.609000,-61.108400,GOES-19,2026-09-29 20:50:00
-15.609200,-61.088600,GOES-19,2026-09-29 20:50:00
-15.628300,-61.106800,GOES-19,2026-09-29 20:50:00
-15.628600,-61.087000,GOES-19,2026-09-29 20:50:00
-15.742100,-61.294600,GOES-19,2026-09-29 20:50:00
-16.596200,-61.222100,GOES-19,2026-09-29 20:50:00
-16.920100,-61.827900,GOES-19,2026-09-29 20:50:00
-17.257800,-61.362000,GOES-19,2026-09-29 20:50:00
-17.277100,-61.380100,GOES-19,2026-09-29 20:50:00
-17.277300,-61.360200,GOES-19,2026-09-29 20:50:00
-17.277600,-61.340300,GOES-19,2026-09-29 20:50:00
-17.293300,-60.140300,GOES-19,2026-09-29 20:50:00
-17.293600,-60.120200,GOES-19,2026-09-29 20:50:00
-17.296900,-61.358400,GOES-19,2026-09-29 20:50:00
-17.297200,-61.338500,GOES-19,2026-09-29 20:50:00
-17.308300,-60.479400,GOES-19,2026-09-29 20:50:00
-17.308600,-60.459400,GOES-19,2026-09-29 20:50:00
-17.313200,-60.118200,GOES-19,2026-09-29 20:50:00
-17.347000,-60.515700,GOES-19,2026-09-29 20:50:00
-17.366300,-60.533900,GOES-19,2026-09-29 20:50:00
-17.366600,-60.513800,GOES-19,2026-09-29 20:50:00
-17.469300,-60.162900,GOES-19,2026-09-29 20:50:00
-17.489000,-60.161000,GOES-19,2026-09-29 20:50:00
-17.491500,-59.979900,GOES-19,2026-09-29 20:50:00
-7.524800,-44.548500,GOES-19,2026-09-29 20:50:00
-10.544600,-45.008200,GOES-19,2026-09-29 20:50:00
-13.692200,-44.076700,GOES-19,2026-09-29 20:50:00
-15.204300,-46.137400,GOES-19,2026-09-29 20:50:00
-15.204800,-46.114300,GOES-19,2026-09-29 20:50:00
-7.611400,-46.863300,GOES-19,2026-09-29 20:50:00
-7.824900,-47.923100,GOES-19,2026-09-29 20:50:00
-7.712700,-73.024700,GOES-19,2026-09-29 20:50:00
-7.768100,-72.860400,GOES-19,2026-09-29 20:50:00
-7.768100,-72.842200,GOES-19,2026-09-29 20:50:00
-7.786400,-72.914900,GOES-19,2026-09-29 20:50:00
-8.228300,-72.821000,GOES-19,2026-09-29 20:50:00
-8.584600,-50.418000,GOES-19,2026-09-29 20:50:00
-8.929200,-49.792000,GOES-19,2026-09-29 20:50:00
-8.948000,-49.790300,GOES-19,2026-09-29 20:50:00
-9.115400,-49.924600,GOES-19,2026-09-29 20:50:00
-9.115700,-49.903200,GOES-19,2026-09-29 20:50:00
-10.079200,-46.900800,GOES-19,2026-09-29 20:50:00
-10.079500,-46.878400,GOES-19,2026-09-29 20:50:00
-10.705600,-50.834100,GOES-19,2026-09-29 20:50:00
-11.273900,-47.022100,GOES-19,2026-09-29 20:50:00
-11.274300,-46.999600,GOES-19,2026-09-29 20:50:00
-11.293000,-47.019600,GOES-19,2026-09-29 20:50:00
-11.293400,-46.997200,GOES-19,2026-09-29 20:50:00
-12.787100,-54.006900,GOES-19,2026-09-29 20:50:00
-12.787300,-53.986200,GOES-19,2026-09-29 20:50:00
-8.432000,-78.039000,GOES-19,2026-09-29 20:40:00
-8.432000,-78.020700,GOES-19,2026-09-29 20:40:00
-8.450400,-78.020900,GOES-19,2026-09-29 20:40:00
-14.032600,-65.724100,GOES-19,2026-09-29 20:40:00
-14.508800,-65.834100,GOES-19,2026-09-29 20:40:00
-14.528000,-65.814000,GOES-19,2026-09-29 20:40:00
-14.528200,-65.794900,GOES-19,2026-09-29 20:40:00
-14.566000,-65.850300,GOES-19,2026-09-29 20:40:00
-14.566100,-65.831200,GOES-19,2026-09-29 20:40:00
-15.218700,-65.682600,GOES-19,2026-09-29 20:40:00
-15.471500,-61.316600,GOES-19,2026-09-29 20:40:00
-15.490800,-61.315100,GOES-19,2026-09-29 20:40:00
-15.500100,-62.236800,GOES-19,2026-09-29 20:40:00
-15.510100,-61.313500,GOES-19,2026-09-29 20:40:00
-15.519400,-62.235300,GOES-19,2026-09-29 20:40:00
-15.628600,-61.087000,GOES-19,2026-09-29 20:40:00
-15.742100,-61.294600,GOES-19,2026-09-29 20:40:00
-16.082000,-63.911800,GOES-19,2026-09-29 20:40:00
-16.101300,-63.910500,GOES-19,2026-09-29 20:40:00
-16.101500,-63.891000,GOES-19,2026-09-29 20:40:00
-16.559000,-62.763700,GOES-19,2026-09-29 20:40:00
-16.596200,-61.222100,GOES-19,2026-09-29 20:40:00
-16.862200,-61.773500,GOES-19,2026-09-29 20:40:00
-16.881700,-61.771800,GOES-19,2026-09-29 20:40:00
-16.920100,-61.827900,GOES-19,2026-09-29 20:40:00
-17.257800,-61.362000,GOES-19,2026-09-29 20:40:00
-17.277100,-61.380100,GOES-19,2026-09-29 20:40:00
-17.277300,-61.360200,GOES-19,2026-09-29 20:40:00
-17.277600,-61.340300,GOES-19,2026-09-29 20:40:00
-17.293600,-60.120200,GOES-19,2026-09-29 20:40:00
-17.296900,-61.358400,GOES-19,2026-09-29 20:40:00
-17.308300,-60.479400,GOES-19,2026-09-29 20:40:00
-17.308600,-60.459400,GOES-19,2026-09-29 20:40:00
-17.328200,-60.457500,GOES-19,2026-09-29 20:40:00
-17.347000,-60.515700,GOES-19,2026-09-29 20:40:00
-17.366600,-60.513800,GOES-19,2026-09-29 20:40:00
-17.469300,-60.162900,GOES-19,2026-09-29 20:40:00
-17.469600,-60.142800,GOES-19,2026-09-29 20:40:00
-17.489000,-60.161000,GOES-19,2026-09-29 20:40:00
-7.524800,-44.548500,GOES-19,2026-09-29 20:40:00
-9.035500,-43.080600,GOES-19,2026-09-29 20:40:00
-9.807800,-44.734300,GOES-19,2026-09-29 20:40:00
-11.158700,-44.762700,GOES-19,2026-09-29 20:40:00
-11.177500,-44.783200,GOES-19,2026-09-29 20:40:00
-11.177900,-44.760000,GOES-19,2026-09-29 20:40:00
-11.393100,-43.394200,GOES-19,2026-09-29 20:40:00
-11.393500,-43.370500,GOES-19,2026-09-29 20:40:00
-11.620700,-43.524800,GOES-19,2026-09-29 20:40:00
-11.640000,-43.521800,GOES-19,2026-09-29 20:40:00
-11.640400,-43.498100,GOES-19,2026-09-29 20:40:00
-11.659200,-43.518800,GOES-19,2026-09-29 20:40:00
-11.699000,-43.441600,GOES-19,2026-09-29 20:40:00
-11.718200,-43.438600,GOES-19,2026-09-29 20:40:00
-14.954300,-49.731500,GOES-19,2026-09-29 20:40:00
-15.204300,-46.137400,GOES-19,2026-09-29 20:40:00
-7.767900,-72.987900,GOES-19,2026-09-29 20:40:00
-7.786400,-72.914900,GOES-19,2026-09-29 20:40:00
-7.952000,-72.913900,GOES-19,2026-09-29 20:40:00
-8.228300,-72.821000,GOES-19,2026-09-29 20:40:00
-8.584600,-50.418000,GOES-19,2026-09-29 20:40:00
-8.929200,-49.792000,GOES-19,2026-09-29 20:40:00
-8.948000,-49.790300,GOES-19,2026-09-29 20:40:00
-9.115400,-49.924600,GOES-19,2026-09-29 20:40:00
-9.115700,-49.903200,GOES-19,2026-09-29 20:40:00
-10.060600,-46.880600,GOES-19,2026-09-29 20:40:00
-10.079200,-46.900800,GOES-19,2026-09-29 20:40:00
-10.079500,-46.878400,GOES-19,2026-09-29 20:40:00
-10.705600,-50.834100,GOES-19,2026-09-29 20:40:00
-10.829900,-48.711500,GOES-19,2026-09-29 20:40:00
-11.273900,-47.022100,GOES-19,2026-09-29 20:40:00
-11.829200,-46.903300,GOES-19,2026-09-29 20:40:00
-12.768000,-54.008900,GOES-19,2026-09-29 20:40:00
-12.787100,-54.006900,GOES-19,2026-09-29 20:40:00
-12.787300,-53.986200,GOES-19,2026-09-29 20:40:00
4.030600,-58.547300,GOES-19,2026-09-29 20:30:00
4.030700,-58.528000,GOES-19,2026-09-29 20:30:00
-6.009300,-78.582800,GOES-19,2026-09-29 20:30:00
-8.432000,-78.039000,GOES-19,2026-09-29 20:30:00
-8.432000,-78.020700,GOES-19,2026-09-29 20:30:00
-8.450400,-78.020900,GOES-19,2026-09-29 20:30:00
-8.669700,-74.790100,GOES-19,2026-09-29 20:30:00
-14.032600,-65.724100,GOES-19,2026-09-29 20:30:00
-14.489700,-65.835000,GOES-19,2026-09-29 20:30:00
-14.508800,-65.834100,GOES-19,2026-09-29 20:30:00
-14.566000,-65.850300,GOES-19,2026-09-29 20:30:00
-15.066100,-61.407800,GOES-19,2026-09-29 20:30:00
-15.085300,-61.406300,GOES-19,2026-09-29 20:30:00
-15.452200,-61.318200,GOES-19,2026-09-29 20:30:00
-15.452900,-61.259100,GOES-19,2026-09-29 20:30:00
-15.471500,-61.316600,GOES-19,2026-09-29 20:30:00
-15.472200,-61.257500,GOES-19,2026-09-29 20:30:00
-15.490600,-61.334800,GOES-19,2026-09-29 20:30:00
-15.490800,-61.315100,GOES-19,2026-09-29 20:30:00
-15.491700,-61.236200,GOES-19,2026-09-29 20:30:00
-15.492000,-61.216500,GOES-19,2026-09-29 20:30:00
-15.500100,-62.236800,GOES-19,2026-09-29 20:30:00
-15.509900,-61.333200,GOES-19,2026-09-29 20:30:00
-15.510100,-61.313500,GOES-19,2026-09-29 20:30:00
-15.519400,-62.235300,GOES-19,2026-09-29 20:30:00
-15.627000,-61.225200,GOES-19,2026-09-29 20:30:00
-15.628600,-61.087000,GOES-19,2026-09-29 20:30:00
-15.742100,-61.294600,GOES-19,2026-09-29 20:30:00
-16.082000,-63.911800,GOES-19,2026-09-29 20:30:00
-16.082200,-63.892300,GOES-19,2026-09-29 20:30:00
-16.101500,-63.891000,GOES-19,2026-09-29 20:30:00
-16.559000,-62.763700,GOES-19,2026-09-29 20:30:00
-16.596200,-61.222100,GOES-19,2026-09-29 20:30:00
-16.862200,-61.773500,GOES-19,2026-09-29 20:30:00
-16.920100,-61.827900,GOES-19,2026-09-29 20:30:00
-16.939600,-61.826300,GOES-19,2026-09-29 20:30:00
-17.257800,-61.362000,GOES-19,2026-09-29 20:30:00
-17.258000,-61.342000,GOES-19,2026-09-29 20:30:00
-17.277100,-61.380100,GOES-19,2026-09-29 20:30:00
-17.277300,-61.360200,GOES-19,2026-09-29 20:30:00
-17.277600,-61.340300,GOES-19,2026-09-29 20:30:00
-17.308600,-60.459400,GOES-19,2026-09-29 20:30:00
-17.347000,-60.515700,GOES-19,2026-09-29 20:30:00
-17.366300,-60.533900,GOES-19,2026-09-29 20:30:00
-17.366600,-60.513800,GOES-19,2026-09-29 20:30:00
-11.374300,-43.373400,GOES-19,2026-09-29 20:30:00
-9.035500,-43.080600,GOES-19,2026-09-29 20:30:00
-9.035900,-43.056900,GOES-19,2026-09-29 20:30:00
-10.544600,-45.008200,GOES-19,2026-09-29 20:30:00
-10.545000,-44.985100,GOES-19,2026-09-29 20:30:00
-11.158300,-44.785900,GOES-19,2026-09-29 20:30:00
-11.158700,-44.762700,GOES-19,2026-09-29 20:30:00
-11.177500,-44.783200,GOES-19,2026-09-29 20:30:00
-11.177900,-44.760000,GOES-19,2026-09-29 20:30:00
-11.391800,-43.465400,GOES-19,2026-09-29 20:30:00
-11.393100,-43.394200,GOES-19,2026-09-29 20:30:00
-11.393500,-43.370500,GOES-19,2026-09-29 20:30:00
-11.411000,-43.462500,GOES-19,2026-09-29 20:30:00
-11.430200,-43.459600,GOES-19,2026-09-29 20:30:00
-11.430700,-43.435800,GOES-19,2026-09-29 20:30:00
-11.620700,-43.524800,GOES-19,2026-09-29 20:30:00
-11.640000,-43.521800,GOES-19,2026-09-29 20:30:00
-11.640400,-43.498100,GOES-19,2026-09-29 20:30:00
-11.659200,-43.518800,GOES-19,2026-09-29 20:30:00
-11.659600,-43.495100,GOES-19,2026-09-29 20:30:00
-11.718200,-43.438600,GOES-19,2026-09-29 20:30:00
-15.099300,-48.313200,GOES-19,2026-09-29 20:30:00
-15.204300,-46.137400,GOES-19,2026-09-29 20:30:00
-15.984400,-48.027000,GOES-19,2026-09-29 20:30:00
-15.984900,-48.004400,GOES-19,2026-09-29 20:30:00
-1.249800,-46.570700,GOES-19,2026-09-29 20:30:00
-1.268300,-46.570400,GOES-19,2026-09-29 20:30:00
-4.442400,-46.287200,GOES-19,2026-09-29 20:30:00
-7.290100,-73.099800,GOES-19,2026-09-29 20:30:00
-7.768000,-72.915100,GOES-19,2026-09-29 20:30:00
-7.786400,-72.914900,GOES-19,2026-09-29 20:30:00
-8.584600,-50.418000,GOES-19,2026-09-29 20:30:00
-8.929200,-49.792000,GOES-19,2026-09-29 20:30:00
-8.948000,-49.790300,GOES-19,2026-09-29 20:30:00
-9.115700,-49.903200,GOES-19,2026-09-29 20:30:00
-9.612900,-46.417200,GOES-19,2026-09-29 20:30:00
-10.060600,-46.880600,GOES-19,2026-09-29 20:30:00
-10.079200,-46.900800,GOES-19,2026-09-29 20:30:00
-10.079500,-46.878400,GOES-19,2026-09-29 20:30:00
-10.705600,-50.834100,GOES-19,2026-09-29 20:30:00
-10.829900,-48.711500,GOES-19,2026-09-29 20:30:00
-11.273900,-47.022100,GOES-19,2026-09-29 20:30:00
-11.274300,-46.999600,GOES-19,2026-09-29 20:30:00
-11.293000,-47.019600,GOES-19,2026-09-29 20:30:00
-12.066200,-46.464300,GOES-19,2026-09-29 20:30:00
-12.066600,-46.441600,GOES-19,2026-09-29 20:30:00
-12.085800,-46.438900,GOES-19,2026-09-29 20:30:00
-12.768000,-54.008900,GOES-19,2026-09-29 20:30:00
-12.786800,-54.027500,GOES-19,2026-09-29 20:30:00
-12.787100,-54.006900,GOES-19,2026-09-29 20:30:00
-12.787300,-53.986200,GOES-19,2026-09-29 20:30:00
3.624600,-59.498300,GOES-19,2026-09-29 20:20:00
-8.432000,-78.020700,GOES-19,2026-09-29 20:20:00
-8.540600,-75.173300,GOES-19,2026-09-29 20:20:00
-14.566000,-65.850300,GOES-19,2026-09-29 20:20:00
-14.566100,-65.831200,GOES-19,2026-09-29 20:20:00
-14.585100,-65.849400,GOES-19,2026-09-29 20:20:00
-14.585200,-65.830300,GOES-19,2026-09-29 20:20:00
-15.471500,-61.316600,GOES-19,2026-09-29 20:20:00
-15.471800,-61.296900,GOES-19,2026-09-29 20:20:00
-15.490600,-61.334800,GOES-19,2026-09-29 20:20:00
-15.490800,-61.315100,GOES-19,2026-09-29 20:20:00
-15.491700,-61.236200,GOES-19,2026-09-29 20:20:00
-15.492000,-61.216500,GOES-19,2026-09-29 20:20:00
-15.509900,-61.333200,GOES-19,2026-09-29 20:20:00
-15.510100,-61.313500,GOES-19,2026-09-29 20:20:00
-15.511000,-61.234700,GOES-19,2026-09-29 20:20:00
-15.511300,-61.215000,GOES-19,2026-09-29 20:20:00
-15.609200,-61.088600,GOES-19,2026-09-29 20:20:00
-15.627000,-61.225200,GOES-19,2026-09-29 20:20:00
-15.628600,-61.087000,GOES-19,2026-09-29 20:20:00
-15.742100,-61.294600,GOES-19,2026-09-29 20:20:00
-16.120700,-63.909200,GOES-19,2026-09-29 20:20:00
-16.596200,-61.222100,GOES-19,2026-09-29 20:20:00
-16.919800,-61.847700,GOES-19,2026-09-29 20:20:00
-16.920100,-61.827900,GOES-19,2026-09-29 20:20:00
-16.939600,-61.826300,GOES-19,2026-09-29 20:20:00
-16.939800,-61.806500,GOES-19,2026-09-29 20:20:00
-17.257800,-61.362000,GOES-19,2026-09-29 20:20:00
-17.277300,-61.360200,GOES-19,2026-09-29 20:20:00
-17.277600,-61.340300,GOES-19,2026-09-29 20:20:00
-17.293600,-60.120200,GOES-19,2026-09-29 20:20:00
-17.296900,-61.358400,GOES-19,2026-09-29 20:20:00
-17.312900,-60.138300,GOES-19,2026-09-29 20:20:00
-17.313200,-60.118200,GOES-19,2026-09-29 20:20:00
-17.347000,-60.515700,GOES-19,2026-09-29 20:20:00
-17.366300,-60.533900,GOES-19,2026-09-29 20:20:00
-17.366600,-60.513800,GOES-19,2026-09-29 20:20:00
-17.633100,-59.683400,GOES-19,2026-09-29 20:20:00
-10.544600,-45.008200,GOES-19,2026-09-29 20:20:00
-11.430200,-43.459600,GOES-19,2026-09-29 20:20:00
-9.035500,-43.080600,GOES-19,2026-09-29 20:20:00
-9.035900,-43.056900,GOES-19,2026-09-29 20:20:00
-10.284300,-44.627400,GOES-19,2026-09-29 20:20:00
-10.545000,-44.985100,GOES-19,2026-09-29 20:20:00
-10.563700,-45.005600,GOES-19,2026-09-29 20:20:00
-10.564100,-44.982600,GOES-19,2026-09-29 20:20:00
-10.891500,-43.634100,GOES-19,2026-09-29 20:20:00
-10.891900,-43.610500,GOES-19,2026-09-29 20:20:00
-11.158300,-44.785900,GOES-19,2026-09-29 20:20:00
-11.158700,-44.762700,GOES-19,2026-09-29 20:20:00
-11.177500,-44.783200,GOES-19,2026-09-29 20:20:00
-11.177900,-44.760000,GOES-19,2026-09-29 20:20:00
-11.391800,-43.465400,GOES-19,2026-09-29 20:20:00
-11.393100,-43.394200,GOES-19,2026-09-29 20:20:00
-11.393500,-43.370500,GOES-19,2026-09-29 20:20:00
-11.411000,-43.462500,GOES-19,2026-09-29 20:20:00
-11.429800,-43.483300,GOES-19,2026-09-29 20:20:00
-11.430700,-43.435800,GOES-19,2026-09-29 20:20:00
-11.640000,-43.521800,GOES-19,2026-09-29 20:20:00
-11.640400,-43.498100,GOES-19,2026-09-29 20:20:00
-11.659200,-43.518800,GOES-19,2026-09-29 20:20:00
-11.659600,-43.495100,GOES-19,2026-09-29 20:20:00
-11.678400,-43.515800,GOES-19,2026-09-29 20:20:00
-11.699000,-43.441600,GOES-19,2026-09-29 20:20:00
-11.717800,-43.462300,GOES-19,2026-09-29 20:20:00
-11.718200,-43.438600,GOES-19,2026-09-29 20:20:00
-11.798000,-44.320100,GOES-19,2026-09-29 20:20:00
-11.798400,-44.296700,GOES-19,2026-09-29 20:20:00
-15.676000,-41.239600,GOES-19,2026-09-29 20:20:00
-0.488900,-49.132700,GOES-19,2026-09-29 20:20:00
-0.488900,-49.111400,GOES-19,2026-09-29 20:20:00
-4.442400,-46.287200,GOES-19,2026-09-29 20:20:00
-7.290100,-73.099800,GOES-19,2026-09-29 20:20:00
-7.308500,-73.099700,GOES-19,2026-09-29 20:20:00
-7.786400,-72.914900,GOES-19,2026-09-29 20:20:00
-7.786400,-72.896700,GOES-19,2026-09-29 20:20:00
-8.028000,-71.069500,GOES-19,2026-09-29 20:20:00
-8.046000,-71.343500,GOES-19,2026-09-29 20:20:00
-8.584600,-50.418000,GOES-19,2026-09-29 20:20:00
-8.929200,-49.792000,GOES-19,2026-09-29 20:20:00
-8.948000,-49.790300,GOES-19,2026-09-29 20:20:00
-9.115700,-49.903200,GOES-19,2026-09-29 20:20:00
-10.079200,-46.900800,GOES-19,2026-09-29 20:20:00
-10.079500,-46.878400,GOES-19,2026-09-29 20:20:00
-10.656200,-50.285400,GOES-19,2026-09-29 20:20:00
-10.705600,-50.834100,GOES-19,2026-09-29 20:20:00
-10.724500,-50.832100,GOES-19,2026-09-29 20:20:00
-10.829900,-48.711500,GOES-19,2026-09-29 20:20:00
-10.934000,-50.725200,GOES-19,2026-09-29 20:20:00
-10.952700,-50.744500,GOES-19,2026-09-29 20:20:00
-11.066400,-50.732300,GOES-19,2026-09-29 20:20:00
-11.066700,-50.711000,GOES-19,2026-09-29 20:20:00
-11.273900,-47.022100,GOES-19,2026-09-29 20:20:00
-11.274300,-46.999600,GOES-19,2026-09-29 20:20:00
-11.293000,-47.019600,GOES-19,2026-09-29 20:20:00
-11.293400,-46.997200,GOES-19,2026-09-29 20:20:00
-12.767700,-54.029600,GOES-19,2026-09-29 20:20:00
-12.768000,-54.008900,GOES-19,2026-09-29 20:20:00
-12.786800,-54.027500,GOES-19,2026-09-29 20:20:00
-12.787100,-54.006900,GOES-19,2026-09-29 20:20:00
-12.787300,-53.986200,GOES-19,2026-09-29 20:20:00
-12.806100,-54.004800,GOES-19,2026-09-29 20:20:00
-14.508900,-65.815000,GOES-19,2026-09-29 20:10:00
4.030600,-58.547300,GOES-19,2026-09-29 20:10:00
4.030700,-58.528000,GOES-19,2026-09-29 20:10:00
-8.043100,-75.300600,GOES-19,2026-09-29 20:10:00
-8.061500,-75.300600,GOES-19,2026-09-29 20:10:00
-8.450400,-78.020900,GOES-19,2026-09-29 20:10:00
-8.522100,-74.680700,GOES-19,2026-09-29 20:10:00
-8.540600,-75.173300,GOES-19,2026-09-29 20:10:00
-8.540600,-75.155100,GOES-19,2026-09-29 20:10:00
-8.559000,-75.173300,GOES-19,2026-09-29 20:10:00
-8.559000,-75.155100,GOES-19,2026-09-29 20:10:00
-14.032600,-65.724100,GOES-19,2026-09-29 20:10:00
-14.032800,-65.705000,GOES-19,2026-09-29 20:10:00
-14.423200,-62.372900,GOES-19,2026-09-29 20:10:00
-14.423400,-62.353500,GOES-19,2026-09-29 20:10:00
-14.442400,-62.371600,GOES-19,2026-09-29 20:10:00
-14.508800,-65.834100,GOES-19,2026-09-29 20:10:00
-14.528000,-65.814000,GOES-19,2026-09-29 20:10:00
-14.528200,-65.794900,GOES-19,2026-09-29 20:10:00
-14.566000,-65.850300,GOES-19,2026-09-29 20:10:00
-14.566100,-65.831200,GOES-19,2026-09-29 20:10:00
-14.585100,-65.849400,GOES-19,2026-09-29 20:10:00
-14.585200,-65.830300,GOES-19,2026-09-29 20:10:00
-15.452200,-61.318200,GOES-19,2026-09-29 20:10:00
-15.452900,-61.259100,GOES-19,2026-09-29 20:10:00
-15.471500,-61.316600,GOES-19,2026-09-29 20:10:00
-15.471800,-61.296900,GOES-19,2026-09-29 20:10:00
-15.472200,-61.257500,GOES-19,2026-09-29 20:10:00
-15.490600,-61.334800,GOES-19,2026-09-29 20:10:00
-15.490800,-61.315100,GOES-19,2026-09-29 20:10:00
-15.500100,-62.236800,GOES-19,2026-09-29 20:10:00
-15.510100,-61.313500,GOES-19,2026-09-29 20:10:00
-15.519400,-62.235300,GOES-19,2026-09-29 20:10:00
-15.609200,-61.088600,GOES-19,2026-09-29 20:10:00
-15.627000,-61.225200,GOES-19,2026-09-29 20:10:00
-15.628300,-61.106800,GOES-19,2026-09-29 20:10:00
-15.628600,-61.087000,GOES-19,2026-09-29 20:10:00
-15.742100,-61.294600,GOES-19,2026-09-29 20:10:00
-16.512600,-60.135600,GOES-19,2026-09-29 20:10:00
-16.596200,-61.222100,GOES-19,2026-09-29 20:10:00
-16.919800,-61.847700,GOES-19,2026-09-29 20:10:00
-16.920100,-61.827900,GOES-19,2026-09-29 20:10:00
-17.257800,-61.362000,GOES-19,2026-09-29 20:10:00
-17.258000,-61.342000,GOES-19,2026-09-29 20:10:00
-17.275300,-60.021600,GOES-19,2026-09-29 20:10:00
-17.275600,-60.001500,GOES-19,2026-09-29 20:10:00
-17.275900,-59.981400,GOES-19,2026-09-29 20:10:00
-17.277100,-61.380100,GOES-19,2026-09-29 20:10:00
-17.277300,-61.360200,GOES-19,2026-09-29 20:10:00
-17.277600,-61.340300,GOES-19,2026-09-29 20:10:00
-17.293600,-60.120200,GOES-19,2026-09-29 20:10:00
-17.295500,-59.979500,GOES-19,2026-09-29 20:10:00
-17.297200,-61.338500,GOES-19,2026-09-29 20:10:00
-17.308800,-60.439400,GOES-19,2026-09-29 20:10:00
-17.312900,-60.138300,GOES-19,2026-09-29 20:10:00
-17.313200,-60.118200,GOES-19,2026-09-29 20:10:00
-17.314800,-59.997600,GOES-19,2026-09-29 20:10:00
-17.315100,-59.977500,GOES-19,2026-09-29 20:10:00
-17.347000,-60.515700,GOES-19,2026-09-29 20:10:00
-17.366600,-60.513800,GOES-19,2026-09-29 20:10:00
-17.469100,-60.183000,GOES-19,2026-09-29 20:10:00
-17.469300,-60.162900,GOES-19,2026-09-29 20:10:00
-17.469600,-60.142800,GOES-19,2026-09-29 20:10:00
-17.489000,-60.161000,GOES-19,2026-09-29 20:10:00
-17.491500,-59.979900,GOES-19,2026-09-29 20:10:00
-18.388400,-62.096000,GOES-19,2026-09-29 20:10:00
-18.408100,-62.094200,GOES-19,2026-09-29 20:10:00
-18.408400,-62.074200,GOES-19,2026-09-29 20:10:00
-18.408600,-62.054300,GOES-19,2026-09-29 20:10:00
-11.430200,-43.459600,GOES-19,2026-09-29 20:10:00
-10.284300,-44.627400,GOES-19,2026-09-29 20:10:00
-10.284700,-44.604200,GOES-19,2026-09-29 20:10:00
-10.303400,-44.624900,GOES-19,2026-09-29 20:10:00
-10.544600,-45.008200,GOES-19,2026-09-29 20:10:00
-10.563700,-45.005600,GOES-19,2026-09-29 20:10:00
-10.891900,-43.610500,GOES-19,2026-09-29 20:10:00
-10.963700,-43.882100,GOES-19,2026-09-29 20:10:00
-11.158300,-44.785900,GOES-19,2026-09-29 20:10:00
-11.158700,-44.762700,GOES-19,2026-09-29 20:10:00
-11.177500,-44.783200,GOES-19,2026-09-29 20:10:00
-11.177900,-44.760000,GOES-19,2026-09-29 20:10:00
-11.374300,-43.373400,GOES-19,2026-09-29 20:10:00
-11.374700,-43.349700,GOES-19,2026-09-29 20:10:00
-11.391800,-43.465400,GOES-19,2026-09-29 20:10:00
-11.410600,-43.486200,GOES-19,2026-09-29 20:10:00
-11.411000,-43.462500,GOES-19,2026-09-29 20:10:00
-11.429800,-43.483300,GOES-19,2026-09-29 20:10:00
-11.430700,-43.435800,GOES-19,2026-09-29 20:10:00
-11.620700,-43.524800,GOES-19,2026-09-29 20:10:00
-11.640000,-43.521800,GOES-19,2026-09-29 20:10:00
-11.640400,-43.498100,GOES-19,2026-09-29 20:10:00
-11.659200,-43.518800,GOES-19,2026-09-29 20:10:00
-11.659600,-43.495100,GOES-19,2026-09-29 20:10:00
-11.678400,-43.515800,GOES-19,2026-09-29 20:10:00
-11.699000,-43.441600,GOES-19,2026-09-29 20:10:00
-11.717800,-43.462300,GOES-19,2026-09-29 20:10:00
-11.718200,-43.438600,GOES-19,2026-09-29 20:10:00
-11.798000,-44.320100,GOES-19,2026-09-29 20:10:00
-11.798400,-44.296700,GOES-19,2026-09-29 20:10:00
-15.083900,-47.189000,GOES-19,2026-09-29 20:10:00
-15.204300,-46.137400,GOES-19,2026-09-29 20:10:00
-15.204800,-46.114300,GOES-19,2026-09-29 20:10:00
-0.488900,-49.132700,GOES-19,2026-09-29 20:10:00
-0.488900,-49.111400,GOES-19,2026-09-29 20:10:00
-4.880500,-47.518900,GOES-19,2026-09-29 20:10:00
-7.290100,-73.099800,GOES-19,2026-09-29 20:10:00
-7.786400,-72.914900,GOES-19,2026-09-29 20:10:00
-8.009600,-71.087900,GOES-19,2026-09-29 20:10:00
-8.009600,-71.069700,GOES-19,2026-09-29 20:10:00
-8.046000,-71.343500,GOES-19,2026-09-29 20:10:00
-8.711000,-47.600700,GOES-19,2026-09-29 20:10:00
-8.929200,-49.792000,GOES-19,2026-09-29 20:10:00
-8.948000,-49.790300,GOES-19,2026-09-29 20:10:00
-9.078300,-51.534600,GOES-19,2026-09-29 20:10:00
-9.115700,-49.903200,GOES-19,2026-09-29 20:10:00
-10.060200,-46.903000,GOES-19,2026-09-29 20:10:00
-10.060600,-46.880600,GOES-19,2026-09-29 20:10:00
-10.079200,-46.900800,GOES-19,2026-09-29 20:10:00
-10.079500,-46.878400,GOES-19,2026-09-29 20:10:00
-10.655900,-50.306800,GOES-19,2026-09-29 20:10:00
-10.656200,-50.285400,GOES-19,2026-09-29 20:10:00
-10.675200,-50.283400,GOES-19,2026-09-29 20:10:00
-10.705600,-50.834100,GOES-19,2026-09-29 20:10:00
-10.829900,-48.711500,GOES-19,2026-09-29 20:10:00
-10.934000,-50.725200,GOES-19,2026-09-29 20:10:00
-11.066700,-50.711000,GOES-19,2026-09-29 20:10:00
-11.273900,-47.022100,GOES-19,2026-09-29 20:10:00
-11.274300,-46.999600,GOES-19,2026-09-29 20:10:00
-11.293000,-47.019600,GOES-19,2026-09-29 20:10:00
-11.293400,-46.997200,GOES-19,2026-09-29 20:10:00
-12.767700,-54.029600,GOES-19,2026-09-29 20:10:00
-12.768000,-54.008900,GOES-19,2026-09-29 20:10:00
-12.786800,-54.027500,GOES-19,2026-09-29 20:10:00
-12.787100,-54.006900,GOES-19,2026-09-29 20:10:00
-12.787300,-53.986200,GOES-19,2026-09-29 20:10:00
4.030600,-58.547300,GOES-19,2026-09-29 20:00:00
4.012300,-58.547700,GOES-19,2026-09-29 20:00:00
-4.550000,-79.516100,GOES-19,2026-09-29 20:00:00
-6.009300,-78.582800,GOES-19,2026-09-29 20:00:00
-8.024700,-75.318800,GOES-19,2026-09-29 20:00:00
-8.043100,-75.318800,GOES-19,2026-09-29 20:00:00
-8.043100,-75.300600,GOES-19,2026-09-29 20:00:00
-8.540600,-75.173300,GOES-19,2026-09-29 20:00:00
-8.540600,-75.155100,GOES-19,2026-09-29 20:00:00
-14.423200,-62.372900,GOES-19,2026-09-29 20:00:00
-14.442400,-62.371600,GOES-19,2026-09-29 20:00:00
-17.275900,-59.981400,GOES-19,2026-09-29 20:00:00
-14.442600,-62.352200,GOES-19,2026-09-29 20:00:00
-14.490700,-65.682200,GOES-19,2026-09-29 20:00:00
-14.490900,-65.663100,GOES-19,2026-09-29 20:00:00
-14.566000,-65.850300,GOES-19,2026-09-29 20:00:00
-14.566100,-65.831200,GOES-19,2026-09-29 20:00:00
-14.584700,-65.906700,GOES-19,2026-09-29 20:00:00
-14.585200,-65.830300,GOES-19,2026-09-29 20:00:00
-14.603800,-65.905700,GOES-19,2026-09-29 20:00:00
-15.452200,-61.318200,GOES-19,2026-09-29 20:00:00
-15.452900,-61.259100,GOES-19,2026-09-29 20:00:00
-15.471500,-61.316600,GOES-19,2026-09-29 20:00:00
-15.471800,-61.296900,GOES-19,2026-09-29 20:00:00
-15.472200,-61.257500,GOES-19,2026-09-29 20:00:00
-15.472400,-61.237800,GOES-19,2026-09-29 20:00:00
-15.490600,-61.334800,GOES-19,2026-09-29 20:00:00
-15.490800,-61.315100,GOES-19,2026-09-29 20:00:00
-15.500100,-62.236800,GOES-19,2026-09-29 20:00:00
-15.519200,-62.254900,GOES-19,2026-09-29 20:00:00
-15.519400,-62.235300,GOES-19,2026-09-29 20:00:00
-15.609000,-61.108400,GOES-19,2026-09-29 20:00:00
-15.609200,-61.088600,GOES-19,2026-09-29 20:00:00
-15.628300,-61.106800,GOES-19,2026-09-29 20:00:00
-15.628600,-61.087000,GOES-19,2026-09-29 20:00:00
-15.742100,-61.294600,GOES-19,2026-09-29 20:00:00
-16.434800,-61.710700,GOES-19,2026-09-29 20:00:00
-16.596200,-61.222100,GOES-19,2026-09-29 20:00:00
-16.862200,-61.773500,GOES-19,2026-09-29 20:00:00
-16.881700,-61.771800,GOES-19,2026-09-29 20:00:00
-16.920100,-61.827900,GOES-19,2026-09-29 20:00:00
-17.257800,-61.362000,GOES-19,2026-09-29 20:00:00
-17.258000,-61.342000,GOES-19,2026-09-29 20:00:00
-17.277100,-61.380100,GOES-19,2026-09-29 20:00:00
-17.277300,-61.360200,GOES-19,2026-09-29 20:00:00
-17.293600,-60.120200,GOES-19,2026-09-29 20:00:00
-17.295500,-59.979500,GOES-19,2026-09-29 20:00:00
-17.312900,-60.138300,GOES-19,2026-09-29 20:00:00
-17.313200,-60.118200,GOES-19,2026-09-29 20:00:00
-17.314800,-59.997600,GOES-19,2026-09-29 20:00:00
-17.315100,-59.977500,GOES-19,2026-09-29 20:00:00
-17.347000,-60.515700,GOES-19,2026-09-29 20:00:00
-17.366600,-60.513800,GOES-19,2026-09-29 20:00:00
-17.469300,-60.162900,GOES-19,2026-09-29 20:00:00
-17.469600,-60.142800,GOES-19,2026-09-29 20:00:00
-17.489000,-60.161000,GOES-19,2026-09-29 20:00:00
-17.491500,-59.979900,GOES-19,2026-09-29 20:00:00
-4.271500,-43.944800,GOES-19,2026-09-29 20:00:00
-10.963700,-43.882100,GOES-19,2026-09-29 20:00:00
-11.158300,-44.785900,GOES-19,2026-09-29 20:00:00
-11.158700,-44.762700,GOES-19,2026-09-29 20:00:00
-11.177500,-44.783200,GOES-19,2026-09-29 20:00:00
-11.177900,-44.760000,GOES-19,2026-09-29 20:00:00
-11.355500,-43.352600,GOES-19,2026-09-29 20:00:00
-11.374300,-43.373400,GOES-19,2026-09-29 20:00:00
-11.374700,-43.349700,GOES-19,2026-09-29 20:00:00
-11.620700,-43.524800,GOES-19,2026-09-29 20:00:00
-11.640000,-43.521800,GOES-19,2026-09-29 20:00:00
-11.640400,-43.498100,GOES-19,2026-09-29 20:00:00
-11.659200,-43.518800,GOES-19,2026-09-29 20:00:00
-11.699000,-43.441600,GOES-19,2026-09-29 20:00:00
-11.717800,-43.462300,GOES-19,2026-09-29 20:00:00
-11.718200,-43.438600,GOES-19,2026-09-29 20:00:00
-11.798000,-44.320100,GOES-19,2026-09-29 20:00:00
-12.884700,-44.801500,GOES-19,2026-09-29 20:00:00
-15.204300,-46.137400,GOES-19,2026-09-29 20:00:00
-15.204800,-46.114300,GOES-19,2026-09-29 20:00:00
-15.984400,-48.027000,GOES-19,2026-09-29 20:00:00
1.968100,-55.859500,GOES-19,2026-09-29 20:00:00
-4.000200,-45.595200,GOES-19,2026-09-29 20:00:00
-4.000300,-45.572800,GOES-19,2026-09-29 20:00:00
-4.018900,-45.571900,GOES-19,2026-09-29 20:00:00
-6.943200,-71.445700,GOES-19,2026-09-29 20:00:00
-6.979500,-71.773200,GOES-19,2026-09-29 20:00:00
-7.767900,-72.987900,GOES-19,2026-09-29 20:00:00
-8.009600,-71.087900,GOES-19,2026-09-29 20:00:00
-8.009600,-71.069700,GOES-19,2026-09-29 20:00:00
-8.028000,-71.087700,GOES-19,2026-09-29 20:00:00
-8.028000,-71.069500,GOES-19,2026-09-29 20:00:00
-8.046000,-71.343500,GOES-19,2026-09-29 20:00:00
-8.558300,-47.791200,GOES-19,2026-09-29 20:00:00
-8.595200,-49.457700,GOES-19,2026-09-29 20:00:00
-8.711000,-47.600700,GOES-19,2026-09-29 20:00:00
-8.729800,-47.598900,GOES-19,2026-09-29 20:00:00
-8.929200,-49.792000,GOES-19,2026-09-29 20:00:00
-8.929400,-49.770600,GOES-19,2026-09-29 20:00:00
-8.948000,-49.790300,GOES-19,2026-09-29 20:00:00
-9.115400,-49.924600,GOES-19,2026-09-29 20:00:00
-9.115700,-49.903200,GOES-19,2026-09-29 20:00:00
-10.059900,-46.925300,GOES-19,2026-09-29 20:00:00
-10.060200,-46.903000,GOES-19,2026-09-29 20:00:00
-10.060600,-46.880600,GOES-19,2026-09-29 20:00:00
-10.079200,-46.900800,GOES-19,2026-09-29 20:00:00
-10.079500,-46.878400,GOES-19,2026-09-29 20:00:00
-10.553900,-50.870800,GOES-19,2026-09-29 20:00:00
-10.655900,-50.306800,GOES-19,2026-09-29 20:00:00
-10.656200,-50.285400,GOES-19,2026-09-29 20:00:00
-10.674900,-50.304800,GOES-19,2026-09-29 20:00:00
-10.675200,-50.283400,GOES-19,2026-09-29 20:00:00
-10.705600,-50.834100,GOES-19,2026-09-29 20:00:00
-10.724500,-50.832100,GOES-19,2026-09-29 20:00:00
-10.829900,-48.711500,GOES-19,2026-09-29 20:00:00
-10.848900,-48.709300,GOES-19,2026-09-29 20:00:00
-10.818700,-57.219200,GOES-19,2026-09-29 20:00:00
-10.934000,-50.725200,GOES-19,2026-09-29 20:00:00
-10.952700,-50.744500,GOES-19,2026-09-29 20:00:00
-10.953000,-50.723200,GOES-19,2026-09-29 20:00:00
-10.971600,-50.742400,GOES-19,2026-09-29 20:00:00
-11.066700,-50.711000,GOES-19,2026-09-29 20:00:00
-12.607800,-47.265300,GOES-19,2026-09-29 20:00:00
-12.767700,-54.029600,GOES-19,2026-09-29 20:00:00
-12.768000,-54.008900,GOES-19,2026-09-29 20:00:00
-12.786800,-54.027500,GOES-19,2026-09-29 20:00:00
-12.787100,-54.006900,GOES-19,2026-09-29 20:00:00
-12.787300,-53.986200,GOES-19,2026-09-29 20:00:00
-12.806100,-54.004800,GOES-19,2026-09-29 20:00:00
4.093200,-72.262600,GOES-19,2026-09-29 19:50:00
4.093200,-72.244500,GOES-19,2026-09-29 19:50:00
4.030600,-58.547300,GOES-19,2026-09-29 19:50:00
4.030700,-58.528000,GOES-19,2026-09-29 19:50:00
-5.844300,-78.236300,GOES-19,2026-09-29 19:50:00
-6.409600,-74.700700,GOES-19,2026-09-29 19:50:00
-6.574400,-75.535300,GOES-19,2026-09-29 19:50:00
-8.024700,-75.300600,GOES-19,2026-09-29 19:50:00
-8.043100,-75.318800,GOES-19,2026-09-29 19:50:00
-8.043100,-75.300600,GOES-19,2026-09-29 19:50:00
-14.032600,-65.724100,GOES-19,2026-09-29 19:50:00
-14.032800,-65.705000,GOES-19,2026-09-29 19:50:00
-14.395400,-65.667900,GOES-19,2026-09-29 19:50:00
-14.423200,-62.372900,GOES-19,2026-09-29 19:50:00
-14.442400,-62.371600,GOES-19,2026-09-29 19:50:00
-14.461900,-62.331400,GOES-19,2026-09-29 19:50:00
-14.490700,-65.682200,GOES-19,2026-09-29 19:50:00
-14.508800,-65.834100,GOES-19,2026-09-29 19:50:00
-14.528000,-65.814000,GOES-19,2026-09-29 19:50:00
-14.528200,-65.794900,GOES-19,2026-09-29 19:50:00
-14.908300,-66.158100,GOES-19,2026-09-29 19:50:00
-14.927400,-66.157100,GOES-19,2026-09-29 19:50:00
-15.218500,-65.701800,GOES-19,2026-09-29 19:50:00
-15.452200,-61.318200,GOES-19,2026-09-29 19:50:00
-15.452900,-61.259100,GOES-19,2026-09-29 19:50:00
-15.453100,-61.239400,GOES-19,2026-09-29 19:50:00
-15.471500,-61.316600,GOES-19,2026-09-29 19:50:00
-15.471800,-61.296900,GOES-19,2026-09-29 19:50:00
-15.472200,-61.257500,GOES-19,2026-09-29 19:50:00
-15.472400,-61.237800,GOES-19,2026-09-29 19:50:00
-15.490800,-61.315100,GOES-19,2026-09-29 19:50:00
-15.500100,-62.236800,GOES-19,2026-09-29 19:50:00
-15.519200,-62.254900,GOES-19,2026-09-29 19:50:00
-15.519400,-62.235300,GOES-19,2026-09-29 19:50:00
-15.609000,-61.108400,GOES-19,2026-09-29 19:50:00
-15.609200,-61.088600,GOES-19,2026-09-29 19:50:00
-15.628300,-61.106800,GOES-19,2026-09-29 19:50:00
-15.628600,-61.087000,GOES-19,2026-09-29 19:50:00
-15.703400,-61.297800,GOES-19,2026-09-29 19:50:00
-15.722700,-61.296200,GOES-19,2026-09-29 19:50:00
-15.742100,-61.294600,GOES-19,2026-09-29 19:50:00
-16.101300,-63.910500,GOES-19,2026-09-29 19:50:00
-16.101500,-63.891000,GOES-19,2026-09-29 19:50:00
-16.512600,-60.135600,GOES-19,2026-09-29 19:50:00
-16.862200,-61.773500,GOES-19,2026-09-29 19:50:00
-16.862400,-61.753700,GOES-19,2026-09-29 19:50:00
-16.881700,-61.771800,GOES-19,2026-09-29 19:50:00
-16.882000,-61.752000,GOES-19,2026-09-29 19:50:00
-16.920100,-61.827900,GOES-19,2026-09-29 19:50:00
-17.192400,-63.657500,GOES-19,2026-09-29 19:50:00
-17.277100,-61.380100,GOES-19,2026-09-29 19:50:00
-17.295500,-59.979500,GOES-19,2026-09-29 19:50:00
-17.296900,-61.358400,GOES-19,2026-09-29 19:50:00
-17.314500,-60.017700,GOES-19,2026-09-29 19:50:00
-17.314800,-59.997600,GOES-19,2026-09-29 19:50:00
-17.315100,-59.977500,GOES-19,2026-09-29 19:50:00
-17.347000,-60.515700,GOES-19,2026-09-29 19:50:00
-17.469100,-60.183000,GOES-19,2026-09-29 19:50:00
-17.469300,-60.162900,GOES-19,2026-09-29 19:50:00
-17.469600,-60.142800,GOES-19,2026-09-29 19:50:00
-17.489000,-60.161000,GOES-19,2026-09-29 19:50:00
-17.489300,-60.140900,GOES-19,2026-09-29 19:50:00
-17.491500,-59.979900,GOES-19,2026-09-29 19:50:00
-4.271500,-43.944800,GOES-19,2026-09-29 19:50:00
-10.021100,-45.691800,GOES-19,2026-09-29 19:50:00
-10.963700,-43.882100,GOES-19,2026-09-29 19:50:00
-11.158300,-44.785900,GOES-19,2026-09-29 19:50:00
-11.158700,-44.762700,GOES-19,2026-09-29 19:50:00
-11.197000,-44.757300,GOES-19,2026-09-29 19:50:00
-11.355500,-43.352600,GOES-19,2026-09-29 19:50:00
-11.374700,-43.349700,GOES-19,2026-09-29 19:50:00
-11.410600,-43.486200,GOES-19,2026-09-29 19:50:00
-11.411000,-43.462500,GOES-19,2026-09-29 19:50:00
-11.429800,-43.483300,GOES-19,2026-09-29 19:50:00
-11.430200,-43.459600,GOES-19,2026-09-29 19:50:00
-11.430700,-43.435800,GOES-19,2026-09-29 19:50:00
-11.620700,-43.524800,GOES-19,2026-09-29 19:50:00
-11.640000,-43.521800,GOES-19,2026-09-29 19:50:00
-11.640400,-43.498100,GOES-19,2026-09-29 19:50:00
-11.659200,-43.518800,GOES-19,2026-09-29 19:50:00
-11.699000,-43.441600,GOES-19,2026-09-29 19:50:00
-11.698900,-44.498400,GOES-19,2026-09-29 19:50:00
-11.717800,-43.462300,GOES-19,2026-09-29 19:50:00
-11.718200,-43.438600,GOES-19,2026-09-29 19:50:00
-11.798000,-44.320100,GOES-19,2026-09-29 19:50:00
-12.434600,-44.173300,GOES-19,2026-09-29 19:50:00
-15.098800,-48.335600,GOES-19,2026-09-29 19:50:00
-15.204300,-46.137400,GOES-19,2026-09-29 19:50:00
-15.204800,-46.114300,GOES-19,2026-09-29 19:50:00
1.840300,-55.624400,GOES-19,2026-09-29 19:50:00
-0.488900,-49.111400,GOES-19,2026-09-29 19:50:00
-0.839900,-48.725000,GOES-19,2026-09-29 19:50:00
-8.228300,-72.821000,GOES-19,2026-09-29 19:50:00
-8.929200,-49.792000,GOES-19,2026-09-29 19:50:00
-8.948000,-49.790300,GOES-19,2026-09-29 19:50:00
-9.115700,-49.903200,GOES-19,2026-09-29 19:50:00
-10.705600,-50.834100,GOES-19,2026-09-29 19:50:00
-10.829900,-48.711500,GOES-19,2026-09-29 19:50:00
-10.818700,-57.219200,GOES-19,2026-09-29 19:50:00
-11.066700,-50.711000,GOES-19,2026-09-29 19:50:00
-11.085700,-50.709000,GOES-19,2026-09-29 19:50:00
-11.273900,-47.022100,GOES-19,2026-09-29 19:50:00
-11.293000,-47.019600,GOES-19,2026-09-29 19:50:00
-12.786800,-54.027500,GOES-19,2026-09-29 19:50:00
-12.787100,-54.006900,GOES-19,2026-09-29 19:50:00
5.171200,-54.318400,GOES-19,2026-09-29 19:40:00
4.093200,-72.262600,GOES-19,2026-09-29 19:40:00
4.093200,-72.244500,GOES-19,2026-09-29 19:40:00
4.030600,-58.547300,GOES-19,2026-09-29 19:40:00
4.030700,-58.528000,GOES-19,2026-09-29 19:40:00
-6.574400,-75.535300,GOES-19,2026-09-29 19:40:00
-6.666300,-76.279700,GOES-19,2026-09-29 19:40:00
-8.024700,-75.300600,GOES-19,2026-09-29 19:40:00
-8.043100,-75.300600,GOES-19,2026-09-29 19:40:00
-14.423200,-62.372900,GOES-19,2026-09-29 19:40:00
-14.423400,-62.353500,GOES-19,2026-09-29 19:40:00
-14.423600,-62.334000,GOES-19,2026-09-29 19:40:00
-14.442400,-62.371600,GOES-19,2026-09-29 19:40:00
-14.442800,-62.332700,GOES-19,2026-09-29 19:40:00
-14.461900,-62.331400,GOES-19,2026-09-29 19:40:00
-14.490700,-65.682200,GOES-19,2026-09-29 19:40:00
-14.528300,-65.775800,GOES-19,2026-09-29 19:40:00
-14.528400,-65.756700,GOES-19,2026-09-29 19:40:00
-15.452200,-61.318200,GOES-19,2026-09-29 19:40:00
-15.452900,-61.259100,GOES-19,2026-09-29 19:40:00
-15.453100,-61.239400,GOES-19,2026-09-29 19:40:00
-15.471300,-61.336300,GOES-19,2026-09-29 19:40:00
-15.471500,-61.316600,GOES-19,2026-09-29 19:40:00
-15.471800,-61.296900,GOES-19,2026-09-29 19:40:00
-15.472200,-61.257500,GOES-19,2026-09-29 19:40:00
-15.472400,-61.237800,GOES-19,2026-09-29 19:40:00
-15.490800,-61.315100,GOES-19,2026-09-29 19:40:00
-15.519200,-62.254900,GOES-19,2026-09-29 19:40:00
-15.519400,-62.235300,GOES-19,2026-09-29 19:40:00
-15.609000,-61.108400,GOES-19,2026-09-29 19:40:00
-15.609200,-61.088600,GOES-19,2026-09-29 19:40:00
-15.628300,-61.106800,GOES-19,2026-09-29 19:40:00
-15.628600,-61.087000,GOES-19,2026-09-29 19:40:00
-15.703400,-61.297800,GOES-19,2026-09-29 19:40:00
-16.082000,-63.911800,GOES-19,2026-09-29 19:40:00
-16.082200,-63.892300,GOES-19,2026-09-29 19:40:00
-16.101300,-63.910500,GOES-19,2026-09-29 19:40:00
-16.101500,-63.891000,GOES-19,2026-09-29 19:40:00
-16.512600,-60.135600,GOES-19,2026-09-29 19:40:00
-16.596200,-61.222100,GOES-19,2026-09-29 19:40:00
-16.842500,-61.795000,GOES-19,2026-09-29 19:40:00
-16.842700,-61.775200,GOES-19,2026-09-29 19:40:00
-16.862000,-61.793300,GOES-19,2026-09-29 19:40:00
-16.862200,-61.773500,GOES-19,2026-09-29 19:40:00
-16.881700,-61.771800,GOES-19,2026-09-29 19:40:00
-16.882000,-61.752000,GOES-19,2026-09-29 19:40:00
-16.919800,-61.847700,GOES-19,2026-09-29 19:40:00
-16.920100,-61.827900,GOES-19,2026-09-29 19:40:00
-16.939600,-61.826300,GOES-19,2026-09-29 19:40:00
-17.275300,-60.021600,GOES-19,2026-09-29 19:40:00
-17.275600,-60.001500,GOES-19,2026-09-29 19:40:00
-17.275900,-59.981400,GOES-19,2026-09-29 19:40:00
-17.277100,-61.380100,GOES-19,2026-09-29 19:40:00
-17.277300,-61.360200,GOES-19,2026-09-29 19:40:00
-17.293300,-60.140300,GOES-19,2026-09-29 19:40:00
-17.293600,-60.120200,GOES-19,2026-09-29 19:40:00
-17.294900,-60.019700,GOES-19,2026-09-29 19:40:00
-17.295200,-59.999600,GOES-19,2026-09-29 19:40:00
-17.296900,-61.358400,GOES-19,2026-09-29 19:40:00
-17.312900,-60.138300,GOES-19,2026-09-29 19:40:00
-17.313200,-60.118200,GOES-19,2026-09-29 19:40:00
-17.314800,-59.997600,GOES-19,2026-09-29 19:40:00
-17.347000,-60.515700,GOES-19,2026-09-29 19:40:00
-17.366300,-60.533900,GOES-19,2026-09-29 19:40:00
-17.366600,-60.513800,GOES-19,2026-09-29 19:40:00
-17.489000,-60.161000,GOES-19,2026-09-29 19:40:00
-20.219100,-58.357300,GOES-19,2026-09-29 19:40:00
-10.963700,-43.882100,GOES-19,2026-09-29 19:40:00
-3.288800,-42.879500,GOES-19,2026-09-29 19:40:00
-4.271500,-43.944800,GOES-19,2026-09-29 19:40:00
-11.120000,-45.937400,GOES-19,2026-09-29 19:40:00
-11.158300,-44.785900,GOES-19,2026-09-29 19:40:00
-11.158700,-44.762700,GOES-19,2026-09-29 19:40:00
-11.256600,-43.533100,GOES-19,2026-09-29 19:40:00
-11.620700,-43.524800,GOES-19,2026-09-29 19:40:00
-11.621200,-43.501100,GOES-19,2026-09-29 19:40:00
-11.640000,-43.521800,GOES-19,2026-09-29 19:40:00
-11.659200,-43.518800,GOES-19,2026-09-29 19:40:00
-11.698600,-43.465400,GOES-19,2026-09-29 19:40:00
-11.699000,-43.441600,GOES-19,2026-09-29 19:40:00
-11.698900,-44.498400,GOES-19,2026-09-29 19:40:00
-11.717800,-43.462300,GOES-19,2026-09-29 19:40:00
-11.718200,-43.438600,GOES-19,2026-09-29 19:40:00
-12.514000,-43.070300,GOES-19,2026-09-29 19:40:00
-13.366200,-46.813900,GOES-19,2026-09-29 19:40:00
-0.488900,-49.132700,GOES-19,2026-09-29 19:40:00
-0.488900,-49.111400,GOES-19,2026-09-29 19:40:00
-6.979500,-71.773200,GOES-19,2026-09-29 19:40:00
-8.228300,-72.821000,GOES-19,2026-09-29 19:40:00
-8.505100,-72.472100,GOES-19,2026-09-29 19:40:00
-9.115700,-49.903200,GOES-19,2026-09-29 19:40:00
-10.060600,-46.880600,GOES-19,2026-09-29 19:40:00
-10.669100,-50.731600,GOES-19,2026-09-29 19:40:00
-10.705600,-50.834100,GOES-19,2026-09-29 19:40:00
-10.799900,-57.220600,GOES-19,2026-09-29 19:40:00
-10.934000,-50.725200,GOES-19,2026-09-29 19:40:00
-10.971600,-50.742400,GOES-19,2026-09-29 19:40:00
-11.066700,-50.711000,GOES-19,2026-09-29 19:40:00
-11.085700,-50.709000,GOES-19,2026-09-29 19:40:00
-11.173800,-51.188000,GOES-19,2026-09-29 19:40:00
-11.293000,-47.019600,GOES-19,2026-09-29 19:40:00
-11.498100,-49.740800,GOES-19,2026-09-29 19:40:00
-12.066200,-46.464300,GOES-19,2026-09-29 19:40:00
-12.085400,-46.461600,GOES-19,2026-09-29 19:40:00
-12.607800,-47.265300,GOES-19,2026-09-29 19:40:00
-12.608200,-47.242900,GOES-19,2026-09-29 19:40:00
-12.767700,-54.029600,GOES-19,2026-09-29 19:40:00
-12.786800,-54.027500,GOES-19,2026-09-29 19:40:00
-12.787100,-54.006900,GOES-19,2026-09-29 19:40:00
-13.563400,-53.193200,GOES-19,2026-09-29 19:40:00
7.102700,-61.759200,GOES-19,2026-09-29 19:30:00
4.030600,-58.547300,GOES-19,2026-09-29 19:30:00
4.030700,-58.528000,GOES-19,2026-09-29 19:30:00
3.165600,-72.573100,GOES-19,2026-09-29 19:30:00
1.024100,-74.216700,GOES-19,2026-09-29 19:30:00
-6.574400,-75.553500,GOES-19,2026-09-29 19:30:00
-6.574400,-75.535300,GOES-19,2026-09-29 19:30:00
-8.024700,-75.318800,GOES-19,2026-09-29 19:30:00
-8.043100,-75.318800,GOES-19,2026-09-29 19:30:00
-8.043100,-75.300600,GOES-19,2026-09-29 19:30:00
-8.043100,-75.282400,GOES-19,2026-09-29 19:30:00
-8.669700,-75.082100,GOES-19,2026-09-29 19:30:00
-8.817400,-75.118700,GOES-19,2026-09-29 19:30:00
-14.461900,-62.331400,GOES-19,2026-09-29 19:30:00
-15.199300,-65.702800,GOES-19,2026-09-29 19:30:00
-15.218700,-65.682600,GOES-19,2026-09-29 19:30:00
-15.354100,-63.339100,GOES-19,2026-09-29 19:30:00
-15.394800,-61.283500,GOES-19,2026-09-29 19:30:00
-15.414500,-61.242500,GOES-19,2026-09-29 19:30:00
-15.519400,-62.235300,GOES-19,2026-09-29 19:30:00
-15.587900,-61.267800,GOES-19,2026-09-29 19:30:00
-15.609200,-61.088600,GOES-19,2026-09-29 19:30:00
-15.628300,-61.106800,GOES-19,2026-09-29 19:30:00
-15.628600,-61.087000,GOES-19,2026-09-29 19:30:00
-15.702100,-61.416100,GOES-19,2026-09-29 19:30:00
-15.703200,-61.317500,GOES-19,2026-09-29 19:30:00
-15.703400,-61.297800,GOES-19,2026-09-29 19:30:00
-15.722700,-61.296200,GOES-19,2026-09-29 19:30:00
-15.742100,-61.294600,GOES-19,2026-09-29 19:30:00
-16.467600,-64.119200,GOES-19,2026-09-29 19:30:00
-16.512600,-60.135600,GOES-19,2026-09-29 19:30:00
-16.595900,-61.242000,GOES-19,2026-09-29 19:30:00
-16.596200,-61.222100,GOES-19,2026-09-29 19:30:00
-16.673300,-62.990400,GOES-19,2026-09-29 19:30:00
-16.842500,-61.795000,GOES-19,2026-09-29 19:30:00
-16.920100,-61.827900,GOES-19,2026-09-29 19:30:00
-16.939600,-61.826300,GOES-19,2026-09-29 19:30:00
-17.257500,-61.381900,GOES-19,2026-09-29 19:30:00
-17.277100,-61.380100,GOES-19,2026-09-29 19:30:00
-17.293300,-60.140300,GOES-19,2026-09-29 19:30:00
-17.293600,-60.120200,GOES-19,2026-09-29 19:30:00
-17.294900,-60.019700,GOES-19,2026-09-29 19:30:00
-17.295200,-59.999600,GOES-19,2026-09-29 19:30:00
-17.295500,-59.979500,GOES-19,2026-09-29 19:30:00
-17.314500,-60.017700,GOES-19,2026-09-29 19:30:00
-17.314800,-59.997600,GOES-19,2026-09-29 19:30:00
-17.315100,-59.977500,GOES-19,2026-09-29 19:30:00
-17.347000,-60.515700,GOES-19,2026-09-29 19:30:00
-17.366300,-60.533900,GOES-19,2026-09-29 19:30:00
-17.366600,-60.513800,GOES-19,2026-09-29 19:30:00
-17.489000,-60.161000,GOES-19,2026-09-29 19:30:00
-17.613400,-59.685400,GOES-19,2026-09-29 19:30:00
-17.633100,-59.683400,GOES-19,2026-09-29 19:30:00
-22.470500,-55.861200,GOES-19,2026-09-29 19:30:00
-3.288800,-42.879500,GOES-19,2026-09-29 19:30:00
-9.768400,-44.831200,GOES-19,2026-09-29 19:30:00
-9.787700,-44.805800,GOES-19,2026-09-29 19:30:00
-10.124100,-43.928000,GOES-19,2026-09-29 19:30:00
-10.725100,-44.452400,GOES-19,2026-09-29 19:30:00
-10.725500,-44.429100,GOES-19,2026-09-29 19:30:00
-10.963700,-43.882100,GOES-19,2026-09-29 19:30:00
-11.127300,-43.268700,GOES-19,2026-09-29 19:30:00
-11.120000,-45.937400,GOES-19,2026-09-29 19:30:00
-11.158300,-44.785900,GOES-19,2026-09-29 19:30:00
-11.158700,-44.762700,GOES-19,2026-09-29 19:30:00
-11.256100,-43.556800,GOES-19,2026-09-29 19:30:00
-11.256600,-43.533100,GOES-19,2026-09-29 19:30:00
-11.374300,-43.373400,GOES-19,2026-09-29 19:30:00
-11.620700,-43.524800,GOES-19,2026-09-29 19:30:00
-11.621200,-43.501100,GOES-19,2026-09-29 19:30:00
-11.640000,-43.521800,GOES-19,2026-09-29 19:30:00
-11.659200,-43.518800,GOES-19,2026-09-29 19:30:00
-11.698600,-43.465400,GOES-19,2026-09-29 19:30:00
-11.699000,-43.441600,GOES-19,2026-09-29 19:30:00
-11.717800,-43.462300,GOES-19,2026-09-29 19:30:00
-11.718200,-43.438600,GOES-19,2026-09-29 19:30:00
-11.816700,-43.304400,GOES-19,2026-09-29 19:30:00
-12.434600,-44.173300,GOES-19,2026-09-29 19:30:00
-12.514000,-43.070300,GOES-19,2026-09-29 19:30:00
-15.098800,-48.335600,GOES-19,2026-09-29 19:30:00
-0.488900,-49.132700,GOES-19,2026-09-29 19:30:00
-0.488900,-49.111400,GOES-19,2026-09-29 19:30:00
-2.865600,-45.731900,GOES-19,2026-09-29 19:30:00
-8.720300,-46.847700,GOES-19,2026-09-29 19:30:00
-9.115700,-49.903200,GOES-19,2026-09-29 19:30:00
-10.060600,-46.880600,GOES-19,2026-09-29 19:30:00
-10.669100,-50.731600,GOES-19,2026-09-29 19:30:00
-10.705600,-50.834100,GOES-19,2026-09-29 19:30:00
-10.829900,-48.711500,GOES-19,2026-09-29 19:30:00
-10.934000,-50.725200,GOES-19,2026-09-29 19:30:00
-10.971900,-50.721100,GOES-19,2026-09-29 19:30:00
-11.066700,-50.711000,GOES-19,2026-09-29 19:30:00
-11.085700,-50.709000,GOES-19,2026-09-29 19:30:00
-11.173800,-51.188000,GOES-19,2026-09-29 19:30:00
-11.498100,-49.740800,GOES-19,2026-09-29 19:30:00
-11.829200,-46.903300,GOES-19,2026-09-29 19:30:00
-12.066200,-46.464300,GOES-19,2026-09-29 19:30:00
-12.085400,-46.461600,GOES-19,2026-09-29 19:30:00
-12.607800,-47.265300,GOES-19,2026-09-29 19:30:00
-12.608200,-47.242900,GOES-19,2026-09-29 19:30:00
-12.786800,-54.027500,GOES-19,2026-09-29 19:30:00
-12.787100,-54.006900,GOES-19,2026-09-29 19:30:00
-12.806100,-54.004800,GOES-19,2026-09-29 19:30:00
-6.574400,-75.553500,GOES-19,2026-09-29 19:20:00
-6.574400,-75.535300,GOES-19,2026-09-29 19:20:00
-8.024700,-75.300600,GOES-19,2026-09-29 19:20:00
-8.043100,-75.318800,GOES-19,2026-09-29 19:20:00
-8.043100,-75.300600,GOES-19,2026-09-29 19:20:00
-8.817400,-75.118700,GOES-19,2026-09-29 19:20:00
-14.423400,-62.353500,GOES-19,2026-09-29 19:20:00
-14.442600,-62.352200,GOES-19,2026-09-29 19:20:00
-14.442800,-62.332700,GOES-19,2026-09-29 19:20:00
-14.461700,-62.350800,GOES-19,2026-09-29 19:20:00
-14.908300,-66.158100,GOES-19,2026-09-29 19:20:00
4.030600,-58.547300,GOES-19,2026-09-29 19:20:00
4.030700,-58.528000,GOES-19,2026-09-29 19:20:00
-15.334900,-63.340400,GOES-19,2026-09-29 19:20:00
-15.354000,-63.358500,GOES-19,2026-09-29 19:20:00
-15.354100,-63.339100,GOES-19,2026-09-29 19:20:00
-15.414300,-61.262200,GOES-19,2026-09-29 19:20:00
-15.414500,-61.242500,GOES-19,2026-09-29 19:20:00
-15.500100,-62.236800,GOES-19,2026-09-29 19:20:00
-15.568800,-61.249700,GOES-19,2026-09-29 19:20:00
-15.569000,-61.229900,GOES-19,2026-09-29 19:20:00
-15.587900,-61.267800,GOES-19,2026-09-29 19:20:00
-15.609000,-61.108400,GOES-19,2026-09-29 19:20:00
-15.628300,-61.106800,GOES-19,2026-09-29 19:20:00
-15.628600,-61.087000,GOES-19,2026-09-29 19:20:00
-15.703400,-61.297800,GOES-19,2026-09-29 19:20:00
-15.722700,-61.296200,GOES-19,2026-09-29 19:20:00
-15.742100,-61.294600,GOES-19,2026-09-29 19:20:00
-16.596200,-61.222100,GOES-19,2026-09-29 19:20:00
-16.673300,-62.990400,GOES-19,2026-09-29 19:20:00
-16.862000,-61.793300,GOES-19,2026-09-29 19:20:00
-16.862200,-61.773500,GOES-19,2026-09-29 19:20:00
-16.881700,-61.771800,GOES-19,2026-09-29 19:20:00
-16.882000,-61.752000,GOES-19,2026-09-29 19:20:00
-16.919800,-61.847700,GOES-19,2026-09-29 19:20:00
-16.920100,-61.827900,GOES-19,2026-09-29 19:20:00
-16.939600,-61.826300,GOES-19,2026-09-29 19:20:00
-17.275600,-60.001500,GOES-19,2026-09-29 19:20:00
-17.293600,-60.120200,GOES-19,2026-09-29 19:20:00
-17.294700,-60.039800,GOES-19,2026-09-29 19:20:00
-17.294900,-60.019700,GOES-19,2026-09-29 19:20:00
-17.295200,-59.999600,GOES-19,2026-09-29 19:20:00
-17.308800,-60.439400,GOES-19,2026-09-29 19:20:00
-17.312900,-60.138300,GOES-19,2026-09-29 19:20:00
-17.313200,-60.118200,GOES-19,2026-09-29 19:20:00
-17.314500,-60.017700,GOES-19,2026-09-29 19:20:00
-17.469100,-60.183000,GOES-19,2026-09-29 19:20:00
-17.469300,-60.162900,GOES-19,2026-09-29 19:20:00
-17.613400,-59.685400,GOES-19,2026-09-29 19:20:00
-20.219100,-58.357300,GOES-19,2026-09-29 19:20:00
-20.238900,-58.375400,GOES-19,2026-09-29 19:20:00
-20.670300,-59.086100,GOES-19,2026-09-29 19:20:00
-20.670700,-59.065400,GOES-19,2026-09-29 19:20:00
-20.671000,-59.044600,GOES-19,2026-09-29 19:20:00
-22.470500,-55.861200,GOES-19,2026-09-29 19:20:00
-23.422700,-55.976500,GOES-19,2026-09-29 19:20:00
-15.204800,-46.114300,GOES-19,2026-09-29 19:20:00
-3.216300,-42.459700,GOES-19,2026-09-29 19:20:00
-3.288800,-42.879500,GOES-19,2026-09-29 19:20:00
-9.768400,-44.831200,GOES-19,2026-09-29 19:20:00
-9.768700,-44.808200,GOES-19,2026-09-29 19:20:00
-9.787400,-44.828900,GOES-19,2026-09-29 19:20:00
-9.787700,-44.805800,GOES-19,2026-09-29 19:20:00
-10.105100,-43.930600,GOES-19,2026-09-29 19:20:00
-10.124100,-43.928000,GOES-19,2026-09-29 19:20:00
-10.284300,-44.627400,GOES-19,2026-09-29 19:20:00
-10.725500,-44.429100,GOES-19,2026-09-29 19:20:00
-11.120000,-45.937400,GOES-19,2026-09-29 19:20:00
-11.158300,-44.785900,GOES-19,2026-09-29 19:20:00
-11.158700,-44.762700,GOES-19,2026-09-29 19:20:00
-11.256100,-43.556800,GOES-19,2026-09-29 19:20:00
-11.256600,-43.533100,GOES-19,2026-09-29 19:20:00
-11.620700,-43.524800,GOES-19,2026-09-29 19:20:00
-11.640000,-43.521800,GOES-19,2026-09-29 19:20:00
-11.698600,-43.465400,GOES-19,2026-09-29 19:20:00
-11.717800,-43.462300,GOES-19,2026-09-29 19:20:00
-11.718200,-43.438600,GOES-19,2026-09-29 19:20:00
-12.434600,-44.173300,GOES-19,2026-09-29 19:20:00
-12.514000,-43.070300,GOES-19,2026-09-29 19:20:00
-12.533400,-43.067000,GOES-19,2026-09-29 19:20:00
-15.098800,-48.335600,GOES-19,2026-09-29 19:20:00
-15.204300,-46.137400,GOES-19,2026-09-29 19:20:00
-15.754700,-46.034700,GOES-19,2026-09-29 19:20:00
-0.488900,-49.132700,GOES-19,2026-09-29 19:20:00
-0.488900,-49.111400,GOES-19,2026-09-29 19:20:00
-0.507300,-49.132600,GOES-19,2026-09-29 19:20:00
-0.507300,-49.111300,GOES-19,2026-09-29 19:20:00
-0.839900,-48.725000,GOES-19,2026-09-29 19:20:00
-2.383300,-45.613000,GOES-19,2026-09-29 19:20:00
-8.720300,-46.847700,GOES-19,2026-09-29 19:20:00
-6.979500,-71.773200,GOES-19,2026-09-29 19:20:00
-7.454200,-45.805200,GOES-19,2026-09-29 19:20:00
-7.473000,-45.803500,GOES-19,2026-09-29 19:20:00
-7.787400,-71.985100,GOES-19,2026-09-29 19:20:00
-9.078600,-49.863900,GOES-19,2026-09-29 19:20:00
-9.078300,-51.534600,GOES-19,2026-09-29 19:20:00
-9.115700,-49.903200,GOES-19,2026-09-29 19:20:00
-10.060600,-46.880600,GOES-19,2026-09-29 19:20:00
-10.187800,-49.991800,GOES-19,2026-09-29 19:20:00
-10.669100,-50.731600,GOES-19,2026-09-29 19:20:00
-10.705600,-50.834100,GOES-19,2026-09-29 19:20:00
-10.818700,-57.219200,GOES-19,2026-09-29 19:20:00
-10.934000,-50.725200,GOES-19,2026-09-29 19:20:00
-10.971600,-50.742400,GOES-19,2026-09-29 19:20:00
-11.047800,-50.713000,GOES-19,2026-09-29 19:20:00
-11.066700,-50.711000,GOES-19,2026-09-29 19:20:00
-11.085700,-50.709000,GOES-19,2026-09-29 19:20:00
-11.173800,-51.188000,GOES-19,2026-09-29 19:20:00
-11.181500,-50.634700,GOES-19,2026-09-29 19:20:00
-11.829200,-46.903300,GOES-19,2026-09-29 19:20:00
-12.066200,-46.464300,GOES-19,2026-09-29 19:20:00
-12.085400,-46.461600,GOES-19,2026-09-29 19:20:00
-12.607800,-47.265300,GOES-19,2026-09-29 19:20:00
4.030600,-58.547300,GOES-19,2026-09-29 19:10:00
4.030700,-58.528000,GOES-19,2026-09-29 19:10:00
-5.808100,-78.508600,GOES-19,2026-09-29 19:10:00
-6.574400,-75.553500,GOES-19,2026-09-29 19:10:00
-6.574400,-75.535300,GOES-19,2026-09-29 19:10:00
-6.592700,-75.535300,GOES-19,2026-09-29 19:10:00
-8.024700,-75.300600,GOES-19,2026-09-29 19:10:00
-8.043100,-75.300600,GOES-19,2026-09-29 19:10:00
-9.057600,-74.643600,GOES-19,2026-09-29 19:10:00
-15.300600,-65.043900,GOES-19,2026-09-29 19:10:00
-15.334900,-63.340400,GOES-19,2026-09-29 19:10:00
-15.354000,-63.358500,GOES-19,2026-09-29 19:10:00
-15.354100,-63.339100,GOES-19,2026-09-29 19:10:00
-15.703400,-61.297800,GOES-19,2026-09-29 19:10:00
-15.722700,-61.296200,GOES-19,2026-09-29 19:10:00
-15.742100,-61.294600,GOES-19,2026-09-29 19:10:00
-16.082200,-63.892300,GOES-19,2026-09-29 19:10:00
-16.101500,-63.891000,GOES-19,2026-09-29 19:10:00
-16.448100,-64.120500,GOES-19,2026-09-29 19:10:00
-16.596200,-61.222100,GOES-19,2026-09-29 19:10:00
-16.716300,-62.613900,GOES-19,2026-09-29 19:10:00
-16.919800,-61.847700,GOES-19,2026-09-29 19:10:00
-16.920100,-61.827900,GOES-19,2026-09-29 19:10:00
-16.939600,-61.826300,GOES-19,2026-09-29 19:10:00
-17.139800,-63.092100,GOES-19,2026-09-29 19:10:00
-17.140000,-63.072400,GOES-19,2026-09-29 19:10:00
-17.258000,-61.342000,GOES-19,2026-09-29 19:10:00
-17.275600,-60.001500,GOES-19,2026-09-29 19:10:00
-17.275900,-59.981400,GOES-19,2026-09-29 19:10:00
-17.277600,-61.340300,GOES-19,2026-09-29 19:10:00
-17.277800,-61.320400,GOES-19,2026-09-29 19:10:00
-17.293300,-60.140300,GOES-19,2026-09-29 19:10:00
-17.293600,-60.120200,GOES-19,2026-09-29 19:10:00
-17.295500,-59.979500,GOES-19,2026-09-29 19:10:00
-17.266700,-64.024300,GOES-19,2026-09-29 19:10:00
-17.312900,-60.138300,GOES-19,2026-09-29 19:10:00
-17.313200,-60.118200,GOES-19,2026-09-29 19:10:00
-17.314300,-60.037800,GOES-19,2026-09-29 19:10:00
-17.314500,-60.017700,GOES-19,2026-09-29 19:10:00
-17.633100,-59.683400,GOES-19,2026-09-29 19:10:00
-20.256900,-58.497500,GOES-19,2026-09-29 19:10:00
-20.257200,-58.476700,GOES-19,2026-09-29 19:10:00
-20.277000,-58.494800,GOES-19,2026-09-29 19:10:00
-20.277400,-58.474100,GOES-19,2026-09-29 19:10:00
-20.358900,-58.421900,GOES-19,2026-09-29 19:10:00
-20.489200,-59.047200,GOES-19,2026-09-29 19:10:00
-11.699000,-43.441600,GOES-19,2026-09-29 19:10:00
-3.288800,-42.879500,GOES-19,2026-09-29 19:10:00
-7.113700,-35.119200,GOES-19,2026-09-29 19:10:00
-9.065200,-45.006200,GOES-19,2026-09-29 19:10:00
-9.188300,-45.675600,GOES-19,2026-09-29 19:10:00
-9.434000,-41.835600,GOES-19,2026-09-29 19:10:00
-9.453100,-41.833000,GOES-19,2026-09-29 19:10:00
-10.105100,-43.930600,GOES-19,2026-09-29 19:10:00
-10.124100,-43.928000,GOES-19,2026-09-29 19:10:00
-10.284300,-44.627400,GOES-19,2026-09-29 19:10:00
-10.519700,-45.378400,GOES-19,2026-09-29 19:10:00
-11.190700,-45.127400,GOES-19,2026-09-29 19:10:00
-11.256100,-43.556800,GOES-19,2026-09-29 19:10:00
-11.256600,-43.533100,GOES-19,2026-09-29 19:10:00
-11.640400,-43.498100,GOES-19,2026-09-29 19:10:00
-11.658800,-43.542500,GOES-19,2026-09-29 19:10:00
-11.659200,-43.518800,GOES-19,2026-09-29 19:10:00
-11.698600,-43.465400,GOES-19,2026-09-29 19:10:00
-11.717800,-43.462300,GOES-19,2026-09-29 19:10:00
-11.816700,-43.304400,GOES-19,2026-09-29 19:10:00
-12.434600,-44.173300,GOES-19,2026-09-29 19:10:00
-12.435100,-44.149700,GOES-19,2026-09-29 19:10:00
-12.514000,-43.070300,GOES-19,2026-09-29 19:10:00
-12.533400,-43.067000,GOES-19,2026-09-29 19:10:00
-13.364100,-44.016600,GOES-19,2026-09-29 19:10:00
-13.383500,-44.013200,GOES-19,2026-09-29 19:10:00
-13.366200,-46.813900,GOES-19,2026-09-29 19:10:00
-15.079300,-48.338900,GOES-19,2026-09-29 19:10:00
-15.754700,-46.034700,GOES-19,2026-09-29 19:10:00
1.840300,-55.604600,GOES-19,2026-09-29 19:10:00
1.840400,-55.584900,GOES-19,2026-09-29 19:10:00
-0.488900,-49.132700,GOES-19,2026-09-29 19:10:00
-0.488900,-49.111400,GOES-19,2026-09-29 19:10:00
-0.507300,-49.132600,GOES-19,2026-09-29 19:10:00
-0.507300,-49.111300,GOES-19,2026-09-29 19:10:00
-0.839900,-48.725000,GOES-19,2026-09-29 19:10:00
-1.802000,-47.937000,GOES-19,2026-09-29 19:10:00
-4.149700,-45.498000,GOES-19,2026-09-29 19:10:00
-8.228300,-72.821000,GOES-19,2026-09-29 19:10:00
-8.505100,-72.472100,GOES-19,2026-09-29 19:10:00
-8.929200,-49.792000,GOES-19,2026-09-29 19:10:00
-8.929400,-49.770600,GOES-19,2026-09-29 19:10:00
-9.078600,-49.863900,GOES-19,2026-09-29 19:10:00
-9.096900,-49.904900,GOES-19,2026-09-29 19:10:00
-9.115700,-49.903200,GOES-19,2026-09-29 19:10:00
-9.412100,-45.899400,GOES-19,2026-09-29 19:10:00
-10.669100,-50.731600,GOES-19,2026-09-29 19:10:00
-10.705600,-50.834100,GOES-19,2026-09-29 19:10:00
-10.885100,-50.153900,GOES-19,2026-09-29 19:10:00
-10.818700,-57.219200,GOES-19,2026-09-29 19:10:00
-10.934000,-50.725200,GOES-19,2026-09-29 19:10:00
-10.971900,-50.721100,GOES-19,2026-09-29 19:10:00
-11.085700,-50.709000,GOES-19,2026-09-29 19:10:00
-11.173800,-51.188000,GOES-19,2026-09-29 19:10:00
-12.066200,-46.464300,GOES-19,2026-09-29 19:10:00
8.533900,-63.521600,GOES-19,2026-09-29 19:00:00
4.074600,-73.112500,GOES-19,2026-09-29 19:00:00
4.074600,-73.094400,GOES-19,2026-09-29 19:00:00
4.056400,-73.094500,GOES-19,2026-09-29 19:00:00
4.030600,-58.547300,GOES-19,2026-09-29 19:00:00
4.030700,-58.528000,GOES-19,2026-09-29 19:00:00
4.012300,-58.528400,GOES-19,2026-09-29 19:00:00
3.638900,-71.396000,GOES-19,2026-09-29 19:00:00
-5.954000,-78.182600,GOES-19,2026-09-29 19:00:00
-5.954000,-78.164500,GOES-19,2026-09-29 19:00:00
-6.574400,-75.553500,GOES-19,2026-09-29 19:00:00
-6.574400,-75.535300,GOES-19,2026-09-29 19:00:00
-8.043100,-75.300600,GOES-19,2026-09-29 19:00:00
-16.939600,-61.826300,GOES-19,2026-09-29 19:00:00
-14.315000,-63.754100,GOES-19,2026-09-29 19:00:00
-14.423400,-62.353500,GOES-19,2026-09-29 19:00:00
-14.423600,-62.334000,GOES-19,2026-09-29 19:00:00
-14.442400,-62.371600,GOES-19,2026-09-29 19:00:00
-14.442600,-62.352200,GOES-19,2026-09-29 19:00:00
-14.442800,-62.332700,GOES-19,2026-09-29 19:00:00
-15.300600,-65.043900,GOES-19,2026-09-29 19:00:00
-15.354000,-63.358500,GOES-19,2026-09-29 19:00:00
-15.354100,-63.339100,GOES-19,2026-09-29 19:00:00
-15.414500,-61.242500,GOES-19,2026-09-29 19:00:00
-15.471300,-61.336300,GOES-19,2026-09-29 19:00:00
-15.500100,-62.236800,GOES-19,2026-09-29 19:00:00
-15.519400,-62.235300,GOES-19,2026-09-29 19:00:00
-15.628300,-61.106800,GOES-19,2026-09-29 19:00:00
-15.628600,-61.087000,GOES-19,2026-09-29 19:00:00
-15.722700,-61.296200,GOES-19,2026-09-29 19:00:00
-16.101300,-63.910500,GOES-19,2026-09-29 19:00:00
-16.101500,-63.891000,GOES-19,2026-09-29 19:00:00
-16.377600,-63.403900,GOES-19,2026-09-29 19:00:00
-16.415600,-61.692500,GOES-19,2026-09-29 19:00:00
-16.448100,-64.120500,GOES-19,2026-09-29 19:00:00
-16.467600,-64.119200,GOES-19,2026-09-29 19:00:00
-16.716300,-62.613900,GOES-19,2026-09-29 19:00:00
-16.842500,-61.795000,GOES-19,2026-09-29 19:00:00
-16.842700,-61.775200,GOES-19,2026-09-29 19:00:00
-16.862400,-61.753700,GOES-19,2026-09-29 19:00:00
-16.881700,-61.771800,GOES-19,2026-09-29 19:00:00
-17.258000,-61.342000,GOES-19,2026-09-29 19:00:00
-17.277300,-61.360200,GOES-19,2026-09-29 19:00:00
-17.277600,-61.340300,GOES-19,2026-09-29 19:00:00
-17.293300,-60.140300,GOES-19,2026-09-29 19:00:00
-17.293600,-60.120200,GOES-19,2026-09-29 19:00:00
-17.296900,-61.358400,GOES-19,2026-09-29 19:00:00
-17.297200,-61.338500,GOES-19,2026-09-29 19:00:00
-17.312900,-60.138300,GOES-19,2026-09-29 19:00:00
-17.313200,-60.118200,GOES-19,2026-09-29 19:00:00
-17.469300,-60.162900,GOES-19,2026-09-29 19:00:00
-17.469600,-60.142800,GOES-19,2026-09-29 19:00:00
-17.489000,-60.161000,GOES-19,2026-09-29 19:00:00
-17.489300,-60.140900,GOES-19,2026-09-29 19:00:00
-20.238900,-58.375400,GOES-19,2026-09-29 19:00:00
-20.239200,-58.354600,GOES-19,2026-09-29 19:00:00
-20.256900,-58.497500,GOES-19,2026-09-29 19:00:00
-20.257200,-58.476700,GOES-19,2026-09-29 19:00:00
-20.259100,-58.372700,GOES-19,2026-09-29 19:00:00
-20.259400,-58.351900,GOES-19,2026-09-29 19:00:00
-20.280000,-58.328500,GOES-19,2026-09-29 19:00:00
-20.280400,-58.307700,GOES-19,2026-09-29 19:00:00
-20.489200,-59.047200,GOES-19,2026-09-29 19:00:00
-20.650100,-59.088700,GOES-19,2026-09-29 19:00:00
-20.650400,-59.068000,GOES-19,2026-09-29 19:00:00
-20.670300,-59.086100,GOES-19,2026-09-29 19:00:00
-20.670700,-59.065400,GOES-19,2026-09-29 19:00:00
-20.690900,-59.062800,GOES-19,2026-09-29 19:00:00
-23.590000,-55.968400,GOES-19,2026-09-29 19:00:00
-3.288800,-42.879500,GOES-19,2026-09-29 19:00:00
-9.065200,-45.006200,GOES-19,2026-09-29 19:00:00
-9.125500,-44.747000,GOES-19,2026-09-29 19:00:00
-10.284300,-44.627400,GOES-19,2026-09-29 19:00:00
-10.711200,-45.307500,GOES-19,2026-09-29 19:00:00
-10.907000,-43.843300,GOES-19,2026-09-29 19:00:00
-10.963700,-43.882100,GOES-19,2026-09-29 19:00:00
-11.127300,-43.268700,GOES-19,2026-09-29 19:00:00
-11.158300,-44.785900,GOES-19,2026-09-29 19:00:00
-11.194200,-46.063700,GOES-19,2026-09-29 19:00:00
-11.256100,-43.556800,GOES-19,2026-09-29 19:00:00
-11.620700,-43.524800,GOES-19,2026-09-29 19:00:00
-11.621200,-43.501100,GOES-19,2026-09-29 19:00:00
-11.640000,-43.521800,GOES-19,2026-09-29 19:00:00
-11.640400,-43.498100,GOES-19,2026-09-29 19:00:00
-11.658800,-43.542500,GOES-19,2026-09-29 19:00:00
-11.659200,-43.518800,GOES-19,2026-09-29 19:00:00
-11.698600,-43.465400,GOES-19,2026-09-29 19:00:00
-11.699000,-43.441600,GOES-19,2026-09-29 19:00:00
-11.717800,-43.462300,GOES-19,2026-09-29 19:00:00
-11.816700,-43.304400,GOES-19,2026-09-29 19:00:00
-12.434600,-44.173300,GOES-19,2026-09-29 19:00:00
-12.435100,-44.149700,GOES-19,2026-09-29 19:00:00
-12.514000,-43.070300,GOES-19,2026-09-29 19:00:00
-12.533400,-43.067000,GOES-19,2026-09-29 19:00:00
-13.366200,-46.813900,GOES-19,2026-09-29 19:00:00
-14.111500,-46.283400,GOES-19,2026-09-29 19:00:00
-15.198600,-41.422800,GOES-19,2026-09-29 19:00:00
-15.569000,-41.563700,GOES-19,2026-09-29 19:00:00
-15.984400,-48.027000,GOES-19,2026-09-29 19:00:00
2.569000,-50.848000,GOES-19,2026-09-29 19:00:00
1.979300,-50.840000,GOES-19,2026-09-29 19:00:00
1.858700,-55.584600,GOES-19,2026-09-29 19:00:00
1.840300,-55.624400,GOES-19,2026-09-29 19:00:00
1.840400,-55.584900,GOES-19,2026-09-29 19:00:00
0.322000,-51.086900,GOES-19,2026-09-29 19:00:00
0.322000,-51.066100,GOES-19,2026-09-29 19:00:00
-0.488900,-49.132700,GOES-19,2026-09-29 19:00:00
-0.488900,-49.111400,GOES-19,2026-09-29 19:00:00
-0.507300,-49.132600,GOES-19,2026-09-29 19:00:00
-0.507300,-49.111300,GOES-19,2026-09-29 19:00:00
-0.839900,-48.725000,GOES-19,2026-09-29 19:00:00
-1.802000,-47.937000,GOES-19,2026-09-29 19:00:00
-4.029400,-46.948400,GOES-19,2026-09-29 19:00:00
-4.149700,-45.498000,GOES-19,2026-09-29 19:00:00
-4.149800,-45.475500,GOES-19,2026-09-29 19:00:00
-6.979500,-71.773200,GOES-19,2026-09-29 19:00:00
-7.787400,-71.985100,GOES-19,2026-09-29 19:00:00
-8.228300,-72.821000,GOES-19,2026-09-29 19:00:00
-8.505100,-72.472100,GOES-19,2026-09-29 19:00:00
-8.910600,-49.772300,GOES-19,2026-09-29 19:00:00
-8.929200,-49.792000,GOES-19,2026-09-29 19:00:00
-8.929400,-49.770600,GOES-19,2026-09-29 19:00:00
-8.948000,-49.790300,GOES-19,2026-09-29 19:00:00
-9.073900,-47.189000,GOES-19,2026-09-29 19:00:00
-9.078300,-49.885300,GOES-19,2026-09-29 19:00:00
-9.078600,-49.863900,GOES-19,2026-09-29 19:00:00
-9.096900,-49.904900,GOES-19,2026-09-29 19:00:00
-9.115700,-49.903200,GOES-19,2026-09-29 19:00:00
-9.940700,-50.144900,GOES-19,2026-09-29 19:00:00
-10.060600,-46.880600,GOES-19,2026-09-29 19:00:00
-10.669100,-50.731600,GOES-19,2026-09-29 19:00:00
-10.705600,-50.834100,GOES-19,2026-09-29 19:00:00
-10.934000,-50.725200,GOES-19,2026-09-29 19:00:00
-10.953300,-50.701800,GOES-19,2026-09-29 19:00:00
-11.047800,-50.713000,GOES-19,2026-09-29 19:00:00
-11.066700,-50.711000,GOES-19,2026-09-29 19:00:00
-11.086000,-50.687600,GOES-19,2026-09-29 19:00:00
-11.173800,-51.188000,GOES-19,2026-09-29 19:00:00
-11.181500,-50.634700,GOES-19,2026-09-29 19:00:00
-15.334900,-63.340400,GOES-19,2026-09-29 18:50:00
8.256700,-63.475100,GOES-19,2026-09-29 18:50:00
8.238200,-63.475800,GOES-19,2026-09-29 18:50:00
4.030600,-58.547300,GOES-19,2026-09-29 18:50:00
3.864100,-59.013500,GOES-19,2026-09-29 18:50:00
2.095900,-56.054600,GOES-19,2026-09-29 18:50:00
2.077600,-56.054800,GOES-19,2026-09-29 18:50:00
-5.789700,-78.453900,GOES-19,2026-09-29 18:50:00
-5.844400,-78.254500,GOES-19,2026-09-29 18:50:00
-6.574400,-75.535300,GOES-19,2026-09-29 18:50:00
-8.043100,-75.318800,GOES-19,2026-09-29 18:50:00
-8.669700,-75.063900,GOES-19,2026-09-29 18:50:00
-14.315000,-63.754100,GOES-19,2026-09-29 18:50:00
-14.423400,-62.353500,GOES-19,2026-09-29 18:50:00
-14.442800,-62.332700,GOES-19,2026-09-29 18:50:00
-14.461900,-62.331400,GOES-19,2026-09-29 18:50:00
-15.185100,-65.069800,GOES-19,2026-09-29 18:50:00
-15.354000,-63.358500,GOES-19,2026-09-29 18:50:00
-15.354100,-63.339100,GOES-19,2026-09-29 18:50:00
-15.394800,-61.283500,GOES-19,2026-09-29 18:50:00
-15.414500,-61.242500,GOES-19,2026-09-29 18:50:00
-15.415400,-61.163700,GOES-19,2026-09-29 18:50:00
-15.452200,-61.318200,GOES-19,2026-09-29 18:50:00
-15.471500,-61.316600,GOES-19,2026-09-29 18:50:00
-15.472200,-61.257500,GOES-19,2026-09-29 18:50:00
-15.472400,-61.237800,GOES-19,2026-09-29 18:50:00
-15.569000,-61.229900,GOES-19,2026-09-29 18:50:00
-15.607200,-61.266200,GOES-19,2026-09-29 18:50:00
-15.609000,-61.108400,GOES-19,2026-09-29 18:50:00
-15.609200,-61.088600,GOES-19,2026-09-29 18:50:00
-15.702100,-61.416100,GOES-19,2026-09-29 18:50:00
-15.722700,-61.296200,GOES-19,2026-09-29 18:50:00
-15.702800,-65.290500,GOES-19,2026-09-29 18:50:00
-16.082000,-63.911800,GOES-19,2026-09-29 18:50:00
-16.082200,-63.892300,GOES-19,2026-09-29 18:50:00
-16.101300,-63.910500,GOES-19,2026-09-29 18:50:00
-16.448100,-64.120500,GOES-19,2026-09-29 18:50:00
-16.467600,-64.119200,GOES-19,2026-09-29 18:50:00
-16.673300,-62.990400,GOES-19,2026-09-29 18:50:00
-16.881700,-61.771800,GOES-19,2026-09-29 18:50:00
-16.920100,-61.827900,GOES-19,2026-09-29 18:50:00
-16.939600,-61.826300,GOES-19,2026-09-29 18:50:00
-17.139800,-63.092100,GOES-19,2026-09-29 18:50:00
-17.258000,-61.342000,GOES-19,2026-09-29 18:50:00
-17.293300,-60.140300,GOES-19,2026-09-29 18:50:00
-17.293600,-60.120200,GOES-19,2026-09-29 18:50:00
-17.294700,-60.039800,GOES-19,2026-09-29 18:50:00
-17.295500,-59.979500,GOES-19,2026-09-29 18:50:00
-17.313200,-60.118200,GOES-19,2026-09-29 18:50:00
-17.314300,-60.037800,GOES-19,2026-09-29 18:50:00
-17.469600,-60.142800,GOES-19,2026-09-29 18:50:00
-17.489000,-60.161000,GOES-19,2026-09-29 18:50:00
-18.368800,-62.077800,GOES-19,2026-09-29 18:50:00
-18.369100,-62.057900,GOES-19,2026-09-29 18:50:00
-18.388600,-62.076000,GOES-19,2026-09-29 18:50:00
-18.388900,-62.056100,GOES-19,2026-09-29 18:50:00
-18.408400,-62.074200,GOES-19,2026-09-29 18:50:00
-18.408600,-62.054300,GOES-19,2026-09-29 18:50:00
-20.219100,-58.357300,GOES-19,2026-09-29 18:50:00
-20.239200,-58.354600,GOES-19,2026-09-29 18:50:00
-20.257200,-58.476700,GOES-19,2026-09-29 18:50:00
-20.259100,-58.372700,GOES-19,2026-09-29 18:50:00
-20.650400,-59.068000,GOES-19,2026-09-29 18:50:00
-20.670300,-59.086100,GOES-19,2026-09-29 18:50:00
-20.670700,-59.065400,GOES-19,2026-09-29 18:50:00
-20.671000,-59.044600,GOES-19,2026-09-29 18:50:00
-3.288800,-42.879500,GOES-19,2026-09-29 18:50:00
-5.523400,-39.846500,GOES-19,2026-09-29 18:50:00
-10.124100,-43.928000,GOES-19,2026-09-29 18:50:00
-10.284300,-44.627400,GOES-19,2026-09-29 18:50:00
-10.519700,-45.378400,GOES-19,2026-09-29 18:50:00
-10.520100,-45.355400,GOES-19,2026-09-29 18:50:00
-10.725500,-44.429100,GOES-19,2026-09-29 18:50:00
-10.963700,-43.882100,GOES-19,2026-09-29 18:50:00
-11.127300,-43.268700,GOES-19,2026-09-29 18:50:00
-11.158300,-44.785900,GOES-19,2026-09-29 18:50:00
-11.256100,-43.556800,GOES-19,2026-09-29 18:50:00
-11.256600,-43.533100,GOES-19,2026-09-29 18:50:00
-11.275800,-43.530300,GOES-19,2026-09-29 18:50:00
-11.429800,-43.483300,GOES-19,2026-09-29 18:50:00
-11.449000,-43.480300,GOES-19,2026-09-29 18:50:00
-11.620700,-43.524800,GOES-19,2026-09-29 18:50:00
-11.621200,-43.501100,GOES-19,2026-09-29 18:50:00
-11.640400,-43.498100,GOES-19,2026-09-29 18:50:00
-11.678400,-43.515800,GOES-19,2026-09-29 18:50:00
-11.717800,-43.462300,GOES-19,2026-09-29 18:50:00
-11.816700,-43.304400,GOES-19,2026-09-29 18:50:00
-12.434600,-44.173300,GOES-19,2026-09-29 18:50:00
-12.435100,-44.149700,GOES-19,2026-09-29 18:50:00
-15.198600,-41.422800,GOES-19,2026-09-29 18:50:00
2.569000,-50.848000,GOES-19,2026-09-29 18:50:00
1.693200,-55.922300,GOES-19,2026-09-29 18:50:00
1.674900,-55.922500,GOES-19,2026-09-29 18:50:00
-0.488900,-49.132700,GOES-19,2026-09-29 18:50:00
-0.507300,-49.132600,GOES-19,2026-09-29 18:50:00
-0.507300,-49.111300,GOES-19,2026-09-29 18:50:00
-1.783500,-47.937300,GOES-19,2026-09-29 18:50:00
-4.029400,-46.948400,GOES-19,2026-09-29 18:50:00
-7.787400,-72.003300,GOES-19,2026-09-29 18:50:00
-7.787400,-71.985100,GOES-19,2026-09-29 18:50:00
-7.861300,-71.765400,GOES-19,2026-09-29 18:50:00
-8.228300,-72.821000,GOES-19,2026-09-29 18:50:00
-8.505100,-72.472100,GOES-19,2026-09-29 18:50:00
-8.929400,-49.770600,GOES-19,2026-09-29 18:50:00
-9.078300,-51.534600,GOES-19,2026-09-29 18:50:00
-9.133700,-49.965600,GOES-19,2026-09-29 18:50:00
-9.959500,-50.143100,GOES-19,2026-09-29 18:50:00
-10.650500,-50.712300,GOES-19,2026-09-29 18:50:00
-10.705600,-50.834100,GOES-19,2026-09-29 18:50:00
-10.791600,-48.737700,GOES-19,2026-09-29 18:50:00
-10.885100,-50.153900,GOES-19,2026-09-29 18:50:00
-11.181500,-50.634700,GOES-19,2026-09-29 18:50:00
-8.043100,-75.318800,GOES-19,2026-09-29 18:40:00
-6.574400,-75.535300,GOES-19,2026-09-29 18:40:00
11.020500,-68.340000,GOES-19,2026-09-29 18:40:00
8.036800,-63.106100,GOES-19,2026-09-29 18:40:00
4.093200,-72.244500,GOES-19,2026-09-29 18:40:00
4.030600,-58.547300,GOES-19,2026-09-29 18:40:00
4.012300,-58.547700,GOES-19,2026-09-29 18:40:00
3.939400,-58.414400,GOES-19,2026-09-29 18:40:00
2.095900,-56.054600,GOES-19,2026-09-29 18:40:00
1.949500,-55.978000,GOES-19,2026-09-29 18:40:00
-5.844400,-78.254500,GOES-19,2026-09-29 18:40:00
-6.574400,-75.553500,GOES-19,2026-09-29 18:40:00
-7.675700,-76.665500,GOES-19,2026-09-29 18:40:00
-7.675700,-76.647300,GOES-19,2026-09-29 18:40:00
-8.024700,-75.300600,GOES-19,2026-09-29 18:40:00
-8.043100,-75.300600,GOES-19,2026-09-29 18:40:00
-14.423200,-62.372900,GOES-19,2026-09-29 18:40:00
-14.442400,-62.371600,GOES-19,2026-09-29 18:40:00
-14.527300,-63.528700,GOES-19,2026-09-29 18:40:00
-14.546200,-63.546800,GOES-19,2026-09-29 18:40:00
-15.452200,-61.318200,GOES-19,2026-09-29 18:40:00
-15.471500,-61.316600,GOES-19,2026-09-29 18:40:00
-15.471800,-61.296900,GOES-19,2026-09-29 18:40:00
-15.589700,-61.110000,GOES-19,2026-09-29 18:40:00
-15.589900,-61.090200,GOES-19,2026-09-29 18:40:00
-15.609000,-61.108400,GOES-19,2026-09-29 18:40:00
-15.609200,-61.088600,GOES-19,2026-09-29 18:40:00
-15.628600,-61.087000,GOES-19,2026-09-29 18:40:00
-15.628800,-61.067300,GOES-19,2026-09-29 18:40:00
-15.713800,-62.103000,GOES-19,2026-09-29 18:40:00
-15.702800,-65.290500,GOES-19,2026-09-29 18:40:00
-15.733100,-62.101500,GOES-19,2026-09-29 18:40:00
-16.082000,-63.911800,GOES-19,2026-09-29 18:40:00
-16.377600,-63.403900,GOES-19,2026-09-29 18:40:00
-16.434600,-61.730400,GOES-19,2026-09-29 18:40:00
-16.434800,-61.710700,GOES-19,2026-09-29 18:40:00
-16.448100,-64.120500,GOES-19,2026-09-29 18:40:00
-16.467600,-64.119200,GOES-19,2026-09-29 18:40:00
-16.842500,-61.795000,GOES-19,2026-09-29 18:40:00
-16.862000,-61.793300,GOES-19,2026-09-29 18:40:00
-16.919800,-61.847700,GOES-19,2026-09-29 18:40:00
-16.920100,-61.827900,GOES-19,2026-09-29 18:40:00
-16.939600,-61.826300,GOES-19,2026-09-29 18:40:00
-17.257800,-61.362000,GOES-19,2026-09-29 18:40:00
-17.293300,-60.140300,GOES-19,2026-09-29 18:40:00
-17.293600,-60.120200,GOES-19,2026-09-29 18:40:00
-17.295200,-59.999600,GOES-19,2026-09-29 18:40:00
-17.295500,-59.979500,GOES-19,2026-09-29 18:40:00
-17.308800,-60.439400,GOES-19,2026-09-29 18:40:00
-17.314500,-60.017700,GOES-19,2026-09-29 18:40:00
-17.469100,-60.183000,GOES-19,2026-09-29 18:40:00
-17.469300,-60.162900,GOES-19,2026-09-29 18:40:00
-17.469600,-60.142800,GOES-19,2026-09-29 18:40:00
-17.489000,-60.161000,GOES-19,2026-09-29 18:40:00
-17.489300,-60.140900,GOES-19,2026-09-29 18:40:00
-18.368800,-62.077800,GOES-19,2026-09-29 18:40:00
-18.369100,-62.057900,GOES-19,2026-09-29 18:40:00
-18.388900,-62.056100,GOES-19,2026-09-29 18:40:00
-20.239200,-58.354600,GOES-19,2026-09-29 18:40:00
-20.469000,-59.049800,GOES-19,2026-09-29 18:40:00
-20.488900,-59.067900,GOES-19,2026-09-29 18:40:00
-20.489200,-59.047200,GOES-19,2026-09-29 18:40:00
-8.982300,-44.163300,GOES-19,2026-09-29 18:40:00
-9.434000,-41.835600,GOES-19,2026-09-29 18:40:00
-9.861300,-44.957700,GOES-19,2026-09-29 18:40:00
-10.105100,-43.930600,GOES-19,2026-09-29 18:40:00
-10.284300,-44.627400,GOES-19,2026-09-29 18:40:00
-10.519700,-45.378400,GOES-19,2026-09-29 18:40:00
-10.520100,-45.355400,GOES-19,2026-09-29 18:40:00
-10.963700,-43.882100,GOES-19,2026-09-29 18:40:00
-11.449500,-43.456600,GOES-19,2026-09-29 18:40:00
-11.127300,-43.268700,GOES-19,2026-09-29 18:40:00
-11.195800,-44.826900,GOES-19,2026-09-29 18:40:00
-11.256100,-43.556800,GOES-19,2026-09-29 18:40:00
-11.256600,-43.533100,GOES-19,2026-09-29 18:40:00
-11.275300,-43.553900,GOES-19,2026-09-29 18:40:00
-11.275800,-43.530300,GOES-19,2026-09-29 18:40:00
-11.393100,-43.394200,GOES-19,2026-09-29 18:40:00
-11.411900,-43.415000,GOES-19,2026-09-29 18:40:00
-11.429800,-43.483300,GOES-19,2026-09-29 18:40:00
-11.430700,-43.435800,GOES-19,2026-09-29 18:40:00
-11.431100,-43.412100,GOES-19,2026-09-29 18:40:00
-11.449000,-43.480300,GOES-19,2026-09-29 18:40:00
-11.620700,-43.524800,GOES-19,2026-09-29 18:40:00
-11.621200,-43.501100,GOES-19,2026-09-29 18:40:00
-11.640000,-43.521800,GOES-19,2026-09-29 18:40:00
-11.640400,-43.498100,GOES-19,2026-09-29 18:40:00
-11.678400,-43.515800,GOES-19,2026-09-29 18:40:00
-11.698600,-43.465400,GOES-19,2026-09-29 18:40:00
-11.699000,-43.441600,GOES-19,2026-09-29 18:40:00
-11.717800,-43.462300,GOES-19,2026-09-29 18:40:00
-11.816700,-43.304400,GOES-19,2026-09-29 18:40:00
-12.336300,-44.282900,GOES-19,2026-09-29 18:40:00
-12.435100,-44.149700,GOES-19,2026-09-29 18:40:00
-14.091500,-46.309600,GOES-19,2026-09-29 18:40:00
-14.111000,-46.306300,GOES-19,2026-09-29 18:40:00
-14.130900,-46.280100,GOES-19,2026-09-29 18:40:00
-15.198600,-41.422800,GOES-19,2026-09-29 18:40:00
-15.754700,-46.034700,GOES-19,2026-09-29 18:40:00
-16.941100,-42.087300,GOES-19,2026-09-29 18:40:00
2.569000,-50.848000,GOES-19,2026-09-29 18:40:00
-0.488900,-49.132700,GOES-19,2026-09-29 18:40:00
-0.507300,-49.132600,GOES-19,2026-09-29 18:40:00
-6.979500,-71.773200,GOES-19,2026-09-29 18:40:00
-7.473000,-45.803500,GOES-19,2026-09-29 18:40:00
-7.787400,-71.985100,GOES-19,2026-09-29 18:40:00
-7.861300,-71.765400,GOES-19,2026-09-29 18:40:00
-8.228300,-72.821000,GOES-19,2026-09-29 18:40:00
-8.505100,-72.472100,GOES-19,2026-09-29 18:40:00
-8.854800,-49.734500,GOES-19,2026-09-29 18:40:00
-8.929400,-49.770600,GOES-19,2026-09-29 18:40:00
-9.078300,-49.885300,GOES-19,2026-09-29 18:40:00
-9.078300,-51.534600,GOES-19,2026-09-29 18:40:00
-9.959500,-50.143100,GOES-19,2026-09-29 18:40:00
-10.650500,-50.712300,GOES-19,2026-09-29 18:40:00
-10.705600,-50.834100,GOES-19,2026-09-29 18:40:00
-10.885100,-50.153900,GOES-19,2026-09-29 18:40:00
-11.024100,-49.708800,GOES-19,2026-09-29 18:40:00
-11.181500,-50.634700,GOES-19,2026-09-29 18:40:00
-11.479100,-49.743000,GOES-19,2026-09-29 18:40:00
-13.180300,-48.540900,GOES-19,2026-09-29 18:40:00
4.093200,-72.244500,GOES-19,2026-09-29 18:30:00
4.030600,-58.547300,GOES-19,2026-09-29 18:30:00
4.030700,-58.528000,GOES-19,2026-09-29 18:30:00
2.095900,-56.054600,GOES-19,2026-09-29 18:30:00
2.077600,-56.054800,GOES-19,2026-09-29 18:30:00
1.948900,-74.072200,GOES-19,2026-09-29 18:30:00
-5.497800,-78.815000,GOES-19,2026-09-29 18:30:00
-5.698500,-78.562200,GOES-19,2026-09-29 18:30:00
-5.698500,-78.544100,GOES-19,2026-09-29 18:30:00
-5.735200,-78.726000,GOES-19,2026-09-29 18:30:00
-6.574400,-75.553500,GOES-19,2026-09-29 18:30:00
-6.574400,-75.535300,GOES-19,2026-09-29 18:30:00
-7.675700,-76.665500,GOES-19,2026-09-29 18:30:00
-7.675700,-76.647300,GOES-19,2026-09-29 18:30:00
-8.024700,-75.318800,GOES-19,2026-09-29 18:30:00
-8.024700,-75.300600,GOES-19,2026-09-29 18:30:00
-8.043100,-75.318800,GOES-19,2026-09-29 18:30:00
-8.061500,-75.318800,GOES-19,2026-09-29 18:30:00
-8.448700,-76.304300,GOES-19,2026-09-29 18:30:00
-14.315000,-63.754100,GOES-19,2026-09-29 18:30:00
-15.299400,-61.192700,GOES-19,2026-09-29 18:30:00
-15.415400,-61.163700,GOES-19,2026-09-29 18:30:00
-15.452200,-61.318200,GOES-19,2026-09-29 18:30:00
-15.471500,-61.316600,GOES-19,2026-09-29 18:30:00
-15.471800,-61.296900,GOES-19,2026-09-29 18:30:00
-15.490800,-61.315100,GOES-19,2026-09-29 18:30:00
-15.609000,-61.108400,GOES-19,2026-09-29 18:30:00
-15.609200,-61.088600,GOES-19,2026-09-29 18:30:00
-15.609500,-61.068900,GOES-19,2026-09-29 18:30:00
-15.628300,-61.106800,GOES-19,2026-09-29 18:30:00
-15.628600,-61.087000,GOES-19,2026-09-29 18:30:00
-15.703200,-61.317500,GOES-19,2026-09-29 18:30:00
-16.082200,-63.892300,GOES-19,2026-09-29 18:30:00
-16.101500,-63.891000,GOES-19,2026-09-29 18:30:00
-16.415600,-61.692500,GOES-19,2026-09-29 18:30:00
-16.448100,-64.120500,GOES-19,2026-09-29 18:30:00
-16.467600,-64.119200,GOES-19,2026-09-29 18:30:00
-16.842500,-61.795000,GOES-19,2026-09-29 18:30:00
-16.842700,-61.775200,GOES-19,2026-09-29 18:30:00
-16.862000,-61.793300,GOES-19,2026-09-29 18:30:00
-16.939800,-61.806500,GOES-19,2026-09-29 18:30:00
-16.959100,-61.824600,GOES-19,2026-09-29 18:30:00
-17.275600,-60.001500,GOES-19,2026-09-29 18:30:00
-17.295500,-59.979500,GOES-19,2026-09-29 18:30:00
-17.296900,-61.358400,GOES-19,2026-09-29 18:30:00
-17.314300,-60.037800,GOES-19,2026-09-29 18:30:00
-17.315100,-59.977500,GOES-19,2026-09-29 18:30:00
-17.469300,-60.162900,GOES-19,2026-09-29 18:30:00
-17.469600,-60.142800,GOES-19,2026-09-29 18:30:00
-17.489000,-60.161000,GOES-19,2026-09-29 18:30:00
-18.369100,-62.057900,GOES-19,2026-09-29 18:30:00
-18.408600,-62.054300,GOES-19,2026-09-29 18:30:00
-19.903200,-58.025300,GOES-19,2026-09-29 18:30:00
-19.922600,-58.064300,GOES-19,2026-09-29 18:30:00
-19.923000,-58.043500,GOES-19,2026-09-29 18:30:00
-19.923400,-58.022700,GOES-19,2026-09-29 18:30:00
-19.963300,-58.038200,GOES-19,2026-09-29 18:30:00
-20.468600,-59.070500,GOES-19,2026-09-29 18:30:00
-20.469000,-59.049800,GOES-19,2026-09-29 18:30:00
-20.488900,-59.067900,GOES-19,2026-09-29 18:30:00
-20.650100,-59.088700,GOES-19,2026-09-29 18:30:00
-20.670700,-59.065400,GOES-19,2026-09-29 18:30:00
-20.671000,-59.044600,GOES-19,2026-09-29 18:30:00
-10.906600,-43.866900,GOES-19,2026-09-29 18:30:00
-8.210200,-45.462100,GOES-19,2026-09-29 18:30:00
-8.361400,-45.424000,GOES-19,2026-09-29 18:30:00
-8.548900,-44.050200,GOES-19,2026-09-29 18:30:00
-8.963300,-44.165500,GOES-19,2026-09-29 18:30:00
-8.982300,-44.163300,GOES-19,2026-09-29 18:30:00
-9.434000,-41.835600,GOES-19,2026-09-29 18:30:00
-10.105100,-43.930600,GOES-19,2026-09-29 18:30:00
-10.124100,-43.928000,GOES-19,2026-09-29 18:30:00
-10.284300,-44.627400,GOES-19,2026-09-29 18:30:00
-10.686900,-44.457600,GOES-19,2026-09-29 18:30:00
-10.725500,-44.429100,GOES-19,2026-09-29 18:30:00
-10.954500,-45.572400,GOES-19,2026-09-29 18:30:00
-11.127300,-43.268700,GOES-19,2026-09-29 18:30:00
-11.256100,-43.556800,GOES-19,2026-09-29 18:30:00
-11.256600,-43.533100,GOES-19,2026-09-29 18:30:00
-11.275300,-43.553900,GOES-19,2026-09-29 18:30:00
-11.275800,-43.530300,GOES-19,2026-09-29 18:30:00
-11.392200,-43.441700,GOES-19,2026-09-29 18:30:00
-11.392700,-43.418000,GOES-19,2026-09-29 18:30:00
-11.393100,-43.394200,GOES-19,2026-09-29 18:30:00
-11.411500,-43.438800,GOES-19,2026-09-29 18:30:00
-11.411900,-43.415000,GOES-19,2026-09-29 18:30:00
-11.431100,-43.412100,GOES-19,2026-09-29 18:30:00
-11.449000,-43.480300,GOES-19,2026-09-29 18:30:00
-11.449500,-43.456600,GOES-19,2026-09-29 18:30:00
-11.620700,-43.524800,GOES-19,2026-09-29 18:30:00
-11.621200,-43.501100,GOES-19,2026-09-29 18:30:00
-11.640400,-43.498100,GOES-19,2026-09-29 18:30:00
-11.659600,-43.495100,GOES-19,2026-09-29 18:30:00
-11.679700,-44.501200,GOES-19,2026-09-29 18:30:00
-11.698600,-43.465400,GOES-19,2026-09-29 18:30:00
-11.699000,-43.441600,GOES-19,2026-09-29 18:30:00
-11.717800,-43.462300,GOES-19,2026-09-29 18:30:00
-11.816700,-43.304400,GOES-19,2026-09-29 18:30:00
-12.434600,-44.173300,GOES-19,2026-09-29 18:30:00
-13.364100,-44.016600,GOES-19,2026-09-29 18:30:00
-14.091500,-46.309600,GOES-19,2026-09-29 18:30:00
-14.111500,-46.283400,GOES-19,2026-09-29 18:30:00
-15.198600,-41.422800,GOES-19,2026-09-29 18:30:00
-15.184700,-46.141000,GOES-19,2026-09-29 18:30:00
-15.185200,-46.117900,GOES-19,2026-09-29 18:30:00
-15.204300,-46.137400,GOES-19,2026-09-29 18:30:00
-15.754700,-46.034700,GOES-19,2026-09-29 18:30:00
-15.947600,-39.957600,GOES-19,2026-09-29 18:30:00
-16.941100,-42.087300,GOES-19,2026-09-29 18:30:00
2.569000,-50.848000,GOES-19,2026-09-29 18:30:00
-0.488900,-49.132700,GOES-19,2026-09-29 18:30:00
-0.507300,-49.132600,GOES-19,2026-09-29 18:30:00
-4.233800,-46.938700,GOES-19,2026-09-29 18:30:00
-6.979500,-71.773200,GOES-19,2026-09-29 18:30:00
-7.787400,-71.985100,GOES-19,2026-09-29 18:30:00
-8.228300,-72.821000,GOES-19,2026-09-29 18:30:00
-8.505100,-72.472100,GOES-19,2026-09-29 18:30:00
-8.854800,-49.734500,GOES-19,2026-09-29 18:30:00
-8.929400,-49.770600,GOES-19,2026-09-29 18:30:00
-9.078300,-49.885300,GOES-19,2026-09-29 18:30:00
-9.078300,-51.534600,GOES-19,2026-09-29 18:30:00
-9.096900,-49.904900,GOES-19,2026-09-29 18:30:00
-9.115700,-49.903200,GOES-19,2026-09-29 18:30:00
-9.133700,-49.965600,GOES-19,2026-09-29 18:30:00
-9.959500,-50.143100,GOES-19,2026-09-29 18:30:00
-10.187800,-49.991800,GOES-19,2026-09-29 18:30:00
-10.206700,-49.989800,GOES-19,2026-09-29 18:30:00
-10.207000,-49.968400,GOES-19,2026-09-29 18:30:00
-10.650500,-50.712300,GOES-19,2026-09-29 18:30:00
-10.696700,-48.748600,GOES-19,2026-09-29 18:30:00
-10.705600,-50.834100,GOES-19,2026-09-29 18:30:00
-10.885100,-50.153900,GOES-19,2026-09-29 18:30:00
-10.934000,-50.725200,GOES-19,2026-09-29 18:30:00
-10.953300,-50.701800,GOES-19,2026-09-29 18:30:00
-11.024100,-49.708800,GOES-19,2026-09-29 18:30:00
-11.181500,-50.634700,GOES-19,2026-09-29 18:30:00
-11.479100,-49.743000,GOES-19,2026-09-29 18:30:00
-11.562800,-50.506900,GOES-19,2026-09-29 18:30:00
-11.783100,-51.036500,GOES-19,2026-09-29 18:30:00
-11.783400,-51.015200,GOES-19,2026-09-29 18:30:00
-11.813200,-49.051900,GOES-19,2026-09-29 18:30:00
-13.180300,-48.540900,GOES-19,2026-09-29 18:30:00
8.239500,-63.230800,GOES-19,2026-09-29 18:20:00
8.239600,-63.211900,GOES-19,2026-09-29 18:20:00
7.137700,-62.117900,GOES-19,2026-09-29 18:20:00
2.095900,-56.054600,GOES-19,2026-09-29 18:20:00
-5.461300,-78.796600,GOES-19,2026-09-29 18:20:00
-5.717000,-78.725900,GOES-19,2026-09-29 18:20:00
-6.574400,-75.535300,GOES-19,2026-09-29 18:20:00
-8.024700,-75.300600,GOES-19,2026-09-29 18:20:00
-8.043100,-75.318800,GOES-19,2026-09-29 18:20:00
-8.043100,-75.300600,GOES-19,2026-09-29 18:20:00
-8.319900,-76.595700,GOES-19,2026-09-29 18:20:00
-9.520800,-73.434700,GOES-19,2026-09-29 18:20:00
-14.396400,-63.189100,GOES-19,2026-09-29 18:20:00
-14.546200,-63.546800,GOES-19,2026-09-29 18:20:00
-15.299400,-61.192700,GOES-19,2026-09-29 18:20:00
-15.587900,-61.267800,GOES-19,2026-09-29 18:20:00
-15.608500,-61.147900,GOES-19,2026-09-29 18:20:00
-15.609000,-61.108400,GOES-19,2026-09-29 18:20:00
-15.628600,-61.087000,GOES-19,2026-09-29 18:20:00
-16.415600,-61.692500,GOES-19,2026-09-29 18:20:00
-16.675800,-61.076200,GOES-19,2026-09-29 18:20:00
-16.842500,-61.795000,GOES-19,2026-09-29 18:20:00
-11.816700,-43.304400,GOES-19,2026-09-29 18:20:00
-16.862200,-61.773500,GOES-19,2026-09-29 18:20:00
-16.862400,-61.753700,GOES-19,2026-09-29 18:20:00
-16.919800,-61.847700,GOES-19,2026-09-29 18:20:00
-16.920100,-61.827900,GOES-19,2026-09-29 18:20:00
-16.939600,-61.826300,GOES-19,2026-09-29 18:20:00
-17.275600,-60.001500,GOES-19,2026-09-29 18:20:00
-17.275900,-59.981400,GOES-19,2026-09-29 18:20:00
-19.985300,-57.931400,GOES-19,2026-09-29 18:20:00
-8.016600,-42.868100,GOES-19,2026-09-29 18:20:00
-8.361700,-45.401300,GOES-19,2026-09-29 18:20:00
-8.645100,-45.348900,GOES-19,2026-09-29 18:20:00
-8.963300,-44.165500,GOES-19,2026-09-29 18:20:00
-10.105100,-43.930600,GOES-19,2026-09-29 18:20:00
-8.982300,-44.163300,GOES-19,2026-09-29 18:20:00
-9.065200,-45.006200,GOES-19,2026-09-29 18:20:00
-10.725500,-44.429100,GOES-19,2026-09-29 18:20:00
-10.906600,-43.866900,GOES-19,2026-09-29 18:20:00
-11.190700,-45.127400,GOES-19,2026-09-29 18:20:00
-11.127300,-43.268700,GOES-19,2026-09-29 18:20:00
-11.195800,-44.826900,GOES-19,2026-09-29 18:20:00
-11.256600,-43.533100,GOES-19,2026-09-29 18:20:00
-11.392200,-43.441700,GOES-19,2026-09-29 18:20:00
-11.431100,-43.412100,GOES-19,2026-09-29 18:20:00
-11.275800,-43.530300,GOES-19,2026-09-29 18:20:00
-11.411900,-43.415000,GOES-19,2026-09-29 18:20:00
-11.449000,-43.480300,GOES-19,2026-09-29 18:20:00
-11.430200,-43.459600,GOES-19,2026-09-29 18:20:00
-12.434600,-44.173300,GOES-19,2026-09-29 18:20:00
-13.364100,-44.016600,GOES-19,2026-09-29 18:20:00
-13.364600,-43.992900,GOES-19,2026-09-29 18:20:00
-12.435100,-44.149700,GOES-19,2026-09-29 18:20:00
-14.111500,-46.283400,GOES-19,2026-09-29 18:20:00
-11.679700,-44.501200,GOES-19,2026-09-29 18:20:00
-11.621200,-43.501100,GOES-19,2026-09-29 18:20:00
-11.699000,-43.441600,GOES-19,2026-09-29 18:20:00
-14.111000,-46.306300,GOES-19,2026-09-29 18:20:00
-11.717800,-43.462300,GOES-19,2026-09-29 18:20:00
-11.449500,-43.456600,GOES-19,2026-09-29 18:20:00
-11.659600,-43.495100,GOES-19,2026-09-29 18:20:00
-11.640400,-43.498100,GOES-19,2026-09-29 18:20:00
-11.698600,-43.465400,GOES-19,2026-09-29 18:20:00
-14.463900,-45.228600,GOES-19,2026-09-29 18:20:00
-19.984900,-57.952200,GOES-19,2026-09-29 18:20:00
-17.295500,-59.979500,GOES-19,2026-09-29 18:20:00
-17.296900,-61.358400,GOES-19,2026-09-29 18:20:00
-18.408400,-62.074200,GOES-19,2026-09-29 18:20:00
-20.004700,-57.970400,GOES-19,2026-09-29 18:20:00
-20.359300,-58.401000,GOES-19,2026-09-29 18:20:00
-20.468600,-59.070500,GOES-19,2026-09-29 18:20:00
-20.469000,-59.049800,GOES-19,2026-09-29 18:20:00
-20.488900,-59.067900,GOES-19,2026-09-29 18:20:00
-20.650400,-59.068000,GOES-19,2026-09-29 18:20:00
-20.690900,-59.062800,GOES-19,2026-09-29 18:20:00
-10.705600,-50.834100,GOES-19,2026-09-29 18:20:00
-11.813200,-49.051900,GOES-19,2026-09-29 18:20:00
-8.854800,-49.734500,GOES-19,2026-09-29 18:20:00
-9.995600,-50.267500,GOES-19,2026-09-29 18:20:00
-10.187800,-49.991800,GOES-19,2026-09-29 18:20:00
-10.934300,-50.703900,GOES-19,2026-09-29 18:20:00
-10.206700,-49.989800,GOES-19,2026-09-29 18:20:00
-10.207000,-49.968400,GOES-19,2026-09-29 18:20:00
-10.915400,-50.705900,GOES-19,2026-09-29 18:20:00
-15.198600,-41.422800,GOES-19,2026-09-29 18:20:00
-11.162500,-50.636700,GOES-19,2026-09-29 18:20:00
2.569000,-50.848000,GOES-19,2026-09-29 18:20:00
-1.430300,-48.910200,GOES-19,2026-09-29 18:20:00
-11.024100,-49.708800,GOES-19,2026-09-29 18:20:00
-7.804700,-73.006000,GOES-19,2026-09-29 18:20:00
-15.754700,-46.034700,GOES-19,2026-09-29 18:20:00
-10.650500,-50.712300,GOES-19,2026-09-29 18:20:00
-11.181500,-50.634700,GOES-19,2026-09-29 18:20:00
-0.488900,-49.132700,GOES-19,2026-09-29 18:20:00
-6.979500,-71.773200,GOES-19,2026-09-29 18:20:00
-9.078300,-49.885300,GOES-19,2026-09-29 18:20:00
-8.375900,-72.619200,GOES-19,2026-09-29 18:20:00
-10.934000,-50.725200,GOES-19,2026-09-29 18:20:00
-11.713500,-50.596600,GOES-19,2026-09-29 18:20:00
-9.959500,-50.143100,GOES-19,2026-09-29 18:20:00
-0.507300,-49.132600,GOES-19,2026-09-29 18:20:00
-10.885100,-50.153900,GOES-19,2026-09-29 18:20:00
5.728500,-60.588600,GOES-19,2026-09-29 18:10:00
3.939400,-58.414400,GOES-19,2026-09-29 18:10:00
3.921100,-58.414900,GOES-19,2026-09-29 18:10:00
3.864100,-59.013500,GOES-19,2026-09-29 18:10:00
2.384400,-75.549700,GOES-19,2026-09-29 18:10:00
2.095900,-56.054600,GOES-19,2026-09-29 18:10:00
1.948900,-74.072200,GOES-19,2026-09-29 18:10:00
-5.716900,-78.689600,GOES-19,2026-09-29 18:10:00
-6.574400,-75.535300,GOES-19,2026-09-29 18:10:00
-8.300900,-74.735600,GOES-19,2026-09-29 18:10:00
-8.319300,-74.735600,GOES-19,2026-09-29 18:10:00
-9.520800,-73.434700,GOES-19,2026-09-29 18:10:00
-9.539300,-73.434600,GOES-19,2026-09-29 18:10:00
-14.396400,-63.189100,GOES-19,2026-09-29 18:10:00
-14.546200,-63.546800,GOES-19,2026-09-29 18:10:00
-15.471800,-61.296900,GOES-19,2026-09-29 18:10:00
-15.587900,-61.267800,GOES-19,2026-09-29 18:10:00
-15.702100,-61.416100,GOES-19,2026-09-29 18:10:00
-16.101300,-63.910500,GOES-19,2026-09-29 18:10:00
-16.415800,-61.672800,GOES-19,2026-09-29 18:10:00
-16.596200,-61.222100,GOES-19,2026-09-29 18:10:00
-16.842500,-61.795000,GOES-19,2026-09-29 18:10:00
-16.842700,-61.775200,GOES-19,2026-09-29 18:10:00
-16.862200,-61.773500,GOES-19,2026-09-29 18:10:00
-16.882000,-61.752000,GOES-19,2026-09-29 18:10:00
-17.052900,-60.563800,GOES-19,2026-09-29 18:10:00
-17.275600,-60.001500,GOES-19,2026-09-29 18:10:00
-17.293600,-60.120200,GOES-19,2026-09-29 18:10:00
-17.308800,-60.439400,GOES-19,2026-09-29 18:10:00
-18.368800,-62.077800,GOES-19,2026-09-29 18:10:00
-18.408600,-62.054300,GOES-19,2026-09-29 18:10:00
-19.942800,-58.061600,GOES-19,2026-09-29 18:10:00
-20.005400,-57.928700,GOES-19,2026-09-29 18:10:00
-20.468600,-59.070500,GOES-19,2026-09-29 18:10:00
-20.469000,-59.049800,GOES-19,2026-09-29 18:10:00
-20.488900,-59.067900,GOES-19,2026-09-29 18:10:00
-20.650400,-59.068000,GOES-19,2026-09-29 18:10:00
-20.670700,-59.065400,GOES-19,2026-09-29 18:10:00
-20.671000,-59.044600,GOES-19,2026-09-29 18:10:00
-9.453100,-41.833000,GOES-19,2026-09-29 18:10:00
-9.453500,-41.808800,GOES-19,2026-09-29 18:10:00
-8.645100,-45.348900,GOES-19,2026-09-29 18:10:00
-11.127300,-43.268700,GOES-19,2026-09-29 18:10:00
-11.256600,-43.533100,GOES-19,2026-09-29 18:10:00
-11.275800,-43.530300,GOES-19,2026-09-29 18:10:00
-11.392200,-43.441700,GOES-19,2026-09-29 18:10:00
-11.411900,-43.415000,GOES-19,2026-09-29 18:10:00
-11.449500,-43.456600,GOES-19,2026-09-29 18:10:00
-11.442500,-44.930300,GOES-19,2026-09-29 18:10:00
-11.621200,-43.501100,GOES-19,2026-09-29 18:10:00
-11.640400,-43.498100,GOES-19,2026-09-29 18:10:00
-11.659600,-43.495100,GOES-19,2026-09-29 18:10:00
-11.699000,-43.441600,GOES-19,2026-09-29 18:10:00
-11.717800,-43.462300,GOES-19,2026-09-29 18:10:00
-11.816700,-43.304400,GOES-19,2026-09-29 18:10:00
-12.434600,-44.173300,GOES-19,2026-09-29 18:10:00
-12.435100,-44.149700,GOES-19,2026-09-29 18:10:00
-12.453900,-44.170200,GOES-19,2026-09-29 18:10:00
-13.383500,-44.013200,GOES-19,2026-09-29 18:10:00
-15.185200,-46.117900,GOES-19,2026-09-29 18:10:00
-15.453300,-41.465300,GOES-19,2026-09-29 18:10:00
-15.454000,-41.440300,GOES-19,2026-09-29 18:10:00
2.569000,-50.848000,GOES-19,2026-09-29 18:10:00
-0.488900,-49.132700,GOES-19,2026-09-29 18:10:00
-0.507300,-49.132600,GOES-19,2026-09-29 18:10:00
-1.023800,-49.234800,GOES-19,2026-09-29 18:10:00
-7.861300,-71.765400,GOES-19,2026-09-29 18:10:00
-8.929400,-49.770600,GOES-19,2026-09-29 18:10:00
-9.096900,-49.904900,GOES-19,2026-09-29 18:10:00
-9.959500,-50.143100,GOES-19,2026-09-29 18:10:00
-9.995600,-50.267500,GOES-19,2026-09-29 18:10:00
-10.187800,-49.991800,GOES-19,2026-09-29 18:10:00
-10.206500,-50.011300,GOES-19,2026-09-29 18:10:00
-10.206700,-49.989800,GOES-19,2026-09-29 18:10:00
-10.207000,-49.968400,GOES-19,2026-09-29 18:10:00
-10.225400,-50.009300,GOES-19,2026-09-29 18:10:00
-10.650500,-50.712300,GOES-19,2026-09-29 18:10:00
-10.705600,-50.834100,GOES-19,2026-09-29 18:10:00
-10.885100,-50.153900,GOES-19,2026-09-29 18:10:00
-10.915400,-50.705900,GOES-19,2026-09-29 18:10:00
-10.953800,-50.659200,GOES-19,2026-09-29 18:10:00
-10.991500,-50.676500,GOES-19,2026-09-29 18:10:00
-11.024100,-49.708800,GOES-19,2026-09-29 18:10:00
-11.400400,-47.452000,GOES-19,2026-09-29 18:10:00
-11.562800,-50.506900,GOES-19,2026-09-29 18:10:00
-11.581800,-50.504700,GOES-19,2026-09-29 18:10:00
-11.694100,-50.620200,GOES-19,2026-09-29 18:10:00
-11.810000,-50.499900,GOES-19,2026-09-29 18:10:00
-11.898900,-50.916900,GOES-19,2026-09-29 18:10:00
-12.061800,-50.212700,GOES-19,2026-09-29 18:10:00
-12.607800,-47.265300,GOES-19,2026-09-29 18:10:00
8.331300,-63.359400,GOES-19,2026-09-29 18:00:00
4.030600,-58.547300,GOES-19,2026-09-29 18:00:00
4.030700,-58.528000,GOES-19,2026-09-29 18:00:00
4.012300,-58.547700,GOES-19,2026-09-29 18:00:00
-5.716900,-78.707700,GOES-19,2026-09-29 18:00:00
-6.574400,-75.535300,GOES-19,2026-09-29 18:00:00
-8.300900,-75.227900,GOES-19,2026-09-29 18:00:00
-8.300900,-74.735600,GOES-19,2026-09-29 18:00:00
-8.319300,-74.735600,GOES-19,2026-09-29 18:00:00
-9.224400,-73.692400,GOES-19,2026-09-29 18:00:00
-14.314800,-63.773400,GOES-19,2026-09-29 18:00:00
-15.589900,-61.090200,GOES-19,2026-09-29 18:00:00
-15.609000,-61.108400,GOES-19,2026-09-29 18:00:00
-15.609200,-61.088600,GOES-19,2026-09-29 18:00:00
-16.082000,-63.911800,GOES-19,2026-09-29 18:00:00
-16.082200,-63.892300,GOES-19,2026-09-29 18:00:00
-16.101300,-63.910500,GOES-19,2026-09-29 18:00:00
-16.377600,-63.403900,GOES-19,2026-09-29 18:00:00
-16.415800,-61.672800,GOES-19,2026-09-29 18:00:00
-16.596200,-61.222100,GOES-19,2026-09-29 18:00:00
-16.842500,-61.795000,GOES-19,2026-09-29 18:00:00
-16.842700,-61.775200,GOES-19,2026-09-29 18:00:00
-16.862000,-61.793300,GOES-19,2026-09-29 18:00:00
-16.862200,-61.773500,GOES-19,2026-09-29 18:00:00
-16.882000,-61.752000,GOES-19,2026-09-29 18:00:00
-17.293600,-60.120200,GOES-19,2026-09-29 18:00:00
-17.295200,-59.999600,GOES-19,2026-09-29 18:00:00
-20.650100,-59.088700,GOES-19,2026-09-29 18:00:00
-20.650800,-59.047200,GOES-19,2026-09-29 18:00:00
-20.671000,-59.044600,GOES-19,2026-09-29 18:00:00
-20.690900,-59.062800,GOES-19,2026-09-29 18:00:00
-8.361700,-45.401300,GOES-19,2026-09-29 18:00:00
-9.434400,-41.811300,GOES-19,2026-09-29 18:00:00
-9.453500,-41.808800,GOES-19,2026-09-29 18:00:00
-11.275800,-43.530300,GOES-19,2026-09-29 18:00:00
-11.374300,-43.373400,GOES-19,2026-09-29 18:00:00
-11.392200,-43.441700,GOES-19,2026-09-29 18:00:00
-11.411900,-43.415000,GOES-19,2026-09-29 18:00:00
-11.449500,-43.456600,GOES-19,2026-09-29 18:00:00
-11.621200,-43.501100,GOES-19,2026-09-29 18:00:00
-11.640400,-43.498100,GOES-19,2026-09-29 18:00:00
-12.435100,-44.149700,GOES-19,2026-09-29 18:00:00
-12.453900,-44.170200,GOES-19,2026-09-29 18:00:00
-13.326700,-43.952300,GOES-19,2026-09-29 18:00:00
1.656600,-55.903000,GOES-19,2026-09-29 18:00:00
-0.488900,-49.132700,GOES-19,2026-09-29 18:00:00
-1.023800,-49.234800,GOES-19,2026-09-29 18:00:00
-7.016600,-44.618400,GOES-19,2026-09-29 18:00:00
-6.979500,-71.755000,GOES-19,2026-09-29 18:00:00
-7.235600,-72.463100,GOES-19,2026-09-29 18:00:00
-7.861300,-71.765400,GOES-19,2026-09-29 18:00:00
-9.959500,-50.143100,GOES-19,2026-09-29 18:00:00
-9.995600,-50.267500,GOES-19,2026-09-29 18:00:00
-10.206700,-49.989800,GOES-19,2026-09-29 18:00:00
-10.207000,-49.968400,GOES-19,2026-09-29 18:00:00
-10.650500,-50.712300,GOES-19,2026-09-29 18:00:00
-10.705600,-50.834100,GOES-19,2026-09-29 18:00:00
-10.885100,-50.153900,GOES-19,2026-09-29 18:00:00
-10.894400,-50.856900,GOES-19,2026-09-29 18:00:00
-10.915400,-50.705900,GOES-19,2026-09-29 18:00:00
-10.934900,-50.661200,GOES-19,2026-09-29 18:00:00
-10.991500,-50.676500,GOES-19,2026-09-29 18:00:00
-11.010100,-50.695800,GOES-19,2026-09-29 18:00:00
-11.479100,-49.743000,GOES-19,2026-09-29 18:00:00
-11.866900,-50.514700,GOES-19,2026-09-29 18:00:00
-11.903400,-50.617500,GOES-19,2026-09-29 18:00:00
-11.903700,-50.596100,GOES-19,2026-09-29 18:00:00
-12.270600,-50.273500,GOES-19,2026-09-29 18:00:00
-12.607800,-47.265300,GOES-19,2026-09-29 18:00:00
3.826100,-59.436500,GOES-19,2026-09-29 17:50:00
2.221100,-75.693700,GOES-19,2026-09-29 17:50:00
2.095900,-56.054600,GOES-19,2026-09-29 17:50:00
1.876200,-55.998700,GOES-19,2026-09-29 17:50:00
-5.935700,-78.182500,GOES-19,2026-09-29 17:50:00
-6.666500,-76.751900,GOES-19,2026-09-29 17:50:00
-6.977500,-75.190700,GOES-19,2026-09-29 17:50:00
-6.995900,-75.190700,GOES-19,2026-09-29 17:50:00
-7.436800,-76.500600,GOES-19,2026-09-29 17:50:00
-7.436700,-76.482400,GOES-19,2026-09-29 17:50:00
-8.282500,-75.209600,GOES-19,2026-09-29 17:50:00
-8.300900,-75.227900,GOES-19,2026-09-29 17:50:00
-8.300900,-75.209700,GOES-19,2026-09-29 17:50:00
-8.300900,-74.735600,GOES-19,2026-09-29 17:50:00
-9.205900,-73.710800,GOES-19,2026-09-29 17:50:00
-9.205900,-73.692500,GOES-19,2026-09-29 17:50:00
-9.224400,-73.692400,GOES-19,2026-09-29 17:50:00
-9.242900,-73.710600,GOES-19,2026-09-29 17:50:00
-15.280200,-61.194300,GOES-19,2026-09-29 17:50:00
-15.415000,-61.203100,GOES-19,2026-09-29 17:50:00
-15.415400,-61.163700,GOES-19,2026-09-29 17:50:00
-15.609000,-61.108400,GOES-19,2026-09-29 17:50:00
-15.702100,-61.416100,GOES-19,2026-09-29 17:50:00
-15.702700,-61.356900,GOES-19,2026-09-29 17:50:00
-15.722300,-61.335600,GOES-19,2026-09-29 17:50:00
-15.894900,-61.459400,GOES-19,2026-09-29 17:50:00
-16.415600,-61.692500,GOES-19,2026-09-29 17:50:00
-16.842500,-61.795000,GOES-19,2026-09-29 17:50:00
-17.275300,-60.021600,GOES-19,2026-09-29 17:50:00
-17.294700,-60.039800,GOES-19,2026-09-29 17:50:00
-17.296900,-61.358400,GOES-19,2026-09-29 17:50:00
-17.314300,-60.037800,GOES-19,2026-09-29 17:50:00
-17.469300,-60.162900,GOES-19,2026-09-29 17:50:00
-18.408600,-62.054300,GOES-19,2026-09-29 17:50:00
-19.943100,-58.040800,GOES-19,2026-09-29 17:50:00
-20.650400,-59.068000,GOES-19,2026-09-29 17:50:00
-20.690900,-59.062800,GOES-19,2026-09-29 17:50:00
-21.579700,-58.233900,GOES-19,2026-09-29 17:50:00
-8.016600,-42.868100,GOES-19,2026-09-29 17:50:00
-8.548900,-44.050200,GOES-19,2026-09-29 17:50:00
-11.256600,-43.533100,GOES-19,2026-09-29 17:50:00
-11.374300,-43.373400,GOES-19,2026-09-29 17:50:00
-11.392200,-43.441700,GOES-19,2026-09-29 17:50:00
-11.411900,-43.415000,GOES-19,2026-09-29 17:50:00
-11.621200,-43.501100,GOES-19,2026-09-29 17:50:00
-11.640400,-43.498100,GOES-19,2026-09-29 17:50:00
-12.435100,-44.149700,GOES-19,2026-09-29 17:50:00
-13.326700,-43.952300,GOES-19,2026-09-29 17:50:00
-14.091500,-46.309600,GOES-19,2026-09-29 17:50:00
-14.516800,-48.295800,GOES-19,2026-09-29 17:50:00
-0.488900,-49.132700,GOES-19,2026-09-29 17:50:00
-0.821000,-49.130400,GOES-19,2026-09-29 17:50:00
-9.959500,-50.143100,GOES-19,2026-09-29 17:50:00
-9.977000,-50.248000,GOES-19,2026-09-29 17:50:00
-9.995600,-50.267500,GOES-19,2026-09-29 17:50:00
-10.206700,-49.989800,GOES-19,2026-09-29 17:50:00
-10.650500,-50.712300,GOES-19,2026-09-29 17:50:00
-10.689200,-50.644500,GOES-19,2026-09-29 17:50:00
-10.885100,-50.153900,GOES-19,2026-09-29 17:50:00
-10.894400,-50.856900,GOES-19,2026-09-29 17:50:00
-10.896700,-50.686600,GOES-19,2026-09-29 17:50:00
-10.953800,-50.659200,GOES-19,2026-09-29 17:50:00
-11.117800,-51.130400,GOES-19,2026-09-29 17:50:00
-11.136400,-51.149600,GOES-19,2026-09-29 17:50:00
-11.713500,-50.596600,GOES-19,2026-09-29 17:50:00
-11.904000,-50.574600,GOES-19,2026-09-29 17:50:00
-11.922400,-50.615300,GOES-19,2026-09-29 17:50:00
-11.923100,-50.572400,GOES-19,2026-09-29 17:50:00
-11.941800,-50.591600,GOES-19,2026-09-29 17:50:00
-11.993900,-50.927300,GOES-19,2026-09-29 17:50:00
-12.061800,-50.212700,GOES-19,2026-09-29 17:50:00
-12.118500,-50.248900,GOES-19,2026-09-29 17:50:00
-12.270600,-50.273500,GOES-19,2026-09-29 17:50:00
-12.289400,-50.292700,GOES-19,2026-09-29 17:50:00
-12.289700,-50.271200,GOES-19,2026-09-29 17:50:00
-12.607800,-47.265300,GOES-19,2026-09-29 17:50:00
8.000600,-62.956500,GOES-19,2026-09-29 17:40:00
3.882400,-59.013100,GOES-19,2026-09-29 17:40:00
3.624200,-59.632300,GOES-19,2026-09-29 17:40:00
-5.607300,-78.688700,GOES-19,2026-09-29 17:40:00
-6.995900,-75.190700,GOES-19,2026-09-29 17:40:00
-7.436800,-76.500600,GOES-19,2026-09-29 17:40:00
-8.135100,-75.082000,GOES-19,2026-09-29 17:40:00
-8.190400,-75.264300,GOES-19,2026-09-29 17:40:00
-8.190400,-74.990900,GOES-19,2026-09-29 17:40:00
-8.282500,-75.209600,GOES-19,2026-09-29 17:40:00
-8.300900,-75.227900,GOES-19,2026-09-29 17:40:00
-8.300900,-75.209700,GOES-19,2026-09-29 17:40:00
-8.300900,-74.735600,GOES-19,2026-09-29 17:40:00
-8.319300,-74.735600,GOES-19,2026-09-29 17:40:00
-9.205900,-73.710800,GOES-19,2026-09-29 17:40:00
-9.205900,-73.692500,GOES-19,2026-09-29 17:40:00
-9.224400,-73.710700,GOES-19,2026-09-29 17:40:00
-9.224400,-73.692400,GOES-19,2026-09-29 17:40:00
-9.298000,-75.192000,GOES-19,2026-09-29 17:40:00
-15.105300,-65.439300,GOES-19,2026-09-29 17:40:00
-15.452200,-61.318200,GOES-19,2026-09-29 17:40:00
-15.471500,-61.316600,GOES-19,2026-09-29 17:40:00
-16.596200,-61.222100,GOES-19,2026-09-29 17:40:00
-16.900500,-61.829600,GOES-19,2026-09-29 17:40:00
-17.489000,-60.161000,GOES-19,2026-09-29 17:40:00
-18.388900,-62.056100,GOES-19,2026-09-29 17:40:00
-20.650800,-59.047200,GOES-19,2026-09-29 17:40:00
-20.670700,-59.065400,GOES-19,2026-09-29 17:40:00
-20.671000,-59.044600,GOES-19,2026-09-29 17:40:00
-10.705600,-50.834100,GOES-19,2026-09-29 17:40:00
-12.366900,-50.218700,GOES-19,2026-09-29 17:40:00
-11.699000,-43.441600,GOES-19,2026-09-29 17:40:00
1.675000,-55.902800,GOES-19,2026-09-29 17:40:00
-8.320800,-44.167900,GOES-19,2026-09-29 17:40:00
-11.117800,-51.130400,GOES-19,2026-09-29 17:40:00
-12.012900,-50.925100,GOES-19,2026-09-29 17:40:00
-8.026200,-72.329800,GOES-19,2026-09-29 17:40:00
2.108200,-50.879200,GOES-19,2026-09-29 17:40:00
-11.903700,-50.596100,GOES-19,2026-09-29 17:40:00
-12.270300,-50.295100,GOES-19,2026-09-29 17:40:00
-11.866900,-50.514700,GOES-19,2026-09-29 17:40:00
-12.367900,-50.153900,GOES-19,2026-09-29 17:40:00
-11.640400,-43.498100,GOES-19,2026-09-29 17:40:00
-11.940200,-50.698700,GOES-19,2026-09-29 17:40:00
-12.061800,-50.212700,GOES-19,2026-09-29 17:40:00
-11.751000,-50.635100,GOES-19,2026-09-29 17:40:00
-10.650500,-50.712300,GOES-19,2026-09-29 17:40:00
-9.939600,-50.230400,GOES-19,2026-09-29 17:40:00
2.108200,-50.858300,GOES-19,2026-09-29 17:40:00
-11.373000,-43.444600,GOES-19,2026-09-29 17:40:00
-10.877700,-50.688600,GOES-19,2026-09-29 17:40:00
-11.959600,-50.675100,GOES-19,2026-09-29 17:40:00
-11.903400,-50.617500,GOES-19,2026-09-29 17:40:00
-9.959500,-50.143100,GOES-19,2026-09-29 17:40:00
-12.435100,-44.149700,GOES-19,2026-09-29 17:40:00
-11.809700,-50.521400,GOES-19,2026-09-29 17:40:00
-10.896700,-50.686600,GOES-19,2026-09-29 17:40:00
-10.885100,-50.153900,GOES-19,2026-09-29 17:40:00
1.622400,-75.621400,GOES-19,2026-09-29 17:30:00
2.257500,-73.423000,GOES-19,2026-09-29 17:30:00
1.967100,-74.054100,GOES-19,2026-09-29 17:30:00
1.949500,-56.017300,GOES-19,2026-09-29 17:30:00
-7.473600,-76.609900,GOES-19,2026-09-29 17:30:00
-8.190400,-75.264300,GOES-19,2026-09-29 17:30:00
-8.300900,-75.209700,GOES-19,2026-09-29 17:30:00
-8.300900,-74.735600,GOES-19,2026-09-29 17:30:00
-8.374900,-73.896600,GOES-19,2026-09-29 17:30:00
-20.650800,-59.047200,GOES-19,2026-09-29 17:30:00
-10.705600,-50.834100,GOES-19,2026-09-29 17:30:00
-12.080600,-50.232000,GOES-19,2026-09-29 17:30:00
1.924000,-50.841100,GOES-19,2026-09-29 17:30:00
-11.117800,-51.130400,GOES-19,2026-09-29 17:30:00
-8.026200,-72.329800,GOES-19,2026-09-29 17:30:00
-11.996400,-50.756300,GOES-19,2026-09-29 17:30:00
-11.136400,-51.149600,GOES-19,2026-09-29 17:30:00
-11.866200,-50.557600,GOES-19,2026-09-29 17:30:00
-12.061200,-50.255800,GOES-19,2026-09-29 17:30:00
-10.225400,-50.009300,GOES-19,2026-09-29 17:30:00
-15.399800,-47.926100,GOES-19,2026-09-29 17:30:00
-11.885300,-50.555400,GOES-19,2026-09-29 17:30:00
-11.866900,-50.514700,GOES-19,2026-09-29 17:30:00
-12.155700,-50.308900,GOES-19,2026-09-29 17:30:00
2.126600,-50.878800,GOES-19,2026-09-29 17:30:00
2.108200,-50.858300,GOES-19,2026-09-29 17:30:00
-9.958200,-50.249900,GOES-19,2026-09-29 17:30:00
-11.135900,-51.192000,GOES-19,2026-09-29 17:30:00
-9.959500,-50.143100,GOES-19,2026-09-29 17:30:00
-12.435100,-44.149700,GOES-19,2026-09-29 17:30:00
-20.837300,-57.689100,GOES-19,2026-09-29 17:30:00
-12.174700,-50.306600,GOES-19,2026-09-29 17:30:00
-11.782800,-51.057800,GOES-19,2026-09-29 17:30:00
-11.847200,-50.559800,GOES-19,2026-09-29 17:30:00
3.882400,-59.013100,GOES-19,2026-09-29 17:20:00
1.967100,-74.054100,GOES-19,2026-09-29 17:20:00
-8.190400,-75.264300,GOES-19,2026-09-29 17:20:00
-8.319300,-74.808600,GOES-19,2026-09-29 17:20:00
-16.596200,-61.222100,GOES-19,2026-09-29 17:20:00
-11.117800,-51.130400,GOES-19,2026-09-29 17:20:00
-11.904700,-50.531700,GOES-19,2026-09-29 17:20:00
2.108200,-50.879200,GOES-19,2026-09-29 17:20:00
-11.136400,-51.149600,GOES-19,2026-09-29 17:20:00
-15.399800,-47.926100,GOES-19,2026-09-29 17:20:00
-11.885300,-50.555400,GOES-19,2026-09-29 17:20:00
-1.430300,-48.910200,GOES-19,2026-09-29 17:20:00
2.126600,-50.878800,GOES-19,2026-09-29 17:20:00
2.108200,-50.858300,GOES-19,2026-09-29 17:20:00
-11.782800,-51.057800,GOES-19,2026-09-29 17:20:00